method,scope,image_index,sample_id,n_pairs,l_correct,j_correct,l_correct_j_wrong,l_wrong_j_correct,both_correct,both_wrong,l_tie,j_tie,l_correct_rate,j_correct_rate,l_correct_j_wrong_rate,l_wrong_j_correct_rate
A1,image,0,02/test/ko/0000.png,4096,3471,3448,49,26,3422,599,0,0,0.847412109375,0.841796875,0.011962890625,0.00634765625
A1,image,1,02/test/ko/0001.png,4096,3638,3614,49,25,3589,433,0,0,0.88818359375,0.88232421875,0.011962890625,0.006103515625
A1,image,2,02/test/ko/0002.png,4096,3645,3612,72,39,3573,412,0,0,0.889892578125,0.8818359375,0.017578125,0.009521484375
A1,image,3,02/test/ko/0003.png,4032,3425,3424,45,44,3380,563,0,0,0.8494543650793651,0.8492063492063492,0.011160714285714286,0.010912698412698412
A1,image,4,02/test/ko/0004.png,4096,3613,3633,8,28,3605,455,0,0,0.882080078125,0.886962890625,0.001953125,0.0068359375
A1,image,5,02/test/ko/0005.png,4096,3173,3166,47,40,3126,883,0,0,0.774658203125,0.77294921875,0.011474609375,0.009765625
A1,image,6,02/test/ko/0006.png,4096,3424,3447,18,41,3406,631,0,0,0.8359375,0.841552734375,0.00439453125,0.010009765625
A1,image,7,02/test/ko/0007.png,4096,3571,3562,32,23,3539,502,0,0,0.871826171875,0.86962890625,0.0078125,0.005615234375
A1,image,8,02/test/ko/0008.png,4096,3539,3550,20,31,3519,526,0,0,0.864013671875,0.86669921875,0.0048828125,0.007568359375
A1,image,9,02/test/ko/0009.png,4096,3724,3728,21,25,3703,347,0,0,0.9091796875,0.91015625,0.005126953125,0.006103515625
A1,image,10,02/test/ko/0010.png,4096,3032,2980,82,30,2950,1034,0,0,0.740234375,0.7275390625,0.02001953125,0.00732421875
A1,image,11,02/test/ko/0011.png,1856,1692,1682,41,31,1651,133,0,0,0.9116379310344828,0.90625,0.02209051724137931,0.01670258620689655
A1,image,12,02/test/ko/0012.png,4096,3447,3412,54,19,3393,630,0,0,0.841552734375,0.8330078125,0.01318359375,0.004638671875
A1,image,13,02/test/ko/0013.png,4096,3712,3703,38,29,3674,355,0,0,0.90625,0.904052734375,0.00927734375,0.007080078125
A1,image,14,02/test/ko/0014.png,4096,2940,2948,31,39,2909,1117,0,0,0.7177734375,0.7197265625,0.007568359375,0.009521484375
A1,image,15,02/test/ko/0015.png,4096,3496,3491,45,40,3451,560,0,0,0.853515625,0.852294921875,0.010986328125,0.009765625
A1,image,16,02/test/ko/0016.png,4096,3645,3607,60,22,3585,429,0,0,0.889892578125,0.880615234375,0.0146484375,0.00537109375
A1,image,17,02/test/ko/0017.png,4096,3708,3688,40,20,3668,368,0,0,0.9052734375,0.900390625,0.009765625,0.0048828125
A1,image,18,02/test/ko/0018.png,4096,3977,3978,11,12,3966,107,0,0,0.970947265625,0.97119140625,0.002685546875,0.0029296875
A1,image,19,02/test/ko/0019.png,1600,1494,1513,5,24,1489,82,0,0,0.93375,0.945625,0.003125,0.015
A1,image,20,02/test/ko/0020.png,3712,3358,3366,2,10,3356,344,0,0,0.9046336206896551,0.9067887931034483,0.0005387931034482759,0.0026939655172413795
A1,image,21,02/test/ko/0021.png,4096,3657,3598,88,29,3569,410,0,0,0.892822265625,0.87841796875,0.021484375,0.007080078125
A1,image,22,02/test/ko/0022.png,4096,3783,3762,34,13,3749,300,0,0,0.923583984375,0.91845703125,0.00830078125,0.003173828125
A1,image,23,02/test/ko/0023.png,4096,3738,3707,61,30,3677,328,0,0,0.91259765625,0.905029296875,0.014892578125,0.00732421875
A1,image,24,02/test/ko/0024.png,4096,3664,3663,25,24,3639,408,0,0,0.89453125,0.894287109375,0.006103515625,0.005859375
A1,image,25,02/test/ko/0025.png,4096,3633,3623,24,14,3609,449,0,0,0.886962890625,0.884521484375,0.005859375,0.00341796875
A1,image,26,02/test/ko/0026.png,4096,3375,3375,28,28,3347,693,0,0,0.823974609375,0.823974609375,0.0068359375,0.0068359375
A1,image,27,02/test/ko/0027.png,256,243,239,4,0,239,13,0,0,0.94921875,0.93359375,0.015625,0.0
A1,image,28,02/test/ko/0028.png,4096,3132,3134,43,45,3089,919,0,0,0.7646484375,0.76513671875,0.010498046875,0.010986328125
A1,image,29,02/test/ko/0029.png,4096,3879,3884,8,13,3871,204,0,0,0.947021484375,0.9482421875,0.001953125,0.003173828125
A1,image,30,02/test/ko/0030.png,4096,3773,3736,48,11,3725,312,0,0,0.921142578125,0.912109375,0.01171875,0.002685546875
A1,image,31,02/test/ko/0031.png,960,901,904,3,6,898,53,0,0,0.9385416666666667,0.9416666666666667,0.003125,0.00625
A1,image,32,02/test/ko/0032.png,4096,3320,3272,63,15,3257,761,0,0,0.810546875,0.798828125,0.015380859375,0.003662109375
A1,image,33,02/test/ko/0033.png,896,838,846,5,13,833,45,0,0,0.9352678571428571,0.9441964285714286,0.005580357142857143,0.014508928571428572
A1,image,34,02/test/ko/0034.png,3008,2848,2852,11,15,2837,145,0,0,0.9468085106382979,0.9481382978723404,0.0036569148936170214,0.004986702127659575
A1,image,35,02/test/ko/0035.png,4096,3743,3753,16,26,3727,327,0,0,0.913818359375,0.916259765625,0.00390625,0.00634765625
A1,image,36,02/test/ko/0036.png,4096,3237,3214,45,22,3192,837,0,0,0.790283203125,0.78466796875,0.010986328125,0.00537109375
A1,image,37,02/test/ko/0037.png,4096,3736,3734,23,21,3713,339,0,0,0.912109375,0.91162109375,0.005615234375,0.005126953125
A1,image,38,02/test/ko/0038.png,4096,3743,3741,27,25,3716,328,0,0,0.913818359375,0.913330078125,0.006591796875,0.006103515625
A1,image,39,02/test/ko/0039.png,4096,3652,3677,25,50,3627,394,0,0,0.8916015625,0.897705078125,0.006103515625,0.01220703125
A1,image,40,02/test/ko/0040.png,4096,3855,3847,17,9,3838,232,0,0,0.941162109375,0.939208984375,0.004150390625,0.002197265625
A1,image,41,02/test/ko/0041.png,4096,3686,3691,19,24,3667,386,0,0,0.89990234375,0.901123046875,0.004638671875,0.005859375
A1,image,42,02/test/ko/0042.png,768,708,692,16,0,692,60,0,0,0.921875,0.9010416666666666,0.020833333333333332,0.0
A1,image,43,02/test/ko/0043.png,4096,3682,3689,30,37,3652,377,0,0,0.89892578125,0.900634765625,0.00732421875,0.009033203125
A1,image,44,02/test/ko/0044.png,4096,3789,3760,46,17,3743,290,0,0,0.925048828125,0.91796875,0.01123046875,0.004150390625
A1,image,45,02/test/ko/0045.png,4096,3079,3081,50,52,3029,965,0,0,0.751708984375,0.752197265625,0.01220703125,0.0126953125
A1,image,46,02/test/ko/0046.png,4096,3271,3278,32,39,3239,786,0,0,0.798583984375,0.80029296875,0.0078125,0.009521484375
A1,image,47,02/test/ko/0047.png,4096,3402,3404,46,48,3356,646,0,0,0.83056640625,0.8310546875,0.01123046875,0.01171875
A1,image,48,02/test/ko/0048.png,4096,3331,3279,70,18,3261,747,0,0,0.813232421875,0.800537109375,0.01708984375,0.00439453125
A1,image,49,02/test/ko/0049.png,4096,3672,3687,13,28,3659,396,0,0,0.896484375,0.900146484375,0.003173828125,0.0068359375
A1,image,50,02/test/ko/0050.png,4096,3581,3530,67,16,3514,499,0,0,0.874267578125,0.86181640625,0.016357421875,0.00390625
A1,image,51,02/test/ko/0051.png,4096,3649,3632,26,9,3623,438,0,0,0.890869140625,0.88671875,0.00634765625,0.002197265625
A1,image,52,02/test/ko/0052.png,4096,3895,3894,19,18,3876,183,0,0,0.950927734375,0.95068359375,0.004638671875,0.00439453125
A1,image,53,02/test/ko/0053.png,4096,3964,3959,18,13,3946,119,0,0,0.9677734375,0.966552734375,0.00439453125,0.003173828125
A1,image,54,02/test/ko/0054.png,3712,3190,3093,108,11,3082,511,0,0,0.859375,0.8332435344827587,0.029094827586206896,0.002963362068965517
A1,image,55,02/test/ko/0055.png,4032,3846,3841,16,11,3830,175,0,0,0.9538690476190477,0.9526289682539683,0.003968253968253968,0.002728174603174603
A1,image,56,02/test/ko/0056.png,4096,3954,3942,19,7,3935,135,0,0,0.96533203125,0.96240234375,0.004638671875,0.001708984375
A1,image,57,02/test/ko/0057.png,4096,3603,3585,44,26,3559,467,0,0,0.879638671875,0.875244140625,0.0107421875,0.00634765625
A1,image,58,02/test/ko/0058.png,4096,3545,3521,42,18,3503,533,0,0,0.865478515625,0.859619140625,0.01025390625,0.00439453125
A1,image,59,02/test/ko/0059.png,4096,3887,3887,13,13,3874,196,0,0,0.948974609375,0.948974609375,0.003173828125,0.003173828125
A1,image,60,02/test/ko/0060.png,4096,3785,3751,43,9,3742,302,0,0,0.924072265625,0.915771484375,0.010498046875,0.002197265625
A1,image,61,02/test/ko/0061.png,4096,3636,3647,26,37,3610,423,0,0,0.8876953125,0.890380859375,0.00634765625,0.009033203125
A1,image,62,02/test/ko/0062.png,4096,3954,3946,18,10,3936,132,0,0,0.96533203125,0.96337890625,0.00439453125,0.00244140625
A1,image,63,02/test/ko/0063.png,4096,3407,3413,34,40,3373,649,0,0,0.831787109375,0.833251953125,0.00830078125,0.009765625
A1,image,64,02/test/ko/0064.png,4096,3449,3483,32,66,3417,581,0,0,0.842041015625,0.850341796875,0.0078125,0.01611328125
A1,image,65,02/test/ko/0065.png,3968,3662,3647,36,21,3626,285,0,0,0.922883064516129,0.9191028225806451,0.009072580645161291,0.005292338709677419
A1,image,66,02/test/ko/0066.png,4096,3865,3845,26,6,3839,225,0,0,0.943603515625,0.938720703125,0.00634765625,0.00146484375
A1,image,67,02/test/ko/0067.png,4096,3319,3326,18,25,3301,752,0,0,0.810302734375,0.81201171875,0.00439453125,0.006103515625
A1,image,68,02/test/ko/0068.png,4096,3375,3390,24,39,3351,682,0,0,0.823974609375,0.82763671875,0.005859375,0.009521484375
A1,image,69,02/test/ko/0069.png,4096,3909,3891,24,6,3885,181,0,0,0.954345703125,0.949951171875,0.005859375,0.00146484375
A1,image,70,02/test/ko/0070.png,896,816,811,6,1,810,79,0,0,0.9107142857142857,0.9051339285714286,0.006696428571428571,0.0011160714285714285
A1,image,71,02/test/ko/0071.png,1280,999,990,19,10,980,271,0,0,0.78046875,0.7734375,0.01484375,0.0078125
A1,image,72,02/test/ko/0072.png,4096,3566,3560,30,24,3536,506,0,0,0.87060546875,0.869140625,0.00732421875,0.005859375
A1,image,73,02/test/ko/0073.png,1408,1311,1295,18,2,1293,95,0,0,0.9311079545454546,0.9197443181818182,0.01278409090909091,0.0014204545454545455
A1,image,74,02/test/ko/0074.png,704,691,687,5,1,686,12,0,0,0.9815340909090909,0.9758522727272727,0.007102272727272727,0.0014204545454545455
A1,image,75,02/test/ko/0075.png,4096,3156,3191,32,67,3124,873,0,0,0.7705078125,0.779052734375,0.0078125,0.016357421875
A1,image,76,02/test/ko/0076.png,4096,3831,3813,32,14,3799,251,0,0,0.935302734375,0.930908203125,0.0078125,0.00341796875
A1,image,77,02/test/ko/0077.png,4096,3642,3646,19,23,3623,431,0,0,0.88916015625,0.89013671875,0.004638671875,0.005615234375
A1,image,78,02/test/ko/0078.png,4096,3769,3763,37,31,3732,296,0,0,0.920166015625,0.918701171875,0.009033203125,0.007568359375
A1,image,79,02/test/ko/0079.png,4096,3854,3843,30,19,3824,223,0,0,0.94091796875,0.938232421875,0.00732421875,0.004638671875
A1,image,80,02/test/ko/0080.png,2112,1858,1826,54,22,1804,232,0,0,0.8797348484848485,0.8645833333333334,0.02556818181818182,0.010416666666666666
A1,image,81,02/test/ko/0081.png,1152,1085,1088,0,3,1085,64,0,0,0.9418402777777778,0.9444444444444444,0.0,0.0026041666666666665
A1,image,82,02/test/ko/0082.png,640,529,529,11,11,518,100,0,0,0.8265625,0.8265625,0.0171875,0.0171875
A1,image,83,02/test/ko/0083.png,960,939,950,0,11,939,10,0,0,0.978125,0.9895833333333334,0.0,0.011458333333333333
A1,image,84,02/test/ko/0084.png,320,309,310,2,3,307,8,0,0,0.965625,0.96875,0.00625,0.009375
A1,image,85,02/test/ko/0085.png,1664,1428,1410,31,13,1397,223,0,0,0.8581730769230769,0.8473557692307693,0.018629807692307692,0.0078125
A1,image,86,02/test/ko/0086.png,640,640,639,1,0,639,0,0,0,1.0,0.9984375,0.0015625,0.0
A1,image,87,02/test/ko/0087.png,4096,2758,2780,130,152,2628,1186,0,0,0.67333984375,0.6787109375,0.03173828125,0.037109375
A1,image,88,02/test/ko/0088.png,320,258,227,32,1,226,61,0,0,0.80625,0.709375,0.1,0.003125
A1,image,89,02/test/ko/0089.png,576,495,465,36,6,459,75,0,0,0.859375,0.8072916666666666,0.0625,0.010416666666666666
A1,image,90,02/test/ko/0090.png,320,316,316,2,2,314,2,0,0,0.9875,0.9875,0.00625,0.00625
A1,image,91,02/test/ko/0091.png,640,634,632,2,0,632,6,0,0,0.990625,0.9875,0.003125,0.0
A1,image,92,02/test/ko/0092.png,320,314,315,1,2,313,4,0,0,0.98125,0.984375,0.003125,0.00625
A1,image,93,02/test/ko/0093.png,512,460,450,13,3,447,49,0,0,0.8984375,0.87890625,0.025390625,0.005859375
A1,image,94,02/test/ko/0094.png,1152,1093,1101,3,11,1090,48,0,0,0.9487847222222222,0.9557291666666666,0.0026041666666666665,0.009548611111111112
A1,image,95,02/test/ko/0095.png,256,255,253,2,0,253,1,0,0,0.99609375,0.98828125,0.0078125,0.0
A1,image,96,02/test/ko/0096.png,960,802,761,51,10,751,148,0,0,0.8354166666666667,0.7927083333333333,0.053125,0.010416666666666666
A1,image,97,02/test/ko/0097.png,320,243,228,15,0,228,77,0,0,0.759375,0.7125,0.046875,0.0
A1,image,98,02/test/ko/0098.png,256,256,256,0,0,256,0,0,0,1.0,1.0,0.0,0.0
A1,image,99,02/test/ko/0099.png,320,315,311,5,1,310,4,0,0,0.984375,0.971875,0.015625,0.003125
A1,image,100,02/test/ko/0100.png,320,318,318,0,0,318,2,0,0,0.99375,0.99375,0.0,0.0
A1,image,101,02/test/ko/0101.png,320,320,320,0,0,320,0,0,0,1.0,1.0,0.0,0.0
A1,image,102,02/test/ko/0102.png,1024,958,960,10,12,948,54,0,0,0.935546875,0.9375,0.009765625,0.01171875
A1,image,103,02/test/ko/0103.png,1280,744,754,40,50,704,486,0,0,0.58125,0.5890625,0.03125,0.0390625
A1,image,104,02/test/ko/0104.png,320,320,320,0,0,320,0,0,0,1.0,1.0,0.0,0.0
A1,image,105,02/test/ko/0105.png,1536,974,953,92,71,882,491,0,0,0.6341145833333334,0.6204427083333334,0.059895833333333336,0.046223958333333336
A1,image,106,02/test/ko/0106.png,2560,2162,2110,87,35,2075,363,0,0,0.84453125,0.82421875,0.033984375,0.013671875
A1,image,107,02/test/ko/0107.png,896,742,732,15,5,727,149,0,0,0.828125,0.8169642857142857,0.016741071428571428,0.005580357142857143
A1,image,108,02/test/ko/0108.png,1152,719,711,70,62,649,371,0,0,0.6241319444444444,0.6171875,0.06076388888888889,0.05381944444444445
A1,image,109,02/test/ko/0109.png,320,320,320,0,0,320,0,0,0,1.0,1.0,0.0,0.0
A1,image,110,02/test/ko/0110.png,2816,2099,2085,114,100,1985,617,0,0,0.7453835227272727,0.7404119318181818,0.040482954545454544,0.03551136363636364
A1,image,111,02/test/ko/0111.png,576,512,508,7,3,505,61,0,0,0.8888888888888888,0.8819444444444444,0.012152777777777778,0.005208333333333333
A1,image,112,02/test/ko/0112.png,256,247,237,10,0,237,9,0,0,0.96484375,0.92578125,0.0390625,0.0
A1,image,113,02/test/ko/0113.png,768,729,711,19,1,710,38,0,0,0.94921875,0.92578125,0.024739583333333332,0.0013020833333333333
A1,image,114,02/test/ko/0114.png,2048,1540,1534,79,73,1461,435,0,0,0.751953125,0.7490234375,0.03857421875,0.03564453125
A1,image,115,02/test/ko/0115.png,512,447,452,1,6,446,59,0,0,0.873046875,0.8828125,0.001953125,0.01171875
A1,image,116,02/test/ko/0116.png,576,384,351,37,4,347,188,0,0,0.6666666666666666,0.609375,0.0642361111111111,0.006944444444444444
A1,image,117,02/test/ko/0117.png,832,756,741,23,8,733,68,0,0,0.9086538461538461,0.890625,0.027644230769230768,0.009615384615384616
A1,image,118,02/test/ko/0118.png,384,367,360,7,0,360,17,0,0,0.9557291666666666,0.9375,0.018229166666666668,0.0
A1,image,119,02/test/ko/0119.png,320,247,222,31,6,216,67,0,0,0.771875,0.69375,0.096875,0.01875
A1,image,120,02/test/ko/0120.png,256,256,256,0,0,256,0,0,0,1.0,1.0,0.0,0.0
A1,image,121,02/test/ko/0121.png,1792,1284,1264,87,67,1197,441,0,0,0.7165178571428571,0.7053571428571429,0.048549107142857144,0.037388392857142856
A1,image,122,02/test/ko/0122.png,320,198,193,12,7,186,115,0,0,0.61875,0.603125,0.0375,0.021875
A1,image,123,02/test/ko/0123.png,256,206,212,1,7,205,43,0,0,0.8046875,0.828125,0.00390625,0.02734375
A1,image,124,02/test/ko/0124.png,1280,1154,1150,16,12,1138,114,0,0,0.9015625,0.8984375,0.0125,0.009375
A1,image,125,02/test/ko/0125.png,192,192,186,6,0,186,0,0,0,1.0,0.96875,0.03125,0.0
A1,image,126,02/test/ko/0126.png,1536,1350,1313,49,12,1301,174,0,0,0.87890625,0.8548177083333334,0.031901041666666664,0.0078125
A1,image,127,02/test/ko/0127.png,320,298,282,17,1,281,21,0,0,0.93125,0.88125,0.053125,0.003125
A1,image,128,02/test/ko/0128.png,2880,2194,2242,73,121,2121,565,0,0,0.7618055555555555,0.7784722222222222,0.025347222222222222,0.04201388888888889
A1,image,129,02/test/ko/0129.png,384,373,370,3,0,370,11,0,0,0.9713541666666666,0.9635416666666666,0.0078125,0.0
A1,image,130,02/test/ko/0130.png,256,205,209,4,8,201,43,0,0,0.80078125,0.81640625,0.015625,0.03125
A1,image,131,02/test/ko/0131.png,256,256,250,6,0,250,0,0,0,1.0,0.9765625,0.0234375,0.0
A1,image,132,02/test/ko/0132.png,1920,1392,1392,93,93,1299,435,0,0,0.725,0.725,0.0484375,0.0484375
A1,image,133,02/test/ko/0133.png,1024,752,720,53,21,699,251,0,0,0.734375,0.703125,0.0517578125,0.0205078125
A1,image,134,02/test/ko/0134.png,1024,895,867,31,3,864,126,0,0,0.8740234375,0.8466796875,0.0302734375,0.0029296875
A1,image,135,02/test/ko/0135.png,512,480,467,15,2,465,30,0,0,0.9375,0.912109375,0.029296875,0.00390625
A1,image,136,02/test/ko/0136.png,320,317,316,1,0,316,3,0,0,0.990625,0.9875,0.003125,0.0
A1,image,137,02/test/ko/0137.png,320,278,257,24,3,254,39,0,0,0.86875,0.803125,0.075,0.009375
A1,image,138,02/test/ko/0138.png,320,319,320,0,1,319,0,0,0,0.996875,1.0,0.0,0.003125
A1,image,139,02/test/ko/0139.png,256,256,254,2,0,254,0,0,0,1.0,0.9921875,0.0078125,0.0
A1,image,140,02/test/ko/0140.png,576,576,576,0,0,576,0,0,0,1.0,1.0,0.0,0.0
A1,image,141,02/test/ko/0141.png,640,471,407,66,2,405,167,0,0,0.7359375,0.6359375,0.103125,0.003125
A1,image,142,02/test/ko/0142.png,768,610,598,40,28,570,130,0,0,0.7942708333333334,0.7786458333333334,0.052083333333333336,0.036458333333333336
A1,image,143,02/test/ko/0143.png,512,512,512,0,0,512,0,0,0,1.0,1.0,0.0,0.0
A1,image,144,02/test/ko/0144.png,320,299,295,10,6,289,15,0,0,0.934375,0.921875,0.03125,0.01875
A1,image,145,02/test/ko/0145.png,0,0,0,0,0,0,0,0,0,,,,
A1,image,146,02/test/ko/0146.png,256,251,250,3,2,248,3,0,0,0.98046875,0.9765625,0.01171875,0.0078125
A1,image,147,02/test/ko/0147.png,512,357,329,35,7,322,148,0,0,0.697265625,0.642578125,0.068359375,0.013671875
A1,image,148,02/test/ko/0148.png,384,370,368,5,3,365,11,0,0,0.9635416666666666,0.9583333333333334,0.013020833333333334,0.0078125
A1,image,149,02/test/ko/0149.png,320,268,267,14,13,254,39,0,0,0.8375,0.834375,0.04375,0.040625
A1,image,150,02/test/ko/0150.png,768,475,516,25,66,450,227,0,0,0.6184895833333334,0.671875,0.032552083333333336,0.0859375
A1,image,151,02/test/ko/0151.png,320,253,244,17,8,236,59,0,0,0.790625,0.7625,0.053125,0.025
A1,image,152,02/test/ko/0152.png,640,452,441,17,6,435,182,0,0,0.70625,0.6890625,0.0265625,0.009375
A1,image,153,02/test/ko/0153.png,2048,1742,1755,53,66,1689,240,0,0,0.8505859375,0.85693359375,0.02587890625,0.0322265625
A1,image,154,02/test/ko/0154.png,256,210,194,16,0,194,46,0,0,0.8203125,0.7578125,0.0625,0.0
A1,image,155,02/test/ko/0155.png,896,703,681,47,25,656,168,0,0,0.7845982142857143,0.7600446428571429,0.052455357142857144,0.027901785714285716
A1,image,156,02/test/ko/0156.png,384,362,349,14,1,348,21,0,0,0.9427083333333334,0.9088541666666666,0.036458333333333336,0.0026041666666666665
A1,image,157,02/test/ko/0157.png,256,204,216,0,12,204,40,0,0,0.796875,0.84375,0.0,0.046875
A1,image,158,02/test/ko/0158.png,320,224,215,11,2,213,94,0,0,0.7,0.671875,0.034375,0.00625
A1,image,159,02/test/ko/0159.png,320,218,241,11,34,207,68,0,0,0.68125,0.753125,0.034375,0.10625
A1,image,160,02/test/ko/0160.png,320,320,320,0,0,320,0,0,0,1.0,1.0,0.0,0.0
A1,image,161,02/test/ko/0161.png,256,252,248,4,0,248,4,0,0,0.984375,0.96875,0.015625,0.0
A1,image,162,02/test/ko/0162.png,896,677,651,40,14,637,205,0,0,0.7555803571428571,0.7265625,0.044642857142857144,0.015625
A1,image,163,02/test/ko/0163.png,320,318,319,0,1,318,1,0,0,0.99375,0.996875,0.0,0.003125
A1,image,164,02/test/ko/0164.png,448,411,411,5,5,406,32,0,0,0.9174107142857143,0.9174107142857143,0.011160714285714286,0.011160714285714286
A1,image,165,02/test/ko/0165.png,1024,812,753,78,19,734,193,0,0,0.79296875,0.7353515625,0.076171875,0.0185546875
A1,image,166,02/test/ko/0166.png,448,379,394,7,22,372,47,0,0,0.8459821428571429,0.8794642857142857,0.015625,0.049107142857142856
A1,image,167,02/test/ko/0167.png,384,381,382,0,1,381,2,0,0,0.9921875,0.9947916666666666,0.0,0.0026041666666666665
A1,image,168,02/test/ko/0168.png,512,490,494,5,9,485,13,0,0,0.95703125,0.96484375,0.009765625,0.017578125
A1,image,169,02/test/ko/0169.png,192,156,142,14,0,142,36,0,0,0.8125,0.7395833333333334,0.07291666666666667,0.0
A1,image,170,02/test/ko/0170.png,512,431,427,10,6,421,75,0,0,0.841796875,0.833984375,0.01953125,0.01171875
A1,image,171,02/test/ko/0171.png,512,491,474,20,3,471,18,0,0,0.958984375,0.92578125,0.0390625,0.005859375
A1,image,172,02/test/ko/0172.png,448,283,295,22,34,261,131,0,0,0.6316964285714286,0.6584821428571429,0.049107142857142856,0.07589285714285714
A1,image,173,02/test/ko/0173.png,192,162,151,12,1,150,29,0,0,0.84375,0.7864583333333334,0.0625,0.005208333333333333
A1,image,174,02/test/ko/0174.png,1344,1308,1292,16,0,1292,36,0,0,0.9732142857142857,0.9613095238095238,0.011904761904761904,0.0
A1,image,175,02/test/ko/0175.png,192,127,135,2,10,125,55,0,0,0.6614583333333334,0.703125,0.010416666666666666,0.052083333333333336
A1,image,176,02/test/ko/0176.png,320,314,307,8,1,306,5,0,0,0.98125,0.959375,0.025,0.003125
A1,image,177,02/test/ko/0177.png,3136,1446,1363,246,163,1200,1527,0,0,0.4610969387755102,0.4346301020408163,0.0784438775510204,0.05197704081632653
A1,image,178,02/test/ko/0178.png,256,256,251,5,0,251,0,0,0,1.0,0.98046875,0.01953125,0.0
A1,image,179,02/test/ko/0179.png,256,241,238,4,1,237,14,0,0,0.94140625,0.9296875,0.015625,0.00390625
A1,image,180,02/test/ko/0180.png,384,363,373,4,14,359,7,0,0,0.9453125,0.9713541666666666,0.010416666666666666,0.036458333333333336
A1,image,181,02/test/ko/0181.png,768,618,616,17,15,601,135,0,0,0.8046875,0.8020833333333334,0.022135416666666668,0.01953125
A1,image,182,02/test/ko/0182.png,384,316,320,20,24,296,44,0,0,0.8229166666666666,0.8333333333333334,0.052083333333333336,0.0625
A1,image,183,02/test/ko/0183.png,256,244,241,4,1,240,11,0,0,0.953125,0.94140625,0.015625,0.00390625
A1,image,184,02/test/ko/0184.png,512,481,464,17,0,464,31,0,0,0.939453125,0.90625,0.033203125,0.0
A1,image,185,02/test/ko/0185.png,448,446,438,8,0,438,2,0,0,0.9955357142857143,0.9776785714285714,0.017857142857142856,0.0
A1,image,186,02/test/ko/0186.png,320,273,262,14,3,259,44,0,0,0.853125,0.81875,0.04375,0.009375
A1,image,187,02/test/ko/0187.png,896,625,659,25,59,600,212,0,0,0.6975446428571429,0.7354910714285714,0.027901785714285716,0.06584821428571429
A1,image,188,02/test/ko/0188.png,4096,3416,3422,108,114,3308,566,0,0,0.833984375,0.83544921875,0.0263671875,0.02783203125
A1,image,189,02/test/ko/0189.png,4096,3468,3467,53,52,3415,576,0,0,0.8466796875,0.846435546875,0.012939453125,0.0126953125
A1,image,190,02/test/ko/0190.png,4096,3529,3520,33,24,3496,543,0,0,0.861572265625,0.859375,0.008056640625,0.005859375
A1,image,191,02/test/ko/0191.png,4096,3587,3578,50,41,3537,468,0,0,0.875732421875,0.87353515625,0.01220703125,0.010009765625
A1,image,192,02/test/ko/0192.png,1536,1505,1508,0,3,1505,28,0,0,0.9798177083333334,0.9817708333333334,0.0,0.001953125
A1,image,193,02/test/ko/0193.png,4096,3320,3336,32,48,3288,728,0,0,0.810546875,0.814453125,0.0078125,0.01171875
A1,image,194,02/test/ko/0194.png,4096,3896,3909,14,27,3882,173,0,0,0.951171875,0.954345703125,0.00341796875,0.006591796875
A1,image,195,02/test/ko/0195.png,3072,2919,2894,36,11,2883,142,0,0,0.9501953125,0.9420572916666666,0.01171875,0.0035807291666666665
A1,image,196,02/test/ko/0196.png,704,594,601,1,8,593,102,0,0,0.84375,0.8536931818181818,0.0014204545454545455,0.011363636363636364
A1,image,197,02/test/ko/0197.png,4096,3428,3439,32,43,3396,625,0,0,0.8369140625,0.839599609375,0.0078125,0.010498046875
A1,image,198,02/test/ko/0198.png,4096,3759,3765,18,24,3741,313,0,0,0.917724609375,0.919189453125,0.00439453125,0.005859375
A1,image,199,02/test/ko/0199.png,4096,3084,3082,35,33,3049,979,0,0,0.7529296875,0.75244140625,0.008544921875,0.008056640625
A1,image,200,02/test/ok/0000.png,0,0,0,0,0,0,0,0,0,,,,
A1,image,201,02/test/ok/0001.png,0,0,0,0,0,0,0,0,0,,,,
A1,image,202,02/test/ok/0002.png,0,0,0,0,0,0,0,0,0,,,,
A1,image,203,02/test/ok/0003.png,0,0,0,0,0,0,0,0,0,,,,
A1,image,204,02/test/ok/0004.png,0,0,0,0,0,0,0,0,0,,,,
A1,image,205,02/test/ok/0005.png,0,0,0,0,0,0,0,0,0,,,,
A1,image,206,02/test/ok/0006.png,0,0,0,0,0,0,0,0,0,,,,
A1,image,207,02/test/ok/0007.png,0,0,0,0,0,0,0,0,0,,,,
A1,image,208,02/test/ok/0008.png,0,0,0,0,0,0,0,0,0,,,,
A1,image,209,02/test/ok/0009.png,0,0,0,0,0,0,0,0,0,,,,
A1,image,210,02/test/ok/0010.png,0,0,0,0,0,0,0,0,0,,,,
A1,image,211,02/test/ok/0011.png,0,0,0,0,0,0,0,0,0,,,,
A1,image,212,02/test/ok/0012.png,0,0,0,0,0,0,0,0,0,,,,
A1,image,213,02/test/ok/0013.png,0,0,0,0,0,0,0,0,0,,,,
A1,image,214,02/test/ok/0014.png,0,0,0,0,0,0,0,0,0,,,,
A1,image,215,02/test/ok/0015.png,0,0,0,0,0,0,0,0,0,,,,
A1,image,216,02/test/ok/0016.png,0,0,0,0,0,0,0,0,0,,,,
A1,image,217,02/test/ok/0017.png,0,0,0,0,0,0,0,0,0,,,,
A1,image,218,02/test/ok/0018.png,0,0,0,0,0,0,0,0,0,,,,
A1,image,219,02/test/ok/0019.png,0,0,0,0,0,0,0,0,0,,,,
A1,image,220,02/test/ok/0020.png,0,0,0,0,0,0,0,0,0,,,,
A1,image,221,02/test/ok/0021.png,0,0,0,0,0,0,0,0,0,,,,
A1,image,222,02/test/ok/0022.png,0,0,0,0,0,0,0,0,0,,,,
A1,image,223,02/test/ok/0023.png,0,0,0,0,0,0,0,0,0,,,,
A1,image,224,02/test/ok/0024.png,0,0,0,0,0,0,0,0,0,,,,
A1,image,225,02/test/ok/0025.png,0,0,0,0,0,0,0,0,0,,,,
A1,image,226,02/test/ok/0026.png,0,0,0,0,0,0,0,0,0,,,,
A1,image,227,02/test/ok/0027.png,0,0,0,0,0,0,0,0,0,,,,
A1,image,228,02/test/ok/0028.png,0,0,0,0,0,0,0,0,0,,,,
A1,image,229,02/test/ok/0029.png,0,0,0,0,0,0,0,0,0,,,,
A1,aggregate,-1,__ALL__,415616,360434,358957,5500,4023,354934,51159,0,0,0.8672284031413613,0.8636746419772098,0.01323336926393594,0.009679608099784416
TRI,image,0,02/test/ko/0000.png,4096,3533,3501,51,19,3482,544,0,0,0.862548828125,0.854736328125,0.012451171875,0.004638671875
TRI,image,1,02/test/ko/0001.png,4096,3701,3695,37,31,3664,364,0,0,0.903564453125,0.902099609375,0.009033203125,0.007568359375
TRI,image,2,02/test/ko/0002.png,4096,3684,3642,82,40,3602,372,0,0,0.8994140625,0.88916015625,0.02001953125,0.009765625
TRI,image,3,02/test/ko/0003.png,4032,3541,3580,29,68,3512,423,0,0,0.8782242063492064,0.8878968253968254,0.007192460317460317,0.016865079365079364
TRI,image,4,02/test/ko/0004.png,4096,3622,3629,21,28,3601,446,0,0,0.88427734375,0.885986328125,0.005126953125,0.0068359375
TRI,image,5,02/test/ko/0005.png,4096,3209,3198,58,47,3151,840,0,0,0.783447265625,0.78076171875,0.01416015625,0.011474609375
TRI,image,6,02/test/ko/0006.png,4096,3503,3508,28,33,3475,560,0,0,0.855224609375,0.8564453125,0.0068359375,0.008056640625
TRI,image,7,02/test/ko/0007.png,4096,3544,3531,52,39,3492,513,0,0,0.865234375,0.862060546875,0.0126953125,0.009521484375
TRI,image,8,02/test/ko/0008.png,4096,3630,3622,33,25,3597,441,0,0,0.88623046875,0.88427734375,0.008056640625,0.006103515625
TRI,image,9,02/test/ko/0009.png,4096,3727,3736,22,31,3705,338,0,0,0.909912109375,0.912109375,0.00537109375,0.007568359375
TRI,image,10,02/test/ko/0010.png,4096,3152,3150,46,44,3106,900,0,0,0.76953125,0.76904296875,0.01123046875,0.0107421875
TRI,image,11,02/test/ko/0011.png,1856,1688,1666,48,26,1640,142,0,0,0.9094827586206896,0.8976293103448276,0.02586206896551724,0.014008620689655173
TRI,image,12,02/test/ko/0012.png,4096,3451,3431,49,29,3402,616,0,0,0.842529296875,0.837646484375,0.011962890625,0.007080078125
TRI,image,13,02/test/ko/0013.png,4096,3754,3762,26,34,3728,308,0,0,0.91650390625,0.91845703125,0.00634765625,0.00830078125
TRI,image,14,02/test/ko/0014.png,4096,3010,2976,75,41,2935,1045,0,0,0.73486328125,0.7265625,0.018310546875,0.010009765625
TRI,image,15,02/test/ko/0015.png,4096,3521,3516,41,36,3480,539,0,0,0.859619140625,0.8583984375,0.010009765625,0.0087890625
TRI,image,16,02/test/ko/0016.png,4096,3693,3642,73,22,3620,381,0,0,0.901611328125,0.88916015625,0.017822265625,0.00537109375
TRI,image,17,02/test/ko/0017.png,4096,3740,3711,67,38,3673,318,0,0,0.9130859375,0.906005859375,0.016357421875,0.00927734375
TRI,image,18,02/test/ko/0018.png,4096,3978,3982,12,16,3966,102,0,0,0.97119140625,0.97216796875,0.0029296875,0.00390625
TRI,image,19,02/test/ko/0019.png,1600,1485,1494,14,23,1471,92,0,0,0.928125,0.93375,0.00875,0.014375
TRI,image,20,02/test/ko/0020.png,3712,3365,3373,5,13,3360,334,0,0,0.9065193965517241,0.9086745689655172,0.0013469827586206897,0.003502155172413793
TRI,image,21,02/test/ko/0021.png,4096,3669,3600,103,34,3566,393,0,0,0.895751953125,0.87890625,0.025146484375,0.00830078125
TRI,image,22,02/test/ko/0022.png,4096,3791,3776,31,16,3760,289,0,0,0.925537109375,0.921875,0.007568359375,0.00390625
TRI,image,23,02/test/ko/0023.png,4096,3720,3703,58,41,3662,335,0,0,0.908203125,0.904052734375,0.01416015625,0.010009765625
TRI,image,24,02/test/ko/0024.png,4096,3705,3686,40,21,3665,370,0,0,0.904541015625,0.89990234375,0.009765625,0.005126953125
TRI,image,25,02/test/ko/0025.png,4096,3700,3662,44,6,3656,390,0,0,0.9033203125,0.89404296875,0.0107421875,0.00146484375
TRI,image,26,02/test/ko/0026.png,4096,3383,3335,66,18,3317,695,0,0,0.825927734375,0.814208984375,0.01611328125,0.00439453125
TRI,image,27,02/test/ko/0027.png,256,243,242,1,0,242,13,0,0,0.94921875,0.9453125,0.00390625,0.0
TRI,image,28,02/test/ko/0028.png,4096,3181,3217,32,68,3149,847,0,0,0.776611328125,0.785400390625,0.0078125,0.0166015625
TRI,image,29,02/test/ko/0029.png,4096,3909,3896,19,6,3890,181,0,0,0.954345703125,0.951171875,0.004638671875,0.00146484375
TRI,image,30,02/test/ko/0030.png,4096,3761,3745,40,24,3721,311,0,0,0.918212890625,0.914306640625,0.009765625,0.005859375
TRI,image,31,02/test/ko/0031.png,960,893,897,3,7,890,60,0,0,0.9302083333333333,0.934375,0.003125,0.007291666666666667
TRI,image,32,02/test/ko/0032.png,4096,3392,3348,70,26,3322,678,0,0,0.828125,0.8173828125,0.01708984375,0.00634765625
TRI,image,33,02/test/ko/0033.png,896,835,834,6,5,829,56,0,0,0.9319196428571429,0.9308035714285714,0.006696428571428571,0.005580357142857143
TRI,image,34,02/test/ko/0034.png,3008,2877,2876,11,10,2866,121,0,0,0.9564494680851063,0.9561170212765957,0.0036569148936170214,0.003324468085106383
TRI,image,35,02/test/ko/0035.png,4096,3825,3817,23,15,3802,256,0,0,0.933837890625,0.931884765625,0.005615234375,0.003662109375
TRI,image,36,02/test/ko/0036.png,4096,3328,3280,60,12,3268,756,0,0,0.8125,0.80078125,0.0146484375,0.0029296875
TRI,image,37,02/test/ko/0037.png,4096,3801,3790,28,17,3773,278,0,0,0.927978515625,0.92529296875,0.0068359375,0.004150390625
TRI,image,38,02/test/ko/0038.png,4096,3820,3786,40,6,3780,270,0,0,0.9326171875,0.92431640625,0.009765625,0.00146484375
TRI,image,39,02/test/ko/0039.png,4096,3740,3745,25,30,3715,326,0,0,0.9130859375,0.914306640625,0.006103515625,0.00732421875
TRI,image,40,02/test/ko/0040.png,4096,3875,3865,17,7,3858,214,0,0,0.946044921875,0.943603515625,0.004150390625,0.001708984375
TRI,image,41,02/test/ko/0041.png,4096,3712,3705,32,25,3680,359,0,0,0.90625,0.904541015625,0.0078125,0.006103515625
TRI,image,42,02/test/ko/0042.png,768,717,709,10,2,707,49,0,0,0.93359375,0.9231770833333334,0.013020833333333334,0.0026041666666666665
TRI,image,43,02/test/ko/0043.png,4096,3726,3723,34,31,3692,339,0,0,0.90966796875,0.908935546875,0.00830078125,0.007568359375
TRI,image,44,02/test/ko/0044.png,4096,3830,3819,36,25,3794,241,0,0,0.93505859375,0.932373046875,0.0087890625,0.006103515625
TRI,image,45,02/test/ko/0045.png,4096,3123,3054,102,33,3021,940,0,0,0.762451171875,0.74560546875,0.02490234375,0.008056640625
TRI,image,46,02/test/ko/0046.png,4096,3402,3375,61,34,3341,660,0,0,0.83056640625,0.823974609375,0.014892578125,0.00830078125
TRI,image,47,02/test/ko/0047.png,4096,3465,3425,75,35,3390,596,0,0,0.845947265625,0.836181640625,0.018310546875,0.008544921875
TRI,image,48,02/test/ko/0048.png,4096,3436,3397,73,34,3363,626,0,0,0.8388671875,0.829345703125,0.017822265625,0.00830078125
TRI,image,49,02/test/ko/0049.png,4096,3732,3726,31,25,3701,339,0,0,0.9111328125,0.90966796875,0.007568359375,0.006103515625
TRI,image,50,02/test/ko/0050.png,4096,3552,3508,53,9,3499,535,0,0,0.8671875,0.8564453125,0.012939453125,0.002197265625
TRI,image,51,02/test/ko/0051.png,4096,3700,3685,35,20,3665,376,0,0,0.9033203125,0.899658203125,0.008544921875,0.0048828125
TRI,image,52,02/test/ko/0052.png,4096,3897,3883,29,15,3868,184,0,0,0.951416015625,0.947998046875,0.007080078125,0.003662109375
TRI,image,53,02/test/ko/0053.png,4096,4017,4000,22,5,3995,74,0,0,0.980712890625,0.9765625,0.00537109375,0.001220703125
TRI,image,54,02/test/ko/0054.png,3712,3244,3165,101,22,3143,446,0,0,0.8739224137931034,0.8526400862068966,0.02720905172413793,0.005926724137931034
TRI,image,55,02/test/ko/0055.png,4032,3873,3868,16,11,3857,148,0,0,0.9605654761904762,0.9593253968253969,0.003968253968253968,0.002728174603174603
TRI,image,56,02/test/ko/0056.png,4096,3987,3979,18,10,3969,99,0,0,0.973388671875,0.971435546875,0.00439453125,0.00244140625
TRI,image,57,02/test/ko/0057.png,4096,3686,3699,29,42,3657,368,0,0,0.89990234375,0.903076171875,0.007080078125,0.01025390625
TRI,image,58,02/test/ko/0058.png,4096,3552,3504,70,22,3482,522,0,0,0.8671875,0.85546875,0.01708984375,0.00537109375
TRI,image,59,02/test/ko/0059.png,4096,3876,3881,13,18,3863,202,0,0,0.9462890625,0.947509765625,0.003173828125,0.00439453125
TRI,image,60,02/test/ko/0060.png,4096,3820,3809,24,13,3796,263,0,0,0.9326171875,0.929931640625,0.005859375,0.003173828125
TRI,image,61,02/test/ko/0061.png,4096,3702,3696,43,37,3659,357,0,0,0.90380859375,0.90234375,0.010498046875,0.009033203125
TRI,image,62,02/test/ko/0062.png,4096,3986,3988,5,7,3981,103,0,0,0.97314453125,0.9736328125,0.001220703125,0.001708984375
TRI,image,63,02/test/ko/0063.png,4096,3453,3440,54,41,3399,602,0,0,0.843017578125,0.83984375,0.01318359375,0.010009765625
TRI,image,64,02/test/ko/0064.png,4096,3443,3498,33,88,3410,565,0,0,0.840576171875,0.85400390625,0.008056640625,0.021484375
TRI,image,65,02/test/ko/0065.png,3968,3721,3706,38,23,3683,224,0,0,0.9377520161290323,0.9339717741935484,0.009576612903225807,0.0057963709677419355
TRI,image,66,02/test/ko/0066.png,4096,3892,3845,55,8,3837,196,0,0,0.9501953125,0.938720703125,0.013427734375,0.001953125
TRI,image,67,02/test/ko/0067.png,4096,3369,3364,28,23,3341,704,0,0,0.822509765625,0.8212890625,0.0068359375,0.005615234375
TRI,image,68,02/test/ko/0068.png,4096,3357,3357,47,47,3310,692,0,0,0.819580078125,0.819580078125,0.011474609375,0.011474609375
TRI,image,69,02/test/ko/0069.png,4096,3970,3964,13,7,3957,119,0,0,0.96923828125,0.9677734375,0.003173828125,0.001708984375
TRI,image,70,02/test/ko/0070.png,896,813,812,5,4,808,79,0,0,0.9073660714285714,0.90625,0.005580357142857143,0.004464285714285714
TRI,image,71,02/test/ko/0071.png,1280,1011,1002,19,10,992,259,0,0,0.78984375,0.7828125,0.01484375,0.0078125
TRI,image,72,02/test/ko/0072.png,4096,3557,3547,35,25,3522,514,0,0,0.868408203125,0.865966796875,0.008544921875,0.006103515625
TRI,image,73,02/test/ko/0073.png,1408,1297,1295,10,8,1287,103,0,0,0.9211647727272727,0.9197443181818182,0.007102272727272727,0.005681818181818182
TRI,image,74,02/test/ko/0074.png,704,694,686,9,1,685,9,0,0,0.9857954545454546,0.9744318181818182,0.01278409090909091,0.0014204545454545455
TRI,image,75,02/test/ko/0075.png,4096,3262,3259,56,53,3206,781,0,0,0.79638671875,0.795654296875,0.013671875,0.012939453125
TRI,image,76,02/test/ko/0076.png,4096,3846,3831,29,14,3817,236,0,0,0.93896484375,0.935302734375,0.007080078125,0.00341796875
TRI,image,77,02/test/ko/0077.png,4096,3732,3724,29,21,3703,343,0,0,0.9111328125,0.9091796875,0.007080078125,0.005126953125
TRI,image,78,02/test/ko/0078.png,4096,3897,3869,37,9,3860,190,0,0,0.951416015625,0.944580078125,0.009033203125,0.002197265625
TRI,image,79,02/test/ko/0079.png,4096,3863,3828,59,24,3804,209,0,0,0.943115234375,0.9345703125,0.014404296875,0.005859375
TRI,image,80,02/test/ko/0080.png,2112,1897,1841,68,12,1829,203,0,0,0.8982007575757576,0.8716856060606061,0.032196969696969696,0.005681818181818182
TRI,image,81,02/test/ko/0081.png,1152,1088,1083,5,0,1083,64,0,0,0.9444444444444444,0.9401041666666666,0.004340277777777778,0.0
TRI,image,82,02/test/ko/0082.png,640,529,541,15,27,514,84,0,0,0.8265625,0.8453125,0.0234375,0.0421875
TRI,image,83,02/test/ko/0083.png,960,951,956,1,6,950,3,0,0,0.990625,0.9958333333333333,0.0010416666666666667,0.00625
TRI,image,84,02/test/ko/0084.png,320,314,319,0,5,314,1,0,0,0.98125,0.996875,0.0,0.015625
TRI,image,85,02/test/ko/0085.png,1664,1449,1415,44,10,1405,205,0,0,0.8707932692307693,0.8503605769230769,0.026442307692307692,0.006009615384615385
TRI,image,86,02/test/ko/0086.png,640,640,640,0,0,640,0,0,0,1.0,1.0,0.0,0.0
TRI,image,87,02/test/ko/0087.png,4096,2869,2934,132,197,2737,1030,0,0,0.700439453125,0.71630859375,0.0322265625,0.048095703125
TRI,image,88,02/test/ko/0088.png,320,261,210,51,0,210,59,0,0,0.815625,0.65625,0.159375,0.0
TRI,image,89,02/test/ko/0089.png,576,533,511,23,1,510,42,0,0,0.9253472222222222,0.8871527777777778,0.03993055555555555,0.001736111111111111
TRI,image,90,02/test/ko/0090.png,320,317,318,1,2,316,1,0,0,0.990625,0.99375,0.003125,0.00625
TRI,image,91,02/test/ko/0091.png,640,637,635,2,0,635,3,0,0,0.9953125,0.9921875,0.003125,0.0
TRI,image,92,02/test/ko/0092.png,320,314,311,4,1,310,5,0,0,0.98125,0.971875,0.0125,0.003125
TRI,image,93,02/test/ko/0093.png,512,449,428,23,2,426,61,0,0,0.876953125,0.8359375,0.044921875,0.00390625
TRI,image,94,02/test/ko/0094.png,1152,1082,1071,19,8,1063,62,0,0,0.9392361111111112,0.9296875,0.016493055555555556,0.006944444444444444
TRI,image,95,02/test/ko/0095.png,256,252,253,1,2,251,2,0,0,0.984375,0.98828125,0.00390625,0.0078125
TRI,image,96,02/test/ko/0096.png,960,873,849,34,10,839,77,0,0,0.909375,0.884375,0.035416666666666666,0.010416666666666666
TRI,image,97,02/test/ko/0097.png,320,255,255,2,2,253,63,0,0,0.796875,0.796875,0.00625,0.00625
TRI,image,98,02/test/ko/0098.png,256,256,256,0,0,256,0,0,0,1.0,1.0,0.0,0.0
TRI,image,99,02/test/ko/0099.png,320,320,314,6,0,314,0,0,0,1.0,0.98125,0.01875,0.0
TRI,image,100,02/test/ko/0100.png,320,319,318,1,0,318,1,0,0,0.996875,0.99375,0.003125,0.0
TRI,image,101,02/test/ko/0101.png,320,320,320,0,0,320,0,0,0,1.0,1.0,0.0,0.0
TRI,image,102,02/test/ko/0102.png,1024,943,938,16,11,927,70,0,0,0.9208984375,0.916015625,0.015625,0.0107421875
TRI,image,103,02/test/ko/0103.png,1280,710,704,45,39,665,531,0,0,0.5546875,0.55,0.03515625,0.03046875
TRI,image,104,02/test/ko/0104.png,320,319,316,3,0,316,1,0,0,0.996875,0.9875,0.009375,0.0
TRI,image,105,02/test/ko/0105.png,1536,1034,1017,86,69,948,433,0,0,0.6731770833333334,0.662109375,0.055989583333333336,0.044921875
TRI,image,106,02/test/ko/0106.png,2560,2243,2219,71,47,2172,270,0,0,0.876171875,0.866796875,0.027734375,0.018359375
TRI,image,107,02/test/ko/0107.png,896,780,785,7,12,773,104,0,0,0.8705357142857143,0.8761160714285714,0.0078125,0.013392857142857142
TRI,image,108,02/test/ko/0108.png,1152,709,707,56,54,653,389,0,0,0.6154513888888888,0.6137152777777778,0.04861111111111111,0.046875
TRI,image,109,02/test/ko/0109.png,320,320,320,0,0,320,0,0,0,1.0,1.0,0.0,0.0
TRI,image,110,02/test/ko/0110.png,2816,2194,2182,108,96,2086,526,0,0,0.7791193181818182,0.7748579545454546,0.03835227272727273,0.03409090909090909
TRI,image,111,02/test/ko/0111.png,576,525,512,18,5,507,46,0,0,0.9114583333333334,0.8888888888888888,0.03125,0.008680555555555556
TRI,image,112,02/test/ko/0112.png,256,243,216,27,0,216,13,0,0,0.94921875,0.84375,0.10546875,0.0
TRI,image,113,02/test/ko/0113.png,768,724,721,10,7,714,37,0,0,0.9427083333333334,0.9388020833333334,0.013020833333333334,0.009114583333333334
TRI,image,114,02/test/ko/0114.png,2048,1609,1563,95,49,1514,390,0,0,0.78564453125,0.76318359375,0.04638671875,0.02392578125
TRI,image,115,02/test/ko/0115.png,512,472,480,1,9,471,31,0,0,0.921875,0.9375,0.001953125,0.017578125
TRI,image,116,02/test/ko/0116.png,576,408,374,39,5,369,163,0,0,0.7083333333333334,0.6493055555555556,0.06770833333333333,0.008680555555555556
TRI,image,117,02/test/ko/0117.png,832,757,750,16,9,741,66,0,0,0.9098557692307693,0.9014423076923077,0.019230769230769232,0.010817307692307692
TRI,image,118,02/test/ko/0118.png,384,375,376,2,3,373,6,0,0,0.9765625,0.9791666666666666,0.005208333333333333,0.0078125
TRI,image,119,02/test/ko/0119.png,320,256,218,46,8,210,56,0,0,0.8,0.68125,0.14375,0.025
TRI,image,120,02/test/ko/0120.png,256,256,256,0,0,256,0,0,0,1.0,1.0,0.0,0.0
TRI,image,121,02/test/ko/0121.png,1792,1331,1309,90,68,1241,393,0,0,0.7427455357142857,0.73046875,0.05022321428571429,0.03794642857142857
TRI,image,122,02/test/ko/0122.png,320,245,226,22,3,223,72,0,0,0.765625,0.70625,0.06875,0.009375
TRI,image,123,02/test/ko/0123.png,256,220,216,6,2,214,34,0,0,0.859375,0.84375,0.0234375,0.0078125
TRI,image,124,02/test/ko/0124.png,1280,1173,1154,31,12,1142,95,0,0,0.91640625,0.9015625,0.02421875,0.009375
TRI,image,125,02/test/ko/0125.png,192,190,192,0,2,190,0,0,0,0.9895833333333334,1.0,0.0,0.010416666666666666
TRI,image,126,02/test/ko/0126.png,1536,1359,1328,46,15,1313,162,0,0,0.884765625,0.8645833333333334,0.029947916666666668,0.009765625
TRI,image,127,02/test/ko/0127.png,320,309,305,8,4,301,7,0,0,0.965625,0.953125,0.025,0.0125
TRI,image,128,02/test/ko/0128.png,2880,2152,2194,95,137,2057,591,0,0,0.7472222222222222,0.7618055555555555,0.03298611111111111,0.04756944444444444
TRI,image,129,02/test/ko/0129.png,384,381,363,18,0,363,3,0,0,0.9921875,0.9453125,0.046875,0.0
TRI,image,130,02/test/ko/0130.png,256,201,210,8,17,193,38,0,0,0.78515625,0.8203125,0.03125,0.06640625
TRI,image,131,02/test/ko/0131.png,256,256,250,6,0,250,0,0,0,1.0,0.9765625,0.0234375,0.0
TRI,image,132,02/test/ko/0132.png,1920,1362,1342,110,90,1252,468,0,0,0.709375,0.6989583333333333,0.057291666666666664,0.046875
TRI,image,133,02/test/ko/0133.png,1024,726,682,63,19,663,279,0,0,0.708984375,0.666015625,0.0615234375,0.0185546875
TRI,image,134,02/test/ko/0134.png,1024,892,875,22,5,870,127,0,0,0.87109375,0.8544921875,0.021484375,0.0048828125
TRI,image,135,02/test/ko/0135.png,512,476,475,5,4,471,32,0,0,0.9296875,0.927734375,0.009765625,0.0078125
TRI,image,136,02/test/ko/0136.png,320,320,316,4,0,316,0,0,0,1.0,0.9875,0.0125,0.0
TRI,image,137,02/test/ko/0137.png,320,264,235,34,5,230,51,0,0,0.825,0.734375,0.10625,0.015625
TRI,image,138,02/test/ko/0138.png,320,319,314,5,0,314,1,0,0,0.996875,0.98125,0.015625,0.0
TRI,image,139,02/test/ko/0139.png,256,254,251,4,1,250,1,0,0,0.9921875,0.98046875,0.015625,0.00390625
TRI,image,140,02/test/ko/0140.png,576,576,576,0,0,576,0,0,0,1.0,1.0,0.0,0.0
TRI,image,141,02/test/ko/0141.png,640,474,383,91,0,383,166,0,0,0.740625,0.5984375,0.1421875,0.0
TRI,image,142,02/test/ko/0142.png,768,616,617,25,26,591,126,0,0,0.8020833333333334,0.8033854166666666,0.032552083333333336,0.033854166666666664
TRI,image,143,02/test/ko/0143.png,512,512,512,0,0,512,0,0,0,1.0,1.0,0.0,0.0
TRI,image,144,02/test/ko/0144.png,320,310,311,0,1,310,9,0,0,0.96875,0.971875,0.0,0.003125
TRI,image,145,02/test/ko/0145.png,0,0,0,0,0,0,0,0,0,,,,
TRI,image,146,02/test/ko/0146.png,256,256,256,0,0,256,0,0,0,1.0,1.0,0.0,0.0
TRI,image,147,02/test/ko/0147.png,512,363,342,27,6,336,143,0,0,0.708984375,0.66796875,0.052734375,0.01171875
TRI,image,148,02/test/ko/0148.png,384,374,375,3,4,371,6,0,0,0.9739583333333334,0.9765625,0.0078125,0.010416666666666666
TRI,image,149,02/test/ko/0149.png,320,277,274,14,11,263,32,0,0,0.865625,0.85625,0.04375,0.034375
TRI,image,150,02/test/ko/0150.png,768,523,506,42,25,481,220,0,0,0.6809895833333334,0.6588541666666666,0.0546875,0.032552083333333336
TRI,image,151,02/test/ko/0151.png,320,261,235,31,5,230,54,0,0,0.815625,0.734375,0.096875,0.015625
TRI,image,152,02/test/ko/0152.png,640,586,573,20,7,566,47,0,0,0.915625,0.8953125,0.03125,0.0109375
TRI,image,153,02/test/ko/0153.png,2048,1731,1722,51,42,1680,275,0,0,0.84521484375,0.8408203125,0.02490234375,0.0205078125
TRI,image,154,02/test/ko/0154.png,256,212,202,13,3,199,41,0,0,0.828125,0.7890625,0.05078125,0.01171875
TRI,image,155,02/test/ko/0155.png,896,703,636,77,10,626,183,0,0,0.7845982142857143,0.7098214285714286,0.0859375,0.011160714285714286
TRI,image,156,02/test/ko/0156.png,384,361,337,24,0,337,23,0,0,0.9401041666666666,0.8776041666666666,0.0625,0.0
TRI,image,157,02/test/ko/0157.png,256,243,255,0,12,243,1,0,0,0.94921875,0.99609375,0.0,0.046875
TRI,image,158,02/test/ko/0158.png,320,281,282,9,10,272,29,0,0,0.878125,0.88125,0.028125,0.03125
TRI,image,159,02/test/ko/0159.png,320,264,255,16,7,248,49,0,0,0.825,0.796875,0.05,0.021875
TRI,image,160,02/test/ko/0160.png,320,320,320,0,0,320,0,0,0,1.0,1.0,0.0,0.0
TRI,image,161,02/test/ko/0161.png,256,251,240,11,0,240,5,0,0,0.98046875,0.9375,0.04296875,0.0
TRI,image,162,02/test/ko/0162.png,896,668,656,40,28,628,200,0,0,0.7455357142857143,0.7321428571428571,0.044642857142857144,0.03125
TRI,image,163,02/test/ko/0163.png,320,320,320,0,0,320,0,0,0,1.0,1.0,0.0,0.0
TRI,image,164,02/test/ko/0164.png,448,421,419,8,6,413,21,0,0,0.9397321428571429,0.9352678571428571,0.017857142857142856,0.013392857142857142
TRI,image,165,02/test/ko/0165.png,1024,835,801,59,25,776,164,0,0,0.8154296875,0.7822265625,0.0576171875,0.0244140625
TRI,image,166,02/test/ko/0166.png,448,386,380,15,9,371,53,0,0,0.8616071428571429,0.8482142857142857,0.033482142857142856,0.020089285714285716
TRI,image,167,02/test/ko/0167.png,384,382,382,0,0,382,2,0,0,0.9947916666666666,0.9947916666666666,0.0,0.0
TRI,image,168,02/test/ko/0168.png,512,491,487,8,4,483,17,0,0,0.958984375,0.951171875,0.015625,0.0078125
TRI,image,169,02/test/ko/0169.png,192,156,142,14,0,142,36,0,0,0.8125,0.7395833333333334,0.07291666666666667,0.0
TRI,image,170,02/test/ko/0170.png,512,418,434,5,21,413,73,0,0,0.81640625,0.84765625,0.009765625,0.041015625
TRI,image,171,02/test/ko/0171.png,512,511,511,1,1,510,0,0,0,0.998046875,0.998046875,0.001953125,0.001953125
TRI,image,172,02/test/ko/0172.png,448,317,337,15,35,302,96,0,0,0.7075892857142857,0.7522321428571429,0.033482142857142856,0.078125
TRI,image,173,02/test/ko/0173.png,192,165,158,10,3,155,24,0,0,0.859375,0.8229166666666666,0.052083333333333336,0.015625
TRI,image,174,02/test/ko/0174.png,1344,1308,1311,2,5,1306,31,0,0,0.9732142857142857,0.9754464285714286,0.001488095238095238,0.003720238095238095
TRI,image,175,02/test/ko/0175.png,192,134,150,1,17,133,41,0,0,0.6979166666666666,0.78125,0.005208333333333333,0.08854166666666667
TRI,image,176,02/test/ko/0176.png,320,318,319,0,1,318,1,0,0,0.99375,0.996875,0.0,0.003125
TRI,image,177,02/test/ko/0177.png,3136,1360,1374,185,199,1175,1577,0,0,0.4336734693877551,0.43813775510204084,0.05899234693877551,0.06345663265306123
TRI,image,178,02/test/ko/0178.png,256,256,252,4,0,252,0,0,0,1.0,0.984375,0.015625,0.0
TRI,image,179,02/test/ko/0179.png,256,233,236,1,4,232,19,0,0,0.91015625,0.921875,0.00390625,0.015625
TRI,image,180,02/test/ko/0180.png,384,373,384,0,11,373,0,0,0,0.9713541666666666,1.0,0.0,0.028645833333333332
TRI,image,181,02/test/ko/0181.png,768,652,600,56,4,596,112,0,0,0.8489583333333334,0.78125,0.07291666666666667,0.005208333333333333
TRI,image,182,02/test/ko/0182.png,384,334,317,32,15,302,35,0,0,0.8697916666666666,0.8255208333333334,0.08333333333333333,0.0390625
TRI,image,183,02/test/ko/0183.png,256,236,233,4,1,232,19,0,0,0.921875,0.91015625,0.015625,0.00390625
TRI,image,184,02/test/ko/0184.png,512,484,480,7,3,477,25,0,0,0.9453125,0.9375,0.013671875,0.005859375
TRI,image,185,02/test/ko/0185.png,448,448,447,1,0,447,0,0,0,1.0,0.9977678571428571,0.002232142857142857,0.0
TRI,image,186,02/test/ko/0186.png,320,270,257,16,3,254,47,0,0,0.84375,0.803125,0.05,0.009375
TRI,image,187,02/test/ko/0187.png,896,605,633,42,70,563,221,0,0,0.6752232142857143,0.7064732142857143,0.046875,0.078125
TRI,image,188,02/test/ko/0188.png,4096,3552,3512,108,68,3444,476,0,0,0.8671875,0.857421875,0.0263671875,0.0166015625
TRI,image,189,02/test/ko/0189.png,4096,3568,3547,54,33,3514,495,0,0,0.87109375,0.865966796875,0.01318359375,0.008056640625
TRI,image,190,02/test/ko/0190.png,4096,3610,3608,22,20,3588,466,0,0,0.88134765625,0.880859375,0.00537109375,0.0048828125
TRI,image,191,02/test/ko/0191.png,4096,3754,3741,34,21,3720,321,0,0,0.91650390625,0.913330078125,0.00830078125,0.005126953125
TRI,image,192,02/test/ko/0192.png,1536,1512,1515,2,5,1510,19,0,0,0.984375,0.986328125,0.0013020833333333333,0.0032552083333333335
TRI,image,193,02/test/ko/0193.png,4096,3455,3442,56,43,3399,598,0,0,0.843505859375,0.84033203125,0.013671875,0.010498046875
TRI,image,194,02/test/ko/0194.png,4096,3903,3897,24,18,3879,175,0,0,0.952880859375,0.951416015625,0.005859375,0.00439453125
TRI,image,195,02/test/ko/0195.png,3072,2938,2915,39,16,2899,118,0,0,0.9563802083333334,0.9488932291666666,0.0126953125,0.005208333333333333
TRI,image,196,02/test/ko/0196.png,704,592,581,13,2,579,110,0,0,0.8409090909090909,0.8252840909090909,0.018465909090909092,0.002840909090909091
TRI,image,197,02/test/ko/0197.png,4096,3427,3398,60,31,3367,638,0,0,0.836669921875,0.82958984375,0.0146484375,0.007568359375
TRI,image,198,02/test/ko/0198.png,4096,3840,3839,18,17,3822,239,0,0,0.9375,0.937255859375,0.00439453125,0.004150390625
TRI,image,199,02/test/ko/0199.png,4096,3240,3239,44,43,3196,813,0,0,0.791015625,0.790771484375,0.0107421875,0.010498046875
TRI,image,200,02/test/ok/0000.png,0,0,0,0,0,0,0,0,0,,,,
TRI,image,201,02/test/ok/0001.png,0,0,0,0,0,0,0,0,0,,,,
TRI,image,202,02/test/ok/0002.png,0,0,0,0,0,0,0,0,0,,,,
TRI,image,203,02/test/ok/0003.png,0,0,0,0,0,0,0,0,0,,,,
TRI,image,204,02/test/ok/0004.png,0,0,0,0,0,0,0,0,0,,,,
TRI,image,205,02/test/ok/0005.png,0,0,0,0,0,0,0,0,0,,,,
TRI,image,206,02/test/ok/0006.png,0,0,0,0,0,0,0,0,0,,,,
TRI,image,207,02/test/ok/0007.png,0,0,0,0,0,0,0,0,0,,,,
TRI,image,208,02/test/ok/0008.png,0,0,0,0,0,0,0,0,0,,,,
TRI,image,209,02/test/ok/0009.png,0,0,0,0,0,0,0,0,0,,,,
TRI,image,210,02/test/ok/0010.png,0,0,0,0,0,0,0,0,0,,,,
TRI,image,211,02/test/ok/0011.png,0,0,0,0,0,0,0,0,0,,,,
TRI,image,212,02/test/ok/0012.png,0,0,0,0,0,0,0,0,0,,,,
TRI,image,213,02/test/ok/0013.png,0,0,0,0,0,0,0,0,0,,,,
TRI,image,214,02/test/ok/0014.png,0,0,0,0,0,0,0,0,0,,,,
TRI,image,215,02/test/ok/0015.png,0,0,0,0,0,0,0,0,0,,,,
TRI,image,216,02/test/ok/0016.png,0,0,0,0,0,0,0,0,0,,,,
TRI,image,217,02/test/ok/0017.png,0,0,0,0,0,0,0,0,0,,,,
TRI,image,218,02/test/ok/0018.png,0,0,0,0,0,0,0,0,0,,,,
TRI,image,219,02/test/ok/0019.png,0,0,0,0,0,0,0,0,0,,,,
TRI,image,220,02/test/ok/0020.png,0,0,0,0,0,0,0,0,0,,,,
TRI,image,221,02/test/ok/0021.png,0,0,0,0,0,0,0,0,0,,,,
TRI,image,222,02/test/ok/0022.png,0,0,0,0,0,0,0,0,0,,,,
TRI,image,223,02/test/ok/0023.png,0,0,0,0,0,0,0,0,0,,,,
TRI,image,224,02/test/ok/0024.png,0,0,0,0,0,0,0,0,0,,,,
TRI,image,225,02/test/ok/0025.png,0,0,0,0,0,0,0,0,0,,,,
TRI,image,226,02/test/ok/0026.png,0,0,0,0,0,0,0,0,0,,,,
TRI,image,227,02/test/ok/0027.png,0,0,0,0,0,0,0,0,0,,,,
TRI,image,228,02/test/ok/0028.png,0,0,0,0,0,0,0,0,0,,,,
TRI,image,229,02/test/ok/0029.png,0,0,0,0,0,0,0,0,0,,,,
TRI,aggregate,-1,__ALL__,415616,365389,363202,6163,3976,359226,46251,0,0,0.8791504658145981,0.8738883969818294,0.014828591777024946,0.009566522944256237
BAL,image,0,02/test/ko/0000.png,4096,3543,3517,53,27,3490,526,0,0,0.864990234375,0.858642578125,0.012939453125,0.006591796875
BAL,image,1,02/test/ko/0001.png,4096,3676,3656,46,26,3630,394,0,0,0.8974609375,0.892578125,0.01123046875,0.00634765625
BAL,image,2,02/test/ko/0002.png,4096,3681,3611,101,31,3580,384,0,0,0.898681640625,0.881591796875,0.024658203125,0.007568359375
BAL,image,3,02/test/ko/0003.png,4032,3509,3533,52,76,3457,447,0,0,0.8702876984126984,0.8762400793650794,0.012896825396825396,0.018849206349206348
BAL,image,4,02/test/ko/0004.png,4096,3650,3666,18,34,3632,412,0,0,0.89111328125,0.89501953125,0.00439453125,0.00830078125
BAL,image,5,02/test/ko/0005.png,4096,3228,3240,47,59,3181,809,0,0,0.7880859375,0.791015625,0.011474609375,0.014404296875
BAL,image,6,02/test/ko/0006.png,4096,3487,3490,40,43,3447,566,0,0,0.851318359375,0.85205078125,0.009765625,0.010498046875
BAL,image,7,02/test/ko/0007.png,4096,3533,3514,68,49,3465,514,0,0,0.862548828125,0.85791015625,0.0166015625,0.011962890625
BAL,image,8,02/test/ko/0008.png,4096,3638,3622,45,29,3593,429,0,0,0.88818359375,0.88427734375,0.010986328125,0.007080078125
BAL,image,9,02/test/ko/0009.png,4096,3722,3727,21,26,3701,348,0,0,0.90869140625,0.909912109375,0.005126953125,0.00634765625
BAL,image,10,02/test/ko/0010.png,4096,3110,3083,69,42,3041,944,0,0,0.75927734375,0.752685546875,0.016845703125,0.01025390625
BAL,image,11,02/test/ko/0011.png,1856,1706,1668,66,28,1640,122,0,0,0.9191810344827587,0.8987068965517241,0.03556034482758621,0.015086206896551725
BAL,image,12,02/test/ko/0012.png,4096,3449,3440,49,40,3400,607,0,0,0.842041015625,0.83984375,0.011962890625,0.009765625
BAL,image,13,02/test/ko/0013.png,4096,3729,3741,24,36,3705,331,0,0,0.910400390625,0.913330078125,0.005859375,0.0087890625
BAL,image,14,02/test/ko/0014.png,4096,2998,2941,94,37,2904,1061,0,0,0.73193359375,0.718017578125,0.02294921875,0.009033203125
BAL,image,15,02/test/ko/0015.png,4096,3520,3524,45,49,3475,527,0,0,0.859375,0.8603515625,0.010986328125,0.011962890625
BAL,image,16,02/test/ko/0016.png,4096,3670,3612,80,22,3590,404,0,0,0.89599609375,0.8818359375,0.01953125,0.00537109375
BAL,image,17,02/test/ko/0017.png,4096,3731,3682,75,26,3656,339,0,0,0.910888671875,0.89892578125,0.018310546875,0.00634765625
BAL,image,18,02/test/ko/0018.png,4096,3987,3988,12,13,3975,96,0,0,0.973388671875,0.9736328125,0.0029296875,0.003173828125
BAL,image,19,02/test/ko/0019.png,1600,1508,1518,18,28,1490,64,0,0,0.9425,0.94875,0.01125,0.0175
BAL,image,20,02/test/ko/0020.png,3712,3373,3378,10,15,3363,324,0,0,0.9086745689655172,0.9100215517241379,0.0026939655172413795,0.004040948275862069
BAL,image,21,02/test/ko/0021.png,4096,3676,3585,113,22,3563,398,0,0,0.8974609375,0.875244140625,0.027587890625,0.00537109375
BAL,image,22,02/test/ko/0022.png,4096,3793,3762,47,16,3746,287,0,0,0.926025390625,0.91845703125,0.011474609375,0.00390625
BAL,image,23,02/test/ko/0023.png,4096,3738,3725,57,44,3681,314,0,0,0.91259765625,0.909423828125,0.013916015625,0.0107421875
BAL,image,24,02/test/ko/0024.png,4096,3713,3690,39,16,3674,367,0,0,0.906494140625,0.90087890625,0.009521484375,0.00390625
BAL,image,25,02/test/ko/0025.png,4096,3702,3685,35,18,3667,376,0,0,0.90380859375,0.899658203125,0.008544921875,0.00439453125
BAL,image,26,02/test/ko/0026.png,4096,3410,3356,72,18,3338,668,0,0,0.83251953125,0.8193359375,0.017578125,0.00439453125
BAL,image,27,02/test/ko/0027.png,256,243,232,11,0,232,13,0,0,0.94921875,0.90625,0.04296875,0.0
BAL,image,28,02/test/ko/0028.png,4096,3195,3245,25,75,3170,826,0,0,0.780029296875,0.792236328125,0.006103515625,0.018310546875
BAL,image,29,02/test/ko/0029.png,4096,3906,3904,10,8,3896,182,0,0,0.95361328125,0.953125,0.00244140625,0.001953125
BAL,image,30,02/test/ko/0030.png,4096,3771,3734,58,21,3713,304,0,0,0.920654296875,0.91162109375,0.01416015625,0.005126953125
BAL,image,31,02/test/ko/0031.png,960,902,900,6,4,896,54,0,0,0.9395833333333333,0.9375,0.00625,0.004166666666666667
BAL,image,32,02/test/ko/0032.png,4096,3419,3401,59,41,3360,636,0,0,0.834716796875,0.830322265625,0.014404296875,0.010009765625
BAL,image,33,02/test/ko/0033.png,896,844,840,5,1,839,51,0,0,0.9419642857142857,0.9375,0.005580357142857143,0.0011160714285714285
BAL,image,34,02/test/ko/0034.png,3008,2884,2878,19,13,2865,111,0,0,0.9587765957446809,0.956781914893617,0.006316489361702127,0.004321808510638298
BAL,image,35,02/test/ko/0035.png,4096,3834,3834,20,20,3814,242,0,0,0.93603515625,0.93603515625,0.0048828125,0.0048828125
BAL,image,36,02/test/ko/0036.png,4096,3295,3255,57,17,3238,784,0,0,0.804443359375,0.794677734375,0.013916015625,0.004150390625
BAL,image,37,02/test/ko/0037.png,4096,3789,3791,22,24,3767,283,0,0,0.925048828125,0.925537109375,0.00537109375,0.005859375
BAL,image,38,02/test/ko/0038.png,4096,3818,3785,42,9,3776,269,0,0,0.93212890625,0.924072265625,0.01025390625,0.002197265625
BAL,image,39,02/test/ko/0039.png,4096,3713,3725,30,42,3683,341,0,0,0.906494140625,0.909423828125,0.00732421875,0.01025390625
BAL,image,40,02/test/ko/0040.png,4096,3855,3838,29,12,3826,229,0,0,0.941162109375,0.93701171875,0.007080078125,0.0029296875
BAL,image,41,02/test/ko/0041.png,4096,3720,3709,31,20,3689,356,0,0,0.908203125,0.905517578125,0.007568359375,0.0048828125
BAL,image,42,02/test/ko/0042.png,768,713,694,19,0,694,55,0,0,0.9283854166666666,0.9036458333333334,0.024739583333333332,0.0
BAL,image,43,02/test/ko/0043.png,4096,3710,3689,51,30,3659,356,0,0,0.90576171875,0.900634765625,0.012451171875,0.00732421875
BAL,image,44,02/test/ko/0044.png,4096,3829,3812,45,28,3784,239,0,0,0.934814453125,0.9306640625,0.010986328125,0.0068359375
BAL,image,45,02/test/ko/0045.png,4096,3201,3143,96,38,3105,857,0,0,0.781494140625,0.767333984375,0.0234375,0.00927734375
BAL,image,46,02/test/ko/0046.png,4096,3403,3391,51,39,3352,654,0,0,0.830810546875,0.827880859375,0.012451171875,0.009521484375
BAL,image,47,02/test/ko/0047.png,4096,3458,3440,75,57,3383,581,0,0,0.84423828125,0.83984375,0.018310546875,0.013916015625
BAL,image,48,02/test/ko/0048.png,4096,3463,3413,78,28,3385,605,0,0,0.845458984375,0.833251953125,0.01904296875,0.0068359375
BAL,image,49,02/test/ko/0049.png,4096,3755,3766,24,35,3731,306,0,0,0.916748046875,0.91943359375,0.005859375,0.008544921875
BAL,image,50,02/test/ko/0050.png,4096,3571,3528,63,20,3508,505,0,0,0.871826171875,0.861328125,0.015380859375,0.0048828125
BAL,image,51,02/test/ko/0051.png,4096,3691,3676,33,18,3658,387,0,0,0.901123046875,0.8974609375,0.008056640625,0.00439453125
BAL,image,52,02/test/ko/0052.png,4096,3917,3901,35,19,3882,160,0,0,0.956298828125,0.952392578125,0.008544921875,0.004638671875
BAL,image,53,02/test/ko/0053.png,4096,4011,3999,17,5,3994,80,0,0,0.979248046875,0.976318359375,0.004150390625,0.001220703125
BAL,image,54,02/test/ko/0054.png,3712,3258,3192,95,29,3163,425,0,0,0.8776939655172413,0.8599137931034483,0.025592672413793104,0.0078125
BAL,image,55,02/test/ko/0055.png,4032,3877,3867,22,12,3855,143,0,0,0.9615575396825397,0.9590773809523809,0.005456349206349206,0.002976190476190476
BAL,image,56,02/test/ko/0056.png,4096,3983,3978,16,11,3967,102,0,0,0.972412109375,0.97119140625,0.00390625,0.002685546875
BAL,image,57,02/test/ko/0057.png,4096,3672,3688,22,38,3650,386,0,0,0.896484375,0.900390625,0.00537109375,0.00927734375
BAL,image,58,02/test/ko/0058.png,4096,3542,3503,59,20,3483,534,0,0,0.86474609375,0.855224609375,0.014404296875,0.0048828125
BAL,image,59,02/test/ko/0059.png,4096,3900,3901,9,10,3891,186,0,0,0.9521484375,0.952392578125,0.002197265625,0.00244140625
BAL,image,60,02/test/ko/0060.png,4096,3826,3807,31,12,3795,258,0,0,0.93408203125,0.929443359375,0.007568359375,0.0029296875
BAL,image,61,02/test/ko/0061.png,4096,3669,3671,47,49,3622,378,0,0,0.895751953125,0.896240234375,0.011474609375,0.011962890625
BAL,image,62,02/test/ko/0062.png,4096,3974,3970,14,10,3960,112,0,0,0.97021484375,0.96923828125,0.00341796875,0.00244140625
BAL,image,63,02/test/ko/0063.png,4096,3461,3444,62,45,3399,590,0,0,0.844970703125,0.8408203125,0.01513671875,0.010986328125
BAL,image,64,02/test/ko/0064.png,4096,3440,3487,41,88,3399,568,0,0,0.83984375,0.851318359375,0.010009765625,0.021484375
BAL,image,65,02/test/ko/0065.png,3968,3727,3699,43,15,3684,226,0,0,0.9392641129032258,0.9322076612903226,0.010836693548387098,0.003780241935483871
BAL,image,66,02/test/ko/0066.png,4096,3877,3834,55,12,3822,207,0,0,0.946533203125,0.93603515625,0.013427734375,0.0029296875
BAL,image,67,02/test/ko/0067.png,4096,3363,3368,33,38,3330,695,0,0,0.821044921875,0.822265625,0.008056640625,0.00927734375
BAL,image,68,02/test/ko/0068.png,4096,3374,3378,46,50,3328,672,0,0,0.82373046875,0.82470703125,0.01123046875,0.01220703125
BAL,image,69,02/test/ko/0069.png,4096,3959,3947,14,2,3945,135,0,0,0.966552734375,0.963623046875,0.00341796875,0.00048828125
BAL,image,70,02/test/ko/0070.png,896,809,807,7,5,802,82,0,0,0.9029017857142857,0.9006696428571429,0.0078125,0.005580357142857143
BAL,image,71,02/test/ko/0071.png,1280,1015,998,21,4,994,261,0,0,0.79296875,0.7796875,0.01640625,0.003125
BAL,image,72,02/test/ko/0072.png,4096,3561,3564,42,45,3519,490,0,0,0.869384765625,0.8701171875,0.01025390625,0.010986328125
BAL,image,73,02/test/ko/0073.png,1408,1314,1308,8,2,1306,92,0,0,0.9332386363636364,0.9289772727272727,0.005681818181818182,0.0014204545454545455
BAL,image,74,02/test/ko/0074.png,704,694,684,12,2,682,8,0,0,0.9857954545454546,0.9715909090909091,0.017045454545454544,0.002840909090909091
BAL,image,75,02/test/ko/0075.png,4096,3296,3314,51,69,3245,731,0,0,0.8046875,0.80908203125,0.012451171875,0.016845703125
BAL,image,76,02/test/ko/0076.png,4096,3842,3816,37,11,3805,243,0,0,0.93798828125,0.931640625,0.009033203125,0.002685546875
BAL,image,77,02/test/ko/0077.png,4096,3742,3735,28,21,3714,333,0,0,0.91357421875,0.911865234375,0.0068359375,0.005126953125
BAL,image,78,02/test/ko/0078.png,4096,3866,3854,34,22,3832,208,0,0,0.94384765625,0.94091796875,0.00830078125,0.00537109375
BAL,image,79,02/test/ko/0079.png,4096,3886,3835,62,11,3824,199,0,0,0.94873046875,0.936279296875,0.01513671875,0.002685546875
BAL,image,80,02/test/ko/0080.png,2112,1881,1822,68,9,1813,222,0,0,0.890625,0.8626893939393939,0.032196969696969696,0.004261363636363636
BAL,image,81,02/test/ko/0081.png,1152,1088,1087,1,0,1087,64,0,0,0.9444444444444444,0.9435763888888888,0.0008680555555555555,0.0
BAL,image,82,02/test/ko/0082.png,640,515,531,14,30,501,95,0,0,0.8046875,0.8296875,0.021875,0.046875
BAL,image,83,02/test/ko/0083.png,960,951,956,1,6,950,3,0,0,0.990625,0.9958333333333333,0.0010416666666666667,0.00625
BAL,image,84,02/test/ko/0084.png,320,314,319,0,5,314,1,0,0,0.98125,0.996875,0.0,0.015625
BAL,image,85,02/test/ko/0085.png,1664,1468,1432,46,10,1422,186,0,0,0.8822115384615384,0.8605769230769231,0.027644230769230768,0.006009615384615385
BAL,image,86,02/test/ko/0086.png,640,640,640,0,0,640,0,0,0,1.0,1.0,0.0,0.0
BAL,image,87,02/test/ko/0087.png,4096,2883,2925,157,199,2726,1014,0,0,0.703857421875,0.714111328125,0.038330078125,0.048583984375
BAL,image,88,02/test/ko/0088.png,320,254,198,56,0,198,66,0,0,0.79375,0.61875,0.175,0.0
BAL,image,89,02/test/ko/0089.png,576,532,509,25,2,507,42,0,0,0.9236111111111112,0.8836805555555556,0.043402777777777776,0.003472222222222222
BAL,image,90,02/test/ko/0090.png,320,315,318,1,4,314,1,0,0,0.984375,0.99375,0.003125,0.0125
BAL,image,91,02/test/ko/0091.png,640,636,635,1,0,635,4,0,0,0.99375,0.9921875,0.0015625,0.0
BAL,image,92,02/test/ko/0092.png,320,313,314,2,3,311,4,0,0,0.978125,0.98125,0.00625,0.009375
BAL,image,93,02/test/ko/0093.png,512,453,427,30,4,423,55,0,0,0.884765625,0.833984375,0.05859375,0.0078125
BAL,image,94,02/test/ko/0094.png,1152,1081,1078,16,13,1065,58,0,0,0.9383680555555556,0.9357638888888888,0.013888888888888888,0.011284722222222222
BAL,image,95,02/test/ko/0095.png,256,252,253,1,2,251,2,0,0,0.984375,0.98828125,0.00390625,0.0078125
BAL,image,96,02/test/ko/0096.png,960,870,845,38,13,832,77,0,0,0.90625,0.8802083333333334,0.03958333333333333,0.013541666666666667
BAL,image,97,02/test/ko/0097.png,320,258,256,4,2,254,60,0,0,0.80625,0.8,0.0125,0.00625
BAL,image,98,02/test/ko/0098.png,256,256,256,0,0,256,0,0,0,1.0,1.0,0.0,0.0
BAL,image,99,02/test/ko/0099.png,320,320,311,9,0,311,0,0,0,1.0,0.971875,0.028125,0.0
BAL,image,100,02/test/ko/0100.png,320,319,319,0,0,319,1,0,0,0.996875,0.996875,0.0,0.0
BAL,image,101,02/test/ko/0101.png,320,320,320,0,0,320,0,0,0,1.0,1.0,0.0,0.0
BAL,image,102,02/test/ko/0102.png,1024,942,944,10,12,932,70,0,0,0.919921875,0.921875,0.009765625,0.01171875
BAL,image,103,02/test/ko/0103.png,1280,748,727,68,47,680,485,0,0,0.584375,0.56796875,0.053125,0.03671875
BAL,image,104,02/test/ko/0104.png,320,320,319,1,0,319,0,0,0,1.0,0.996875,0.003125,0.0
BAL,image,105,02/test/ko/0105.png,1536,1022,994,98,70,924,444,0,0,0.6653645833333334,0.6471354166666666,0.06380208333333333,0.045572916666666664
BAL,image,106,02/test/ko/0106.png,2560,2218,2191,76,49,2142,293,0,0,0.86640625,0.855859375,0.0296875,0.019140625
BAL,image,107,02/test/ko/0107.png,896,789,788,12,11,777,96,0,0,0.8805803571428571,0.8794642857142857,0.013392857142857142,0.012276785714285714
BAL,image,108,02/test/ko/0108.png,1152,688,705,50,67,638,397,0,0,0.5972222222222222,0.6119791666666666,0.043402777777777776,0.058159722222222224
BAL,image,109,02/test/ko/0109.png,320,320,320,0,0,320,0,0,0,1.0,1.0,0.0,0.0
BAL,image,110,02/test/ko/0110.png,2816,2216,2200,115,99,2101,501,0,0,0.7869318181818182,0.78125,0.040838068181818184,0.03515625
BAL,image,111,02/test/ko/0111.png,576,526,512,18,4,508,46,0,0,0.9131944444444444,0.8888888888888888,0.03125,0.006944444444444444
BAL,image,112,02/test/ko/0112.png,256,241,202,39,0,202,15,0,0,0.94140625,0.7890625,0.15234375,0.0
BAL,image,113,02/test/ko/0113.png,768,739,723,17,1,722,28,0,0,0.9622395833333334,0.94140625,0.022135416666666668,0.0013020833333333333
BAL,image,114,02/test/ko/0114.png,2048,1607,1576,86,55,1521,386,0,0,0.78466796875,0.76953125,0.0419921875,0.02685546875
BAL,image,115,02/test/ko/0115.png,512,462,475,0,13,462,37,0,0,0.90234375,0.927734375,0.0,0.025390625
BAL,image,116,02/test/ko/0116.png,576,401,360,54,13,347,162,0,0,0.6961805555555556,0.625,0.09375,0.022569444444444444
BAL,image,117,02/test/ko/0117.png,832,745,735,19,9,726,78,0,0,0.8954326923076923,0.8834134615384616,0.02283653846153846,0.010817307692307692
BAL,image,118,02/test/ko/0118.png,384,375,374,3,2,372,7,0,0,0.9765625,0.9739583333333334,0.0078125,0.005208333333333333
BAL,image,119,02/test/ko/0119.png,320,245,196,58,9,187,66,0,0,0.765625,0.6125,0.18125,0.028125
BAL,image,120,02/test/ko/0120.png,256,256,256,0,0,256,0,0,0,1.0,1.0,0.0,0.0
BAL,image,121,02/test/ko/0121.png,1792,1318,1310,98,90,1220,384,0,0,0.7354910714285714,0.7310267857142857,0.0546875,0.05022321428571429
BAL,image,122,02/test/ko/0122.png,320,257,231,27,1,230,62,0,0,0.803125,0.721875,0.084375,0.003125
BAL,image,123,02/test/ko/0123.png,256,217,218,3,4,214,35,0,0,0.84765625,0.8515625,0.01171875,0.015625
BAL,image,124,02/test/ko/0124.png,1280,1166,1147,31,12,1135,102,0,0,0.9109375,0.89609375,0.02421875,0.009375
BAL,image,125,02/test/ko/0125.png,192,190,190,2,2,188,0,0,0,0.9895833333333334,0.9895833333333334,0.010416666666666666,0.010416666666666666
BAL,image,126,02/test/ko/0126.png,1536,1352,1307,60,15,1292,169,0,0,0.8802083333333334,0.8509114583333334,0.0390625,0.009765625
BAL,image,127,02/test/ko/0127.png,320,312,301,15,4,297,4,0,0,0.975,0.940625,0.046875,0.0125
BAL,image,128,02/test/ko/0128.png,2880,2148,2203,102,157,2046,575,0,0,0.7458333333333333,0.7649305555555556,0.035416666666666666,0.05451388888888889
BAL,image,129,02/test/ko/0129.png,384,381,361,20,0,361,3,0,0,0.9921875,0.9401041666666666,0.052083333333333336,0.0
BAL,image,130,02/test/ko/0130.png,256,207,212,10,15,197,34,0,0,0.80859375,0.828125,0.0390625,0.05859375
BAL,image,131,02/test/ko/0131.png,256,256,251,5,0,251,0,0,0,1.0,0.98046875,0.01953125,0.0
BAL,image,132,02/test/ko/0132.png,1920,1414,1354,151,91,1263,415,0,0,0.7364583333333333,0.7052083333333333,0.07864583333333333,0.04739583333333333
BAL,image,133,02/test/ko/0133.png,1024,727,671,79,23,648,274,0,0,0.7099609375,0.6552734375,0.0771484375,0.0224609375
BAL,image,134,02/test/ko/0134.png,1024,880,861,25,6,855,138,0,0,0.859375,0.8408203125,0.0244140625,0.005859375
BAL,image,135,02/test/ko/0135.png,512,477,467,13,3,464,32,0,0,0.931640625,0.912109375,0.025390625,0.005859375
BAL,image,136,02/test/ko/0136.png,320,320,316,4,0,316,0,0,0,1.0,0.9875,0.0125,0.0
BAL,image,137,02/test/ko/0137.png,320,271,238,43,10,228,39,0,0,0.846875,0.74375,0.134375,0.03125
BAL,image,138,02/test/ko/0138.png,320,317,308,9,0,308,3,0,0,0.990625,0.9625,0.028125,0.0
BAL,image,139,02/test/ko/0139.png,256,254,251,4,1,250,1,0,0,0.9921875,0.98046875,0.015625,0.00390625
BAL,image,140,02/test/ko/0140.png,576,576,576,0,0,576,0,0,0,1.0,1.0,0.0,0.0
BAL,image,141,02/test/ko/0141.png,640,482,364,119,1,363,157,0,0,0.753125,0.56875,0.1859375,0.0015625
BAL,image,142,02/test/ko/0142.png,768,622,618,34,30,588,116,0,0,0.8098958333333334,0.8046875,0.044270833333333336,0.0390625
BAL,image,143,02/test/ko/0143.png,512,512,512,0,0,512,0,0,0,1.0,1.0,0.0,0.0
BAL,image,144,02/test/ko/0144.png,320,310,312,0,2,310,8,0,0,0.96875,0.975,0.0,0.00625
BAL,image,145,02/test/ko/0145.png,0,0,0,0,0,0,0,0,0,,,,
BAL,image,146,02/test/ko/0146.png,256,256,256,0,0,256,0,0,0,1.0,1.0,0.0,0.0
BAL,image,147,02/test/ko/0147.png,512,355,331,38,14,317,143,0,0,0.693359375,0.646484375,0.07421875,0.02734375
BAL,image,148,02/test/ko/0148.png,384,375,373,7,5,368,4,0,0,0.9765625,0.9713541666666666,0.018229166666666668,0.013020833333333334
BAL,image,149,02/test/ko/0149.png,320,276,264,20,8,256,36,0,0,0.8625,0.825,0.0625,0.025
BAL,image,150,02/test/ko/0150.png,768,527,521,39,33,488,208,0,0,0.6861979166666666,0.6783854166666666,0.05078125,0.04296875
BAL,image,151,02/test/ko/0151.png,320,254,234,28,8,226,58,0,0,0.79375,0.73125,0.0875,0.025
BAL,image,152,02/test/ko/0152.png,640,595,570,28,3,567,42,0,0,0.9296875,0.890625,0.04375,0.0046875
BAL,image,153,02/test/ko/0153.png,2048,1756,1758,61,63,1695,229,0,0,0.857421875,0.8583984375,0.02978515625,0.03076171875
BAL,image,154,02/test/ko/0154.png,256,206,195,14,3,192,47,0,0,0.8046875,0.76171875,0.0546875,0.01171875
BAL,image,155,02/test/ko/0155.png,896,696,634,76,14,620,186,0,0,0.7767857142857143,0.7075892857142857,0.08482142857142858,0.015625
BAL,image,156,02/test/ko/0156.png,384,356,328,28,0,328,28,0,0,0.9270833333333334,0.8541666666666666,0.07291666666666667,0.0
BAL,image,157,02/test/ko/0157.png,256,245,255,0,10,245,1,0,0,0.95703125,0.99609375,0.0,0.0390625
BAL,image,158,02/test/ko/0158.png,320,291,285,15,9,276,20,0,0,0.909375,0.890625,0.046875,0.028125
BAL,image,159,02/test/ko/0159.png,320,259,251,15,7,244,54,0,0,0.809375,0.784375,0.046875,0.021875
BAL,image,160,02/test/ko/0160.png,320,320,320,0,0,320,0,0,0,1.0,1.0,0.0,0.0
BAL,image,161,02/test/ko/0161.png,256,251,233,18,0,233,5,0,0,0.98046875,0.91015625,0.0703125,0.0
BAL,image,162,02/test/ko/0162.png,896,652,635,46,29,606,215,0,0,0.7276785714285714,0.7087053571428571,0.05133928571428571,0.03236607142857143
BAL,image,163,02/test/ko/0163.png,320,320,320,0,0,320,0,0,0,1.0,1.0,0.0,0.0
BAL,image,164,02/test/ko/0164.png,448,429,426,4,1,425,18,0,0,0.9575892857142857,0.9508928571428571,0.008928571428571428,0.002232142857142857
BAL,image,165,02/test/ko/0165.png,1024,846,795,78,27,768,151,0,0,0.826171875,0.7763671875,0.076171875,0.0263671875
BAL,image,166,02/test/ko/0166.png,448,392,400,8,16,384,40,0,0,0.875,0.8928571428571429,0.017857142857142856,0.03571428571428571
BAL,image,167,02/test/ko/0167.png,384,382,382,0,0,382,2,0,0,0.9947916666666666,0.9947916666666666,0.0,0.0
BAL,image,168,02/test/ko/0168.png,512,494,492,7,5,487,13,0,0,0.96484375,0.9609375,0.013671875,0.009765625
BAL,image,169,02/test/ko/0169.png,192,157,143,14,0,143,35,0,0,0.8177083333333334,0.7447916666666666,0.07291666666666667,0.0
BAL,image,170,02/test/ko/0170.png,512,424,432,8,16,416,72,0,0,0.828125,0.84375,0.015625,0.03125
BAL,image,171,02/test/ko/0171.png,512,510,507,5,2,505,0,0,0,0.99609375,0.990234375,0.009765625,0.00390625
BAL,image,172,02/test/ko/0172.png,448,309,329,20,40,289,99,0,0,0.6897321428571429,0.734375,0.044642857142857144,0.08928571428571429
BAL,image,173,02/test/ko/0173.png,192,166,152,15,1,151,25,0,0,0.8645833333333334,0.7916666666666666,0.078125,0.005208333333333333
BAL,image,174,02/test/ko/0174.png,1344,1308,1304,7,3,1301,33,0,0,0.9732142857142857,0.9702380952380952,0.005208333333333333,0.002232142857142857
BAL,image,175,02/test/ko/0175.png,192,131,147,0,16,131,45,0,0,0.6822916666666666,0.765625,0.0,0.08333333333333333
BAL,image,176,02/test/ko/0176.png,320,318,318,1,1,317,1,0,0,0.99375,0.99375,0.003125,0.003125
BAL,image,177,02/test/ko/0177.png,3136,1480,1393,273,186,1207,1470,0,0,0.4719387755102041,0.44419642857142855,0.08705357142857142,0.05931122448979592
BAL,image,178,02/test/ko/0178.png,256,256,252,4,0,252,0,0,0,1.0,0.984375,0.015625,0.0
BAL,image,179,02/test/ko/0179.png,256,233,239,1,7,232,16,0,0,0.91015625,0.93359375,0.00390625,0.02734375
BAL,image,180,02/test/ko/0180.png,384,375,382,1,8,374,1,0,0,0.9765625,0.9947916666666666,0.0026041666666666665,0.020833333333333332
BAL,image,181,02/test/ko/0181.png,768,653,612,48,7,605,108,0,0,0.8502604166666666,0.796875,0.0625,0.009114583333333334
BAL,image,182,02/test/ko/0182.png,384,322,309,30,17,292,45,0,0,0.8385416666666666,0.8046875,0.078125,0.044270833333333336
BAL,image,183,02/test/ko/0183.png,256,239,233,7,1,232,16,0,0,0.93359375,0.91015625,0.02734375,0.00390625
BAL,image,184,02/test/ko/0184.png,512,485,477,10,2,475,25,0,0,0.947265625,0.931640625,0.01953125,0.00390625
BAL,image,185,02/test/ko/0185.png,448,448,446,2,0,446,0,0,0,1.0,0.9955357142857143,0.004464285714285714,0.0
BAL,image,186,02/test/ko/0186.png,320,268,252,17,1,251,51,0,0,0.8375,0.7875,0.053125,0.003125
BAL,image,187,02/test/ko/0187.png,896,630,665,38,73,592,193,0,0,0.703125,0.7421875,0.04241071428571429,0.08147321428571429
BAL,image,188,02/test/ko/0188.png,4096,3549,3502,117,70,3432,477,0,0,0.866455078125,0.85498046875,0.028564453125,0.01708984375
BAL,image,189,02/test/ko/0189.png,4096,3586,3552,61,27,3525,483,0,0,0.87548828125,0.8671875,0.014892578125,0.006591796875
BAL,image,190,02/test/ko/0190.png,4096,3616,3604,36,24,3580,456,0,0,0.8828125,0.8798828125,0.0087890625,0.005859375
BAL,image,191,02/test/ko/0191.png,4096,3738,3731,37,30,3701,328,0,0,0.91259765625,0.910888671875,0.009033203125,0.00732421875
BAL,image,192,02/test/ko/0192.png,1536,1507,1510,1,4,1506,25,0,0,0.9811197916666666,0.9830729166666666,0.0006510416666666666,0.0026041666666666665
BAL,image,193,02/test/ko/0193.png,4096,3458,3450,52,44,3406,594,0,0,0.84423828125,0.84228515625,0.0126953125,0.0107421875
BAL,image,194,02/test/ko/0194.png,4096,3913,3908,25,20,3888,163,0,0,0.955322265625,0.9541015625,0.006103515625,0.0048828125
BAL,image,195,02/test/ko/0195.png,3072,2927,2905,41,19,2886,126,0,0,0.9527994791666666,0.9456380208333334,0.013346354166666666,0.006184895833333333
BAL,image,196,02/test/ko/0196.png,704,599,591,11,3,588,102,0,0,0.8508522727272727,0.8394886363636364,0.015625,0.004261363636363636
BAL,image,197,02/test/ko/0197.png,4096,3489,3489,45,45,3444,562,0,0,0.851806640625,0.851806640625,0.010986328125,0.010986328125
BAL,image,198,02/test/ko/0198.png,4096,3832,3829,27,24,3805,240,0,0,0.935546875,0.934814453125,0.006591796875,0.005859375
BAL,image,199,02/test/ko/0199.png,4096,3245,3233,51,39,3194,812,0,0,0.792236328125,0.789306640625,0.012451171875,0.009521484375
BAL,image,200,02/test/ok/0000.png,0,0,0,0,0,0,0,0,0,,,,
BAL,image,201,02/test/ok/0001.png,0,0,0,0,0,0,0,0,0,,,,
BAL,image,202,02/test/ok/0002.png,0,0,0,0,0,0,0,0,0,,,,
BAL,image,203,02/test/ok/0003.png,0,0,0,0,0,0,0,0,0,,,,
BAL,image,204,02/test/ok/0004.png,0,0,0,0,0,0,0,0,0,,,,
BAL,image,205,02/test/ok/0005.png,0,0,0,0,0,0,0,0,0,,,,
BAL,image,206,02/test/ok/0006.png,0,0,0,0,0,0,0,0,0,,,,
BAL,image,207,02/test/ok/0007.png,0,0,0,0,0,0,0,0,0,,,,
BAL,image,208,02/test/ok/0008.png,0,0,0,0,0,0,0,0,0,,,,
BAL,image,209,02/test/ok/0009.png,0,0,0,0,0,0,0,0,0,,,,
BAL,image,210,02/test/ok/0010.png,0,0,0,0,0,0,0,0,0,,,,
BAL,image,211,02/test/ok/0011.png,0,0,0,0,0,0,0,0,0,,,,
BAL,image,212,02/test/ok/0012.png,0,0,0,0,0,0,0,0,0,,,,
BAL,image,213,02/test/ok/0013.png,0,0,0,0,0,0,0,0,0,,,,
BAL,image,214,02/test/ok/0014.png,0,0,0,0,0,0,0,0,0,,,,
BAL,image,215,02/test/ok/0015.png,0,0,0,0,0,0,0,0,0,,,,
BAL,image,216,02/test/ok/0016.png,0,0,0,0,0,0,0,0,0,,,,
BAL,image,217,02/test/ok/0017.png,0,0,0,0,0,0,0,0,0,,,,
BAL,image,218,02/test/ok/0018.png,0,0,0,0,0,0,0,0,0,,,,
BAL,image,219,02/test/ok/0019.png,0,0,0,0,0,0,0,0,0,,,,
BAL,image,220,02/test/ok/0020.png,0,0,0,0,0,0,0,0,0,,,,
BAL,image,221,02/test/ok/0021.png,0,0,0,0,0,0,0,0,0,,,,
BAL,image,222,02/test/ok/0022.png,0,0,0,0,0,0,0,0,0,,,,
BAL,image,223,02/test/ok/0023.png,0,0,0,0,0,0,0,0,0,,,,
BAL,image,224,02/test/ok/0024.png,0,0,0,0,0,0,0,0,0,,,,
BAL,image,225,02/test/ok/0025.png,0,0,0,0,0,0,0,0,0,,,,
BAL,image,226,02/test/ok/0026.png,0,0,0,0,0,0,0,0,0,,,,
BAL,image,227,02/test/ok/0027.png,0,0,0,0,0,0,0,0,0,,,,
BAL,image,228,02/test/ok/0028.png,0,0,0,0,0,0,0,0,0,,,,
BAL,image,229,02/test/ok/0029.png,0,0,0,0,0,0,0,0,0,,,,
BAL,aggregate,-1,__ALL__,415616,365766,363207,6901,4342,358865,45508,0,0,0.8800575531259625,0.8739004273175238,0.01660426932553126,0.010447143517092701
DUP,image,0,02/test/ko/0000.png,4096,3456,3432,42,18,3414,622,0,0,0.84375,0.837890625,0.01025390625,0.00439453125
DUP,image,1,02/test/ko/0001.png,4096,3645,3639,30,24,3615,427,0,0,0.889892578125,0.888427734375,0.00732421875,0.005859375
DUP,image,2,02/test/ko/0002.png,4096,3662,3643,54,35,3608,399,0,0,0.89404296875,0.889404296875,0.01318359375,0.008544921875
DUP,image,3,02/test/ko/0003.png,4032,3462,3467,31,36,3431,534,0,0,0.8586309523809523,0.8598710317460317,0.007688492063492063,0.008928571428571428
DUP,image,4,02/test/ko/0004.png,4096,3567,3585,7,25,3560,504,0,0,0.870849609375,0.875244140625,0.001708984375,0.006103515625
DUP,image,5,02/test/ko/0005.png,4096,3112,3117,29,34,3083,950,0,0,0.759765625,0.760986328125,0.007080078125,0.00830078125
DUP,image,6,02/test/ko/0006.png,4096,3436,3455,15,34,3421,626,0,0,0.8388671875,0.843505859375,0.003662109375,0.00830078125
DUP,image,7,02/test/ko/0007.png,4096,3568,3556,26,14,3542,514,0,0,0.87109375,0.8681640625,0.00634765625,0.00341796875
DUP,image,8,02/test/ko/0008.png,4096,3559,3543,29,13,3530,524,0,0,0.868896484375,0.864990234375,0.007080078125,0.003173828125
DUP,image,9,02/test/ko/0009.png,4096,3744,3740,15,11,3729,341,0,0,0.9140625,0.9130859375,0.003662109375,0.002685546875
DUP,image,10,02/test/ko/0010.png,4096,3035,3001,56,22,2979,1039,0,0,0.740966796875,0.732666015625,0.013671875,0.00537109375
DUP,image,11,02/test/ko/0011.png,1856,1671,1673,28,30,1643,155,0,0,0.900323275862069,0.9014008620689655,0.015086206896551725,0.016163793103448277
DUP,image,12,02/test/ko/0012.png,4096,3441,3429,25,13,3416,642,0,0,0.840087890625,0.837158203125,0.006103515625,0.003173828125
DUP,image,13,02/test/ko/0013.png,4096,3718,3736,16,34,3702,344,0,0,0.90771484375,0.912109375,0.00390625,0.00830078125
DUP,image,14,02/test/ko/0014.png,4096,2960,2957,31,28,2929,1108,0,0,0.72265625,0.721923828125,0.007568359375,0.0068359375
DUP,image,15,02/test/ko/0015.png,4096,3485,3479,33,27,3452,584,0,0,0.850830078125,0.849365234375,0.008056640625,0.006591796875
DUP,image,16,02/test/ko/0016.png,4096,3655,3632,44,21,3611,420,0,0,0.892333984375,0.88671875,0.0107421875,0.005126953125
DUP,image,17,02/test/ko/0017.png,4096,3719,3712,26,19,3693,358,0,0,0.907958984375,0.90625,0.00634765625,0.004638671875
DUP,image,18,02/test/ko/0018.png,4096,3973,3970,8,5,3965,118,0,0,0.969970703125,0.96923828125,0.001953125,0.001220703125
DUP,image,19,02/test/ko/0019.png,1600,1472,1491,2,21,1470,107,0,0,0.92,0.931875,0.00125,0.013125
DUP,image,20,02/test/ko/0020.png,3712,3361,3365,4,8,3357,343,0,0,0.9054418103448276,0.9065193965517241,0.0010775862068965517,0.0021551724137931034
DUP,image,21,02/test/ko/0021.png,4096,3638,3601,59,22,3579,436,0,0,0.88818359375,0.879150390625,0.014404296875,0.00537109375
DUP,image,22,02/test/ko/0022.png,4096,3781,3766,24,9,3757,306,0,0,0.923095703125,0.91943359375,0.005859375,0.002197265625
DUP,image,23,02/test/ko/0023.png,4096,3705,3697,31,23,3674,368,0,0,0.904541015625,0.902587890625,0.007568359375,0.005615234375
DUP,image,24,02/test/ko/0024.png,4096,3655,3658,17,20,3638,421,0,0,0.892333984375,0.89306640625,0.004150390625,0.0048828125
DUP,image,25,02/test/ko/0025.png,4096,3608,3605,20,17,3588,471,0,0,0.880859375,0.880126953125,0.0048828125,0.004150390625
DUP,image,26,02/test/ko/0026.png,4096,3353,3345,23,15,3330,728,0,0,0.818603515625,0.816650390625,0.005615234375,0.003662109375
DUP,image,27,02/test/ko/0027.png,256,244,243,1,0,243,12,0,0,0.953125,0.94921875,0.00390625,0.0
DUP,image,28,02/test/ko/0028.png,4096,3109,3106,39,36,3070,951,0,0,0.759033203125,0.75830078125,0.009521484375,0.0087890625
DUP,image,29,02/test/ko/0029.png,4096,3875,3880,7,12,3868,209,0,0,0.946044921875,0.947265625,0.001708984375,0.0029296875
DUP,image,30,02/test/ko/0030.png,4096,3759,3733,35,9,3724,328,0,0,0.917724609375,0.911376953125,0.008544921875,0.002197265625
DUP,image,31,02/test/ko/0031.png,960,890,898,3,11,887,59,0,0,0.9270833333333334,0.9354166666666667,0.003125,0.011458333333333333
DUP,image,32,02/test/ko/0032.png,4096,3264,3228,51,15,3213,817,0,0,0.796875,0.7880859375,0.012451171875,0.003662109375
DUP,image,33,02/test/ko/0033.png,896,820,838,1,19,819,57,0,0,0.9151785714285714,0.9352678571428571,0.0011160714285714285,0.021205357142857144
DUP,image,34,02/test/ko/0034.png,3008,2833,2838,6,11,2827,164,0,0,0.9418218085106383,0.9434840425531915,0.0019946808510638296,0.0036569148936170214
DUP,image,35,02/test/ko/0035.png,4096,3715,3717,14,16,3701,365,0,0,0.906982421875,0.907470703125,0.00341796875,0.00390625
DUP,image,36,02/test/ko/0036.png,4096,3226,3229,24,27,3202,843,0,0,0.78759765625,0.788330078125,0.005859375,0.006591796875
DUP,image,37,02/test/ko/0037.png,4096,3731,3724,17,10,3714,355,0,0,0.910888671875,0.9091796875,0.004150390625,0.00244140625
DUP,image,38,02/test/ko/0038.png,4096,3727,3718,24,15,3703,354,0,0,0.909912109375,0.90771484375,0.005859375,0.003662109375
DUP,image,39,02/test/ko/0039.png,4096,3685,3689,29,33,3656,378,0,0,0.899658203125,0.900634765625,0.007080078125,0.008056640625
DUP,image,40,02/test/ko/0040.png,4096,3880,3873,16,9,3864,207,0,0,0.947265625,0.945556640625,0.00390625,0.002197265625
DUP,image,41,02/test/ko/0041.png,4096,3661,3662,14,15,3647,420,0,0,0.893798828125,0.89404296875,0.00341796875,0.003662109375
DUP,image,42,02/test/ko/0042.png,768,714,705,9,0,705,54,0,0,0.9296875,0.91796875,0.01171875,0.0
DUP,image,43,02/test/ko/0043.png,4096,3698,3698,18,18,3680,380,0,0,0.90283203125,0.90283203125,0.00439453125,0.00439453125
DUP,image,44,02/test/ko/0044.png,4096,3790,3783,23,16,3767,290,0,0,0.92529296875,0.923583984375,0.005615234375,0.00390625
DUP,image,45,02/test/ko/0045.png,4096,2992,2992,35,35,2957,1069,0,0,0.73046875,0.73046875,0.008544921875,0.008544921875
DUP,image,46,02/test/ko/0046.png,4096,3265,3273,24,32,3241,799,0,0,0.797119140625,0.799072265625,0.005859375,0.0078125
DUP,image,47,02/test/ko/0047.png,4096,3381,3390,29,38,3352,677,0,0,0.825439453125,0.82763671875,0.007080078125,0.00927734375
DUP,image,48,02/test/ko/0048.png,4096,3303,3267,51,15,3252,778,0,0,0.806396484375,0.797607421875,0.012451171875,0.003662109375
DUP,image,49,02/test/ko/0049.png,4096,3643,3654,9,20,3634,433,0,0,0.889404296875,0.89208984375,0.002197265625,0.0048828125
DUP,image,50,02/test/ko/0050.png,4096,3544,3515,43,14,3501,538,0,0,0.865234375,0.858154296875,0.010498046875,0.00341796875
DUP,image,51,02/test/ko/0051.png,4096,3649,3634,22,7,3627,440,0,0,0.890869140625,0.88720703125,0.00537109375,0.001708984375
DUP,image,52,02/test/ko/0052.png,4096,3864,3861,11,8,3853,224,0,0,0.943359375,0.942626953125,0.002685546875,0.001953125
DUP,image,53,02/test/ko/0053.png,4096,3972,3971,8,7,3964,117,0,0,0.9697265625,0.969482421875,0.001953125,0.001708984375
DUP,image,54,02/test/ko/0054.png,3712,3178,3105,84,11,3094,523,0,0,0.8561422413793104,0.8364762931034483,0.022629310344827586,0.002963362068965517
DUP,image,55,02/test/ko/0055.png,4032,3834,3839,9,14,3825,184,0,0,0.9508928571428571,0.9521329365079365,0.002232142857142857,0.003472222222222222
DUP,image,56,02/test/ko/0056.png,4096,3941,3941,8,8,3933,147,0,0,0.962158203125,0.962158203125,0.001953125,0.001953125
DUP,image,57,02/test/ko/0057.png,4096,3596,3585,30,19,3566,481,0,0,0.8779296875,0.875244140625,0.00732421875,0.004638671875
DUP,image,58,02/test/ko/0058.png,4096,3537,3522,31,16,3506,543,0,0,0.863525390625,0.85986328125,0.007568359375,0.00390625
DUP,image,59,02/test/ko/0059.png,4096,3865,3872,9,16,3856,215,0,0,0.943603515625,0.9453125,0.002197265625,0.00390625
DUP,image,60,02/test/ko/0060.png,4096,3762,3736,34,8,3728,326,0,0,0.91845703125,0.912109375,0.00830078125,0.001953125
DUP,image,61,02/test/ko/0061.png,4096,3648,3650,21,23,3627,425,0,0,0.890625,0.89111328125,0.005126953125,0.005615234375
DUP,image,62,02/test/ko/0062.png,4096,3957,3951,14,8,3943,131,0,0,0.966064453125,0.964599609375,0.00341796875,0.001953125
DUP,image,63,02/test/ko/0063.png,4096,3410,3411,32,33,3378,653,0,0,0.83251953125,0.832763671875,0.0078125,0.008056640625
DUP,image,64,02/test/ko/0064.png,4096,3425,3448,25,48,3400,623,0,0,0.836181640625,0.841796875,0.006103515625,0.01171875
DUP,image,65,02/test/ko/0065.png,3968,3658,3633,31,6,3627,304,0,0,0.921875,0.9155745967741935,0.0078125,0.0015120967741935483
DUP,image,66,02/test/ko/0066.png,4096,3849,3831,22,4,3827,243,0,0,0.939697265625,0.935302734375,0.00537109375,0.0009765625
DUP,image,67,02/test/ko/0067.png,4096,3316,3313,19,16,3297,764,0,0,0.8095703125,0.808837890625,0.004638671875,0.00390625
DUP,image,68,02/test/ko/0068.png,4096,3360,3365,21,26,3339,710,0,0,0.8203125,0.821533203125,0.005126953125,0.00634765625
DUP,image,69,02/test/ko/0069.png,4096,3916,3908,13,5,3903,175,0,0,0.9560546875,0.9541015625,0.003173828125,0.001220703125
DUP,image,70,02/test/ko/0070.png,896,818,814,5,1,813,77,0,0,0.9129464285714286,0.9084821428571429,0.005580357142857143,0.0011160714285714285
DUP,image,71,02/test/ko/0071.png,1280,986,975,14,3,972,291,0,0,0.7703125,0.76171875,0.0109375,0.00234375
DUP,image,72,02/test/ko/0072.png,4096,3558,3548,31,21,3527,517,0,0,0.86865234375,0.8662109375,0.007568359375,0.005126953125
DUP,image,73,02/test/ko/0073.png,1408,1294,1276,19,1,1275,113,0,0,0.9190340909090909,0.90625,0.013494318181818182,0.0007102272727272727
DUP,image,74,02/test/ko/0074.png,704,690,687,3,0,687,14,0,0,0.9801136363636364,0.9758522727272727,0.004261363636363636,0.0
DUP,image,75,02/test/ko/0075.png,4096,3086,3112,27,53,3059,957,0,0,0.75341796875,0.759765625,0.006591796875,0.012939453125
DUP,image,76,02/test/ko/0076.png,4096,3835,3821,28,14,3807,247,0,0,0.936279296875,0.932861328125,0.0068359375,0.00341796875
DUP,image,77,02/test/ko/0077.png,4096,3624,3621,14,11,3610,461,0,0,0.884765625,0.884033203125,0.00341796875,0.002685546875
DUP,image,78,02/test/ko/0078.png,4096,3746,3733,27,14,3719,336,0,0,0.91455078125,0.911376953125,0.006591796875,0.00341796875
DUP,image,79,02/test/ko/0079.png,4096,3830,3811,27,8,3803,258,0,0,0.93505859375,0.930419921875,0.006591796875,0.001953125
DUP,image,80,02/test/ko/0080.png,2112,1861,1840,42,21,1819,230,0,0,0.881155303030303,0.8712121212121212,0.019886363636363636,0.009943181818181818
DUP,image,81,02/test/ko/0081.png,1152,1084,1086,0,2,1084,66,0,0,0.9409722222222222,0.9427083333333334,0.0,0.001736111111111111
DUP,image,82,02/test/ko/0082.png,640,530,535,3,8,527,102,0,0,0.828125,0.8359375,0.0046875,0.0125
DUP,image,83,02/test/ko/0083.png,960,939,947,1,9,938,12,0,0,0.978125,0.9864583333333333,0.0010416666666666667,0.009375
DUP,image,84,02/test/ko/0084.png,320,307,312,1,6,306,7,0,0,0.959375,0.975,0.003125,0.01875
DUP,image,85,02/test/ko/0085.png,1664,1399,1380,28,9,1371,256,0,0,0.8407451923076923,0.8293269230769231,0.016826923076923076,0.005408653846153846
DUP,image,86,02/test/ko/0086.png,640,640,640,0,0,640,0,0,0,1.0,1.0,0.0,0.0
DUP,image,87,02/test/ko/0087.png,4096,2757,2808,95,146,2662,1193,0,0,0.673095703125,0.685546875,0.023193359375,0.03564453125
DUP,image,88,02/test/ko/0088.png,320,260,236,24,0,236,60,0,0,0.8125,0.7375,0.075,0.0
DUP,image,89,02/test/ko/0089.png,576,489,474,23,8,466,79,0,0,0.8489583333333334,0.8229166666666666,0.03993055555555555,0.013888888888888888
DUP,image,90,02/test/ko/0090.png,320,316,316,2,2,314,2,0,0,0.9875,0.9875,0.00625,0.00625
DUP,image,91,02/test/ko/0091.png,640,634,633,1,0,633,6,0,0,0.990625,0.9890625,0.0015625,0.0
DUP,image,92,02/test/ko/0092.png,320,311,315,0,4,311,5,0,0,0.971875,0.984375,0.0,0.0125
DUP,image,93,02/test/ko/0093.png,512,457,448,13,4,444,51,0,0,0.892578125,0.875,0.025390625,0.0078125
DUP,image,94,02/test/ko/0094.png,1152,1096,1095,7,6,1089,50,0,0,0.9513888888888888,0.9505208333333334,0.006076388888888889,0.005208333333333333
DUP,image,95,02/test/ko/0095.png,256,254,253,2,1,252,1,0,0,0.9921875,0.98828125,0.0078125,0.00390625
DUP,image,96,02/test/ko/0096.png,960,803,774,38,9,765,148,0,0,0.8364583333333333,0.80625,0.03958333333333333,0.009375
DUP,image,97,02/test/ko/0097.png,320,239,230,9,0,230,81,0,0,0.746875,0.71875,0.028125,0.0
DUP,image,98,02/test/ko/0098.png,256,256,256,0,0,256,0,0,0,1.0,1.0,0.0,0.0
DUP,image,99,02/test/ko/0099.png,320,314,311,3,0,311,6,0,0,0.98125,0.971875,0.009375,0.0
DUP,image,100,02/test/ko/0100.png,320,317,317,0,0,317,3,0,0,0.990625,0.990625,0.0,0.0
DUP,image,101,02/test/ko/0101.png,320,320,320,0,0,320,0,0,0,1.0,1.0,0.0,0.0
DUP,image,102,02/test/ko/0102.png,1024,959,957,13,11,946,54,0,0,0.9365234375,0.9345703125,0.0126953125,0.0107421875
DUP,image,103,02/test/ko/0103.png,1280,736,743,31,38,705,506,0,0,0.575,0.58046875,0.02421875,0.0296875
DUP,image,104,02/test/ko/0104.png,320,320,320,0,0,320,0,0,0,1.0,1.0,0.0,0.0
DUP,image,105,02/test/ko/0105.png,1536,989,964,77,52,912,495,0,0,0.6438802083333334,0.6276041666666666,0.050130208333333336,0.033854166666666664
DUP,image,106,02/test/ko/0106.png,2560,2168,2132,62,26,2106,366,0,0,0.846875,0.8328125,0.02421875,0.01015625
DUP,image,107,02/test/ko/0107.png,896,736,732,7,3,729,157,0,0,0.8214285714285714,0.8169642857142857,0.0078125,0.0033482142857142855
DUP,image,108,02/test/ko/0108.png,1152,732,714,63,45,669,375,0,0,0.6354166666666666,0.6197916666666666,0.0546875,0.0390625
DUP,image,109,02/test/ko/0109.png,320,320,320,0,0,320,0,0,0,1.0,1.0,0.0,0.0
DUP,image,110,02/test/ko/0110.png,2816,2068,2051,101,84,1967,664,0,0,0.734375,0.7283380681818182,0.03586647727272727,0.029829545454545456
DUP,image,111,02/test/ko/0111.png,576,513,507,7,1,506,62,0,0,0.890625,0.8802083333333334,0.012152777777777778,0.001736111111111111
DUP,image,112,02/test/ko/0112.png,256,248,244,4,0,244,8,0,0,0.96875,0.953125,0.015625,0.0
DUP,image,113,02/test/ko/0113.png,768,721,713,12,4,709,43,0,0,0.9388020833333334,0.9283854166666666,0.015625,0.005208333333333333
DUP,image,114,02/test/ko/0114.png,2048,1534,1523,70,59,1464,455,0,0,0.7490234375,0.74365234375,0.0341796875,0.02880859375
DUP,image,115,02/test/ko/0115.png,512,451,455,1,5,450,56,0,0,0.880859375,0.888671875,0.001953125,0.009765625
DUP,image,116,02/test/ko/0116.png,576,388,352,39,3,349,185,0,0,0.6736111111111112,0.6111111111111112,0.06770833333333333,0.005208333333333333
DUP,image,117,02/test/ko/0117.png,832,762,760,8,6,754,64,0,0,0.9158653846153846,0.9134615384615384,0.009615384615384616,0.007211538461538462
DUP,image,118,02/test/ko/0118.png,384,367,362,6,1,361,16,0,0,0.9557291666666666,0.9427083333333334,0.015625,0.0026041666666666665
DUP,image,119,02/test/ko/0119.png,320,251,242,15,6,236,63,0,0,0.784375,0.75625,0.046875,0.01875
DUP,image,120,02/test/ko/0120.png,256,256,256,0,0,256,0,0,0,1.0,1.0,0.0,0.0
DUP,image,121,02/test/ko/0121.png,1792,1284,1259,72,47,1212,461,0,0,0.7165178571428571,0.7025669642857143,0.04017857142857143,0.026227678571428572
DUP,image,122,02/test/ko/0122.png,320,188,184,6,2,182,130,0,0,0.5875,0.575,0.01875,0.00625
DUP,image,123,02/test/ko/0123.png,256,204,212,1,9,203,43,0,0,0.796875,0.828125,0.00390625,0.03515625
DUP,image,124,02/test/ko/0124.png,1280,1153,1151,15,13,1138,114,0,0,0.90078125,0.89921875,0.01171875,0.01015625
DUP,image,125,02/test/ko/0125.png,192,192,191,1,0,191,0,0,0,1.0,0.9947916666666666,0.005208333333333333,0.0
DUP,image,126,02/test/ko/0126.png,1536,1357,1331,36,10,1321,169,0,0,0.8834635416666666,0.8665364583333334,0.0234375,0.006510416666666667
DUP,image,127,02/test/ko/0127.png,320,293,281,13,1,280,26,0,0,0.915625,0.878125,0.040625,0.003125
DUP,image,128,02/test/ko/0128.png,2880,2184,2237,39,92,2145,604,0,0,0.7583333333333333,0.7767361111111111,0.013541666666666667,0.03194444444444444
DUP,image,129,02/test/ko/0129.png,384,373,371,2,0,371,11,0,0,0.9713541666666666,0.9661458333333334,0.005208333333333333,0.0
DUP,image,130,02/test/ko/0130.png,256,202,206,3,7,199,47,0,0,0.7890625,0.8046875,0.01171875,0.02734375
DUP,image,131,02/test/ko/0131.png,256,256,252,4,0,252,0,0,0,1.0,0.984375,0.015625,0.0
DUP,image,132,02/test/ko/0132.png,1920,1368,1387,63,82,1305,470,0,0,0.7125,0.7223958333333333,0.0328125,0.042708333333333334
DUP,image,133,02/test/ko/0133.png,1024,750,713,50,13,700,261,0,0,0.732421875,0.6962890625,0.048828125,0.0126953125
DUP,image,134,02/test/ko/0134.png,1024,901,880,25,4,876,119,0,0,0.8798828125,0.859375,0.0244140625,0.00390625
DUP,image,135,02/test/ko/0135.png,512,481,473,10,2,471,29,0,0,0.939453125,0.923828125,0.01953125,0.00390625
DUP,image,136,02/test/ko/0136.png,320,318,317,1,0,317,2,0,0,0.99375,0.990625,0.003125,0.0
DUP,image,137,02/test/ko/0137.png,320,273,255,20,2,253,45,0,0,0.853125,0.796875,0.0625,0.00625
DUP,image,138,02/test/ko/0138.png,320,320,320,0,0,320,0,0,0,1.0,1.0,0.0,0.0
DUP,image,139,02/test/ko/0139.png,256,256,255,1,0,255,0,0,0,1.0,0.99609375,0.00390625,0.0
DUP,image,140,02/test/ko/0140.png,576,576,576,0,0,576,0,0,0,1.0,1.0,0.0,0.0
DUP,image,141,02/test/ko/0141.png,640,471,422,54,5,417,164,0,0,0.7359375,0.659375,0.084375,0.0078125
DUP,image,142,02/test/ko/0142.png,768,606,600,26,20,580,142,0,0,0.7890625,0.78125,0.033854166666666664,0.026041666666666668
DUP,image,143,02/test/ko/0143.png,512,512,512,0,0,512,0,0,0,1.0,1.0,0.0,0.0
DUP,image,144,02/test/ko/0144.png,320,299,292,8,1,291,20,0,0,0.934375,0.9125,0.025,0.003125
DUP,image,145,02/test/ko/0145.png,0,0,0,0,0,0,0,0,0,,,,
DUP,image,146,02/test/ko/0146.png,256,250,251,1,2,249,4,0,0,0.9765625,0.98046875,0.00390625,0.0078125
DUP,image,147,02/test/ko/0147.png,512,368,350,21,3,347,141,0,0,0.71875,0.68359375,0.041015625,0.005859375
DUP,image,148,02/test/ko/0148.png,384,370,371,0,1,370,13,0,0,0.9635416666666666,0.9661458333333334,0.0,0.0026041666666666665
DUP,image,149,02/test/ko/0149.png,320,265,271,9,15,256,40,0,0,0.828125,0.846875,0.028125,0.046875
DUP,image,150,02/test/ko/0150.png,768,475,505,15,45,460,248,0,0,0.6184895833333334,0.6575520833333334,0.01953125,0.05859375
DUP,image,151,02/test/ko/0151.png,320,256,251,13,8,243,56,0,0,0.8,0.784375,0.040625,0.025
DUP,image,152,02/test/ko/0152.png,640,438,434,7,3,431,199,0,0,0.684375,0.678125,0.0109375,0.0046875
DUP,image,153,02/test/ko/0153.png,2048,1716,1718,38,40,1678,292,0,0,0.837890625,0.8388671875,0.0185546875,0.01953125
DUP,image,154,02/test/ko/0154.png,256,215,206,10,1,205,40,0,0,0.83984375,0.8046875,0.0390625,0.00390625
DUP,image,155,02/test/ko/0155.png,896,712,694,33,15,679,169,0,0,0.7946428571428571,0.7745535714285714,0.036830357142857144,0.016741071428571428
DUP,image,156,02/test/ko/0156.png,384,364,354,10,0,354,20,0,0,0.9479166666666666,0.921875,0.026041666666666668,0.0
DUP,image,157,02/test/ko/0157.png,256,195,208,0,13,195,48,0,0,0.76171875,0.8125,0.0,0.05078125
DUP,image,158,02/test/ko/0158.png,320,218,209,9,0,209,102,0,0,0.68125,0.653125,0.028125,0.0
DUP,image,159,02/test/ko/0159.png,320,218,224,10,16,208,86,0,0,0.68125,0.7,0.03125,0.05
DUP,image,160,02/test/ko/0160.png,320,320,320,0,0,320,0,0,0,1.0,1.0,0.0,0.0
DUP,image,161,02/test/ko/0161.png,256,252,251,1,0,251,4,0,0,0.984375,0.98046875,0.00390625,0.0
DUP,image,162,02/test/ko/0162.png,896,685,664,30,9,655,202,0,0,0.7645089285714286,0.7410714285714286,0.033482142857142856,0.010044642857142858
DUP,image,163,02/test/ko/0163.png,320,318,317,1,0,317,2,0,0,0.99375,0.990625,0.003125,0.0
DUP,image,164,02/test/ko/0164.png,448,409,404,7,2,402,37,0,0,0.9129464285714286,0.9017857142857143,0.015625,0.004464285714285714
DUP,image,165,02/test/ko/0165.png,1024,787,759,55,27,732,210,0,0,0.7685546875,0.7412109375,0.0537109375,0.0263671875
DUP,image,166,02/test/ko/0166.png,448,372,379,7,14,365,62,0,0,0.8303571428571429,0.8459821428571429,0.015625,0.03125
DUP,image,167,02/test/ko/0167.png,384,383,383,0,0,383,1,0,0,0.9973958333333334,0.9973958333333334,0.0,0.0
DUP,image,168,02/test/ko/0168.png,512,491,491,5,5,486,16,0,0,0.958984375,0.958984375,0.009765625,0.009765625
DUP,image,169,02/test/ko/0169.png,192,151,139,13,1,138,40,0,0,0.7864583333333334,0.7239583333333334,0.06770833333333333,0.005208333333333333
DUP,image,170,02/test/ko/0170.png,512,424,427,10,13,414,75,0,0,0.828125,0.833984375,0.01953125,0.025390625
DUP,image,171,02/test/ko/0171.png,512,494,485,10,1,484,17,0,0,0.96484375,0.947265625,0.01953125,0.001953125
DUP,image,172,02/test/ko/0172.png,448,293,297,18,22,275,133,0,0,0.6540178571428571,0.6629464285714286,0.04017857142857143,0.049107142857142856
DUP,image,173,02/test/ko/0173.png,192,163,156,8,1,155,28,0,0,0.8489583333333334,0.8125,0.041666666666666664,0.005208333333333333
DUP,image,174,02/test/ko/0174.png,1344,1306,1298,8,0,1298,38,0,0,0.9717261904761905,0.9657738095238095,0.005952380952380952,0.0
DUP,image,175,02/test/ko/0175.png,192,126,138,1,13,125,53,0,0,0.65625,0.71875,0.005208333333333333,0.06770833333333333
DUP,image,176,02/test/ko/0176.png,320,314,309,5,0,309,6,0,0,0.98125,0.965625,0.015625,0.0
DUP,image,177,02/test/ko/0177.png,3136,1336,1329,160,153,1176,1647,0,0,0.4260204081632653,0.42378826530612246,0.05102040816326531,0.04878826530612245
DUP,image,178,02/test/ko/0178.png,256,256,251,5,0,251,0,0,0,1.0,0.98046875,0.01953125,0.0
DUP,image,179,02/test/ko/0179.png,256,241,237,5,1,236,14,0,0,0.94140625,0.92578125,0.01953125,0.00390625
DUP,image,180,02/test/ko/0180.png,384,358,370,3,15,355,11,0,0,0.9322916666666666,0.9635416666666666,0.0078125,0.0390625
DUP,image,181,02/test/ko/0181.png,768,605,600,20,15,585,148,0,0,0.7877604166666666,0.78125,0.026041666666666668,0.01953125
DUP,image,182,02/test/ko/0182.png,384,324,328,14,18,310,42,0,0,0.84375,0.8541666666666666,0.036458333333333336,0.046875
DUP,image,183,02/test/ko/0183.png,256,243,240,5,2,238,11,0,0,0.94921875,0.9375,0.01953125,0.0078125
DUP,image,184,02/test/ko/0184.png,512,477,468,11,2,466,33,0,0,0.931640625,0.9140625,0.021484375,0.00390625
DUP,image,185,02/test/ko/0185.png,448,446,442,4,0,442,2,0,0,0.9955357142857143,0.9866071428571429,0.008928571428571428,0.0
DUP,image,186,02/test/ko/0186.png,320,271,264,9,2,262,47,0,0,0.846875,0.825,0.028125,0.00625
DUP,image,187,02/test/ko/0187.png,896,616,657,18,59,598,221,0,0,0.6875,0.7332589285714286,0.020089285714285716,0.06584821428571429
DUP,image,188,02/test/ko/0188.png,4096,3407,3421,93,107,3314,582,0,0,0.831787109375,0.835205078125,0.022705078125,0.026123046875
DUP,image,189,02/test/ko/0189.png,4096,3442,3439,38,35,3404,619,0,0,0.84033203125,0.839599609375,0.00927734375,0.008544921875
DUP,image,190,02/test/ko/0190.png,4096,3522,3518,17,13,3505,561,0,0,0.85986328125,0.85888671875,0.004150390625,0.003173828125
DUP,image,191,02/test/ko/0191.png,4096,3580,3574,37,31,3543,485,0,0,0.8740234375,0.87255859375,0.009033203125,0.007568359375
DUP,image,192,02/test/ko/0192.png,1536,1512,1515,0,3,1512,21,0,0,0.984375,0.986328125,0.0,0.001953125
DUP,image,193,02/test/ko/0193.png,4096,3317,3305,43,31,3274,748,0,0,0.809814453125,0.806884765625,0.010498046875,0.007568359375
DUP,image,194,02/test/ko/0194.png,4096,3876,3886,12,22,3864,198,0,0,0.9462890625,0.94873046875,0.0029296875,0.00537109375
DUP,image,195,02/test/ko/0195.png,3072,2939,2902,43,6,2896,127,0,0,0.9567057291666666,0.9446614583333334,0.013997395833333334,0.001953125
DUP,image,196,02/test/ko/0196.png,704,594,591,4,1,590,109,0,0,0.84375,0.8394886363636364,0.005681818181818182,0.0014204545454545455
DUP,image,197,02/test/ko/0197.png,4096,3374,3373,28,27,3346,695,0,0,0.82373046875,0.823486328125,0.0068359375,0.006591796875
DUP,image,198,02/test/ko/0198.png,4096,3757,3761,10,14,3747,325,0,0,0.917236328125,0.918212890625,0.00244140625,0.00341796875
DUP,image,199,02/test/ko/0199.png,4096,3066,3060,33,27,3033,1003,0,0,0.74853515625,0.7470703125,0.008056640625,0.006591796875
DUP,image,200,02/test/ok/0000.png,0,0,0,0,0,0,0,0,0,,,,
DUP,image,201,02/test/ok/0001.png,0,0,0,0,0,0,0,0,0,,,,
DUP,image,202,02/test/ok/0002.png,0,0,0,0,0,0,0,0,0,,,,
DUP,image,203,02/test/ok/0003.png,0,0,0,0,0,0,0,0,0,,,,
DUP,image,204,02/test/ok/0004.png,0,0,0,0,0,0,0,0,0,,,,
DUP,image,205,02/test/ok/0005.png,0,0,0,0,0,0,0,0,0,,,,
DUP,image,206,02/test/ok/0006.png,0,0,0,0,0,0,0,0,0,,,,
DUP,image,207,02/test/ok/0007.png,0,0,0,0,0,0,0,0,0,,,,
DUP,image,208,02/test/ok/0008.png,0,0,0,0,0,0,0,0,0,,,,
DUP,image,209,02/test/ok/0009.png,0,0,0,0,0,0,0,0,0,,,,
DUP,image,210,02/test/ok/0010.png,0,0,0,0,0,0,0,0,0,,,,
DUP,image,211,02/test/ok/0011.png,0,0,0,0,0,0,0,0,0,,,,
DUP,image,212,02/test/ok/0012.png,0,0,0,0,0,0,0,0,0,,,,
DUP,image,213,02/test/ok/0013.png,0,0,0,0,0,0,0,0,0,,,,
DUP,image,214,02/test/ok/0014.png,0,0,0,0,0,0,0,0,0,,,,
DUP,image,215,02/test/ok/0015.png,0,0,0,0,0,0,0,0,0,,,,
DUP,image,216,02/test/ok/0016.png,0,0,0,0,0,0,0,0,0,,,,
DUP,image,217,02/test/ok/0017.png,0,0,0,0,0,0,0,0,0,,,,
DUP,image,218,02/test/ok/0018.png,0,0,0,0,0,0,0,0,0,,,,
DUP,image,219,02/test/ok/0019.png,0,0,0,0,0,0,0,0,0,,,,
DUP,image,220,02/test/ok/0020.png,0,0,0,0,0,0,0,0,0,,,,
DUP,image,221,02/test/ok/0021.png,0,0,0,0,0,0,0,0,0,,,,
DUP,image,222,02/test/ok/0022.png,0,0,0,0,0,0,0,0,0,,,,
DUP,image,223,02/test/ok/0023.png,0,0,0,0,0,0,0,0,0,,,,
DUP,image,224,02/test/ok/0024.png,0,0,0,0,0,0,0,0,0,,,,
DUP,image,225,02/test/ok/0025.png,0,0,0,0,0,0,0,0,0,,,,
DUP,image,226,02/test/ok/0026.png,0,0,0,0,0,0,0,0,0,,,,
DUP,image,227,02/test/ok/0027.png,0,0,0,0,0,0,0,0,0,,,,
DUP,image,228,02/test/ok/0028.png,0,0,0,0,0,0,0,0,0,,,,
DUP,image,229,02/test/ok/0029.png,0,0,0,0,0,0,0,0,0,,,,
DUP,aggregate,-1,__ALL__,415616,359220,358265,4111,3156,355109,53240,0,0,0.8643074376347397,0.8620096435170927,0.00989134200800739,0.007593547890360332
