method,image_index,sample_id,image_label,region,grid,boundary_count,patch_count,mean,p05,p25,median,p75,p95,min,max
A1_G,0,bracket_white/test/defective_painting/000.png,1,abnormal_normal,32x32,3,1021,0.011196533595663326,0.00016197562217712402,0.0026962757110595703,0.00720861554145813,0.015170305967330933,0.03461650013923645,0.0,0.08756300806999207
A1_G,0,bracket_white/test/defective_painting/000.png,1,defect,32x32,3,3,0.007369289795557658,0.00018510520458221437,0.0009255260229110718,0.0018510520458221436,0.011053934693336487,0.01841624081134796,0.0,0.02025681734085083
A1_G,0,bracket_white/test/defective_painting/000.png,1,clean_defect,32x32,3,0,,,,,,,,
A1_G,0,bracket_white/test/defective_painting/000.png,1,boundary,32x32,3,3,0.007369289795557658,0.00018510520458221437,0.0009255260229110718,0.0018510520458221436,0.011053934693336487,0.01841624081134796,0.0,0.02025681734085083
A1_G,1,bracket_white/test/defective_painting/001.png,1,abnormal_normal,32x32,3,1021,0.01110965760751289,0.00027996301651000977,0.0027799010276794434,0.007229417562484741,0.015388906002044678,0.0358181893825531,0.0,0.08686041831970215
A1_G,1,bracket_white/test/defective_painting/001.png,1,defect,32x32,3,3,0.018609633048375446,0.0014409929513931276,0.007204964756965637,0.014409929513931274,0.02791444957256317,0.03871806561946869,0.0,0.04141896963119507
A1_G,1,bracket_white/test/defective_painting/001.png,1,clean_defect,32x32,3,0,,,,,,,,
A1_G,1,bracket_white/test/defective_painting/001.png,1,boundary,32x32,3,3,0.018609633048375446,0.0014409929513931276,0.007204964756965637,0.014409929513931274,0.02791444957256317,0.03871806561946869,0.0,0.04141896963119507
A1_G,2,bracket_white/test/defective_painting/002.png,1,abnormal_normal,32x32,3,1021,0.011140424258328325,0.00038367509841918945,0.0027350187301635742,0.007244318723678589,0.014758437871932983,0.035396724939346313,0.0,0.08470436930656433
A1_G,2,bracket_white/test/defective_painting/002.png,1,defect,32x32,3,3,0.018934766451517742,0.013751286268234252,0.014102548360824585,0.0145416259765625,0.021570414304733276,0.027193444967269897,0.01366347074508667,0.028599202632904053
A1_G,2,bracket_white/test/defective_painting/002.png,1,clean_defect,32x32,3,0,,,,,,,,
A1_G,2,bracket_white/test/defective_painting/002.png,1,boundary,32x32,3,3,0.018934766451517742,0.013751286268234252,0.014102548360824585,0.0145416259765625,0.021570414304733276,0.027193444967269897,0.01366347074508667,0.028599202632904053
A1_G,3,bracket_white/test/defective_painting/003.png,1,abnormal_normal,32x32,2,1022,0.011805481698415051,0.00023657828569412237,0.0029336586594581604,0.00746019184589386,0.015427224338054657,0.04122060686349868,0.0,0.1345185935497284
A1_G,3,bracket_white/test/defective_painting/003.png,1,defect,32x32,2,2,0.003248929977416992,0.001148250699043274,0.0020818859338760376,0.003248929977416992,0.004415974020957947,0.005349609255790711,0.000914841890335083,0.005583018064498901
A1_G,3,bracket_white/test/defective_painting/003.png,1,clean_defect,32x32,2,0,,,,,,,,
A1_G,3,bracket_white/test/defective_painting/003.png,1,boundary,32x32,2,2,0.003248929977416992,0.001148250699043274,0.0020818859338760376,0.003248929977416992,0.004415974020957947,0.005349609255790711,0.000914841890335083,0.005583018064498901
A1_G,4,bracket_white/test/defective_painting/004.png,1,abnormal_normal,32x32,2,1022,0.011170169028750605,0.0002835243940353394,0.0029144808650016785,0.007384791970252991,0.015398859977722168,0.03483241349458695,0.0,0.11018002033233643
A1_G,4,bracket_white/test/defective_painting/004.png,1,defect,32x32,2,2,0.009628668427467346,0.004525966942310333,0.0067938342690467834,0.009628668427467346,0.012463502585887909,0.014731369912624359,0.003959000110626221,0.015298336744308472
A1_G,4,bracket_white/test/defective_painting/004.png,1,clean_defect,32x32,2,0,,,,,,,,
A1_G,4,bracket_white/test/defective_painting/004.png,1,boundary,32x32,2,2,0.009628668427467346,0.004525966942310333,0.0067938342690467834,0.009628668427467346,0.012463502585887909,0.014731369912624359,0.003959000110626221,0.015298336744308472
A1_G,5,bracket_white/test/defective_painting/005.png,1,abnormal_normal,32x32,2,1022,0.01099614516163059,0.00048317760229110723,0.0028163492679595947,0.0073312073945999146,0.014683924615383148,0.032738091051578495,0.0,0.11831825971603394
A1_G,5,bracket_white/test/defective_painting/005.png,1,defect,32x32,2,2,0.0008898079395294189,8.89807939529419e-05,0.00044490396976470947,0.0008898079395294189,0.0013347119092941284,0.0016906350851058959,0.0,0.0017796158790588379
A1_G,5,bracket_white/test/defective_painting/005.png,1,clean_defect,32x32,2,0,,,,,,,,
A1_G,5,bracket_white/test/defective_painting/005.png,1,boundary,32x32,2,2,0.0008898079395294189,8.89807939529419e-05,0.00044490396976470947,0.0008898079395294189,0.0013347119092941284,0.0016906350851058959,0.0,0.0017796158790588379
A1_G,6,bracket_white/test/defective_painting/006.png,1,abnormal_normal,32x32,3,1021,0.011358067349518898,0.0002206861972808838,0.0027830302715301514,0.0078099071979522705,0.016405045986175537,0.03368788957595825,0.0,0.11133372783660889
A1_G,6,bracket_white/test/defective_painting/006.png,1,defect,32x32,3,3,0.008313000202178955,0.0009109616279602052,0.004554808139801025,0.00910961627960205,0.012469500303268433,0.015157407522201537,0.0,0.015829384326934814
A1_G,6,bracket_white/test/defective_painting/006.png,1,clean_defect,32x32,3,0,,,,,,,,
A1_G,6,bracket_white/test/defective_painting/006.png,1,boundary,32x32,3,3,0.008313000202178955,0.0009109616279602052,0.004554808139801025,0.00910961627960205,0.012469500303268433,0.015157407522201537,0.0,0.015829384326934814
A1_G,7,bracket_white/test/defective_painting/007.png,1,abnormal_normal,32x32,5,1019,0.01048442320687965,8.236169815063482e-05,0.002524256706237793,0.0064553916454315186,0.014505356550216675,0.031178498268127405,0.0,0.12442079186439514
A1_G,7,bracket_white/test/defective_painting/007.png,1,defect,32x32,5,5,0.019490432739257813,0.0040223956108093265,0.02011197805404663,0.02231830358505249,0.024762213230133057,0.029160177707672118,0.0,0.030259668827056885
A1_G,7,bracket_white/test/defective_painting/007.png,1,clean_defect,32x32,5,0,,,,,,,,
A1_G,7,bracket_white/test/defective_painting/007.png,1,boundary,32x32,5,5,0.019490432739257813,0.0040223956108093265,0.02011197805404663,0.02231830358505249,0.024762213230133057,0.029160177707672118,0.0,0.030259668827056885
A1_G,8,bracket_white/test/defective_painting/008.png,1,abnormal_normal,32x32,6,1018,0.010979368550838328,0.000254686176776886,0.00279158353805542,0.006879374384880066,0.015163898468017578,0.0358550488948822,0.0,0.09799876809120178
A1_G,8,bracket_white/test/defective_painting/008.png,1,defect,32x32,6,6,0.015997275710105896,0.0,0.004386208951473236,0.018818020820617676,0.02052590250968933,0.033425308763980865,0.0,0.03767681121826172
A1_G,8,bracket_white/test/defective_painting/008.png,1,clean_defect,32x32,6,0,,,,,,,,
A1_G,8,bracket_white/test/defective_painting/008.png,1,boundary,32x32,6,6,0.015997275710105896,0.0,0.004386208951473236,0.018818020820617676,0.02052590250968933,0.033425308763980865,0.0,0.03767681121826172
A1_G,9,bracket_white/test/defective_painting/009.png,1,abnormal_normal,32x32,4,1020,0.01134985080536674,0.00022439360618591313,0.002989739179611206,0.007107675075531006,0.015184648334980011,0.0357853144407272,0.0,0.11632025241851807
A1_G,9,bracket_white/test/defective_painting/009.png,1,defect,32x32,4,4,0.006031930446624756,0.00021020025014877324,0.001051001250743866,0.003210201859474182,0.008191131055355072,0.015804080665111537,0.0,0.01770731806755066
A1_G,9,bracket_white/test/defective_painting/009.png,1,clean_defect,32x32,4,0,,,,,,,,
A1_G,9,bracket_white/test/defective_painting/009.png,1,boundary,32x32,4,4,0.006031930446624756,0.00021020025014877324,0.001051001250743866,0.003210201859474182,0.008191131055355072,0.015804080665111537,0.0,0.01770731806755066
A1_G,10,bracket_white/test/defective_painting/010.png,1,abnormal_normal,32x32,2,1022,0.011103171541732819,0.00013104081153869648,0.003072120249271393,0.008167490363121033,0.01498788595199585,0.03370650708675382,0.0,0.08452951908111572
A1_G,10,bracket_white/test/defective_painting/010.png,1,defect,32x32,2,2,0.006235107779502869,0.0035578474402427674,0.004747740924358368,0.006235107779502869,0.007722474634647369,0.00891236811876297,0.003260374069213867,0.00920984148979187
A1_G,10,bracket_white/test/defective_painting/010.png,1,clean_defect,32x32,2,0,,,,,,,,
A1_G,10,bracket_white/test/defective_painting/010.png,1,boundary,32x32,2,2,0.006235107779502869,0.0035578474402427674,0.004747740924358368,0.006235107779502869,0.007722474634647369,0.00891236811876297,0.003260374069213867,0.00920984148979187
A1_G,11,bracket_white/test/defective_painting/011.png,1,abnormal_normal,32x32,3,1021,0.010671389529100244,0.00025391578674316406,0.0027483105659484863,0.0070420801639556885,0.014483422040939331,0.03312462568283081,0.0,0.11411315202713013
A1_G,11,bracket_white/test/defective_painting/011.png,1,defect,32x32,3,3,0.00500941276550293,0.0006642639636993408,0.003321319818496704,0.006642639636993408,0.0075141191482543945,0.008211302757263183,0.0,0.00838559865951538
A1_G,11,bracket_white/test/defective_painting/011.png,1,clean_defect,32x32,3,0,,,,,,,,
A1_G,11,bracket_white/test/defective_painting/011.png,1,boundary,32x32,3,3,0.00500941276550293,0.0006642639636993408,0.003321319818496704,0.006642639636993408,0.0075141191482543945,0.008211302757263183,0.0,0.00838559865951538
A1_G,12,bracket_white/test/defective_painting/012.png,1,abnormal_normal,32x32,5,1019,0.011047473277849117,0.0002740651369094851,0.0031069964170455933,0.0077130794525146484,0.015129372477531433,0.03220434784889218,0.0,0.0991399884223938
A1_G,12,bracket_white/test/defective_painting/012.png,1,defect,32x32,5,5,0.0072371184825897215,0.0024411559104919435,0.0041574835777282715,0.005990326404571533,0.006607860326766968,0.01525585055351257,0.0020120739936828613,0.017417848110198975
A1_G,12,bracket_white/test/defective_painting/012.png,1,clean_defect,32x32,5,0,,,,,,,,
A1_G,12,bracket_white/test/defective_painting/012.png,1,boundary,32x32,5,5,0.0072371184825897215,0.0024411559104919435,0.0041574835777282715,0.005990326404571533,0.006607860326766968,0.01525585055351257,0.0020120739936828613,0.017417848110198975
A1_G,13,bracket_white/test/good/000.png,0,normal_image,32x32,0,1024,0.010107047884957865,0.0,0.0021420568227767944,0.006409436464309692,0.01354779303073883,0.034166370332241035,0.0,0.10787695646286011
A1_G,14,bracket_white/test/good/001.png,0,normal_image,32x32,0,1024,0.011020111909601837,3.578513860702517e-05,0.002539396286010742,0.007273554801940918,0.015771038830280304,0.033048780262470226,0.0,0.08304113149642944
A1_G,15,bracket_white/test/good/002.png,0,normal_image,32x32,0,1024,0.01165953281451948,1.793950796127322e-05,0.0023643672466278076,0.00704742968082428,0.016456373035907745,0.03753516972064972,0.0,0.12326210737228394
A1_G,16,bracket_white/test/good/003.png,0,normal_image,32x32,0,1024,0.00759339370415546,0.0,0.0,0.0020325779914855957,0.010017812252044678,0.033890827000141135,0.0,0.11029887199401855
A1_G,17,bracket_white/test/good/004.png,0,normal_image,32x32,0,1024,0.007863074919441715,0.0,0.00013840198516845703,0.0033422112464904785,0.011217482388019562,0.030409236252307858,0.0,0.08565288782119751
A1_G,18,bracket_white/test/good/005.png,0,normal_image,32x32,0,1024,0.011303766572382301,0.0,0.0020286962389945984,0.006874352693557739,0.016364388167858124,0.037209115922451,0.0,0.09279730916023254
A1_G,19,bracket_white/test/good/006.png,0,normal_image,32x32,0,1024,0.009288377332268283,0.0,0.00045487284660339355,0.004384517669677734,0.012727528810501099,0.03597714155912399,0.0,0.10378596186637878
A1_G,20,bracket_white/test/good/007.png,0,normal_image,32x32,0,1024,0.010232575092231855,0.0,0.001479804515838623,0.005617424845695496,0.01405768096446991,0.03619704395532608,0.0,0.09588858485221863
A1_G,21,bracket_white/test/good/008.png,0,normal_image,32x32,0,1024,0.011481453373562545,0.0,0.0011912062764167786,0.00667041540145874,0.016256220638751984,0.04015598446130752,0.0,0.14018183946609497
A1_G,22,bracket_white/test/good/009.png,0,normal_image,32x32,0,1024,0.009702640440082178,0.0,0.0009564459323883057,0.005073904991149902,0.01351514458656311,0.03575744032859797,0.0,0.08846032619476318
A1_G,23,bracket_white/test/good/010.png,0,normal_image,32x32,0,1024,0.011068084801081568,0.0,0.0018017664551734924,0.006754711270332336,0.016548343002796173,0.03592574596405029,0.0,0.0789465606212616
A1_G,24,bracket_white/test/good/011.png,0,normal_image,32x32,0,1024,0.009673181368270889,0.0,0.0011350587010383606,0.005514770746231079,0.013957582414150238,0.03243448138236994,0.0,0.1019270122051239
A1_G,25,bracket_white/test/good/012.png,0,normal_image,32x32,0,1024,0.0106025823042728,0.0,0.002000384032726288,0.006783336400985718,0.015504114329814911,0.03444332033395767,0.0,0.11260607838630676
A1_G,26,bracket_white/test/good/013.png,0,normal_image,32x32,0,1024,0.011180035740835592,0.0,0.0018344447016716003,0.007171154022216797,0.01503404974937439,0.03729804307222364,0.0,0.09042233228683472
A1_G,27,bracket_white/test/good/014.png,0,normal_image,32x32,0,1024,0.010859338246518746,0.0,0.0022647976875305176,0.006850630044937134,0.014545269310474396,0.03405418097972865,0.0,0.10765117406845093
A1_G,28,bracket_white/test/good/015.png,0,normal_image,32x32,0,1024,0.012053221696987748,0.00013243854045867927,0.00235641747713089,0.007601678371429443,0.01691599190235138,0.03778720796108245,0.0,0.09634336829185486
A1_G,29,bracket_white/test/good/016.png,0,normal_image,32x32,0,1024,0.01124663051450625,0.0,0.002338498830795288,0.007383003830909729,0.016165241599082947,0.03633847981691357,0.0,0.10027441382408142
A1_G,30,bracket_white/test/good/017.png,0,normal_image,32x32,0,1024,0.008696455246536061,0.0,0.0007281601428985596,0.004586145281791687,0.011719465255737305,0.031191246211528755,0.0,0.10610854625701904
A1_G,31,bracket_white/test/good/018.png,0,normal_image,32x32,0,1024,0.008125597261823714,0.0,0.0,0.002859368920326233,0.011136218905448914,0.032947322726249596,0.0,0.13880211114883423
A1_G,32,bracket_white/test/good/019.png,0,normal_image,32x32,0,1024,0.010623201029375196,0.0,0.0014862418174743652,0.005947336554527283,0.014562882483005524,0.03739927858114243,0.0,0.09022599458694458
A1_G,33,bracket_white/test/good/020.png,0,normal_image,32x32,0,1024,0.010241214535199106,0.0,0.0013883858919143677,0.005679771304130554,0.014965809881687164,0.03555003404617307,0.0,0.10557979345321655
A1_G,34,bracket_white/test/good/021.png,0,normal_image,32x32,0,1024,0.010352915793191642,0.0,0.001504451036453247,0.005313366651535034,0.0141085684299469,0.03691924065351482,0.0,0.09721916913986206
A1_G,35,bracket_white/test/good/022.png,0,normal_image,32x32,0,1024,0.010951666423352435,0.0,0.0013858452439308167,0.006485939025878906,0.015334121882915497,0.03917971402406691,0.0,0.10766997933387756
A1_G,36,bracket_white/test/good/023.png,0,normal_image,32x32,0,1024,0.009440532652661204,0.0,0.0007611885666847229,0.0053034573793411255,0.013296671211719513,0.033477392792701684,0.0,0.10165271162986755
A1_G,37,bracket_white/test/good/024.png,0,normal_image,32x32,0,1024,0.01128076811437495,0.0,0.0020170584321022034,0.006355687975883484,0.01601117104291916,0.03939536958932875,0.0,0.11736634373664856
A1_G,38,bracket_white/test/good/025.png,0,normal_image,32x32,0,1024,0.010587634140392765,0.0,0.0014763474464416504,0.006282895803451538,0.015955008566379547,0.03488761335611342,0.0,0.09327250719070435
A1_G,39,bracket_white/test/good/026.png,0,normal_image,32x32,0,1024,0.01131186803104356,0.0,0.002081960439682007,0.007044702768325806,0.015416361391544342,0.03822888284921645,0.0,0.11968356370925903
A1_G,40,bracket_white/test/good/027.png,0,normal_image,32x32,0,1024,0.011918453121325001,0.0,0.0021764785051345825,0.007486462593078613,0.015518523752689362,0.041006460785865735,0.0,0.12436848878860474
A1_G,41,bracket_white/test/good/028.png,0,normal_image,32x32,0,1024,0.010768074600491673,0.0,0.002350755035877228,0.006385907530784607,0.0144105926156044,0.035056041181087495,0.0,0.1796911060810089
A1_G,42,bracket_white/test/good/029.png,0,normal_image,32x32,0,1024,0.010623764712363482,0.0,0.002145715057849884,0.007041901350021362,0.016039744019508362,0.03222405910491941,0.0,0.08665865659713745
A1_G,43,bracket_white/test/scratches/000.png,1,abnormal_normal,32x32,7,1017,0.011232094163388278,0.00011876821517944338,0.002784907817840576,0.007409840822219849,0.015561342239379883,0.035075485706329346,0.0,0.10650283098220825
A1_G,43,bracket_white/test/scratches/000.png,1,defect,32x32,7,7,0.013037907225745065,0.009886693954467774,0.010230332612991333,0.011187613010406494,0.01511123776435852,0.01903371512889862,0.009783804416656494,0.01961079239845276
A1_G,43,bracket_white/test/scratches/000.png,1,clean_defect,32x32,7,0,,,,,,,,
A1_G,43,bracket_white/test/scratches/000.png,1,boundary,32x32,7,7,0.013037907225745065,0.009886693954467774,0.010230332612991333,0.011187613010406494,0.01511123776435852,0.01903371512889862,0.009783804416656494,0.01961079239845276
A1_G,44,bracket_white/test/scratches/001.png,1,abnormal_normal,32x32,5,1019,0.011111314941318276,8.073151111602801e-05,0.0025800466537475586,0.007564067840576172,0.016044065356254578,0.03452015221118924,0.0,0.12999624013900757
A1_G,44,bracket_white/test/scratches/001.png,1,defect,32x32,5,5,0.004730832576751709,0.00269702672958374,0.003822624683380127,0.005570888519287109,0.0056008994579315186,0.006115478277206421,0.0024156272411346436,0.0062441229820251465
A1_G,44,bracket_white/test/scratches/001.png,1,clean_defect,32x32,5,0,,,,,,,,
A1_G,44,bracket_white/test/scratches/001.png,1,boundary,32x32,5,5,0.004730832576751709,0.00269702672958374,0.003822624683380127,0.005570888519287109,0.0056008994579315186,0.006115478277206421,0.0024156272411346436,0.0062441229820251465
A1_G,45,bracket_white/test/scratches/002.png,1,abnormal_normal,32x32,10,1014,0.011222987720481978,0.0,0.002390846610069275,0.0074288249015808105,0.015087731182575226,0.036727301776409135,0.0,0.11189958453178406
A1_G,45,bracket_white/test/scratches/002.png,1,defect,32x32,10,10,0.018403831124305724,0.005756156146526336,0.009631216526031494,0.018435686826705933,0.027842313051223755,0.030787712335586546,0.005130410194396973,0.03152000904083252
A1_G,45,bracket_white/test/scratches/002.png,1,clean_defect,32x32,10,0,,,,,,,,
A1_G,45,bracket_white/test/scratches/002.png,1,boundary,32x32,10,10,0.018403831124305724,0.005756156146526336,0.009631216526031494,0.018435686826705933,0.027842313051223755,0.030787712335586546,0.005130410194396973,0.03152000904083252
A1_G,46,bracket_white/test/scratches/003.png,1,abnormal_normal,32x32,4,1020,0.012102750206694884,2.565085887908943e-05,0.0028816089034080505,0.008154600858688354,0.016513660550117493,0.038041952252387996,0.0,0.1099519431591034
A1_G,46,bracket_white/test/scratches/003.png,1,defect,32x32,4,4,0.01826077699661255,0.01623386740684509,0.017096608877182007,0.017495855689048767,0.01866002380847931,0.021358576416969297,0.016018182039260864,0.022033214569091797
A1_G,46,bracket_white/test/scratches/003.png,1,clean_defect,32x32,4,0,,,,,,,,
A1_G,46,bracket_white/test/scratches/003.png,1,boundary,32x32,4,4,0.01826077699661255,0.01623386740684509,0.017096608877182007,0.017495855689048767,0.01866002380847931,0.021358576416969297,0.016018182039260864,0.022033214569091797
A1_G,47,bracket_white/test/scratches/004.png,1,abnormal_normal,32x32,6,1018,0.011291370820437059,0.0,0.002274230122566223,0.007229119539260864,0.015508212149143219,0.039057146012783046,0.0,0.08689594268798828
A1_G,47,bracket_white/test/scratches/004.png,1,defect,32x32,6,6,0.03546146551767985,0.012233860790729523,0.03522968292236328,0.03771674633026123,0.043972112238407135,0.05053866654634476,0.004805386066436768,0.05207201838493347
A1_G,47,bracket_white/test/scratches/004.png,1,clean_defect,32x32,6,0,,,,,,,,
A1_G,47,bracket_white/test/scratches/004.png,1,boundary,32x32,6,6,0.03546146551767985,0.012233860790729523,0.03522968292236328,0.03771674633026123,0.043972112238407135,0.05053866654634476,0.004805386066436768,0.05207201838493347
A1_G,48,bracket_white/test/scratches/005.png,1,abnormal_normal,32x32,5,1019,0.01088163704118738,0.0,0.0022126436233520508,0.0072990357875823975,0.014589712023735046,0.03620456457138061,0.0,0.10801529884338379
A1_G,48,bracket_white/test/scratches/005.png,1,defect,32x32,5,5,0.018020200729370116,0.0030526816844940186,0.01261255145072937,0.020103365182876587,0.02611115574836731,0.029711204767227172,0.0006627142429351807,0.03061121702194214
A1_G,48,bracket_white/test/scratches/005.png,1,clean_defect,32x32,5,0,,,,,,,,
A1_G,48,bracket_white/test/scratches/005.png,1,boundary,32x32,5,5,0.018020200729370116,0.0030526816844940186,0.01261255145072937,0.020103365182876587,0.02611115574836731,0.029711204767227172,0.0006627142429351807,0.03061121702194214
A1_G,49,bracket_white/test/scratches/006.png,1,abnormal_normal,32x32,6,1018,0.011365718920010716,0.0003785669803619385,0.003197990357875824,0.007851794362068176,0.015737824141979218,0.03255520761013031,0.0,0.07836747169494629
A1_G,49,bracket_white/test/scratches/006.png,1,defect,32x32,6,6,0.010005677739779154,0.0014476999640464783,0.006823286414146423,0.011762142181396484,0.014250777661800385,0.01580597460269928,0.0,0.016252458095550537
A1_G,49,bracket_white/test/scratches/006.png,1,clean_defect,32x32,6,0,,,,,,,,
A1_G,49,bracket_white/test/scratches/006.png,1,boundary,32x32,6,6,0.010005677739779154,0.0014476999640464783,0.006823286414146423,0.011762142181396484,0.014250777661800385,0.01580597460269928,0.0,0.016252458095550537
A1_G,50,bracket_white/test/scratches/007.png,1,abnormal_normal,32x32,6,1018,0.011038826760233971,0.00021625757217407225,0.0030561089515686035,0.007754459977149963,0.015531949698925018,0.032742008566856384,0.0,0.0958150327205658
A1_G,50,bracket_white/test/scratches/007.png,1,defect,32x32,6,6,0.011611839135487875,0.006141252815723419,0.01114635169506073,0.013142839074134827,0.01382477581501007,0.014131292700767517,0.00466310977935791,0.014189302921295166
A1_G,50,bracket_white/test/scratches/007.png,1,clean_defect,32x32,6,0,,,,,,,,
A1_G,50,bracket_white/test/scratches/007.png,1,boundary,32x32,6,6,0.011611839135487875,0.006141252815723419,0.01114635169506073,0.013142839074134827,0.01382477581501007,0.014131292700767517,0.00466310977935791,0.014189302921295166
A1_G,51,bracket_white/test/scratches/008.png,1,abnormal_normal,32x32,6,1018,0.011409090462274308,0.0001674637198448181,0.002876468002796173,0.007812276482582092,0.01576913893222809,0.03531878590583801,0.0,0.07868993282318115
A1_G,51,bracket_white/test/scratches/008.png,1,defect,32x32,6,6,0.011396944522857666,0.006156787276268005,0.006411634385585785,0.006829798221588135,0.00971919298171997,0.026407480239868164,0.00608178973197937,0.031685709953308105
A1_G,51,bracket_white/test/scratches/008.png,1,clean_defect,32x32,6,0,,,,,,,,
A1_G,51,bracket_white/test/scratches/008.png,1,boundary,32x32,6,6,0.011396944522857666,0.006156787276268005,0.006411634385585785,0.006829798221588135,0.00971919298171997,0.026407480239868164,0.00608178973197937,0.031685709953308105
A1_G,52,bracket_white/test/scratches/009.png,1,abnormal_normal,32x32,6,1018,0.010890954486981824,0.0,0.00217321515083313,0.006994456052780151,0.015322506427764893,0.03550769090652465,0.0,0.08292829990386963
A1_G,52,bracket_white/test/scratches/009.png,1,defect,32x32,6,6,0.006350681185722351,0.0021586939692497253,0.003798641264438629,0.0063451677560806274,0.008732415735721588,0.010662637650966644,0.0018462836742401123,0.011089503765106201
A1_G,52,bracket_white/test/scratches/009.png,1,clean_defect,32x32,6,0,,,,,,,,
A1_G,52,bracket_white/test/scratches/009.png,1,boundary,32x32,6,6,0.006350681185722351,0.0021586939692497253,0.003798641264438629,0.0063451677560806274,0.008732415735721588,0.010662637650966644,0.0018462836742401123,0.011089503765106201
A1_G,53,bracket_white/test/scratches/010.png,1,abnormal_normal,32x32,7,1017,0.011223846890816177,0.0,0.0025080740451812744,0.0071849822998046875,0.015529245138168335,0.03803743124008174,0.0,0.09743064641952515
A1_G,53,bracket_white/test/scratches/010.png,1,defect,32x32,7,7,0.01247355341911316,0.0031104177236557008,0.006723999977111816,0.011498481035232544,0.012163013219833374,0.028691896796226486,0.0024030208587646484,0.03563934564590454
A1_G,53,bracket_white/test/scratches/010.png,1,clean_defect,32x32,7,0,,,,,,,,
A1_G,53,bracket_white/test/scratches/010.png,1,boundary,32x32,7,7,0.01247355341911316,0.0031104177236557008,0.006723999977111816,0.011498481035232544,0.012163013219833374,0.028691896796226486,0.0024030208587646484,0.03563934564590454
A1_G,54,bracket_white/test/scratches/011.png,1,abnormal_normal,32x32,10,1014,0.011022148576713879,0.0,0.0022420063614845276,0.007067456841468811,0.015462994575500488,0.03582295924425125,0.0,0.07276719808578491
A1_G,54,bracket_white/test/scratches/011.png,1,defect,32x32,10,10,0.02720259130001068,0.011710326373577117,0.021034352481365204,0.028673693537712097,0.0328216627240181,0.04056486934423445,0.009783118963241577,0.046015024185180664
A1_G,54,bracket_white/test/scratches/011.png,1,clean_defect,32x32,10,0,,,,,,,,
A1_G,54,bracket_white/test/scratches/011.png,1,boundary,32x32,10,10,0.02720259130001068,0.011710326373577117,0.021034352481365204,0.028673693537712097,0.0328216627240181,0.04056486934423445,0.009783118963241577,0.046015024185180664
A1_G,55,bracket_white/test/scratches/012.png,1,abnormal_normal,32x32,5,1019,0.01126767243089573,0.0,0.002527773380279541,0.0071943700313568115,0.016437247395515442,0.035233747959136946,0.0,0.11599713563919067
A1_G,55,bracket_white/test/scratches/012.png,1,defect,32x32,5,5,0.05784796476364136,0.04589560627937317,0.05398717522621155,0.05507546663284302,0.06167018413543701,0.07204146385192871,0.043872714042663574,0.07463428378105164
A1_G,55,bracket_white/test/scratches/012.png,1,clean_defect,32x32,5,0,,,,,,,,
A1_G,55,bracket_white/test/scratches/012.png,1,boundary,32x32,5,5,0.05784796476364136,0.04589560627937317,0.05398717522621155,0.05507546663284302,0.06167018413543701,0.07204146385192871,0.043872714042663574,0.07463428378105164
A1_G,56,bracket_white/test/scratches/013.png,1,abnormal_normal,32x32,6,1018,0.011177845606635269,0.0,0.00246293842792511,0.0069529712200164795,0.015510879456996918,0.03725020140409469,0.0,0.10561737418174744
A1_G,56,bracket_white/test/scratches/013.png,1,defect,32x32,6,6,0.02853179971377055,0.005007505416870117,0.02026897668838501,0.03045964241027832,0.04191838949918747,0.04639109969139099,0.0,0.04766145348548889
A1_G,56,bracket_white/test/scratches/013.png,1,clean_defect,32x32,6,0,,,,,,,,
A1_G,56,bracket_white/test/scratches/013.png,1,boundary,32x32,6,6,0.02853179971377055,0.005007505416870117,0.02026897668838501,0.03045964241027832,0.04191838949918747,0.04639109969139099,0.0,0.04766145348548889
A1_G,57,bracket_white/test/scratches/014.png,1,abnormal_normal,32x32,11,1013,0.011091211823579236,0.0,0.0023277997970581055,0.0065833330154418945,0.015100300312042236,0.037244325876235954,0.0,0.09713417291641235
A1_G,57,bracket_white/test/scratches/014.png,1,defect,32x32,11,11,0.026419387622313065,0.004667013883590698,0.011295691132545471,0.01591542363166809,0.040049463510513306,0.0652601420879364,0.00257718563079834,0.07822588086128235
A1_G,57,bracket_white/test/scratches/014.png,1,clean_defect,32x32,11,0,,,,,,,,
A1_G,57,bracket_white/test/scratches/014.png,1,boundary,32x32,11,11,0.026419387622313065,0.004667013883590698,0.011295691132545471,0.01591542363166809,0.040049463510513306,0.0652601420879364,0.00257718563079834,0.07822588086128235
A1_G,58,bracket_white/test/scratches/015.png,1,abnormal_normal,32x32,7,1017,0.010947205382696881,0.0001397907733917237,0.0024659931659698486,0.007388770580291748,0.01573243737220764,0.0324594974517822,0.0,0.11336469650268555
A1_G,58,bracket_white/test/scratches/015.png,1,defect,32x32,7,7,0.015405680452074324,0.006695187091827393,0.009616538882255554,0.012153208255767822,0.020612627267837524,0.02777355909347534,0.005861878395080566,0.029366344213485718
A1_G,58,bracket_white/test/scratches/015.png,1,clean_defect,32x32,7,0,,,,,,,,
A1_G,58,bracket_white/test/scratches/015.png,1,boundary,32x32,7,7,0.015405680452074324,0.006695187091827393,0.009616538882255554,0.012153208255767822,0.020612627267837524,0.02777355909347534,0.005861878395080566,0.029366344213485718
A1_G,59,bracket_white/test/scratches/016.png,1,abnormal_normal,32x32,6,1018,0.011759704597338244,0.00021486133337020875,0.0027939677238464355,0.007543221116065979,0.015804052352905273,0.03884931504726409,0.0,0.08240258693695068
A1_G,59,bracket_white/test/scratches/016.png,1,defect,32x32,6,6,0.0247105211019516,0.01135687530040741,0.012416370213031769,0.02356460690498352,0.037023723125457764,0.03938836604356766,0.011252492666244507,0.03967103362083435
A1_G,59,bracket_white/test/scratches/016.png,1,clean_defect,32x32,6,0,,,,,,,,
A1_G,59,bracket_white/test/scratches/016.png,1,boundary,32x32,6,6,0.0247105211019516,0.01135687530040741,0.012416370213031769,0.02356460690498352,0.037023723125457764,0.03938836604356766,0.011252492666244507,0.03967103362083435
DUP_G,0,bracket_white/test/defective_painting/000.png,1,abnormal_normal,32x32,3,1021,0.009355914691439397,0.0001079849898815155,0.0019376873970031738,0.005661487579345703,0.01253277063369751,0.03065834939479828,0.0,0.10352812707424164
DUP_G,0,bracket_white/test/defective_painting/000.png,1,defect,32x32,3,3,0.004912853240966797,0.00012340247631072998,0.0006170123815536499,0.0012340247631072998,0.007369279861450195,0.01227748394012451,0.0,0.01350453495979309
DUP_G,0,bracket_white/test/defective_painting/000.png,1,clean_defect,32x32,3,0,,,,,,,,
DUP_G,0,bracket_white/test/defective_painting/000.png,1,boundary,32x32,3,3,0.004912853240966797,0.00012340247631072998,0.0006170123815536499,0.0012340247631072998,0.007369279861450195,0.01227748394012451,0.0,0.01350453495979309
DUP_G,1,bracket_white/test/defective_painting/001.png,1,abnormal_normal,32x32,3,1021,0.009232216933331691,0.0001866370439529419,0.002030789852142334,0.005546253174543381,0.012645982205867767,0.030731871724128723,0.0,0.07160509377717972
DUP_G,1,bracket_white/test/defective_painting/001.png,1,defect,32x32,3,3,0.012406418720881144,0.0009606599807739258,0.004803299903869629,0.009606599807739258,0.018609628081321716,0.02581205070018768,0.0,0.027612656354904175
DUP_G,1,bracket_white/test/defective_painting/001.png,1,clean_defect,32x32,3,0,,,,,,,,
DUP_G,1,bracket_white/test/defective_painting/001.png,1,boundary,32x32,3,3,0.012406418720881144,0.0009606599807739258,0.004803299903869629,0.009606599807739258,0.018609628081321716,0.02581205070018768,0.0,0.027612656354904175
DUP_G,2,bracket_white/test/defective_painting/002.png,1,abnormal_normal,32x32,3,1021,0.009346774679833948,0.0002718120813369751,0.002063550055027008,0.005755655467510223,0.012384213507175446,0.031159915030002594,0.0,0.07665713876485825
DUP_G,2,bracket_white/test/defective_painting/002.png,1,defect,32x32,3,3,0.012623171011606852,0.009167531132698059,0.009401693940162659,0.009694397449493408,0.014380261301994324,0.018128952383995055,0.00910899043083191,0.01906612515449524
DUP_G,2,bracket_white/test/defective_painting/002.png,1,clean_defect,32x32,3,0,,,,,,,,
DUP_G,2,bracket_white/test/defective_painting/002.png,1,boundary,32x32,3,3,0.012623171011606852,0.009167531132698059,0.009401693940162659,0.009694397449493408,0.014380261301994324,0.018128952383995055,0.00910899043083191,0.01906612515449524
DUP_G,3,bracket_white/test/defective_painting/003.png,1,abnormal_normal,32x32,2,1022,0.009802041814977817,0.0001577183604240418,0.002130836248397827,0.005890451371669769,0.012959222309291363,0.03356296606361862,0.0,0.11086675524711609
DUP_G,3,bracket_white/test/defective_painting/003.png,1,defect,32x32,2,2,0.002165958285331726,0.0007655099034309387,0.0013879314064979553,0.002165958285331726,0.002943985164165497,0.0035664066672325134,0.0006099045276641846,0.0037220120429992676
DUP_G,3,bracket_white/test/defective_painting/003.png,1,clean_defect,32x32,2,0,,,,,,,,
DUP_G,3,bracket_white/test/defective_painting/003.png,1,boundary,32x32,2,2,0.002165958285331726,0.0007655099034309387,0.0013879314064979553,0.002165958285331726,0.002943985164165497,0.0035664066672325134,0.0006099045276641846,0.0037220120429992676
DUP_G,4,bracket_white/test/defective_painting/004.png,1,abnormal_normal,32x32,2,1022,0.009353448060904348,0.0002012584358453751,0.0021154209971427917,0.005482804030179977,0.013006109744310379,0.029874209687113726,0.0,0.07552039623260498
DUP_G,4,bracket_white/test/defective_painting/004.png,1,defect,32x32,2,2,0.0064191073179244995,0.0030173018574714662,0.004529215395450592,0.0064191073179244995,0.008308999240398407,0.009820912778377532,0.0026393234729766846,0.010198891162872314
DUP_G,4,bracket_white/test/defective_painting/004.png,1,clean_defect,32x32,2,0,,,,,,,,
DUP_G,4,bracket_white/test/defective_painting/004.png,1,boundary,32x32,2,2,0.0064191073179244995,0.0030173018574714662,0.004529215395450592,0.0064191073179244995,0.008308999240398407,0.009820912778377532,0.0026393234729766846,0.010198891162872314
DUP_G,5,bracket_white/test/defective_painting/005.png,1,abnormal_normal,32x32,2,1022,0.009131408253695576,0.0003221208229660988,0.001998836174607277,0.005931377410888672,0.012385664507746696,0.02953336415812372,0.0,0.08589969575405121
DUP_G,5,bracket_white/test/defective_painting/005.png,1,defect,32x32,2,2,0.0005932152271270752,5.932152271270752e-05,0.0002966076135635376,0.0005932152271270752,0.0008898228406906128,0.0011271089315414429,0.0,0.0011864304542541504
DUP_G,5,bracket_white/test/defective_painting/005.png,1,clean_defect,32x32,2,0,,,,,,,,
DUP_G,5,bracket_white/test/defective_painting/005.png,1,boundary,32x32,2,2,0.0005932152271270752,5.932152271270752e-05,0.0002966076135635376,0.0005932152271270752,0.0008898228406906128,0.0011271089315414429,0.0,0.0011864304542541504
DUP_G,6,bracket_white/test/defective_painting/006.png,1,abnormal_normal,32x32,3,1021,0.009338733430014127,0.00014712661504745483,0.0020203739404678345,0.005672261118888855,0.013320013880729675,0.029104314744472504,0.0,0.12775170803070068
DUP_G,6,bracket_white/test/defective_painting/006.png,1,defect,32x32,3,3,0.005542010068893433,0.0006073087453842164,0.0030365437269210815,0.006073087453842163,0.008313015103340149,0.010104957222938537,0.0,0.010552942752838135
DUP_G,6,bracket_white/test/defective_painting/006.png,1,clean_defect,32x32,3,0,,,,,,,,
DUP_G,6,bracket_white/test/defective_painting/006.png,1,boundary,32x32,3,3,0.005542010068893433,0.0006073087453842164,0.0030365437269210815,0.006073087453842163,0.008313015103340149,0.010104957222938537,0.0,0.010552942752838135
DUP_G,7,bracket_white/test/defective_painting/007.png,1,abnormal_normal,32x32,5,1019,0.008459361481194232,5.490779876708988e-05,0.0017444789409637451,0.004820387810468674,0.011571656912565231,0.027697301656007766,0.0,0.09858474135398865
DUP_G,7,bracket_white/test/defective_painting/007.png,1,defect,32x32,5,5,0.01424216628074646,0.002681595087051392,0.013407975435256958,0.016508132219314575,0.020173102617263794,0.020931917428970336,0.0,0.021121621131896973
DUP_G,7,bracket_white/test/defective_painting/007.png,1,clean_defect,32x32,5,0,,,,,,,,
DUP_G,7,bracket_white/test/defective_painting/007.png,1,boundary,32x32,5,5,0.01424216628074646,0.002681595087051392,0.013407975435256958,0.016508132219314575,0.020173102617263794,0.020931917428970336,0.0,0.021121621131896973
DUP_G,8,bracket_white/test/defective_painting/008.png,1,abnormal_normal,32x32,6,1018,0.009126948462597923,0.0001697910949587822,0.0020217932760715485,0.005261130630970001,0.012342032045125961,0.030302483215928055,0.0,0.08876176923513412
DUP_G,8,bracket_white/test/defective_painting/008.png,1,defect,32x32,6,6,0.0120666374762853,0.0,0.0029241368174552917,0.012545332312583923,0.01999199390411377,0.024386227130889893,0.0,0.025117874145507812
DUP_G,8,bracket_white/test/defective_painting/008.png,1,clean_defect,32x32,6,0,,,,,,,,
DUP_G,8,bracket_white/test/defective_painting/008.png,1,boundary,32x32,6,6,0.0120666374762853,0.0,0.0029241368174552917,0.012545332312583923,0.01999199390411377,0.024386227130889893,0.0,0.025117874145507812
DUP_G,9,bracket_white/test/defective_painting/009.png,1,abnormal_normal,32x32,4,1020,0.009384235810926731,0.00014959573745727543,0.0021118540316820145,0.005673155188560486,0.01253526285290718,0.031526937149465036,0.0,0.07938528060913086
DUP_G,9,bracket_white/test/defective_painting/009.png,1,defect,32x32,4,4,0.004021279513835907,0.00014013200998306278,0.0007006600499153137,0.0021401196718215942,0.0054607391357421875,0.010536050796508786,0.0,0.01180487871170044
DUP_G,9,bracket_white/test/defective_painting/009.png,1,clean_defect,32x32,4,0,,,,,,,,
DUP_G,9,bracket_white/test/defective_painting/009.png,1,boundary,32x32,4,4,0.004021279513835907,0.00014013200998306278,0.0007006600499153137,0.0021401196718215942,0.0054607391357421875,0.010536050796508786,0.0,0.01180487871170044
DUP_G,10,bracket_white/test/defective_painting/010.png,1,abnormal_normal,32x32,2,1022,0.009281251481105438,8.735582232475294e-05,0.002124253660440445,0.0060609690845012665,0.012273261323571205,0.029035433381795844,0.0,0.08048930019140244
DUP_G,10,bracket_white/test/defective_painting/010.png,1,defect,32x32,2,2,0.00447651743888855,0.0029794961214065553,0.0036448389291763306,0.00447651743888855,0.005308195948600769,0.005973538756370544,0.0028131604194641113,0.006139874458312988
DUP_G,10,bracket_white/test/defective_painting/010.png,1,clean_defect,32x32,2,0,,,,,,,,
DUP_G,10,bracket_white/test/defective_painting/010.png,1,boundary,32x32,2,2,0.00447651743888855,0.0029794961214065553,0.0036448389291763306,0.00447651743888855,0.005308195948600769,0.005973538756370544,0.0028131604194641113,0.006139874458312988
DUP_G,11,bracket_white/test/defective_painting/011.png,1,abnormal_normal,32x32,3,1021,0.008911212635327799,0.00016927719116210938,0.0019488334655761719,0.005424697883427143,0.011713214218616486,0.02894817292690277,0.0,0.11395919322967529
DUP_G,11,bracket_white/test/defective_painting/011.png,1,defect,32x32,3,3,0.003444671630859375,0.00047436058521270756,0.0023718029260635376,0.004743605852127075,0.0051670074462890625,0.0055057287216186525,0.0,0.00559040904045105
DUP_G,11,bracket_white/test/defective_painting/011.png,1,clean_defect,32x32,3,0,,,,,,,,
DUP_G,11,bracket_white/test/defective_painting/011.png,1,boundary,32x32,3,3,0.003444671630859375,0.00047436058521270756,0.0023718029260635376,0.004743605852127075,0.0051670074462890625,0.0055057287216186525,0.0,0.00559040904045105
DUP_G,12,bracket_white/test/defective_painting/012.png,1,abnormal_normal,32x32,5,1019,0.009093525336910921,0.00018271207809448256,0.002263149246573448,0.005925416946411133,0.012152262032032013,0.028959954530000658,0.0,0.0660933405160904
DUP_G,12,bracket_white/test/defective_painting/012.png,1,defect,32x32,5,5,0.005078601837158203,0.001627451181411743,0.0027716457843780518,0.00399354100227356,0.005674511194229126,0.010424429178237915,0.001341402530670166,0.011611908674240112
DUP_G,12,bracket_white/test/defective_painting/012.png,1,clean_defect,32x32,5,0,,,,,,,,
DUP_G,12,bracket_white/test/defective_painting/012.png,1,boundary,32x32,5,5,0.005078601837158203,0.001627451181411743,0.0027716457843780518,0.00399354100227356,0.005674511194229126,0.010424429178237915,0.001341402530670166,0.011611908674240112
DUP_G,13,bracket_white/test/good/000.png,0,normal_image,32x32,0,1024,0.00847942386099021,0.0,0.0015129363164305687,0.004788201302289963,0.0113659193739295,0.03132644239813087,0.0,0.07191796600818634
DUP_G,14,bracket_white/test/good/001.png,0,normal_image,32x32,0,1024,0.00916999342462077,2.385675907135011e-05,0.0018015401437878609,0.005744658410549164,0.012474946677684784,0.030557277053594588,0.0,0.07126987725496292
DUP_G,15,bracket_white/test/good/002.png,0,normal_image,32x32,0,1024,0.009579600556207879,1.1959671974182146e-05,0.0017129071056842804,0.005499221384525299,0.013406663201749325,0.0330637354403734,0.0,0.10423737019300461
DUP_G,16,bracket_white/test/good/003.png,0,normal_image,32x32,0,1024,0.006075350211631303,0.0,0.0,0.0013894252479076385,0.00757322832942009,0.02625210322439668,0.0,0.09849812835454941
DUP_G,17,bracket_white/test/good/004.png,0,normal_image,32x32,0,1024,0.006228797606127046,0.0,9.492412209510803e-05,0.0025267107412219048,0.008490188512951136,0.025140778534114314,0.0,0.08220939338207245
DUP_G,18,bracket_white/test/good/005.png,0,normal_image,32x32,0,1024,0.009320891314928303,0.0,0.001397713553160429,0.005273245275020599,0.01299879141151905,0.032043793052434905,0.0,0.07747285813093185
DUP_G,19,bracket_white/test/good/006.png,0,normal_image,32x32,0,1024,0.007488237608527015,0.0,0.00030774064362049103,0.0031901393085718155,0.009901673067361116,0.03195088636130094,0.0,0.07100380212068558
DUP_G,20,bracket_white/test/good/007.png,0,normal_image,32x32,0,1024,0.00848501912514621,0.0,0.0010556615889072418,0.0043456535786390305,0.01077844388782978,0.031215612962841918,0.0,0.07234352827072144
DUP_G,21,bracket_white/test/good/008.png,0,normal_image,32x32,0,1024,0.009339756734334514,0.0,0.0008191298693418503,0.004997279495000839,0.012904062867164612,0.0347835380584001,0.0,0.09345456212759018
DUP_G,22,bracket_white/test/good/009.png,0,normal_image,32x32,0,1024,0.007859743493099813,0.0,0.0006704581901431084,0.0037125740200281143,0.010998941957950592,0.029091468453407276,0.0,0.0751655101776123
DUP_G,23,bracket_white/test/good/010.png,0,normal_image,32x32,0,1024,0.009071530683286255,0.0,0.0013062991201877594,0.005158502608537674,0.013084618374705315,0.03204709403216837,0.0,0.08358021825551987
DUP_G,24,bracket_white/test/good/011.png,0,normal_image,32x32,0,1024,0.007808863299032964,0.0,0.0007680598646402359,0.004079886712133884,0.011031671427190304,0.02756282053887843,0.0,0.08731458336114883
DUP_G,25,bracket_white/test/good/012.png,0,normal_image,32x32,0,1024,0.008538558483451197,0.0,0.0013675764203071594,0.005059512332081795,0.012323372066020966,0.02861478291451927,0.0,0.07737886905670166
DUP_G,26,bracket_white/test/good/013.png,0,normal_image,32x32,0,1024,0.009105032553634373,0.0,0.0012988741509616375,0.005124259740114212,0.012440712191164494,0.031952915340661935,0.0,0.08478518575429916
DUP_G,27,bracket_white/test/good/014.png,0,normal_image,32x32,0,1024,0.008832843771415355,0.0,0.0015815068036317825,0.00515766441822052,0.011758707463741302,0.032339455932378754,0.0,0.07176746428012848
DUP_G,28,bracket_white/test/good/015.png,0,normal_image,32x32,0,1024,0.010023019466643746,8.829198777675634e-05,0.0016918815672397614,0.005944311618804932,0.014146624598652124,0.03525229897350072,0.0,0.10596954822540283
DUP_G,29,bracket_white/test/good/016.png,0,normal_image,32x32,0,1024,0.009323131380369887,0.0,0.0016753878444433212,0.005597969517111778,0.013441158458590508,0.03012353032827376,0.0,0.09211790561676025
DUP_G,30,bracket_white/test/good/017.png,0,normal_image,32x32,0,1024,0.007229180879221531,0.0,0.000506330281496048,0.0033686570823192596,0.009422631934285164,0.02725734598934647,0.0,0.09450171887874603
DUP_G,31,bracket_white/test/good/018.png,0,normal_image,32x32,0,1024,0.006485281652203412,0.0,0.0,0.00196877121925354,0.008588006719946861,0.02703454056754708,0.0,0.09253473579883575
DUP_G,32,bracket_white/test/good/019.png,0,normal_image,32x32,0,1024,0.008700649330421584,0.0,0.001040533185005188,0.00455433689057827,0.012075388804078102,0.030178850889205862,0.0,0.09384920448064804
DUP_G,33,bracket_white/test/good/020.png,0,normal_image,32x32,0,1024,0.008164177766957437,0.0,0.0009702853858470917,0.00426306389272213,0.011316103860735893,0.029495761170983265,0.0,0.08316974341869354
DUP_G,34,bracket_white/test/good/021.png,0,normal_image,32x32,0,1024,0.008392312332034635,0.0,0.0010905899107456207,0.004069330170750618,0.011752106249332428,0.03289067763835191,0.0,0.07473713159561157
DUP_G,35,bracket_white/test/good/022.png,0,normal_image,32x32,0,1024,0.008788170875959622,0.0,0.0010128840804100037,0.004708610475063324,0.01194288581609726,0.03061751872301098,0.0,0.08762840181589127
DUP_G,36,bracket_white/test/good/023.png,0,normal_image,32x32,0,1024,0.007734864004760311,0.0,0.0005139359273016453,0.0037038829177618027,0.010854937136173248,0.028501198254525652,0.0,0.08807642012834549
DUP_G,37,bracket_white/test/good/024.png,0,normal_image,32x32,0,1024,0.009186022661197057,0.0,0.0014414414763450623,0.004854857921600342,0.012042060494422913,0.0316724844276905,0.0,0.09405418485403061
DUP_G,38,bracket_white/test/good/025.png,0,normal_image,32x32,0,1024,0.008618045355433424,0.0,0.001066981814801693,0.0045266468077898026,0.012619521468877792,0.03019763082265851,0.0,0.07594132423400879
DUP_G,39,bracket_white/test/good/026.png,0,normal_image,32x32,0,1024,0.009120414404605981,0.0,0.001418189611285925,0.005166888236999512,0.011820632498711348,0.03367954418063156,0.0,0.10713532567024231
DUP_G,40,bracket_white/test/good/027.png,0,normal_image,32x32,0,1024,0.009659886015469965,0.0,0.0015761740505695343,0.005718979984521866,0.012548924423754215,0.03398094195872545,0.0,0.10940767079591751
DUP_G,41,bracket_white/test/good/028.png,0,normal_image,32x32,0,1024,0.008880985786618112,0.0,0.001655571162700653,0.0046457573771476746,0.011952582746744156,0.030906082689762027,0.0,0.12158586084842682
DUP_G,42,bracket_white/test/good/029.png,0,normal_image,32x32,0,1024,0.008723343547899276,0.0,0.0014791302382946014,0.005395293235778809,0.012618253007531166,0.029248437285423267,0.0,0.07014747709035873
DUP_G,43,bracket_white/test/scratches/000.png,1,abnormal_normal,32x32,7,1017,0.009311322646623984,7.91803002357483e-05,0.0020202212035655975,0.005710083991289139,0.012388847768306732,0.030650871992111164,0.0,0.0766100138425827
DUP_G,43,bracket_white/test/scratches/000.png,1,defect,32x32,7,7,0.009401205394949232,0.006591129302978516,0.007554013282060623,0.00856141746044159,0.011002600193023682,0.01345003843307495,0.006522536277770996,0.013611257076263428
DUP_G,43,bracket_white/test/scratches/000.png,1,clean_defect,32x32,7,0,,,,,,,,
DUP_G,43,bracket_white/test/scratches/000.png,1,boundary,32x32,7,7,0.009401205394949232,0.006591129302978516,0.007554013282060623,0.00856141746044159,0.011002600193023682,0.01345003843307495,0.006522536277770996,0.013611257076263428
DUP_G,44,bracket_white/test/scratches/001.png,1,abnormal_normal,32x32,5,1019,0.009338895792106826,5.5871531367301946e-05,0.0018214862793684006,0.005873598158359528,0.013223227113485336,0.029984489828348157,0.0,0.11150742322206497
DUP_G,44,bracket_white/test/scratches/001.png,1,defect,32x32,5,5,0.0031538963317871093,0.0017980277538299561,0.002548426389694214,0.003713935613632202,0.0037339329719543457,0.004076993465423584,0.0016104280948638916,0.0041627585887908936
DUP_G,44,bracket_white/test/scratches/001.png,1,clean_defect,32x32,5,0,,,,,,,,
DUP_G,44,bracket_white/test/scratches/001.png,1,boundary,32x32,5,5,0.0031538963317871093,0.0017980277538299561,0.002548426389694214,0.003713935613632202,0.0037339329719543457,0.004076993465423584,0.0016104280948638916,0.0041627585887908936
DUP_G,45,bracket_white/test/scratches/002.png,1,abnormal_normal,32x32,10,1014,0.009310079783502474,0.0,0.0016820449382066727,0.0054771751165390015,0.012117616832256317,0.030788879282772526,0.0,0.10335907340049744
DUP_G,45,bracket_white/test/scratches/002.png,1,defect,32x32,10,10,0.012404274940490723,0.0038374315947294233,0.006420815363526344,0.01296573132276535,0.018561534583568573,0.0205251470208168,0.0034202709794044495,0.021013349294662476
DUP_G,45,bracket_white/test/scratches/002.png,1,clean_defect,32x32,10,0,,,,,,,,
DUP_G,45,bracket_white/test/scratches/002.png,1,boundary,32x32,10,10,0.012404274940490723,0.0038374315947294233,0.006420815363526344,0.01296573132276535,0.018561534583568573,0.0205251470208168,0.0034202709794044495,0.021013349294662476
DUP_G,46,bracket_white/test/scratches/003.png,1,abnormal_normal,32x32,4,1020,0.009875003786246273,1.7100572586059623e-05,0.002191038802266121,0.006374647840857506,0.013294050469994545,0.032926364615559575,0.0,0.07897992432117462
DUP_G,46,bracket_white/test/scratches/003.png,1,defect,32x32,4,4,0.016591601073741913,0.011992411315441131,0.01341249793767929,0.015255630016326904,0.018434733152389526,0.023061150312423704,0.011637389659881592,0.02421775460243225
DUP_G,46,bracket_white/test/scratches/003.png,1,clean_defect,32x32,4,0,,,,,,,,
DUP_G,46,bracket_white/test/scratches/003.png,1,boundary,32x32,4,4,0.016591601073741913,0.011992411315441131,0.01341249793767929,0.015255630016326904,0.018434733152389526,0.023061150312423704,0.011637389659881592,0.02421775460243225
DUP_G,47,bracket_white/test/scratches/004.png,1,abnormal_normal,32x32,6,1018,0.009022351593137783,0.0,0.001628281082957983,0.005359949544072151,0.011894896626472473,0.032927080802619454,0.0,0.07554313540458679
DUP_G,47,bracket_white/test/scratches/004.png,1,defect,32x32,6,6,0.026356448729832966,0.011115975677967072,0.025829210877418518,0.027960732579231262,0.030052244663238525,0.03761288523674011,0.0064071714878082275,0.0399419367313385
DUP_G,47,bracket_white/test/scratches/004.png,1,clean_defect,32x32,6,0,,,,,,,,
DUP_G,47,bracket_white/test/scratches/004.png,1,boundary,32x32,6,6,0.026356448729832966,0.011115975677967072,0.025829210877418518,0.027960732579231262,0.030052244663238525,0.03761288523674011,0.0064071714878082275,0.0399419367313385
DUP_G,48,bracket_white/test/scratches/005.png,1,abnormal_normal,32x32,5,1019,0.0088927602208968,0.0,0.0015452802181243896,0.005329057574272156,0.01196146197617054,0.03118180520832538,0.0,0.10245321691036224
DUP_G,48,bracket_white/test/scratches/005.png,1,defect,32x32,5,5,0.019731396436691286,0.0031420528888702393,0.012175828218460083,0.022339552640914917,0.025661081075668335,0.03520974516868591,0.0008836090564727783,0.03759691119194031
DUP_G,48,bracket_white/test/scratches/005.png,1,clean_defect,32x32,5,0,,,,,,,,
DUP_G,48,bracket_white/test/scratches/005.png,1,boundary,32x32,5,5,0.019731396436691286,0.0031420528888702393,0.012175828218460083,0.022339552640914917,0.025661081075668335,0.03520974516868591,0.0008836090564727783,0.03759691119194031
DUP_G,49,bracket_white/test/scratches/006.png,1,abnormal_normal,32x32,6,1018,0.009386211292441268,0.0002637244760990143,0.0023172926157712936,0.006072007119655609,0.012612666934728622,0.029197417199611657,0.0,0.07969415932893753
DUP_G,49,bracket_white/test/scratches/006.png,1,defect,32x32,6,6,0.007234347363313039,0.0009651333093643188,0.00454886257648468,0.008129097521305084,0.01053730770945549,0.012048035860061646,0.0,0.012452393770217896
DUP_G,49,bracket_white/test/scratches/006.png,1,clean_defect,32x32,6,0,,,,,,,,
DUP_G,49,bracket_white/test/scratches/006.png,1,boundary,32x32,6,6,0.007234347363313039,0.0009651333093643188,0.00454886257648468,0.008129097521305084,0.01053730770945549,0.012048035860061646,0.0,0.012452393770217896
DUP_G,50,bracket_white/test/scratches/007.png,1,abnormal_normal,32x32,6,1018,0.00912946408837741,0.00014417245984077454,0.002136293798685074,0.0060283951461315155,0.013262424618005753,0.027762004733085623,0.0,0.09941823780536652
DUP_G,50,bracket_white/test/scratches/007.png,1,defect,32x32,6,6,0.008281628290812174,0.004094168543815613,0.007430896162986755,0.008938536047935486,0.009420856833457947,0.011510364711284637,0.0031087398529052734,0.01219397783279419
DUP_G,50,bracket_white/test/scratches/007.png,1,clean_defect,32x32,6,0,,,,,,,,
DUP_G,50,bracket_white/test/scratches/007.png,1,boundary,32x32,6,6,0.008281628290812174,0.004094168543815613,0.007430896162986755,0.008938536047935486,0.009420856833457947,0.011510364711284637,0.0031087398529052734,0.01219397783279419
DUP_G,51,bracket_white/test/scratches/008.png,1,abnormal_normal,32x32,6,1018,0.009347466832440353,0.00011164247989654541,0.001997663639485836,0.006309140473604202,0.012993978336453438,0.029380669444799414,0.0,0.06881749629974365
DUP_G,51,bracket_white/test/scratches/008.png,1,defect,32x32,6,6,0.007597967982292175,0.00410451740026474,0.004274427890777588,0.004553213715553284,0.0064794570207595825,0.017604999244213104,0.004054516553878784,0.021123826503753662
DUP_G,51,bracket_white/test/scratches/008.png,1,clean_defect,32x32,6,0,,,,,,,,
DUP_G,51,bracket_white/test/scratches/008.png,1,boundary,32x32,6,6,0.007597967982292175,0.00410451740026474,0.004274427890777588,0.004553213715553284,0.0064794570207595825,0.017604999244213104,0.004054516553878784,0.021123826503753662
DUP_G,52,bracket_white/test/scratches/009.png,1,abnormal_normal,32x32,6,1018,0.009168073842356857,0.0,0.0015537235885858536,0.005427291616797447,0.013018722645938396,0.03130582608282566,0.0,0.09332508593797684
DUP_G,52,bracket_white/test/scratches/009.png,1,defect,32x32,6,6,0.004720285534858704,0.0014391317963600159,0.0025324150919914246,0.004230111837387085,0.006675340235233307,0.008728519082069397,0.001230865716934204,0.009173691272735596
DUP_G,52,bracket_white/test/scratches/009.png,1,clean_defect,32x32,6,0,,,,,,,,
DUP_G,52,bracket_white/test/scratches/009.png,1,boundary,32x32,6,6,0.004720285534858704,0.0014391317963600159,0.0025324150919914246,0.004230111837387085,0.006675340235233307,0.008728519082069397,0.001230865716934204,0.009173691272735596
DUP_G,53,bracket_white/test/scratches/010.png,1,abnormal_normal,32x32,7,1017,0.009305946376896303,0.0,0.0017126798629760742,0.005723915994167328,0.012688975781202316,0.03347676098346708,0.0,0.07235519587993622
DUP_G,53,bracket_white/test/scratches/010.png,1,defect,32x32,7,7,0.009359366127422877,0.0020735979080200194,0.004482656717300415,0.007665663957595825,0.011761516332626343,0.021319638192653652,0.0016019940376281738,0.02375955879688263
DUP_G,53,bracket_white/test/scratches/010.png,1,clean_defect,32x32,7,0,,,,,,,,
DUP_G,53,bracket_white/test/scratches/010.png,1,boundary,32x32,7,7,0.009359366127422877,0.0020735979080200194,0.004482656717300415,0.007665663957595825,0.011761516332626343,0.021319638192653652,0.0016019940376281738,0.02375955879688263
DUP_G,54,bracket_white/test/scratches/011.png,1,abnormal_normal,32x32,10,1014,0.009130520864593736,0.0,0.0015165852382779121,0.005488108843564987,0.012751665897667408,0.030271005071699584,0.0,0.0747559666633606
DUP_G,54,bracket_white/test/scratches/011.png,1,defect,32x32,10,10,0.02242131233215332,0.007806883379817009,0.018778923898935318,0.02308819442987442,0.02959872968494892,0.03270924240350723,0.006522081792354584,0.033866629004478455
DUP_G,54,bracket_white/test/scratches/011.png,1,clean_defect,32x32,10,0,,,,,,,,
DUP_G,54,bracket_white/test/scratches/011.png,1,boundary,32x32,10,10,0.02242131233215332,0.007806883379817009,0.018778923898935318,0.02308819442987442,0.02959872968494892,0.03270924240350723,0.006522081792354584,0.033866629004478455
DUP_G,55,bracket_white/test/scratches/012.png,1,abnormal_normal,32x32,5,1019,0.009104767106418608,0.0,0.0017787832766771317,0.005490630865097046,0.012749329209327698,0.02960963696241378,0.0,0.08879915624856949
DUP_G,55,bracket_white/test/scratches/012.png,1,defect,32x32,5,5,0.04411619305610657,0.036630934476852416,0.03918895125389099,0.041396111249923706,0.05121508240699768,0.052474528551101685,0.03599143028259277,0.052789390087127686
DUP_G,55,bracket_white/test/scratches/012.png,1,clean_defect,32x32,5,0,,,,,,,,
DUP_G,55,bracket_white/test/scratches/012.png,1,boundary,32x32,5,5,0.04411619305610657,0.036630934476852416,0.03918895125389099,0.041396111249923706,0.05121508240699768,0.052474528551101685,0.03599143028259277,0.052789390087127686
DUP_G,56,bracket_white/test/scratches/013.png,1,abnormal_normal,32x32,6,1018,0.009013000625955976,0.0,0.0018185339868068695,0.00527418777346611,0.012154027819633484,0.032490345835685726,0.0,0.07442253828048706
DUP_G,56,bracket_white/test/scratches/013.png,1,defect,32x32,6,6,0.02133763333161672,0.003338336944580078,0.014666639268398285,0.02427053451538086,0.03175217658281326,0.03341951221227646,0.0,0.033773332834243774
DUP_G,56,bracket_white/test/scratches/013.png,1,clean_defect,32x32,6,0,,,,,,,,
DUP_G,56,bracket_white/test/scratches/013.png,1,boundary,32x32,6,6,0.02133763333161672,0.003338336944580078,0.014666639268398285,0.02427053451538086,0.03175217658281326,0.03341951221227646,0.0,0.033773332834243774
DUP_G,57,bracket_white/test/scratches/014.png,1,abnormal_normal,32x32,11,1013,0.009178497677766382,0.0,0.00169450044631958,0.004996713250875473,0.012878337875008583,0.03258776888251303,0.0,0.07908209413290024
DUP_G,57,bracket_white/test/scratches/014.png,1,defect,32x32,11,11,0.019162217324430294,0.003398507833480835,0.00882256031036377,0.010790765285491943,0.03052356094121933,0.046154722571372986,0.0017181336879730225,0.05259642004966736
DUP_G,57,bracket_white/test/scratches/014.png,1,clean_defect,32x32,11,0,,,,,,,,
DUP_G,57,bracket_white/test/scratches/014.png,1,boundary,32x32,11,11,0.019162217324430294,0.003398507833480835,0.00882256031036377,0.010790765285491943,0.03052356094121933,0.046154722571372986,0.0017181336879730225,0.05259642004966736
DUP_G,58,bracket_white/test/scratches/015.png,1,abnormal_normal,32x32,7,1017,0.009002205620876046,9.511411190032964e-05,0.0017641782760620117,0.005881566554307938,0.01284433901309967,0.030114926397800425,0.0,0.08989730477333069
DUP_G,58,bracket_white/test/scratches/015.png,1,defect,32x32,7,7,0.014315888285636902,0.004854246973991394,0.00920286774635315,0.011480003595352173,0.020149603486061096,0.026027099788188936,0.003907918930053711,0.026118353009223938
DUP_G,58,bracket_white/test/scratches/015.png,1,clean_defect,32x32,7,0,,,,,,,,
DUP_G,58,bracket_white/test/scratches/015.png,1,boundary,32x32,7,7,0.014315888285636902,0.004854246973991394,0.00920286774635315,0.011480003595352173,0.020149603486061096,0.026027099788188936,0.003907918930053711,0.026118353009223938
DUP_G,59,bracket_white/test/scratches/016.png,1,abnormal_normal,32x32,6,1018,0.00973793394563533,0.0001432374119758606,0.001958557404577732,0.005577467381954193,0.013083567842841148,0.03424073420464992,0.0,0.08084551244974136
DUP_G,59,bracket_white/test/scratches/016.png,1,defect,32x32,6,6,0.01665140191713969,0.007837831974029541,0.009077325463294983,0.01570974290370941,0.024682477116584778,0.026258908212184906,0.007501661777496338,0.0264473557472229
DUP_G,59,bracket_white/test/scratches/016.png,1,clean_defect,32x32,6,0,,,,,,,,
DUP_G,59,bracket_white/test/scratches/016.png,1,boundary,32x32,6,6,0.01665140191713969,0.007837831974029541,0.009077325463294983,0.01570974290370941,0.024682477116584778,0.026258908212184906,0.007501661777496338,0.0264473557472229
TRI_G,0,bracket_white/test/defective_painting/000.png,1,abnormal_normal,32x32,3,1021,0.014093474662852684,0.0009314045310020447,0.005066908895969391,0.01069919764995575,0.01912296563386917,0.03964216262102127,0.0,0.09613276273012161
TRI_G,0,bracket_white/test/defective_painting/000.png,1,defect,32x32,3,3,0.00491286317507426,0.00012340247631072998,0.0006170123815536499,0.0012340247631072998,0.007369294762611389,0.01227751076221466,0.0,0.013504564762115479
TRI_G,0,bracket_white/test/defective_painting/000.png,1,clean_defect,32x32,3,0,,,,,,,,
TRI_G,0,bracket_white/test/defective_painting/000.png,1,boundary,32x32,3,3,0.00491286317507426,0.00012340247631072998,0.0006170123815536499,0.0012340247631072998,0.007369294762611389,0.01227751076221466,0.0,0.013504564762115479
TRI_G,1,bracket_white/test/defective_painting/001.png,1,abnormal_normal,32x32,3,1021,0.014491902274808443,0.0007326006889343262,0.005466587841510773,0.01169256865978241,0.01998049020767212,0.04018431901931763,0.0,0.19147107005119324
TRI_G,1,bracket_white/test/defective_painting/001.png,1,defect,32x32,3,3,0.01240643858909607,0.000960664451122284,0.00480332225561142,0.00960664451122284,0.018609657883644104,0.025812068581581114,0.0,0.02761267125606537
TRI_G,1,bracket_white/test/defective_painting/001.png,1,clean_defect,32x32,3,0,,,,,,,,
TRI_G,1,bracket_white/test/defective_painting/001.png,1,boundary,32x32,3,3,0.01240643858909607,0.000960664451122284,0.00480332225561142,0.00960664451122284,0.018609657883644104,0.025812068581581114,0.0,0.02761267125606537
TRI_G,2,bracket_white/test/defective_painting/002.png,1,abnormal_normal,32x32,3,1021,0.014827777767493722,0.001424252986907959,0.005982056260108948,0.01139482855796814,0.01968972384929657,0.041258327662944794,0.0,0.0798688754439354
TRI_G,2,bracket_white/test/defective_painting/002.png,1,defect,32x32,3,3,0.02987186113993327,0.023940274119377138,0.026593908667564392,0.029910951852798462,0.03316935896873474,0.03577608466148376,0.023276865482330322,0.03642776608467102
TRI_G,2,bracket_white/test/defective_painting/002.png,1,clean_defect,32x32,3,0,,,,,,,,
TRI_G,2,bracket_white/test/defective_painting/002.png,1,boundary,32x32,3,3,0.02987186113993327,0.023940274119377138,0.026593908667564392,0.029910951852798462,0.03316935896873474,0.03577608466148376,0.023276865482330322,0.03642776608467102
TRI_G,3,bracket_white/test/defective_painting/003.png,1,abnormal_normal,32x32,2,1022,0.014391752191383661,0.0006199464201927186,0.005508730188012123,0.01105579175055027,0.018665768206119537,0.04238539375364777,0.0,0.16525307297706604
TRI_G,3,bracket_white/test/defective_painting/003.png,1,defect,32x32,2,2,0.002165958285331726,0.0007655099034309387,0.0013879314064979553,0.002165958285331726,0.002943985164165497,0.0035664066672325134,0.0006099045276641846,0.0037220120429992676
TRI_G,3,bracket_white/test/defective_painting/003.png,1,clean_defect,32x32,2,0,,,,,,,,
TRI_G,3,bracket_white/test/defective_painting/003.png,1,boundary,32x32,2,2,0.002165958285331726,0.0007655099034309387,0.0013879314064979553,0.002165958285331726,0.002943985164165497,0.0035664066672325134,0.0006099045276641846,0.0037220120429992676
TRI_G,4,bracket_white/test/defective_painting/004.png,1,abnormal_normal,32x32,2,1022,0.014228244211867365,0.000994091108441353,0.005506238667294383,0.010944575071334839,0.018927646800875664,0.0378802977502346,0.0,0.09345068037509918
TRI_G,4,bracket_white/test/defective_painting/004.png,1,defect,32x32,2,2,0.0064191147685050964,0.0030173026025295258,0.0045292191207408905,0.0064191147685050964,0.008309010416269302,0.009820926934480667,0.0026393234729766846,0.010198906064033508
TRI_G,4,bracket_white/test/defective_painting/004.png,1,clean_defect,32x32,2,0,,,,,,,,
TRI_G,4,bracket_white/test/defective_painting/004.png,1,boundary,32x32,2,2,0.0064191147685050964,0.0030173026025295258,0.0045292191207408905,0.0064191147685050964,0.008309010416269302,0.009820926934480667,0.0026393234729766846,0.010198906064033508
TRI_G,5,bracket_white/test/defective_painting/005.png,1,abnormal_normal,32x32,2,1022,0.014630163428346296,0.0011657606810331345,0.006029685027897358,0.011378444731235504,0.019118609838187695,0.039975671097636195,0.0,0.09257927536964417
TRI_G,5,bracket_white/test/defective_painting/005.png,1,defect,32x32,2,2,0.0013082176446914673,0.0011986091732978821,0.0012473240494728088,0.0013082176446914673,0.0013691112399101257,0.0014178261160850524,0.0011864304542541504,0.0014300048351287842
TRI_G,5,bracket_white/test/defective_painting/005.png,1,clean_defect,32x32,2,0,,,,,,,,
TRI_G,5,bracket_white/test/defective_painting/005.png,1,boundary,32x32,2,2,0.0013082176446914673,0.0011986091732978821,0.0012473240494728088,0.0013082176446914673,0.0013691112399101257,0.0014178261160850524,0.0011864304542541504,0.0014300048351287842
TRI_G,6,bracket_white/test/defective_painting/006.png,1,abnormal_normal,32x32,3,1021,0.014270352119402951,0.000942036509513855,0.005509205162525177,0.011221092194318771,0.019308075308799744,0.03754548728466034,0.0,0.12459738552570343
TRI_G,6,bracket_white/test/defective_painting/006.png,1,defect,32x32,3,3,0.00646023948987325,0.0015731036663055422,0.003573089838027954,0.006073072552680969,0.009153805673122406,0.011618392169475555,0.001073107123374939,0.012234538793563843
TRI_G,6,bracket_white/test/defective_painting/006.png,1,clean_defect,32x32,3,0,,,,,,,,
TRI_G,6,bracket_white/test/defective_painting/006.png,1,boundary,32x32,3,3,0.00646023948987325,0.0015731036663055422,0.003573089838027954,0.006073072552680969,0.009153805673122406,0.011618392169475555,0.001073107123374939,0.012234538793563843
TRI_G,7,bracket_white/test/defective_painting/007.png,1,abnormal_normal,32x32,5,1019,0.013554976620620905,0.0007003363221883774,0.0047448016703128815,0.010038133710622787,0.018323134630918503,0.03898116648197174,0.0,0.09367328882217407
TRI_G,7,bracket_white/test/defective_painting/007.png,1,defect,32x32,5,5,0.023876559734344483,0.013541406393051148,0.022243350744247437,0.024411380290985107,0.030073583126068115,0.031045567989349366,0.011365920305252075,0.03128856420516968
TRI_G,7,bracket_white/test/defective_painting/007.png,1,clean_defect,32x32,5,0,,,,,,,,
TRI_G,7,bracket_white/test/defective_painting/007.png,1,boundary,32x32,5,5,0.023876559734344483,0.013541406393051148,0.022243350744247437,0.024411380290985107,0.030073583126068115,0.031045567989349366,0.011365920305252075,0.03128856420516968
TRI_G,8,bracket_white/test/defective_painting/008.png,1,abnormal_normal,32x32,6,1018,0.013873664489334307,0.0009044215083122254,0.004896773025393486,0.010888827964663506,0.01849493570625782,0.03946828357875347,0.0,0.08616810292005539
TRI_G,8,bracket_white/test/defective_painting/008.png,1,defect,32x32,6,6,0.014929398894309998,2.9802322387695312e-08,0.0029241740703582764,0.016358137130737305,0.024093322455883026,0.030086107552051544,2.9802322387695312e-08,0.03174218535423279
TRI_G,8,bracket_white/test/defective_painting/008.png,1,clean_defect,32x32,6,0,,,,,,,,
TRI_G,8,bracket_white/test/defective_painting/008.png,1,boundary,32x32,6,6,0.014929398894309998,2.9802322387695312e-08,0.0029241740703582764,0.016358137130737305,0.024093322455883026,0.030086107552051544,2.9802322387695312e-08,0.03174218535423279
TRI_G,9,bracket_white/test/defective_painting/009.png,1,abnormal_normal,32x32,4,1020,0.014674065681174398,0.0011396700516343118,0.0056338803842663765,0.011482568457722664,0.019771521911025047,0.04022827185690403,0.0,0.13147681951522827
TRI_G,9,bracket_white/test/defective_painting/009.png,1,defect,32x32,4,4,0.004021294414997101,0.00014013200998306278,0.0007006600499153137,0.002140134572982788,0.005460768938064575,0.010536080598831174,0.0,0.011804908514022827
TRI_G,9,bracket_white/test/defective_painting/009.png,1,clean_defect,32x32,4,0,,,,,,,,
TRI_G,9,bracket_white/test/defective_painting/009.png,1,boundary,32x32,4,4,0.004021294414997101,0.00014013200998306278,0.0007006600499153137,0.002140134572982788,0.005460768938064575,0.010536080598831174,0.0,0.011804908514022827
TRI_G,10,bracket_white/test/defective_painting/010.png,1,abnormal_normal,32x32,2,1022,0.014664347576972556,0.0009329567663371564,0.005978167988359928,0.011702429503202438,0.02020159177482128,0.038742509111762045,0.0,0.1258968710899353
TRI_G,10,bracket_white/test/defective_painting/010.png,1,defect,32x32,2,2,0.004156753420829773,0.0023719176650047304,0.0031651780009269714,0.004156753420829773,0.0051483288407325745,0.0059415891766548155,0.00217360258102417,0.006139904260635376
TRI_G,10,bracket_white/test/defective_painting/010.png,1,clean_defect,32x32,2,0,,,,,,,,
TRI_G,10,bracket_white/test/defective_painting/010.png,1,boundary,32x32,2,2,0.004156753420829773,0.0023719176650047304,0.0031651780009269714,0.004156753420829773,0.0051483288407325745,0.0059415891766548155,0.00217360258102417,0.006139904260635376
TRI_G,11,bracket_white/test/defective_painting/011.png,1,abnormal_normal,32x32,3,1021,0.014281309959565332,0.0008520185947418213,0.005473658442497253,0.010803461074829102,0.019406281411647797,0.03957170248031616,0.0,0.10736861079931259
TRI_G,11,bracket_white/test/defective_painting/011.png,1,defect,32x32,3,3,0.0034446765979131064,0.0004743620753288269,0.0023718103766441345,0.004743620753288269,0.005167014896869659,0.0055057302117347716,0.0,0.00559040904045105
TRI_G,11,bracket_white/test/defective_painting/011.png,1,clean_defect,32x32,3,0,,,,,,,,
TRI_G,11,bracket_white/test/defective_painting/011.png,1,boundary,32x32,3,3,0.0034446765979131064,0.0004743620753288269,0.0023718103766441345,0.004743620753288269,0.005167014896869659,0.0055057302117347716,0.0,0.00559040904045105
TRI_G,12,bracket_white/test/defective_painting/012.png,1,abnormal_normal,32x32,5,1019,0.014358579245111717,0.0012925304472446442,0.005839340388774872,0.011164963245391846,0.019399922341108322,0.03841297179460525,0.0,0.10791926085948944
TRI_G,12,bracket_white/test/defective_painting/012.png,1,defect,32x32,5,5,0.009854263067245484,0.003016039729118347,0.003993555903434753,0.00794801115989685,0.011775374412536621,0.020581245422363278,0.0027716606855392456,0.022782713174819946
TRI_G,12,bracket_white/test/defective_painting/012.png,1,clean_defect,32x32,5,0,,,,,,,,
TRI_G,12,bracket_white/test/defective_painting/012.png,1,boundary,32x32,5,5,0.009854263067245484,0.003016039729118347,0.003993555903434753,0.00794801115989685,0.011775374412536621,0.020581245422363278,0.0027716606855392456,0.022782713174819946
TRI_G,13,bracket_white/test/good/000.png,0,normal_image,32x32,0,1024,0.01330726262403914,0.00034547038376331335,0.004076257348060608,0.009832752868533134,0.019057709723711014,0.03706342652440069,0.0,0.12987133860588074
TRI_G,14,bracket_white/test/good/001.png,0,normal_image,32x32,0,1024,0.013935918080278498,0.0006467003375291824,0.005117489956319332,0.010743584483861923,0.01956791151314974,0.03810466341674326,0.0,0.10241053998470306
TRI_G,15,bracket_white/test/good/002.png,0,normal_image,32x32,0,1024,0.013197858946114138,0.0002833759412169456,0.00397438183426857,0.010213615372776985,0.01788049377501011,0.036889070272445645,0.0,0.10956977307796478
TRI_G,16,bracket_white/test/good/003.png,0,normal_image,32x32,0,1024,0.00810273701586084,0.0,1.862645149230957e-09,0.002528727985918522,0.011719511589035392,0.032535686530172823,0.0,0.09451703727245331
TRI_G,17,bracket_white/test/good/004.png,0,normal_image,32x32,0,1024,0.008530559257451387,0.0,0.0005309097468852997,0.004750163294374943,0.012212869711220264,0.031767466291785174,0.0,0.08220938593149185
TRI_G,18,bracket_white/test/good/005.png,0,normal_image,32x32,0,1024,0.013764323683062685,0.00013469383120536806,0.004496166482567787,0.010044122114777565,0.019282758235931396,0.03926600031554695,0.0,0.09391357004642487
TRI_G,19,bracket_white/test/good/006.png,0,normal_image,32x32,0,1024,0.009877166377805224,0.0,0.001027354970574379,0.0056603760458528996,0.014480419922620058,0.03547287583351132,0.0,0.11209136992692947
TRI_G,20,bracket_white/test/good/007.png,0,normal_image,32x32,0,1024,0.012157296475379553,1.0710209608078056e-09,0.0025600045919418335,0.00856921449303627,0.01747295819222927,0.03808394055813547,0.0,0.09736432880163193
TRI_G,21,bracket_white/test/good/008.png,0,normal_image,32x32,0,1024,0.012373392522931681,0.0,0.002466069534420967,0.008595211431384087,0.018432853743433952,0.03751540780067443,0.0,0.09345455467700958
TRI_G,22,bracket_white/test/good/009.png,0,normal_image,32x32,0,1024,0.010918616839717288,0.0,0.0015138573944568634,0.006952755153179169,0.01633528620004654,0.03606072533875704,0.0,0.0801444798707962
TRI_G,23,bracket_white/test/good/010.png,0,normal_image,32x32,0,1024,0.012486104505114781,7.450580596923828e-09,0.0032979408279061317,0.008966680616140366,0.01843421719968319,0.035641875863075254,0.0,0.0846160352230072
TRI_G,24,bracket_white/test/good/011.png,0,normal_image,32x32,0,1024,0.010490057197330316,0.0,0.0017887866124510765,0.0068687619641423225,0.014713143929839134,0.03234071917831896,0.0,0.07698473334312439
TRI_G,25,bracket_white/test/good/012.png,0,normal_image,32x32,0,1024,0.01224243673368619,0.00016363523900508883,0.003807583823800087,0.009517781436443329,0.017313106916844845,0.03396633006632327,0.0,0.09563076496124268
TRI_G,26,bracket_white/test/good/013.png,0,normal_image,32x32,0,1024,0.012710217722087691,3.725290298461914e-09,0.0032286588102579117,0.009271067567169666,0.018093615770339966,0.03522586710751056,0.0,0.11784206330776215
TRI_G,27,bracket_white/test/good/014.png,0,normal_image,32x32,0,1024,0.01320379050594056,0.0002559062093496323,0.004111037589609623,0.009509168565273285,0.01853632740676403,0.03753849025815723,0.0,0.10349579155445099
TRI_G,28,bracket_white/test/good/015.png,0,normal_image,32x32,0,1024,0.014203809843820636,0.0003935262560844423,0.004379359073936939,0.01029943861067295,0.019708700478076935,0.04016973450779908,0.0,0.1141907200217247
TRI_G,29,bracket_white/test/good/016.png,0,normal_image,32x32,0,1024,0.013232966226496501,0.00020298510789871216,0.004526101052761078,0.00997830368578434,0.01897574868053198,0.03520884439349173,0.0,0.09326528757810593
TRI_G,30,bracket_white/test/good/017.png,0,normal_image,32x32,0,1024,0.01089140931617294,0.0,0.0013949875719845295,0.006566867232322693,0.01572961639612913,0.036369191296398616,0.0,0.1475069671869278
TRI_G,31,bracket_white/test/good/018.png,0,normal_image,32x32,0,1024,0.00880692652435755,0.0,0.0001419084146618843,0.00409794133156538,0.012268038932234049,0.0334116434678435,0.0,0.10019871592521667
TRI_G,32,bracket_white/test/good/019.png,0,normal_image,32x32,0,1024,0.012201413196635258,2.142041921615611e-09,0.002727341838181019,0.008595522493124008,0.016878066584467888,0.03690445348620413,0.0,0.09164711833000183
TRI_G,33,bracket_white/test/good/020.png,0,normal_image,32x32,0,1024,0.011215870485102641,0.0,0.0022307531908154488,0.007283950224518776,0.016260752454400063,0.0355265412479639,0.0,0.09489074349403381
TRI_G,34,bracket_white/test/good/021.png,0,normal_image,32x32,0,1024,0.011861198870974476,3.725290298461914e-09,0.0026470953598618507,0.008389130234718323,0.017223568633198738,0.03545819558203214,0.0,0.0800088495016098
TRI_G,35,bracket_white/test/good/022.png,0,normal_image,32x32,0,1024,0.012530921287179808,0.0,0.002508271485567093,0.008638067170977592,0.017596468329429626,0.04136719554662704,0.0,0.08762840926647186
TRI_G,36,bracket_white/test/good/023.png,0,normal_image,32x32,0,1024,0.010691690712064883,0.0,0.0014490350149571896,0.006948850117623806,0.014953883364796638,0.033937564864754674,0.0,0.10494771599769592
TRI_G,37,bracket_white/test/good/024.png,0,normal_image,32x32,0,1024,0.012717066436380264,3.725290298461914e-09,0.003278970718383789,0.008777650073170662,0.018321111798286438,0.03746699355542659,0.0,0.09622444957494736
TRI_G,38,bracket_white/test/good/025.png,0,normal_image,32x32,0,1024,0.011950389078265289,1.862645149230957e-09,0.002514890395104885,0.008649852126836777,0.017605354078114033,0.03567221909761426,0.0,0.07660243660211563
TRI_G,39,bracket_white/test/good/026.png,0,normal_image,32x32,0,1024,0.012628761907308217,1.862645149230957e-09,0.0029000197537243366,0.00894329883158207,0.01767802517861128,0.037793317623436434,0.0,0.10713532567024231
TRI_G,40,bracket_white/test/good/027.png,0,normal_image,32x32,0,1024,0.013703683668154554,7.452871650457384e-05,0.004155578091740608,0.00987919420003891,0.01910348143428564,0.04151879586279386,0.0,0.10940767079591751
TRI_G,41,bracket_white/test/good/028.png,0,normal_image,32x32,0,1024,0.013148090014965419,0.00012043435126543053,0.004074715077877045,0.00965442880988121,0.01830168440937996,0.03811944350600242,0.0,0.12158586084842682
TRI_G,42,bracket_white/test/good/029.png,0,normal_image,32x32,0,1024,0.012521174382527533,3.5686418414115916e-06,0.0036566974595189095,0.0097555723041296,0.016975567676126957,0.036008663475513444,0.0,0.06528867036104202
TRI_G,43,bracket_white/test/scratches/000.png,1,abnormal_normal,32x32,7,1017,0.013799627799625007,0.0007519856095314026,0.004939895123243332,0.010585449635982513,0.01864362508058548,0.03803314864635466,0.0,0.08163752406835556
TRI_G,43,bracket_white/test/scratches/000.png,1,defect,32x32,7,7,0.011368148028850555,0.00803299993276596,0.00829165056347847,0.009140640497207642,0.015224114060401917,0.015451836585998534,0.00795009732246399,0.015454769134521484
TRI_G,43,bracket_white/test/scratches/000.png,1,clean_defect,32x32,7,0,,,,,,,,
TRI_G,43,bracket_white/test/scratches/000.png,1,boundary,32x32,7,7,0.011368148028850555,0.00803299993276596,0.00829165056347847,0.009140640497207642,0.015224114060401917,0.015451836585998534,0.00795009732246399,0.015454769134521484
TRI_G,44,bracket_white/test/scratches/001.png,1,abnormal_normal,32x32,5,1019,0.01377212801277345,0.000561678782105446,0.005238046869635582,0.011009857058525085,0.019220512360334396,0.03656693212687968,0.0,0.1119755208492279
TRI_G,44,bracket_white/test/scratches/001.png,1,defect,32x32,5,5,0.018377453088760376,0.011446428298950196,0.015232682228088379,0.019415229558944702,0.019620418548583984,0.025619339942932126,0.01049986481666565,0.027119070291519165
TRI_G,44,bracket_white/test/scratches/001.png,1,clean_defect,32x32,5,0,,,,,,,,
TRI_G,44,bracket_white/test/scratches/001.png,1,boundary,32x32,5,5,0.018377453088760376,0.011446428298950196,0.015232682228088379,0.019415229558944702,0.019620418548583984,0.025619339942932126,0.01049986481666565,0.027119070291519165
TRI_G,45,bracket_white/test/scratches/002.png,1,abnormal_normal,32x32,10,1014,0.01371211643125017,0.00043224589899182347,0.00468019675463438,0.010337097570300102,0.018938292749226093,0.03777647204697129,0.0,0.09679661691188812
TRI_G,45,bracket_white/test/scratches/002.png,1,defect,32x32,10,10,0.020289045572280884,0.005764685943722725,0.012496046721935272,0.018959414213895798,0.028729252517223358,0.034763848781585685,0.004347309470176697,0.038224756717681885
TRI_G,45,bracket_white/test/scratches/002.png,1,clean_defect,32x32,10,0,,,,,,,,
TRI_G,45,bracket_white/test/scratches/002.png,1,boundary,32x32,10,10,0.020289045572280884,0.005764685943722725,0.012496046721935272,0.018959414213895798,0.028729252517223358,0.034763848781585685,0.004347309470176697,0.038224756717681885
TRI_G,46,bracket_white/test/scratches/003.png,1,abnormal_normal,32x32,4,1020,0.014437491291513045,0.0006960063241422177,0.0052430834621191025,0.011222155764698982,0.02020137570798397,0.03835232499986887,0.0,0.10732726752758026
TRI_G,46,bracket_white/test/scratches/003.png,1,defect,32x32,4,4,0.03962858021259308,0.026553519070148468,0.028297938406467438,0.03992880880832672,0.05125945061445236,0.05228332132101059,0.026117414236068726,0.052539288997650146
TRI_G,46,bracket_white/test/scratches/003.png,1,clean_defect,32x32,4,0,,,,,,,,
TRI_G,46,bracket_white/test/scratches/003.png,1,boundary,32x32,4,4,0.03962858021259308,0.026553519070148468,0.028297938406467438,0.03992880880832672,0.05125945061445236,0.05228332132101059,0.026117414236068726,0.052539288997650146
TRI_G,47,bracket_white/test/scratches/004.png,1,abnormal_normal,32x32,6,1018,0.013623155424762919,0.0001000119373202324,0.0039957379922270775,0.009796561673283577,0.01849277224391699,0.03988197594881056,0.0,0.21468323469161987
TRI_G,47,bracket_white/test/scratches/004.png,1,defect,32x32,6,6,0.026081271469593048,0.00916154682636261,0.027173958718776703,0.029092714190483093,0.03061825782060623,0.03573453053832054,0.0032036006450653076,0.037437453866004944
TRI_G,47,bracket_white/test/scratches/004.png,1,clean_defect,32x32,6,0,,,,,,,,
TRI_G,47,bracket_white/test/scratches/004.png,1,boundary,32x32,6,6,0.026081271469593048,0.00916154682636261,0.027173958718776703,0.029092714190483093,0.03061825782060623,0.03573453053832054,0.0032036006450653076,0.037437453866004944
TRI_G,48,bracket_white/test/scratches/005.png,1,abnormal_normal,32x32,5,1019,0.013051520193121793,0.00031557679176330566,0.003636714071035385,0.009885996580123901,0.017897222191095352,0.03737456984817981,0.0,0.09618448466062546
TRI_G,48,bracket_white/test/scratches/005.png,1,defect,32x32,5,5,0.023070043325424193,0.011806583404541016,0.01893937587738037,0.02410656213760376,0.02669578790664673,0.033807241916656496,0.010023385286331177,0.035585105419158936
TRI_G,48,bracket_white/test/scratches/005.png,1,clean_defect,32x32,5,0,,,,,,,,
TRI_G,48,bracket_white/test/scratches/005.png,1,boundary,32x32,5,5,0.023070043325424193,0.011806583404541016,0.01893937587738037,0.02410656213760376,0.02669578790664673,0.033807241916656496,0.010023385286331177,0.035585105419158936
TRI_G,49,bracket_white/test/scratches/006.png,1,abnormal_normal,32x32,6,1018,0.013744027283379336,0.0009151626378297806,0.00557883083820343,0.010758405551314354,0.01865905523300171,0.03665720615535974,0.0,0.09204106032848358
TRI_G,49,bracket_white/test/scratches/006.png,1,defect,32x32,6,6,0.024794402221838634,0.007588502019643784,0.017911355942487717,0.02990071475505829,0.03180321305990219,0.035959094762802124,0.0053139328956604,0.037298768758773804
TRI_G,49,bracket_white/test/scratches/006.png,1,clean_defect,32x32,6,0,,,,,,,,
TRI_G,49,bracket_white/test/scratches/006.png,1,boundary,32x32,6,6,0.024794402221838634,0.007588502019643784,0.017911355942487717,0.02990071475505829,0.03180321305990219,0.035959094762802124,0.0053139328956604,0.037298768758773804
TRI_G,50,bracket_white/test/scratches/007.png,1,abnormal_normal,32x32,6,1018,0.014092330159418182,0.0010166559368371964,0.00561237707734108,0.01143248938024044,0.018818480893969536,0.037594551593065254,0.0,0.09768607467412949
TRI_G,50,bracket_white/test/scratches/007.png,1,defect,32x32,6,6,0.021425411105155945,0.012912683188915253,0.017131738364696503,0.019349411129951477,0.0254928320646286,0.03251097351312637,0.011576473712921143,0.03434401750564575
TRI_G,50,bracket_white/test/scratches/007.png,1,clean_defect,32x32,6,0,,,,,,,,
TRI_G,50,bracket_white/test/scratches/007.png,1,boundary,32x32,6,6,0.021425411105155945,0.012912683188915253,0.017131738364696503,0.019349411129951477,0.0254928320646286,0.03251097351312637,0.011576473712921143,0.03434401750564575
TRI_G,51,bracket_white/test/scratches/008.png,1,abnormal_normal,32x32,6,1018,0.013754974664618903,0.0007833773270249367,0.005143617279827595,0.01079593226313591,0.018352951854467392,0.037343887984752654,0.0,0.08108183741569519
TRI_G,51,bracket_white/test/scratches/008.png,1,defect,32x32,6,6,0.027896081407864887,0.02078881859779358,0.02367544174194336,0.025540143251419067,0.026440322399139404,0.041536204516887665,0.019938290119171143,0.04656365513801575
TRI_G,51,bracket_white/test/scratches/008.png,1,clean_defect,32x32,6,0,,,,,,,,
TRI_G,51,bracket_white/test/scratches/008.png,1,boundary,32x32,6,6,0.027896081407864887,0.02078881859779358,0.02367544174194336,0.025540143251419067,0.026440322399139404,0.041536204516887665,0.019938290119171143,0.04656365513801575
TRI_G,52,bracket_white/test/scratches/009.png,1,abnormal_normal,32x32,6,1018,0.013452318454918786,0.0003602158278226853,0.004443438723683357,0.010182531550526619,0.018839580938220024,0.038095534592866895,0.0,0.07985523343086243
TRI_G,52,bracket_white/test/scratches/009.png,1,defect,32x32,6,6,0.016862799723943073,0.007280878722667694,0.010847412049770355,0.015459969639778137,0.023003511130809784,0.027997806668281555,0.006254702806472778,0.029174238443374634
TRI_G,52,bracket_white/test/scratches/009.png,1,clean_defect,32x32,6,0,,,,,,,,
TRI_G,52,bracket_white/test/scratches/009.png,1,boundary,32x32,6,6,0.016862799723943073,0.007280878722667694,0.010847412049770355,0.015459969639778137,0.023003511130809784,0.027997806668281555,0.006254702806472778,0.029174238443374634
TRI_G,53,bracket_white/test/scratches/010.png,1,abnormal_normal,32x32,7,1017,0.013823411443921844,0.0003815032541751862,0.004578933119773865,0.010644156485795975,0.01944679021835327,0.03988323509693145,0.0,0.07960005104541779
TRI_G,53,bracket_white/test/scratches/010.png,1,defect,32x32,7,7,0.015336147376469203,0.004599094390869141,0.01077020913362503,0.014723867177963257,0.0207512304186821,0.02625668495893478,0.0022594034671783447,0.027326881885528564
TRI_G,53,bracket_white/test/scratches/010.png,1,clean_defect,32x32,7,0,,,,,,,,
TRI_G,53,bracket_white/test/scratches/010.png,1,boundary,32x32,7,7,0.015336147376469203,0.004599094390869141,0.01077020913362503,0.014723867177963257,0.0207512304186821,0.02625668495893478,0.0022594034671783447,0.027326881885528564
TRI_G,54,bracket_white/test/scratches/011.png,1,abnormal_normal,32x32,10,1014,0.013682467858371357,0.0005333781242370606,0.004598957020789385,0.010190775617957115,0.01935717463493347,0.03706025443971154,0.0,0.11318241059780121
TRI_G,54,bracket_white/test/scratches/011.png,1,defect,32x32,10,10,0.023121584206819534,0.0078068900853395466,0.019196350127458572,0.022473245859146118,0.02959873341023922,0.03755059354007243,0.006522081792354584,0.041171833872795105
TRI_G,54,bracket_white/test/scratches/011.png,1,clean_defect,32x32,10,0,,,,,,,,
TRI_G,54,bracket_white/test/scratches/011.png,1,boundary,32x32,10,10,0.023121584206819534,0.0078068900853395466,0.019196350127458572,0.022473245859146118,0.02959873341023922,0.03755059354007243,0.006522081792354584,0.041171833872795105
TRI_G,55,bracket_white/test/scratches/012.png,1,abnormal_normal,32x32,5,1019,0.013880764077562871,0.00045972578227519993,0.004525167867541313,0.011060498654842377,0.01989966258406639,0.037407379224896425,0.0,0.08850178122520447
TRI_G,55,bracket_white/test/scratches/012.png,1,defect,32x32,5,5,0.044837141036987306,0.03751193881034851,0.041396111249923706,0.042550235986709595,0.05121511220932007,0.05222970247268677,0.03654089570045471,0.05248335003852844
TRI_G,55,bracket_white/test/scratches/012.png,1,clean_defect,32x32,5,0,,,,,,,,
TRI_G,55,bracket_white/test/scratches/012.png,1,boundary,32x32,5,5,0.044837141036987306,0.03751193881034851,0.041396111249923706,0.042550235986709595,0.05121511220932007,0.05222970247268677,0.03654089570045471,0.05248335003852844
TRI_G,56,bracket_white/test/scratches/013.png,1,abnormal_normal,32x32,6,1018,0.013917376455614867,0.0004064504057168961,0.004872806370258331,0.010440636426210403,0.019200817681849003,0.038892030343413354,0.0,0.07910959422588348
TRI_G,56,bracket_white/test/scratches/013.png,1,defect,32x32,6,6,0.03363524998227755,0.007806314155459404,0.03264928609132767,0.039332374930381775,0.044074974954128265,0.04651503264904022,7.450580596923828e-09,0.04706931114196777
TRI_G,56,bracket_white/test/scratches/013.png,1,clean_defect,32x32,6,0,,,,,,,,
TRI_G,56,bracket_white/test/scratches/013.png,1,boundary,32x32,6,6,0.03363524998227755,0.007806314155459404,0.03264928609132767,0.039332374930381775,0.044074974954128265,0.04651503264904022,7.450580596923828e-09,0.04706931114196777
TRI_G,57,bracket_white/test/scratches/014.png,1,abnormal_normal,32x32,11,1013,0.012935622726720624,0.00039463303983211523,0.004309959709644318,0.00959182158112526,0.017932811751961708,0.03556380942463874,0.0,0.08560391515493393
TRI_G,57,bracket_white/test/scratches/014.png,1,defect,32x32,11,11,0.023416273973204872,0.004027694463729858,0.00916270911693573,0.019138097763061523,0.03647596389055252,0.04710154980421066,0.0017181336879730225,0.0558084100484848
TRI_G,57,bracket_white/test/scratches/014.png,1,clean_defect,32x32,11,0,,,,,,,,
TRI_G,57,bracket_white/test/scratches/014.png,1,boundary,32x32,11,11,0.023416273973204872,0.004027694463729858,0.00916270911693573,0.019138097763061523,0.03647596389055252,0.04710154980421066,0.0017181336879730225,0.0558084100484848
TRI_G,58,bracket_white/test/scratches/015.png,1,abnormal_normal,32x32,7,1017,0.013427230303295712,0.0008831843733787537,0.004806818440556526,0.010562676936388016,0.018505677580833435,0.035403697192668906,0.0,0.08989731222391129
TRI_G,58,bracket_white/test/scratches/015.png,1,defect,32x32,7,7,0.013783940247126989,0.006354716420173645,0.009842440485954285,0.014332175254821777,0.018566638231277466,0.019296145439147948,0.005759686231613159,0.01957756280899048
TRI_G,58,bracket_white/test/scratches/015.png,1,clean_defect,32x32,7,0,,,,,,,,
TRI_G,58,bracket_white/test/scratches/015.png,1,boundary,32x32,7,7,0.013783940247126989,0.006354716420173645,0.009842440485954285,0.014332175254821777,0.018566638231277466,0.019296145439147948,0.005759686231613159,0.01957756280899048
TRI_G,59,bracket_white/test/scratches/016.png,1,abnormal_normal,32x32,6,1018,0.014136168715125042,0.0008823378011584282,0.004954596981406212,0.010346774011850357,0.019031519070267677,0.03880374692380428,0.0,0.13239558041095734
TRI_G,59,bracket_white/test/scratches/016.png,1,defect,32x32,6,6,0.02538912743330002,0.0145936980843544,0.0191454216837883,0.023931197822093964,0.03039582446217537,0.03871014714241028,0.013182014226913452,0.041189491748809814
TRI_G,59,bracket_white/test/scratches/016.png,1,clean_defect,32x32,6,0,,,,,,,,
TRI_G,59,bracket_white/test/scratches/016.png,1,boundary,32x32,6,6,0.02538912743330002,0.0145936980843544,0.0191454216837883,0.023931197822093964,0.03039582446217537,0.03871014714241028,0.013182014226913452,0.041189491748809814
BAL_G,0,bracket_white/test/defective_painting/000.png,1,abnormal_normal,32x32,3,1021,0.014376942327393841,0.0010597556829452515,0.005409598350524902,0.011288031935691833,0.01897205412387848,0.038094475865364075,0.0,0.08268870413303375
BAL_G,0,bracket_white/test/defective_painting/000.png,1,defect,32x32,3,3,0.007369284828503926,0.00018510520458221437,0.0009255260229110718,0.0018510520458221436,0.01105392724275589,0.018416227400302885,0.0,0.020256802439689636
BAL_G,0,bracket_white/test/defective_painting/000.png,1,clean_defect,32x32,3,0,,,,,,,,
BAL_G,0,bracket_white/test/defective_painting/000.png,1,boundary,32x32,3,3,0.007369284828503926,0.00018510520458221437,0.0009255260229110718,0.0018510520458221436,0.01105392724275589,0.018416227400302885,0.0,0.020256802439689636
BAL_G,1,bracket_white/test/defective_painting/001.png,1,abnormal_normal,32x32,3,1021,0.014681757999680769,0.0009274929761886597,0.0058531612157821655,0.01184999942779541,0.02028261125087738,0.03826889395713806,0.0,0.15587063133716583
BAL_G,1,bracket_white/test/defective_painting/001.png,1,defect,32x32,3,3,0.018609633048375446,0.0014409929513931276,0.007204964756965637,0.014409929513931274,0.02791444957256317,0.03871806561946869,0.0,0.04141896963119507
BAL_G,1,bracket_white/test/defective_painting/001.png,1,clean_defect,32x32,3,0,,,,,,,,
BAL_G,1,bracket_white/test/defective_painting/001.png,1,boundary,32x32,3,3,0.018609633048375446,0.0014409929513931276,0.007204964756965637,0.014409929513931274,0.02791444957256317,0.03871806561946869,0.0,0.04141896963119507
BAL_G,2,bracket_white/test/defective_painting/002.png,1,abnormal_normal,32x32,3,1021,0.014881512779563694,0.0017619132995605469,0.006360232830047607,0.011564970016479492,0.019569531083106995,0.04024818539619446,0.0,0.08961229026317596
BAL_G,2,bracket_white/test/defective_painting/002.png,1,defect,32x32,3,3,0.03187128404776255,0.024830862879753113,0.026996716856956482,0.029704034328460693,0.035662226378917694,0.040428780019283295,0.02428939938545227,0.041620418429374695
BAL_G,2,bracket_white/test/defective_painting/002.png,1,clean_defect,32x32,3,0,,,,,,,,
BAL_G,2,bracket_white/test/defective_painting/002.png,1,boundary,32x32,3,3,0.03187128404776255,0.024830862879753113,0.026996716856956482,0.029704034328460693,0.035662226378917694,0.040428780019283295,0.02428939938545227,0.041620418429374695
BAL_G,3,bracket_white/test/defective_painting/003.png,1,abnormal_normal,32x32,2,1022,0.014747356292436268,0.0008158475160598756,0.005842242389917374,0.011487774550914764,0.018940012902021408,0.041881278902292235,0.0,0.12649782001972198
BAL_G,3,bracket_white/test/defective_painting/003.png,1,defect,32x32,2,2,0.003248929977416992,0.001148250699043274,0.0020818859338760376,0.003248929977416992,0.004415974020957947,0.005349609255790711,0.000914841890335083,0.005583018064498901
BAL_G,3,bracket_white/test/defective_painting/003.png,1,clean_defect,32x32,2,0,,,,,,,,
BAL_G,3,bracket_white/test/defective_painting/003.png,1,boundary,32x32,2,2,0.003248929977416992,0.001148250699043274,0.0020818859338760376,0.003248929977416992,0.004415974020957947,0.005349609255790711,0.000914841890335083,0.005583018064498901
BAL_G,4,bracket_white/test/defective_painting/004.png,1,abnormal_normal,32x32,2,1022,0.014591148104919613,0.001359989494085312,0.0058956146240234375,0.01130443811416626,0.01975841447710991,0.03844148069620132,0.0,0.11700719594955444
BAL_G,4,bracket_white/test/defective_painting/004.png,1,defect,32x32,2,2,0.009628668427467346,0.004525966942310333,0.0067938342690467834,0.009628668427467346,0.012463502585887909,0.014731369912624359,0.003959000110626221,0.015298336744308472
BAL_G,4,bracket_white/test/defective_painting/004.png,1,clean_defect,32x32,2,0,,,,,,,,
BAL_G,4,bracket_white/test/defective_painting/004.png,1,boundary,32x32,2,2,0.009628668427467346,0.004525966942310333,0.0067938342690467834,0.009628668427467346,0.012463502585887909,0.014731369912624359,0.003959000110626221,0.015298336744308472
BAL_G,5,bracket_white/test/defective_painting/005.png,1,abnormal_normal,32x32,2,1022,0.014846982044366474,0.0015202805399894715,0.006083108484745026,0.011853046715259552,0.01987054944038391,0.039920245110988614,0.0,0.10680048167705536
BAL_G,5,bracket_white/test/defective_painting/005.png,1,defect,32x32,2,2,0.0014260560274124146,0.0011078521609306335,0.0012492761015892029,0.0014260560274124146,0.0016028359532356262,0.0017442598938941956,0.0010724961757659912,0.0017796158790588379
BAL_G,5,bracket_white/test/defective_painting/005.png,1,clean_defect,32x32,2,0,,,,,,,,
BAL_G,5,bracket_white/test/defective_painting/005.png,1,boundary,32x32,2,2,0.0014260560274124146,0.0011078521609306335,0.0012492761015892029,0.0014260560274124146,0.0016028359532356262,0.0017442598938941956,0.0010724961757659912,0.0017796158790588379
BAL_G,6,bracket_white/test/defective_painting/006.png,1,abnormal_normal,32x32,3,1021,0.014638983683768262,0.0012351572513580322,0.005794644355773926,0.011251777410507202,0.019678011536598206,0.037586361169815063,0.0,0.11849647760391235
BAL_G,6,bracket_white/test/defective_painting/006.png,1,defect,32x32,3,3,0.009001672267913818,0.0016353055834770203,0.004957221448421478,0.00910961627960205,0.013100095093250275,0.016292478144168853,0.0008048266172409058,0.0170905739068985
BAL_G,6,bracket_white/test/defective_painting/006.png,1,clean_defect,32x32,3,0,,,,,,,,
BAL_G,6,bracket_white/test/defective_painting/006.png,1,boundary,32x32,3,3,0.009001672267913818,0.0016353055834770203,0.004957221448421478,0.00910961627960205,0.013100095093250275,0.016292478144168853,0.0008048266172409058,0.0170905739068985
BAL_G,7,bracket_white/test/defective_painting/007.png,1,abnormal_normal,32x32,5,1019,0.013954506625839023,0.0008972764015197758,0.005370110273361206,0.010528191924095154,0.01848313957452774,0.03816660791635508,0.0,0.12725603580474854
BAL_G,7,bracket_white/test/defective_painting/007.png,1,defect,32x32,5,5,0.023500007390975953,0.010706740617752075,0.019436031579971313,0.024843931198120117,0.029759377241134644,0.03390089869499206,0.008524417877197266,0.03493627905845642
BAL_G,7,bracket_white/test/defective_painting/007.png,1,clean_defect,32x32,5,0,,,,,,,,
BAL_G,7,bracket_white/test/defective_painting/007.png,1,boundary,32x32,5,5,0.023500007390975953,0.010706740617752075,0.019436031579971313,0.024843931198120117,0.029759377241134644,0.03390089869499206,0.008524417877197266,0.03493627905845642
BAL_G,8,bracket_white/test/defective_painting/008.png,1,abnormal_normal,32x32,6,1018,0.014141677375626705,0.001150260865688324,0.005294926464557648,0.010784082114696503,0.018556460738182068,0.03839652836322784,0.0,0.0951433777809143
BAL_G,8,bracket_white/test/defective_painting/008.png,1,defect,32x32,6,6,0.018447694679101307,0.0,0.004386216402053833,0.021677613258361816,0.030480701476335526,0.03447946533560753,0.0,0.03529345989227295
BAL_G,8,bracket_white/test/defective_painting/008.png,1,clean_defect,32x32,6,0,,,,,,,,
BAL_G,8,bracket_white/test/defective_painting/008.png,1,boundary,32x32,6,6,0.018447694679101307,0.0,0.004386216402053833,0.021677613258361816,0.030480701476335526,0.03447946533560753,0.0,0.03529345989227295
BAL_G,9,bracket_white/test/defective_painting/009.png,1,abnormal_normal,32x32,4,1020,0.014800145491665485,0.0013667657971382142,0.005810573697090149,0.01132839173078537,0.019673682749271393,0.03905441910028457,0.0,0.13968738913536072
BAL_G,9,bracket_white/test/defective_painting/009.png,1,defect,32x32,4,4,0.006031937897205353,0.00021020472049713138,0.0010510236024856567,0.003210216760635376,0.008191131055355072,0.015804080665111537,0.0,0.01770731806755066
BAL_G,9,bracket_white/test/defective_painting/009.png,1,clean_defect,32x32,4,0,,,,,,,,
BAL_G,9,bracket_white/test/defective_painting/009.png,1,boundary,32x32,4,4,0.006031937897205353,0.00021020472049713138,0.0010510236024856567,0.003210216760635376,0.008191131055355072,0.015804080665111537,0.0,0.01770731806755066
BAL_G,10,bracket_white/test/defective_painting/010.png,1,abnormal_normal,32x32,2,1022,0.014728561379088347,0.0012061595916748047,0.006260626018047333,0.011811703443527222,0.01972094178199768,0.03785046860575675,0.0,0.10332874953746796
BAL_G,10,bracket_white/test/defective_painting/010.png,1,defect,32x32,2,2,0.005420014262199402,0.0020091697573661805,0.0035251006484031677,0.005420014262199402,0.007314927875995636,0.008830858767032624,0.0016301870346069336,0.00920984148979187
BAL_G,10,bracket_white/test/defective_painting/010.png,1,clean_defect,32x32,2,0,,,,,,,,
BAL_G,10,bracket_white/test/defective_painting/010.png,1,boundary,32x32,2,2,0.005420014262199402,0.0020091697573661805,0.0035251006484031677,0.005420014262199402,0.007314927875995636,0.008830858767032624,0.0016301870346069336,0.00920984148979187
BAL_G,11,bracket_white/test/defective_painting/011.png,1,abnormal_normal,32x32,3,1021,0.014393650717763311,0.001110181212425232,0.005859687924385071,0.011349543929100037,0.019521594047546387,0.03908468782901764,0.0,0.1080670952796936
BAL_G,11,bracket_white/test/defective_painting/011.png,1,defect,32x32,3,3,0.0042311350504557295,0.0004307806491851807,0.0021539032459259033,0.004307806491851807,0.006346702575683594,0.007977819442749024,0.0,0.00838559865951538
BAL_G,11,bracket_white/test/defective_painting/011.png,1,clean_defect,32x32,3,0,,,,,,,,
BAL_G,11,bracket_white/test/defective_painting/011.png,1,boundary,32x32,3,3,0.0042311350504557295,0.0004307806491851807,0.0021539032459259033,0.004307806491851807,0.006346702575683594,0.007977819442749024,0.0,0.00838559865951538
BAL_G,12,bracket_white/test/defective_painting/012.png,1,abnormal_normal,32x32,5,1019,0.014614210512500048,0.0015910208225250245,0.006496526300907135,0.011728718876838684,0.019954994320869446,0.037578487396240166,0.0,0.1050085723400116
BAL_G,12,bracket_white/test/defective_painting/012.png,1,defect,32x32,5,5,0.01081424355506897,0.004524052143096924,0.005990326404571533,0.006967037916183472,0.014826476573944092,0.020669209957122802,0.0041574835777282715,0.02212989330291748
BAL_G,12,bracket_white/test/defective_painting/012.png,1,clean_defect,32x32,5,0,,,,,,,,
BAL_G,12,bracket_white/test/defective_painting/012.png,1,boundary,32x32,5,5,0.01081424355506897,0.004524052143096924,0.005990326404571533,0.006967037916183472,0.014826476573944092,0.020669209957122802,0.0041574835777282715,0.02212989330291748
BAL_G,13,bracket_white/test/good/000.png,0,normal_image,32x32,0,1024,0.013451334671117365,0.00047009289264678957,0.004363745450973511,0.010301202535629272,0.018738850951194763,0.036888435482978814,0.0,0.10252681374549866
BAL_G,14,bracket_white/test/good/001.png,0,normal_image,32x32,0,1024,0.014305730524938554,0.0008197218179702761,0.005508683621883392,0.011271491646766663,0.019619468599557877,0.038159826397895814,0.0,0.10789422690868378
BAL_G,15,bracket_white/test/good/002.png,0,normal_image,32x32,0,1024,0.013995732151670381,0.00041243433952331543,0.004528343677520752,0.010601535439491272,0.01878220960497856,0.04028551429510115,0.0,0.13496311008930206
BAL_G,16,bracket_white/test/good/003.png,0,normal_image,32x32,0,1024,0.008942801301600412,0.0,0.0,0.0033223628997802734,0.013133913278579712,0.03555638119578361,0.0,0.09836646914482117
BAL_G,17,bracket_white/test/good/004.png,0,normal_image,32x32,0,1024,0.00942513914196752,0.0,0.0007360801100730896,0.005753092467784882,0.013455554842948914,0.034451054036617274,0.0,0.08818100392818451
BAL_G,18,bracket_white/test/good/005.png,0,normal_image,32x32,0,1024,0.014245912345359102,0.0001858443021774293,0.004747942090034485,0.010391123592853546,0.019749324768781662,0.04030240327119825,0.0,0.0880630761384964
BAL_G,19,bracket_white/test/good/006.png,0,normal_image,32x32,0,1024,0.010795808761031367,0.0,0.001282423734664917,0.0063407570123672485,0.014852173626422882,0.038868077099323224,0.0,0.11135093867778778
BAL_G,20,bracket_white/test/good/007.png,0,normal_image,32x32,0,1024,0.012769236680469476,0.0,0.0030462145805358887,0.008945167064666748,0.017613843083381653,0.038455718010663956,0.0,0.10637161135673523
BAL_G,21,bracket_white/test/good/008.png,0,normal_image,32x32,0,1024,0.013380957097979262,0.0,0.0028099417686462402,0.009613044559955597,0.019522488117218018,0.04077588841319084,0.0,0.14018183946609497
BAL_G,22,bracket_white/test/good/009.png,0,normal_image,32x32,0,1024,0.011785315189627,0.0,0.002000778913497925,0.007685437798500061,0.016710229218006134,0.03759061768651006,0.0,0.08087781071662903
BAL_G,23,bracket_white/test/good/010.png,0,normal_image,32x32,0,1024,0.013329240391612984,0.0,0.003687474876642227,0.010039135813713074,0.019394896924495697,0.03800015300512313,0.0,0.09266239404678345
BAL_G,24,bracket_white/test/good/011.png,0,normal_image,32x32,0,1024,0.011385187404812314,0.0,0.0022524110972881317,0.008121766149997711,0.01656249910593033,0.034166122972965215,0.0,0.08524022996425629
BAL_G,25,bracket_white/test/good/012.png,0,normal_image,32x32,0,1024,0.013045883708400652,0.0002447418868541718,0.004366431385278702,0.010089442133903503,0.018323704600334167,0.0355327196419239,0.0,0.08347359299659729
BAL_G,26,bracket_white/test/good/013.png,0,normal_image,32x32,0,1024,0.01342814220697619,0.0,0.003940410912036896,0.010216981172561646,0.01882500946521759,0.03706606477499007,0.0,0.10329760611057281
BAL_G,27,bracket_white/test/good/014.png,0,normal_image,32x32,0,1024,0.013858210993930697,0.0003838524222373963,0.004438646137714386,0.01022348552942276,0.019256647676229477,0.03829299211502075,0.0,0.12964005768299103
BAL_G,28,bracket_white/test/good/015.png,0,normal_image,32x32,0,1024,0.014601718678022735,0.0005032002925872803,0.004926949739456177,0.011031590402126312,0.020711340010166168,0.03945757746696468,0.0,0.1040896475315094
BAL_G,29,bracket_white/test/good/016.png,0,normal_image,32x32,0,1024,0.013904042469221167,0.0002974644303321839,0.004911903291940689,0.010799676179885864,0.01945110782980919,0.03759083896875381,0.0,0.09243731200695038
BAL_G,30,bracket_white/test/good/017.png,0,normal_image,32x32,0,1024,0.01117880450328812,0.0,0.0017816722393035889,0.007477015256881714,0.01617422327399254,0.03424112424254416,0.0,0.1109635978937149
BAL_G,31,bracket_white/test/good/018.png,0,normal_image,32x32,0,1024,0.009485184753430076,0.0,0.00019103661179542542,0.004640296101570129,0.014157790690660477,0.033240778744220725,0.0,0.13428634405136108
BAL_G,32,bracket_white/test/good/019.png,0,normal_image,32x32,0,1024,0.012949265670613386,0.0,0.0029508844017982483,0.00904902070760727,0.017864186316728592,0.03989950716495514,0.0,0.11603951454162598
BAL_G,33,bracket_white/test/good/020.png,0,normal_image,32x32,0,1024,0.012101733678719029,0.0,0.0025974661111831665,0.0081610307097435,0.017929069697856903,0.037747053802013375,0.0,0.09133157134056091
BAL_G,34,bracket_white/test/good/021.png,0,normal_image,32x32,0,1024,0.01248206764284987,0.0,0.003172732889652252,0.008851908147335052,0.017487414181232452,0.03657699972391127,0.0,0.09511329233646393
BAL_G,35,bracket_white/test/good/022.png,0,normal_image,32x32,0,1024,0.01319143280852586,0.0,0.0031853429973125458,0.009463943541049957,0.01919267699122429,0.0400636225938797,0.0,0.07682260870933533
BAL_G,36,bracket_white/test/good/023.png,0,normal_image,32x32,0,1024,0.011440728063462302,0.0,0.0018868297338485718,0.007636800408363342,0.016490846872329712,0.03699813336133946,0.0,0.1016063243150711
BAL_G,37,bracket_white/test/good/024.png,0,normal_image,32x32,0,1024,0.013509833879652433,0.0,0.00378262996673584,0.010176345705986023,0.019381534308195114,0.03842714801430702,0.0,0.10613670945167542
BAL_G,38,bracket_white/test/good/025.png,0,normal_image,32x32,0,1024,0.012595191758009605,0.0,0.0029160380363464355,0.009371832013130188,0.01857028156518936,0.03719434514641755,0.0,0.09456849098205566
BAL_G,39,bracket_white/test/good/026.png,0,normal_image,32x32,0,1024,0.013481938833137974,0.0,0.003644648939371109,0.009621970355510712,0.018541399389505386,0.04063337519764897,0.0,0.11683377623558044
BAL_G,40,bracket_white/test/good/027.png,0,normal_image,32x32,0,1024,0.014582316362066194,0.00011179149150848391,0.004736322909593582,0.010680019855499268,0.01912488415837288,0.04433145448565482,0.0,0.10747407376766205
BAL_G,41,bracket_white/test/good/028.png,0,normal_image,32x32,0,1024,0.013582520055933855,0.00014147982001304636,0.004742756485939026,0.01024828851222992,0.018536366522312164,0.03639797717332837,0.0,0.17664730548858643
BAL_G,42,bracket_white/test/good/029.png,0,normal_image,32x32,0,1024,0.01324984896928072,3.1769275665283345e-06,0.004006549715995789,0.010400936007499695,0.018686965107917786,0.035564574599265986,0.0,0.0892082005739212
BAL_G,43,bracket_white/test/scratches/000.png,1,abnormal_normal,32x32,7,1017,0.014247760601568831,0.0009424418210983278,0.005622074007987976,0.011180222034454346,0.019839346408843994,0.03773798942565917,0.0,0.10223454236984253
BAL_G,43,bracket_white/test/scratches/000.png,1,defect,32x32,7,7,0.013594069651194982,0.009348458051681519,0.010785922408103943,0.012535274028778076,0.01664319634437561,0.018155038356781006,0.009033799171447754,0.01873117685317993
BAL_G,43,bracket_white/test/scratches/000.png,1,clean_defect,32x32,7,0,,,,,,,,
BAL_G,43,bracket_white/test/scratches/000.png,1,boundary,32x32,7,7,0.013594069651194982,0.009348458051681519,0.010785922408103943,0.012535274028778076,0.01664319634437561,0.018155038356781006,0.009033799171447754,0.01873117685317993
BAL_G,44,bracket_white/test/scratches/001.png,1,abnormal_normal,32x32,5,1019,0.014188254560993745,0.0007917225360870361,0.005525827407836914,0.011244714260101318,0.019649460911750793,0.037541668117046345,0.0,0.10587126016616821
BAL_G,44,bracket_white/test/scratches/001.png,1,defect,32x32,5,5,0.01671297550201416,0.009372943639755249,0.01536521315574646,0.016523420810699463,0.01818212866783142,0.02413181662559509,0.007874876260757446,0.02561923861503601
BAL_G,44,bracket_white/test/scratches/001.png,1,clean_defect,32x32,5,0,,,,,,,,
BAL_G,44,bracket_white/test/scratches/001.png,1,boundary,32x32,5,5,0.01671297550201416,0.009372943639755249,0.01536521315574646,0.016523420810699463,0.01818212866783142,0.02413181662559509,0.007874876260757446,0.02561923861503601
BAL_G,45,bracket_white/test/scratches/002.png,1,abnormal_normal,32x32,10,1014,0.014169170144629432,0.0005764052271842959,0.004998993128538132,0.010941512882709503,0.01876603066921234,0.040263483673334106,0.0,0.08949895203113556
BAL_G,45,bracket_white/test/scratches/002.png,1,defect,32x32,10,10,0.022996322810649873,0.008647023141384125,0.013955563306808472,0.02131366729736328,0.03397798910737038,0.03969267457723617,0.006520956754684448,0.0416489839553833
BAL_G,45,bracket_white/test/scratches/002.png,1,clean_defect,32x32,10,0,,,,,,,,
BAL_G,45,bracket_white/test/scratches/002.png,1,boundary,32x32,10,10,0.022996322810649873,0.008647023141384125,0.013955563306808472,0.02131366729736328,0.03397798910737038,0.03969267457723617,0.006520956754684448,0.0416489839553833
BAL_G,46,bracket_white/test/scratches/003.png,1,abnormal_normal,32x32,4,1020,0.015277831796921935,0.0008304260671138765,0.00573287159204483,0.011972703039646149,0.020364727824926376,0.04086047708988188,0.0,0.09458351135253906
BAL_G,46,bracket_white/test/scratches/003.png,1,defect,32x32,4,4,0.03509838879108429,0.023473510146141054,0.024463817477226257,0.035271838307380676,0.04590640962123871,0.046480438113212584,0.02322593331336975,0.046623945236206055
BAL_G,46,bracket_white/test/scratches/003.png,1,clean_defect,32x32,4,0,,,,,,,,
BAL_G,46,bracket_white/test/scratches/003.png,1,boundary,32x32,4,4,0.03509838879108429,0.023473510146141054,0.024463817477226257,0.035271838307380676,0.04590640962123871,0.046480438113212584,0.02322593331336975,0.046623945236206055
BAL_G,47,bracket_white/test/scratches/004.png,1,abnormal_normal,32x32,6,1018,0.014329422111595543,0.00013097673654556278,0.004611968994140625,0.010778352618217468,0.019243594259023666,0.04135072901844978,0.0,0.17181429266929626
BAL_G,47,bracket_white/test/scratches/004.png,1,defect,32x32,6,6,0.02691277613242467,0.008271835744380951,0.026215635240077972,0.027874678373336792,0.032726310193538666,0.04102056846022606,0.002402693033218384,0.04331846535205841
BAL_G,47,bracket_white/test/scratches/004.png,1,clean_defect,32x32,6,0,,,,,,,,
BAL_G,47,bracket_white/test/scratches/004.png,1,boundary,32x32,6,6,0.02691277613242467,0.008271835744380951,0.026215635240077972,0.027874678373336792,0.032726310193538666,0.04102056846022606,0.002402693033218384,0.04331846535205841
BAL_G,48,bracket_white/test/scratches/005.png,1,abnormal_normal,32x32,5,1019,0.013749556098648797,0.00042698383331298836,0.004301920533180237,0.010800942778587341,0.018656417727470398,0.03755879551172254,0.0,0.11145500838756561
BAL_G,48,bracket_white/test/scratches/005.png,1,defect,32x32,5,5,0.022645828127861024,0.009551066160202026,0.01768520474433899,0.027683377265930176,0.029102355241775513,0.030813008546829224,0.007517531514167786,0.03124067187309265
BAL_G,48,bracket_white/test/scratches/005.png,1,clean_defect,32x32,5,0,,,,,,,,
BAL_G,48,bracket_white/test/scratches/005.png,1,boundary,32x32,5,5,0.022645828127861024,0.009551066160202026,0.01768520474433899,0.027683377265930176,0.029102355241775513,0.030813008546829224,0.007517531514167786,0.03124067187309265
BAL_G,49,bracket_white/test/scratches/006.png,1,abnormal_normal,32x32,6,1018,0.014321467072532781,0.0012591272592544557,0.0059439316391944885,0.011350557208061218,0.019074171781539917,0.037739417701959606,0.0,0.07884906232357025
BAL_G,49,bracket_white/test/scratches/006.png,1,defect,32x32,6,6,0.02381986876328786,0.007499679923057556,0.01988593488931656,0.02575044333934784,0.030667953193187714,0.03594495356082916,0.0039854347705841064,0.037194669246673584
BAL_G,49,bracket_white/test/scratches/006.png,1,clean_defect,32x32,6,0,,,,,,,,
BAL_G,49,bracket_white/test/scratches/006.png,1,boundary,32x32,6,6,0.02381986876328786,0.007499679923057556,0.01988593488931656,0.02575044333934784,0.030667953193187714,0.03594495356082916,0.0039854347705841064,0.037194669246673584
BAL_G,50,bracket_white/test/scratches/007.png,1,abnormal_normal,32x32,6,1018,0.014466392648477686,0.0013594165444374086,0.006032735109329224,0.011872798204421997,0.0194721519947052,0.03766173273324966,0.0,0.09220686554908752
BAL_G,50,bracket_white/test/scratches/007.png,1,defect,32x32,6,6,0.019635220368703205,0.012571863830089569,0.01380796730518341,0.018176481127738953,0.023222990334033966,0.029893428087234497,0.012508213520050049,0.03169319033622742
BAL_G,50,bracket_white/test/scratches/007.png,1,clean_defect,32x32,6,0,,,,,,,,
BAL_G,50,bracket_white/test/scratches/007.png,1,boundary,32x32,6,6,0.019635220368703205,0.012571863830089569,0.01380796730518341,0.018176481127738953,0.023222990334033966,0.029893428087234497,0.012508213520050049,0.03169319033622742
BAL_G,51,bracket_white/test/scratches/008.png,1,abnormal_normal,32x32,6,1018,0.014291762222475527,0.0009251885116100311,0.0057123079895973206,0.011233381927013397,0.01899000257253647,0.03781925961375236,0.0,0.0900288075208664
BAL_G,51,bracket_white/test/scratches/008.png,1,defect,32x32,6,6,0.02673463523387909,0.02031663805246353,0.021041318774223328,0.02275872230529785,0.02306590974330902,0.04403255879878998,0.02024012804031372,0.05101308226585388
BAL_G,51,bracket_white/test/scratches/008.png,1,clean_defect,32x32,6,0,,,,,,,,
BAL_G,51,bracket_white/test/scratches/008.png,1,boundary,32x32,6,6,0.02673463523387909,0.02031663805246353,0.021041318774223328,0.02275872230529785,0.02306590974330902,0.04403255879878998,0.02024012804031372,0.05101308226585388
BAL_G,52,bracket_white/test/scratches/009.png,1,abnormal_normal,32x32,6,1018,0.013996289483105035,0.00048736482858657837,0.004836332052946091,0.010565318167209625,0.01896565780043602,0.04066388010978698,0.0,0.08309854567050934
BAL_G,52,bracket_white/test/scratches/009.png,1,defect,32x32,6,6,0.016448351244131725,0.007702972739934921,0.01016620546579361,0.01611819863319397,0.02164141833782196,0.026304960250854492,0.00719277560710907,0.027596235275268555
BAL_G,52,bracket_white/test/scratches/009.png,1,clean_defect,32x32,6,0,,,,,,,,
BAL_G,52,bracket_white/test/scratches/009.png,1,boundary,32x32,6,6,0.016448351244131725,0.007702972739934921,0.01016620546579361,0.01611819863319397,0.02164141833782196,0.026304960250854492,0.00719277560710907,0.027596235275268555
BAL_G,53,bracket_white/test/scratches/010.png,1,abnormal_normal,32x32,7,1017,0.014365730266889875,0.0005512893199920656,0.00487595796585083,0.011038437485694885,0.01992487907409668,0.04089521169662473,0.0,0.09716546535491943
BAL_G,53,bracket_white/test/scratches/010.png,1,defect,32x32,7,7,0.016437330416270664,0.004229548573493958,0.011805400252342224,0.015687674283981323,0.019214481115341187,0.03143858611583709,0.0016945302486419678,0.03563934564590454
BAL_G,53,bracket_white/test/scratches/010.png,1,clean_defect,32x32,7,0,,,,,,,,
BAL_G,53,bracket_white/test/scratches/010.png,1,boundary,32x32,7,7,0.016437330416270664,0.004229548573493958,0.011805400252342224,0.015687674283981323,0.019214481115341187,0.03143858611583709,0.0016945302486419678,0.03563934564590454
BAL_G,54,bracket_white/test/scratches/011.png,1,abnormal_normal,32x32,10,1014,0.014090988366208838,0.0006885536015033723,0.0049264803528785706,0.010645858943462372,0.019775211811065674,0.038877937197685244,0.0,0.09167230129241943
BAL_G,54,bracket_white/test/scratches/011.png,1,defect,32x32,10,10,0.027062784135341644,0.011710326373577117,0.020728938281536102,0.026122383773326874,0.03380671143531799,0.04308849275112151,0.009783118963241577,0.046015024185180664
BAL_G,54,bracket_white/test/scratches/011.png,1,clean_defect,32x32,10,0,,,,,,,,
BAL_G,54,bracket_white/test/scratches/011.png,1,boundary,32x32,10,10,0.027062784135341644,0.011710326373577117,0.020728938281536102,0.026122383773326874,0.03380671143531799,0.04308849275112151,0.009783118963241577,0.046015024185180664
BAL_G,55,bracket_white/test/scratches/012.png,1,abnormal_normal,32x32,5,1019,0.014590815338466071,0.0006707012653350832,0.00493718683719635,0.011843979358673096,0.020352855324745178,0.03787566721439358,0.0,0.11738196015357971
BAL_G,55,bracket_white/test/scratches/012.png,1,defect,32x32,5,5,0.05501362979412079,0.043937957286834715,0.04837149381637573,0.05206124484539032,0.0651949942111969,0.0663276731967926,0.04282957315444946,0.06661084294319153
BAL_G,55,bracket_white/test/scratches/012.png,1,clean_defect,32x32,5,0,,,,,,,,
BAL_G,55,bracket_white/test/scratches/012.png,1,boundary,32x32,5,5,0.05501362979412079,0.043937957286834715,0.04837149381637573,0.05206124484539032,0.0651949942111969,0.0663276731967926,0.04282957315444946,0.06661084294319153
BAL_G,56,bracket_white/test/scratches/013.png,1,abnormal_normal,32x32,6,1018,0.014333976670543432,0.0004896387457847596,0.0053489431738853455,0.011016391217708588,0.019591663032770157,0.037686242163181304,0.0,0.09113696217536926
BAL_G,56,bracket_white/test/scratches/013.png,1,defect,32x32,6,6,0.04260861873626709,0.008788041770458221,0.03755698353052139,0.0494832843542099,0.05696221441030502,0.06220744550228119,0.0,0.06364840269088745
BAL_G,56,bracket_white/test/scratches/013.png,1,clean_defect,32x32,6,0,,,,,,,,
BAL_G,56,bracket_white/test/scratches/013.png,1,boundary,32x32,6,6,0.04260861873626709,0.008788041770458221,0.03755698353052139,0.0494832843542099,0.05696221441030502,0.06220744550228119,0.0,0.06364840269088745
BAL_G,57,bracket_white/test/scratches/014.png,1,abnormal_normal,32x32,11,1013,0.013642310360694802,0.0005656063556671142,0.004711925983428955,0.01010158658027649,0.018616914749145508,0.039706707000732415,0.0,0.09851515293121338
BAL_G,57,bracket_white/test/scratches/014.png,1,defect,32x32,11,11,0.028397366404533386,0.005267485976219177,0.01067015528678894,0.021321892738342285,0.043694376945495605,0.06348972767591476,0.00257718563079834,0.07525716722011566
BAL_G,57,bracket_white/test/scratches/014.png,1,clean_defect,32x32,11,0,,,,,,,,
BAL_G,57,bracket_white/test/scratches/014.png,1,boundary,32x32,11,11,0.028397366404533386,0.005267485976219177,0.01067015528678894,0.021321892738342285,0.043694376945495605,0.06348972767591476,0.00257718563079834,0.07525716722011566
BAL_G,58,bracket_white/test/scratches/015.png,1,abnormal_normal,32x32,7,1017,0.014000836301928308,0.0010908305644989013,0.005233243107795715,0.010868623852729797,0.019276469945907593,0.03702028989791869,0.0,0.09572269022464752
BAL_G,58,bracket_white/test/scratches/015.png,1,defect,32x32,7,7,0.014553012592451913,0.006355074048042298,0.011887192726135254,0.014346420764923096,0.0173707976937294,0.02281660586595535,0.00431978702545166,0.024688899517059326
BAL_G,58,bracket_white/test/scratches/015.png,1,clean_defect,32x32,7,0,,,,,,,,
BAL_G,58,bracket_white/test/scratches/015.png,1,boundary,32x32,7,7,0.014553012592451913,0.006355074048042298,0.011887192726135254,0.014346420764923096,0.0173707976937294,0.02281660586595535,0.00431978702545166,0.024688899517059326
BAL_G,59,bracket_white/test/scratches/016.png,1,abnormal_normal,32x32,6,1018,0.01452045464679628,0.001156976819038391,0.005350276827812195,0.010875619947910309,0.01903614029288292,0.04142956882715225,0.0,0.10003410279750824
BAL_G,59,bracket_white/test/scratches/016.png,1,defect,32x32,6,6,0.03058709700902303,0.017261914908885956,0.017990723252296448,0.02992159128189087,0.04058091342449188,0.046423740684986115,0.017214208841323853,0.048317402601242065
BAL_G,59,bracket_white/test/scratches/016.png,1,clean_defect,32x32,6,0,,,,,,,,
BAL_G,59,bracket_white/test/scratches/016.png,1,boundary,32x32,6,6,0.03058709700902303,0.017261914908885956,0.017990723252296448,0.02992159128189087,0.04058091342449188,0.046423740684986115,0.017214208841323853,0.048317402601242065
