category,sample_id,label,image_score
mvtec_bottle,D:\STUDY\My_github\sci_project\data\patchcore_closeout\mvtec_s0_k1\bottle\test\broken_large\000.png,1,0.5442123413085938
mvtec_bottle,D:\STUDY\My_github\sci_project\data\patchcore_closeout\mvtec_s0_k1\bottle\test\broken_large\001.png,1,0.531744122505188
mvtec_bottle,D:\STUDY\My_github\sci_project\data\patchcore_closeout\mvtec_s0_k1\bottle\test\broken_large\002.png,1,0.5466746091842651
mvtec_bottle,D:\STUDY\My_github\sci_project\data\patchcore_closeout\mvtec_s0_k1\bottle\test\broken_large\003.png,1,0.5519648194313049
mvtec_bottle,D:\STUDY\My_github\sci_project\data\patchcore_closeout\mvtec_s0_k1\bottle\test\broken_large\004.png,1,0.7353759407997131
mvtec_bottle,D:\STUDY\My_github\sci_project\data\patchcore_closeout\mvtec_s0_k1\bottle\test\broken_large\005.png,1,0.46404290199279785
mvtec_bottle,D:\STUDY\My_github\sci_project\data\patchcore_closeout\mvtec_s0_k1\bottle\test\broken_large\006.png,1,0.7036200165748596
mvtec_bottle,D:\STUDY\My_github\sci_project\data\patchcore_closeout\mvtec_s0_k1\bottle\test\broken_large\007.png,1,0.4646652638912201
mvtec_bottle,D:\STUDY\My_github\sci_project\data\patchcore_closeout\mvtec_s0_k1\bottle\test\broken_large\008.png,1,0.6106954216957092
mvtec_bottle,D:\STUDY\My_github\sci_project\data\patchcore_closeout\mvtec_s0_k1\bottle\test\broken_large\009.png,1,0.5790196657180786
mvtec_bottle,D:\STUDY\My_github\sci_project\data\patchcore_closeout\mvtec_s0_k1\bottle\test\broken_large\010.png,1,0.5364892482757568
mvtec_bottle,D:\STUDY\My_github\sci_project\data\patchcore_closeout\mvtec_s0_k1\bottle\test\broken_large\011.png,1,0.3255314826965332
mvtec_bottle,D:\STUDY\My_github\sci_project\data\patchcore_closeout\mvtec_s0_k1\bottle\test\broken_large\012.png,1,0.7646628618240356
mvtec_bottle,D:\STUDY\My_github\sci_project\data\patchcore_closeout\mvtec_s0_k1\bottle\test\broken_large\013.png,1,0.4585737884044647
mvtec_bottle,D:\STUDY\My_github\sci_project\data\patchcore_closeout\mvtec_s0_k1\bottle\test\broken_large\014.png,1,0.5990176796913147
mvtec_bottle,D:\STUDY\My_github\sci_project\data\patchcore_closeout\mvtec_s0_k1\bottle\test\broken_large\015.png,1,0.6220707893371582
mvtec_bottle,D:\STUDY\My_github\sci_project\data\patchcore_closeout\mvtec_s0_k1\bottle\test\broken_large\016.png,1,0.496844083070755
mvtec_bottle,D:\STUDY\My_github\sci_project\data\patchcore_closeout\mvtec_s0_k1\bottle\test\broken_large\017.png,1,0.7003892660140991
mvtec_bottle,D:\STUDY\My_github\sci_project\data\patchcore_closeout\mvtec_s0_k1\bottle\test\broken_large\018.png,1,0.5207672715187073
mvtec_bottle,D:\STUDY\My_github\sci_project\data\patchcore_closeout\mvtec_s0_k1\bottle\test\broken_large\019.png,1,0.48976442217826843
mvtec_bottle,D:\STUDY\My_github\sci_project\data\patchcore_closeout\mvtec_s0_k1\bottle\test\broken_small\000.png,1,0.42186614871025085
mvtec_bottle,D:\STUDY\My_github\sci_project\data\patchcore_closeout\mvtec_s0_k1\bottle\test\broken_small\001.png,1,0.6144154071807861
mvtec_bottle,D:\STUDY\My_github\sci_project\data\patchcore_closeout\mvtec_s0_k1\bottle\test\broken_small\002.png,1,0.6038134098052979
mvtec_bottle,D:\STUDY\My_github\sci_project\data\patchcore_closeout\mvtec_s0_k1\bottle\test\broken_small\003.png,1,0.5595539808273315
mvtec_bottle,D:\STUDY\My_github\sci_project\data\patchcore_closeout\mvtec_s0_k1\bottle\test\broken_small\004.png,1,0.743565022945404
mvtec_bottle,D:\STUDY\My_github\sci_project\data\patchcore_closeout\mvtec_s0_k1\bottle\test\broken_small\005.png,1,0.40656784176826477
mvtec_bottle,D:\STUDY\My_github\sci_project\data\patchcore_closeout\mvtec_s0_k1\bottle\test\broken_small\006.png,1,0.6616600155830383
mvtec_bottle,D:\STUDY\My_github\sci_project\data\patchcore_closeout\mvtec_s0_k1\bottle\test\broken_small\007.png,1,0.39727023243904114
mvtec_bottle,D:\STUDY\My_github\sci_project\data\patchcore_closeout\mvtec_s0_k1\bottle\test\broken_small\008.png,1,0.3716164529323578
mvtec_bottle,D:\STUDY\My_github\sci_project\data\patchcore_closeout\mvtec_s0_k1\bottle\test\broken_small\009.png,1,0.5432405471801758
mvtec_bottle,D:\STUDY\My_github\sci_project\data\patchcore_closeout\mvtec_s0_k1\bottle\test\broken_small\010.png,1,0.6514461040496826
mvtec_bottle,D:\STUDY\My_github\sci_project\data\patchcore_closeout\mvtec_s0_k1\bottle\test\broken_small\011.png,1,0.40148618817329407
mvtec_bottle,D:\STUDY\My_github\sci_project\data\patchcore_closeout\mvtec_s0_k1\bottle\test\broken_small\012.png,1,0.6108474135398865
mvtec_bottle,D:\STUDY\My_github\sci_project\data\patchcore_closeout\mvtec_s0_k1\bottle\test\broken_small\013.png,1,0.41188713908195496
mvtec_bottle,D:\STUDY\My_github\sci_project\data\patchcore_closeout\mvtec_s0_k1\bottle\test\broken_small\014.png,1,0.41162919998168945
mvtec_bottle,D:\STUDY\My_github\sci_project\data\patchcore_closeout\mvtec_s0_k1\bottle\test\broken_small\015.png,1,0.31961995363235474
mvtec_bottle,D:\STUDY\My_github\sci_project\data\patchcore_closeout\mvtec_s0_k1\bottle\test\broken_small\016.png,1,0.4610169529914856
mvtec_bottle,D:\STUDY\My_github\sci_project\data\patchcore_closeout\mvtec_s0_k1\bottle\test\broken_small\017.png,1,0.7751502394676208
mvtec_bottle,D:\STUDY\My_github\sci_project\data\patchcore_closeout\mvtec_s0_k1\bottle\test\broken_small\018.png,1,0.7397326231002808
mvtec_bottle,D:\STUDY\My_github\sci_project\data\patchcore_closeout\mvtec_s0_k1\bottle\test\broken_small\019.png,1,0.6357374787330627
mvtec_bottle,D:\STUDY\My_github\sci_project\data\patchcore_closeout\mvtec_s0_k1\bottle\test\broken_small\020.png,1,0.617409884929657
mvtec_bottle,D:\STUDY\My_github\sci_project\data\patchcore_closeout\mvtec_s0_k1\bottle\test\broken_small\021.png,1,0.4152946472167969
mvtec_bottle,D:\STUDY\My_github\sci_project\data\patchcore_closeout\mvtec_s0_k1\bottle\test\contamination\000.png,1,0.32906049489974976
mvtec_bottle,D:\STUDY\My_github\sci_project\data\patchcore_closeout\mvtec_s0_k1\bottle\test\contamination\001.png,1,0.22342409193515778
mvtec_bottle,D:\STUDY\My_github\sci_project\data\patchcore_closeout\mvtec_s0_k1\bottle\test\contamination\002.png,1,0.29728055000305176
mvtec_bottle,D:\STUDY\My_github\sci_project\data\patchcore_closeout\mvtec_s0_k1\bottle\test\contamination\003.png,1,0.10160218924283981
mvtec_bottle,D:\STUDY\My_github\sci_project\data\patchcore_closeout\mvtec_s0_k1\bottle\test\contamination\004.png,1,0.11966775357723236
mvtec_bottle,D:\STUDY\My_github\sci_project\data\patchcore_closeout\mvtec_s0_k1\bottle\test\contamination\005.png,1,0.5553077459335327
mvtec_bottle,D:\STUDY\My_github\sci_project\data\patchcore_closeout\mvtec_s0_k1\bottle\test\contamination\006.png,1,0.2812870144844055
mvtec_bottle,D:\STUDY\My_github\sci_project\data\patchcore_closeout\mvtec_s0_k1\bottle\test\contamination\007.png,1,1.0
mvtec_bottle,D:\STUDY\My_github\sci_project\data\patchcore_closeout\mvtec_s0_k1\bottle\test\contamination\008.png,1,0.4117369055747986
mvtec_bottle,D:\STUDY\My_github\sci_project\data\patchcore_closeout\mvtec_s0_k1\bottle\test\contamination\009.png,1,0.4560945928096771
mvtec_bottle,D:\STUDY\My_github\sci_project\data\patchcore_closeout\mvtec_s0_k1\bottle\test\contamination\010.png,1,0.37012916803359985
mvtec_bottle,D:\STUDY\My_github\sci_project\data\patchcore_closeout\mvtec_s0_k1\bottle\test\contamination\011.png,1,0.38933056592941284
mvtec_bottle,D:\STUDY\My_github\sci_project\data\patchcore_closeout\mvtec_s0_k1\bottle\test\contamination\012.png,1,0.09818757325410843
mvtec_bottle,D:\STUDY\My_github\sci_project\data\patchcore_closeout\mvtec_s0_k1\bottle\test\contamination\013.png,1,0.5539588928222656
mvtec_bottle,D:\STUDY\My_github\sci_project\data\patchcore_closeout\mvtec_s0_k1\bottle\test\contamination\014.png,1,0.20987235009670258
mvtec_bottle,D:\STUDY\My_github\sci_project\data\patchcore_closeout\mvtec_s0_k1\bottle\test\contamination\015.png,1,0.38305559754371643
mvtec_bottle,D:\STUDY\My_github\sci_project\data\patchcore_closeout\mvtec_s0_k1\bottle\test\contamination\016.png,1,0.25253915786743164
mvtec_bottle,D:\STUDY\My_github\sci_project\data\patchcore_closeout\mvtec_s0_k1\bottle\test\contamination\017.png,1,0.6618500351905823
mvtec_bottle,D:\STUDY\My_github\sci_project\data\patchcore_closeout\mvtec_s0_k1\bottle\test\contamination\018.png,1,0.736466109752655
mvtec_bottle,D:\STUDY\My_github\sci_project\data\patchcore_closeout\mvtec_s0_k1\bottle\test\contamination\019.png,1,0.053629279136657715
mvtec_bottle,D:\STUDY\My_github\sci_project\data\patchcore_closeout\mvtec_s0_k1\bottle\test\contamination\020.png,1,0.3207117021083832
mvtec_bottle,D:\STUDY\My_github\sci_project\data\patchcore_closeout\mvtec_s0_k1\bottle\test\good\000.png,0,0.023509889841079712
mvtec_bottle,D:\STUDY\My_github\sci_project\data\patchcore_closeout\mvtec_s0_k1\bottle\test\good\001.png,0,0.06254353374242783
mvtec_bottle,D:\STUDY\My_github\sci_project\data\patchcore_closeout\mvtec_s0_k1\bottle\test\good\002.png,0,0.019364433363080025
mvtec_bottle,D:\STUDY\My_github\sci_project\data\patchcore_closeout\mvtec_s0_k1\bottle\test\good\003.png,0,0.00524034583941102
mvtec_bottle,D:\STUDY\My_github\sci_project\data\patchcore_closeout\mvtec_s0_k1\bottle\test\good\004.png,0,0.05903284251689911
mvtec_bottle,D:\STUDY\My_github\sci_project\data\patchcore_closeout\mvtec_s0_k1\bottle\test\good\005.png,0,0.02135692909359932
mvtec_bottle,D:\STUDY\My_github\sci_project\data\patchcore_closeout\mvtec_s0_k1\bottle\test\good\006.png,0,0.21322888135910034
mvtec_bottle,D:\STUDY\My_github\sci_project\data\patchcore_closeout\mvtec_s0_k1\bottle\test\good\007.png,0,0.024180486798286438
mvtec_bottle,D:\STUDY\My_github\sci_project\data\patchcore_closeout\mvtec_s0_k1\bottle\test\good\008.png,0,0.025934750214219093
mvtec_bottle,D:\STUDY\My_github\sci_project\data\patchcore_closeout\mvtec_s0_k1\bottle\test\good\009.png,0,0.030613377690315247
mvtec_bottle,D:\STUDY\My_github\sci_project\data\patchcore_closeout\mvtec_s0_k1\bottle\test\good\010.png,0,0.052782271057367325
mvtec_bottle,D:\STUDY\My_github\sci_project\data\patchcore_closeout\mvtec_s0_k1\bottle\test\good\011.png,0,0.0
mvtec_bottle,D:\STUDY\My_github\sci_project\data\patchcore_closeout\mvtec_s0_k1\bottle\test\good\012.png,0,0.046390920877456665
mvtec_bottle,D:\STUDY\My_github\sci_project\data\patchcore_closeout\mvtec_s0_k1\bottle\test\good\013.png,0,0.03979559987783432
mvtec_bottle,D:\STUDY\My_github\sci_project\data\patchcore_closeout\mvtec_s0_k1\bottle\test\good\014.png,0,0.012626170180737972
mvtec_bottle,D:\STUDY\My_github\sci_project\data\patchcore_closeout\mvtec_s0_k1\bottle\test\good\015.png,0,0.013267825357615948
mvtec_bottle,D:\STUDY\My_github\sci_project\data\patchcore_closeout\mvtec_s0_k1\bottle\test\good\016.png,0,0.029679149389266968
mvtec_bottle,D:\STUDY\My_github\sci_project\data\patchcore_closeout\mvtec_s0_k1\bottle\test\good\017.png,0,0.02184205874800682
mvtec_bottle,D:\STUDY\My_github\sci_project\data\patchcore_closeout\mvtec_s0_k1\bottle\test\good\018.png,0,0.048127662390470505
mvtec_bottle,D:\STUDY\My_github\sci_project\data\patchcore_closeout\mvtec_s0_k1\bottle\test\good\019.png,0,0.04996009171009064
mvtec_cable,D:\STUDY\My_github\sci_project\data\patchcore_closeout\mvtec_s0_k1\cable\test\bent_wire\000.png,1,0.6448153257369995
mvtec_cable,D:\STUDY\My_github\sci_project\data\patchcore_closeout\mvtec_s0_k1\cable\test\bent_wire\001.png,1,0.5572922825813293
mvtec_cable,D:\STUDY\My_github\sci_project\data\patchcore_closeout\mvtec_s0_k1\cable\test\bent_wire\002.png,1,0.654239296913147
mvtec_cable,D:\STUDY\My_github\sci_project\data\patchcore_closeout\mvtec_s0_k1\cable\test\bent_wire\003.png,1,0.4869369864463806
mvtec_cable,D:\STUDY\My_github\sci_project\data\patchcore_closeout\mvtec_s0_k1\cable\test\bent_wire\004.png,1,1.0
mvtec_cable,D:\STUDY\My_github\sci_project\data\patchcore_closeout\mvtec_s0_k1\cable\test\bent_wire\005.png,1,0.784211277961731
mvtec_cable,D:\STUDY\My_github\sci_project\data\patchcore_closeout\mvtec_s0_k1\cable\test\bent_wire\006.png,1,0.6713132858276367
mvtec_cable,D:\STUDY\My_github\sci_project\data\patchcore_closeout\mvtec_s0_k1\cable\test\bent_wire\007.png,1,0.5288453102111816
mvtec_cable,D:\STUDY\My_github\sci_project\data\patchcore_closeout\mvtec_s0_k1\cable\test\bent_wire\008.png,1,0.24304448068141937
mvtec_cable,D:\STUDY\My_github\sci_project\data\patchcore_closeout\mvtec_s0_k1\cable\test\bent_wire\009.png,1,0.6547659635543823
mvtec_cable,D:\STUDY\My_github\sci_project\data\patchcore_closeout\mvtec_s0_k1\cable\test\bent_wire\010.png,1,0.639539897441864
mvtec_cable,D:\STUDY\My_github\sci_project\data\patchcore_closeout\mvtec_s0_k1\cable\test\bent_wire\011.png,1,0.8672577738761902
mvtec_cable,D:\STUDY\My_github\sci_project\data\patchcore_closeout\mvtec_s0_k1\cable\test\bent_wire\012.png,1,0.6591824889183044
mvtec_cable,D:\STUDY\My_github\sci_project\data\patchcore_closeout\mvtec_s0_k1\cable\test\cable_swap\000.png,1,0.31919458508491516
mvtec_cable,D:\STUDY\My_github\sci_project\data\patchcore_closeout\mvtec_s0_k1\cable\test\cable_swap\001.png,1,0.30737540125846863
mvtec_cable,D:\STUDY\My_github\sci_project\data\patchcore_closeout\mvtec_s0_k1\cable\test\cable_swap\002.png,1,0.30781659483909607
mvtec_cable,D:\STUDY\My_github\sci_project\data\patchcore_closeout\mvtec_s0_k1\cable\test\cable_swap\003.png,1,0.23831212520599365
mvtec_cable,D:\STUDY\My_github\sci_project\data\patchcore_closeout\mvtec_s0_k1\cable\test\cable_swap\004.png,1,0.22003884613513947
mvtec_cable,D:\STUDY\My_github\sci_project\data\patchcore_closeout\mvtec_s0_k1\cable\test\cable_swap\005.png,1,0.3023068606853485
mvtec_cable,D:\STUDY\My_github\sci_project\data\patchcore_closeout\mvtec_s0_k1\cable\test\cable_swap\006.png,1,0.1893136352300644
mvtec_cable,D:\STUDY\My_github\sci_project\data\patchcore_closeout\mvtec_s0_k1\cable\test\cable_swap\007.png,1,0.2636532187461853
mvtec_cable,D:\STUDY\My_github\sci_project\data\patchcore_closeout\mvtec_s0_k1\cable\test\cable_swap\008.png,1,0.2477545142173767
mvtec_cable,D:\STUDY\My_github\sci_project\data\patchcore_closeout\mvtec_s0_k1\cable\test\cable_swap\009.png,1,0.15446814894676208
mvtec_cable,D:\STUDY\My_github\sci_project\data\patchcore_closeout\mvtec_s0_k1\cable\test\cable_swap\010.png,1,0.3778582811355591
mvtec_cable,D:\STUDY\My_github\sci_project\data\patchcore_closeout\mvtec_s0_k1\cable\test\cable_swap\011.png,1,0.07843810319900513
mvtec_cable,D:\STUDY\My_github\sci_project\data\patchcore_closeout\mvtec_s0_k1\cable\test\combined\000.png,1,0.6793567538261414
mvtec_cable,D:\STUDY\My_github\sci_project\data\patchcore_closeout\mvtec_s0_k1\cable\test\combined\001.png,1,0.660029411315918
mvtec_cable,D:\STUDY\My_github\sci_project\data\patchcore_closeout\mvtec_s0_k1\cable\test\combined\002.png,1,0.3878853917121887
mvtec_cable,D:\STUDY\My_github\sci_project\data\patchcore_closeout\mvtec_s0_k1\cable\test\combined\003.png,1,0.7195531129837036
mvtec_cable,D:\STUDY\My_github\sci_project\data\patchcore_closeout\mvtec_s0_k1\cable\test\combined\004.png,1,0.39209839701652527
mvtec_cable,D:\STUDY\My_github\sci_project\data\patchcore_closeout\mvtec_s0_k1\cable\test\combined\005.png,1,0.4144243896007538
mvtec_cable,D:\STUDY\My_github\sci_project\data\patchcore_closeout\mvtec_s0_k1\cable\test\combined\006.png,1,0.48242828249931335
mvtec_cable,D:\STUDY\My_github\sci_project\data\patchcore_closeout\mvtec_s0_k1\cable\test\combined\007.png,1,0.5468538403511047
mvtec_cable,D:\STUDY\My_github\sci_project\data\patchcore_closeout\mvtec_s0_k1\cable\test\combined\008.png,1,0.9316462278366089
mvtec_cable,D:\STUDY\My_github\sci_project\data\patchcore_closeout\mvtec_s0_k1\cable\test\combined\009.png,1,0.6099168062210083
mvtec_cable,D:\STUDY\My_github\sci_project\data\patchcore_closeout\mvtec_s0_k1\cable\test\combined\010.png,1,0.4802651107311249
mvtec_cable,D:\STUDY\My_github\sci_project\data\patchcore_closeout\mvtec_s0_k1\cable\test\cut_inner_insulation\000.png,1,0.8959848284721375
mvtec_cable,D:\STUDY\My_github\sci_project\data\patchcore_closeout\mvtec_s0_k1\cable\test\cut_inner_insulation\001.png,1,0.6581853628158569
mvtec_cable,D:\STUDY\My_github\sci_project\data\patchcore_closeout\mvtec_s0_k1\cable\test\cut_inner_insulation\002.png,1,0.45709946751594543
mvtec_cable,D:\STUDY\My_github\sci_project\data\patchcore_closeout\mvtec_s0_k1\cable\test\cut_inner_insulation\003.png,1,0.46333742141723633
mvtec_cable,D:\STUDY\My_github\sci_project\data\patchcore_closeout\mvtec_s0_k1\cable\test\cut_inner_insulation\004.png,1,0.40480414032936096
mvtec_cable,D:\STUDY\My_github\sci_project\data\patchcore_closeout\mvtec_s0_k1\cable\test\cut_inner_insulation\005.png,1,0.33196568489074707
mvtec_cable,D:\STUDY\My_github\sci_project\data\patchcore_closeout\mvtec_s0_k1\cable\test\cut_inner_insulation\006.png,1,0.27588093280792236
mvtec_cable,D:\STUDY\My_github\sci_project\data\patchcore_closeout\mvtec_s0_k1\cable\test\cut_inner_insulation\007.png,1,0.6043277382850647
mvtec_cable,D:\STUDY\My_github\sci_project\data\patchcore_closeout\mvtec_s0_k1\cable\test\cut_inner_insulation\008.png,1,0.34750503301620483
mvtec_cable,D:\STUDY\My_github\sci_project\data\patchcore_closeout\mvtec_s0_k1\cable\test\cut_inner_insulation\009.png,1,0.4040985107421875
mvtec_cable,D:\STUDY\My_github\sci_project\data\patchcore_closeout\mvtec_s0_k1\cable\test\cut_inner_insulation\010.png,1,0.4091911017894745
mvtec_cable,D:\STUDY\My_github\sci_project\data\patchcore_closeout\mvtec_s0_k1\cable\test\cut_inner_insulation\011.png,1,0.5733051896095276
mvtec_cable,D:\STUDY\My_github\sci_project\data\patchcore_closeout\mvtec_s0_k1\cable\test\cut_inner_insulation\012.png,1,0.3971942961215973
mvtec_cable,D:\STUDY\My_github\sci_project\data\patchcore_closeout\mvtec_s0_k1\cable\test\cut_inner_insulation\013.png,1,0.6378821134567261
mvtec_cable,D:\STUDY\My_github\sci_project\data\patchcore_closeout\mvtec_s0_k1\cable\test\cut_outer_insulation\000.png,1,0.48145154118537903
mvtec_cable,D:\STUDY\My_github\sci_project\data\patchcore_closeout\mvtec_s0_k1\cable\test\cut_outer_insulation\001.png,1,0.356762558221817
mvtec_cable,D:\STUDY\My_github\sci_project\data\patchcore_closeout\mvtec_s0_k1\cable\test\cut_outer_insulation\002.png,1,0.36348360776901245
mvtec_cable,D:\STUDY\My_github\sci_project\data\patchcore_closeout\mvtec_s0_k1\cable\test\cut_outer_insulation\003.png,1,0.6846216320991516
mvtec_cable,D:\STUDY\My_github\sci_project\data\patchcore_closeout\mvtec_s0_k1\cable\test\cut_outer_insulation\004.png,1,0.6431494951248169
mvtec_cable,D:\STUDY\My_github\sci_project\data\patchcore_closeout\mvtec_s0_k1\cable\test\cut_outer_insulation\005.png,1,0.44108569622039795
mvtec_cable,D:\STUDY\My_github\sci_project\data\patchcore_closeout\mvtec_s0_k1\cable\test\cut_outer_insulation\006.png,1,0.391672283411026
mvtec_cable,D:\STUDY\My_github\sci_project\data\patchcore_closeout\mvtec_s0_k1\cable\test\cut_outer_insulation\007.png,1,0.296027272939682
mvtec_cable,D:\STUDY\My_github\sci_project\data\patchcore_closeout\mvtec_s0_k1\cable\test\cut_outer_insulation\008.png,1,0.31210386753082275
mvtec_cable,D:\STUDY\My_github\sci_project\data\patchcore_closeout\mvtec_s0_k1\cable\test\cut_outer_insulation\009.png,1,0.45972922444343567
mvtec_cable,D:\STUDY\My_github\sci_project\data\patchcore_closeout\mvtec_s0_k1\cable\test\good\000.png,0,0.25474250316619873
mvtec_cable,D:\STUDY\My_github\sci_project\data\patchcore_closeout\mvtec_s0_k1\cable\test\good\001.png,0,0.1244499534368515
mvtec_cable,D:\STUDY\My_github\sci_project\data\patchcore_closeout\mvtec_s0_k1\cable\test\good\002.png,0,0.28094977140426636
mvtec_cable,D:\STUDY\My_github\sci_project\data\patchcore_closeout\mvtec_s0_k1\cable\test\good\003.png,0,0.4205288887023926
mvtec_cable,D:\STUDY\My_github\sci_project\data\patchcore_closeout\mvtec_s0_k1\cable\test\good\004.png,0,0.23386065661907196
mvtec_cable,D:\STUDY\My_github\sci_project\data\patchcore_closeout\mvtec_s0_k1\cable\test\good\005.png,0,0.0
mvtec_cable,D:\STUDY\My_github\sci_project\data\patchcore_closeout\mvtec_s0_k1\cable\test\good\006.png,0,0.3410598635673523
mvtec_cable,D:\STUDY\My_github\sci_project\data\patchcore_closeout\mvtec_s0_k1\cable\test\good\007.png,0,0.4857296049594879
mvtec_cable,D:\STUDY\My_github\sci_project\data\patchcore_closeout\mvtec_s0_k1\cable\test\good\008.png,0,0.21725493669509888
mvtec_cable,D:\STUDY\My_github\sci_project\data\patchcore_closeout\mvtec_s0_k1\cable\test\good\009.png,0,0.050714895129203796
mvtec_cable,D:\STUDY\My_github\sci_project\data\patchcore_closeout\mvtec_s0_k1\cable\test\good\010.png,0,0.32054242491722107
mvtec_cable,D:\STUDY\My_github\sci_project\data\patchcore_closeout\mvtec_s0_k1\cable\test\good\011.png,0,0.33403530716896057
mvtec_cable,D:\STUDY\My_github\sci_project\data\patchcore_closeout\mvtec_s0_k1\cable\test\good\012.png,0,0.1439049243927002
mvtec_cable,D:\STUDY\My_github\sci_project\data\patchcore_closeout\mvtec_s0_k1\cable\test\good\013.png,0,0.5064676403999329
mvtec_cable,D:\STUDY\My_github\sci_project\data\patchcore_closeout\mvtec_s0_k1\cable\test\good\014.png,0,0.13291588425636292
mvtec_cable,D:\STUDY\My_github\sci_project\data\patchcore_closeout\mvtec_s0_k1\cable\test\good\015.png,0,0.2347184419631958
mvtec_cable,D:\STUDY\My_github\sci_project\data\patchcore_closeout\mvtec_s0_k1\cable\test\good\016.png,0,0.42530760169029236
mvtec_cable,D:\STUDY\My_github\sci_project\data\patchcore_closeout\mvtec_s0_k1\cable\test\good\017.png,0,0.323873907327652
mvtec_cable,D:\STUDY\My_github\sci_project\data\patchcore_closeout\mvtec_s0_k1\cable\test\good\018.png,0,0.40350374579429626
mvtec_cable,D:\STUDY\My_github\sci_project\data\patchcore_closeout\mvtec_s0_k1\cable\test\good\019.png,0,0.3242056369781494
mvtec_cable,D:\STUDY\My_github\sci_project\data\patchcore_closeout\mvtec_s0_k1\cable\test\good\020.png,0,0.36919522285461426
mvtec_cable,D:\STUDY\My_github\sci_project\data\patchcore_closeout\mvtec_s0_k1\cable\test\good\021.png,0,0.575008749961853
mvtec_cable,D:\STUDY\My_github\sci_project\data\patchcore_closeout\mvtec_s0_k1\cable\test\good\022.png,0,0.44271722435951233
mvtec_cable,D:\STUDY\My_github\sci_project\data\patchcore_closeout\mvtec_s0_k1\cable\test\good\023.png,0,0.22917799651622772
mvtec_cable,D:\STUDY\My_github\sci_project\data\patchcore_closeout\mvtec_s0_k1\cable\test\good\024.png,0,0.2923372685909271
mvtec_cable,D:\STUDY\My_github\sci_project\data\patchcore_closeout\mvtec_s0_k1\cable\test\good\025.png,0,0.274530291557312
mvtec_cable,D:\STUDY\My_github\sci_project\data\patchcore_closeout\mvtec_s0_k1\cable\test\good\026.png,0,0.2907797396183014
mvtec_cable,D:\STUDY\My_github\sci_project\data\patchcore_closeout\mvtec_s0_k1\cable\test\good\027.png,0,0.3093942403793335
mvtec_cable,D:\STUDY\My_github\sci_project\data\patchcore_closeout\mvtec_s0_k1\cable\test\good\028.png,0,0.23970825970172882
mvtec_cable,D:\STUDY\My_github\sci_project\data\patchcore_closeout\mvtec_s0_k1\cable\test\good\029.png,0,0.32904520630836487
mvtec_cable,D:\STUDY\My_github\sci_project\data\patchcore_closeout\mvtec_s0_k1\cable\test\good\030.png,0,0.30495449900627136
mvtec_cable,D:\STUDY\My_github\sci_project\data\patchcore_closeout\mvtec_s0_k1\cable\test\good\031.png,0,0.5430496335029602
mvtec_cable,D:\STUDY\My_github\sci_project\data\patchcore_closeout\mvtec_s0_k1\cable\test\good\032.png,0,0.438684344291687
mvtec_cable,D:\STUDY\My_github\sci_project\data\patchcore_closeout\mvtec_s0_k1\cable\test\good\033.png,0,0.4741731584072113
mvtec_cable,D:\STUDY\My_github\sci_project\data\patchcore_closeout\mvtec_s0_k1\cable\test\good\034.png,0,0.625734269618988
mvtec_cable,D:\STUDY\My_github\sci_project\data\patchcore_closeout\mvtec_s0_k1\cable\test\good\035.png,0,0.17628371715545654
mvtec_cable,D:\STUDY\My_github\sci_project\data\patchcore_closeout\mvtec_s0_k1\cable\test\good\036.png,0,0.3338541090488434
mvtec_cable,D:\STUDY\My_github\sci_project\data\patchcore_closeout\mvtec_s0_k1\cable\test\good\037.png,0,0.32431286573410034
mvtec_cable,D:\STUDY\My_github\sci_project\data\patchcore_closeout\mvtec_s0_k1\cable\test\good\038.png,0,0.5085585117340088
mvtec_cable,D:\STUDY\My_github\sci_project\data\patchcore_closeout\mvtec_s0_k1\cable\test\good\039.png,0,0.32022494077682495
mvtec_cable,D:\STUDY\My_github\sci_project\data\patchcore_closeout\mvtec_s0_k1\cable\test\good\040.png,0,0.21771788597106934
mvtec_cable,D:\STUDY\My_github\sci_project\data\patchcore_closeout\mvtec_s0_k1\cable\test\good\041.png,0,0.4752632677555084
mvtec_cable,D:\STUDY\My_github\sci_project\data\patchcore_closeout\mvtec_s0_k1\cable\test\good\042.png,0,0.3944522738456726
mvtec_cable,D:\STUDY\My_github\sci_project\data\patchcore_closeout\mvtec_s0_k1\cable\test\good\043.png,0,0.07637712359428406
mvtec_cable,D:\STUDY\My_github\sci_project\data\patchcore_closeout\mvtec_s0_k1\cable\test\good\044.png,0,0.22568093240261078
mvtec_cable,D:\STUDY\My_github\sci_project\data\patchcore_closeout\mvtec_s0_k1\cable\test\good\045.png,0,0.1730787307024002
mvtec_cable,D:\STUDY\My_github\sci_project\data\patchcore_closeout\mvtec_s0_k1\cable\test\good\046.png,0,0.2630501091480255
mvtec_cable,D:\STUDY\My_github\sci_project\data\patchcore_closeout\mvtec_s0_k1\cable\test\good\047.png,0,0.3366391062736511
mvtec_cable,D:\STUDY\My_github\sci_project\data\patchcore_closeout\mvtec_s0_k1\cable\test\good\048.png,0,0.1708030253648758
mvtec_cable,D:\STUDY\My_github\sci_project\data\patchcore_closeout\mvtec_s0_k1\cable\test\good\049.png,0,0.4239371418952942
mvtec_cable,D:\STUDY\My_github\sci_project\data\patchcore_closeout\mvtec_s0_k1\cable\test\good\050.png,0,0.09418687969446182
mvtec_cable,D:\STUDY\My_github\sci_project\data\patchcore_closeout\mvtec_s0_k1\cable\test\good\051.png,0,0.35606226325035095
mvtec_cable,D:\STUDY\My_github\sci_project\data\patchcore_closeout\mvtec_s0_k1\cable\test\good\052.png,0,0.1882760226726532
mvtec_cable,D:\STUDY\My_github\sci_project\data\patchcore_closeout\mvtec_s0_k1\cable\test\good\053.png,0,0.2578776776790619
mvtec_cable,D:\STUDY\My_github\sci_project\data\patchcore_closeout\mvtec_s0_k1\cable\test\good\054.png,0,0.11028692126274109
mvtec_cable,D:\STUDY\My_github\sci_project\data\patchcore_closeout\mvtec_s0_k1\cable\test\good\055.png,0,0.33093056082725525
mvtec_cable,D:\STUDY\My_github\sci_project\data\patchcore_closeout\mvtec_s0_k1\cable\test\good\056.png,0,0.4782923460006714
mvtec_cable,D:\STUDY\My_github\sci_project\data\patchcore_closeout\mvtec_s0_k1\cable\test\good\057.png,0,0.4561137855052948
mvtec_cable,D:\STUDY\My_github\sci_project\data\patchcore_closeout\mvtec_s0_k1\cable\test\missing_cable\000.png,1,0.47513705492019653
mvtec_cable,D:\STUDY\My_github\sci_project\data\patchcore_closeout\mvtec_s0_k1\cable\test\missing_cable\001.png,1,0.4722297489643097
mvtec_cable,D:\STUDY\My_github\sci_project\data\patchcore_closeout\mvtec_s0_k1\cable\test\missing_cable\002.png,1,0.5480006337165833
mvtec_cable,D:\STUDY\My_github\sci_project\data\patchcore_closeout\mvtec_s0_k1\cable\test\missing_cable\003.png,1,0.47697633504867554
mvtec_cable,D:\STUDY\My_github\sci_project\data\patchcore_closeout\mvtec_s0_k1\cable\test\missing_cable\004.png,1,0.5636922121047974
mvtec_cable,D:\STUDY\My_github\sci_project\data\patchcore_closeout\mvtec_s0_k1\cable\test\missing_cable\005.png,1,0.4912865459918976
mvtec_cable,D:\STUDY\My_github\sci_project\data\patchcore_closeout\mvtec_s0_k1\cable\test\missing_cable\006.png,1,0.5136885046958923
mvtec_cable,D:\STUDY\My_github\sci_project\data\patchcore_closeout\mvtec_s0_k1\cable\test\missing_cable\007.png,1,0.5317583680152893
mvtec_cable,D:\STUDY\My_github\sci_project\data\patchcore_closeout\mvtec_s0_k1\cable\test\missing_cable\008.png,1,0.5630918145179749
mvtec_cable,D:\STUDY\My_github\sci_project\data\patchcore_closeout\mvtec_s0_k1\cable\test\missing_cable\009.png,1,0.6193583607673645
mvtec_cable,D:\STUDY\My_github\sci_project\data\patchcore_closeout\mvtec_s0_k1\cable\test\missing_cable\010.png,1,0.622188925743103
mvtec_cable,D:\STUDY\My_github\sci_project\data\patchcore_closeout\mvtec_s0_k1\cable\test\missing_cable\011.png,1,0.500633716583252
mvtec_cable,D:\STUDY\My_github\sci_project\data\patchcore_closeout\mvtec_s0_k1\cable\test\missing_wire\000.png,1,0.212065190076828
mvtec_cable,D:\STUDY\My_github\sci_project\data\patchcore_closeout\mvtec_s0_k1\cable\test\missing_wire\001.png,1,0.48926129937171936
mvtec_cable,D:\STUDY\My_github\sci_project\data\patchcore_closeout\mvtec_s0_k1\cable\test\missing_wire\002.png,1,0.2353394478559494
mvtec_cable,D:\STUDY\My_github\sci_project\data\patchcore_closeout\mvtec_s0_k1\cable\test\missing_wire\003.png,1,0.47891587018966675
mvtec_cable,D:\STUDY\My_github\sci_project\data\patchcore_closeout\mvtec_s0_k1\cable\test\missing_wire\004.png,1,0.46176257729530334
mvtec_cable,D:\STUDY\My_github\sci_project\data\patchcore_closeout\mvtec_s0_k1\cable\test\missing_wire\005.png,1,0.4135551452636719
mvtec_cable,D:\STUDY\My_github\sci_project\data\patchcore_closeout\mvtec_s0_k1\cable\test\missing_wire\006.png,1,0.4730132520198822
mvtec_cable,D:\STUDY\My_github\sci_project\data\patchcore_closeout\mvtec_s0_k1\cable\test\missing_wire\007.png,1,0.2858700454235077
mvtec_cable,D:\STUDY\My_github\sci_project\data\patchcore_closeout\mvtec_s0_k1\cable\test\missing_wire\008.png,1,0.34098923206329346
mvtec_cable,D:\STUDY\My_github\sci_project\data\patchcore_closeout\mvtec_s0_k1\cable\test\missing_wire\009.png,1,0.6141926050186157
mvtec_cable,D:\STUDY\My_github\sci_project\data\patchcore_closeout\mvtec_s0_k1\cable\test\poke_insulation\000.png,1,0.40604445338249207
mvtec_cable,D:\STUDY\My_github\sci_project\data\patchcore_closeout\mvtec_s0_k1\cable\test\poke_insulation\001.png,1,0.39371177554130554
mvtec_cable,D:\STUDY\My_github\sci_project\data\patchcore_closeout\mvtec_s0_k1\cable\test\poke_insulation\002.png,1,0.45087769627571106
mvtec_cable,D:\STUDY\My_github\sci_project\data\patchcore_closeout\mvtec_s0_k1\cable\test\poke_insulation\003.png,1,0.4977272152900696
mvtec_cable,D:\STUDY\My_github\sci_project\data\patchcore_closeout\mvtec_s0_k1\cable\test\poke_insulation\004.png,1,0.27266448736190796
mvtec_cable,D:\STUDY\My_github\sci_project\data\patchcore_closeout\mvtec_s0_k1\cable\test\poke_insulation\005.png,1,0.5234017372131348
mvtec_cable,D:\STUDY\My_github\sci_project\data\patchcore_closeout\mvtec_s0_k1\cable\test\poke_insulation\006.png,1,0.28669852018356323
mvtec_cable,D:\STUDY\My_github\sci_project\data\patchcore_closeout\mvtec_s0_k1\cable\test\poke_insulation\007.png,1,0.25410136580467224
mvtec_cable,D:\STUDY\My_github\sci_project\data\patchcore_closeout\mvtec_s0_k1\cable\test\poke_insulation\008.png,1,0.32227030396461487
mvtec_cable,D:\STUDY\My_github\sci_project\data\patchcore_closeout\mvtec_s0_k1\cable\test\poke_insulation\009.png,1,0.38534998893737793
mvtec_capsule,D:\STUDY\My_github\sci_project\data\patchcore_closeout\mvtec_s0_k1\capsule\test\crack\000.png,1,0.2350022941827774
mvtec_capsule,D:\STUDY\My_github\sci_project\data\patchcore_closeout\mvtec_s0_k1\capsule\test\crack\001.png,1,1.0
mvtec_capsule,D:\STUDY\My_github\sci_project\data\patchcore_closeout\mvtec_s0_k1\capsule\test\crack\002.png,1,0.35511064529418945
mvtec_capsule,D:\STUDY\My_github\sci_project\data\patchcore_closeout\mvtec_s0_k1\capsule\test\crack\003.png,1,0.1288612186908722
mvtec_capsule,D:\STUDY\My_github\sci_project\data\patchcore_closeout\mvtec_s0_k1\capsule\test\crack\004.png,1,0.5386492609977722
mvtec_capsule,D:\STUDY\My_github\sci_project\data\patchcore_closeout\mvtec_s0_k1\capsule\test\crack\005.png,1,0.18996082246303558
mvtec_capsule,D:\STUDY\My_github\sci_project\data\patchcore_closeout\mvtec_s0_k1\capsule\test\crack\006.png,1,0.2076280415058136
mvtec_capsule,D:\STUDY\My_github\sci_project\data\patchcore_closeout\mvtec_s0_k1\capsule\test\crack\007.png,1,0.17391623556613922
mvtec_capsule,D:\STUDY\My_github\sci_project\data\patchcore_closeout\mvtec_s0_k1\capsule\test\crack\008.png,1,0.12238645553588867
mvtec_capsule,D:\STUDY\My_github\sci_project\data\patchcore_closeout\mvtec_s0_k1\capsule\test\crack\009.png,1,0.06597607582807541
mvtec_capsule,D:\STUDY\My_github\sci_project\data\patchcore_closeout\mvtec_s0_k1\capsule\test\crack\010.png,1,0.6286107897758484
mvtec_capsule,D:\STUDY\My_github\sci_project\data\patchcore_closeout\mvtec_s0_k1\capsule\test\crack\011.png,1,0.39351335167884827
mvtec_capsule,D:\STUDY\My_github\sci_project\data\patchcore_closeout\mvtec_s0_k1\capsule\test\crack\012.png,1,0.30015861988067627
mvtec_capsule,D:\STUDY\My_github\sci_project\data\patchcore_closeout\mvtec_s0_k1\capsule\test\crack\013.png,1,0.1447431892156601
mvtec_capsule,D:\STUDY\My_github\sci_project\data\patchcore_closeout\mvtec_s0_k1\capsule\test\crack\014.png,1,0.2373611479997635
mvtec_capsule,D:\STUDY\My_github\sci_project\data\patchcore_closeout\mvtec_s0_k1\capsule\test\crack\015.png,1,0.42013782262802124
mvtec_capsule,D:\STUDY\My_github\sci_project\data\patchcore_closeout\mvtec_s0_k1\capsule\test\crack\016.png,1,0.08848325163125992
mvtec_capsule,D:\STUDY\My_github\sci_project\data\patchcore_closeout\mvtec_s0_k1\capsule\test\crack\017.png,1,0.7738221883773804
mvtec_capsule,D:\STUDY\My_github\sci_project\data\patchcore_closeout\mvtec_s0_k1\capsule\test\crack\018.png,1,0.19732972979545593
mvtec_capsule,D:\STUDY\My_github\sci_project\data\patchcore_closeout\mvtec_s0_k1\capsule\test\crack\019.png,1,0.1847837269306183
mvtec_capsule,D:\STUDY\My_github\sci_project\data\patchcore_closeout\mvtec_s0_k1\capsule\test\crack\020.png,1,0.1260601282119751
mvtec_capsule,D:\STUDY\My_github\sci_project\data\patchcore_closeout\mvtec_s0_k1\capsule\test\crack\021.png,1,0.0991397351026535
mvtec_capsule,D:\STUDY\My_github\sci_project\data\patchcore_closeout\mvtec_s0_k1\capsule\test\crack\022.png,1,0.15192429721355438
mvtec_capsule,D:\STUDY\My_github\sci_project\data\patchcore_closeout\mvtec_s0_k1\capsule\test\faulty_imprint\000.png,1,0.18602995574474335
mvtec_capsule,D:\STUDY\My_github\sci_project\data\patchcore_closeout\mvtec_s0_k1\capsule\test\faulty_imprint\001.png,1,0.17006473243236542
mvtec_capsule,D:\STUDY\My_github\sci_project\data\patchcore_closeout\mvtec_s0_k1\capsule\test\faulty_imprint\002.png,1,0.09394438564777374
mvtec_capsule,D:\STUDY\My_github\sci_project\data\patchcore_closeout\mvtec_s0_k1\capsule\test\faulty_imprint\003.png,1,0.08205661922693253
mvtec_capsule,D:\STUDY\My_github\sci_project\data\patchcore_closeout\mvtec_s0_k1\capsule\test\faulty_imprint\004.png,1,0.2877497971057892
mvtec_capsule,D:\STUDY\My_github\sci_project\data\patchcore_closeout\mvtec_s0_k1\capsule\test\faulty_imprint\005.png,1,0.22753742337226868
mvtec_capsule,D:\STUDY\My_github\sci_project\data\patchcore_closeout\mvtec_s0_k1\capsule\test\faulty_imprint\006.png,1,0.09571276605129242
mvtec_capsule,D:\STUDY\My_github\sci_project\data\patchcore_closeout\mvtec_s0_k1\capsule\test\faulty_imprint\007.png,1,0.15268154442310333
mvtec_capsule,D:\STUDY\My_github\sci_project\data\patchcore_closeout\mvtec_s0_k1\capsule\test\faulty_imprint\008.png,1,0.12548872828483582
mvtec_capsule,D:\STUDY\My_github\sci_project\data\patchcore_closeout\mvtec_s0_k1\capsule\test\faulty_imprint\009.png,1,0.12022949755191803
mvtec_capsule,D:\STUDY\My_github\sci_project\data\patchcore_closeout\mvtec_s0_k1\capsule\test\faulty_imprint\010.png,1,0.13376422226428986
mvtec_capsule,D:\STUDY\My_github\sci_project\data\patchcore_closeout\mvtec_s0_k1\capsule\test\faulty_imprint\011.png,1,0.07625669240951538
mvtec_capsule,D:\STUDY\My_github\sci_project\data\patchcore_closeout\mvtec_s0_k1\capsule\test\faulty_imprint\012.png,1,0.1476999819278717
mvtec_capsule,D:\STUDY\My_github\sci_project\data\patchcore_closeout\mvtec_s0_k1\capsule\test\faulty_imprint\013.png,1,0.14375168085098267
mvtec_capsule,D:\STUDY\My_github\sci_project\data\patchcore_closeout\mvtec_s0_k1\capsule\test\faulty_imprint\014.png,1,0.17526283860206604
mvtec_capsule,D:\STUDY\My_github\sci_project\data\patchcore_closeout\mvtec_s0_k1\capsule\test\faulty_imprint\015.png,1,0.010021199472248554
mvtec_capsule,D:\STUDY\My_github\sci_project\data\patchcore_closeout\mvtec_s0_k1\capsule\test\faulty_imprint\016.png,1,0.12055972218513489
mvtec_capsule,D:\STUDY\My_github\sci_project\data\patchcore_closeout\mvtec_s0_k1\capsule\test\faulty_imprint\017.png,1,0.10207357257604599
mvtec_capsule,D:\STUDY\My_github\sci_project\data\patchcore_closeout\mvtec_s0_k1\capsule\test\faulty_imprint\018.png,1,0.20917323231697083
mvtec_capsule,D:\STUDY\My_github\sci_project\data\patchcore_closeout\mvtec_s0_k1\capsule\test\faulty_imprint\019.png,1,0.12842977046966553
mvtec_capsule,D:\STUDY\My_github\sci_project\data\patchcore_closeout\mvtec_s0_k1\capsule\test\faulty_imprint\020.png,1,0.19169436395168304
mvtec_capsule,D:\STUDY\My_github\sci_project\data\patchcore_closeout\mvtec_s0_k1\capsule\test\faulty_imprint\021.png,1,0.10599006712436676
mvtec_capsule,D:\STUDY\My_github\sci_project\data\patchcore_closeout\mvtec_s0_k1\capsule\test\good\000.png,0,0.162660151720047
mvtec_capsule,D:\STUDY\My_github\sci_project\data\patchcore_closeout\mvtec_s0_k1\capsule\test\good\001.png,0,0.0734962597489357
mvtec_capsule,D:\STUDY\My_github\sci_project\data\patchcore_closeout\mvtec_s0_k1\capsule\test\good\002.png,0,0.11348094046115875
mvtec_capsule,D:\STUDY\My_github\sci_project\data\patchcore_closeout\mvtec_s0_k1\capsule\test\good\003.png,0,0.12221415340900421
mvtec_capsule,D:\STUDY\My_github\sci_project\data\patchcore_closeout\mvtec_s0_k1\capsule\test\good\004.png,0,0.0939900204539299
mvtec_capsule,D:\STUDY\My_github\sci_project\data\patchcore_closeout\mvtec_s0_k1\capsule\test\good\005.png,0,0.10182604938745499
mvtec_capsule,D:\STUDY\My_github\sci_project\data\patchcore_closeout\mvtec_s0_k1\capsule\test\good\006.png,0,0.25203174352645874
mvtec_capsule,D:\STUDY\My_github\sci_project\data\patchcore_closeout\mvtec_s0_k1\capsule\test\good\007.png,0,0.09130813181400299
mvtec_capsule,D:\STUDY\My_github\sci_project\data\patchcore_closeout\mvtec_s0_k1\capsule\test\good\008.png,0,0.13007783889770508
mvtec_capsule,D:\STUDY\My_github\sci_project\data\patchcore_closeout\mvtec_s0_k1\capsule\test\good\009.png,0,0.17574739456176758
mvtec_capsule,D:\STUDY\My_github\sci_project\data\patchcore_closeout\mvtec_s0_k1\capsule\test\good\010.png,0,0.12492839992046356
mvtec_capsule,D:\STUDY\My_github\sci_project\data\patchcore_closeout\mvtec_s0_k1\capsule\test\good\011.png,0,0.14913150668144226
mvtec_capsule,D:\STUDY\My_github\sci_project\data\patchcore_closeout\mvtec_s0_k1\capsule\test\good\012.png,0,0.0
mvtec_capsule,D:\STUDY\My_github\sci_project\data\patchcore_closeout\mvtec_s0_k1\capsule\test\good\013.png,0,0.13507682085037231
mvtec_capsule,D:\STUDY\My_github\sci_project\data\patchcore_closeout\mvtec_s0_k1\capsule\test\good\014.png,0,0.16998590528964996
mvtec_capsule,D:\STUDY\My_github\sci_project\data\patchcore_closeout\mvtec_s0_k1\capsule\test\good\015.png,0,0.1084316223859787
mvtec_capsule,D:\STUDY\My_github\sci_project\data\patchcore_closeout\mvtec_s0_k1\capsule\test\good\016.png,0,0.08928336948156357
mvtec_capsule,D:\STUDY\My_github\sci_project\data\patchcore_closeout\mvtec_s0_k1\capsule\test\good\017.png,0,0.1732790172100067
mvtec_capsule,D:\STUDY\My_github\sci_project\data\patchcore_closeout\mvtec_s0_k1\capsule\test\good\018.png,0,0.12542623281478882
mvtec_capsule,D:\STUDY\My_github\sci_project\data\patchcore_closeout\mvtec_s0_k1\capsule\test\good\019.png,0,0.047197043895721436
mvtec_capsule,D:\STUDY\My_github\sci_project\data\patchcore_closeout\mvtec_s0_k1\capsule\test\good\020.png,0,0.09104926139116287
mvtec_capsule,D:\STUDY\My_github\sci_project\data\patchcore_closeout\mvtec_s0_k1\capsule\test\good\021.png,0,0.02028619311749935
mvtec_capsule,D:\STUDY\My_github\sci_project\data\patchcore_closeout\mvtec_s0_k1\capsule\test\good\022.png,0,0.032218899577856064
mvtec_capsule,D:\STUDY\My_github\sci_project\data\patchcore_closeout\mvtec_s0_k1\capsule\test\poke\000.png,1,0.6803678870201111
mvtec_capsule,D:\STUDY\My_github\sci_project\data\patchcore_closeout\mvtec_s0_k1\capsule\test\poke\001.png,1,0.23375993967056274
mvtec_capsule,D:\STUDY\My_github\sci_project\data\patchcore_closeout\mvtec_s0_k1\capsule\test\poke\002.png,1,0.2094564437866211
mvtec_capsule,D:\STUDY\My_github\sci_project\data\patchcore_closeout\mvtec_s0_k1\capsule\test\poke\003.png,1,0.16483481228351593
mvtec_capsule,D:\STUDY\My_github\sci_project\data\patchcore_closeout\mvtec_s0_k1\capsule\test\poke\004.png,1,0.3205505907535553
mvtec_capsule,D:\STUDY\My_github\sci_project\data\patchcore_closeout\mvtec_s0_k1\capsule\test\poke\005.png,1,0.10810526460409164
mvtec_capsule,D:\STUDY\My_github\sci_project\data\patchcore_closeout\mvtec_s0_k1\capsule\test\poke\006.png,1,0.20859548449516296
mvtec_capsule,D:\STUDY\My_github\sci_project\data\patchcore_closeout\mvtec_s0_k1\capsule\test\poke\007.png,1,0.19913794100284576
mvtec_capsule,D:\STUDY\My_github\sci_project\data\patchcore_closeout\mvtec_s0_k1\capsule\test\poke\008.png,1,0.301828533411026
mvtec_capsule,D:\STUDY\My_github\sci_project\data\patchcore_closeout\mvtec_s0_k1\capsule\test\poke\009.png,1,0.15128818154335022
mvtec_capsule,D:\STUDY\My_github\sci_project\data\patchcore_closeout\mvtec_s0_k1\capsule\test\poke\010.png,1,0.0772504061460495
mvtec_capsule,D:\STUDY\My_github\sci_project\data\patchcore_closeout\mvtec_s0_k1\capsule\test\poke\011.png,1,0.14653949439525604
mvtec_capsule,D:\STUDY\My_github\sci_project\data\patchcore_closeout\mvtec_s0_k1\capsule\test\poke\012.png,1,0.09691695123910904
mvtec_capsule,D:\STUDY\My_github\sci_project\data\patchcore_closeout\mvtec_s0_k1\capsule\test\poke\013.png,1,0.45136409997940063
mvtec_capsule,D:\STUDY\My_github\sci_project\data\patchcore_closeout\mvtec_s0_k1\capsule\test\poke\014.png,1,0.3647017776966095
mvtec_capsule,D:\STUDY\My_github\sci_project\data\patchcore_closeout\mvtec_s0_k1\capsule\test\poke\015.png,1,0.05754846706986427
mvtec_capsule,D:\STUDY\My_github\sci_project\data\patchcore_closeout\mvtec_s0_k1\capsule\test\poke\016.png,1,0.33623620867729187
mvtec_capsule,D:\STUDY\My_github\sci_project\data\patchcore_closeout\mvtec_s0_k1\capsule\test\poke\017.png,1,0.16469155251979828
mvtec_capsule,D:\STUDY\My_github\sci_project\data\patchcore_closeout\mvtec_s0_k1\capsule\test\poke\018.png,1,0.10454416275024414
mvtec_capsule,D:\STUDY\My_github\sci_project\data\patchcore_closeout\mvtec_s0_k1\capsule\test\poke\019.png,1,0.15816590189933777
mvtec_capsule,D:\STUDY\My_github\sci_project\data\patchcore_closeout\mvtec_s0_k1\capsule\test\poke\020.png,1,0.09961902350187302
mvtec_capsule,D:\STUDY\My_github\sci_project\data\patchcore_closeout\mvtec_s0_k1\capsule\test\scratch\000.png,1,0.05438562110066414
mvtec_capsule,D:\STUDY\My_github\sci_project\data\patchcore_closeout\mvtec_s0_k1\capsule\test\scratch\001.png,1,0.09869971126317978
mvtec_capsule,D:\STUDY\My_github\sci_project\data\patchcore_closeout\mvtec_s0_k1\capsule\test\scratch\002.png,1,0.032146990299224854
mvtec_capsule,D:\STUDY\My_github\sci_project\data\patchcore_closeout\mvtec_s0_k1\capsule\test\scratch\003.png,1,0.030421201139688492
mvtec_capsule,D:\STUDY\My_github\sci_project\data\patchcore_closeout\mvtec_s0_k1\capsule\test\scratch\004.png,1,0.053372275084257126
mvtec_capsule,D:\STUDY\My_github\sci_project\data\patchcore_closeout\mvtec_s0_k1\capsule\test\scratch\005.png,1,0.15781383216381073
mvtec_capsule,D:\STUDY\My_github\sci_project\data\patchcore_closeout\mvtec_s0_k1\capsule\test\scratch\006.png,1,0.018972905352711678
mvtec_capsule,D:\STUDY\My_github\sci_project\data\patchcore_closeout\mvtec_s0_k1\capsule\test\scratch\007.png,1,0.13569937646389008
mvtec_capsule,D:\STUDY\My_github\sci_project\data\patchcore_closeout\mvtec_s0_k1\capsule\test\scratch\008.png,1,0.09995035827159882
mvtec_capsule,D:\STUDY\My_github\sci_project\data\patchcore_closeout\mvtec_s0_k1\capsule\test\scratch\009.png,1,0.09667273610830307
mvtec_capsule,D:\STUDY\My_github\sci_project\data\patchcore_closeout\mvtec_s0_k1\capsule\test\scratch\010.png,1,0.12328613549470901
mvtec_capsule,D:\STUDY\My_github\sci_project\data\patchcore_closeout\mvtec_s0_k1\capsule\test\scratch\011.png,1,0.1383046656847
mvtec_capsule,D:\STUDY\My_github\sci_project\data\patchcore_closeout\mvtec_s0_k1\capsule\test\scratch\012.png,1,0.16500656306743622
mvtec_capsule,D:\STUDY\My_github\sci_project\data\patchcore_closeout\mvtec_s0_k1\capsule\test\scratch\013.png,1,0.24550029635429382
mvtec_capsule,D:\STUDY\My_github\sci_project\data\patchcore_closeout\mvtec_s0_k1\capsule\test\scratch\014.png,1,0.20481589436531067
mvtec_capsule,D:\STUDY\My_github\sci_project\data\patchcore_closeout\mvtec_s0_k1\capsule\test\scratch\015.png,1,0.06585687398910522
mvtec_capsule,D:\STUDY\My_github\sci_project\data\patchcore_closeout\mvtec_s0_k1\capsule\test\scratch\016.png,1,0.156535804271698
mvtec_capsule,D:\STUDY\My_github\sci_project\data\patchcore_closeout\mvtec_s0_k1\capsule\test\scratch\017.png,1,0.11386840790510178
mvtec_capsule,D:\STUDY\My_github\sci_project\data\patchcore_closeout\mvtec_s0_k1\capsule\test\scratch\018.png,1,0.1395135372877121
mvtec_capsule,D:\STUDY\My_github\sci_project\data\patchcore_closeout\mvtec_s0_k1\capsule\test\scratch\019.png,1,0.1552627682685852
mvtec_capsule,D:\STUDY\My_github\sci_project\data\patchcore_closeout\mvtec_s0_k1\capsule\test\scratch\020.png,1,0.17311611771583557
mvtec_capsule,D:\STUDY\My_github\sci_project\data\patchcore_closeout\mvtec_s0_k1\capsule\test\scratch\021.png,1,0.07051263749599457
mvtec_capsule,D:\STUDY\My_github\sci_project\data\patchcore_closeout\mvtec_s0_k1\capsule\test\scratch\022.png,1,0.20661664009094238
mvtec_capsule,D:\STUDY\My_github\sci_project\data\patchcore_closeout\mvtec_s0_k1\capsule\test\squeeze\000.png,1,0.36925411224365234
mvtec_capsule,D:\STUDY\My_github\sci_project\data\patchcore_closeout\mvtec_s0_k1\capsule\test\squeeze\001.png,1,0.4239373207092285
mvtec_capsule,D:\STUDY\My_github\sci_project\data\patchcore_closeout\mvtec_s0_k1\capsule\test\squeeze\002.png,1,0.1431932896375656
mvtec_capsule,D:\STUDY\My_github\sci_project\data\patchcore_closeout\mvtec_s0_k1\capsule\test\squeeze\003.png,1,0.361709862947464
mvtec_capsule,D:\STUDY\My_github\sci_project\data\patchcore_closeout\mvtec_s0_k1\capsule\test\squeeze\004.png,1,0.15239225327968597
mvtec_capsule,D:\STUDY\My_github\sci_project\data\patchcore_closeout\mvtec_s0_k1\capsule\test\squeeze\005.png,1,0.07903566211462021
mvtec_capsule,D:\STUDY\My_github\sci_project\data\patchcore_closeout\mvtec_s0_k1\capsule\test\squeeze\006.png,1,0.5598629117012024
mvtec_capsule,D:\STUDY\My_github\sci_project\data\patchcore_closeout\mvtec_s0_k1\capsule\test\squeeze\007.png,1,0.46513473987579346
mvtec_capsule,D:\STUDY\My_github\sci_project\data\patchcore_closeout\mvtec_s0_k1\capsule\test\squeeze\008.png,1,0.29555732011795044
mvtec_capsule,D:\STUDY\My_github\sci_project\data\patchcore_closeout\mvtec_s0_k1\capsule\test\squeeze\009.png,1,0.46751683950424194
mvtec_capsule,D:\STUDY\My_github\sci_project\data\patchcore_closeout\mvtec_s0_k1\capsule\test\squeeze\010.png,1,0.1944650262594223
mvtec_capsule,D:\STUDY\My_github\sci_project\data\patchcore_closeout\mvtec_s0_k1\capsule\test\squeeze\011.png,1,0.7000214457511902
mvtec_capsule,D:\STUDY\My_github\sci_project\data\patchcore_closeout\mvtec_s0_k1\capsule\test\squeeze\012.png,1,0.2277260422706604
mvtec_capsule,D:\STUDY\My_github\sci_project\data\patchcore_closeout\mvtec_s0_k1\capsule\test\squeeze\013.png,1,0.23110681772232056
mvtec_capsule,D:\STUDY\My_github\sci_project\data\patchcore_closeout\mvtec_s0_k1\capsule\test\squeeze\014.png,1,0.3287331759929657
mvtec_capsule,D:\STUDY\My_github\sci_project\data\patchcore_closeout\mvtec_s0_k1\capsule\test\squeeze\015.png,1,0.378585547208786
mvtec_capsule,D:\STUDY\My_github\sci_project\data\patchcore_closeout\mvtec_s0_k1\capsule\test\squeeze\016.png,1,0.49057576060295105
mvtec_capsule,D:\STUDY\My_github\sci_project\data\patchcore_closeout\mvtec_s0_k1\capsule\test\squeeze\017.png,1,0.441921204328537
mvtec_capsule,D:\STUDY\My_github\sci_project\data\patchcore_closeout\mvtec_s0_k1\capsule\test\squeeze\018.png,1,0.3590407073497772
mvtec_capsule,D:\STUDY\My_github\sci_project\data\patchcore_closeout\mvtec_s0_k1\capsule\test\squeeze\019.png,1,0.23026327788829803
mvtec_carpet,D:\STUDY\My_github\sci_project\data\patchcore_closeout\mvtec_s0_k1\carpet\test\color\000.png,1,0.6264810562133789
mvtec_carpet,D:\STUDY\My_github\sci_project\data\patchcore_closeout\mvtec_s0_k1\carpet\test\color\001.png,1,0.7143343687057495
mvtec_carpet,D:\STUDY\My_github\sci_project\data\patchcore_closeout\mvtec_s0_k1\carpet\test\color\002.png,1,0.26740890741348267
mvtec_carpet,D:\STUDY\My_github\sci_project\data\patchcore_closeout\mvtec_s0_k1\carpet\test\color\003.png,1,0.3801938593387604
mvtec_carpet,D:\STUDY\My_github\sci_project\data\patchcore_closeout\mvtec_s0_k1\carpet\test\color\004.png,1,0.6186666488647461
mvtec_carpet,D:\STUDY\My_github\sci_project\data\patchcore_closeout\mvtec_s0_k1\carpet\test\color\005.png,1,0.27306678891181946
mvtec_carpet,D:\STUDY\My_github\sci_project\data\patchcore_closeout\mvtec_s0_k1\carpet\test\color\006.png,1,0.4042109549045563
mvtec_carpet,D:\STUDY\My_github\sci_project\data\patchcore_closeout\mvtec_s0_k1\carpet\test\color\007.png,1,0.5462026000022888
mvtec_carpet,D:\STUDY\My_github\sci_project\data\patchcore_closeout\mvtec_s0_k1\carpet\test\color\008.png,1,0.8052059412002563
mvtec_carpet,D:\STUDY\My_github\sci_project\data\patchcore_closeout\mvtec_s0_k1\carpet\test\color\009.png,1,0.39376381039619446
mvtec_carpet,D:\STUDY\My_github\sci_project\data\patchcore_closeout\mvtec_s0_k1\carpet\test\color\010.png,1,0.37259066104888916
mvtec_carpet,D:\STUDY\My_github\sci_project\data\patchcore_closeout\mvtec_s0_k1\carpet\test\color\011.png,1,0.45830023288726807
mvtec_carpet,D:\STUDY\My_github\sci_project\data\patchcore_closeout\mvtec_s0_k1\carpet\test\color\012.png,1,0.5430739521980286
mvtec_carpet,D:\STUDY\My_github\sci_project\data\patchcore_closeout\mvtec_s0_k1\carpet\test\color\013.png,1,0.19208434224128723
mvtec_carpet,D:\STUDY\My_github\sci_project\data\patchcore_closeout\mvtec_s0_k1\carpet\test\color\014.png,1,0.1759989857673645
mvtec_carpet,D:\STUDY\My_github\sci_project\data\patchcore_closeout\mvtec_s0_k1\carpet\test\color\015.png,1,0.6135233044624329
mvtec_carpet,D:\STUDY\My_github\sci_project\data\patchcore_closeout\mvtec_s0_k1\carpet\test\color\016.png,1,0.29739895462989807
mvtec_carpet,D:\STUDY\My_github\sci_project\data\patchcore_closeout\mvtec_s0_k1\carpet\test\color\017.png,1,0.3325161337852478
mvtec_carpet,D:\STUDY\My_github\sci_project\data\patchcore_closeout\mvtec_s0_k1\carpet\test\color\018.png,1,0.49088889360427856
mvtec_carpet,D:\STUDY\My_github\sci_project\data\patchcore_closeout\mvtec_s0_k1\carpet\test\cut\000.png,1,0.7853652238845825
mvtec_carpet,D:\STUDY\My_github\sci_project\data\patchcore_closeout\mvtec_s0_k1\carpet\test\cut\001.png,1,0.4975796639919281
mvtec_carpet,D:\STUDY\My_github\sci_project\data\patchcore_closeout\mvtec_s0_k1\carpet\test\cut\002.png,1,0.819828450679779
mvtec_carpet,D:\STUDY\My_github\sci_project\data\patchcore_closeout\mvtec_s0_k1\carpet\test\cut\003.png,1,0.7613650560379028
mvtec_carpet,D:\STUDY\My_github\sci_project\data\patchcore_closeout\mvtec_s0_k1\carpet\test\cut\004.png,1,0.4011833965778351
mvtec_carpet,D:\STUDY\My_github\sci_project\data\patchcore_closeout\mvtec_s0_k1\carpet\test\cut\005.png,1,0.4583054184913635
mvtec_carpet,D:\STUDY\My_github\sci_project\data\patchcore_closeout\mvtec_s0_k1\carpet\test\cut\006.png,1,0.7135586142539978
mvtec_carpet,D:\STUDY\My_github\sci_project\data\patchcore_closeout\mvtec_s0_k1\carpet\test\cut\007.png,1,0.6215133666992188
mvtec_carpet,D:\STUDY\My_github\sci_project\data\patchcore_closeout\mvtec_s0_k1\carpet\test\cut\008.png,1,0.26407214999198914
mvtec_carpet,D:\STUDY\My_github\sci_project\data\patchcore_closeout\mvtec_s0_k1\carpet\test\cut\009.png,1,0.6661842465400696
mvtec_carpet,D:\STUDY\My_github\sci_project\data\patchcore_closeout\mvtec_s0_k1\carpet\test\cut\010.png,1,0.6991283297538757
mvtec_carpet,D:\STUDY\My_github\sci_project\data\patchcore_closeout\mvtec_s0_k1\carpet\test\cut\011.png,1,0.6242993474006653
mvtec_carpet,D:\STUDY\My_github\sci_project\data\patchcore_closeout\mvtec_s0_k1\carpet\test\cut\012.png,1,0.8977258801460266
mvtec_carpet,D:\STUDY\My_github\sci_project\data\patchcore_closeout\mvtec_s0_k1\carpet\test\cut\013.png,1,0.6315519213676453
mvtec_carpet,D:\STUDY\My_github\sci_project\data\patchcore_closeout\mvtec_s0_k1\carpet\test\cut\014.png,1,0.47674572467803955
mvtec_carpet,D:\STUDY\My_github\sci_project\data\patchcore_closeout\mvtec_s0_k1\carpet\test\cut\015.png,1,0.8134013414382935
mvtec_carpet,D:\STUDY\My_github\sci_project\data\patchcore_closeout\mvtec_s0_k1\carpet\test\cut\016.png,1,0.5867829918861389
mvtec_carpet,D:\STUDY\My_github\sci_project\data\patchcore_closeout\mvtec_s0_k1\carpet\test\good\000.png,0,0.08827505260705948
mvtec_carpet,D:\STUDY\My_github\sci_project\data\patchcore_closeout\mvtec_s0_k1\carpet\test\good\001.png,0,0.02727448008954525
mvtec_carpet,D:\STUDY\My_github\sci_project\data\patchcore_closeout\mvtec_s0_k1\carpet\test\good\002.png,0,0.0972396656870842
mvtec_carpet,D:\STUDY\My_github\sci_project\data\patchcore_closeout\mvtec_s0_k1\carpet\test\good\003.png,0,0.1057625487446785
mvtec_carpet,D:\STUDY\My_github\sci_project\data\patchcore_closeout\mvtec_s0_k1\carpet\test\good\004.png,0,0.12277001887559891
mvtec_carpet,D:\STUDY\My_github\sci_project\data\patchcore_closeout\mvtec_s0_k1\carpet\test\good\005.png,0,0.06927946954965591
mvtec_carpet,D:\STUDY\My_github\sci_project\data\patchcore_closeout\mvtec_s0_k1\carpet\test\good\006.png,0,0.2227156013250351
mvtec_carpet,D:\STUDY\My_github\sci_project\data\patchcore_closeout\mvtec_s0_k1\carpet\test\good\007.png,0,0.05123429372906685
mvtec_carpet,D:\STUDY\My_github\sci_project\data\patchcore_closeout\mvtec_s0_k1\carpet\test\good\008.png,0,0.0861319899559021
mvtec_carpet,D:\STUDY\My_github\sci_project\data\patchcore_closeout\mvtec_s0_k1\carpet\test\good\009.png,0,0.14231085777282715
mvtec_carpet,D:\STUDY\My_github\sci_project\data\patchcore_closeout\mvtec_s0_k1\carpet\test\good\010.png,0,0.055929698050022125
mvtec_carpet,D:\STUDY\My_github\sci_project\data\patchcore_closeout\mvtec_s0_k1\carpet\test\good\011.png,0,0.05319100245833397
mvtec_carpet,D:\STUDY\My_github\sci_project\data\patchcore_closeout\mvtec_s0_k1\carpet\test\good\012.png,0,0.13056543469429016
mvtec_carpet,D:\STUDY\My_github\sci_project\data\patchcore_closeout\mvtec_s0_k1\carpet\test\good\013.png,0,0.14096462726593018
mvtec_carpet,D:\STUDY\My_github\sci_project\data\patchcore_closeout\mvtec_s0_k1\carpet\test\good\014.png,0,0.12425325065851212
mvtec_carpet,D:\STUDY\My_github\sci_project\data\patchcore_closeout\mvtec_s0_k1\carpet\test\good\015.png,0,0.10969667136669159
mvtec_carpet,D:\STUDY\My_github\sci_project\data\patchcore_closeout\mvtec_s0_k1\carpet\test\good\016.png,0,0.1441315859556198
mvtec_carpet,D:\STUDY\My_github\sci_project\data\patchcore_closeout\mvtec_s0_k1\carpet\test\good\017.png,0,0.053123362362384796
mvtec_carpet,D:\STUDY\My_github\sci_project\data\patchcore_closeout\mvtec_s0_k1\carpet\test\good\018.png,0,0.061219364404678345
mvtec_carpet,D:\STUDY\My_github\sci_project\data\patchcore_closeout\mvtec_s0_k1\carpet\test\good\019.png,0,0.03264075517654419
mvtec_carpet,D:\STUDY\My_github\sci_project\data\patchcore_closeout\mvtec_s0_k1\carpet\test\good\020.png,0,0.044749557971954346
mvtec_carpet,D:\STUDY\My_github\sci_project\data\patchcore_closeout\mvtec_s0_k1\carpet\test\good\021.png,0,0.05474325269460678
mvtec_carpet,D:\STUDY\My_github\sci_project\data\patchcore_closeout\mvtec_s0_k1\carpet\test\good\022.png,0,0.022376159206032753
mvtec_carpet,D:\STUDY\My_github\sci_project\data\patchcore_closeout\mvtec_s0_k1\carpet\test\good\023.png,0,0.05062243714928627
mvtec_carpet,D:\STUDY\My_github\sci_project\data\patchcore_closeout\mvtec_s0_k1\carpet\test\good\024.png,0,0.07569726556539536
mvtec_carpet,D:\STUDY\My_github\sci_project\data\patchcore_closeout\mvtec_s0_k1\carpet\test\good\025.png,0,0.029219798743724823
mvtec_carpet,D:\STUDY\My_github\sci_project\data\patchcore_closeout\mvtec_s0_k1\carpet\test\good\026.png,0,0.015154636465013027
mvtec_carpet,D:\STUDY\My_github\sci_project\data\patchcore_closeout\mvtec_s0_k1\carpet\test\good\027.png,0,0.0
mvtec_carpet,D:\STUDY\My_github\sci_project\data\patchcore_closeout\mvtec_s0_k1\carpet\test\hole\000.png,1,0.5387129187583923
mvtec_carpet,D:\STUDY\My_github\sci_project\data\patchcore_closeout\mvtec_s0_k1\carpet\test\hole\001.png,1,0.21336930990219116
mvtec_carpet,D:\STUDY\My_github\sci_project\data\patchcore_closeout\mvtec_s0_k1\carpet\test\hole\002.png,1,0.24843989312648773
mvtec_carpet,D:\STUDY\My_github\sci_project\data\patchcore_closeout\mvtec_s0_k1\carpet\test\hole\003.png,1,0.6164162755012512
mvtec_carpet,D:\STUDY\My_github\sci_project\data\patchcore_closeout\mvtec_s0_k1\carpet\test\hole\004.png,1,0.6038101315498352
mvtec_carpet,D:\STUDY\My_github\sci_project\data\patchcore_closeout\mvtec_s0_k1\carpet\test\hole\005.png,1,0.4581943154335022
mvtec_carpet,D:\STUDY\My_github\sci_project\data\patchcore_closeout\mvtec_s0_k1\carpet\test\hole\006.png,1,0.8234512805938721
mvtec_carpet,D:\STUDY\My_github\sci_project\data\patchcore_closeout\mvtec_s0_k1\carpet\test\hole\007.png,1,0.99897301197052
mvtec_carpet,D:\STUDY\My_github\sci_project\data\patchcore_closeout\mvtec_s0_k1\carpet\test\hole\008.png,1,0.8836239576339722
mvtec_carpet,D:\STUDY\My_github\sci_project\data\patchcore_closeout\mvtec_s0_k1\carpet\test\hole\009.png,1,0.6119009852409363
mvtec_carpet,D:\STUDY\My_github\sci_project\data\patchcore_closeout\mvtec_s0_k1\carpet\test\hole\010.png,1,0.8024527430534363
mvtec_carpet,D:\STUDY\My_github\sci_project\data\patchcore_closeout\mvtec_s0_k1\carpet\test\hole\011.png,1,0.682792067527771
mvtec_carpet,D:\STUDY\My_github\sci_project\data\patchcore_closeout\mvtec_s0_k1\carpet\test\hole\012.png,1,0.48942428827285767
mvtec_carpet,D:\STUDY\My_github\sci_project\data\patchcore_closeout\mvtec_s0_k1\carpet\test\hole\013.png,1,0.571918249130249
mvtec_carpet,D:\STUDY\My_github\sci_project\data\patchcore_closeout\mvtec_s0_k1\carpet\test\hole\014.png,1,1.0
mvtec_carpet,D:\STUDY\My_github\sci_project\data\patchcore_closeout\mvtec_s0_k1\carpet\test\hole\015.png,1,0.5423640608787537
mvtec_carpet,D:\STUDY\My_github\sci_project\data\patchcore_closeout\mvtec_s0_k1\carpet\test\hole\016.png,1,0.3291183114051819
mvtec_carpet,D:\STUDY\My_github\sci_project\data\patchcore_closeout\mvtec_s0_k1\carpet\test\metal_contamination\000.png,1,0.08311203867197037
mvtec_carpet,D:\STUDY\My_github\sci_project\data\patchcore_closeout\mvtec_s0_k1\carpet\test\metal_contamination\001.png,1,0.17154894769191742
mvtec_carpet,D:\STUDY\My_github\sci_project\data\patchcore_closeout\mvtec_s0_k1\carpet\test\metal_contamination\002.png,1,0.3330914080142975
mvtec_carpet,D:\STUDY\My_github\sci_project\data\patchcore_closeout\mvtec_s0_k1\carpet\test\metal_contamination\003.png,1,0.4279989004135132
mvtec_carpet,D:\STUDY\My_github\sci_project\data\patchcore_closeout\mvtec_s0_k1\carpet\test\metal_contamination\004.png,1,0.47841566801071167
mvtec_carpet,D:\STUDY\My_github\sci_project\data\patchcore_closeout\mvtec_s0_k1\carpet\test\metal_contamination\005.png,1,0.5621723532676697
mvtec_carpet,D:\STUDY\My_github\sci_project\data\patchcore_closeout\mvtec_s0_k1\carpet\test\metal_contamination\006.png,1,0.5623869895935059
mvtec_carpet,D:\STUDY\My_github\sci_project\data\patchcore_closeout\mvtec_s0_k1\carpet\test\metal_contamination\007.png,1,0.5065698027610779
mvtec_carpet,D:\STUDY\My_github\sci_project\data\patchcore_closeout\mvtec_s0_k1\carpet\test\metal_contamination\008.png,1,0.6319846510887146
mvtec_carpet,D:\STUDY\My_github\sci_project\data\patchcore_closeout\mvtec_s0_k1\carpet\test\metal_contamination\009.png,1,0.27385982871055603
mvtec_carpet,D:\STUDY\My_github\sci_project\data\patchcore_closeout\mvtec_s0_k1\carpet\test\metal_contamination\010.png,1,0.5770899057388306
mvtec_carpet,D:\STUDY\My_github\sci_project\data\patchcore_closeout\mvtec_s0_k1\carpet\test\metal_contamination\011.png,1,0.407360315322876
mvtec_carpet,D:\STUDY\My_github\sci_project\data\patchcore_closeout\mvtec_s0_k1\carpet\test\metal_contamination\012.png,1,0.31376591324806213
mvtec_carpet,D:\STUDY\My_github\sci_project\data\patchcore_closeout\mvtec_s0_k1\carpet\test\metal_contamination\013.png,1,0.47589990496635437
mvtec_carpet,D:\STUDY\My_github\sci_project\data\patchcore_closeout\mvtec_s0_k1\carpet\test\metal_contamination\014.png,1,0.18860195577144623
mvtec_carpet,D:\STUDY\My_github\sci_project\data\patchcore_closeout\mvtec_s0_k1\carpet\test\metal_contamination\015.png,1,0.28139951825141907
mvtec_carpet,D:\STUDY\My_github\sci_project\data\patchcore_closeout\mvtec_s0_k1\carpet\test\metal_contamination\016.png,1,0.24358540773391724
mvtec_carpet,D:\STUDY\My_github\sci_project\data\patchcore_closeout\mvtec_s0_k1\carpet\test\thread\000.png,1,0.6183736324310303
mvtec_carpet,D:\STUDY\My_github\sci_project\data\patchcore_closeout\mvtec_s0_k1\carpet\test\thread\001.png,1,0.13148133456707
mvtec_carpet,D:\STUDY\My_github\sci_project\data\patchcore_closeout\mvtec_s0_k1\carpet\test\thread\002.png,1,0.4312697649002075
mvtec_carpet,D:\STUDY\My_github\sci_project\data\patchcore_closeout\mvtec_s0_k1\carpet\test\thread\003.png,1,0.4403965473175049
mvtec_carpet,D:\STUDY\My_github\sci_project\data\patchcore_closeout\mvtec_s0_k1\carpet\test\thread\004.png,1,0.42195555567741394
mvtec_carpet,D:\STUDY\My_github\sci_project\data\patchcore_closeout\mvtec_s0_k1\carpet\test\thread\005.png,1,0.7542598247528076
mvtec_carpet,D:\STUDY\My_github\sci_project\data\patchcore_closeout\mvtec_s0_k1\carpet\test\thread\006.png,1,0.6460853815078735
mvtec_carpet,D:\STUDY\My_github\sci_project\data\patchcore_closeout\mvtec_s0_k1\carpet\test\thread\007.png,1,0.42286109924316406
mvtec_carpet,D:\STUDY\My_github\sci_project\data\patchcore_closeout\mvtec_s0_k1\carpet\test\thread\008.png,1,0.934337854385376
mvtec_carpet,D:\STUDY\My_github\sci_project\data\patchcore_closeout\mvtec_s0_k1\carpet\test\thread\009.png,1,0.1333959400653839
mvtec_carpet,D:\STUDY\My_github\sci_project\data\patchcore_closeout\mvtec_s0_k1\carpet\test\thread\010.png,1,0.5812369585037231
mvtec_carpet,D:\STUDY\My_github\sci_project\data\patchcore_closeout\mvtec_s0_k1\carpet\test\thread\011.png,1,0.45106491446495056
mvtec_carpet,D:\STUDY\My_github\sci_project\data\patchcore_closeout\mvtec_s0_k1\carpet\test\thread\012.png,1,0.8143796920776367
mvtec_carpet,D:\STUDY\My_github\sci_project\data\patchcore_closeout\mvtec_s0_k1\carpet\test\thread\013.png,1,0.6924475431442261
mvtec_carpet,D:\STUDY\My_github\sci_project\data\patchcore_closeout\mvtec_s0_k1\carpet\test\thread\014.png,1,0.28161105513572693
mvtec_carpet,D:\STUDY\My_github\sci_project\data\patchcore_closeout\mvtec_s0_k1\carpet\test\thread\015.png,1,0.1975548416376114
mvtec_carpet,D:\STUDY\My_github\sci_project\data\patchcore_closeout\mvtec_s0_k1\carpet\test\thread\016.png,1,0.4942014813423157
mvtec_carpet,D:\STUDY\My_github\sci_project\data\patchcore_closeout\mvtec_s0_k1\carpet\test\thread\017.png,1,0.6801396608352661
mvtec_carpet,D:\STUDY\My_github\sci_project\data\patchcore_closeout\mvtec_s0_k1\carpet\test\thread\018.png,1,0.051334720104932785
mvtec_grid,D:\STUDY\My_github\sci_project\data\patchcore_closeout\mvtec_s0_k1\grid\test\bent\000.png,1,0.8510743379592896
mvtec_grid,D:\STUDY\My_github\sci_project\data\patchcore_closeout\mvtec_s0_k1\grid\test\bent\001.png,1,0.741801917552948
mvtec_grid,D:\STUDY\My_github\sci_project\data\patchcore_closeout\mvtec_s0_k1\grid\test\bent\002.png,1,0.7272630929946899
mvtec_grid,D:\STUDY\My_github\sci_project\data\patchcore_closeout\mvtec_s0_k1\grid\test\bent\003.png,1,0.6855215430259705
mvtec_grid,D:\STUDY\My_github\sci_project\data\patchcore_closeout\mvtec_s0_k1\grid\test\bent\004.png,1,0.8155138492584229
mvtec_grid,D:\STUDY\My_github\sci_project\data\patchcore_closeout\mvtec_s0_k1\grid\test\bent\005.png,1,0.774462878704071
mvtec_grid,D:\STUDY\My_github\sci_project\data\patchcore_closeout\mvtec_s0_k1\grid\test\bent\006.png,1,0.5583434104919434
mvtec_grid,D:\STUDY\My_github\sci_project\data\patchcore_closeout\mvtec_s0_k1\grid\test\bent\007.png,1,0.9071255922317505
mvtec_grid,D:\STUDY\My_github\sci_project\data\patchcore_closeout\mvtec_s0_k1\grid\test\bent\008.png,1,0.2805725038051605
mvtec_grid,D:\STUDY\My_github\sci_project\data\patchcore_closeout\mvtec_s0_k1\grid\test\bent\009.png,1,0.7129034399986267
mvtec_grid,D:\STUDY\My_github\sci_project\data\patchcore_closeout\mvtec_s0_k1\grid\test\bent\010.png,1,0.7537229657173157
mvtec_grid,D:\STUDY\My_github\sci_project\data\patchcore_closeout\mvtec_s0_k1\grid\test\bent\011.png,1,0.5677021741867065
mvtec_grid,D:\STUDY\My_github\sci_project\data\patchcore_closeout\mvtec_s0_k1\grid\test\broken\000.png,1,0.8341732621192932
mvtec_grid,D:\STUDY\My_github\sci_project\data\patchcore_closeout\mvtec_s0_k1\grid\test\broken\001.png,1,1.0
mvtec_grid,D:\STUDY\My_github\sci_project\data\patchcore_closeout\mvtec_s0_k1\grid\test\broken\002.png,1,0.08974406123161316
mvtec_grid,D:\STUDY\My_github\sci_project\data\patchcore_closeout\mvtec_s0_k1\grid\test\broken\003.png,1,0.717805802822113
mvtec_grid,D:\STUDY\My_github\sci_project\data\patchcore_closeout\mvtec_s0_k1\grid\test\broken\004.png,1,0.5647647380828857
mvtec_grid,D:\STUDY\My_github\sci_project\data\patchcore_closeout\mvtec_s0_k1\grid\test\broken\005.png,1,0.41874539852142334
mvtec_grid,D:\STUDY\My_github\sci_project\data\patchcore_closeout\mvtec_s0_k1\grid\test\broken\006.png,1,0.7346243858337402
mvtec_grid,D:\STUDY\My_github\sci_project\data\patchcore_closeout\mvtec_s0_k1\grid\test\broken\007.png,1,0.7286504507064819
mvtec_grid,D:\STUDY\My_github\sci_project\data\patchcore_closeout\mvtec_s0_k1\grid\test\broken\008.png,1,0.6199710965156555
mvtec_grid,D:\STUDY\My_github\sci_project\data\patchcore_closeout\mvtec_s0_k1\grid\test\broken\009.png,1,0.7206239700317383
mvtec_grid,D:\STUDY\My_github\sci_project\data\patchcore_closeout\mvtec_s0_k1\grid\test\broken\010.png,1,0.9449917078018188
mvtec_grid,D:\STUDY\My_github\sci_project\data\patchcore_closeout\mvtec_s0_k1\grid\test\broken\011.png,1,0.18851763010025024
mvtec_grid,D:\STUDY\My_github\sci_project\data\patchcore_closeout\mvtec_s0_k1\grid\test\glue\000.png,1,0.7449619770050049
mvtec_grid,D:\STUDY\My_github\sci_project\data\patchcore_closeout\mvtec_s0_k1\grid\test\glue\001.png,1,0.7255737781524658
mvtec_grid,D:\STUDY\My_github\sci_project\data\patchcore_closeout\mvtec_s0_k1\grid\test\glue\002.png,1,0.757946252822876
mvtec_grid,D:\STUDY\My_github\sci_project\data\patchcore_closeout\mvtec_s0_k1\grid\test\glue\003.png,1,0.057150740176439285
mvtec_grid,D:\STUDY\My_github\sci_project\data\patchcore_closeout\mvtec_s0_k1\grid\test\glue\004.png,1,0.649164080619812
mvtec_grid,D:\STUDY\My_github\sci_project\data\patchcore_closeout\mvtec_s0_k1\grid\test\glue\005.png,1,0.8371923565864563
mvtec_grid,D:\STUDY\My_github\sci_project\data\patchcore_closeout\mvtec_s0_k1\grid\test\glue\006.png,1,0.488206684589386
mvtec_grid,D:\STUDY\My_github\sci_project\data\patchcore_closeout\mvtec_s0_k1\grid\test\glue\007.png,1,0.52912837266922
mvtec_grid,D:\STUDY\My_github\sci_project\data\patchcore_closeout\mvtec_s0_k1\grid\test\glue\008.png,1,0.7059664130210876
mvtec_grid,D:\STUDY\My_github\sci_project\data\patchcore_closeout\mvtec_s0_k1\grid\test\glue\009.png,1,0.6969500184059143
mvtec_grid,D:\STUDY\My_github\sci_project\data\patchcore_closeout\mvtec_s0_k1\grid\test\glue\010.png,1,0.5329744219779968
mvtec_grid,D:\STUDY\My_github\sci_project\data\patchcore_closeout\mvtec_s0_k1\grid\test\good\000.png,0,0.850530743598938
mvtec_grid,D:\STUDY\My_github\sci_project\data\patchcore_closeout\mvtec_s0_k1\grid\test\good\001.png,0,0.6546332240104675
mvtec_grid,D:\STUDY\My_github\sci_project\data\patchcore_closeout\mvtec_s0_k1\grid\test\good\002.png,0,0.5993059277534485
mvtec_grid,D:\STUDY\My_github\sci_project\data\patchcore_closeout\mvtec_s0_k1\grid\test\good\003.png,0,0.5651633739471436
mvtec_grid,D:\STUDY\My_github\sci_project\data\patchcore_closeout\mvtec_s0_k1\grid\test\good\004.png,0,0.7690503001213074
mvtec_grid,D:\STUDY\My_github\sci_project\data\patchcore_closeout\mvtec_s0_k1\grid\test\good\005.png,0,0.33405014872550964
mvtec_grid,D:\STUDY\My_github\sci_project\data\patchcore_closeout\mvtec_s0_k1\grid\test\good\006.png,0,0.5927775502204895
mvtec_grid,D:\STUDY\My_github\sci_project\data\patchcore_closeout\mvtec_s0_k1\grid\test\good\007.png,0,0.8010874390602112
mvtec_grid,D:\STUDY\My_github\sci_project\data\patchcore_closeout\mvtec_s0_k1\grid\test\good\008.png,0,0.180851548910141
mvtec_grid,D:\STUDY\My_github\sci_project\data\patchcore_closeout\mvtec_s0_k1\grid\test\good\009.png,0,0.8040465712547302
mvtec_grid,D:\STUDY\My_github\sci_project\data\patchcore_closeout\mvtec_s0_k1\grid\test\good\010.png,0,0.687640905380249
mvtec_grid,D:\STUDY\My_github\sci_project\data\patchcore_closeout\mvtec_s0_k1\grid\test\good\011.png,0,0.09794803708791733
mvtec_grid,D:\STUDY\My_github\sci_project\data\patchcore_closeout\mvtec_s0_k1\grid\test\good\012.png,0,0.7185263633728027
mvtec_grid,D:\STUDY\My_github\sci_project\data\patchcore_closeout\mvtec_s0_k1\grid\test\good\013.png,0,0.4067784547805786
mvtec_grid,D:\STUDY\My_github\sci_project\data\patchcore_closeout\mvtec_s0_k1\grid\test\good\014.png,0,0.9651911854743958
mvtec_grid,D:\STUDY\My_github\sci_project\data\patchcore_closeout\mvtec_s0_k1\grid\test\good\015.png,0,0.7994112372398376
mvtec_grid,D:\STUDY\My_github\sci_project\data\patchcore_closeout\mvtec_s0_k1\grid\test\good\016.png,0,0.0
mvtec_grid,D:\STUDY\My_github\sci_project\data\patchcore_closeout\mvtec_s0_k1\grid\test\good\017.png,0,0.26929011940956116
mvtec_grid,D:\STUDY\My_github\sci_project\data\patchcore_closeout\mvtec_s0_k1\grid\test\good\018.png,0,0.21975180506706238
mvtec_grid,D:\STUDY\My_github\sci_project\data\patchcore_closeout\mvtec_s0_k1\grid\test\good\019.png,0,0.5929188132286072
mvtec_grid,D:\STUDY\My_github\sci_project\data\patchcore_closeout\mvtec_s0_k1\grid\test\good\020.png,0,0.5801959037780762
mvtec_grid,D:\STUDY\My_github\sci_project\data\patchcore_closeout\mvtec_s0_k1\grid\test\metal_contamination\000.png,1,0.4333638846874237
mvtec_grid,D:\STUDY\My_github\sci_project\data\patchcore_closeout\mvtec_s0_k1\grid\test\metal_contamination\001.png,1,0.6385306119918823
mvtec_grid,D:\STUDY\My_github\sci_project\data\patchcore_closeout\mvtec_s0_k1\grid\test\metal_contamination\002.png,1,0.7795019745826721
mvtec_grid,D:\STUDY\My_github\sci_project\data\patchcore_closeout\mvtec_s0_k1\grid\test\metal_contamination\003.png,1,0.2765415608882904
mvtec_grid,D:\STUDY\My_github\sci_project\data\patchcore_closeout\mvtec_s0_k1\grid\test\metal_contamination\004.png,1,0.6886578798294067
mvtec_grid,D:\STUDY\My_github\sci_project\data\patchcore_closeout\mvtec_s0_k1\grid\test\metal_contamination\005.png,1,0.18846598267555237
mvtec_grid,D:\STUDY\My_github\sci_project\data\patchcore_closeout\mvtec_s0_k1\grid\test\metal_contamination\006.png,1,0.3118200898170471
mvtec_grid,D:\STUDY\My_github\sci_project\data\patchcore_closeout\mvtec_s0_k1\grid\test\metal_contamination\007.png,1,0.5706085562705994
mvtec_grid,D:\STUDY\My_github\sci_project\data\patchcore_closeout\mvtec_s0_k1\grid\test\metal_contamination\008.png,1,0.23697616159915924
mvtec_grid,D:\STUDY\My_github\sci_project\data\patchcore_closeout\mvtec_s0_k1\grid\test\metal_contamination\009.png,1,0.8138120174407959
mvtec_grid,D:\STUDY\My_github\sci_project\data\patchcore_closeout\mvtec_s0_k1\grid\test\metal_contamination\010.png,1,0.7923067808151245
mvtec_grid,D:\STUDY\My_github\sci_project\data\patchcore_closeout\mvtec_s0_k1\grid\test\thread\000.png,1,0.667354941368103
mvtec_grid,D:\STUDY\My_github\sci_project\data\patchcore_closeout\mvtec_s0_k1\grid\test\thread\001.png,1,0.46735915541648865
mvtec_grid,D:\STUDY\My_github\sci_project\data\patchcore_closeout\mvtec_s0_k1\grid\test\thread\002.png,1,0.5574761629104614
mvtec_grid,D:\STUDY\My_github\sci_project\data\patchcore_closeout\mvtec_s0_k1\grid\test\thread\003.png,1,0.5530757308006287
mvtec_grid,D:\STUDY\My_github\sci_project\data\patchcore_closeout\mvtec_s0_k1\grid\test\thread\004.png,1,0.770283579826355
mvtec_grid,D:\STUDY\My_github\sci_project\data\patchcore_closeout\mvtec_s0_k1\grid\test\thread\005.png,1,0.7465822100639343
mvtec_grid,D:\STUDY\My_github\sci_project\data\patchcore_closeout\mvtec_s0_k1\grid\test\thread\006.png,1,0.4818880558013916
mvtec_grid,D:\STUDY\My_github\sci_project\data\patchcore_closeout\mvtec_s0_k1\grid\test\thread\007.png,1,0.21492072939872742
mvtec_grid,D:\STUDY\My_github\sci_project\data\patchcore_closeout\mvtec_s0_k1\grid\test\thread\008.png,1,0.6327030658721924
mvtec_grid,D:\STUDY\My_github\sci_project\data\patchcore_closeout\mvtec_s0_k1\grid\test\thread\009.png,1,0.5337482690811157
mvtec_grid,D:\STUDY\My_github\sci_project\data\patchcore_closeout\mvtec_s0_k1\grid\test\thread\010.png,1,0.6235180497169495
mvtec_hazelnut,D:\STUDY\My_github\sci_project\data\patchcore_closeout\mvtec_s0_k1\hazelnut\test\crack\000.png,1,0.3279138207435608
mvtec_hazelnut,D:\STUDY\My_github\sci_project\data\patchcore_closeout\mvtec_s0_k1\hazelnut\test\crack\001.png,1,0.40362751483917236
mvtec_hazelnut,D:\STUDY\My_github\sci_project\data\patchcore_closeout\mvtec_s0_k1\hazelnut\test\crack\002.png,1,0.20691828429698944
mvtec_hazelnut,D:\STUDY\My_github\sci_project\data\patchcore_closeout\mvtec_s0_k1\hazelnut\test\crack\003.png,1,0.2445155531167984
mvtec_hazelnut,D:\STUDY\My_github\sci_project\data\patchcore_closeout\mvtec_s0_k1\hazelnut\test\crack\004.png,1,0.2615929841995239
mvtec_hazelnut,D:\STUDY\My_github\sci_project\data\patchcore_closeout\mvtec_s0_k1\hazelnut\test\crack\005.png,1,0.5023074746131897
mvtec_hazelnut,D:\STUDY\My_github\sci_project\data\patchcore_closeout\mvtec_s0_k1\hazelnut\test\crack\006.png,1,0.32608339190483093
mvtec_hazelnut,D:\STUDY\My_github\sci_project\data\patchcore_closeout\mvtec_s0_k1\hazelnut\test\crack\007.png,1,0.3724266588687897
mvtec_hazelnut,D:\STUDY\My_github\sci_project\data\patchcore_closeout\mvtec_s0_k1\hazelnut\test\crack\008.png,1,0.37471863627433777
mvtec_hazelnut,D:\STUDY\My_github\sci_project\data\patchcore_closeout\mvtec_s0_k1\hazelnut\test\crack\009.png,1,0.3844873309135437
mvtec_hazelnut,D:\STUDY\My_github\sci_project\data\patchcore_closeout\mvtec_s0_k1\hazelnut\test\crack\010.png,1,0.5482890009880066
mvtec_hazelnut,D:\STUDY\My_github\sci_project\data\patchcore_closeout\mvtec_s0_k1\hazelnut\test\crack\011.png,1,0.33862602710723877
mvtec_hazelnut,D:\STUDY\My_github\sci_project\data\patchcore_closeout\mvtec_s0_k1\hazelnut\test\crack\012.png,1,0.2743138074874878
mvtec_hazelnut,D:\STUDY\My_github\sci_project\data\patchcore_closeout\mvtec_s0_k1\hazelnut\test\crack\013.png,1,0.25487640500068665
mvtec_hazelnut,D:\STUDY\My_github\sci_project\data\patchcore_closeout\mvtec_s0_k1\hazelnut\test\crack\014.png,1,0.24974769353866577
mvtec_hazelnut,D:\STUDY\My_github\sci_project\data\patchcore_closeout\mvtec_s0_k1\hazelnut\test\crack\015.png,1,0.2753625214099884
mvtec_hazelnut,D:\STUDY\My_github\sci_project\data\patchcore_closeout\mvtec_s0_k1\hazelnut\test\crack\016.png,1,0.19781243801116943
mvtec_hazelnut,D:\STUDY\My_github\sci_project\data\patchcore_closeout\mvtec_s0_k1\hazelnut\test\crack\017.png,1,0.3224582076072693
mvtec_hazelnut,D:\STUDY\My_github\sci_project\data\patchcore_closeout\mvtec_s0_k1\hazelnut\test\cut\000.png,1,0.26042523980140686
mvtec_hazelnut,D:\STUDY\My_github\sci_project\data\patchcore_closeout\mvtec_s0_k1\hazelnut\test\cut\001.png,1,0.3803335428237915
mvtec_hazelnut,D:\STUDY\My_github\sci_project\data\patchcore_closeout\mvtec_s0_k1\hazelnut\test\cut\002.png,1,0.23943538963794708
mvtec_hazelnut,D:\STUDY\My_github\sci_project\data\patchcore_closeout\mvtec_s0_k1\hazelnut\test\cut\003.png,1,0.323337197303772
mvtec_hazelnut,D:\STUDY\My_github\sci_project\data\patchcore_closeout\mvtec_s0_k1\hazelnut\test\cut\004.png,1,0.2892894148826599
mvtec_hazelnut,D:\STUDY\My_github\sci_project\data\patchcore_closeout\mvtec_s0_k1\hazelnut\test\cut\005.png,1,0.2395692616701126
mvtec_hazelnut,D:\STUDY\My_github\sci_project\data\patchcore_closeout\mvtec_s0_k1\hazelnut\test\cut\006.png,1,0.21711693704128265
mvtec_hazelnut,D:\STUDY\My_github\sci_project\data\patchcore_closeout\mvtec_s0_k1\hazelnut\test\cut\007.png,1,0.21026954054832458
mvtec_hazelnut,D:\STUDY\My_github\sci_project\data\patchcore_closeout\mvtec_s0_k1\hazelnut\test\cut\008.png,1,0.24390527606010437
mvtec_hazelnut,D:\STUDY\My_github\sci_project\data\patchcore_closeout\mvtec_s0_k1\hazelnut\test\cut\009.png,1,0.21280577778816223
mvtec_hazelnut,D:\STUDY\My_github\sci_project\data\patchcore_closeout\mvtec_s0_k1\hazelnut\test\cut\010.png,1,0.24696104228496552
mvtec_hazelnut,D:\STUDY\My_github\sci_project\data\patchcore_closeout\mvtec_s0_k1\hazelnut\test\cut\011.png,1,0.22225719690322876
mvtec_hazelnut,D:\STUDY\My_github\sci_project\data\patchcore_closeout\mvtec_s0_k1\hazelnut\test\cut\012.png,1,0.32274869084358215
mvtec_hazelnut,D:\STUDY\My_github\sci_project\data\patchcore_closeout\mvtec_s0_k1\hazelnut\test\cut\013.png,1,0.3178735077381134
mvtec_hazelnut,D:\STUDY\My_github\sci_project\data\patchcore_closeout\mvtec_s0_k1\hazelnut\test\cut\014.png,1,0.2465202957391739
mvtec_hazelnut,D:\STUDY\My_github\sci_project\data\patchcore_closeout\mvtec_s0_k1\hazelnut\test\cut\015.png,1,0.1744803488254547
mvtec_hazelnut,D:\STUDY\My_github\sci_project\data\patchcore_closeout\mvtec_s0_k1\hazelnut\test\cut\016.png,1,0.32080888748168945
mvtec_hazelnut,D:\STUDY\My_github\sci_project\data\patchcore_closeout\mvtec_s0_k1\hazelnut\test\good\000.png,0,0.2376839518547058
mvtec_hazelnut,D:\STUDY\My_github\sci_project\data\patchcore_closeout\mvtec_s0_k1\hazelnut\test\good\001.png,0,0.24487577378749847
mvtec_hazelnut,D:\STUDY\My_github\sci_project\data\patchcore_closeout\mvtec_s0_k1\hazelnut\test\good\002.png,0,0.12985210120677948
mvtec_hazelnut,D:\STUDY\My_github\sci_project\data\patchcore_closeout\mvtec_s0_k1\hazelnut\test\good\003.png,0,0.154046431183815
mvtec_hazelnut,D:\STUDY\My_github\sci_project\data\patchcore_closeout\mvtec_s0_k1\hazelnut\test\good\004.png,0,0.15497493743896484
mvtec_hazelnut,D:\STUDY\My_github\sci_project\data\patchcore_closeout\mvtec_s0_k1\hazelnut\test\good\005.png,0,0.3013554811477661
mvtec_hazelnut,D:\STUDY\My_github\sci_project\data\patchcore_closeout\mvtec_s0_k1\hazelnut\test\good\006.png,0,0.18505771458148956
mvtec_hazelnut,D:\STUDY\My_github\sci_project\data\patchcore_closeout\mvtec_s0_k1\hazelnut\test\good\007.png,0,0.044003717601299286
mvtec_hazelnut,D:\STUDY\My_github\sci_project\data\patchcore_closeout\mvtec_s0_k1\hazelnut\test\good\008.png,0,0.023950453847646713
mvtec_hazelnut,D:\STUDY\My_github\sci_project\data\patchcore_closeout\mvtec_s0_k1\hazelnut\test\good\009.png,0,0.3285267651081085
mvtec_hazelnut,D:\STUDY\My_github\sci_project\data\patchcore_closeout\mvtec_s0_k1\hazelnut\test\good\010.png,0,0.2255236953496933
mvtec_hazelnut,D:\STUDY\My_github\sci_project\data\patchcore_closeout\mvtec_s0_k1\hazelnut\test\good\011.png,0,0.2336091548204422
mvtec_hazelnut,D:\STUDY\My_github\sci_project\data\patchcore_closeout\mvtec_s0_k1\hazelnut\test\good\012.png,0,0.03038213960826397
mvtec_hazelnut,D:\STUDY\My_github\sci_project\data\patchcore_closeout\mvtec_s0_k1\hazelnut\test\good\013.png,0,0.26904505491256714
mvtec_hazelnut,D:\STUDY\My_github\sci_project\data\patchcore_closeout\mvtec_s0_k1\hazelnut\test\good\014.png,0,0.21273835003376007
mvtec_hazelnut,D:\STUDY\My_github\sci_project\data\patchcore_closeout\mvtec_s0_k1\hazelnut\test\good\015.png,0,0.2398516684770584
mvtec_hazelnut,D:\STUDY\My_github\sci_project\data\patchcore_closeout\mvtec_s0_k1\hazelnut\test\good\016.png,0,0.09766247868537903
mvtec_hazelnut,D:\STUDY\My_github\sci_project\data\patchcore_closeout\mvtec_s0_k1\hazelnut\test\good\017.png,0,0.20446373522281647
mvtec_hazelnut,D:\STUDY\My_github\sci_project\data\patchcore_closeout\mvtec_s0_k1\hazelnut\test\good\018.png,0,0.27111685276031494
mvtec_hazelnut,D:\STUDY\My_github\sci_project\data\patchcore_closeout\mvtec_s0_k1\hazelnut\test\good\019.png,0,0.1749979555606842
mvtec_hazelnut,D:\STUDY\My_github\sci_project\data\patchcore_closeout\mvtec_s0_k1\hazelnut\test\good\020.png,0,0.1791534721851349
mvtec_hazelnut,D:\STUDY\My_github\sci_project\data\patchcore_closeout\mvtec_s0_k1\hazelnut\test\good\021.png,0,0.16493915021419525
mvtec_hazelnut,D:\STUDY\My_github\sci_project\data\patchcore_closeout\mvtec_s0_k1\hazelnut\test\good\022.png,0,0.2586963474750519
mvtec_hazelnut,D:\STUDY\My_github\sci_project\data\patchcore_closeout\mvtec_s0_k1\hazelnut\test\good\023.png,0,0.18166311085224152
mvtec_hazelnut,D:\STUDY\My_github\sci_project\data\patchcore_closeout\mvtec_s0_k1\hazelnut\test\good\024.png,0,0.034934286028146744
mvtec_hazelnut,D:\STUDY\My_github\sci_project\data\patchcore_closeout\mvtec_s0_k1\hazelnut\test\good\025.png,0,0.2059333324432373
mvtec_hazelnut,D:\STUDY\My_github\sci_project\data\patchcore_closeout\mvtec_s0_k1\hazelnut\test\good\026.png,0,0.3211086094379425
mvtec_hazelnut,D:\STUDY\My_github\sci_project\data\patchcore_closeout\mvtec_s0_k1\hazelnut\test\good\027.png,0,0.09478142857551575
mvtec_hazelnut,D:\STUDY\My_github\sci_project\data\patchcore_closeout\mvtec_s0_k1\hazelnut\test\good\028.png,0,0.1689428687095642
mvtec_hazelnut,D:\STUDY\My_github\sci_project\data\patchcore_closeout\mvtec_s0_k1\hazelnut\test\good\029.png,0,0.2423599660396576
mvtec_hazelnut,D:\STUDY\My_github\sci_project\data\patchcore_closeout\mvtec_s0_k1\hazelnut\test\good\030.png,0,0.0012814054498448968
mvtec_hazelnut,D:\STUDY\My_github\sci_project\data\patchcore_closeout\mvtec_s0_k1\hazelnut\test\good\031.png,0,0.19526350498199463
mvtec_hazelnut,D:\STUDY\My_github\sci_project\data\patchcore_closeout\mvtec_s0_k1\hazelnut\test\good\032.png,0,0.21948228776454926
mvtec_hazelnut,D:\STUDY\My_github\sci_project\data\patchcore_closeout\mvtec_s0_k1\hazelnut\test\good\033.png,0,0.12542498111724854
mvtec_hazelnut,D:\STUDY\My_github\sci_project\data\patchcore_closeout\mvtec_s0_k1\hazelnut\test\good\034.png,0,0.15121817588806152
mvtec_hazelnut,D:\STUDY\My_github\sci_project\data\patchcore_closeout\mvtec_s0_k1\hazelnut\test\good\035.png,0,0.0587373748421669
mvtec_hazelnut,D:\STUDY\My_github\sci_project\data\patchcore_closeout\mvtec_s0_k1\hazelnut\test\good\036.png,0,0.06310151517391205
mvtec_hazelnut,D:\STUDY\My_github\sci_project\data\patchcore_closeout\mvtec_s0_k1\hazelnut\test\good\037.png,0,0.24067942798137665
mvtec_hazelnut,D:\STUDY\My_github\sci_project\data\patchcore_closeout\mvtec_s0_k1\hazelnut\test\good\038.png,0,0.0
mvtec_hazelnut,D:\STUDY\My_github\sci_project\data\patchcore_closeout\mvtec_s0_k1\hazelnut\test\good\039.png,0,0.2227545827627182
mvtec_hazelnut,D:\STUDY\My_github\sci_project\data\patchcore_closeout\mvtec_s0_k1\hazelnut\test\hole\000.png,1,0.368025541305542
mvtec_hazelnut,D:\STUDY\My_github\sci_project\data\patchcore_closeout\mvtec_s0_k1\hazelnut\test\hole\001.png,1,0.39534324407577515
mvtec_hazelnut,D:\STUDY\My_github\sci_project\data\patchcore_closeout\mvtec_s0_k1\hazelnut\test\hole\002.png,1,0.49131882190704346
mvtec_hazelnut,D:\STUDY\My_github\sci_project\data\patchcore_closeout\mvtec_s0_k1\hazelnut\test\hole\003.png,1,0.4724845588207245
mvtec_hazelnut,D:\STUDY\My_github\sci_project\data\patchcore_closeout\mvtec_s0_k1\hazelnut\test\hole\004.png,1,0.38087907433509827
mvtec_hazelnut,D:\STUDY\My_github\sci_project\data\patchcore_closeout\mvtec_s0_k1\hazelnut\test\hole\005.png,1,0.31020355224609375
mvtec_hazelnut,D:\STUDY\My_github\sci_project\data\patchcore_closeout\mvtec_s0_k1\hazelnut\test\hole\006.png,1,0.33673378825187683
mvtec_hazelnut,D:\STUDY\My_github\sci_project\data\patchcore_closeout\mvtec_s0_k1\hazelnut\test\hole\007.png,1,0.7565597295761108
mvtec_hazelnut,D:\STUDY\My_github\sci_project\data\patchcore_closeout\mvtec_s0_k1\hazelnut\test\hole\008.png,1,0.3493632972240448
mvtec_hazelnut,D:\STUDY\My_github\sci_project\data\patchcore_closeout\mvtec_s0_k1\hazelnut\test\hole\009.png,1,0.33195066452026367
mvtec_hazelnut,D:\STUDY\My_github\sci_project\data\patchcore_closeout\mvtec_s0_k1\hazelnut\test\hole\010.png,1,0.4008945822715759
mvtec_hazelnut,D:\STUDY\My_github\sci_project\data\patchcore_closeout\mvtec_s0_k1\hazelnut\test\hole\011.png,1,0.4369925856590271
mvtec_hazelnut,D:\STUDY\My_github\sci_project\data\patchcore_closeout\mvtec_s0_k1\hazelnut\test\hole\012.png,1,0.40911179780960083
mvtec_hazelnut,D:\STUDY\My_github\sci_project\data\patchcore_closeout\mvtec_s0_k1\hazelnut\test\hole\013.png,1,0.37283042073249817
mvtec_hazelnut,D:\STUDY\My_github\sci_project\data\patchcore_closeout\mvtec_s0_k1\hazelnut\test\hole\014.png,1,0.4011145830154419
mvtec_hazelnut,D:\STUDY\My_github\sci_project\data\patchcore_closeout\mvtec_s0_k1\hazelnut\test\hole\015.png,1,0.3710439205169678
mvtec_hazelnut,D:\STUDY\My_github\sci_project\data\patchcore_closeout\mvtec_s0_k1\hazelnut\test\hole\016.png,1,0.2529991865158081
mvtec_hazelnut,D:\STUDY\My_github\sci_project\data\patchcore_closeout\mvtec_s0_k1\hazelnut\test\hole\017.png,1,0.384319543838501
mvtec_hazelnut,D:\STUDY\My_github\sci_project\data\patchcore_closeout\mvtec_s0_k1\hazelnut\test\print\000.png,1,0.6888787150382996
mvtec_hazelnut,D:\STUDY\My_github\sci_project\data\patchcore_closeout\mvtec_s0_k1\hazelnut\test\print\001.png,1,0.5097965002059937
mvtec_hazelnut,D:\STUDY\My_github\sci_project\data\patchcore_closeout\mvtec_s0_k1\hazelnut\test\print\002.png,1,0.6916376352310181
mvtec_hazelnut,D:\STUDY\My_github\sci_project\data\patchcore_closeout\mvtec_s0_k1\hazelnut\test\print\003.png,1,0.34034261107444763
mvtec_hazelnut,D:\STUDY\My_github\sci_project\data\patchcore_closeout\mvtec_s0_k1\hazelnut\test\print\004.png,1,0.45580238103866577
mvtec_hazelnut,D:\STUDY\My_github\sci_project\data\patchcore_closeout\mvtec_s0_k1\hazelnut\test\print\005.png,1,0.6127674579620361
mvtec_hazelnut,D:\STUDY\My_github\sci_project\data\patchcore_closeout\mvtec_s0_k1\hazelnut\test\print\006.png,1,0.5645433068275452
mvtec_hazelnut,D:\STUDY\My_github\sci_project\data\patchcore_closeout\mvtec_s0_k1\hazelnut\test\print\007.png,1,0.40173158049583435
mvtec_hazelnut,D:\STUDY\My_github\sci_project\data\patchcore_closeout\mvtec_s0_k1\hazelnut\test\print\008.png,1,1.0
mvtec_hazelnut,D:\STUDY\My_github\sci_project\data\patchcore_closeout\mvtec_s0_k1\hazelnut\test\print\009.png,1,0.4385398328304291
mvtec_hazelnut,D:\STUDY\My_github\sci_project\data\patchcore_closeout\mvtec_s0_k1\hazelnut\test\print\010.png,1,0.6967120170593262
mvtec_hazelnut,D:\STUDY\My_github\sci_project\data\patchcore_closeout\mvtec_s0_k1\hazelnut\test\print\011.png,1,0.5265474319458008
mvtec_hazelnut,D:\STUDY\My_github\sci_project\data\patchcore_closeout\mvtec_s0_k1\hazelnut\test\print\012.png,1,0.6706919074058533
mvtec_hazelnut,D:\STUDY\My_github\sci_project\data\patchcore_closeout\mvtec_s0_k1\hazelnut\test\print\013.png,1,0.4128990173339844
mvtec_hazelnut,D:\STUDY\My_github\sci_project\data\patchcore_closeout\mvtec_s0_k1\hazelnut\test\print\014.png,1,0.4244557321071625
mvtec_hazelnut,D:\STUDY\My_github\sci_project\data\patchcore_closeout\mvtec_s0_k1\hazelnut\test\print\015.png,1,0.18633989989757538
mvtec_hazelnut,D:\STUDY\My_github\sci_project\data\patchcore_closeout\mvtec_s0_k1\hazelnut\test\print\016.png,1,0.41955164074897766
mvtec_leather,D:\STUDY\My_github\sci_project\data\patchcore_closeout\mvtec_s0_k1\leather\test\color\000.png,1,0.5391270518302917
mvtec_leather,D:\STUDY\My_github\sci_project\data\patchcore_closeout\mvtec_s0_k1\leather\test\color\001.png,1,0.38477614521980286
mvtec_leather,D:\STUDY\My_github\sci_project\data\patchcore_closeout\mvtec_s0_k1\leather\test\color\002.png,1,0.2661137580871582
mvtec_leather,D:\STUDY\My_github\sci_project\data\patchcore_closeout\mvtec_s0_k1\leather\test\color\003.png,1,0.23058311641216278
mvtec_leather,D:\STUDY\My_github\sci_project\data\patchcore_closeout\mvtec_s0_k1\leather\test\color\004.png,1,0.10891412198543549
mvtec_leather,D:\STUDY\My_github\sci_project\data\patchcore_closeout\mvtec_s0_k1\leather\test\color\005.png,1,0.276371568441391
mvtec_leather,D:\STUDY\My_github\sci_project\data\patchcore_closeout\mvtec_s0_k1\leather\test\color\006.png,1,0.1766536682844162
mvtec_leather,D:\STUDY\My_github\sci_project\data\patchcore_closeout\mvtec_s0_k1\leather\test\color\007.png,1,0.2278541475534439
mvtec_leather,D:\STUDY\My_github\sci_project\data\patchcore_closeout\mvtec_s0_k1\leather\test\color\008.png,1,0.28840172290802
mvtec_leather,D:\STUDY\My_github\sci_project\data\patchcore_closeout\mvtec_s0_k1\leather\test\color\009.png,1,0.1576373279094696
mvtec_leather,D:\STUDY\My_github\sci_project\data\patchcore_closeout\mvtec_s0_k1\leather\test\color\010.png,1,0.278709352016449
mvtec_leather,D:\STUDY\My_github\sci_project\data\patchcore_closeout\mvtec_s0_k1\leather\test\color\011.png,1,0.3398491144180298
mvtec_leather,D:\STUDY\My_github\sci_project\data\patchcore_closeout\mvtec_s0_k1\leather\test\color\012.png,1,0.23140361905097961
mvtec_leather,D:\STUDY\My_github\sci_project\data\patchcore_closeout\mvtec_s0_k1\leather\test\color\013.png,1,0.23442278802394867
mvtec_leather,D:\STUDY\My_github\sci_project\data\patchcore_closeout\mvtec_s0_k1\leather\test\color\014.png,1,0.24306604266166687
mvtec_leather,D:\STUDY\My_github\sci_project\data\patchcore_closeout\mvtec_s0_k1\leather\test\color\015.png,1,0.2896832823753357
mvtec_leather,D:\STUDY\My_github\sci_project\data\patchcore_closeout\mvtec_s0_k1\leather\test\color\016.png,1,0.19471317529678345
mvtec_leather,D:\STUDY\My_github\sci_project\data\patchcore_closeout\mvtec_s0_k1\leather\test\color\017.png,1,0.2537035644054413
mvtec_leather,D:\STUDY\My_github\sci_project\data\patchcore_closeout\mvtec_s0_k1\leather\test\color\018.png,1,0.24248872697353363
mvtec_leather,D:\STUDY\My_github\sci_project\data\patchcore_closeout\mvtec_s0_k1\leather\test\cut\000.png,1,0.420377254486084
mvtec_leather,D:\STUDY\My_github\sci_project\data\patchcore_closeout\mvtec_s0_k1\leather\test\cut\001.png,1,0.3878476023674011
mvtec_leather,D:\STUDY\My_github\sci_project\data\patchcore_closeout\mvtec_s0_k1\leather\test\cut\002.png,1,0.18961210548877716
mvtec_leather,D:\STUDY\My_github\sci_project\data\patchcore_closeout\mvtec_s0_k1\leather\test\cut\003.png,1,0.7194493412971497
mvtec_leather,D:\STUDY\My_github\sci_project\data\patchcore_closeout\mvtec_s0_k1\leather\test\cut\004.png,1,0.4614582359790802
mvtec_leather,D:\STUDY\My_github\sci_project\data\patchcore_closeout\mvtec_s0_k1\leather\test\cut\005.png,1,0.31990090012550354
mvtec_leather,D:\STUDY\My_github\sci_project\data\patchcore_closeout\mvtec_s0_k1\leather\test\cut\006.png,1,0.2968696653842926
mvtec_leather,D:\STUDY\My_github\sci_project\data\patchcore_closeout\mvtec_s0_k1\leather\test\cut\007.png,1,0.5826848149299622
mvtec_leather,D:\STUDY\My_github\sci_project\data\patchcore_closeout\mvtec_s0_k1\leather\test\cut\008.png,1,0.39188387989997864
mvtec_leather,D:\STUDY\My_github\sci_project\data\patchcore_closeout\mvtec_s0_k1\leather\test\cut\009.png,1,0.23589575290679932
mvtec_leather,D:\STUDY\My_github\sci_project\data\patchcore_closeout\mvtec_s0_k1\leather\test\cut\010.png,1,0.3155423104763031
mvtec_leather,D:\STUDY\My_github\sci_project\data\patchcore_closeout\mvtec_s0_k1\leather\test\cut\011.png,1,0.19535724818706512
mvtec_leather,D:\STUDY\My_github\sci_project\data\patchcore_closeout\mvtec_s0_k1\leather\test\cut\012.png,1,0.44716593623161316
mvtec_leather,D:\STUDY\My_github\sci_project\data\patchcore_closeout\mvtec_s0_k1\leather\test\cut\013.png,1,0.2862154543399811
mvtec_leather,D:\STUDY\My_github\sci_project\data\patchcore_closeout\mvtec_s0_k1\leather\test\cut\014.png,1,0.18433420360088348
mvtec_leather,D:\STUDY\My_github\sci_project\data\patchcore_closeout\mvtec_s0_k1\leather\test\cut\015.png,1,0.22619257867336273
mvtec_leather,D:\STUDY\My_github\sci_project\data\patchcore_closeout\mvtec_s0_k1\leather\test\cut\016.png,1,0.5918360352516174
mvtec_leather,D:\STUDY\My_github\sci_project\data\patchcore_closeout\mvtec_s0_k1\leather\test\cut\017.png,1,0.4566737115383148
mvtec_leather,D:\STUDY\My_github\sci_project\data\patchcore_closeout\mvtec_s0_k1\leather\test\cut\018.png,1,0.5170179009437561
mvtec_leather,D:\STUDY\My_github\sci_project\data\patchcore_closeout\mvtec_s0_k1\leather\test\fold\000.png,1,0.4720008671283722
mvtec_leather,D:\STUDY\My_github\sci_project\data\patchcore_closeout\mvtec_s0_k1\leather\test\fold\001.png,1,0.3665759265422821
mvtec_leather,D:\STUDY\My_github\sci_project\data\patchcore_closeout\mvtec_s0_k1\leather\test\fold\002.png,1,0.36962035298347473
mvtec_leather,D:\STUDY\My_github\sci_project\data\patchcore_closeout\mvtec_s0_k1\leather\test\fold\003.png,1,0.4518263041973114
mvtec_leather,D:\STUDY\My_github\sci_project\data\patchcore_closeout\mvtec_s0_k1\leather\test\fold\004.png,1,0.4956534206867218
mvtec_leather,D:\STUDY\My_github\sci_project\data\patchcore_closeout\mvtec_s0_k1\leather\test\fold\005.png,1,0.47821044921875
mvtec_leather,D:\STUDY\My_github\sci_project\data\patchcore_closeout\mvtec_s0_k1\leather\test\fold\006.png,1,0.32516562938690186
mvtec_leather,D:\STUDY\My_github\sci_project\data\patchcore_closeout\mvtec_s0_k1\leather\test\fold\007.png,1,0.4005032777786255
mvtec_leather,D:\STUDY\My_github\sci_project\data\patchcore_closeout\mvtec_s0_k1\leather\test\fold\008.png,1,0.35983166098594666
mvtec_leather,D:\STUDY\My_github\sci_project\data\patchcore_closeout\mvtec_s0_k1\leather\test\fold\009.png,1,0.34093087911605835
mvtec_leather,D:\STUDY\My_github\sci_project\data\patchcore_closeout\mvtec_s0_k1\leather\test\fold\010.png,1,0.25799432396888733
mvtec_leather,D:\STUDY\My_github\sci_project\data\patchcore_closeout\mvtec_s0_k1\leather\test\fold\011.png,1,0.36665695905685425
mvtec_leather,D:\STUDY\My_github\sci_project\data\patchcore_closeout\mvtec_s0_k1\leather\test\fold\012.png,1,0.3814959228038788
mvtec_leather,D:\STUDY\My_github\sci_project\data\patchcore_closeout\mvtec_s0_k1\leather\test\fold\013.png,1,0.2682591378688812
mvtec_leather,D:\STUDY\My_github\sci_project\data\patchcore_closeout\mvtec_s0_k1\leather\test\fold\014.png,1,0.46766939759254456
mvtec_leather,D:\STUDY\My_github\sci_project\data\patchcore_closeout\mvtec_s0_k1\leather\test\fold\015.png,1,0.44921889901161194
mvtec_leather,D:\STUDY\My_github\sci_project\data\patchcore_closeout\mvtec_s0_k1\leather\test\fold\016.png,1,0.3985576927661896
mvtec_leather,D:\STUDY\My_github\sci_project\data\patchcore_closeout\mvtec_s0_k1\leather\test\glue\000.png,1,0.8237568140029907
mvtec_leather,D:\STUDY\My_github\sci_project\data\patchcore_closeout\mvtec_s0_k1\leather\test\glue\001.png,1,0.374240905046463
mvtec_leather,D:\STUDY\My_github\sci_project\data\patchcore_closeout\mvtec_s0_k1\leather\test\glue\002.png,1,0.5198686122894287
mvtec_leather,D:\STUDY\My_github\sci_project\data\patchcore_closeout\mvtec_s0_k1\leather\test\glue\003.png,1,0.5420955419540405
mvtec_leather,D:\STUDY\My_github\sci_project\data\patchcore_closeout\mvtec_s0_k1\leather\test\glue\004.png,1,0.17219406366348267
mvtec_leather,D:\STUDY\My_github\sci_project\data\patchcore_closeout\mvtec_s0_k1\leather\test\glue\005.png,1,0.8062864542007446
mvtec_leather,D:\STUDY\My_github\sci_project\data\patchcore_closeout\mvtec_s0_k1\leather\test\glue\006.png,1,0.599505603313446
mvtec_leather,D:\STUDY\My_github\sci_project\data\patchcore_closeout\mvtec_s0_k1\leather\test\glue\007.png,1,0.529111921787262
mvtec_leather,D:\STUDY\My_github\sci_project\data\patchcore_closeout\mvtec_s0_k1\leather\test\glue\008.png,1,0.5775447487831116
mvtec_leather,D:\STUDY\My_github\sci_project\data\patchcore_closeout\mvtec_s0_k1\leather\test\glue\009.png,1,0.24285177886486053
mvtec_leather,D:\STUDY\My_github\sci_project\data\patchcore_closeout\mvtec_s0_k1\leather\test\glue\010.png,1,0.1334335058927536
mvtec_leather,D:\STUDY\My_github\sci_project\data\patchcore_closeout\mvtec_s0_k1\leather\test\glue\011.png,1,0.4029785692691803
mvtec_leather,D:\STUDY\My_github\sci_project\data\patchcore_closeout\mvtec_s0_k1\leather\test\glue\012.png,1,0.3536137044429779
mvtec_leather,D:\STUDY\My_github\sci_project\data\patchcore_closeout\mvtec_s0_k1\leather\test\glue\013.png,1,0.8083655834197998
mvtec_leather,D:\STUDY\My_github\sci_project\data\patchcore_closeout\mvtec_s0_k1\leather\test\glue\014.png,1,1.0
mvtec_leather,D:\STUDY\My_github\sci_project\data\patchcore_closeout\mvtec_s0_k1\leather\test\glue\015.png,1,0.9582271575927734
mvtec_leather,D:\STUDY\My_github\sci_project\data\patchcore_closeout\mvtec_s0_k1\leather\test\glue\016.png,1,0.24662059545516968
mvtec_leather,D:\STUDY\My_github\sci_project\data\patchcore_closeout\mvtec_s0_k1\leather\test\glue\017.png,1,0.6882012486457825
mvtec_leather,D:\STUDY\My_github\sci_project\data\patchcore_closeout\mvtec_s0_k1\leather\test\glue\018.png,1,0.6347717642784119
mvtec_leather,D:\STUDY\My_github\sci_project\data\patchcore_closeout\mvtec_s0_k1\leather\test\good\000.png,0,0.016798915341496468
mvtec_leather,D:\STUDY\My_github\sci_project\data\patchcore_closeout\mvtec_s0_k1\leather\test\good\001.png,0,0.03388523682951927
mvtec_leather,D:\STUDY\My_github\sci_project\data\patchcore_closeout\mvtec_s0_k1\leather\test\good\002.png,0,0.015126168727874756
mvtec_leather,D:\STUDY\My_github\sci_project\data\patchcore_closeout\mvtec_s0_k1\leather\test\good\003.png,0,0.024999981746077538
mvtec_leather,D:\STUDY\My_github\sci_project\data\patchcore_closeout\mvtec_s0_k1\leather\test\good\004.png,0,0.02915639989078045
mvtec_leather,D:\STUDY\My_github\sci_project\data\patchcore_closeout\mvtec_s0_k1\leather\test\good\005.png,0,0.011489477939903736
mvtec_leather,D:\STUDY\My_github\sci_project\data\patchcore_closeout\mvtec_s0_k1\leather\test\good\006.png,0,0.01596563495695591
mvtec_leather,D:\STUDY\My_github\sci_project\data\patchcore_closeout\mvtec_s0_k1\leather\test\good\007.png,0,0.021918345242738724
mvtec_leather,D:\STUDY\My_github\sci_project\data\patchcore_closeout\mvtec_s0_k1\leather\test\good\008.png,0,0.049886398017406464
mvtec_leather,D:\STUDY\My_github\sci_project\data\patchcore_closeout\mvtec_s0_k1\leather\test\good\009.png,0,0.01010054536163807
mvtec_leather,D:\STUDY\My_github\sci_project\data\patchcore_closeout\mvtec_s0_k1\leather\test\good\010.png,0,0.03576755151152611
mvtec_leather,D:\STUDY\My_github\sci_project\data\patchcore_closeout\mvtec_s0_k1\leather\test\good\011.png,0,0.0274253748357296
mvtec_leather,D:\STUDY\My_github\sci_project\data\patchcore_closeout\mvtec_s0_k1\leather\test\good\012.png,0,0.033825162798166275
mvtec_leather,D:\STUDY\My_github\sci_project\data\patchcore_closeout\mvtec_s0_k1\leather\test\good\013.png,0,0.018749088048934937
mvtec_leather,D:\STUDY\My_github\sci_project\data\patchcore_closeout\mvtec_s0_k1\leather\test\good\014.png,0,0.025926869362592697
mvtec_leather,D:\STUDY\My_github\sci_project\data\patchcore_closeout\mvtec_s0_k1\leather\test\good\015.png,0,0.009776215068995953
mvtec_leather,D:\STUDY\My_github\sci_project\data\patchcore_closeout\mvtec_s0_k1\leather\test\good\016.png,0,0.029584916308522224
mvtec_leather,D:\STUDY\My_github\sci_project\data\patchcore_closeout\mvtec_s0_k1\leather\test\good\017.png,0,0.03477739542722702
mvtec_leather,D:\STUDY\My_github\sci_project\data\patchcore_closeout\mvtec_s0_k1\leather\test\good\018.png,0,0.015045535750687122
mvtec_leather,D:\STUDY\My_github\sci_project\data\patchcore_closeout\mvtec_s0_k1\leather\test\good\019.png,0,0.0
mvtec_leather,D:\STUDY\My_github\sci_project\data\patchcore_closeout\mvtec_s0_k1\leather\test\good\020.png,0,0.024493029341101646
mvtec_leather,D:\STUDY\My_github\sci_project\data\patchcore_closeout\mvtec_s0_k1\leather\test\good\021.png,0,0.022146275267004967
mvtec_leather,D:\STUDY\My_github\sci_project\data\patchcore_closeout\mvtec_s0_k1\leather\test\good\022.png,0,0.008189092390239239
mvtec_leather,D:\STUDY\My_github\sci_project\data\patchcore_closeout\mvtec_s0_k1\leather\test\good\023.png,0,0.016436662524938583
mvtec_leather,D:\STUDY\My_github\sci_project\data\patchcore_closeout\mvtec_s0_k1\leather\test\good\024.png,0,0.04985925555229187
mvtec_leather,D:\STUDY\My_github\sci_project\data\patchcore_closeout\mvtec_s0_k1\leather\test\good\025.png,0,0.047523677349090576
mvtec_leather,D:\STUDY\My_github\sci_project\data\patchcore_closeout\mvtec_s0_k1\leather\test\good\026.png,0,0.016320902854204178
mvtec_leather,D:\STUDY\My_github\sci_project\data\patchcore_closeout\mvtec_s0_k1\leather\test\good\027.png,0,0.03394431620836258
mvtec_leather,D:\STUDY\My_github\sci_project\data\patchcore_closeout\mvtec_s0_k1\leather\test\good\028.png,0,0.04362891986966133
mvtec_leather,D:\STUDY\My_github\sci_project\data\patchcore_closeout\mvtec_s0_k1\leather\test\good\029.png,0,0.054299887269735336
mvtec_leather,D:\STUDY\My_github\sci_project\data\patchcore_closeout\mvtec_s0_k1\leather\test\good\030.png,0,0.018308399245142937
mvtec_leather,D:\STUDY\My_github\sci_project\data\patchcore_closeout\mvtec_s0_k1\leather\test\good\031.png,0,0.0030520984437316656
mvtec_leather,D:\STUDY\My_github\sci_project\data\patchcore_closeout\mvtec_s0_k1\leather\test\poke\000.png,1,0.36489659547805786
mvtec_leather,D:\STUDY\My_github\sci_project\data\patchcore_closeout\mvtec_s0_k1\leather\test\poke\001.png,1,0.28353896737098694
mvtec_leather,D:\STUDY\My_github\sci_project\data\patchcore_closeout\mvtec_s0_k1\leather\test\poke\002.png,1,0.3726412057876587
mvtec_leather,D:\STUDY\My_github\sci_project\data\patchcore_closeout\mvtec_s0_k1\leather\test\poke\003.png,1,0.5096994042396545
mvtec_leather,D:\STUDY\My_github\sci_project\data\patchcore_closeout\mvtec_s0_k1\leather\test\poke\004.png,1,0.42461270093917847
mvtec_leather,D:\STUDY\My_github\sci_project\data\patchcore_closeout\mvtec_s0_k1\leather\test\poke\005.png,1,0.536409854888916
mvtec_leather,D:\STUDY\My_github\sci_project\data\patchcore_closeout\mvtec_s0_k1\leather\test\poke\006.png,1,0.3857673108577728
mvtec_leather,D:\STUDY\My_github\sci_project\data\patchcore_closeout\mvtec_s0_k1\leather\test\poke\007.png,1,0.4727373421192169
mvtec_leather,D:\STUDY\My_github\sci_project\data\patchcore_closeout\mvtec_s0_k1\leather\test\poke\008.png,1,0.5231630206108093
mvtec_leather,D:\STUDY\My_github\sci_project\data\patchcore_closeout\mvtec_s0_k1\leather\test\poke\009.png,1,0.45145708322525024
mvtec_leather,D:\STUDY\My_github\sci_project\data\patchcore_closeout\mvtec_s0_k1\leather\test\poke\010.png,1,0.4047824442386627
mvtec_leather,D:\STUDY\My_github\sci_project\data\patchcore_closeout\mvtec_s0_k1\leather\test\poke\011.png,1,0.5030619502067566
mvtec_leather,D:\STUDY\My_github\sci_project\data\patchcore_closeout\mvtec_s0_k1\leather\test\poke\012.png,1,0.48987674713134766
mvtec_leather,D:\STUDY\My_github\sci_project\data\patchcore_closeout\mvtec_s0_k1\leather\test\poke\013.png,1,0.4240303039550781
mvtec_leather,D:\STUDY\My_github\sci_project\data\patchcore_closeout\mvtec_s0_k1\leather\test\poke\014.png,1,0.483715683221817
mvtec_leather,D:\STUDY\My_github\sci_project\data\patchcore_closeout\mvtec_s0_k1\leather\test\poke\015.png,1,0.41127902269363403
mvtec_leather,D:\STUDY\My_github\sci_project\data\patchcore_closeout\mvtec_s0_k1\leather\test\poke\016.png,1,0.44512057304382324
mvtec_leather,D:\STUDY\My_github\sci_project\data\patchcore_closeout\mvtec_s0_k1\leather\test\poke\017.png,1,0.39199724793434143
mvtec_metal_nut,D:\STUDY\My_github\sci_project\data\patchcore_closeout\mvtec_s0_k1\metal_nut\test\bent\000.png,1,0.43276023864746094
mvtec_metal_nut,D:\STUDY\My_github\sci_project\data\patchcore_closeout\mvtec_s0_k1\metal_nut\test\bent\001.png,1,0.5332450866699219
mvtec_metal_nut,D:\STUDY\My_github\sci_project\data\patchcore_closeout\mvtec_s0_k1\metal_nut\test\bent\002.png,1,0.5045703053474426
mvtec_metal_nut,D:\STUDY\My_github\sci_project\data\patchcore_closeout\mvtec_s0_k1\metal_nut\test\bent\003.png,1,0.5037469267845154
mvtec_metal_nut,D:\STUDY\My_github\sci_project\data\patchcore_closeout\mvtec_s0_k1\metal_nut\test\bent\004.png,1,0.5372596979141235
mvtec_metal_nut,D:\STUDY\My_github\sci_project\data\patchcore_closeout\mvtec_s0_k1\metal_nut\test\bent\005.png,1,0.5866263508796692
mvtec_metal_nut,D:\STUDY\My_github\sci_project\data\patchcore_closeout\mvtec_s0_k1\metal_nut\test\bent\006.png,1,0.18801602721214294
mvtec_metal_nut,D:\STUDY\My_github\sci_project\data\patchcore_closeout\mvtec_s0_k1\metal_nut\test\bent\007.png,1,0.32286545634269714
mvtec_metal_nut,D:\STUDY\My_github\sci_project\data\patchcore_closeout\mvtec_s0_k1\metal_nut\test\bent\008.png,1,0.5807482600212097
mvtec_metal_nut,D:\STUDY\My_github\sci_project\data\patchcore_closeout\mvtec_s0_k1\metal_nut\test\bent\009.png,1,0.6583600640296936
mvtec_metal_nut,D:\STUDY\My_github\sci_project\data\patchcore_closeout\mvtec_s0_k1\metal_nut\test\bent\010.png,1,0.717993974685669
mvtec_metal_nut,D:\STUDY\My_github\sci_project\data\patchcore_closeout\mvtec_s0_k1\metal_nut\test\bent\011.png,1,0.48113980889320374
mvtec_metal_nut,D:\STUDY\My_github\sci_project\data\patchcore_closeout\mvtec_s0_k1\metal_nut\test\bent\012.png,1,0.28701409697532654
mvtec_metal_nut,D:\STUDY\My_github\sci_project\data\patchcore_closeout\mvtec_s0_k1\metal_nut\test\bent\013.png,1,0.44101595878601074
mvtec_metal_nut,D:\STUDY\My_github\sci_project\data\patchcore_closeout\mvtec_s0_k1\metal_nut\test\bent\014.png,1,0.5882242918014526
mvtec_metal_nut,D:\STUDY\My_github\sci_project\data\patchcore_closeout\mvtec_s0_k1\metal_nut\test\bent\015.png,1,0.6211627125740051
mvtec_metal_nut,D:\STUDY\My_github\sci_project\data\patchcore_closeout\mvtec_s0_k1\metal_nut\test\bent\016.png,1,0.5783600807189941
mvtec_metal_nut,D:\STUDY\My_github\sci_project\data\patchcore_closeout\mvtec_s0_k1\metal_nut\test\bent\017.png,1,0.49645158648490906
mvtec_metal_nut,D:\STUDY\My_github\sci_project\data\patchcore_closeout\mvtec_s0_k1\metal_nut\test\bent\018.png,1,0.837909996509552
mvtec_metal_nut,D:\STUDY\My_github\sci_project\data\patchcore_closeout\mvtec_s0_k1\metal_nut\test\bent\019.png,1,0.44100111722946167
mvtec_metal_nut,D:\STUDY\My_github\sci_project\data\patchcore_closeout\mvtec_s0_k1\metal_nut\test\bent\020.png,1,0.3333863615989685
mvtec_metal_nut,D:\STUDY\My_github\sci_project\data\patchcore_closeout\mvtec_s0_k1\metal_nut\test\bent\021.png,1,0.42531728744506836
mvtec_metal_nut,D:\STUDY\My_github\sci_project\data\patchcore_closeout\mvtec_s0_k1\metal_nut\test\bent\022.png,1,0.2909828722476959
mvtec_metal_nut,D:\STUDY\My_github\sci_project\data\patchcore_closeout\mvtec_s0_k1\metal_nut\test\bent\023.png,1,0.3616000711917877
mvtec_metal_nut,D:\STUDY\My_github\sci_project\data\patchcore_closeout\mvtec_s0_k1\metal_nut\test\bent\024.png,1,0.5782395601272583
mvtec_metal_nut,D:\STUDY\My_github\sci_project\data\patchcore_closeout\mvtec_s0_k1\metal_nut\test\color\000.png,1,0.4955374598503113
mvtec_metal_nut,D:\STUDY\My_github\sci_project\data\patchcore_closeout\mvtec_s0_k1\metal_nut\test\color\001.png,1,0.5942334532737732
mvtec_metal_nut,D:\STUDY\My_github\sci_project\data\patchcore_closeout\mvtec_s0_k1\metal_nut\test\color\002.png,1,0.6403639316558838
mvtec_metal_nut,D:\STUDY\My_github\sci_project\data\patchcore_closeout\mvtec_s0_k1\metal_nut\test\color\003.png,1,0.7386201024055481
mvtec_metal_nut,D:\STUDY\My_github\sci_project\data\patchcore_closeout\mvtec_s0_k1\metal_nut\test\color\004.png,1,0.12890048325061798
mvtec_metal_nut,D:\STUDY\My_github\sci_project\data\patchcore_closeout\mvtec_s0_k1\metal_nut\test\color\005.png,1,0.30590397119522095
mvtec_metal_nut,D:\STUDY\My_github\sci_project\data\patchcore_closeout\mvtec_s0_k1\metal_nut\test\color\006.png,1,0.4988483190536499
mvtec_metal_nut,D:\STUDY\My_github\sci_project\data\patchcore_closeout\mvtec_s0_k1\metal_nut\test\color\007.png,1,0.5059853792190552
mvtec_metal_nut,D:\STUDY\My_github\sci_project\data\patchcore_closeout\mvtec_s0_k1\metal_nut\test\color\008.png,1,0.5001535415649414
mvtec_metal_nut,D:\STUDY\My_github\sci_project\data\patchcore_closeout\mvtec_s0_k1\metal_nut\test\color\009.png,1,0.5085577368736267
mvtec_metal_nut,D:\STUDY\My_github\sci_project\data\patchcore_closeout\mvtec_s0_k1\metal_nut\test\color\010.png,1,0.6309035420417786
mvtec_metal_nut,D:\STUDY\My_github\sci_project\data\patchcore_closeout\mvtec_s0_k1\metal_nut\test\color\011.png,1,0.44268515706062317
mvtec_metal_nut,D:\STUDY\My_github\sci_project\data\patchcore_closeout\mvtec_s0_k1\metal_nut\test\color\012.png,1,1.0
mvtec_metal_nut,D:\STUDY\My_github\sci_project\data\patchcore_closeout\mvtec_s0_k1\metal_nut\test\color\013.png,1,0.6796793341636658
mvtec_metal_nut,D:\STUDY\My_github\sci_project\data\patchcore_closeout\mvtec_s0_k1\metal_nut\test\color\014.png,1,0.941484272480011
mvtec_metal_nut,D:\STUDY\My_github\sci_project\data\patchcore_closeout\mvtec_s0_k1\metal_nut\test\color\015.png,1,0.5214083194732666
mvtec_metal_nut,D:\STUDY\My_github\sci_project\data\patchcore_closeout\mvtec_s0_k1\metal_nut\test\color\016.png,1,0.4479036331176758
mvtec_metal_nut,D:\STUDY\My_github\sci_project\data\patchcore_closeout\mvtec_s0_k1\metal_nut\test\color\017.png,1,0.6433948278427124
mvtec_metal_nut,D:\STUDY\My_github\sci_project\data\patchcore_closeout\mvtec_s0_k1\metal_nut\test\color\018.png,1,0.41704419255256653
mvtec_metal_nut,D:\STUDY\My_github\sci_project\data\patchcore_closeout\mvtec_s0_k1\metal_nut\test\color\019.png,1,0.4409722685813904
mvtec_metal_nut,D:\STUDY\My_github\sci_project\data\patchcore_closeout\mvtec_s0_k1\metal_nut\test\color\020.png,1,0.7028475999832153
mvtec_metal_nut,D:\STUDY\My_github\sci_project\data\patchcore_closeout\mvtec_s0_k1\metal_nut\test\color\021.png,1,0.2972860038280487
mvtec_metal_nut,D:\STUDY\My_github\sci_project\data\patchcore_closeout\mvtec_s0_k1\metal_nut\test\flip\000.png,1,0.8154687285423279
mvtec_metal_nut,D:\STUDY\My_github\sci_project\data\patchcore_closeout\mvtec_s0_k1\metal_nut\test\flip\001.png,1,0.7873093485832214
mvtec_metal_nut,D:\STUDY\My_github\sci_project\data\patchcore_closeout\mvtec_s0_k1\metal_nut\test\flip\002.png,1,0.4896143972873688
mvtec_metal_nut,D:\STUDY\My_github\sci_project\data\patchcore_closeout\mvtec_s0_k1\metal_nut\test\flip\003.png,1,0.6905959844589233
mvtec_metal_nut,D:\STUDY\My_github\sci_project\data\patchcore_closeout\mvtec_s0_k1\metal_nut\test\flip\004.png,1,0.7437740564346313
mvtec_metal_nut,D:\STUDY\My_github\sci_project\data\patchcore_closeout\mvtec_s0_k1\metal_nut\test\flip\005.png,1,0.5640977621078491
mvtec_metal_nut,D:\STUDY\My_github\sci_project\data\patchcore_closeout\mvtec_s0_k1\metal_nut\test\flip\006.png,1,0.6180130839347839
mvtec_metal_nut,D:\STUDY\My_github\sci_project\data\patchcore_closeout\mvtec_s0_k1\metal_nut\test\flip\007.png,1,0.6822575926780701
mvtec_metal_nut,D:\STUDY\My_github\sci_project\data\patchcore_closeout\mvtec_s0_k1\metal_nut\test\flip\008.png,1,0.835349977016449
mvtec_metal_nut,D:\STUDY\My_github\sci_project\data\patchcore_closeout\mvtec_s0_k1\metal_nut\test\flip\009.png,1,0.7409493327140808
mvtec_metal_nut,D:\STUDY\My_github\sci_project\data\patchcore_closeout\mvtec_s0_k1\metal_nut\test\flip\010.png,1,0.8294858932495117
mvtec_metal_nut,D:\STUDY\My_github\sci_project\data\patchcore_closeout\mvtec_s0_k1\metal_nut\test\flip\011.png,1,0.6546075940132141
mvtec_metal_nut,D:\STUDY\My_github\sci_project\data\patchcore_closeout\mvtec_s0_k1\metal_nut\test\flip\012.png,1,0.5375787019729614
mvtec_metal_nut,D:\STUDY\My_github\sci_project\data\patchcore_closeout\mvtec_s0_k1\metal_nut\test\flip\013.png,1,0.6929642558097839
mvtec_metal_nut,D:\STUDY\My_github\sci_project\data\patchcore_closeout\mvtec_s0_k1\metal_nut\test\flip\014.png,1,0.612471342086792
mvtec_metal_nut,D:\STUDY\My_github\sci_project\data\patchcore_closeout\mvtec_s0_k1\metal_nut\test\flip\015.png,1,0.6632578372955322
mvtec_metal_nut,D:\STUDY\My_github\sci_project\data\patchcore_closeout\mvtec_s0_k1\metal_nut\test\flip\016.png,1,0.5561521053314209
mvtec_metal_nut,D:\STUDY\My_github\sci_project\data\patchcore_closeout\mvtec_s0_k1\metal_nut\test\flip\017.png,1,0.5418537259101868
mvtec_metal_nut,D:\STUDY\My_github\sci_project\data\patchcore_closeout\mvtec_s0_k1\metal_nut\test\flip\018.png,1,0.6966654062271118
mvtec_metal_nut,D:\STUDY\My_github\sci_project\data\patchcore_closeout\mvtec_s0_k1\metal_nut\test\flip\019.png,1,0.6406227350234985
mvtec_metal_nut,D:\STUDY\My_github\sci_project\data\patchcore_closeout\mvtec_s0_k1\metal_nut\test\flip\020.png,1,0.7458640933036804
mvtec_metal_nut,D:\STUDY\My_github\sci_project\data\patchcore_closeout\mvtec_s0_k1\metal_nut\test\flip\021.png,1,0.6014681458473206
mvtec_metal_nut,D:\STUDY\My_github\sci_project\data\patchcore_closeout\mvtec_s0_k1\metal_nut\test\flip\022.png,1,0.6418299674987793
mvtec_metal_nut,D:\STUDY\My_github\sci_project\data\patchcore_closeout\mvtec_s0_k1\metal_nut\test\good\000.png,0,0.35877323150634766
mvtec_metal_nut,D:\STUDY\My_github\sci_project\data\patchcore_closeout\mvtec_s0_k1\metal_nut\test\good\001.png,0,0.4913417398929596
mvtec_metal_nut,D:\STUDY\My_github\sci_project\data\patchcore_closeout\mvtec_s0_k1\metal_nut\test\good\002.png,0,0.5078336596488953
mvtec_metal_nut,D:\STUDY\My_github\sci_project\data\patchcore_closeout\mvtec_s0_k1\metal_nut\test\good\003.png,0,0.6976711750030518
mvtec_metal_nut,D:\STUDY\My_github\sci_project\data\patchcore_closeout\mvtec_s0_k1\metal_nut\test\good\004.png,0,0.2845694422721863
mvtec_metal_nut,D:\STUDY\My_github\sci_project\data\patchcore_closeout\mvtec_s0_k1\metal_nut\test\good\005.png,0,0.4490264654159546
mvtec_metal_nut,D:\STUDY\My_github\sci_project\data\patchcore_closeout\mvtec_s0_k1\metal_nut\test\good\006.png,0,0.019495205953717232
mvtec_metal_nut,D:\STUDY\My_github\sci_project\data\patchcore_closeout\mvtec_s0_k1\metal_nut\test\good\007.png,0,0.6699461340904236
mvtec_metal_nut,D:\STUDY\My_github\sci_project\data\patchcore_closeout\mvtec_s0_k1\metal_nut\test\good\008.png,0,0.2479625791311264
mvtec_metal_nut,D:\STUDY\My_github\sci_project\data\patchcore_closeout\mvtec_s0_k1\metal_nut\test\good\009.png,0,0.6704208254814148
mvtec_metal_nut,D:\STUDY\My_github\sci_project\data\patchcore_closeout\mvtec_s0_k1\metal_nut\test\good\010.png,0,0.5067251920700073
mvtec_metal_nut,D:\STUDY\My_github\sci_project\data\patchcore_closeout\mvtec_s0_k1\metal_nut\test\good\011.png,0,0.0
mvtec_metal_nut,D:\STUDY\My_github\sci_project\data\patchcore_closeout\mvtec_s0_k1\metal_nut\test\good\012.png,0,0.5009786486625671
mvtec_metal_nut,D:\STUDY\My_github\sci_project\data\patchcore_closeout\mvtec_s0_k1\metal_nut\test\good\013.png,0,0.5553987622261047
mvtec_metal_nut,D:\STUDY\My_github\sci_project\data\patchcore_closeout\mvtec_s0_k1\metal_nut\test\good\014.png,0,0.05097607523202896
mvtec_metal_nut,D:\STUDY\My_github\sci_project\data\patchcore_closeout\mvtec_s0_k1\metal_nut\test\good\015.png,0,0.6696856617927551
mvtec_metal_nut,D:\STUDY\My_github\sci_project\data\patchcore_closeout\mvtec_s0_k1\metal_nut\test\good\016.png,0,0.052221089601516724
mvtec_metal_nut,D:\STUDY\My_github\sci_project\data\patchcore_closeout\mvtec_s0_k1\metal_nut\test\good\017.png,0,0.2247934192419052
mvtec_metal_nut,D:\STUDY\My_github\sci_project\data\patchcore_closeout\mvtec_s0_k1\metal_nut\test\good\018.png,0,0.06821498274803162
mvtec_metal_nut,D:\STUDY\My_github\sci_project\data\patchcore_closeout\mvtec_s0_k1\metal_nut\test\good\019.png,0,0.026501230895519257
mvtec_metal_nut,D:\STUDY\My_github\sci_project\data\patchcore_closeout\mvtec_s0_k1\metal_nut\test\good\020.png,0,0.06428565084934235
mvtec_metal_nut,D:\STUDY\My_github\sci_project\data\patchcore_closeout\mvtec_s0_k1\metal_nut\test\good\021.png,0,0.2828874886035919
mvtec_metal_nut,D:\STUDY\My_github\sci_project\data\patchcore_closeout\mvtec_s0_k1\metal_nut\test\scratch\000.png,1,0.1926138997077942
mvtec_metal_nut,D:\STUDY\My_github\sci_project\data\patchcore_closeout\mvtec_s0_k1\metal_nut\test\scratch\001.png,1,0.25080469250679016
mvtec_metal_nut,D:\STUDY\My_github\sci_project\data\patchcore_closeout\mvtec_s0_k1\metal_nut\test\scratch\002.png,1,0.727898120880127
mvtec_metal_nut,D:\STUDY\My_github\sci_project\data\patchcore_closeout\mvtec_s0_k1\metal_nut\test\scratch\003.png,1,0.5730211138725281
mvtec_metal_nut,D:\STUDY\My_github\sci_project\data\patchcore_closeout\mvtec_s0_k1\metal_nut\test\scratch\004.png,1,0.3949529230594635
mvtec_metal_nut,D:\STUDY\My_github\sci_project\data\patchcore_closeout\mvtec_s0_k1\metal_nut\test\scratch\005.png,1,0.6155573725700378
mvtec_metal_nut,D:\STUDY\My_github\sci_project\data\patchcore_closeout\mvtec_s0_k1\metal_nut\test\scratch\006.png,1,0.17456308007240295
mvtec_metal_nut,D:\STUDY\My_github\sci_project\data\patchcore_closeout\mvtec_s0_k1\metal_nut\test\scratch\007.png,1,0.517521858215332
mvtec_metal_nut,D:\STUDY\My_github\sci_project\data\patchcore_closeout\mvtec_s0_k1\metal_nut\test\scratch\008.png,1,0.5830669403076172
mvtec_metal_nut,D:\STUDY\My_github\sci_project\data\patchcore_closeout\mvtec_s0_k1\metal_nut\test\scratch\009.png,1,0.5017977356910706
mvtec_metal_nut,D:\STUDY\My_github\sci_project\data\patchcore_closeout\mvtec_s0_k1\metal_nut\test\scratch\010.png,1,0.32656484842300415
mvtec_metal_nut,D:\STUDY\My_github\sci_project\data\patchcore_closeout\mvtec_s0_k1\metal_nut\test\scratch\011.png,1,0.5622265934944153
mvtec_metal_nut,D:\STUDY\My_github\sci_project\data\patchcore_closeout\mvtec_s0_k1\metal_nut\test\scratch\012.png,1,0.3298095464706421
mvtec_metal_nut,D:\STUDY\My_github\sci_project\data\patchcore_closeout\mvtec_s0_k1\metal_nut\test\scratch\013.png,1,0.4810269773006439
mvtec_metal_nut,D:\STUDY\My_github\sci_project\data\patchcore_closeout\mvtec_s0_k1\metal_nut\test\scratch\014.png,1,0.14227156341075897
mvtec_metal_nut,D:\STUDY\My_github\sci_project\data\patchcore_closeout\mvtec_s0_k1\metal_nut\test\scratch\015.png,1,0.5279697775840759
mvtec_metal_nut,D:\STUDY\My_github\sci_project\data\patchcore_closeout\mvtec_s0_k1\metal_nut\test\scratch\016.png,1,0.6643017530441284
mvtec_metal_nut,D:\STUDY\My_github\sci_project\data\patchcore_closeout\mvtec_s0_k1\metal_nut\test\scratch\017.png,1,0.17621532082557678
mvtec_metal_nut,D:\STUDY\My_github\sci_project\data\patchcore_closeout\mvtec_s0_k1\metal_nut\test\scratch\018.png,1,0.2997106909751892
mvtec_metal_nut,D:\STUDY\My_github\sci_project\data\patchcore_closeout\mvtec_s0_k1\metal_nut\test\scratch\019.png,1,0.4414859712123871
mvtec_metal_nut,D:\STUDY\My_github\sci_project\data\patchcore_closeout\mvtec_s0_k1\metal_nut\test\scratch\020.png,1,0.5441694259643555
mvtec_metal_nut,D:\STUDY\My_github\sci_project\data\patchcore_closeout\mvtec_s0_k1\metal_nut\test\scratch\021.png,1,0.6526028513908386
mvtec_metal_nut,D:\STUDY\My_github\sci_project\data\patchcore_closeout\mvtec_s0_k1\metal_nut\test\scratch\022.png,1,0.7133664488792419
mvtec_pill,D:\STUDY\My_github\sci_project\data\patchcore_closeout\mvtec_s0_k1\pill\test\color\000.png,1,0.09631535410881042
mvtec_pill,D:\STUDY\My_github\sci_project\data\patchcore_closeout\mvtec_s0_k1\pill\test\color\001.png,1,0.3789234161376953
mvtec_pill,D:\STUDY\My_github\sci_project\data\patchcore_closeout\mvtec_s0_k1\pill\test\color\002.png,1,0.2281855344772339
mvtec_pill,D:\STUDY\My_github\sci_project\data\patchcore_closeout\mvtec_s0_k1\pill\test\color\003.png,1,0.19272100925445557
mvtec_pill,D:\STUDY\My_github\sci_project\data\patchcore_closeout\mvtec_s0_k1\pill\test\color\004.png,1,0.558856725692749
mvtec_pill,D:\STUDY\My_github\sci_project\data\patchcore_closeout\mvtec_s0_k1\pill\test\color\005.png,1,0.35401201248168945
mvtec_pill,D:\STUDY\My_github\sci_project\data\patchcore_closeout\mvtec_s0_k1\pill\test\color\006.png,1,0.7655675411224365
mvtec_pill,D:\STUDY\My_github\sci_project\data\patchcore_closeout\mvtec_s0_k1\pill\test\color\007.png,1,0.1213650330901146
mvtec_pill,D:\STUDY\My_github\sci_project\data\patchcore_closeout\mvtec_s0_k1\pill\test\color\008.png,1,0.38781362771987915
mvtec_pill,D:\STUDY\My_github\sci_project\data\patchcore_closeout\mvtec_s0_k1\pill\test\color\009.png,1,0.1198778823018074
mvtec_pill,D:\STUDY\My_github\sci_project\data\patchcore_closeout\mvtec_s0_k1\pill\test\color\010.png,1,0.17949753999710083
mvtec_pill,D:\STUDY\My_github\sci_project\data\patchcore_closeout\mvtec_s0_k1\pill\test\color\011.png,1,0.57688307762146
mvtec_pill,D:\STUDY\My_github\sci_project\data\patchcore_closeout\mvtec_s0_k1\pill\test\color\012.png,1,0.5583451390266418
mvtec_pill,D:\STUDY\My_github\sci_project\data\patchcore_closeout\mvtec_s0_k1\pill\test\color\013.png,1,0.5538281202316284
mvtec_pill,D:\STUDY\My_github\sci_project\data\patchcore_closeout\mvtec_s0_k1\pill\test\color\014.png,1,0.48844286799430847
mvtec_pill,D:\STUDY\My_github\sci_project\data\patchcore_closeout\mvtec_s0_k1\pill\test\color\015.png,1,0.09357406944036484
mvtec_pill,D:\STUDY\My_github\sci_project\data\patchcore_closeout\mvtec_s0_k1\pill\test\color\016.png,1,0.7124096751213074
mvtec_pill,D:\STUDY\My_github\sci_project\data\patchcore_closeout\mvtec_s0_k1\pill\test\color\017.png,1,0.1999906450510025
mvtec_pill,D:\STUDY\My_github\sci_project\data\patchcore_closeout\mvtec_s0_k1\pill\test\color\018.png,1,0.31860795617103577
mvtec_pill,D:\STUDY\My_github\sci_project\data\patchcore_closeout\mvtec_s0_k1\pill\test\color\019.png,1,0.5118199586868286
mvtec_pill,D:\STUDY\My_github\sci_project\data\patchcore_closeout\mvtec_s0_k1\pill\test\color\020.png,1,0.42209818959236145
mvtec_pill,D:\STUDY\My_github\sci_project\data\patchcore_closeout\mvtec_s0_k1\pill\test\color\021.png,1,0.7455304265022278
mvtec_pill,D:\STUDY\My_github\sci_project\data\patchcore_closeout\mvtec_s0_k1\pill\test\color\022.png,1,0.658257246017456
mvtec_pill,D:\STUDY\My_github\sci_project\data\patchcore_closeout\mvtec_s0_k1\pill\test\color\023.png,1,0.2383250594139099
mvtec_pill,D:\STUDY\My_github\sci_project\data\patchcore_closeout\mvtec_s0_k1\pill\test\color\024.png,1,0.24156582355499268
mvtec_pill,D:\STUDY\My_github\sci_project\data\patchcore_closeout\mvtec_s0_k1\pill\test\combined\000.png,1,0.3605947196483612
mvtec_pill,D:\STUDY\My_github\sci_project\data\patchcore_closeout\mvtec_s0_k1\pill\test\combined\001.png,1,0.2758330702781677
mvtec_pill,D:\STUDY\My_github\sci_project\data\patchcore_closeout\mvtec_s0_k1\pill\test\combined\002.png,1,0.6920048594474792
mvtec_pill,D:\STUDY\My_github\sci_project\data\patchcore_closeout\mvtec_s0_k1\pill\test\combined\003.png,1,0.5076330304145813
mvtec_pill,D:\STUDY\My_github\sci_project\data\patchcore_closeout\mvtec_s0_k1\pill\test\combined\004.png,1,0.6943353414535522
mvtec_pill,D:\STUDY\My_github\sci_project\data\patchcore_closeout\mvtec_s0_k1\pill\test\combined\005.png,1,0.36693230271339417
mvtec_pill,D:\STUDY\My_github\sci_project\data\patchcore_closeout\mvtec_s0_k1\pill\test\combined\006.png,1,0.16862231492996216
mvtec_pill,D:\STUDY\My_github\sci_project\data\patchcore_closeout\mvtec_s0_k1\pill\test\combined\007.png,1,0.17107334733009338
mvtec_pill,D:\STUDY\My_github\sci_project\data\patchcore_closeout\mvtec_s0_k1\pill\test\combined\008.png,1,0.2725794017314911
mvtec_pill,D:\STUDY\My_github\sci_project\data\patchcore_closeout\mvtec_s0_k1\pill\test\combined\009.png,1,0.524062991142273
mvtec_pill,D:\STUDY\My_github\sci_project\data\patchcore_closeout\mvtec_s0_k1\pill\test\combined\010.png,1,0.6978248357772827
mvtec_pill,D:\STUDY\My_github\sci_project\data\patchcore_closeout\mvtec_s0_k1\pill\test\combined\011.png,1,0.3759954869747162
mvtec_pill,D:\STUDY\My_github\sci_project\data\patchcore_closeout\mvtec_s0_k1\pill\test\combined\012.png,1,0.41675955057144165
mvtec_pill,D:\STUDY\My_github\sci_project\data\patchcore_closeout\mvtec_s0_k1\pill\test\combined\013.png,1,0.47023671865463257
mvtec_pill,D:\STUDY\My_github\sci_project\data\patchcore_closeout\mvtec_s0_k1\pill\test\combined\014.png,1,0.6376137733459473
mvtec_pill,D:\STUDY\My_github\sci_project\data\patchcore_closeout\mvtec_s0_k1\pill\test\combined\015.png,1,0.2946370542049408
mvtec_pill,D:\STUDY\My_github\sci_project\data\patchcore_closeout\mvtec_s0_k1\pill\test\combined\016.png,1,0.39767903089523315
mvtec_pill,D:\STUDY\My_github\sci_project\data\patchcore_closeout\mvtec_s0_k1\pill\test\contamination\000.png,1,0.12625782191753387
mvtec_pill,D:\STUDY\My_github\sci_project\data\patchcore_closeout\mvtec_s0_k1\pill\test\contamination\001.png,1,0.17196950316429138
mvtec_pill,D:\STUDY\My_github\sci_project\data\patchcore_closeout\mvtec_s0_k1\pill\test\contamination\002.png,1,0.36251965165138245
mvtec_pill,D:\STUDY\My_github\sci_project\data\patchcore_closeout\mvtec_s0_k1\pill\test\contamination\003.png,1,1.0
mvtec_pill,D:\STUDY\My_github\sci_project\data\patchcore_closeout\mvtec_s0_k1\pill\test\contamination\004.png,1,0.16328608989715576
mvtec_pill,D:\STUDY\My_github\sci_project\data\patchcore_closeout\mvtec_s0_k1\pill\test\contamination\005.png,1,0.24350528419017792
mvtec_pill,D:\STUDY\My_github\sci_project\data\patchcore_closeout\mvtec_s0_k1\pill\test\contamination\006.png,1,0.25446435809135437
mvtec_pill,D:\STUDY\My_github\sci_project\data\patchcore_closeout\mvtec_s0_k1\pill\test\contamination\007.png,1,0.4187195599079132
mvtec_pill,D:\STUDY\My_github\sci_project\data\patchcore_closeout\mvtec_s0_k1\pill\test\contamination\008.png,1,0.12190522253513336
mvtec_pill,D:\STUDY\My_github\sci_project\data\patchcore_closeout\mvtec_s0_k1\pill\test\contamination\009.png,1,0.1052059754729271
mvtec_pill,D:\STUDY\My_github\sci_project\data\patchcore_closeout\mvtec_s0_k1\pill\test\contamination\010.png,1,0.17707836627960205
mvtec_pill,D:\STUDY\My_github\sci_project\data\patchcore_closeout\mvtec_s0_k1\pill\test\contamination\011.png,1,0.32396191358566284
mvtec_pill,D:\STUDY\My_github\sci_project\data\patchcore_closeout\mvtec_s0_k1\pill\test\contamination\012.png,1,0.2142973244190216
mvtec_pill,D:\STUDY\My_github\sci_project\data\patchcore_closeout\mvtec_s0_k1\pill\test\contamination\013.png,1,0.31838542222976685
mvtec_pill,D:\STUDY\My_github\sci_project\data\patchcore_closeout\mvtec_s0_k1\pill\test\contamination\014.png,1,0.3159904181957245
mvtec_pill,D:\STUDY\My_github\sci_project\data\patchcore_closeout\mvtec_s0_k1\pill\test\contamination\015.png,1,0.4873322546482086
mvtec_pill,D:\STUDY\My_github\sci_project\data\patchcore_closeout\mvtec_s0_k1\pill\test\contamination\016.png,1,0.4846183955669403
mvtec_pill,D:\STUDY\My_github\sci_project\data\patchcore_closeout\mvtec_s0_k1\pill\test\contamination\017.png,1,0.2503403425216675
mvtec_pill,D:\STUDY\My_github\sci_project\data\patchcore_closeout\mvtec_s0_k1\pill\test\contamination\018.png,1,0.3369846045970917
mvtec_pill,D:\STUDY\My_github\sci_project\data\patchcore_closeout\mvtec_s0_k1\pill\test\contamination\019.png,1,0.16552628576755524
mvtec_pill,D:\STUDY\My_github\sci_project\data\patchcore_closeout\mvtec_s0_k1\pill\test\contamination\020.png,1,0.18088996410369873
mvtec_pill,D:\STUDY\My_github\sci_project\data\patchcore_closeout\mvtec_s0_k1\pill\test\crack\000.png,1,0.2735884189605713
mvtec_pill,D:\STUDY\My_github\sci_project\data\patchcore_closeout\mvtec_s0_k1\pill\test\crack\001.png,1,0.22978676855564117
mvtec_pill,D:\STUDY\My_github\sci_project\data\patchcore_closeout\mvtec_s0_k1\pill\test\crack\002.png,1,0.28463661670684814
mvtec_pill,D:\STUDY\My_github\sci_project\data\patchcore_closeout\mvtec_s0_k1\pill\test\crack\003.png,1,0.1943778693675995
mvtec_pill,D:\STUDY\My_github\sci_project\data\patchcore_closeout\mvtec_s0_k1\pill\test\crack\004.png,1,0.1682635247707367
mvtec_pill,D:\STUDY\My_github\sci_project\data\patchcore_closeout\mvtec_s0_k1\pill\test\crack\005.png,1,0.2885437309741974
mvtec_pill,D:\STUDY\My_github\sci_project\data\patchcore_closeout\mvtec_s0_k1\pill\test\crack\006.png,1,0.2889355719089508
mvtec_pill,D:\STUDY\My_github\sci_project\data\patchcore_closeout\mvtec_s0_k1\pill\test\crack\007.png,1,0.3267495632171631
mvtec_pill,D:\STUDY\My_github\sci_project\data\patchcore_closeout\mvtec_s0_k1\pill\test\crack\008.png,1,0.0791432335972786
mvtec_pill,D:\STUDY\My_github\sci_project\data\patchcore_closeout\mvtec_s0_k1\pill\test\crack\009.png,1,0.2176404744386673
mvtec_pill,D:\STUDY\My_github\sci_project\data\patchcore_closeout\mvtec_s0_k1\pill\test\crack\010.png,1,0.09496204555034637
mvtec_pill,D:\STUDY\My_github\sci_project\data\patchcore_closeout\mvtec_s0_k1\pill\test\crack\011.png,1,0.32298755645751953
mvtec_pill,D:\STUDY\My_github\sci_project\data\patchcore_closeout\mvtec_s0_k1\pill\test\crack\012.png,1,0.45228657126426697
mvtec_pill,D:\STUDY\My_github\sci_project\data\patchcore_closeout\mvtec_s0_k1\pill\test\crack\013.png,1,0.09194542467594147
mvtec_pill,D:\STUDY\My_github\sci_project\data\patchcore_closeout\mvtec_s0_k1\pill\test\crack\014.png,1,0.15461033582687378
mvtec_pill,D:\STUDY\My_github\sci_project\data\patchcore_closeout\mvtec_s0_k1\pill\test\crack\015.png,1,0.21781906485557556
mvtec_pill,D:\STUDY\My_github\sci_project\data\patchcore_closeout\mvtec_s0_k1\pill\test\crack\016.png,1,0.20986531674861908
mvtec_pill,D:\STUDY\My_github\sci_project\data\patchcore_closeout\mvtec_s0_k1\pill\test\crack\017.png,1,0.2600940763950348
mvtec_pill,D:\STUDY\My_github\sci_project\data\patchcore_closeout\mvtec_s0_k1\pill\test\crack\018.png,1,0.22914257645606995
mvtec_pill,D:\STUDY\My_github\sci_project\data\patchcore_closeout\mvtec_s0_k1\pill\test\crack\019.png,1,0.19694137573242188
mvtec_pill,D:\STUDY\My_github\sci_project\data\patchcore_closeout\mvtec_s0_k1\pill\test\crack\020.png,1,0.3015978932380676
mvtec_pill,D:\STUDY\My_github\sci_project\data\patchcore_closeout\mvtec_s0_k1\pill\test\crack\021.png,1,0.2449670284986496
mvtec_pill,D:\STUDY\My_github\sci_project\data\patchcore_closeout\mvtec_s0_k1\pill\test\crack\022.png,1,0.19734692573547363
mvtec_pill,D:\STUDY\My_github\sci_project\data\patchcore_closeout\mvtec_s0_k1\pill\test\crack\023.png,1,0.31721433997154236
mvtec_pill,D:\STUDY\My_github\sci_project\data\patchcore_closeout\mvtec_s0_k1\pill\test\crack\024.png,1,0.10163545608520508
mvtec_pill,D:\STUDY\My_github\sci_project\data\patchcore_closeout\mvtec_s0_k1\pill\test\crack\025.png,1,0.25944945216178894
mvtec_pill,D:\STUDY\My_github\sci_project\data\patchcore_closeout\mvtec_s0_k1\pill\test\faulty_imprint\000.png,1,0.1699228137731552
mvtec_pill,D:\STUDY\My_github\sci_project\data\patchcore_closeout\mvtec_s0_k1\pill\test\faulty_imprint\001.png,1,0.12135132402181625
mvtec_pill,D:\STUDY\My_github\sci_project\data\patchcore_closeout\mvtec_s0_k1\pill\test\faulty_imprint\002.png,1,0.15033070743083954
mvtec_pill,D:\STUDY\My_github\sci_project\data\patchcore_closeout\mvtec_s0_k1\pill\test\faulty_imprint\003.png,1,0.20938679575920105
mvtec_pill,D:\STUDY\My_github\sci_project\data\patchcore_closeout\mvtec_s0_k1\pill\test\faulty_imprint\004.png,1,0.1903163343667984
mvtec_pill,D:\STUDY\My_github\sci_project\data\patchcore_closeout\mvtec_s0_k1\pill\test\faulty_imprint\005.png,1,0.06766895204782486
mvtec_pill,D:\STUDY\My_github\sci_project\data\patchcore_closeout\mvtec_s0_k1\pill\test\faulty_imprint\006.png,1,0.2108481377363205
mvtec_pill,D:\STUDY\My_github\sci_project\data\patchcore_closeout\mvtec_s0_k1\pill\test\faulty_imprint\007.png,1,0.2972029745578766
mvtec_pill,D:\STUDY\My_github\sci_project\data\patchcore_closeout\mvtec_s0_k1\pill\test\faulty_imprint\008.png,1,0.20417755842208862
mvtec_pill,D:\STUDY\My_github\sci_project\data\patchcore_closeout\mvtec_s0_k1\pill\test\faulty_imprint\009.png,1,0.03943374752998352
mvtec_pill,D:\STUDY\My_github\sci_project\data\patchcore_closeout\mvtec_s0_k1\pill\test\faulty_imprint\010.png,1,0.1974198818206787
mvtec_pill,D:\STUDY\My_github\sci_project\data\patchcore_closeout\mvtec_s0_k1\pill\test\faulty_imprint\011.png,1,0.22154317796230316
mvtec_pill,D:\STUDY\My_github\sci_project\data\patchcore_closeout\mvtec_s0_k1\pill\test\faulty_imprint\012.png,1,0.24416479468345642
mvtec_pill,D:\STUDY\My_github\sci_project\data\patchcore_closeout\mvtec_s0_k1\pill\test\faulty_imprint\013.png,1,0.1653480976819992
mvtec_pill,D:\STUDY\My_github\sci_project\data\patchcore_closeout\mvtec_s0_k1\pill\test\faulty_imprint\014.png,1,0.17008405923843384
mvtec_pill,D:\STUDY\My_github\sci_project\data\patchcore_closeout\mvtec_s0_k1\pill\test\faulty_imprint\015.png,1,0.10905545949935913
mvtec_pill,D:\STUDY\My_github\sci_project\data\patchcore_closeout\mvtec_s0_k1\pill\test\faulty_imprint\016.png,1,0.12120619416236877
mvtec_pill,D:\STUDY\My_github\sci_project\data\patchcore_closeout\mvtec_s0_k1\pill\test\faulty_imprint\017.png,1,0.24959132075309753
mvtec_pill,D:\STUDY\My_github\sci_project\data\patchcore_closeout\mvtec_s0_k1\pill\test\faulty_imprint\018.png,1,0.15568427741527557
mvtec_pill,D:\STUDY\My_github\sci_project\data\patchcore_closeout\mvtec_s0_k1\pill\test\good\000.png,0,0.07649709284305573
mvtec_pill,D:\STUDY\My_github\sci_project\data\patchcore_closeout\mvtec_s0_k1\pill\test\good\001.png,0,0.03630223497748375
mvtec_pill,D:\STUDY\My_github\sci_project\data\patchcore_closeout\mvtec_s0_k1\pill\test\good\002.png,0,0.22248408198356628
mvtec_pill,D:\STUDY\My_github\sci_project\data\patchcore_closeout\mvtec_s0_k1\pill\test\good\003.png,0,0.3490777015686035
mvtec_pill,D:\STUDY\My_github\sci_project\data\patchcore_closeout\mvtec_s0_k1\pill\test\good\004.png,0,0.0
mvtec_pill,D:\STUDY\My_github\sci_project\data\patchcore_closeout\mvtec_s0_k1\pill\test\good\005.png,0,0.19636207818984985
mvtec_pill,D:\STUDY\My_github\sci_project\data\patchcore_closeout\mvtec_s0_k1\pill\test\good\006.png,0,0.17268747091293335
mvtec_pill,D:\STUDY\My_github\sci_project\data\patchcore_closeout\mvtec_s0_k1\pill\test\good\007.png,0,0.03271801024675369
mvtec_pill,D:\STUDY\My_github\sci_project\data\patchcore_closeout\mvtec_s0_k1\pill\test\good\008.png,0,0.08335191011428833
mvtec_pill,D:\STUDY\My_github\sci_project\data\patchcore_closeout\mvtec_s0_k1\pill\test\good\009.png,0,0.06933630257844925
mvtec_pill,D:\STUDY\My_github\sci_project\data\patchcore_closeout\mvtec_s0_k1\pill\test\good\010.png,0,0.05060326308012009
mvtec_pill,D:\STUDY\My_github\sci_project\data\patchcore_closeout\mvtec_s0_k1\pill\test\good\011.png,0,0.2818284034729004
mvtec_pill,D:\STUDY\My_github\sci_project\data\patchcore_closeout\mvtec_s0_k1\pill\test\good\012.png,0,0.05714363977313042
mvtec_pill,D:\STUDY\My_github\sci_project\data\patchcore_closeout\mvtec_s0_k1\pill\test\good\013.png,0,0.09098073840141296
mvtec_pill,D:\STUDY\My_github\sci_project\data\patchcore_closeout\mvtec_s0_k1\pill\test\good\014.png,0,0.1194465383887291
mvtec_pill,D:\STUDY\My_github\sci_project\data\patchcore_closeout\mvtec_s0_k1\pill\test\good\015.png,0,0.14709438383579254
mvtec_pill,D:\STUDY\My_github\sci_project\data\patchcore_closeout\mvtec_s0_k1\pill\test\good\016.png,0,0.30022886395454407
mvtec_pill,D:\STUDY\My_github\sci_project\data\patchcore_closeout\mvtec_s0_k1\pill\test\good\017.png,0,0.10787630826234818
mvtec_pill,D:\STUDY\My_github\sci_project\data\patchcore_closeout\mvtec_s0_k1\pill\test\good\018.png,0,0.03707423061132431
mvtec_pill,D:\STUDY\My_github\sci_project\data\patchcore_closeout\mvtec_s0_k1\pill\test\good\019.png,0,0.10223894566297531
mvtec_pill,D:\STUDY\My_github\sci_project\data\patchcore_closeout\mvtec_s0_k1\pill\test\good\020.png,0,0.2696974277496338
mvtec_pill,D:\STUDY\My_github\sci_project\data\patchcore_closeout\mvtec_s0_k1\pill\test\good\021.png,0,0.12528666853904724
mvtec_pill,D:\STUDY\My_github\sci_project\data\patchcore_closeout\mvtec_s0_k1\pill\test\good\022.png,0,0.0640101507306099
mvtec_pill,D:\STUDY\My_github\sci_project\data\patchcore_closeout\mvtec_s0_k1\pill\test\good\023.png,0,0.14789822697639465
mvtec_pill,D:\STUDY\My_github\sci_project\data\patchcore_closeout\mvtec_s0_k1\pill\test\good\024.png,0,0.2026803344488144
mvtec_pill,D:\STUDY\My_github\sci_project\data\patchcore_closeout\mvtec_s0_k1\pill\test\good\025.png,0,0.19243358075618744
mvtec_pill,D:\STUDY\My_github\sci_project\data\patchcore_closeout\mvtec_s0_k1\pill\test\pill_type\000.png,1,0.6218546032905579
mvtec_pill,D:\STUDY\My_github\sci_project\data\patchcore_closeout\mvtec_s0_k1\pill\test\pill_type\001.png,1,0.5339272022247314
mvtec_pill,D:\STUDY\My_github\sci_project\data\patchcore_closeout\mvtec_s0_k1\pill\test\pill_type\002.png,1,0.602549135684967
mvtec_pill,D:\STUDY\My_github\sci_project\data\patchcore_closeout\mvtec_s0_k1\pill\test\pill_type\003.png,1,0.5172053575515747
mvtec_pill,D:\STUDY\My_github\sci_project\data\patchcore_closeout\mvtec_s0_k1\pill\test\pill_type\004.png,1,0.5703878402709961
mvtec_pill,D:\STUDY\My_github\sci_project\data\patchcore_closeout\mvtec_s0_k1\pill\test\pill_type\005.png,1,0.5720318555831909
mvtec_pill,D:\STUDY\My_github\sci_project\data\patchcore_closeout\mvtec_s0_k1\pill\test\pill_type\006.png,1,0.620333194732666
mvtec_pill,D:\STUDY\My_github\sci_project\data\patchcore_closeout\mvtec_s0_k1\pill\test\pill_type\007.png,1,0.6364318132400513
mvtec_pill,D:\STUDY\My_github\sci_project\data\patchcore_closeout\mvtec_s0_k1\pill\test\pill_type\008.png,1,0.5720193386077881
mvtec_pill,D:\STUDY\My_github\sci_project\data\patchcore_closeout\mvtec_s0_k1\pill\test\scratch\000.png,1,0.26243987679481506
mvtec_pill,D:\STUDY\My_github\sci_project\data\patchcore_closeout\mvtec_s0_k1\pill\test\scratch\001.png,1,0.10363054275512695
mvtec_pill,D:\STUDY\My_github\sci_project\data\patchcore_closeout\mvtec_s0_k1\pill\test\scratch\002.png,1,0.32315322756767273
mvtec_pill,D:\STUDY\My_github\sci_project\data\patchcore_closeout\mvtec_s0_k1\pill\test\scratch\003.png,1,0.1557217687368393
mvtec_pill,D:\STUDY\My_github\sci_project\data\patchcore_closeout\mvtec_s0_k1\pill\test\scratch\004.png,1,0.05408630520105362
mvtec_pill,D:\STUDY\My_github\sci_project\data\patchcore_closeout\mvtec_s0_k1\pill\test\scratch\005.png,1,0.10760742425918579
mvtec_pill,D:\STUDY\My_github\sci_project\data\patchcore_closeout\mvtec_s0_k1\pill\test\scratch\006.png,1,0.2553451955318451
mvtec_pill,D:\STUDY\My_github\sci_project\data\patchcore_closeout\mvtec_s0_k1\pill\test\scratch\007.png,1,0.21843020617961884
mvtec_pill,D:\STUDY\My_github\sci_project\data\patchcore_closeout\mvtec_s0_k1\pill\test\scratch\008.png,1,0.22879910469055176
mvtec_pill,D:\STUDY\My_github\sci_project\data\patchcore_closeout\mvtec_s0_k1\pill\test\scratch\009.png,1,0.2447674721479416
mvtec_pill,D:\STUDY\My_github\sci_project\data\patchcore_closeout\mvtec_s0_k1\pill\test\scratch\010.png,1,0.35547658801078796
mvtec_pill,D:\STUDY\My_github\sci_project\data\patchcore_closeout\mvtec_s0_k1\pill\test\scratch\011.png,1,0.2226739525794983
mvtec_pill,D:\STUDY\My_github\sci_project\data\patchcore_closeout\mvtec_s0_k1\pill\test\scratch\012.png,1,0.1491588056087494
mvtec_pill,D:\STUDY\My_github\sci_project\data\patchcore_closeout\mvtec_s0_k1\pill\test\scratch\013.png,1,0.2152208834886551
mvtec_pill,D:\STUDY\My_github\sci_project\data\patchcore_closeout\mvtec_s0_k1\pill\test\scratch\014.png,1,0.14494448900222778
mvtec_pill,D:\STUDY\My_github\sci_project\data\patchcore_closeout\mvtec_s0_k1\pill\test\scratch\015.png,1,0.2781756520271301
mvtec_pill,D:\STUDY\My_github\sci_project\data\patchcore_closeout\mvtec_s0_k1\pill\test\scratch\016.png,1,0.21486613154411316
mvtec_pill,D:\STUDY\My_github\sci_project\data\patchcore_closeout\mvtec_s0_k1\pill\test\scratch\017.png,1,0.1571863293647766
mvtec_pill,D:\STUDY\My_github\sci_project\data\patchcore_closeout\mvtec_s0_k1\pill\test\scratch\018.png,1,0.2930394411087036
mvtec_pill,D:\STUDY\My_github\sci_project\data\patchcore_closeout\mvtec_s0_k1\pill\test\scratch\019.png,1,0.2893560528755188
mvtec_pill,D:\STUDY\My_github\sci_project\data\patchcore_closeout\mvtec_s0_k1\pill\test\scratch\020.png,1,0.2580901086330414
mvtec_pill,D:\STUDY\My_github\sci_project\data\patchcore_closeout\mvtec_s0_k1\pill\test\scratch\021.png,1,0.466337651014328
mvtec_pill,D:\STUDY\My_github\sci_project\data\patchcore_closeout\mvtec_s0_k1\pill\test\scratch\022.png,1,0.1647990345954895
mvtec_pill,D:\STUDY\My_github\sci_project\data\patchcore_closeout\mvtec_s0_k1\pill\test\scratch\023.png,1,0.08704055100679398
mvtec_screw,D:\STUDY\My_github\sci_project\data\patchcore_closeout\mvtec_s0_k1\screw\test\good\000.png,0,0.725998044013977
mvtec_screw,D:\STUDY\My_github\sci_project\data\patchcore_closeout\mvtec_s0_k1\screw\test\good\001.png,0,0.9332233667373657
mvtec_screw,D:\STUDY\My_github\sci_project\data\patchcore_closeout\mvtec_s0_k1\screw\test\good\002.png,0,0.9856017827987671
mvtec_screw,D:\STUDY\My_github\sci_project\data\patchcore_closeout\mvtec_s0_k1\screw\test\good\003.png,0,0.002809583442285657
mvtec_screw,D:\STUDY\My_github\sci_project\data\patchcore_closeout\mvtec_s0_k1\screw\test\good\004.png,0,0.8113423585891724
mvtec_screw,D:\STUDY\My_github\sci_project\data\patchcore_closeout\mvtec_s0_k1\screw\test\good\005.png,0,0.6893225312232971
mvtec_screw,D:\STUDY\My_github\sci_project\data\patchcore_closeout\mvtec_s0_k1\screw\test\good\006.png,0,0.9237488508224487
mvtec_screw,D:\STUDY\My_github\sci_project\data\patchcore_closeout\mvtec_s0_k1\screw\test\good\007.png,0,0.6520013213157654
mvtec_screw,D:\STUDY\My_github\sci_project\data\patchcore_closeout\mvtec_s0_k1\screw\test\good\008.png,0,0.7423931956291199
mvtec_screw,D:\STUDY\My_github\sci_project\data\patchcore_closeout\mvtec_s0_k1\screw\test\good\009.png,0,0.7471005916595459
mvtec_screw,D:\STUDY\My_github\sci_project\data\patchcore_closeout\mvtec_s0_k1\screw\test\good\010.png,0,0.9277464747428894
mvtec_screw,D:\STUDY\My_github\sci_project\data\patchcore_closeout\mvtec_s0_k1\screw\test\good\011.png,0,0.9373275637626648
mvtec_screw,D:\STUDY\My_github\sci_project\data\patchcore_closeout\mvtec_s0_k1\screw\test\good\012.png,0,0.045808788388967514
mvtec_screw,D:\STUDY\My_github\sci_project\data\patchcore_closeout\mvtec_s0_k1\screw\test\good\013.png,0,0.0
mvtec_screw,D:\STUDY\My_github\sci_project\data\patchcore_closeout\mvtec_s0_k1\screw\test\good\014.png,0,0.8391051292419434
mvtec_screw,D:\STUDY\My_github\sci_project\data\patchcore_closeout\mvtec_s0_k1\screw\test\good\015.png,0,0.631214439868927
mvtec_screw,D:\STUDY\My_github\sci_project\data\patchcore_closeout\mvtec_s0_k1\screw\test\good\016.png,0,0.7615231275558472
mvtec_screw,D:\STUDY\My_github\sci_project\data\patchcore_closeout\mvtec_s0_k1\screw\test\good\017.png,0,0.8082932829856873
mvtec_screw,D:\STUDY\My_github\sci_project\data\patchcore_closeout\mvtec_s0_k1\screw\test\good\018.png,0,0.8982085585594177
mvtec_screw,D:\STUDY\My_github\sci_project\data\patchcore_closeout\mvtec_s0_k1\screw\test\good\019.png,0,0.76233971118927
mvtec_screw,D:\STUDY\My_github\sci_project\data\patchcore_closeout\mvtec_s0_k1\screw\test\good\020.png,0,0.8787243366241455
mvtec_screw,D:\STUDY\My_github\sci_project\data\patchcore_closeout\mvtec_s0_k1\screw\test\good\021.png,0,0.36873242259025574
mvtec_screw,D:\STUDY\My_github\sci_project\data\patchcore_closeout\mvtec_s0_k1\screw\test\good\022.png,0,0.8248583078384399
mvtec_screw,D:\STUDY\My_github\sci_project\data\patchcore_closeout\mvtec_s0_k1\screw\test\good\023.png,0,0.7987845540046692
mvtec_screw,D:\STUDY\My_github\sci_project\data\patchcore_closeout\mvtec_s0_k1\screw\test\good\024.png,0,0.9589207172393799
mvtec_screw,D:\STUDY\My_github\sci_project\data\patchcore_closeout\mvtec_s0_k1\screw\test\good\025.png,0,0.6994122266769409
mvtec_screw,D:\STUDY\My_github\sci_project\data\patchcore_closeout\mvtec_s0_k1\screw\test\good\026.png,0,0.6779404282569885
mvtec_screw,D:\STUDY\My_github\sci_project\data\patchcore_closeout\mvtec_s0_k1\screw\test\good\027.png,0,0.8421899080276489
mvtec_screw,D:\STUDY\My_github\sci_project\data\patchcore_closeout\mvtec_s0_k1\screw\test\good\028.png,0,0.7557836174964905
mvtec_screw,D:\STUDY\My_github\sci_project\data\patchcore_closeout\mvtec_s0_k1\screw\test\good\029.png,0,0.8589920401573181
mvtec_screw,D:\STUDY\My_github\sci_project\data\patchcore_closeout\mvtec_s0_k1\screw\test\good\030.png,0,0.05268418416380882
mvtec_screw,D:\STUDY\My_github\sci_project\data\patchcore_closeout\mvtec_s0_k1\screw\test\good\031.png,0,0.8846945762634277
mvtec_screw,D:\STUDY\My_github\sci_project\data\patchcore_closeout\mvtec_s0_k1\screw\test\good\032.png,0,0.9511797428131104
mvtec_screw,D:\STUDY\My_github\sci_project\data\patchcore_closeout\mvtec_s0_k1\screw\test\good\033.png,0,0.6195772886276245
mvtec_screw,D:\STUDY\My_github\sci_project\data\patchcore_closeout\mvtec_s0_k1\screw\test\good\034.png,0,0.6372233033180237
mvtec_screw,D:\STUDY\My_github\sci_project\data\patchcore_closeout\mvtec_s0_k1\screw\test\good\035.png,0,0.20767678320407867
mvtec_screw,D:\STUDY\My_github\sci_project\data\patchcore_closeout\mvtec_s0_k1\screw\test\good\036.png,0,0.6864093542098999
mvtec_screw,D:\STUDY\My_github\sci_project\data\patchcore_closeout\mvtec_s0_k1\screw\test\good\037.png,0,0.8361973166465759
mvtec_screw,D:\STUDY\My_github\sci_project\data\patchcore_closeout\mvtec_s0_k1\screw\test\good\038.png,0,0.5771167278289795
mvtec_screw,D:\STUDY\My_github\sci_project\data\patchcore_closeout\mvtec_s0_k1\screw\test\good\039.png,0,0.9096693992614746
mvtec_screw,D:\STUDY\My_github\sci_project\data\patchcore_closeout\mvtec_s0_k1\screw\test\good\040.png,0,0.6377200484275818
mvtec_screw,D:\STUDY\My_github\sci_project\data\patchcore_closeout\mvtec_s0_k1\screw\test\manipulated_front\000.png,1,0.6349146366119385
mvtec_screw,D:\STUDY\My_github\sci_project\data\patchcore_closeout\mvtec_s0_k1\screw\test\manipulated_front\001.png,1,0.6970969438552856
mvtec_screw,D:\STUDY\My_github\sci_project\data\patchcore_closeout\mvtec_s0_k1\screw\test\manipulated_front\002.png,1,0.8736202120780945
mvtec_screw,D:\STUDY\My_github\sci_project\data\patchcore_closeout\mvtec_s0_k1\screw\test\manipulated_front\003.png,1,0.7011576294898987
mvtec_screw,D:\STUDY\My_github\sci_project\data\patchcore_closeout\mvtec_s0_k1\screw\test\manipulated_front\004.png,1,0.1926712542772293
mvtec_screw,D:\STUDY\My_github\sci_project\data\patchcore_closeout\mvtec_s0_k1\screw\test\manipulated_front\005.png,1,0.7201981544494629
mvtec_screw,D:\STUDY\My_github\sci_project\data\patchcore_closeout\mvtec_s0_k1\screw\test\manipulated_front\006.png,1,0.6780270934104919
mvtec_screw,D:\STUDY\My_github\sci_project\data\patchcore_closeout\mvtec_s0_k1\screw\test\manipulated_front\007.png,1,0.8268442153930664
mvtec_screw,D:\STUDY\My_github\sci_project\data\patchcore_closeout\mvtec_s0_k1\screw\test\manipulated_front\008.png,1,0.7634957432746887
mvtec_screw,D:\STUDY\My_github\sci_project\data\patchcore_closeout\mvtec_s0_k1\screw\test\manipulated_front\009.png,1,0.5824229717254639
mvtec_screw,D:\STUDY\My_github\sci_project\data\patchcore_closeout\mvtec_s0_k1\screw\test\manipulated_front\010.png,1,0.7481135725975037
mvtec_screw,D:\STUDY\My_github\sci_project\data\patchcore_closeout\mvtec_s0_k1\screw\test\manipulated_front\011.png,1,0.5342189073562622
mvtec_screw,D:\STUDY\My_github\sci_project\data\patchcore_closeout\mvtec_s0_k1\screw\test\manipulated_front\012.png,1,0.8984327912330627
mvtec_screw,D:\STUDY\My_github\sci_project\data\patchcore_closeout\mvtec_s0_k1\screw\test\manipulated_front\013.png,1,0.6637229323387146
mvtec_screw,D:\STUDY\My_github\sci_project\data\patchcore_closeout\mvtec_s0_k1\screw\test\manipulated_front\014.png,1,0.7494323253631592
mvtec_screw,D:\STUDY\My_github\sci_project\data\patchcore_closeout\mvtec_s0_k1\screw\test\manipulated_front\015.png,1,0.9935743808746338
mvtec_screw,D:\STUDY\My_github\sci_project\data\patchcore_closeout\mvtec_s0_k1\screw\test\manipulated_front\016.png,1,0.7332823276519775
mvtec_screw,D:\STUDY\My_github\sci_project\data\patchcore_closeout\mvtec_s0_k1\screw\test\manipulated_front\017.png,1,0.3878219723701477
mvtec_screw,D:\STUDY\My_github\sci_project\data\patchcore_closeout\mvtec_s0_k1\screw\test\manipulated_front\018.png,1,0.8787299990653992
mvtec_screw,D:\STUDY\My_github\sci_project\data\patchcore_closeout\mvtec_s0_k1\screw\test\manipulated_front\019.png,1,1.0
mvtec_screw,D:\STUDY\My_github\sci_project\data\patchcore_closeout\mvtec_s0_k1\screw\test\manipulated_front\020.png,1,0.6482922434806824
mvtec_screw,D:\STUDY\My_github\sci_project\data\patchcore_closeout\mvtec_s0_k1\screw\test\manipulated_front\021.png,1,0.31996139883995056
mvtec_screw,D:\STUDY\My_github\sci_project\data\patchcore_closeout\mvtec_s0_k1\screw\test\manipulated_front\022.png,1,0.7062937617301941
mvtec_screw,D:\STUDY\My_github\sci_project\data\patchcore_closeout\mvtec_s0_k1\screw\test\manipulated_front\023.png,1,0.8948893547058105
mvtec_screw,D:\STUDY\My_github\sci_project\data\patchcore_closeout\mvtec_s0_k1\screw\test\scratch_head\000.png,1,0.6482575535774231
mvtec_screw,D:\STUDY\My_github\sci_project\data\patchcore_closeout\mvtec_s0_k1\screw\test\scratch_head\001.png,1,0.7944454550743103
mvtec_screw,D:\STUDY\My_github\sci_project\data\patchcore_closeout\mvtec_s0_k1\screw\test\scratch_head\002.png,1,0.703775942325592
mvtec_screw,D:\STUDY\My_github\sci_project\data\patchcore_closeout\mvtec_s0_k1\screw\test\scratch_head\003.png,1,0.7752761840820312
mvtec_screw,D:\STUDY\My_github\sci_project\data\patchcore_closeout\mvtec_s0_k1\screw\test\scratch_head\004.png,1,0.5862337350845337
mvtec_screw,D:\STUDY\My_github\sci_project\data\patchcore_closeout\mvtec_s0_k1\screw\test\scratch_head\005.png,1,0.7595180869102478
mvtec_screw,D:\STUDY\My_github\sci_project\data\patchcore_closeout\mvtec_s0_k1\screw\test\scratch_head\006.png,1,0.1712900549173355
mvtec_screw,D:\STUDY\My_github\sci_project\data\patchcore_closeout\mvtec_s0_k1\screw\test\scratch_head\007.png,1,0.9695749878883362
mvtec_screw,D:\STUDY\My_github\sci_project\data\patchcore_closeout\mvtec_s0_k1\screw\test\scratch_head\008.png,1,0.6787666082382202
mvtec_screw,D:\STUDY\My_github\sci_project\data\patchcore_closeout\mvtec_s0_k1\screw\test\scratch_head\009.png,1,0.7724485993385315
mvtec_screw,D:\STUDY\My_github\sci_project\data\patchcore_closeout\mvtec_s0_k1\screw\test\scratch_head\010.png,1,0.7919386625289917
mvtec_screw,D:\STUDY\My_github\sci_project\data\patchcore_closeout\mvtec_s0_k1\screw\test\scratch_head\011.png,1,0.7771778702735901
mvtec_screw,D:\STUDY\My_github\sci_project\data\patchcore_closeout\mvtec_s0_k1\screw\test\scratch_head\012.png,1,0.6354195475578308
mvtec_screw,D:\STUDY\My_github\sci_project\data\patchcore_closeout\mvtec_s0_k1\screw\test\scratch_head\013.png,1,0.1846705973148346
mvtec_screw,D:\STUDY\My_github\sci_project\data\patchcore_closeout\mvtec_s0_k1\screw\test\scratch_head\014.png,1,0.8038564920425415
mvtec_screw,D:\STUDY\My_github\sci_project\data\patchcore_closeout\mvtec_s0_k1\screw\test\scratch_head\015.png,1,0.7710941433906555
mvtec_screw,D:\STUDY\My_github\sci_project\data\patchcore_closeout\mvtec_s0_k1\screw\test\scratch_head\016.png,1,0.7687262296676636
mvtec_screw,D:\STUDY\My_github\sci_project\data\patchcore_closeout\mvtec_s0_k1\screw\test\scratch_head\017.png,1,0.7817018032073975
mvtec_screw,D:\STUDY\My_github\sci_project\data\patchcore_closeout\mvtec_s0_k1\screw\test\scratch_head\018.png,1,0.6805979013442993
mvtec_screw,D:\STUDY\My_github\sci_project\data\patchcore_closeout\mvtec_s0_k1\screw\test\scratch_head\019.png,1,0.21609914302825928
mvtec_screw,D:\STUDY\My_github\sci_project\data\patchcore_closeout\mvtec_s0_k1\screw\test\scratch_head\020.png,1,0.9046575427055359
mvtec_screw,D:\STUDY\My_github\sci_project\data\patchcore_closeout\mvtec_s0_k1\screw\test\scratch_head\021.png,1,0.872239887714386
mvtec_screw,D:\STUDY\My_github\sci_project\data\patchcore_closeout\mvtec_s0_k1\screw\test\scratch_head\022.png,1,0.9697383046150208
mvtec_screw,D:\STUDY\My_github\sci_project\data\patchcore_closeout\mvtec_s0_k1\screw\test\scratch_head\023.png,1,0.10633927583694458
mvtec_screw,D:\STUDY\My_github\sci_project\data\patchcore_closeout\mvtec_s0_k1\screw\test\scratch_neck\000.png,1,0.6572409272193909
mvtec_screw,D:\STUDY\My_github\sci_project\data\patchcore_closeout\mvtec_s0_k1\screw\test\scratch_neck\001.png,1,0.7009139060974121
mvtec_screw,D:\STUDY\My_github\sci_project\data\patchcore_closeout\mvtec_s0_k1\screw\test\scratch_neck\002.png,1,0.6799413561820984
mvtec_screw,D:\STUDY\My_github\sci_project\data\patchcore_closeout\mvtec_s0_k1\screw\test\scratch_neck\003.png,1,0.7160373330116272
mvtec_screw,D:\STUDY\My_github\sci_project\data\patchcore_closeout\mvtec_s0_k1\screw\test\scratch_neck\004.png,1,0.6664556860923767
mvtec_screw,D:\STUDY\My_github\sci_project\data\patchcore_closeout\mvtec_s0_k1\screw\test\scratch_neck\005.png,1,0.6823503971099854
mvtec_screw,D:\STUDY\My_github\sci_project\data\patchcore_closeout\mvtec_s0_k1\screw\test\scratch_neck\006.png,1,0.7697537541389465
mvtec_screw,D:\STUDY\My_github\sci_project\data\patchcore_closeout\mvtec_s0_k1\screw\test\scratch_neck\007.png,1,0.4059866666793823
mvtec_screw,D:\STUDY\My_github\sci_project\data\patchcore_closeout\mvtec_s0_k1\screw\test\scratch_neck\008.png,1,0.8814460635185242
mvtec_screw,D:\STUDY\My_github\sci_project\data\patchcore_closeout\mvtec_s0_k1\screw\test\scratch_neck\009.png,1,0.7945200800895691
mvtec_screw,D:\STUDY\My_github\sci_project\data\patchcore_closeout\mvtec_s0_k1\screw\test\scratch_neck\010.png,1,0.6493958234786987
mvtec_screw,D:\STUDY\My_github\sci_project\data\patchcore_closeout\mvtec_s0_k1\screw\test\scratch_neck\011.png,1,0.5692731142044067
mvtec_screw,D:\STUDY\My_github\sci_project\data\patchcore_closeout\mvtec_s0_k1\screw\test\scratch_neck\012.png,1,0.695550262928009
mvtec_screw,D:\STUDY\My_github\sci_project\data\patchcore_closeout\mvtec_s0_k1\screw\test\scratch_neck\013.png,1,0.7748527526855469
mvtec_screw,D:\STUDY\My_github\sci_project\data\patchcore_closeout\mvtec_s0_k1\screw\test\scratch_neck\014.png,1,0.7280235290527344
mvtec_screw,D:\STUDY\My_github\sci_project\data\patchcore_closeout\mvtec_s0_k1\screw\test\scratch_neck\015.png,1,0.5709342956542969
mvtec_screw,D:\STUDY\My_github\sci_project\data\patchcore_closeout\mvtec_s0_k1\screw\test\scratch_neck\016.png,1,0.3861083686351776
mvtec_screw,D:\STUDY\My_github\sci_project\data\patchcore_closeout\mvtec_s0_k1\screw\test\scratch_neck\017.png,1,0.709336519241333
mvtec_screw,D:\STUDY\My_github\sci_project\data\patchcore_closeout\mvtec_s0_k1\screw\test\scratch_neck\018.png,1,0.534783661365509
mvtec_screw,D:\STUDY\My_github\sci_project\data\patchcore_closeout\mvtec_s0_k1\screw\test\scratch_neck\019.png,1,0.7985528707504272
mvtec_screw,D:\STUDY\My_github\sci_project\data\patchcore_closeout\mvtec_s0_k1\screw\test\scratch_neck\020.png,1,0.6706787943840027
mvtec_screw,D:\STUDY\My_github\sci_project\data\patchcore_closeout\mvtec_s0_k1\screw\test\scratch_neck\021.png,1,0.836895227432251
mvtec_screw,D:\STUDY\My_github\sci_project\data\patchcore_closeout\mvtec_s0_k1\screw\test\scratch_neck\022.png,1,0.25676190853118896
mvtec_screw,D:\STUDY\My_github\sci_project\data\patchcore_closeout\mvtec_s0_k1\screw\test\scratch_neck\023.png,1,0.6635939478874207
mvtec_screw,D:\STUDY\My_github\sci_project\data\patchcore_closeout\mvtec_s0_k1\screw\test\scratch_neck\024.png,1,0.8457853198051453
mvtec_screw,D:\STUDY\My_github\sci_project\data\patchcore_closeout\mvtec_s0_k1\screw\test\thread_side\000.png,1,0.775826096534729
mvtec_screw,D:\STUDY\My_github\sci_project\data\patchcore_closeout\mvtec_s0_k1\screw\test\thread_side\001.png,1,0.9381200075149536
mvtec_screw,D:\STUDY\My_github\sci_project\data\patchcore_closeout\mvtec_s0_k1\screw\test\thread_side\002.png,1,0.8078585267066956
mvtec_screw,D:\STUDY\My_github\sci_project\data\patchcore_closeout\mvtec_s0_k1\screw\test\thread_side\003.png,1,0.8847945332527161
mvtec_screw,D:\STUDY\My_github\sci_project\data\patchcore_closeout\mvtec_s0_k1\screw\test\thread_side\004.png,1,0.08201925456523895
mvtec_screw,D:\STUDY\My_github\sci_project\data\patchcore_closeout\mvtec_s0_k1\screw\test\thread_side\005.png,1,0.6697595715522766
mvtec_screw,D:\STUDY\My_github\sci_project\data\patchcore_closeout\mvtec_s0_k1\screw\test\thread_side\006.png,1,0.680392324924469
mvtec_screw,D:\STUDY\My_github\sci_project\data\patchcore_closeout\mvtec_s0_k1\screw\test\thread_side\007.png,1,0.6542319059371948
mvtec_screw,D:\STUDY\My_github\sci_project\data\patchcore_closeout\mvtec_s0_k1\screw\test\thread_side\008.png,1,0.7753180265426636
mvtec_screw,D:\STUDY\My_github\sci_project\data\patchcore_closeout\mvtec_s0_k1\screw\test\thread_side\009.png,1,0.11350908875465393
mvtec_screw,D:\STUDY\My_github\sci_project\data\patchcore_closeout\mvtec_s0_k1\screw\test\thread_side\010.png,1,0.9567285180091858
mvtec_screw,D:\STUDY\My_github\sci_project\data\patchcore_closeout\mvtec_s0_k1\screw\test\thread_side\011.png,1,0.7233437895774841
mvtec_screw,D:\STUDY\My_github\sci_project\data\patchcore_closeout\mvtec_s0_k1\screw\test\thread_side\012.png,1,0.8174932599067688
mvtec_screw,D:\STUDY\My_github\sci_project\data\patchcore_closeout\mvtec_s0_k1\screw\test\thread_side\013.png,1,0.6780734062194824
mvtec_screw,D:\STUDY\My_github\sci_project\data\patchcore_closeout\mvtec_s0_k1\screw\test\thread_side\014.png,1,0.7508000731468201
mvtec_screw,D:\STUDY\My_github\sci_project\data\patchcore_closeout\mvtec_s0_k1\screw\test\thread_side\015.png,1,0.8017773032188416
mvtec_screw,D:\STUDY\My_github\sci_project\data\patchcore_closeout\mvtec_s0_k1\screw\test\thread_side\016.png,1,0.8433166742324829
mvtec_screw,D:\STUDY\My_github\sci_project\data\patchcore_closeout\mvtec_s0_k1\screw\test\thread_side\017.png,1,0.55155348777771
mvtec_screw,D:\STUDY\My_github\sci_project\data\patchcore_closeout\mvtec_s0_k1\screw\test\thread_side\018.png,1,0.6118654012680054
mvtec_screw,D:\STUDY\My_github\sci_project\data\patchcore_closeout\mvtec_s0_k1\screw\test\thread_side\019.png,1,0.6007939577102661
mvtec_screw,D:\STUDY\My_github\sci_project\data\patchcore_closeout\mvtec_s0_k1\screw\test\thread_side\020.png,1,0.6958205699920654
mvtec_screw,D:\STUDY\My_github\sci_project\data\patchcore_closeout\mvtec_s0_k1\screw\test\thread_side\021.png,1,0.6551713347434998
mvtec_screw,D:\STUDY\My_github\sci_project\data\patchcore_closeout\mvtec_s0_k1\screw\test\thread_side\022.png,1,0.9264252781867981
mvtec_screw,D:\STUDY\My_github\sci_project\data\patchcore_closeout\mvtec_s0_k1\screw\test\thread_top\000.png,1,0.716639518737793
mvtec_screw,D:\STUDY\My_github\sci_project\data\patchcore_closeout\mvtec_s0_k1\screw\test\thread_top\001.png,1,0.39977025985717773
mvtec_screw,D:\STUDY\My_github\sci_project\data\patchcore_closeout\mvtec_s0_k1\screw\test\thread_top\002.png,1,0.7406904101371765
mvtec_screw,D:\STUDY\My_github\sci_project\data\patchcore_closeout\mvtec_s0_k1\screw\test\thread_top\003.png,1,0.6046207547187805
mvtec_screw,D:\STUDY\My_github\sci_project\data\patchcore_closeout\mvtec_s0_k1\screw\test\thread_top\004.png,1,0.7897363901138306
mvtec_screw,D:\STUDY\My_github\sci_project\data\patchcore_closeout\mvtec_s0_k1\screw\test\thread_top\005.png,1,0.7775552272796631
mvtec_screw,D:\STUDY\My_github\sci_project\data\patchcore_closeout\mvtec_s0_k1\screw\test\thread_top\006.png,1,0.6734839677810669
mvtec_screw,D:\STUDY\My_github\sci_project\data\patchcore_closeout\mvtec_s0_k1\screw\test\thread_top\007.png,1,0.788329541683197
mvtec_screw,D:\STUDY\My_github\sci_project\data\patchcore_closeout\mvtec_s0_k1\screw\test\thread_top\008.png,1,0.8168864250183105
mvtec_screw,D:\STUDY\My_github\sci_project\data\patchcore_closeout\mvtec_s0_k1\screw\test\thread_top\009.png,1,0.5963268876075745
mvtec_screw,D:\STUDY\My_github\sci_project\data\patchcore_closeout\mvtec_s0_k1\screw\test\thread_top\010.png,1,0.6467644572257996
mvtec_screw,D:\STUDY\My_github\sci_project\data\patchcore_closeout\mvtec_s0_k1\screw\test\thread_top\011.png,1,0.7572089433670044
mvtec_screw,D:\STUDY\My_github\sci_project\data\patchcore_closeout\mvtec_s0_k1\screw\test\thread_top\012.png,1,0.663554310798645
mvtec_screw,D:\STUDY\My_github\sci_project\data\patchcore_closeout\mvtec_s0_k1\screw\test\thread_top\013.png,1,0.6947036385536194
mvtec_screw,D:\STUDY\My_github\sci_project\data\patchcore_closeout\mvtec_s0_k1\screw\test\thread_top\014.png,1,0.7032099366188049
mvtec_screw,D:\STUDY\My_github\sci_project\data\patchcore_closeout\mvtec_s0_k1\screw\test\thread_top\015.png,1,0.7407000660896301
mvtec_screw,D:\STUDY\My_github\sci_project\data\patchcore_closeout\mvtec_s0_k1\screw\test\thread_top\016.png,1,0.4897170662879944
mvtec_screw,D:\STUDY\My_github\sci_project\data\patchcore_closeout\mvtec_s0_k1\screw\test\thread_top\017.png,1,0.8106860518455505
mvtec_screw,D:\STUDY\My_github\sci_project\data\patchcore_closeout\mvtec_s0_k1\screw\test\thread_top\018.png,1,0.68511962890625
mvtec_screw,D:\STUDY\My_github\sci_project\data\patchcore_closeout\mvtec_s0_k1\screw\test\thread_top\019.png,1,0.8368553519248962
mvtec_screw,D:\STUDY\My_github\sci_project\data\patchcore_closeout\mvtec_s0_k1\screw\test\thread_top\020.png,1,0.8690758347511292
mvtec_screw,D:\STUDY\My_github\sci_project\data\patchcore_closeout\mvtec_s0_k1\screw\test\thread_top\021.png,1,0.6686892509460449
mvtec_screw,D:\STUDY\My_github\sci_project\data\patchcore_closeout\mvtec_s0_k1\screw\test\thread_top\022.png,1,0.5849824547767639
mvtec_tile,D:\STUDY\My_github\sci_project\data\patchcore_closeout\mvtec_s0_k1\tile\test\crack\000.png,1,0.5500780940055847
mvtec_tile,D:\STUDY\My_github\sci_project\data\patchcore_closeout\mvtec_s0_k1\tile\test\crack\001.png,1,0.6915321350097656
mvtec_tile,D:\STUDY\My_github\sci_project\data\patchcore_closeout\mvtec_s0_k1\tile\test\crack\002.png,1,0.6860069036483765
mvtec_tile,D:\STUDY\My_github\sci_project\data\patchcore_closeout\mvtec_s0_k1\tile\test\crack\003.png,1,0.5877344608306885
mvtec_tile,D:\STUDY\My_github\sci_project\data\patchcore_closeout\mvtec_s0_k1\tile\test\crack\004.png,1,0.5609735250473022
mvtec_tile,D:\STUDY\My_github\sci_project\data\patchcore_closeout\mvtec_s0_k1\tile\test\crack\005.png,1,0.6432249546051025
mvtec_tile,D:\STUDY\My_github\sci_project\data\patchcore_closeout\mvtec_s0_k1\tile\test\crack\006.png,1,0.8925371170043945
mvtec_tile,D:\STUDY\My_github\sci_project\data\patchcore_closeout\mvtec_s0_k1\tile\test\crack\007.png,1,0.5698770880699158
mvtec_tile,D:\STUDY\My_github\sci_project\data\patchcore_closeout\mvtec_s0_k1\tile\test\crack\008.png,1,0.5017520189285278
mvtec_tile,D:\STUDY\My_github\sci_project\data\patchcore_closeout\mvtec_s0_k1\tile\test\crack\009.png,1,0.5204835534095764
mvtec_tile,D:\STUDY\My_github\sci_project\data\patchcore_closeout\mvtec_s0_k1\tile\test\crack\010.png,1,1.0
mvtec_tile,D:\STUDY\My_github\sci_project\data\patchcore_closeout\mvtec_s0_k1\tile\test\crack\011.png,1,0.5190325379371643
mvtec_tile,D:\STUDY\My_github\sci_project\data\patchcore_closeout\mvtec_s0_k1\tile\test\crack\012.png,1,0.4963037371635437
mvtec_tile,D:\STUDY\My_github\sci_project\data\patchcore_closeout\mvtec_s0_k1\tile\test\crack\013.png,1,0.5141180753707886
mvtec_tile,D:\STUDY\My_github\sci_project\data\patchcore_closeout\mvtec_s0_k1\tile\test\crack\014.png,1,0.6390409469604492
mvtec_tile,D:\STUDY\My_github\sci_project\data\patchcore_closeout\mvtec_s0_k1\tile\test\crack\015.png,1,0.29885849356651306
mvtec_tile,D:\STUDY\My_github\sci_project\data\patchcore_closeout\mvtec_s0_k1\tile\test\crack\016.png,1,0.537507951259613
mvtec_tile,D:\STUDY\My_github\sci_project\data\patchcore_closeout\mvtec_s0_k1\tile\test\glue_strip\000.png,1,0.44658106565475464
mvtec_tile,D:\STUDY\My_github\sci_project\data\patchcore_closeout\mvtec_s0_k1\tile\test\glue_strip\001.png,1,0.4595363140106201
mvtec_tile,D:\STUDY\My_github\sci_project\data\patchcore_closeout\mvtec_s0_k1\tile\test\glue_strip\002.png,1,0.25480085611343384
mvtec_tile,D:\STUDY\My_github\sci_project\data\patchcore_closeout\mvtec_s0_k1\tile\test\glue_strip\003.png,1,0.41967281699180603
mvtec_tile,D:\STUDY\My_github\sci_project\data\patchcore_closeout\mvtec_s0_k1\tile\test\glue_strip\004.png,1,0.6336488723754883
mvtec_tile,D:\STUDY\My_github\sci_project\data\patchcore_closeout\mvtec_s0_k1\tile\test\glue_strip\005.png,1,0.3592289090156555
mvtec_tile,D:\STUDY\My_github\sci_project\data\patchcore_closeout\mvtec_s0_k1\tile\test\glue_strip\006.png,1,0.4270397126674652
mvtec_tile,D:\STUDY\My_github\sci_project\data\patchcore_closeout\mvtec_s0_k1\tile\test\glue_strip\007.png,1,0.37462058663368225
mvtec_tile,D:\STUDY\My_github\sci_project\data\patchcore_closeout\mvtec_s0_k1\tile\test\glue_strip\008.png,1,0.5312578082084656
mvtec_tile,D:\STUDY\My_github\sci_project\data\patchcore_closeout\mvtec_s0_k1\tile\test\glue_strip\009.png,1,0.479532390832901
mvtec_tile,D:\STUDY\My_github\sci_project\data\patchcore_closeout\mvtec_s0_k1\tile\test\glue_strip\010.png,1,0.3334559202194214
mvtec_tile,D:\STUDY\My_github\sci_project\data\patchcore_closeout\mvtec_s0_k1\tile\test\glue_strip\011.png,1,0.4426795542240143
mvtec_tile,D:\STUDY\My_github\sci_project\data\patchcore_closeout\mvtec_s0_k1\tile\test\glue_strip\012.png,1,0.666300892829895
mvtec_tile,D:\STUDY\My_github\sci_project\data\patchcore_closeout\mvtec_s0_k1\tile\test\glue_strip\013.png,1,0.37539687752723694
mvtec_tile,D:\STUDY\My_github\sci_project\data\patchcore_closeout\mvtec_s0_k1\tile\test\glue_strip\014.png,1,0.5076541304588318
mvtec_tile,D:\STUDY\My_github\sci_project\data\patchcore_closeout\mvtec_s0_k1\tile\test\glue_strip\015.png,1,0.4873150587081909
mvtec_tile,D:\STUDY\My_github\sci_project\data\patchcore_closeout\mvtec_s0_k1\tile\test\glue_strip\016.png,1,0.3472537398338318
mvtec_tile,D:\STUDY\My_github\sci_project\data\patchcore_closeout\mvtec_s0_k1\tile\test\glue_strip\017.png,1,0.6247935891151428
mvtec_tile,D:\STUDY\My_github\sci_project\data\patchcore_closeout\mvtec_s0_k1\tile\test\good\000.png,0,0.0
mvtec_tile,D:\STUDY\My_github\sci_project\data\patchcore_closeout\mvtec_s0_k1\tile\test\good\001.png,0,0.02845141477882862
mvtec_tile,D:\STUDY\My_github\sci_project\data\patchcore_closeout\mvtec_s0_k1\tile\test\good\002.png,0,0.02009911648929119
mvtec_tile,D:\STUDY\My_github\sci_project\data\patchcore_closeout\mvtec_s0_k1\tile\test\good\003.png,0,0.015276306308805943
mvtec_tile,D:\STUDY\My_github\sci_project\data\patchcore_closeout\mvtec_s0_k1\tile\test\good\004.png,0,0.037768084555864334
mvtec_tile,D:\STUDY\My_github\sci_project\data\patchcore_closeout\mvtec_s0_k1\tile\test\good\005.png,0,0.022868623957037926
mvtec_tile,D:\STUDY\My_github\sci_project\data\patchcore_closeout\mvtec_s0_k1\tile\test\good\006.png,0,0.049440644681453705
mvtec_tile,D:\STUDY\My_github\sci_project\data\patchcore_closeout\mvtec_s0_k1\tile\test\good\007.png,0,0.03584926202893257
mvtec_tile,D:\STUDY\My_github\sci_project\data\patchcore_closeout\mvtec_s0_k1\tile\test\good\008.png,0,0.08402609080076218
mvtec_tile,D:\STUDY\My_github\sci_project\data\patchcore_closeout\mvtec_s0_k1\tile\test\good\009.png,0,0.12437526136636734
mvtec_tile,D:\STUDY\My_github\sci_project\data\patchcore_closeout\mvtec_s0_k1\tile\test\good\010.png,0,0.052473071962594986
mvtec_tile,D:\STUDY\My_github\sci_project\data\patchcore_closeout\mvtec_s0_k1\tile\test\good\011.png,0,0.049045171588659286
mvtec_tile,D:\STUDY\My_github\sci_project\data\patchcore_closeout\mvtec_s0_k1\tile\test\good\012.png,0,0.013452786020934582
mvtec_tile,D:\STUDY\My_github\sci_project\data\patchcore_closeout\mvtec_s0_k1\tile\test\good\013.png,0,0.026314662769436836
mvtec_tile,D:\STUDY\My_github\sci_project\data\patchcore_closeout\mvtec_s0_k1\tile\test\good\014.png,0,0.029990971088409424
mvtec_tile,D:\STUDY\My_github\sci_project\data\patchcore_closeout\mvtec_s0_k1\tile\test\good\015.png,0,0.060012903064489365
mvtec_tile,D:\STUDY\My_github\sci_project\data\patchcore_closeout\mvtec_s0_k1\tile\test\good\016.png,0,0.022220389917492867
mvtec_tile,D:\STUDY\My_github\sci_project\data\patchcore_closeout\mvtec_s0_k1\tile\test\good\017.png,0,0.17276132106781006
mvtec_tile,D:\STUDY\My_github\sci_project\data\patchcore_closeout\mvtec_s0_k1\tile\test\good\018.png,0,0.06974294036626816
mvtec_tile,D:\STUDY\My_github\sci_project\data\patchcore_closeout\mvtec_s0_k1\tile\test\good\019.png,0,0.13018734753131866
mvtec_tile,D:\STUDY\My_github\sci_project\data\patchcore_closeout\mvtec_s0_k1\tile\test\good\020.png,0,0.07362411916255951
mvtec_tile,D:\STUDY\My_github\sci_project\data\patchcore_closeout\mvtec_s0_k1\tile\test\good\021.png,0,0.035225458443164825
mvtec_tile,D:\STUDY\My_github\sci_project\data\patchcore_closeout\mvtec_s0_k1\tile\test\good\022.png,0,0.07006971538066864
mvtec_tile,D:\STUDY\My_github\sci_project\data\patchcore_closeout\mvtec_s0_k1\tile\test\good\023.png,0,0.0604366734623909
mvtec_tile,D:\STUDY\My_github\sci_project\data\patchcore_closeout\mvtec_s0_k1\tile\test\good\024.png,0,0.03189358487725258
mvtec_tile,D:\STUDY\My_github\sci_project\data\patchcore_closeout\mvtec_s0_k1\tile\test\good\025.png,0,0.027193890884518623
mvtec_tile,D:\STUDY\My_github\sci_project\data\patchcore_closeout\mvtec_s0_k1\tile\test\good\026.png,0,0.04741201177239418
mvtec_tile,D:\STUDY\My_github\sci_project\data\patchcore_closeout\mvtec_s0_k1\tile\test\good\027.png,0,0.0770283117890358
mvtec_tile,D:\STUDY\My_github\sci_project\data\patchcore_closeout\mvtec_s0_k1\tile\test\good\028.png,0,0.0806298777461052
mvtec_tile,D:\STUDY\My_github\sci_project\data\patchcore_closeout\mvtec_s0_k1\tile\test\good\029.png,0,0.022306013852357864
mvtec_tile,D:\STUDY\My_github\sci_project\data\patchcore_closeout\mvtec_s0_k1\tile\test\good\030.png,0,0.06109071150422096
mvtec_tile,D:\STUDY\My_github\sci_project\data\patchcore_closeout\mvtec_s0_k1\tile\test\good\031.png,0,0.030965255573391914
mvtec_tile,D:\STUDY\My_github\sci_project\data\patchcore_closeout\mvtec_s0_k1\tile\test\good\032.png,0,0.027102218940854073
mvtec_tile,D:\STUDY\My_github\sci_project\data\patchcore_closeout\mvtec_s0_k1\tile\test\gray_stroke\000.png,1,0.2456912398338318
mvtec_tile,D:\STUDY\My_github\sci_project\data\patchcore_closeout\mvtec_s0_k1\tile\test\gray_stroke\001.png,1,0.2548959255218506
mvtec_tile,D:\STUDY\My_github\sci_project\data\patchcore_closeout\mvtec_s0_k1\tile\test\gray_stroke\002.png,1,0.06633874773979187
mvtec_tile,D:\STUDY\My_github\sci_project\data\patchcore_closeout\mvtec_s0_k1\tile\test\gray_stroke\003.png,1,0.1549926996231079
mvtec_tile,D:\STUDY\My_github\sci_project\data\patchcore_closeout\mvtec_s0_k1\tile\test\gray_stroke\004.png,1,0.25268852710723877
mvtec_tile,D:\STUDY\My_github\sci_project\data\patchcore_closeout\mvtec_s0_k1\tile\test\gray_stroke\005.png,1,0.22754141688346863
mvtec_tile,D:\STUDY\My_github\sci_project\data\patchcore_closeout\mvtec_s0_k1\tile\test\gray_stroke\006.png,1,0.2410290390253067
mvtec_tile,D:\STUDY\My_github\sci_project\data\patchcore_closeout\mvtec_s0_k1\tile\test\gray_stroke\007.png,1,0.327685683965683
mvtec_tile,D:\STUDY\My_github\sci_project\data\patchcore_closeout\mvtec_s0_k1\tile\test\gray_stroke\008.png,1,0.30771270394325256
mvtec_tile,D:\STUDY\My_github\sci_project\data\patchcore_closeout\mvtec_s0_k1\tile\test\gray_stroke\009.png,1,0.2550981342792511
mvtec_tile,D:\STUDY\My_github\sci_project\data\patchcore_closeout\mvtec_s0_k1\tile\test\gray_stroke\010.png,1,0.22509458661079407
mvtec_tile,D:\STUDY\My_github\sci_project\data\patchcore_closeout\mvtec_s0_k1\tile\test\gray_stroke\011.png,1,0.3050704300403595
mvtec_tile,D:\STUDY\My_github\sci_project\data\patchcore_closeout\mvtec_s0_k1\tile\test\gray_stroke\012.png,1,0.06099420040845871
mvtec_tile,D:\STUDY\My_github\sci_project\data\patchcore_closeout\mvtec_s0_k1\tile\test\gray_stroke\013.png,1,0.31126782298088074
mvtec_tile,D:\STUDY\My_github\sci_project\data\patchcore_closeout\mvtec_s0_k1\tile\test\gray_stroke\014.png,1,0.20828403532505035
mvtec_tile,D:\STUDY\My_github\sci_project\data\patchcore_closeout\mvtec_s0_k1\tile\test\gray_stroke\015.png,1,0.2103666067123413
mvtec_tile,D:\STUDY\My_github\sci_project\data\patchcore_closeout\mvtec_s0_k1\tile\test\oil\000.png,1,0.413185179233551
mvtec_tile,D:\STUDY\My_github\sci_project\data\patchcore_closeout\mvtec_s0_k1\tile\test\oil\001.png,1,0.4981658458709717
mvtec_tile,D:\STUDY\My_github\sci_project\data\patchcore_closeout\mvtec_s0_k1\tile\test\oil\002.png,1,0.3623863756656647
mvtec_tile,D:\STUDY\My_github\sci_project\data\patchcore_closeout\mvtec_s0_k1\tile\test\oil\003.png,1,0.45402705669403076
mvtec_tile,D:\STUDY\My_github\sci_project\data\patchcore_closeout\mvtec_s0_k1\tile\test\oil\004.png,1,0.3797319531440735
mvtec_tile,D:\STUDY\My_github\sci_project\data\patchcore_closeout\mvtec_s0_k1\tile\test\oil\005.png,1,0.325318306684494
mvtec_tile,D:\STUDY\My_github\sci_project\data\patchcore_closeout\mvtec_s0_k1\tile\test\oil\006.png,1,0.3536366820335388
mvtec_tile,D:\STUDY\My_github\sci_project\data\patchcore_closeout\mvtec_s0_k1\tile\test\oil\007.png,1,0.37391960620880127
mvtec_tile,D:\STUDY\My_github\sci_project\data\patchcore_closeout\mvtec_s0_k1\tile\test\oil\008.png,1,0.5929757356643677
mvtec_tile,D:\STUDY\My_github\sci_project\data\patchcore_closeout\mvtec_s0_k1\tile\test\oil\009.png,1,0.37447255849838257
mvtec_tile,D:\STUDY\My_github\sci_project\data\patchcore_closeout\mvtec_s0_k1\tile\test\oil\010.png,1,0.393106609582901
mvtec_tile,D:\STUDY\My_github\sci_project\data\patchcore_closeout\mvtec_s0_k1\tile\test\oil\011.png,1,0.5062729716300964
mvtec_tile,D:\STUDY\My_github\sci_project\data\patchcore_closeout\mvtec_s0_k1\tile\test\oil\012.png,1,0.492204874753952
mvtec_tile,D:\STUDY\My_github\sci_project\data\patchcore_closeout\mvtec_s0_k1\tile\test\oil\013.png,1,0.45163679122924805
mvtec_tile,D:\STUDY\My_github\sci_project\data\patchcore_closeout\mvtec_s0_k1\tile\test\oil\014.png,1,0.3326832354068756
mvtec_tile,D:\STUDY\My_github\sci_project\data\patchcore_closeout\mvtec_s0_k1\tile\test\oil\015.png,1,0.33078521490097046
mvtec_tile,D:\STUDY\My_github\sci_project\data\patchcore_closeout\mvtec_s0_k1\tile\test\oil\016.png,1,0.313705712556839
mvtec_tile,D:\STUDY\My_github\sci_project\data\patchcore_closeout\mvtec_s0_k1\tile\test\oil\017.png,1,0.26797065138816833
mvtec_tile,D:\STUDY\My_github\sci_project\data\patchcore_closeout\mvtec_s0_k1\tile\test\rough\000.png,1,0.22777289152145386
mvtec_tile,D:\STUDY\My_github\sci_project\data\patchcore_closeout\mvtec_s0_k1\tile\test\rough\001.png,1,0.27579396963119507
mvtec_tile,D:\STUDY\My_github\sci_project\data\patchcore_closeout\mvtec_s0_k1\tile\test\rough\002.png,1,0.19486583769321442
mvtec_tile,D:\STUDY\My_github\sci_project\data\patchcore_closeout\mvtec_s0_k1\tile\test\rough\003.png,1,0.16250604391098022
mvtec_tile,D:\STUDY\My_github\sci_project\data\patchcore_closeout\mvtec_s0_k1\tile\test\rough\004.png,1,0.2670430541038513
mvtec_tile,D:\STUDY\My_github\sci_project\data\patchcore_closeout\mvtec_s0_k1\tile\test\rough\005.png,1,0.16573257744312286
mvtec_tile,D:\STUDY\My_github\sci_project\data\patchcore_closeout\mvtec_s0_k1\tile\test\rough\006.png,1,0.21429507434368134
mvtec_tile,D:\STUDY\My_github\sci_project\data\patchcore_closeout\mvtec_s0_k1\tile\test\rough\007.png,1,0.18048037588596344
mvtec_tile,D:\STUDY\My_github\sci_project\data\patchcore_closeout\mvtec_s0_k1\tile\test\rough\008.png,1,0.2940281927585602
mvtec_tile,D:\STUDY\My_github\sci_project\data\patchcore_closeout\mvtec_s0_k1\tile\test\rough\009.png,1,0.37410852313041687
mvtec_tile,D:\STUDY\My_github\sci_project\data\patchcore_closeout\mvtec_s0_k1\tile\test\rough\010.png,1,0.29815343022346497
mvtec_tile,D:\STUDY\My_github\sci_project\data\patchcore_closeout\mvtec_s0_k1\tile\test\rough\011.png,1,0.31036004424095154
mvtec_tile,D:\STUDY\My_github\sci_project\data\patchcore_closeout\mvtec_s0_k1\tile\test\rough\012.png,1,0.19062365591526031
mvtec_tile,D:\STUDY\My_github\sci_project\data\patchcore_closeout\mvtec_s0_k1\tile\test\rough\013.png,1,0.3437609076499939
mvtec_tile,D:\STUDY\My_github\sci_project\data\patchcore_closeout\mvtec_s0_k1\tile\test\rough\014.png,1,0.1950080692768097
mvtec_toothbrush,D:\STUDY\My_github\sci_project\data\patchcore_closeout\mvtec_s0_k1\toothbrush\test\defective\000.png,1,0.6669772863388062
mvtec_toothbrush,D:\STUDY\My_github\sci_project\data\patchcore_closeout\mvtec_s0_k1\toothbrush\test\defective\001.png,1,0.10114403814077377
mvtec_toothbrush,D:\STUDY\My_github\sci_project\data\patchcore_closeout\mvtec_s0_k1\toothbrush\test\defective\002.png,1,0.23524294793605804
mvtec_toothbrush,D:\STUDY\My_github\sci_project\data\patchcore_closeout\mvtec_s0_k1\toothbrush\test\defective\003.png,1,0.10543128103017807
mvtec_toothbrush,D:\STUDY\My_github\sci_project\data\patchcore_closeout\mvtec_s0_k1\toothbrush\test\defective\004.png,1,0.15945149958133698
mvtec_toothbrush,D:\STUDY\My_github\sci_project\data\patchcore_closeout\mvtec_s0_k1\toothbrush\test\defective\005.png,1,0.6310855746269226
mvtec_toothbrush,D:\STUDY\My_github\sci_project\data\patchcore_closeout\mvtec_s0_k1\toothbrush\test\defective\006.png,1,0.11352837085723877
mvtec_toothbrush,D:\STUDY\My_github\sci_project\data\patchcore_closeout\mvtec_s0_k1\toothbrush\test\defective\007.png,1,0.17091132700443268
mvtec_toothbrush,D:\STUDY\My_github\sci_project\data\patchcore_closeout\mvtec_s0_k1\toothbrush\test\defective\008.png,1,0.46851468086242676
mvtec_toothbrush,D:\STUDY\My_github\sci_project\data\patchcore_closeout\mvtec_s0_k1\toothbrush\test\defective\009.png,1,0.18153248727321625
mvtec_toothbrush,D:\STUDY\My_github\sci_project\data\patchcore_closeout\mvtec_s0_k1\toothbrush\test\defective\010.png,1,0.911774218082428
mvtec_toothbrush,D:\STUDY\My_github\sci_project\data\patchcore_closeout\mvtec_s0_k1\toothbrush\test\defective\011.png,1,0.42594873905181885
mvtec_toothbrush,D:\STUDY\My_github\sci_project\data\patchcore_closeout\mvtec_s0_k1\toothbrush\test\defective\012.png,1,0.8141335844993591
mvtec_toothbrush,D:\STUDY\My_github\sci_project\data\patchcore_closeout\mvtec_s0_k1\toothbrush\test\defective\013.png,1,0.488325834274292
mvtec_toothbrush,D:\STUDY\My_github\sci_project\data\patchcore_closeout\mvtec_s0_k1\toothbrush\test\defective\014.png,1,0.7830743789672852
mvtec_toothbrush,D:\STUDY\My_github\sci_project\data\patchcore_closeout\mvtec_s0_k1\toothbrush\test\defective\015.png,1,0.760478138923645
mvtec_toothbrush,D:\STUDY\My_github\sci_project\data\patchcore_closeout\mvtec_s0_k1\toothbrush\test\defective\016.png,1,0.7535120844841003
mvtec_toothbrush,D:\STUDY\My_github\sci_project\data\patchcore_closeout\mvtec_s0_k1\toothbrush\test\defective\017.png,1,0.8565009236335754
mvtec_toothbrush,D:\STUDY\My_github\sci_project\data\patchcore_closeout\mvtec_s0_k1\toothbrush\test\defective\018.png,1,0.3723910450935364
mvtec_toothbrush,D:\STUDY\My_github\sci_project\data\patchcore_closeout\mvtec_s0_k1\toothbrush\test\defective\019.png,1,0.8219993710517883
mvtec_toothbrush,D:\STUDY\My_github\sci_project\data\patchcore_closeout\mvtec_s0_k1\toothbrush\test\defective\020.png,1,0.4636932611465454
mvtec_toothbrush,D:\STUDY\My_github\sci_project\data\patchcore_closeout\mvtec_s0_k1\toothbrush\test\defective\021.png,1,0.4034067690372467
mvtec_toothbrush,D:\STUDY\My_github\sci_project\data\patchcore_closeout\mvtec_s0_k1\toothbrush\test\defective\022.png,1,0.8864501714706421
mvtec_toothbrush,D:\STUDY\My_github\sci_project\data\patchcore_closeout\mvtec_s0_k1\toothbrush\test\defective\023.png,1,1.0
mvtec_toothbrush,D:\STUDY\My_github\sci_project\data\patchcore_closeout\mvtec_s0_k1\toothbrush\test\defective\024.png,1,0.5557303428649902
mvtec_toothbrush,D:\STUDY\My_github\sci_project\data\patchcore_closeout\mvtec_s0_k1\toothbrush\test\defective\025.png,1,0.7249976992607117
mvtec_toothbrush,D:\STUDY\My_github\sci_project\data\patchcore_closeout\mvtec_s0_k1\toothbrush\test\defective\026.png,1,0.9230969548225403
mvtec_toothbrush,D:\STUDY\My_github\sci_project\data\patchcore_closeout\mvtec_s0_k1\toothbrush\test\defective\027.png,1,0.3785383999347687
mvtec_toothbrush,D:\STUDY\My_github\sci_project\data\patchcore_closeout\mvtec_s0_k1\toothbrush\test\defective\028.png,1,0.4272019565105438
mvtec_toothbrush,D:\STUDY\My_github\sci_project\data\patchcore_closeout\mvtec_s0_k1\toothbrush\test\defective\029.png,1,0.7695924043655396
mvtec_toothbrush,D:\STUDY\My_github\sci_project\data\patchcore_closeout\mvtec_s0_k1\toothbrush\test\good\000.png,0,0.01280871219933033
mvtec_toothbrush,D:\STUDY\My_github\sci_project\data\patchcore_closeout\mvtec_s0_k1\toothbrush\test\good\001.png,0,0.0
mvtec_toothbrush,D:\STUDY\My_github\sci_project\data\patchcore_closeout\mvtec_s0_k1\toothbrush\test\good\002.png,0,0.025234445929527283
mvtec_toothbrush,D:\STUDY\My_github\sci_project\data\patchcore_closeout\mvtec_s0_k1\toothbrush\test\good\003.png,0,0.03110838681459427
mvtec_toothbrush,D:\STUDY\My_github\sci_project\data\patchcore_closeout\mvtec_s0_k1\toothbrush\test\good\004.png,0,0.4021207392215729
mvtec_toothbrush,D:\STUDY\My_github\sci_project\data\patchcore_closeout\mvtec_s0_k1\toothbrush\test\good\005.png,0,0.4524131715297699
mvtec_toothbrush,D:\STUDY\My_github\sci_project\data\patchcore_closeout\mvtec_s0_k1\toothbrush\test\good\006.png,0,0.38182488083839417
mvtec_toothbrush,D:\STUDY\My_github\sci_project\data\patchcore_closeout\mvtec_s0_k1\toothbrush\test\good\007.png,0,0.4055655300617218
mvtec_toothbrush,D:\STUDY\My_github\sci_project\data\patchcore_closeout\mvtec_s0_k1\toothbrush\test\good\008.png,0,0.3730681240558624
mvtec_toothbrush,D:\STUDY\My_github\sci_project\data\patchcore_closeout\mvtec_s0_k1\toothbrush\test\good\009.png,0,0.3570733964443207
mvtec_toothbrush,D:\STUDY\My_github\sci_project\data\patchcore_closeout\mvtec_s0_k1\toothbrush\test\good\010.png,0,0.33165088295936584
mvtec_toothbrush,D:\STUDY\My_github\sci_project\data\patchcore_closeout\mvtec_s0_k1\toothbrush\test\good\011.png,0,0.434741348028183
mvtec_transistor,D:\STUDY\My_github\sci_project\data\patchcore_closeout\mvtec_s0_k1\transistor\test\bent_lead\000.png,1,0.32228386402130127
mvtec_transistor,D:\STUDY\My_github\sci_project\data\patchcore_closeout\mvtec_s0_k1\transistor\test\bent_lead\001.png,1,0.08388802409172058
mvtec_transistor,D:\STUDY\My_github\sci_project\data\patchcore_closeout\mvtec_s0_k1\transistor\test\bent_lead\002.png,1,0.26838746666908264
mvtec_transistor,D:\STUDY\My_github\sci_project\data\patchcore_closeout\mvtec_s0_k1\transistor\test\bent_lead\003.png,1,0.22614777088165283
mvtec_transistor,D:\STUDY\My_github\sci_project\data\patchcore_closeout\mvtec_s0_k1\transistor\test\bent_lead\004.png,1,0.35024142265319824
mvtec_transistor,D:\STUDY\My_github\sci_project\data\patchcore_closeout\mvtec_s0_k1\transistor\test\bent_lead\005.png,1,0.19569438695907593
mvtec_transistor,D:\STUDY\My_github\sci_project\data\patchcore_closeout\mvtec_s0_k1\transistor\test\bent_lead\006.png,1,0.34608325362205505
mvtec_transistor,D:\STUDY\My_github\sci_project\data\patchcore_closeout\mvtec_s0_k1\transistor\test\bent_lead\007.png,1,0.3969697654247284
mvtec_transistor,D:\STUDY\My_github\sci_project\data\patchcore_closeout\mvtec_s0_k1\transistor\test\bent_lead\008.png,1,0.2612617313861847
mvtec_transistor,D:\STUDY\My_github\sci_project\data\patchcore_closeout\mvtec_s0_k1\transistor\test\bent_lead\009.png,1,0.2838374972343445
mvtec_transistor,D:\STUDY\My_github\sci_project\data\patchcore_closeout\mvtec_s0_k1\transistor\test\cut_lead\000.png,1,0.32860425114631653
mvtec_transistor,D:\STUDY\My_github\sci_project\data\patchcore_closeout\mvtec_s0_k1\transistor\test\cut_lead\001.png,1,0.18557442724704742
mvtec_transistor,D:\STUDY\My_github\sci_project\data\patchcore_closeout\mvtec_s0_k1\transistor\test\cut_lead\002.png,1,0.17713075876235962
mvtec_transistor,D:\STUDY\My_github\sci_project\data\patchcore_closeout\mvtec_s0_k1\transistor\test\cut_lead\003.png,1,0.1326458752155304
mvtec_transistor,D:\STUDY\My_github\sci_project\data\patchcore_closeout\mvtec_s0_k1\transistor\test\cut_lead\004.png,1,0.2151949256658554
mvtec_transistor,D:\STUDY\My_github\sci_project\data\patchcore_closeout\mvtec_s0_k1\transistor\test\cut_lead\005.png,1,0.4963865578174591
mvtec_transistor,D:\STUDY\My_github\sci_project\data\patchcore_closeout\mvtec_s0_k1\transistor\test\cut_lead\006.png,1,0.2139863669872284
mvtec_transistor,D:\STUDY\My_github\sci_project\data\patchcore_closeout\mvtec_s0_k1\transistor\test\cut_lead\007.png,1,0.404379665851593
mvtec_transistor,D:\STUDY\My_github\sci_project\data\patchcore_closeout\mvtec_s0_k1\transistor\test\cut_lead\008.png,1,0.11995479464530945
mvtec_transistor,D:\STUDY\My_github\sci_project\data\patchcore_closeout\mvtec_s0_k1\transistor\test\cut_lead\009.png,1,0.18225964903831482
mvtec_transistor,D:\STUDY\My_github\sci_project\data\patchcore_closeout\mvtec_s0_k1\transistor\test\damaged_case\000.png,1,0.2685624957084656
mvtec_transistor,D:\STUDY\My_github\sci_project\data\patchcore_closeout\mvtec_s0_k1\transistor\test\damaged_case\001.png,1,0.3095436096191406
mvtec_transistor,D:\STUDY\My_github\sci_project\data\patchcore_closeout\mvtec_s0_k1\transistor\test\damaged_case\002.png,1,0.17569799721240997
mvtec_transistor,D:\STUDY\My_github\sci_project\data\patchcore_closeout\mvtec_s0_k1\transistor\test\damaged_case\003.png,1,0.24669857323169708
mvtec_transistor,D:\STUDY\My_github\sci_project\data\patchcore_closeout\mvtec_s0_k1\transistor\test\damaged_case\004.png,1,0.2742341458797455
mvtec_transistor,D:\STUDY\My_github\sci_project\data\patchcore_closeout\mvtec_s0_k1\transistor\test\damaged_case\005.png,1,0.24756896495819092
mvtec_transistor,D:\STUDY\My_github\sci_project\data\patchcore_closeout\mvtec_s0_k1\transistor\test\damaged_case\006.png,1,0.22725459933280945
mvtec_transistor,D:\STUDY\My_github\sci_project\data\patchcore_closeout\mvtec_s0_k1\transistor\test\damaged_case\007.png,1,0.25547075271606445
mvtec_transistor,D:\STUDY\My_github\sci_project\data\patchcore_closeout\mvtec_s0_k1\transistor\test\damaged_case\008.png,1,0.34782859683036804
mvtec_transistor,D:\STUDY\My_github\sci_project\data\patchcore_closeout\mvtec_s0_k1\transistor\test\damaged_case\009.png,1,0.38417497277259827
mvtec_transistor,D:\STUDY\My_github\sci_project\data\patchcore_closeout\mvtec_s0_k1\transistor\test\good\000.png,0,0.08029532432556152
mvtec_transistor,D:\STUDY\My_github\sci_project\data\patchcore_closeout\mvtec_s0_k1\transistor\test\good\001.png,0,0.2927008867263794
mvtec_transistor,D:\STUDY\My_github\sci_project\data\patchcore_closeout\mvtec_s0_k1\transistor\test\good\002.png,0,0.16736571490764618
mvtec_transistor,D:\STUDY\My_github\sci_project\data\patchcore_closeout\mvtec_s0_k1\transistor\test\good\003.png,0,0.13587968051433563
mvtec_transistor,D:\STUDY\My_github\sci_project\data\patchcore_closeout\mvtec_s0_k1\transistor\test\good\004.png,0,0.2694263756275177
mvtec_transistor,D:\STUDY\My_github\sci_project\data\patchcore_closeout\mvtec_s0_k1\transistor\test\good\005.png,0,0.12584666907787323
mvtec_transistor,D:\STUDY\My_github\sci_project\data\patchcore_closeout\mvtec_s0_k1\transistor\test\good\006.png,0,0.18080244958400726
mvtec_transistor,D:\STUDY\My_github\sci_project\data\patchcore_closeout\mvtec_s0_k1\transistor\test\good\007.png,0,0.10482614487409592
mvtec_transistor,D:\STUDY\My_github\sci_project\data\patchcore_closeout\mvtec_s0_k1\transistor\test\good\008.png,0,0.10435301065444946
mvtec_transistor,D:\STUDY\My_github\sci_project\data\patchcore_closeout\mvtec_s0_k1\transistor\test\good\009.png,0,0.13304542005062103
mvtec_transistor,D:\STUDY\My_github\sci_project\data\patchcore_closeout\mvtec_s0_k1\transistor\test\good\010.png,0,0.14157092571258545
mvtec_transistor,D:\STUDY\My_github\sci_project\data\patchcore_closeout\mvtec_s0_k1\transistor\test\good\011.png,0,0.15216033160686493
mvtec_transistor,D:\STUDY\My_github\sci_project\data\patchcore_closeout\mvtec_s0_k1\transistor\test\good\012.png,0,0.11168133467435837
mvtec_transistor,D:\STUDY\My_github\sci_project\data\patchcore_closeout\mvtec_s0_k1\transistor\test\good\013.png,0,0.18764513731002808
mvtec_transistor,D:\STUDY\My_github\sci_project\data\patchcore_closeout\mvtec_s0_k1\transistor\test\good\014.png,0,0.15847958624362946
mvtec_transistor,D:\STUDY\My_github\sci_project\data\patchcore_closeout\mvtec_s0_k1\transistor\test\good\015.png,0,0.1393359750509262
mvtec_transistor,D:\STUDY\My_github\sci_project\data\patchcore_closeout\mvtec_s0_k1\transistor\test\good\016.png,0,0.12037081271409988
mvtec_transistor,D:\STUDY\My_github\sci_project\data\patchcore_closeout\mvtec_s0_k1\transistor\test\good\017.png,0,0.13393598794937134
mvtec_transistor,D:\STUDY\My_github\sci_project\data\patchcore_closeout\mvtec_s0_k1\transistor\test\good\018.png,0,0.13856731355190277
mvtec_transistor,D:\STUDY\My_github\sci_project\data\patchcore_closeout\mvtec_s0_k1\transistor\test\good\019.png,0,0.12175498157739639
mvtec_transistor,D:\STUDY\My_github\sci_project\data\patchcore_closeout\mvtec_s0_k1\transistor\test\good\020.png,0,0.10912583768367767
mvtec_transistor,D:\STUDY\My_github\sci_project\data\patchcore_closeout\mvtec_s0_k1\transistor\test\good\021.png,0,0.14232738316059113
mvtec_transistor,D:\STUDY\My_github\sci_project\data\patchcore_closeout\mvtec_s0_k1\transistor\test\good\022.png,0,0.1399477869272232
mvtec_transistor,D:\STUDY\My_github\sci_project\data\patchcore_closeout\mvtec_s0_k1\transistor\test\good\023.png,0,0.13513261079788208
mvtec_transistor,D:\STUDY\My_github\sci_project\data\patchcore_closeout\mvtec_s0_k1\transistor\test\good\024.png,0,0.16858647763729095
mvtec_transistor,D:\STUDY\My_github\sci_project\data\patchcore_closeout\mvtec_s0_k1\transistor\test\good\025.png,0,0.14595985412597656
mvtec_transistor,D:\STUDY\My_github\sci_project\data\patchcore_closeout\mvtec_s0_k1\transistor\test\good\026.png,0,0.08983701467514038
mvtec_transistor,D:\STUDY\My_github\sci_project\data\patchcore_closeout\mvtec_s0_k1\transistor\test\good\027.png,0,0.16474713385105133
mvtec_transistor,D:\STUDY\My_github\sci_project\data\patchcore_closeout\mvtec_s0_k1\transistor\test\good\028.png,0,0.1542341709136963
mvtec_transistor,D:\STUDY\My_github\sci_project\data\patchcore_closeout\mvtec_s0_k1\transistor\test\good\029.png,0,0.22272898256778717
mvtec_transistor,D:\STUDY\My_github\sci_project\data\patchcore_closeout\mvtec_s0_k1\transistor\test\good\030.png,0,0.05075297877192497
mvtec_transistor,D:\STUDY\My_github\sci_project\data\patchcore_closeout\mvtec_s0_k1\transistor\test\good\031.png,0,0.08823375403881073
mvtec_transistor,D:\STUDY\My_github\sci_project\data\patchcore_closeout\mvtec_s0_k1\transistor\test\good\032.png,0,0.213969886302948
mvtec_transistor,D:\STUDY\My_github\sci_project\data\patchcore_closeout\mvtec_s0_k1\transistor\test\good\033.png,0,0.10421404987573624
mvtec_transistor,D:\STUDY\My_github\sci_project\data\patchcore_closeout\mvtec_s0_k1\transistor\test\good\034.png,0,0.16271819174289703
mvtec_transistor,D:\STUDY\My_github\sci_project\data\patchcore_closeout\mvtec_s0_k1\transistor\test\good\035.png,0,0.13587456941604614
mvtec_transistor,D:\STUDY\My_github\sci_project\data\patchcore_closeout\mvtec_s0_k1\transistor\test\good\036.png,0,0.1521756798028946
mvtec_transistor,D:\STUDY\My_github\sci_project\data\patchcore_closeout\mvtec_s0_k1\transistor\test\good\037.png,0,0.19495812058448792
mvtec_transistor,D:\STUDY\My_github\sci_project\data\patchcore_closeout\mvtec_s0_k1\transistor\test\good\038.png,0,0.24492140114307404
mvtec_transistor,D:\STUDY\My_github\sci_project\data\patchcore_closeout\mvtec_s0_k1\transistor\test\good\039.png,0,0.14875632524490356
mvtec_transistor,D:\STUDY\My_github\sci_project\data\patchcore_closeout\mvtec_s0_k1\transistor\test\good\040.png,0,0.10788489133119583
mvtec_transistor,D:\STUDY\My_github\sci_project\data\patchcore_closeout\mvtec_s0_k1\transistor\test\good\041.png,0,0.13112474977970123
mvtec_transistor,D:\STUDY\My_github\sci_project\data\patchcore_closeout\mvtec_s0_k1\transistor\test\good\042.png,0,0.09956170618534088
mvtec_transistor,D:\STUDY\My_github\sci_project\data\patchcore_closeout\mvtec_s0_k1\transistor\test\good\043.png,0,0.1250368058681488
mvtec_transistor,D:\STUDY\My_github\sci_project\data\patchcore_closeout\mvtec_s0_k1\transistor\test\good\044.png,0,0.165354385972023
mvtec_transistor,D:\STUDY\My_github\sci_project\data\patchcore_closeout\mvtec_s0_k1\transistor\test\good\045.png,0,0.1657613217830658
mvtec_transistor,D:\STUDY\My_github\sci_project\data\patchcore_closeout\mvtec_s0_k1\transistor\test\good\046.png,0,0.18463639914989471
mvtec_transistor,D:\STUDY\My_github\sci_project\data\patchcore_closeout\mvtec_s0_k1\transistor\test\good\047.png,0,0.13772504031658173
mvtec_transistor,D:\STUDY\My_github\sci_project\data\patchcore_closeout\mvtec_s0_k1\transistor\test\good\048.png,0,0.1025235578417778
mvtec_transistor,D:\STUDY\My_github\sci_project\data\patchcore_closeout\mvtec_s0_k1\transistor\test\good\049.png,0,0.1805819422006607
mvtec_transistor,D:\STUDY\My_github\sci_project\data\patchcore_closeout\mvtec_s0_k1\transistor\test\good\050.png,0,0.17812788486480713
mvtec_transistor,D:\STUDY\My_github\sci_project\data\patchcore_closeout\mvtec_s0_k1\transistor\test\good\051.png,0,0.16609834134578705
mvtec_transistor,D:\STUDY\My_github\sci_project\data\patchcore_closeout\mvtec_s0_k1\transistor\test\good\052.png,0,0.14007054269313812
mvtec_transistor,D:\STUDY\My_github\sci_project\data\patchcore_closeout\mvtec_s0_k1\transistor\test\good\053.png,0,0.17132583260536194
mvtec_transistor,D:\STUDY\My_github\sci_project\data\patchcore_closeout\mvtec_s0_k1\transistor\test\good\054.png,0,0.18307292461395264
mvtec_transistor,D:\STUDY\My_github\sci_project\data\patchcore_closeout\mvtec_s0_k1\transistor\test\good\055.png,0,0.16286568343639374
mvtec_transistor,D:\STUDY\My_github\sci_project\data\patchcore_closeout\mvtec_s0_k1\transistor\test\good\056.png,0,0.1642080694437027
mvtec_transistor,D:\STUDY\My_github\sci_project\data\patchcore_closeout\mvtec_s0_k1\transistor\test\good\057.png,0,0.1490953266620636
mvtec_transistor,D:\STUDY\My_github\sci_project\data\patchcore_closeout\mvtec_s0_k1\transistor\test\good\058.png,0,0.16110555827617645
mvtec_transistor,D:\STUDY\My_github\sci_project\data\patchcore_closeout\mvtec_s0_k1\transistor\test\good\059.png,0,0.13499052822589874
mvtec_transistor,D:\STUDY\My_github\sci_project\data\patchcore_closeout\mvtec_s0_k1\transistor\test\misplaced\000.png,1,0.2807832956314087
mvtec_transistor,D:\STUDY\My_github\sci_project\data\patchcore_closeout\mvtec_s0_k1\transistor\test\misplaced\001.png,1,0.5464115142822266
mvtec_transistor,D:\STUDY\My_github\sci_project\data\patchcore_closeout\mvtec_s0_k1\transistor\test\misplaced\002.png,1,0.027669699862599373
mvtec_transistor,D:\STUDY\My_github\sci_project\data\patchcore_closeout\mvtec_s0_k1\transistor\test\misplaced\003.png,1,0.0
mvtec_transistor,D:\STUDY\My_github\sci_project\data\patchcore_closeout\mvtec_s0_k1\transistor\test\misplaced\004.png,1,0.51689612865448
mvtec_transistor,D:\STUDY\My_github\sci_project\data\patchcore_closeout\mvtec_s0_k1\transistor\test\misplaced\005.png,1,0.712557852268219
mvtec_transistor,D:\STUDY\My_github\sci_project\data\patchcore_closeout\mvtec_s0_k1\transistor\test\misplaced\006.png,1,0.268971711397171
mvtec_transistor,D:\STUDY\My_github\sci_project\data\patchcore_closeout\mvtec_s0_k1\transistor\test\misplaced\007.png,1,0.7709358334541321
mvtec_transistor,D:\STUDY\My_github\sci_project\data\patchcore_closeout\mvtec_s0_k1\transistor\test\misplaced\008.png,1,1.0
mvtec_transistor,D:\STUDY\My_github\sci_project\data\patchcore_closeout\mvtec_s0_k1\transistor\test\misplaced\009.png,1,0.573845624923706
mvtec_wood,D:\STUDY\My_github\sci_project\data\patchcore_closeout\mvtec_s0_k1\wood\test\color\000.png,1,0.5644094347953796
mvtec_wood,D:\STUDY\My_github\sci_project\data\patchcore_closeout\mvtec_s0_k1\wood\test\color\001.png,1,0.5968737602233887
mvtec_wood,D:\STUDY\My_github\sci_project\data\patchcore_closeout\mvtec_s0_k1\wood\test\color\002.png,1,0.41783326864242554
mvtec_wood,D:\STUDY\My_github\sci_project\data\patchcore_closeout\mvtec_s0_k1\wood\test\color\003.png,1,0.8301730155944824
mvtec_wood,D:\STUDY\My_github\sci_project\data\patchcore_closeout\mvtec_s0_k1\wood\test\color\004.png,1,0.441780149936676
mvtec_wood,D:\STUDY\My_github\sci_project\data\patchcore_closeout\mvtec_s0_k1\wood\test\color\005.png,1,0.6217063069343567
mvtec_wood,D:\STUDY\My_github\sci_project\data\patchcore_closeout\mvtec_s0_k1\wood\test\color\006.png,1,0.45712727308273315
mvtec_wood,D:\STUDY\My_github\sci_project\data\patchcore_closeout\mvtec_s0_k1\wood\test\color\007.png,1,0.6784070134162903
mvtec_wood,D:\STUDY\My_github\sci_project\data\patchcore_closeout\mvtec_s0_k1\wood\test\combined\000.png,1,0.797034502029419
mvtec_wood,D:\STUDY\My_github\sci_project\data\patchcore_closeout\mvtec_s0_k1\wood\test\combined\001.png,1,0.8725293278694153
mvtec_wood,D:\STUDY\My_github\sci_project\data\patchcore_closeout\mvtec_s0_k1\wood\test\combined\002.png,1,0.6924160122871399
mvtec_wood,D:\STUDY\My_github\sci_project\data\patchcore_closeout\mvtec_s0_k1\wood\test\combined\003.png,1,0.7523037791252136
mvtec_wood,D:\STUDY\My_github\sci_project\data\patchcore_closeout\mvtec_s0_k1\wood\test\combined\004.png,1,0.82146155834198
mvtec_wood,D:\STUDY\My_github\sci_project\data\patchcore_closeout\mvtec_s0_k1\wood\test\combined\005.png,1,0.6068710684776306
mvtec_wood,D:\STUDY\My_github\sci_project\data\patchcore_closeout\mvtec_s0_k1\wood\test\combined\006.png,1,0.8890905976295471
mvtec_wood,D:\STUDY\My_github\sci_project\data\patchcore_closeout\mvtec_s0_k1\wood\test\combined\007.png,1,0.9939661026000977
mvtec_wood,D:\STUDY\My_github\sci_project\data\patchcore_closeout\mvtec_s0_k1\wood\test\combined\008.png,1,0.5114138126373291
mvtec_wood,D:\STUDY\My_github\sci_project\data\patchcore_closeout\mvtec_s0_k1\wood\test\combined\009.png,1,0.8164874315261841
mvtec_wood,D:\STUDY\My_github\sci_project\data\patchcore_closeout\mvtec_s0_k1\wood\test\combined\010.png,1,1.0
mvtec_wood,D:\STUDY\My_github\sci_project\data\patchcore_closeout\mvtec_s0_k1\wood\test\good\000.png,0,0.08170536905527115
mvtec_wood,D:\STUDY\My_github\sci_project\data\patchcore_closeout\mvtec_s0_k1\wood\test\good\001.png,0,0.060926202684640884
mvtec_wood,D:\STUDY\My_github\sci_project\data\patchcore_closeout\mvtec_s0_k1\wood\test\good\002.png,0,0.04196971282362938
mvtec_wood,D:\STUDY\My_github\sci_project\data\patchcore_closeout\mvtec_s0_k1\wood\test\good\003.png,0,0.0
mvtec_wood,D:\STUDY\My_github\sci_project\data\patchcore_closeout\mvtec_s0_k1\wood\test\good\004.png,0,0.009595286101102829
mvtec_wood,D:\STUDY\My_github\sci_project\data\patchcore_closeout\mvtec_s0_k1\wood\test\good\005.png,0,0.019071398302912712
mvtec_wood,D:\STUDY\My_github\sci_project\data\patchcore_closeout\mvtec_s0_k1\wood\test\good\006.png,0,0.04112882539629936
mvtec_wood,D:\STUDY\My_github\sci_project\data\patchcore_closeout\mvtec_s0_k1\wood\test\good\007.png,0,0.1662839949131012
mvtec_wood,D:\STUDY\My_github\sci_project\data\patchcore_closeout\mvtec_s0_k1\wood\test\good\008.png,0,0.10822704434394836
mvtec_wood,D:\STUDY\My_github\sci_project\data\patchcore_closeout\mvtec_s0_k1\wood\test\good\009.png,0,0.15311533212661743
mvtec_wood,D:\STUDY\My_github\sci_project\data\patchcore_closeout\mvtec_s0_k1\wood\test\good\010.png,0,0.0896875336766243
mvtec_wood,D:\STUDY\My_github\sci_project\data\patchcore_closeout\mvtec_s0_k1\wood\test\good\011.png,0,0.09747733920812607
mvtec_wood,D:\STUDY\My_github\sci_project\data\patchcore_closeout\mvtec_s0_k1\wood\test\good\012.png,0,0.12519142031669617
mvtec_wood,D:\STUDY\My_github\sci_project\data\patchcore_closeout\mvtec_s0_k1\wood\test\good\013.png,0,0.1238517090678215
mvtec_wood,D:\STUDY\My_github\sci_project\data\patchcore_closeout\mvtec_s0_k1\wood\test\good\014.png,0,0.17414124310016632
mvtec_wood,D:\STUDY\My_github\sci_project\data\patchcore_closeout\mvtec_s0_k1\wood\test\good\015.png,0,0.21388797461986542
mvtec_wood,D:\STUDY\My_github\sci_project\data\patchcore_closeout\mvtec_s0_k1\wood\test\good\016.png,0,0.3509872555732727
mvtec_wood,D:\STUDY\My_github\sci_project\data\patchcore_closeout\mvtec_s0_k1\wood\test\good\017.png,0,0.33143529295921326
mvtec_wood,D:\STUDY\My_github\sci_project\data\patchcore_closeout\mvtec_s0_k1\wood\test\good\018.png,0,0.2626018524169922
mvtec_wood,D:\STUDY\My_github\sci_project\data\patchcore_closeout\mvtec_s0_k1\wood\test\hole\000.png,1,0.9497776627540588
mvtec_wood,D:\STUDY\My_github\sci_project\data\patchcore_closeout\mvtec_s0_k1\wood\test\hole\001.png,1,0.7394204139709473
mvtec_wood,D:\STUDY\My_github\sci_project\data\patchcore_closeout\mvtec_s0_k1\wood\test\hole\002.png,1,0.6983363628387451
mvtec_wood,D:\STUDY\My_github\sci_project\data\patchcore_closeout\mvtec_s0_k1\wood\test\hole\003.png,1,0.6402167677879333
mvtec_wood,D:\STUDY\My_github\sci_project\data\patchcore_closeout\mvtec_s0_k1\wood\test\hole\004.png,1,0.5960786938667297
mvtec_wood,D:\STUDY\My_github\sci_project\data\patchcore_closeout\mvtec_s0_k1\wood\test\hole\005.png,1,0.24982990324497223
mvtec_wood,D:\STUDY\My_github\sci_project\data\patchcore_closeout\mvtec_s0_k1\wood\test\hole\006.png,1,0.4151303768157959
mvtec_wood,D:\STUDY\My_github\sci_project\data\patchcore_closeout\mvtec_s0_k1\wood\test\hole\007.png,1,0.9270454049110413
mvtec_wood,D:\STUDY\My_github\sci_project\data\patchcore_closeout\mvtec_s0_k1\wood\test\hole\008.png,1,0.6883419752120972
mvtec_wood,D:\STUDY\My_github\sci_project\data\patchcore_closeout\mvtec_s0_k1\wood\test\hole\009.png,1,0.7623693346977234
mvtec_wood,D:\STUDY\My_github\sci_project\data\patchcore_closeout\mvtec_s0_k1\wood\test\liquid\000.png,1,0.554394543170929
mvtec_wood,D:\STUDY\My_github\sci_project\data\patchcore_closeout\mvtec_s0_k1\wood\test\liquid\001.png,1,0.7605510950088501
mvtec_wood,D:\STUDY\My_github\sci_project\data\patchcore_closeout\mvtec_s0_k1\wood\test\liquid\002.png,1,0.4281651973724365
mvtec_wood,D:\STUDY\My_github\sci_project\data\patchcore_closeout\mvtec_s0_k1\wood\test\liquid\003.png,1,0.5077977776527405
mvtec_wood,D:\STUDY\My_github\sci_project\data\patchcore_closeout\mvtec_s0_k1\wood\test\liquid\004.png,1,0.5254940390586853
mvtec_wood,D:\STUDY\My_github\sci_project\data\patchcore_closeout\mvtec_s0_k1\wood\test\liquid\005.png,1,0.4465239346027374
mvtec_wood,D:\STUDY\My_github\sci_project\data\patchcore_closeout\mvtec_s0_k1\wood\test\liquid\006.png,1,0.41446223855018616
mvtec_wood,D:\STUDY\My_github\sci_project\data\patchcore_closeout\mvtec_s0_k1\wood\test\liquid\007.png,1,0.5367900133132935
mvtec_wood,D:\STUDY\My_github\sci_project\data\patchcore_closeout\mvtec_s0_k1\wood\test\liquid\008.png,1,0.8623125553131104
mvtec_wood,D:\STUDY\My_github\sci_project\data\patchcore_closeout\mvtec_s0_k1\wood\test\liquid\009.png,1,0.6027135252952576
mvtec_wood,D:\STUDY\My_github\sci_project\data\patchcore_closeout\mvtec_s0_k1\wood\test\scratch\000.png,1,0.18667776882648468
mvtec_wood,D:\STUDY\My_github\sci_project\data\patchcore_closeout\mvtec_s0_k1\wood\test\scratch\001.png,1,0.17818012833595276
mvtec_wood,D:\STUDY\My_github\sci_project\data\patchcore_closeout\mvtec_s0_k1\wood\test\scratch\002.png,1,0.5001434087753296
mvtec_wood,D:\STUDY\My_github\sci_project\data\patchcore_closeout\mvtec_s0_k1\wood\test\scratch\003.png,1,0.5736402869224548
mvtec_wood,D:\STUDY\My_github\sci_project\data\patchcore_closeout\mvtec_s0_k1\wood\test\scratch\004.png,1,0.5616009831428528
mvtec_wood,D:\STUDY\My_github\sci_project\data\patchcore_closeout\mvtec_s0_k1\wood\test\scratch\005.png,1,0.5339801907539368
mvtec_wood,D:\STUDY\My_github\sci_project\data\patchcore_closeout\mvtec_s0_k1\wood\test\scratch\006.png,1,0.29249998927116394
mvtec_wood,D:\STUDY\My_github\sci_project\data\patchcore_closeout\mvtec_s0_k1\wood\test\scratch\007.png,1,0.571744441986084
mvtec_wood,D:\STUDY\My_github\sci_project\data\patchcore_closeout\mvtec_s0_k1\wood\test\scratch\008.png,1,0.6172909736633301
mvtec_wood,D:\STUDY\My_github\sci_project\data\patchcore_closeout\mvtec_s0_k1\wood\test\scratch\009.png,1,0.5339484810829163
mvtec_wood,D:\STUDY\My_github\sci_project\data\patchcore_closeout\mvtec_s0_k1\wood\test\scratch\010.png,1,0.7262162566184998
mvtec_wood,D:\STUDY\My_github\sci_project\data\patchcore_closeout\mvtec_s0_k1\wood\test\scratch\011.png,1,0.35406607389450073
mvtec_wood,D:\STUDY\My_github\sci_project\data\patchcore_closeout\mvtec_s0_k1\wood\test\scratch\012.png,1,0.40062013268470764
mvtec_wood,D:\STUDY\My_github\sci_project\data\patchcore_closeout\mvtec_s0_k1\wood\test\scratch\013.png,1,0.5095731616020203
mvtec_wood,D:\STUDY\My_github\sci_project\data\patchcore_closeout\mvtec_s0_k1\wood\test\scratch\014.png,1,0.42904821038246155
mvtec_wood,D:\STUDY\My_github\sci_project\data\patchcore_closeout\mvtec_s0_k1\wood\test\scratch\015.png,1,0.5291057825088501
mvtec_wood,D:\STUDY\My_github\sci_project\data\patchcore_closeout\mvtec_s0_k1\wood\test\scratch\016.png,1,0.5156150460243225
mvtec_wood,D:\STUDY\My_github\sci_project\data\patchcore_closeout\mvtec_s0_k1\wood\test\scratch\017.png,1,0.32642555236816406
mvtec_wood,D:\STUDY\My_github\sci_project\data\patchcore_closeout\mvtec_s0_k1\wood\test\scratch\018.png,1,0.3449624180793762
mvtec_wood,D:\STUDY\My_github\sci_project\data\patchcore_closeout\mvtec_s0_k1\wood\test\scratch\019.png,1,0.6814783215522766
mvtec_wood,D:\STUDY\My_github\sci_project\data\patchcore_closeout\mvtec_s0_k1\wood\test\scratch\020.png,1,0.5004012584686279
mvtec_zipper,D:\STUDY\My_github\sci_project\data\patchcore_closeout\mvtec_s0_k1\zipper\test\broken_teeth\000.png,1,0.19245870411396027
mvtec_zipper,D:\STUDY\My_github\sci_project\data\patchcore_closeout\mvtec_s0_k1\zipper\test\broken_teeth\001.png,1,0.22784484922885895
mvtec_zipper,D:\STUDY\My_github\sci_project\data\patchcore_closeout\mvtec_s0_k1\zipper\test\broken_teeth\002.png,1,0.10710233449935913
mvtec_zipper,D:\STUDY\My_github\sci_project\data\patchcore_closeout\mvtec_s0_k1\zipper\test\broken_teeth\003.png,1,0.30726343393325806
mvtec_zipper,D:\STUDY\My_github\sci_project\data\patchcore_closeout\mvtec_s0_k1\zipper\test\broken_teeth\004.png,1,0.16716627776622772
mvtec_zipper,D:\STUDY\My_github\sci_project\data\patchcore_closeout\mvtec_s0_k1\zipper\test\broken_teeth\005.png,1,0.1905074119567871
mvtec_zipper,D:\STUDY\My_github\sci_project\data\patchcore_closeout\mvtec_s0_k1\zipper\test\broken_teeth\006.png,1,0.23776568472385406
mvtec_zipper,D:\STUDY\My_github\sci_project\data\patchcore_closeout\mvtec_s0_k1\zipper\test\broken_teeth\007.png,1,0.3521994352340698
mvtec_zipper,D:\STUDY\My_github\sci_project\data\patchcore_closeout\mvtec_s0_k1\zipper\test\broken_teeth\008.png,1,0.17288406193256378
mvtec_zipper,D:\STUDY\My_github\sci_project\data\patchcore_closeout\mvtec_s0_k1\zipper\test\broken_teeth\009.png,1,0.10937049239873886
mvtec_zipper,D:\STUDY\My_github\sci_project\data\patchcore_closeout\mvtec_s0_k1\zipper\test\broken_teeth\010.png,1,0.297852486371994
mvtec_zipper,D:\STUDY\My_github\sci_project\data\patchcore_closeout\mvtec_s0_k1\zipper\test\broken_teeth\011.png,1,0.3149353265762329
mvtec_zipper,D:\STUDY\My_github\sci_project\data\patchcore_closeout\mvtec_s0_k1\zipper\test\broken_teeth\012.png,1,0.2068031281232834
mvtec_zipper,D:\STUDY\My_github\sci_project\data\patchcore_closeout\mvtec_s0_k1\zipper\test\broken_teeth\013.png,1,0.33185651898384094
mvtec_zipper,D:\STUDY\My_github\sci_project\data\patchcore_closeout\mvtec_s0_k1\zipper\test\broken_teeth\014.png,1,0.13838033378124237
mvtec_zipper,D:\STUDY\My_github\sci_project\data\patchcore_closeout\mvtec_s0_k1\zipper\test\broken_teeth\015.png,1,0.13774918019771576
mvtec_zipper,D:\STUDY\My_github\sci_project\data\patchcore_closeout\mvtec_s0_k1\zipper\test\broken_teeth\016.png,1,0.06446856260299683
mvtec_zipper,D:\STUDY\My_github\sci_project\data\patchcore_closeout\mvtec_s0_k1\zipper\test\broken_teeth\017.png,1,0.45776650309562683
mvtec_zipper,D:\STUDY\My_github\sci_project\data\patchcore_closeout\mvtec_s0_k1\zipper\test\broken_teeth\018.png,1,0.4636937379837036
mvtec_zipper,D:\STUDY\My_github\sci_project\data\patchcore_closeout\mvtec_s0_k1\zipper\test\combined\000.png,1,0.4672241806983948
mvtec_zipper,D:\STUDY\My_github\sci_project\data\patchcore_closeout\mvtec_s0_k1\zipper\test\combined\001.png,1,0.2944343686103821
mvtec_zipper,D:\STUDY\My_github\sci_project\data\patchcore_closeout\mvtec_s0_k1\zipper\test\combined\002.png,1,0.16274875402450562
mvtec_zipper,D:\STUDY\My_github\sci_project\data\patchcore_closeout\mvtec_s0_k1\zipper\test\combined\003.png,1,0.42285165190696716
mvtec_zipper,D:\STUDY\My_github\sci_project\data\patchcore_closeout\mvtec_s0_k1\zipper\test\combined\004.png,1,0.4196398854255676
mvtec_zipper,D:\STUDY\My_github\sci_project\data\patchcore_closeout\mvtec_s0_k1\zipper\test\combined\005.png,1,0.3389948904514313
mvtec_zipper,D:\STUDY\My_github\sci_project\data\patchcore_closeout\mvtec_s0_k1\zipper\test\combined\006.png,1,0.9066117405891418
mvtec_zipper,D:\STUDY\My_github\sci_project\data\patchcore_closeout\mvtec_s0_k1\zipper\test\combined\007.png,1,0.23704661428928375
mvtec_zipper,D:\STUDY\My_github\sci_project\data\patchcore_closeout\mvtec_s0_k1\zipper\test\combined\008.png,1,0.20467442274093628
mvtec_zipper,D:\STUDY\My_github\sci_project\data\patchcore_closeout\mvtec_s0_k1\zipper\test\combined\009.png,1,0.3185572028160095
mvtec_zipper,D:\STUDY\My_github\sci_project\data\patchcore_closeout\mvtec_s0_k1\zipper\test\combined\010.png,1,0.7068586349487305
mvtec_zipper,D:\STUDY\My_github\sci_project\data\patchcore_closeout\mvtec_s0_k1\zipper\test\combined\011.png,1,0.6279242634773254
mvtec_zipper,D:\STUDY\My_github\sci_project\data\patchcore_closeout\mvtec_s0_k1\zipper\test\combined\012.png,1,0.3028141260147095
mvtec_zipper,D:\STUDY\My_github\sci_project\data\patchcore_closeout\mvtec_s0_k1\zipper\test\combined\013.png,1,0.7419610023498535
mvtec_zipper,D:\STUDY\My_github\sci_project\data\patchcore_closeout\mvtec_s0_k1\zipper\test\combined\014.png,1,0.28918400406837463
mvtec_zipper,D:\STUDY\My_github\sci_project\data\patchcore_closeout\mvtec_s0_k1\zipper\test\combined\015.png,1,0.6824979782104492
mvtec_zipper,D:\STUDY\My_github\sci_project\data\patchcore_closeout\mvtec_s0_k1\zipper\test\fabric_border\000.png,1,0.7544979453086853
mvtec_zipper,D:\STUDY\My_github\sci_project\data\patchcore_closeout\mvtec_s0_k1\zipper\test\fabric_border\001.png,1,1.0
mvtec_zipper,D:\STUDY\My_github\sci_project\data\patchcore_closeout\mvtec_s0_k1\zipper\test\fabric_border\002.png,1,0.4233921468257904
mvtec_zipper,D:\STUDY\My_github\sci_project\data\patchcore_closeout\mvtec_s0_k1\zipper\test\fabric_border\003.png,1,0.5203160643577576
mvtec_zipper,D:\STUDY\My_github\sci_project\data\patchcore_closeout\mvtec_s0_k1\zipper\test\fabric_border\004.png,1,0.6874686479568481
mvtec_zipper,D:\STUDY\My_github\sci_project\data\patchcore_closeout\mvtec_s0_k1\zipper\test\fabric_border\005.png,1,0.9466961026191711
mvtec_zipper,D:\STUDY\My_github\sci_project\data\patchcore_closeout\mvtec_s0_k1\zipper\test\fabric_border\006.png,1,0.6601867079734802
mvtec_zipper,D:\STUDY\My_github\sci_project\data\patchcore_closeout\mvtec_s0_k1\zipper\test\fabric_border\007.png,1,0.5637408494949341
mvtec_zipper,D:\STUDY\My_github\sci_project\data\patchcore_closeout\mvtec_s0_k1\zipper\test\fabric_border\008.png,1,0.5817879438400269
mvtec_zipper,D:\STUDY\My_github\sci_project\data\patchcore_closeout\mvtec_s0_k1\zipper\test\fabric_border\009.png,1,0.6076226830482483
mvtec_zipper,D:\STUDY\My_github\sci_project\data\patchcore_closeout\mvtec_s0_k1\zipper\test\fabric_border\010.png,1,0.6241668462753296
mvtec_zipper,D:\STUDY\My_github\sci_project\data\patchcore_closeout\mvtec_s0_k1\zipper\test\fabric_border\011.png,1,0.4841699004173279
mvtec_zipper,D:\STUDY\My_github\sci_project\data\patchcore_closeout\mvtec_s0_k1\zipper\test\fabric_border\012.png,1,0.499013751745224
mvtec_zipper,D:\STUDY\My_github\sci_project\data\patchcore_closeout\mvtec_s0_k1\zipper\test\fabric_border\013.png,1,0.6079527139663696
mvtec_zipper,D:\STUDY\My_github\sci_project\data\patchcore_closeout\mvtec_s0_k1\zipper\test\fabric_border\014.png,1,0.5928025841712952
mvtec_zipper,D:\STUDY\My_github\sci_project\data\patchcore_closeout\mvtec_s0_k1\zipper\test\fabric_border\015.png,1,0.761987030506134
mvtec_zipper,D:\STUDY\My_github\sci_project\data\patchcore_closeout\mvtec_s0_k1\zipper\test\fabric_border\016.png,1,0.6992921233177185
mvtec_zipper,D:\STUDY\My_github\sci_project\data\patchcore_closeout\mvtec_s0_k1\zipper\test\fabric_interior\000.png,1,0.41815057396888733
mvtec_zipper,D:\STUDY\My_github\sci_project\data\patchcore_closeout\mvtec_s0_k1\zipper\test\fabric_interior\001.png,1,0.07674961537122726
mvtec_zipper,D:\STUDY\My_github\sci_project\data\patchcore_closeout\mvtec_s0_k1\zipper\test\fabric_interior\002.png,1,0.4158511757850647
mvtec_zipper,D:\STUDY\My_github\sci_project\data\patchcore_closeout\mvtec_s0_k1\zipper\test\fabric_interior\003.png,1,0.20807549357414246
mvtec_zipper,D:\STUDY\My_github\sci_project\data\patchcore_closeout\mvtec_s0_k1\zipper\test\fabric_interior\004.png,1,0.43534499406814575
mvtec_zipper,D:\STUDY\My_github\sci_project\data\patchcore_closeout\mvtec_s0_k1\zipper\test\fabric_interior\005.png,1,0.2913246154785156
mvtec_zipper,D:\STUDY\My_github\sci_project\data\patchcore_closeout\mvtec_s0_k1\zipper\test\fabric_interior\006.png,1,0.25981056690216064
mvtec_zipper,D:\STUDY\My_github\sci_project\data\patchcore_closeout\mvtec_s0_k1\zipper\test\fabric_interior\007.png,1,0.0
mvtec_zipper,D:\STUDY\My_github\sci_project\data\patchcore_closeout\mvtec_s0_k1\zipper\test\fabric_interior\008.png,1,0.30637094378471375
mvtec_zipper,D:\STUDY\My_github\sci_project\data\patchcore_closeout\mvtec_s0_k1\zipper\test\fabric_interior\009.png,1,0.2203402817249298
mvtec_zipper,D:\STUDY\My_github\sci_project\data\patchcore_closeout\mvtec_s0_k1\zipper\test\fabric_interior\010.png,1,0.16064509749412537
mvtec_zipper,D:\STUDY\My_github\sci_project\data\patchcore_closeout\mvtec_s0_k1\zipper\test\fabric_interior\011.png,1,0.18317082524299622
mvtec_zipper,D:\STUDY\My_github\sci_project\data\patchcore_closeout\mvtec_s0_k1\zipper\test\fabric_interior\012.png,1,0.08208157867193222
mvtec_zipper,D:\STUDY\My_github\sci_project\data\patchcore_closeout\mvtec_s0_k1\zipper\test\fabric_interior\013.png,1,0.3252367079257965
mvtec_zipper,D:\STUDY\My_github\sci_project\data\patchcore_closeout\mvtec_s0_k1\zipper\test\fabric_interior\014.png,1,0.29246965050697327
mvtec_zipper,D:\STUDY\My_github\sci_project\data\patchcore_closeout\mvtec_s0_k1\zipper\test\fabric_interior\015.png,1,0.204250767827034
mvtec_zipper,D:\STUDY\My_github\sci_project\data\patchcore_closeout\mvtec_s0_k1\zipper\test\good\000.png,0,0.07607121020555496
mvtec_zipper,D:\STUDY\My_github\sci_project\data\patchcore_closeout\mvtec_s0_k1\zipper\test\good\001.png,0,0.06582485884428024
mvtec_zipper,D:\STUDY\My_github\sci_project\data\patchcore_closeout\mvtec_s0_k1\zipper\test\good\002.png,0,0.09746363013982773
mvtec_zipper,D:\STUDY\My_github\sci_project\data\patchcore_closeout\mvtec_s0_k1\zipper\test\good\003.png,0,0.09140755236148834
mvtec_zipper,D:\STUDY\My_github\sci_project\data\patchcore_closeout\mvtec_s0_k1\zipper\test\good\004.png,0,0.022527920082211494
mvtec_zipper,D:\STUDY\My_github\sci_project\data\patchcore_closeout\mvtec_s0_k1\zipper\test\good\005.png,0,0.050546109676361084
mvtec_zipper,D:\STUDY\My_github\sci_project\data\patchcore_closeout\mvtec_s0_k1\zipper\test\good\006.png,0,0.05404066666960716
mvtec_zipper,D:\STUDY\My_github\sci_project\data\patchcore_closeout\mvtec_s0_k1\zipper\test\good\007.png,0,0.08455633372068405
mvtec_zipper,D:\STUDY\My_github\sci_project\data\patchcore_closeout\mvtec_s0_k1\zipper\test\good\008.png,0,0.023167073726654053
mvtec_zipper,D:\STUDY\My_github\sci_project\data\patchcore_closeout\mvtec_s0_k1\zipper\test\good\009.png,0,0.06179418787360191
mvtec_zipper,D:\STUDY\My_github\sci_project\data\patchcore_closeout\mvtec_s0_k1\zipper\test\good\010.png,0,0.04859791696071625
mvtec_zipper,D:\STUDY\My_github\sci_project\data\patchcore_closeout\mvtec_s0_k1\zipper\test\good\011.png,0,0.09854929149150848
mvtec_zipper,D:\STUDY\My_github\sci_project\data\patchcore_closeout\mvtec_s0_k1\zipper\test\good\012.png,0,0.010529126971960068
mvtec_zipper,D:\STUDY\My_github\sci_project\data\patchcore_closeout\mvtec_s0_k1\zipper\test\good\013.png,0,0.05706780403852463
mvtec_zipper,D:\STUDY\My_github\sci_project\data\patchcore_closeout\mvtec_s0_k1\zipper\test\good\014.png,0,0.06918641924858093
mvtec_zipper,D:\STUDY\My_github\sci_project\data\patchcore_closeout\mvtec_s0_k1\zipper\test\good\015.png,0,0.07789389789104462
mvtec_zipper,D:\STUDY\My_github\sci_project\data\patchcore_closeout\mvtec_s0_k1\zipper\test\good\016.png,0,0.04798226058483124
mvtec_zipper,D:\STUDY\My_github\sci_project\data\patchcore_closeout\mvtec_s0_k1\zipper\test\good\017.png,0,0.03859715536236763
mvtec_zipper,D:\STUDY\My_github\sci_project\data\patchcore_closeout\mvtec_s0_k1\zipper\test\good\018.png,0,0.09316244721412659
mvtec_zipper,D:\STUDY\My_github\sci_project\data\patchcore_closeout\mvtec_s0_k1\zipper\test\good\019.png,0,0.08530420809984207
mvtec_zipper,D:\STUDY\My_github\sci_project\data\patchcore_closeout\mvtec_s0_k1\zipper\test\good\020.png,0,0.07892145216464996
mvtec_zipper,D:\STUDY\My_github\sci_project\data\patchcore_closeout\mvtec_s0_k1\zipper\test\good\021.png,0,0.048077553510665894
mvtec_zipper,D:\STUDY\My_github\sci_project\data\patchcore_closeout\mvtec_s0_k1\zipper\test\good\022.png,0,0.2711794972419739
mvtec_zipper,D:\STUDY\My_github\sci_project\data\patchcore_closeout\mvtec_s0_k1\zipper\test\good\023.png,0,0.05300459265708923
mvtec_zipper,D:\STUDY\My_github\sci_project\data\patchcore_closeout\mvtec_s0_k1\zipper\test\good\024.png,0,0.03991084545850754
mvtec_zipper,D:\STUDY\My_github\sci_project\data\patchcore_closeout\mvtec_s0_k1\zipper\test\good\025.png,0,0.16777367889881134
mvtec_zipper,D:\STUDY\My_github\sci_project\data\patchcore_closeout\mvtec_s0_k1\zipper\test\good\026.png,0,0.11718495190143585
mvtec_zipper,D:\STUDY\My_github\sci_project\data\patchcore_closeout\mvtec_s0_k1\zipper\test\good\027.png,0,0.20511628687381744
mvtec_zipper,D:\STUDY\My_github\sci_project\data\patchcore_closeout\mvtec_s0_k1\zipper\test\good\028.png,0,0.12648794054985046
mvtec_zipper,D:\STUDY\My_github\sci_project\data\patchcore_closeout\mvtec_s0_k1\zipper\test\good\029.png,0,0.10030483454465866
mvtec_zipper,D:\STUDY\My_github\sci_project\data\patchcore_closeout\mvtec_s0_k1\zipper\test\good\030.png,0,0.0856190100312233
mvtec_zipper,D:\STUDY\My_github\sci_project\data\patchcore_closeout\mvtec_s0_k1\zipper\test\good\031.png,0,0.06156667321920395
mvtec_zipper,D:\STUDY\My_github\sci_project\data\patchcore_closeout\mvtec_s0_k1\zipper\test\rough\000.png,1,0.26725754141807556
mvtec_zipper,D:\STUDY\My_github\sci_project\data\patchcore_closeout\mvtec_s0_k1\zipper\test\rough\001.png,1,0.2954270541667938
mvtec_zipper,D:\STUDY\My_github\sci_project\data\patchcore_closeout\mvtec_s0_k1\zipper\test\rough\002.png,1,0.16842781007289886
mvtec_zipper,D:\STUDY\My_github\sci_project\data\patchcore_closeout\mvtec_s0_k1\zipper\test\rough\003.png,1,0.35101255774497986
mvtec_zipper,D:\STUDY\My_github\sci_project\data\patchcore_closeout\mvtec_s0_k1\zipper\test\rough\004.png,1,0.30147796869277954
mvtec_zipper,D:\STUDY\My_github\sci_project\data\patchcore_closeout\mvtec_s0_k1\zipper\test\rough\005.png,1,0.17716678977012634
mvtec_zipper,D:\STUDY\My_github\sci_project\data\patchcore_closeout\mvtec_s0_k1\zipper\test\rough\006.png,1,0.23974500596523285
mvtec_zipper,D:\STUDY\My_github\sci_project\data\patchcore_closeout\mvtec_s0_k1\zipper\test\rough\007.png,1,0.1730981469154358
mvtec_zipper,D:\STUDY\My_github\sci_project\data\patchcore_closeout\mvtec_s0_k1\zipper\test\rough\008.png,1,0.13890637457370758
mvtec_zipper,D:\STUDY\My_github\sci_project\data\patchcore_closeout\mvtec_s0_k1\zipper\test\rough\009.png,1,0.16892310976982117
mvtec_zipper,D:\STUDY\My_github\sci_project\data\patchcore_closeout\mvtec_s0_k1\zipper\test\rough\010.png,1,0.21949736773967743
mvtec_zipper,D:\STUDY\My_github\sci_project\data\patchcore_closeout\mvtec_s0_k1\zipper\test\rough\011.png,1,0.26857948303222656
mvtec_zipper,D:\STUDY\My_github\sci_project\data\patchcore_closeout\mvtec_s0_k1\zipper\test\rough\012.png,1,0.20457783341407776
mvtec_zipper,D:\STUDY\My_github\sci_project\data\patchcore_closeout\mvtec_s0_k1\zipper\test\rough\013.png,1,0.23891396820545197
mvtec_zipper,D:\STUDY\My_github\sci_project\data\patchcore_closeout\mvtec_s0_k1\zipper\test\rough\014.png,1,0.20868134498596191
mvtec_zipper,D:\STUDY\My_github\sci_project\data\patchcore_closeout\mvtec_s0_k1\zipper\test\rough\015.png,1,0.3331888020038605
mvtec_zipper,D:\STUDY\My_github\sci_project\data\patchcore_closeout\mvtec_s0_k1\zipper\test\rough\016.png,1,0.2569104731082916
mvtec_zipper,D:\STUDY\My_github\sci_project\data\patchcore_closeout\mvtec_s0_k1\zipper\test\split_teeth\000.png,1,0.12782900035381317
mvtec_zipper,D:\STUDY\My_github\sci_project\data\patchcore_closeout\mvtec_s0_k1\zipper\test\split_teeth\001.png,1,0.20364609360694885
mvtec_zipper,D:\STUDY\My_github\sci_project\data\patchcore_closeout\mvtec_s0_k1\zipper\test\split_teeth\002.png,1,0.2215728759765625
mvtec_zipper,D:\STUDY\My_github\sci_project\data\patchcore_closeout\mvtec_s0_k1\zipper\test\split_teeth\003.png,1,0.25127509236335754
mvtec_zipper,D:\STUDY\My_github\sci_project\data\patchcore_closeout\mvtec_s0_k1\zipper\test\split_teeth\004.png,1,0.4499228596687317
mvtec_zipper,D:\STUDY\My_github\sci_project\data\patchcore_closeout\mvtec_s0_k1\zipper\test\split_teeth\005.png,1,0.26877471804618835
mvtec_zipper,D:\STUDY\My_github\sci_project\data\patchcore_closeout\mvtec_s0_k1\zipper\test\split_teeth\006.png,1,0.23443162441253662
mvtec_zipper,D:\STUDY\My_github\sci_project\data\patchcore_closeout\mvtec_s0_k1\zipper\test\split_teeth\007.png,1,0.21212218701839447
mvtec_zipper,D:\STUDY\My_github\sci_project\data\patchcore_closeout\mvtec_s0_k1\zipper\test\split_teeth\008.png,1,0.17596182227134705
mvtec_zipper,D:\STUDY\My_github\sci_project\data\patchcore_closeout\mvtec_s0_k1\zipper\test\split_teeth\009.png,1,0.23977108299732208
mvtec_zipper,D:\STUDY\My_github\sci_project\data\patchcore_closeout\mvtec_s0_k1\zipper\test\split_teeth\010.png,1,0.22851474583148956
mvtec_zipper,D:\STUDY\My_github\sci_project\data\patchcore_closeout\mvtec_s0_k1\zipper\test\split_teeth\011.png,1,0.25411009788513184
mvtec_zipper,D:\STUDY\My_github\sci_project\data\patchcore_closeout\mvtec_s0_k1\zipper\test\split_teeth\012.png,1,0.33620044589042664
mvtec_zipper,D:\STUDY\My_github\sci_project\data\patchcore_closeout\mvtec_s0_k1\zipper\test\split_teeth\013.png,1,0.28011035919189453
mvtec_zipper,D:\STUDY\My_github\sci_project\data\patchcore_closeout\mvtec_s0_k1\zipper\test\split_teeth\014.png,1,0.32969141006469727
mvtec_zipper,D:\STUDY\My_github\sci_project\data\patchcore_closeout\mvtec_s0_k1\zipper\test\split_teeth\015.png,1,0.4671528935432434
mvtec_zipper,D:\STUDY\My_github\sci_project\data\patchcore_closeout\mvtec_s0_k1\zipper\test\split_teeth\016.png,1,0.24397194385528564
mvtec_zipper,D:\STUDY\My_github\sci_project\data\patchcore_closeout\mvtec_s0_k1\zipper\test\split_teeth\017.png,1,0.3079919219017029
mvtec_zipper,D:\STUDY\My_github\sci_project\data\patchcore_closeout\mvtec_s0_k1\zipper\test\squeezed_teeth\000.png,1,0.12433134019374847
mvtec_zipper,D:\STUDY\My_github\sci_project\data\patchcore_closeout\mvtec_s0_k1\zipper\test\squeezed_teeth\001.png,1,0.22540031373500824
mvtec_zipper,D:\STUDY\My_github\sci_project\data\patchcore_closeout\mvtec_s0_k1\zipper\test\squeezed_teeth\002.png,1,0.31574752926826477
mvtec_zipper,D:\STUDY\My_github\sci_project\data\patchcore_closeout\mvtec_s0_k1\zipper\test\squeezed_teeth\003.png,1,0.30101391673088074
mvtec_zipper,D:\STUDY\My_github\sci_project\data\patchcore_closeout\mvtec_s0_k1\zipper\test\squeezed_teeth\004.png,1,0.18425893783569336
mvtec_zipper,D:\STUDY\My_github\sci_project\data\patchcore_closeout\mvtec_s0_k1\zipper\test\squeezed_teeth\005.png,1,0.22307482361793518
mvtec_zipper,D:\STUDY\My_github\sci_project\data\patchcore_closeout\mvtec_s0_k1\zipper\test\squeezed_teeth\006.png,1,0.26167094707489014
mvtec_zipper,D:\STUDY\My_github\sci_project\data\patchcore_closeout\mvtec_s0_k1\zipper\test\squeezed_teeth\007.png,1,0.12926432490348816
mvtec_zipper,D:\STUDY\My_github\sci_project\data\patchcore_closeout\mvtec_s0_k1\zipper\test\squeezed_teeth\008.png,1,0.10725417733192444
mvtec_zipper,D:\STUDY\My_github\sci_project\data\patchcore_closeout\mvtec_s0_k1\zipper\test\squeezed_teeth\009.png,1,0.1661495715379715
mvtec_zipper,D:\STUDY\My_github\sci_project\data\patchcore_closeout\mvtec_s0_k1\zipper\test\squeezed_teeth\010.png,1,0.2300688475370407
mvtec_zipper,D:\STUDY\My_github\sci_project\data\patchcore_closeout\mvtec_s0_k1\zipper\test\squeezed_teeth\011.png,1,0.24560455977916718
mvtec_zipper,D:\STUDY\My_github\sci_project\data\patchcore_closeout\mvtec_s0_k1\zipper\test\squeezed_teeth\012.png,1,0.1290564388036728
mvtec_zipper,D:\STUDY\My_github\sci_project\data\patchcore_closeout\mvtec_s0_k1\zipper\test\squeezed_teeth\013.png,1,0.2675336003303528
mvtec_zipper,D:\STUDY\My_github\sci_project\data\patchcore_closeout\mvtec_s0_k1\zipper\test\squeezed_teeth\014.png,1,0.31269997358322144
mvtec_zipper,D:\STUDY\My_github\sci_project\data\patchcore_closeout\mvtec_s0_k1\zipper\test\squeezed_teeth\015.png,1,0.3208540380001068
