dataset,seed,shot,category,method,pixel_auroc,pixel_ap,image_auroc,image_ap,image_f1_max
mpdd,0,1,bracket_black,B,0.9399051322548364,0.020698284627020575,0.43417553191489366,0.5875729912503661,0.7580645161290321
mpdd,0,1,bracket_black,S,0.9324283251396606,0.024394537788906445,0.4428191489361702,0.5996639671076649,0.7519999999999999
mpdd,0,1,bracket_black,C,0.9054983948441077,0.004553237092124371,0.375,0.531704472562165,0.7580645161290321
mpdd,0,1,bracket_black,A1_J,0.9419427536838594,0.010484232161356622,0.4275265957446808,0.5621490941122234,0.7768595041322314
mpdd,0,1,bracket_black,TRI_J,0.93857918188487,0.01111307971557714,0.41555851063829785,0.555887188775731,0.7704918032786886
mpdd,0,1,bracket_black,BAL_J,0.9378795298876381,0.009446305967508218,0.4109042553191489,0.5566918430913823,0.7768595041322314
mpdd,0,1,bracket_black,DUP_J,0.9424884326715584,0.012929526448518589,0.43683510638297873,0.5640699187407189,0.7603305785123967
mpdd,0,1,bracket_black,DUP_BAL_J,0.9419427536838594,0.010484232161356622,0.4275265957446808,0.5621490941122234,0.7768595041322314
mpdd,0,1,bracket_black,DUP_EXPECTED_J,0.9424884326715584,0.012929526448518589,0.43683510638297873,0.5640699187407189,0.7603305785123967
mpdd,0,1,bracket_black,A1_L,0.9370410730048,0.009556228519546179,0.410904255319149,0.5511596943080194,0.7768595041322314
mpdd,0,1,bracket_black,DUP_L,0.9389131776925941,0.012060385245083821,0.42486702127659576,0.558234221305072,0.7642276422764228
mpdd,0,1,bracket_black,TRI_L,0.9361269707272014,0.010705183461540573,0.418218085106383,0.5558635434946949,0.7704918032786886
mpdd,0,1,bracket_black,BAL_L,0.9343037826024692,0.008781615030853998,0.4075797872340426,0.5558924118360455,0.7768595041322314
mpdd,0,1,bracket_brown,B,0.8964985508359131,0.03713649612439021,0.4856711915535445,0.6761955522801084,0.796875
mpdd,0,1,bracket_brown,S,0.9308237056196966,0.04568812717841718,0.43137254901960786,0.6488569966932699,0.796875
mpdd,0,1,bracket_brown,C,0.9264269999332064,0.030702615235043237,0.5671191553544496,0.7163959286518556,0.8031496062992126
mpdd,0,1,bracket_brown,A1_J,0.9098312920752817,0.03444572142559052,0.5603318250377074,0.7399949469760592,0.796875
mpdd,0,1,bracket_brown,TRI_J,0.9224451718338629,0.04012115611967321,0.502262443438914,0.7021940789305717,0.796875
mpdd,0,1,bracket_brown,BAL_J,0.9237342573995282,0.0378676629536082,0.5354449472096531,0.7315514228853147,0.796875
mpdd,0,1,bracket_brown,DUP_J,0.9046030047525645,0.03562750078804686,0.528657616892911,0.7087128841756154,0.796875
mpdd,0,1,bracket_brown,DUP_BAL_J,0.9098312920752817,0.03444572142559052,0.5603318250377074,0.7399949469760592,0.796875
mpdd,0,1,bracket_brown,DUP_EXPECTED_J,0.9046030047525645,0.03562750078804686,0.528657616892911,0.7087128841756154,0.796875
mpdd,0,1,bracket_brown,A1_L,0.9196448015036441,0.03867845829055906,0.576923076923077,0.7336251950484683,0.796875
mpdd,0,1,bracket_brown,DUP_L,0.9112560944392314,0.038517114805567604,0.5384615384615384,0.6987479488159031,0.796875
mpdd,0,1,bracket_brown,TRI_L,0.9290572652669158,0.04342881568946949,0.5158371040723981,0.6865408692801347,0.796875
mpdd,0,1,bracket_brown,BAL_L,0.9322567003708377,0.042362050778070474,0.5452488687782805,0.7105906183014447,0.796875
mpdd,0,1,bracket_white,B,0.9916050513343316,0.07165047828223282,0.7044444444444444,0.6461388369463097,0.7692307692307693
mpdd,0,1,bracket_white,S,0.9912126681180973,0.09433514780956423,0.6633333333333333,0.6783522798343196,0.7532467532467533
mpdd,0,1,bracket_white,C,0.9837390906277896,0.03802541076010374,0.7355555555555556,0.7240147423149413,0.7466666666666667
mpdd,0,1,bracket_white,A1_J,0.9942810208045934,0.08474999424338445,0.7855555555555556,0.7564372591813036,0.8059701492537312
mpdd,0,1,bracket_white,TRI_J,0.993440994353959,0.10184357352473074,0.7377777777777778,0.7446100036173315,0.767123287671233
mpdd,0,1,bracket_white,BAL_J,0.9945217171253269,0.09708575137891731,0.7755555555555556,0.7772410835634779,0.7887323943661972
mpdd,0,1,bracket_white,DUP_J,0.9932579069112233,0.08387013885406,0.7466666666666667,0.7045143887104062,0.7647058823529413
mpdd,0,1,bracket_white,DUP_BAL_J,0.9942810208045934,0.08474999424338445,0.7855555555555556,0.7564372591813036,0.8059701492537312
mpdd,0,1,bracket_white,DUP_EXPECTED_J,0.9932579069112233,0.08387013885406,0.7466666666666667,0.7045143887104062,0.7647058823529413
mpdd,0,1,bracket_white,A1_L,0.9938922226902085,0.09410628236856854,0.79,0.7684812761368793,0.8055555555555556
mpdd,0,1,bracket_white,DUP_L,0.993053185233188,0.08814860824877828,0.7622222222222222,0.7263949041469987,0.78125
mpdd,0,1,bracket_white,TRI_L,0.9937215594797448,0.10373704377565389,0.7444444444444445,0.7411254911499098,0.7733333333333334
mpdd,0,1,bracket_white,BAL_L,0.9944595341518656,0.09988428122219697,0.7855555555555556,0.782288069288856,0.7945205479452055
mpdd,0,1,connector,B,0.9425367392599951,0.08788632581251997,0.519047619047619,0.32758276612205484,0.5531914893617021
mpdd,0,1,connector,S,0.946782305290316,0.09832363923692693,0.5166666666666666,0.3385844384959077,0.5090909090909091
mpdd,0,1,connector,C,0.9606526541244197,0.09826062704684245,0.8261904761904763,0.7284271647720593,0.7407407407407408
mpdd,0,1,connector,A1_J,0.948803307983282,0.12611134305680063,0.5714285714285714,0.4311063420475626,0.5185185185185185
mpdd,0,1,connector,TRI_J,0.9456431459474639,0.11641767581280614,0.5357142857142857,0.3410824735094713,0.52
mpdd,0,1,connector,BAL_J,0.9492997067421827,0.13403115201924226,0.5595238095238095,0.42595265919301817,0.5217391304347825
mpdd,0,1,connector,DUP_J,0.945640341569429,0.103972250275994,0.5404761904761906,0.3547908486705055,0.5283018867924528
mpdd,0,1,connector,DUP_BAL_J,0.948803307983282,0.12611134305680063,0.5714285714285714,0.4311063420475626,0.5185185185185185
mpdd,0,1,connector,DUP_EXPECTED_J,0.945640341569429,0.103972250275994,0.5404761904761906,0.3547908486705055,0.5283018867924528
mpdd,0,1,connector,A1_L,0.957206478914511,0.13137851586372906,0.5976190476190476,0.4785322544109091,0.55
mpdd,0,1,connector,DUP_L,0.9521554077565664,0.10843835350781947,0.5571428571428572,0.3559305928409107,0.5333333333333333
mpdd,0,1,connector,TRI_L,0.9560980437269306,0.12692808230682498,0.5761904761904761,0.3908475852668976,0.55
mpdd,0,1,connector,BAL_L,0.960090819878042,0.14841369678644256,0.6214285714285714,0.5050262455947658,0.5416666666666667
mpdd,0,1,metal_plate,B,0.9546154335506615,0.7632616764164711,0.9745395449620802,0.9912933697120341,0.9436619718309859
mpdd,0,1,metal_plate,S,0.9703775963179291,0.8471733571363781,0.9929577464788732,0.9974692899917978,0.9726027397260273
mpdd,0,1,metal_plate,C,0.9876175010553632,0.9256255712707924,0.9978331527627303,0.9992228867880035,0.9861111111111112
mpdd,0,1,metal_plate,A1_J,0.9769343334479985,0.8713213541856446,1.0,1.0,1.0
mpdd,0,1,metal_plate,TRI_J,0.9749350497797771,0.8639407469100534,1.0,1.0,1.0
mpdd,0,1,metal_plate,BAL_J,0.9808534834103517,0.892623861358778,1.0,1.0,1.0
mpdd,0,1,metal_plate,DUP_J,0.9695161039518396,0.8340747800954418,1.0,1.0,1.0
mpdd,0,1,metal_plate,DUP_BAL_J,0.9769343334479985,0.8713213541856446,1.0,1.0,1.0
mpdd,0,1,metal_plate,DUP_EXPECTED_J,0.9695161039518396,0.8340747800954418,1.0,1.0,1.0
mpdd,0,1,metal_plate,A1_L,0.9782306900165716,0.8692493436997928,1.0,1.0,1.0
mpdd,0,1,metal_plate,DUP_L,0.9702760362767446,0.8305623274057209,1.0,1.0,1.0
mpdd,0,1,metal_plate,TRI_L,0.9776577147878368,0.8704466394554007,1.0,1.0,1.0
mpdd,0,1,metal_plate,BAL_L,0.9834366875435442,0.8981212761892328,1.0,1.0,1.0
mpdd,0,1,tubes,B,0.9826653695536169,0.6959782435017179,0.9325181159420289,0.9747606302963413,0.9302325581395349
mpdd,0,1,tubes,S,0.9750214102894144,0.5715179080284134,0.9388586956521738,0.9735273442443512,0.9064748201438848
mpdd,0,1,tubes,C,0.971491393151393,0.4735522169644566,0.8858695652173914,0.9469651664340161,0.8840579710144928
mpdd,0,1,tubes,A1_J,0.9862483457378635,0.7281610472693901,0.9406702898550725,0.9773282124774338,0.9312977099236642
mpdd,0,1,tubes,TRI_J,0.9835000560628032,0.6880817707217759,0.9433876811594204,0.9776525767930572,0.9264705882352942
mpdd,0,1,tubes,BAL_J,0.9843047018248509,0.6987113039948201,0.9538043478260869,0.9811857113837922,0.9242424242424243
mpdd,0,1,tubes,DUP_J,0.9852870048872691,0.7166370318178196,0.9334239130434783,0.9744726662297845,0.921875
mpdd,0,1,tubes,DUP_BAL_J,0.9862483457378635,0.7281610472693901,0.9406702898550725,0.9773282124774338,0.9312977099236642
mpdd,0,1,tubes,DUP_EXPECTED_J,0.9852870048872691,0.7166370318178196,0.9334239130434783,0.9744726662297845,0.921875
mpdd,0,1,tubes,A1_L,0.9883807252887117,0.736058155872321,0.9375,0.9771631558003023,0.9384615384615386
mpdd,0,1,tubes,DUP_L,0.9865460219523725,0.7195809150474917,0.9325181159420289,0.9751915824224369,0.9302325581395349
mpdd,0,1,tubes,TRI_L,0.9867114809521893,0.7005061308450251,0.9492753623188406,0.9800588208734974,0.9323308270676692
mpdd,0,1,tubes,BAL_L,0.9882990837353548,0.7167155032899677,0.9556159420289856,0.9827894579152617,0.9402985074626865
mpdd,0,2,bracket_black,B,0.9481783125603881,0.04184882277916868,0.46276595744680854,0.6130649371564897,0.7460317460317459
mpdd,0,2,bracket_black,S,0.9367137912351433,0.047821291241002456,0.48204787234042556,0.6241102071768769,0.7460317460317459
mpdd,0,2,bracket_black,C,0.9191619461292069,0.005424674815386872,0.3876329787234043,0.5412927554094715,0.7603305785123967
mpdd,0,2,bracket_black,A1_J,0.9498238120973826,0.014647863408783119,0.4607712765957447,0.561718394831281,0.7519999999999999
mpdd,0,2,bracket_black,TRI_J,0.9458112703761294,0.018055578185973007,0.47938829787234044,0.5764820482888724,0.7460317460317459
mpdd,0,2,bracket_black,BAL_J,0.9457638986359859,0.013042686377683695,0.47207446808510634,0.561077603905514,0.7519999999999999
mpdd,0,2,bracket_black,DUP_J,0.9502956112022274,0.020066580275830033,0.4753989361702127,0.5824820692923546,0.7460317460317459
mpdd,0,2,bracket_black,DUP_BAL_J,0.9498238120973826,0.014647863408783119,0.4607712765957447,0.561718394831281,0.7519999999999999
mpdd,0,2,bracket_black,DUP_EXPECTED_J,0.9502956112022274,0.020066580275830033,0.4753989361702127,0.5824820692923546,0.7460317460317459
mpdd,0,2,bracket_black,A1_L,0.9487041295391396,0.014433728233691491,0.45279255319148937,0.5603113531911076,0.7460317460317459
mpdd,0,2,bracket_black,DUP_L,0.9493912107520761,0.02002968650924617,0.4621010638297873,0.5785204463679563,0.7460317460317459
mpdd,0,2,bracket_black,TRI_L,0.9466914968940232,0.018444164487841246,0.4753989361702127,0.5793580740287998,0.7460317460317459
mpdd,0,2,bracket_black,BAL_L,0.9458136215626587,0.012632746575607878,0.4541223404255319,0.5580177388137727,0.7460317460317459
mpdd,0,2,bracket_brown,B,0.8817220715124212,0.037683947000412124,0.45248868778280543,0.6526055952335706,0.8095238095238095
mpdd,0,2,bracket_brown,S,0.9268723573188242,0.04330864981732668,0.4660633484162896,0.6793357099056567,0.8095238095238095
mpdd,0,2,bracket_brown,C,0.9249674471291033,0.02872429392249899,0.6176470588235294,0.7313922613207775,0.8095238095238095
mpdd,0,2,bracket_brown,A1_J,0.9039260470367483,0.03336958319325254,0.5708898944193062,0.7598400574200707,0.8160000000000001
mpdd,0,2,bracket_brown,TRI_J,0.9152140793935396,0.03730236593058412,0.5407239819004525,0.7379669213664904,0.8160000000000001
mpdd,0,2,bracket_brown,BAL_J,0.9188949912164149,0.03529768097625927,0.5761689291101055,0.7542956958361293,0.8160000000000001
mpdd,0,2,bracket_brown,DUP_J,0.8951119726215568,0.03532162403908852,0.5150829562594268,0.7149788611545356,0.8160000000000001
mpdd,0,2,bracket_brown,DUP_BAL_J,0.9039260470367483,0.03336958319325254,0.5708898944193062,0.7598400574200707,0.8160000000000001
mpdd,0,2,bracket_brown,DUP_EXPECTED_J,0.8951119726215568,0.03532162403908852,0.5150829562594268,0.7149788611545356,0.8160000000000001
mpdd,0,2,bracket_brown,A1_L,0.9123518896184327,0.0390990868766131,0.552790346907994,0.7371496498349854,0.8095238095238095
mpdd,0,2,bracket_brown,DUP_L,0.9011379357360016,0.038977918629171326,0.5113122171945701,0.7016401944694092,0.8095238095238095
mpdd,0,2,bracket_brown,TRI_L,0.9233213473580139,0.04145489763783313,0.5444947209653092,0.747203874411268,0.8095238095238095
mpdd,0,2,bracket_brown,BAL_L,0.9279971070673245,0.04017309650456525,0.5716440422322775,0.7586885658644605,0.8160000000000001
mpdd,0,2,bracket_white,B,0.9941295811574958,0.08935313647194147,0.77,0.7121305306218283,0.7941176470588235
mpdd,0,2,bracket_white,S,0.9948623018010438,0.1457706569786197,0.7822222222222223,0.8034774456550309,0.767123287671233
mpdd,0,2,bracket_white,C,0.9912460466525596,0.050945242888093475,0.7388888888888889,0.70612586116721,0.7792207792207793
mpdd,0,2,bracket_white,A1_J,0.9959438899418237,0.10598851655794718,0.8266666666666667,0.8071000882339985,0.8307692307692307
mpdd,0,2,bracket_white,TRI_J,0.9956606668957011,0.14437489795354133,0.8277777777777777,0.8201869191143311,0.8
mpdd,0,2,bracket_white,BAL_J,0.996338003896882,0.12774249417456804,0.8577777777777778,0.8599429025339121,0.819672131147541
mpdd,0,2,bracket_white,DUP_J,0.9952586409917332,0.10061822938074788,0.7966666666666666,0.7518960630688917,0.8
mpdd,0,2,bracket_white,DUP_BAL_J,0.9959438899418237,0.10598851655794718,0.8266666666666667,0.8071000882339985,0.8307692307692307
mpdd,0,2,bracket_white,DUP_EXPECTED_J,0.9952586409917332,0.10061822938074788,0.7966666666666666,0.7518960630688917,0.8
mpdd,0,2,bracket_white,A1_L,0.9956621503861216,0.10841576102443233,0.8077777777777778,0.7861102519232801,0.7941176470588235
mpdd,0,2,bracket_white,DUP_L,0.9950898939563961,0.0991401628376623,0.7888888888888889,0.7465139258418093,0.7887323943661972
mpdd,0,2,bracket_white,TRI_L,0.9958290430584331,0.14142741366720624,0.8144444444444444,0.8065875634456957,0.8059701492537312
mpdd,0,2,bracket_white,BAL_L,0.9962433077583706,0.1336455158380586,0.8366666666666667,0.8359471703211829,0.7941176470588235
mpdd,0,2,connector,B,0.964635800957075,0.2682592141886535,0.7523809523809524,0.49926502652342986,0.6666666666666665
mpdd,0,2,connector,S,0.9649259491579616,0.16761426403087207,0.6833333333333333,0.4191647362899403,0.6153846153846153
mpdd,0,2,connector,C,0.9693936572218267,0.12903005007187535,0.8714285714285714,0.7565393945579704,0.7272727272727273
mpdd,0,2,connector,A1_J,0.9694350265671895,0.29911096929860254,0.7928571428571429,0.6124756244175316,0.6666666666666666
mpdd,0,2,connector,TRI_J,0.9657751987674472,0.24787411212382754,0.7428571428571429,0.5240828909366061,0.6470588235294117
mpdd,0,2,connector,BAL_J,0.9683445765999645,0.24484213739182079,0.7452380952380953,0.5288753152153558,0.6842105263157894
mpdd,0,2,connector,DUP_J,0.9672984911301529,0.2970662732369496,0.780952380952381,0.5393737653444031,0.6511627906976745
mpdd,0,2,connector,DUP_BAL_J,0.9694350265671895,0.29911096929860254,0.7928571428571429,0.6124756244175316,0.6666666666666666
mpdd,0,2,connector,DUP_EXPECTED_J,0.9672984911301529,0.2970662732369496,0.780952380952381,0.5393737653444031,0.6511627906976745
mpdd,0,2,connector,A1_L,0.9747197434318414,0.3278643287247732,0.8166666666666667,0.6355253484455166,0.6829268292682926
mpdd,0,2,connector,DUP_L,0.9713146132514683,0.3102166798303052,0.7952380952380953,0.5621035783467725,0.6666666666666667
mpdd,0,2,connector,TRI_L,0.9735264710393597,0.2753400875429795,0.7571428571428571,0.5295378680459325,0.6857142857142857
mpdd,0,2,connector,BAL_L,0.9760329172933594,0.28006579648217517,0.7666666666666667,0.5439560752530678,0.6857142857142857
mpdd,0,2,metal_plate,B,0.9420209687635263,0.7560396481055245,0.9989165763813652,0.9996141230947329,0.9929078014184397
mpdd,0,2,metal_plate,S,0.9670085593475038,0.8454822561667317,1.0,1.0,1.0
mpdd,0,2,metal_plate,C,0.9900282630921093,0.9401149697244681,1.0,1.0,1.0
mpdd,0,2,metal_plate,A1_J,0.9764867664339103,0.8783905664419864,1.0,1.0,1.0
mpdd,0,2,metal_plate,TRI_J,0.9738598704389301,0.8718479033213373,1.0,1.0,1.0
mpdd,0,2,metal_plate,BAL_J,0.9810985432819453,0.9018830912671685,1.0,1.0,1.0
mpdd,0,2,metal_plate,DUP_J,0.9668541547732022,0.8383355436001088,1.0,1.0,1.0
mpdd,0,2,metal_plate,DUP_BAL_J,0.9764867664339103,0.8783905664419864,1.0,1.0,1.0
mpdd,0,2,metal_plate,DUP_EXPECTED_J,0.9668541547732022,0.8383355436001088,1.0,1.0,1.0
mpdd,0,2,metal_plate,A1_L,0.9760269181438977,0.8668162008895544,1.0,1.0,1.0
mpdd,0,2,metal_plate,DUP_L,0.9655122698074025,0.8264864546541031,1.0,1.0,1.0
mpdd,0,2,metal_plate,TRI_L,0.975244013941378,0.8677784586704171,1.0,1.0,1.0
mpdd,0,2,metal_plate,BAL_L,0.9824042548278263,0.8974876362492816,1.0,1.0,1.0
mpdd,0,2,tubes,B,0.9838009333152982,0.7004827783824088,0.957427536231884,0.9831327875544104,0.9312977099236642
mpdd,0,2,tubes,S,0.9768208166252419,0.5663739940321258,0.9406702898550725,0.9739574774430311,0.9117647058823529
mpdd,0,2,tubes,C,0.9755203085911445,0.4819673475918702,0.8917572463768114,0.9510331039340126,0.8873239436619719
mpdd,0,2,tubes,A1_J,0.9881148131730095,0.7307356020930713,0.9660326086956521,0.9857863842897303,0.9384615384615386
mpdd,0,2,tubes,TRI_J,0.9852678953246663,0.6857817438972467,0.9664855072463768,0.9859819078168263,0.9402985074626865
mpdd,0,2,tubes,BAL_J,0.9865307439072515,0.6955088572753538,0.9615036231884059,0.9845233443442348,0.9333333333333332
mpdd,0,2,tubes,DUP_J,0.98690092649516,0.7201235122801676,0.9651268115942029,0.9852144535158035,0.9251700680272109
mpdd,0,2,tubes,DUP_BAL_J,0.9881148131730095,0.7307356020930713,0.9660326086956521,0.9857863842897303,0.9384615384615386
mpdd,0,2,tubes,DUP_EXPECTED_J,0.98690092649516,0.7201235122801676,0.9651268115942029,0.9852144535158035,0.9251700680272109
mpdd,0,2,tubes,A1_L,0.9898790838224152,0.7387075844359143,0.9592391304347826,0.9841601753526629,0.9393939393939393
mpdd,0,2,tubes,DUP_L,0.9879611621182773,0.723080384886672,0.9569746376811594,0.9830262173660648,0.9312977099236642
mpdd,0,2,tubes,TRI_L,0.9882130220527998,0.7000155292813021,0.96875,0.9871828163996816,0.9473684210526315
mpdd,0,2,tubes,BAL_L,0.9899188391256882,0.7160805124226726,0.9710144927536232,0.9883041119802364,0.9481481481481481
mpdd,0,4,bracket_black,B,0.9712617780864254,0.16322632233656506,0.7859042553191489,0.8645016779101695,0.7901234567901235
mpdd,0,4,bracket_black,S,0.9690521295910185,0.1317009625330275,0.6688829787234043,0.7822799828088497,0.7758620689655173
mpdd,0,4,bracket_black,C,0.963531484204067,0.023367972115044284,0.4900265957446808,0.5698069988323086,0.7521367521367521
mpdd,0,4,bracket_black,A1_J,0.9740838470124178,0.18559149428133026,0.7972074468085106,0.8699851276988307,0.8041237113402062
mpdd,0,4,bracket_black,TRI_J,0.9728498390701945,0.1859137899277851,0.7799202127659576,0.8682690959547195,0.7816091954022989
mpdd,0,4,bracket_black,BAL_J,0.9738353427235478,0.18655439188319298,0.7706117021276595,0.8592664381163521,0.7768595041322314
mpdd,0,4,bracket_black,DUP_J,0.9726147968096115,0.1803114588002528,0.8051861702127661,0.8785451388047634,0.8045977011494252
mpdd,0,4,bracket_black,DUP_BAL_J,0.9740838470124178,0.18559149428133026,0.7972074468085106,0.8699851276988307,0.8041237113402062
mpdd,0,4,bracket_black,DUP_EXPECTED_J,0.9726147968096115,0.1803114588002528,0.8051861702127661,0.8785451388047634,0.8045977011494252
mpdd,0,4,bracket_black,A1_L,0.978410166034851,0.16876473816622964,0.7945478723404255,0.8697620503258987,0.780952380952381
mpdd,0,4,bracket_black,DUP_L,0.9759600259584574,0.16921873383650332,0.802526595744681,0.8739744961333382,0.8
mpdd,0,4,bracket_black,TRI_L,0.9777414444481339,0.17453804113958016,0.7726063829787234,0.8604997079948516,0.7863247863247863
mpdd,0,4,bracket_black,BAL_L,0.979075899832188,0.17057817381771434,0.7712765957446809,0.8567504694140533,0.7768595041322314
mpdd,0,4,bracket_brown,B,0.8871821936693219,0.04032724325979936,0.5150829562594269,0.6645723235428354,0.8031496062992126
mpdd,0,4,bracket_brown,S,0.9352839142227739,0.046818777616311015,0.5309200603318249,0.6888227415054772,0.8225806451612903
mpdd,0,4,bracket_brown,C,0.9251645372427428,0.028487614258524804,0.6304675716440422,0.7388409292818838,0.8095238095238095
mpdd,0,4,bracket_brown,A1_J,0.9060588741282167,0.033952103093274184,0.5731523378582202,0.7250777918550071,0.8130081300813009
mpdd,0,4,bracket_brown,TRI_J,0.9176322806762108,0.038366633069525466,0.5829562594268477,0.732595412158507,0.8196721311475409
mpdd,0,4,bracket_brown,BAL_J,0.920053292193632,0.03550997631935356,0.5987933634992458,0.734580241604812,0.8196721311475409
mpdd,0,4,bracket_brown,DUP_J,0.8986660749845139,0.03664035844975139,0.5558069381598794,0.6975675639472827,0.8095238095238095
mpdd,0,4,bracket_brown,DUP_BAL_J,0.9060588741282167,0.033952103093274184,0.5731523378582202,0.7250777918550071,0.8130081300813009
mpdd,0,4,bracket_brown,DUP_EXPECTED_J,0.8986660749845139,0.03664035844975139,0.5558069381598794,0.6975675639472827,0.8095238095238095
mpdd,0,4,bracket_brown,A1_L,0.9142032528249885,0.03746346803234922,0.5769230769230769,0.7320996198772781,0.8031496062992126
mpdd,0,4,bracket_brown,DUP_L,0.9040937135731185,0.03951160028583413,0.5505279034690799,0.7044629239388716,0.8031496062992126
mpdd,0,4,bracket_brown,TRI_L,0.927289013704493,0.04250927061968248,0.5731523378582202,0.7291641187372002,0.8095238095238095
mpdd,0,4,bracket_brown,BAL_L,0.9310631074971111,0.04012588036208126,0.5965309200603318,0.747835941729821,0.8160000000000001
mpdd,0,4,bracket_white,B,0.9951661700888526,0.09199013846769113,0.7811111111111111,0.7449981366874826,0.7941176470588235
mpdd,0,4,bracket_white,S,0.9956779742839408,0.10416485177295358,0.7822222222222223,0.7477930779974379,0.8059701492537312
mpdd,0,4,bracket_white,C,0.9929238743181971,0.04177940382943392,0.7622222222222222,0.7258963151538403,0.8
mpdd,0,4,bracket_white,A1_J,0.9965490304092048,0.09536222826166874,0.8244444444444445,0.7945923184318668,0.7894736842105263
mpdd,0,4,bracket_white,TRI_J,0.9965014350915457,0.10491556625583405,0.8155555555555556,0.8094238008282693,0.7777777777777778
mpdd,0,4,bracket_white,BAL_J,0.997057496750847,0.09710997157201837,0.8366666666666667,0.8236925177823039,0.7945205479452055
mpdd,0,4,bracket_white,DUP_J,0.9959780102214961,0.09563884001026517,0.8033333333333333,0.7775293136935915,0.7761194029850748
mpdd,0,4,bracket_white,DUP_BAL_J,0.9965490304092048,0.09536222826166874,0.8244444444444445,0.7945923184318668,0.7894736842105263
mpdd,0,4,bracket_white,DUP_EXPECTED_J,0.9959780102214961,0.09563884001026517,0.8033333333333333,0.7775293136935915,0.7761194029850748
mpdd,0,4,bracket_white,A1_L,0.996420090366819,0.10594663284797728,0.8266666666666667,0.8127483581504462,0.7837837837837838
mpdd,0,4,bracket_white,DUP_L,0.9959534090053555,0.09882279125568984,0.8055555555555556,0.7840763100149328,0.7878787878787877
mpdd,0,4,bracket_white,TRI_L,0.9965435909443294,0.1319937233702518,0.8122222222222222,0.8071064523315201,0.8
mpdd,0,4,bracket_white,BAL_L,0.996915699791483,0.10544507251345343,0.8355555555555556,0.8307598653766428,0.8
mpdd,0,4,connector,B,0.9735610440604037,0.34592197608072994,0.9166666666666667,0.8105254081757841,0.8148148148148148
mpdd,0,4,connector,S,0.9693903854474528,0.20699570247380372,0.7928571428571429,0.6263725237569775,0.6875000000000001
mpdd,0,4,connector,C,0.9696396746234693,0.16636450881677342,0.8285714285714286,0.7281930536986254,0.6666666666666666
mpdd,0,4,connector,A1_J,0.975297297457135,0.37503957266484717,0.8976190476190476,0.8002561922204778,0.7647058823529412
mpdd,0,4,connector,TRI_J,0.9718279098188334,0.31028773291383455,0.8333333333333334,0.6917680427463035,0.6923076923076924
mpdd,0,4,connector,BAL_J,0.9735647450763133,0.3207535846123232,0.830952380952381,0.6884581127136845,0.6842105263157894
mpdd,0,4,connector,DUP_J,0.9744181010964927,0.3660084427606528,0.9166666666666666,0.8233362599118901,0.8125000000000001
mpdd,0,4,connector,DUP_BAL_J,0.975297297457135,0.37503957266484717,0.8976190476190476,0.8002561922204778,0.7647058823529412
mpdd,0,4,connector,DUP_EXPECTED_J,0.9744181010964927,0.3660084427606528,0.9166666666666666,0.8233362599118901,0.8125000000000001
mpdd,0,4,connector,A1_L,0.9798334933927328,0.39571976104729345,0.9142857142857144,0.8225327252112966,0.7777777777777778
mpdd,0,4,connector,DUP_L,0.9778453276772652,0.37972722031583067,0.9142857142857143,0.8073871276919659,0.8148148148148148
mpdd,0,4,connector,TRI_L,0.9779548844252857,0.3398191892305063,0.8928571428571428,0.7919326705040991,0.7586206896551724
mpdd,0,4,connector,BAL_L,0.979419466084577,0.3443701873913774,0.8928571428571429,0.790135360671075,0.75
mpdd,0,4,metal_plate,B,0.9541391892877344,0.8062198059486947,0.9994582881906826,0.9998043818466353,0.993006993006993
mpdd,0,4,metal_plate,S,0.9747075380959287,0.8750971014413726,0.9978331527627302,0.9992006779740839,0.993006993006993
mpdd,0,4,metal_plate,C,0.990644029331812,0.9425642721978168,1.0,1.0,1.0
mpdd,0,4,metal_plate,A1_J,0.979656760849062,0.8849814488088171,1.0,1.0,1.0
mpdd,0,4,metal_plate,TRI_J,0.978638050261831,0.8863869883822727,1.0,1.0,1.0
mpdd,0,4,metal_plate,BAL_J,0.9838051262884938,0.9068324172041451,1.0,1.0,1.0
mpdd,0,4,metal_plate,DUP_J,0.9726824924718734,0.8579556846474317,1.0,1.0,1.0
mpdd,0,4,metal_plate,DUP_BAL_J,0.979656760849062,0.8849814488088171,1.0,1.0,1.0
mpdd,0,4,metal_plate,DUP_EXPECTED_J,0.9726824924718734,0.8579556846474317,1.0,1.0,1.0
mpdd,0,4,metal_plate,A1_L,0.9811469325670795,0.8850119211090588,1.0,1.0,1.0
mpdd,0,4,metal_plate,DUP_L,0.9732881628801187,0.8570608543734421,1.0,1.0,1.0
mpdd,0,4,metal_plate,TRI_L,0.9812823054283728,0.8905962616727887,1.0,1.0,1.0
mpdd,0,4,metal_plate,BAL_L,0.9863852587659387,0.910928346835003,1.0,1.0,1.0
mpdd,0,4,tubes,B,0.9869050049093973,0.7242162845507977,0.957427536231884,0.982522712818592,0.935251798561151
mpdd,0,4,tubes,S,0.9779642269012707,0.6074576113215654,0.9370471014492754,0.9735127748042776,0.9117647058823529
mpdd,0,4,tubes,C,0.977324045163586,0.5033104827470739,0.8890398550724637,0.9505372570544653,0.8840579710144928
mpdd,0,4,tubes,A1_J,0.9903581521894629,0.7550403564694392,0.9633152173913044,0.9851831501360323,0.9361702127659574
mpdd,0,4,tubes,TRI_J,0.9871075292076862,0.7129875408712127,0.967391304347826,0.9858964509652249,0.9295774647887325
mpdd,0,4,tubes,BAL_J,0.9882100229652772,0.7220065575240157,0.9664855072463769,0.986088435118548,0.9361702127659574
mpdd,0,4,tubes,DUP_J,0.9894196576007472,0.7440802643152187,0.9583333333333334,0.9832079924498313,0.935251798561151
mpdd,0,4,tubes,DUP_BAL_J,0.9903581521894629,0.7550403564694392,0.9633152173913044,0.9851831501360323,0.9361702127659574
mpdd,0,4,tubes,DUP_EXPECTED_J,0.9894196576007472,0.7440802643152187,0.9583333333333334,0.9832079924498313,0.935251798561151
mpdd,0,4,tubes,A1_L,0.9919332808372955,0.7607111511966671,0.9664855072463768,0.9865898147601454,0.9428571428571428
mpdd,0,4,tubes,DUP_L,0.9904394581848852,0.7468629889274069,0.9624094202898551,0.9847876383592881,0.9428571428571428
mpdd,0,4,tubes,TRI_L,0.9900269478881052,0.7269070520594824,0.96875,0.9876716484692528,0.9489051094890512
mpdd,0,4,tubes,BAL_L,0.9914109396578357,0.7403666045238415,0.970108695652174,0.9885618897853586,0.9565217391304348
mpdd,0,8,bracket_black,B,0.9756231696819233,0.16925580374231977,0.8377659574468086,0.8903485858408029,0.8301886792452831
mpdd,0,8,bracket_black,S,0.9693186794487012,0.1379296789930508,0.7732712765957447,0.8624246788633468,0.780952380952381
mpdd,0,8,bracket_black,C,0.96213727303241,0.04658090369516282,0.5984042553191491,0.6886288409091569,0.7479674796747967
mpdd,0,8,bracket_black,A1_J,0.9759882232207324,0.18101504663087237,0.8058510638297872,0.8744775808305462,0.8035714285714286
mpdd,0,8,bracket_black,TRI_J,0.9740694852521019,0.1769939281781343,0.8071808510638299,0.8782160051083354,0.8108108108108107
mpdd,0,8,bracket_black,BAL_J,0.9735245022835199,0.17926976984454523,0.7792553191489362,0.8667892819555888,0.7766990291262136
mpdd,0,8,bracket_black,DUP_J,0.9759022903239014,0.1778706459152801,0.8138297872340425,0.8764419715703439,0.8035714285714286
mpdd,0,8,bracket_black,DUP_BAL_J,0.9759882232207324,0.18101504663087237,0.8058510638297872,0.8744775808305462,0.8035714285714286
mpdd,0,8,bracket_black,DUP_EXPECTED_J,0.9759022903239014,0.1778706459152801,0.8138297872340425,0.8764419715703439,0.8035714285714286
mpdd,0,8,bracket_black,A1_L,0.9806157487600504,0.1638255648895226,0.8065159574468085,0.8714750294107058,0.8035714285714286
mpdd,0,8,bracket_black,DUP_L,0.9792394133964464,0.16822695723914893,0.8291223404255319,0.8825668089101434,0.822429906542056
mpdd,0,8,bracket_black,TRI_L,0.9793180296045111,0.1684890098682611,0.8291223404255319,0.889909892826345,0.8125
mpdd,0,8,bracket_black,BAL_L,0.979903483538333,0.16201074567559423,0.8078457446808511,0.8759798053019059,0.7920792079207921
mpdd,0,8,bracket_brown,B,0.9161083670141112,0.057741530195256,0.5558069381598794,0.7030293100139247,0.8264462809917354
mpdd,0,8,bracket_brown,S,0.9481654793272325,0.05402899444346533,0.5641025641025641,0.6973200261818179,0.8225806451612903
mpdd,0,8,bracket_brown,C,0.9285548795625472,0.029890050359697405,0.6591251885369532,0.7580155886968499,0.8160000000000001
mpdd,0,8,bracket_brown,A1_J,0.9257390052777925,0.042374006871337105,0.5995475113122173,0.7289590325971126,0.8225806451612903
mpdd,0,8,bracket_brown,TRI_J,0.9361648122377494,0.04751774846112215,0.6116138763197586,0.7355904881608744,0.8333333333333334
mpdd,0,8,bracket_brown,BAL_J,0.936745367843733,0.04329216098134702,0.6319758672699849,0.7345499633027098,0.8225806451612903
mpdd,0,8,bracket_brown,DUP_J,0.9221792385949968,0.04728511288287615,0.5844645550527904,0.7216413186569365,0.8292682926829268
mpdd,0,8,bracket_brown,DUP_BAL_J,0.9257390052777925,0.042374006871337105,0.5995475113122173,0.7289590325971126,0.8225806451612903
mpdd,0,8,bracket_brown,DUP_EXPECTED_J,0.9221792385949968,0.04728511288287615,0.5844645550527904,0.7216413186569365,0.8292682926829268
mpdd,0,8,bracket_brown,A1_L,0.935539224240455,0.04789758060006138,0.6153846153846154,0.739728388083474,0.8264462809917354
mpdd,0,8,bracket_brown,DUP_L,0.9287335391881765,0.05303134457607508,0.6003016591251886,0.737097357055005,0.8264462809917354
mpdd,0,8,bracket_brown,TRI_L,0.9448899715118075,0.05214261746655209,0.6221719457013575,0.7474525792429005,0.8292682926829268
mpdd,0,8,bracket_brown,BAL_L,0.9466109238110623,0.04846661653590471,0.6425339366515838,0.7530782014393059,0.8360655737704918
mpdd,0,8,bracket_white,B,0.9975110739469288,0.15899502725903378,0.9155555555555556,0.9298010062963715,0.870967741935484
mpdd,0,8,bracket_white,S,0.9966015706949325,0.1251559084345589,0.8844444444444445,0.8777317613698405,0.8615384615384616
mpdd,0,8,bracket_white,C,0.9935333416326381,0.050280022822751305,0.8066666666666666,0.7818871020248299,0.8333333333333333
mpdd,0,8,bracket_white,A1_J,0.9979635385251954,0.13965451946530943,0.9377777777777778,0.9259156179756249,0.8823529411764706
mpdd,0,8,bracket_white,TRI_J,0.9977176499879898,0.13386917563850217,0.9166666666666666,0.911233138518715,0.8571428571428572
mpdd,0,8,bracket_white,BAL_J,0.9978923309850092,0.12109153716096044,0.9233333333333333,0.9091213914069679,0.8656716417910447
mpdd,0,8,bracket_white,DUP_J,0.9978349693554147,0.15034158045246881,0.9322222222222223,0.9331416386425077,0.8852459016393444
mpdd,0,8,bracket_white,DUP_BAL_J,0.9979635385251954,0.13965451946530943,0.9377777777777778,0.9259156179756249,0.8823529411764706
mpdd,0,8,bracket_white,DUP_EXPECTED_J,0.9978349693554147,0.15034158045246881,0.9322222222222223,0.9331416386425077,0.8852459016393444
mpdd,0,8,bracket_white,A1_L,0.9979270693856903,0.14640750218351353,0.9344444444444444,0.9218978470902819,0.888888888888889
mpdd,0,8,bracket_white,DUP_L,0.9977980057191029,0.15403041582192484,0.9233333333333333,0.9199302523814907,0.8666666666666667
mpdd,0,8,bracket_white,TRI_L,0.9977317431469851,0.16230541529235287,0.9233333333333333,0.910987751989745,0.8813559322033899
mpdd,0,8,bracket_white,BAL_L,0.9978158076041493,0.12451737088159374,0.9311111111111111,0.9143835643320708,0.90625
mpdd,0,8,connector,B,0.98296533025653,0.47713325328216155,0.9571428571428572,0.8964118223046793,0.8666666666666666
mpdd,0,8,connector,S,0.979566939168271,0.4274864633244969,0.9523809523809524,0.9298245614035087,0.88
mpdd,0,8,connector,C,0.9768387944303145,0.2412592008000506,0.8333333333333334,0.6976811768137507,0.742857142857143
mpdd,0,8,connector,A1_J,0.9842972810505697,0.5158953399144229,0.9571428571428571,0.9166177893068648,0.8571428571428571
mpdd,0,8,connector,TRI_J,0.9815406966761826,0.49661296526234894,0.9642857142857143,0.9312984303032953,0.8571428571428571
mpdd,0,8,connector,BAL_J,0.982811466243301,0.4988358226582142,0.9642857142857143,0.9303491151705436,0.8666666666666666
mpdd,0,8,connector,DUP_J,0.9836687140534062,0.49749158201703636,0.9523809523809524,0.9016243676957961,0.8571428571428571
mpdd,0,8,connector,DUP_BAL_J,0.9842972810505697,0.5158953399144229,0.9571428571428571,0.9166177893068648,0.8571428571428571
mpdd,0,8,connector,DUP_EXPECTED_J,0.9836687140534062,0.49749158201703636,0.9523809523809524,0.9016243676957961,0.8571428571428571
mpdd,0,8,connector,A1_L,0.9873446527187968,0.5486500599565869,0.9714285714285714,0.9376304367901005,0.9032258064516129
mpdd,0,8,connector,DUP_L,0.9860438314748128,0.5204643593671743,0.9642857142857143,0.9206623558514313,0.8750000000000001
mpdd,0,8,connector,TRI_L,0.9863668500386508,0.5497245042926997,0.9904761904761905,0.9804748822605964,0.9333333333333333
mpdd,0,8,connector,BAL_L,0.987266282753037,0.5624275409762526,0.9857142857142858,0.973530437816152,0.9285714285714286
mpdd,0,8,metal_plate,B,0.9567490060274575,0.8098303728809038,1.0,1.0,1.0
mpdd,0,8,metal_plate,S,0.9758676590048085,0.8776424342766546,1.0,1.0,1.0
mpdd,0,8,metal_plate,C,0.9905431740131473,0.9405090539979226,1.0,1.0,1.0
mpdd,0,8,metal_plate,A1_J,0.9804695479859101,0.8833511926679416,1.0,1.0,1.0
mpdd,0,8,metal_plate,TRI_J,0.979697551745905,0.8870379436510016,1.0,1.0,1.0
mpdd,0,8,metal_plate,BAL_J,0.9844614084924084,0.9058346291401778,1.0,1.0,1.0
mpdd,0,8,metal_plate,DUP_J,0.9740996921586497,0.8586256095547153,1.0,1.0,1.0
mpdd,0,8,metal_plate,DUP_BAL_J,0.9804695479859101,0.8833511926679416,1.0,1.0,1.0
mpdd,0,8,metal_plate,DUP_EXPECTED_J,0.9740996921586497,0.8586256095547153,1.0,1.0,1.0
mpdd,0,8,metal_plate,A1_L,0.982051734713355,0.8851404013106763,1.0,1.0,1.0
mpdd,0,8,metal_plate,DUP_L,0.9747190149239585,0.8585449644885652,1.0,1.0,1.0
mpdd,0,8,metal_plate,TRI_L,0.9821535511541362,0.8914684801525707,1.0,1.0,1.0
mpdd,0,8,metal_plate,BAL_L,0.9869331635753913,0.9107825216673153,1.0,1.0,1.0
mpdd,0,8,tubes,B,0.9898282052353847,0.7539571250853319,0.9569746376811594,0.9829164853190476,0.9343065693430658
mpdd,0,8,tubes,S,0.9812514632557873,0.6418672758143668,0.9470108695652173,0.9768323657573438,0.9139072847682119
mpdd,0,8,tubes,C,0.976966640252408,0.5259037916752817,0.8922101449275363,0.9525219034760896,0.8857142857142857
mpdd,0,8,tubes,A1_J,0.9917650320888511,0.781792082625451,0.9728260869565217,0.989316803950321,0.9489051094890512
mpdd,0,8,tubes,TRI_J,0.9888702187327316,0.7422470639164049,0.9746376811594203,0.9890555699576703,0.9361702127659574
mpdd,0,8,tubes,BAL_J,0.9894992778023617,0.7506664726343746,0.9778079710144927,0.9908821929365926,0.9489051094890512
mpdd,0,8,tubes,DUP_J,0.9913504604196579,0.7733122720324643,0.9664855072463768,0.9868684458872545,0.9489051094890512
mpdd,0,8,tubes,DUP_BAL_J,0.9917650320888511,0.781792082625451,0.9728260869565217,0.989316803950321,0.9489051094890512
mpdd,0,8,tubes,DUP_EXPECTED_J,0.9913504604196579,0.7733122720324643,0.9664855072463768,0.9868684458872545,0.9489051094890512
mpdd,0,8,tubes,A1_L,0.9933720849181751,0.7890834782739421,0.9759963768115942,0.99071719794921,0.9565217391304348
mpdd,0,8,tubes,DUP_L,0.9923905637981,0.7764310060120576,0.9705615942028986,0.988490435783,0.9428571428571428
mpdd,0,8,tubes,TRI_L,0.9917281410342242,0.7583269313353802,0.9746376811594204,0.9898852163090891,0.9565217391304348
mpdd,0,8,tubes,BAL_L,0.9926480703414644,0.7704466517852641,0.975090579710145,0.9905294778723928,0.9565217391304348
mpdd,1,1,bracket_black,B,0.9294049454161438,0.13702960859335028,0.6469414893617021,0.809713650092511,0.7460317460317459
mpdd,1,1,bracket_black,S,0.9185940963862211,0.10445442886154772,0.5837765957446809,0.7401004115952375,0.7479674796747967
mpdd,1,1,bracket_black,C,0.9364867107542152,0.007909550671912966,0.3477393617021276,0.5042294173641337,0.7460317460317459
mpdd,1,1,bracket_black,A1_J,0.9466303745323006,0.11756469139643189,0.6210106382978724,0.7631000700008158,0.7460317460317459
mpdd,1,1,bracket_black,TRI_J,0.9378950799732756,0.1340909702327413,0.6349734042553191,0.797461484328779,0.7460317460317459
mpdd,1,1,bracket_black,BAL_J,0.9456575350316607,0.11729734730318664,0.6256648936170214,0.7604127173806945,0.7460317460317459
mpdd,1,1,bracket_black,DUP_J,0.9402992997640257,0.13323468030326788,0.6389627659574468,0.8007092902115462,0.7460317460317459
mpdd,1,1,bracket_black,DUP_BAL_J,0.9466303745323006,0.11756469139643189,0.6210106382978724,0.7631000700008158,0.7460317460317459
mpdd,1,1,bracket_black,DUP_EXPECTED_J,0.9402992997640257,0.13323468030326788,0.6389627659574468,0.8007092902115462,0.7460317460317459
mpdd,1,1,bracket_black,A1_L,0.949256734765856,0.11936837853149325,0.6243351063829787,0.7768662575727286,0.7460317460317459
mpdd,1,1,bracket_black,DUP_L,0.9426639483215651,0.1334408609175549,0.6402925531914894,0.8012389174693112,0.7460317460317459
mpdd,1,1,bracket_black,TRI_L,0.9439240484926366,0.12972798613218003,0.6356382978723405,0.7964159678254651,0.7460317460317459
mpdd,1,1,bracket_black,BAL_L,0.9499218913766083,0.11287392782445901,0.6110372340425533,0.7647597375791267,0.7460317460317459
mpdd,1,1,bracket_brown,B,0.8908876921864542,0.03629376132871551,0.46003016591251883,0.6569130337946578,0.8031496062992126
mpdd,1,1,bracket_brown,S,0.9360358865223547,0.05496221209236969,0.47285067873303166,0.6490586897298705,0.796875
mpdd,1,1,bracket_brown,C,0.9232954394339866,0.02981397487720334,0.5595776772247361,0.7081899763274145,0.8064516129032259
mpdd,1,1,bracket_brown,A1_J,0.9066849482923097,0.03510864804808378,0.5339366515837104,0.7125361289546833,0.796875
mpdd,1,1,bracket_brown,TRI_J,0.9205913816063868,0.04330968320065516,0.5060331825037707,0.6772268193078019,0.796875
mpdd,1,1,bracket_brown,BAL_J,0.9215137925463583,0.04058233468585215,0.5279034690799397,0.6982735959523566,0.796875
mpdd,1,1,bracket_brown,DUP_J,0.9003915267098266,0.035885409844339564,0.5120663650075414,0.6879341358188595,0.8031496062992126
mpdd,1,1,bracket_brown,DUP_BAL_J,0.9066849482923097,0.03510864804808378,0.5339366515837104,0.7125361289546833,0.796875
mpdd,1,1,bracket_brown,DUP_EXPECTED_J,0.9003915267098266,0.035885409844339564,0.5120663650075414,0.6879341358188595,0.8031496062992126
mpdd,1,1,bracket_brown,A1_L,0.9137724041818719,0.03763790348304151,0.5324283559577676,0.6968993894677429,0.796875
mpdd,1,1,bracket_brown,DUP_L,0.9053178815721395,0.03764288309797556,0.5188536953242835,0.6898560217058529,0.8031496062992126
mpdd,1,1,bracket_brown,TRI_L,0.927365635498498,0.046494553974267716,0.5188536953242835,0.6835670375881615,0.796875
mpdd,1,1,bracket_brown,BAL_L,0.9303145154866832,0.04452940048980716,0.5444947209653093,0.6996619773389046,0.796875
mpdd,1,1,bracket_white,B,0.9926794692714122,0.14085530867362014,0.6233333333333334,0.589279785020407,0.725
mpdd,1,1,bracket_white,S,0.9869170979812044,0.05627763059009143,0.6088888888888888,0.5405582875604739,0.7058823529411764
mpdd,1,1,bracket_white,C,0.9662071390256756,0.005690209964368122,0.6688888888888889,0.653349501727205,0.7228915662650602
mpdd,1,1,bracket_white,A1_J,0.992043422753603,0.05459945795601944,0.6311111111111112,0.5509371768792533,0.7317073170731707
mpdd,1,1,bracket_white,TRI_J,0.9900504769978011,0.055536816072685666,0.6333333333333333,0.5506872568100776,0.7317073170731707
mpdd,1,1,bracket_white,BAL_J,0.9901736067027065,0.04929434548375607,0.6455555555555555,0.5655763615788585,0.7317073170731707
mpdd,1,1,bracket_white,DUP_J,0.9923591589647759,0.06276725254105953,0.6177777777777778,0.5380129037570485,0.7317073170731707
mpdd,1,1,bracket_white,DUP_BAL_J,0.992043422753603,0.05459945795601944,0.6311111111111112,0.5509371768792533,0.7317073170731707
mpdd,1,1,bracket_white,DUP_EXPECTED_J,0.9923591589647759,0.06276725254105953,0.6177777777777778,0.5380129037570485,0.7317073170731707
mpdd,1,1,bracket_white,A1_L,0.9926005970307197,0.06562252590780643,0.6566666666666667,0.5834735548882478,0.7317073170731707
mpdd,1,1,bracket_white,DUP_L,0.992943654190471,0.07943111609190674,0.6488888888888888,0.5757564336926749,0.7317073170731707
mpdd,1,1,bracket_white,TRI_L,0.9907862882463919,0.06574576658024912,0.6333333333333333,0.5548027195789589,0.7317073170731707
mpdd,1,1,bracket_white,BAL_L,0.9905134496332132,0.05879986097748575,0.6466666666666667,0.5703167120541657,0.7317073170731707
mpdd,1,1,connector,B,0.977313592801257,0.2310715215252597,0.6571428571428573,0.48851611405327133,0.5806451612903226
mpdd,1,1,connector,S,0.9724262105183634,0.22323860845414434,0.6714285714285715,0.4665898746480597,0.5833333333333334
mpdd,1,1,connector,C,0.9633847717312589,0.16238111920796933,0.8071428571428573,0.6816807142437394,0.7222222222222223
mpdd,1,1,connector,A1_J,0.9800087765586047,0.2862977351572703,0.719047619047619,0.5693894251460041,0.5957446808510638
mpdd,1,1,connector,TRI_J,0.9785400551031667,0.2766810732234924,0.7476190476190476,0.5292158859444062,0.6486486486486486
mpdd,1,1,connector,BAL_J,0.9791693661189926,0.2936919096881309,0.7523809523809524,0.5657919065061922,0.65
mpdd,1,1,connector,DUP_J,0.9796297705904304,0.2682586529077144,0.6904761904761905,0.4978103975324937,0.5652173913043478
mpdd,1,1,connector,DUP_BAL_J,0.9800087765586047,0.2862977351572703,0.719047619047619,0.5693894251460041,0.5957446808510638
mpdd,1,1,connector,DUP_EXPECTED_J,0.9796297705904304,0.2682586529077144,0.6904761904761905,0.4978103975324937,0.5652173913043478
mpdd,1,1,connector,A1_L,0.9823407933604538,0.299369446082994,0.719047619047619,0.6024582433983693,0.5833333333333334
mpdd,1,1,connector,DUP_L,0.9808507910635346,0.2729221242073367,0.680952380952381,0.5110720356518675,0.5806451612903226
mpdd,1,1,connector,TRI_L,0.9820672520376573,0.3000804799855886,0.7880952380952381,0.6077654721562284,0.7096774193548386
mpdd,1,1,connector,BAL_L,0.9829771439374688,0.32203113767576935,0.807142857142857,0.655227836895481,0.7272727272727273
mpdd,1,1,metal_plate,B,0.9496697559541304,0.8070831583435276,1.0,1.0,1.0
mpdd,1,1,metal_plate,S,0.9655662182760176,0.860184190676514,1.0,1.0,1.0
mpdd,1,1,metal_plate,C,0.9872119781761546,0.9226272694593128,0.9972914409534128,0.9990504529524564,0.9859154929577465
mpdd,1,1,metal_plate,A1_J,0.9750854690249354,0.8772041332895542,1.0,1.0,1.0
mpdd,1,1,metal_plate,TRI_J,0.972832323903176,0.8751001198718097,1.0,1.0,1.0
mpdd,1,1,metal_plate,BAL_J,0.979220728753943,0.8963101713164299,1.0,1.0,1.0
mpdd,1,1,metal_plate,DUP_J,0.9672798488615009,0.8510005228328994,1.0,1.0,1.0
mpdd,1,1,metal_plate,DUP_BAL_J,0.9750854690249354,0.8772041332895542,1.0,1.0,1.0
mpdd,1,1,metal_plate,DUP_EXPECTED_J,0.9672798488615009,0.8510005228328994,1.0,1.0,1.0
mpdd,1,1,metal_plate,A1_L,0.9762385267712462,0.8753487781148854,1.0,1.0,1.0
mpdd,1,1,metal_plate,DUP_L,0.9678546895932743,0.8498551785603587,1.0,1.0,1.0
mpdd,1,1,metal_plate,TRI_L,0.975200220848731,0.8784164756806003,1.0,1.0,1.0
mpdd,1,1,metal_plate,BAL_L,0.9814029445274597,0.8980935678009192,1.0,1.0,1.0
mpdd,1,1,tubes,B,0.9810386788888318,0.6606617552949416,0.970108695652174,0.9872067818878004,0.9411764705882353
mpdd,1,1,tubes,S,0.970844622164136,0.5186470625226353,0.9556159420289855,0.9798370614898183,0.935251798561151
mpdd,1,1,tubes,C,0.9750609851918159,0.4481936222734679,0.9008152173913043,0.9512137217288291,0.9
mpdd,1,1,tubes,A1_J,0.9849314070633173,0.6842869012217306,0.9723731884057971,0.9887498910681627,0.9473684210526315
mpdd,1,1,tubes,TRI_J,0.9807988362382892,0.6305739186184189,0.9814311594202898,0.9921585639468519,0.9571428571428571
mpdd,1,1,tubes,BAL_J,0.9823437886844041,0.6415372156513847,0.9780344202898551,0.990851234159051,0.9503546099290779
mpdd,1,1,tubes,DUP_J,0.9837233135315362,0.6743043889251757,0.96875,0.9870103497411219,0.9481481481481481
mpdd,1,1,tubes,DUP_BAL_J,0.9849314070633173,0.6842869012217306,0.9723731884057971,0.9887498910681627,0.9473684210526315
mpdd,1,1,tubes,DUP_EXPECTED_J,0.9837233135315362,0.6743043889251757,0.96875,0.9870103497411219,0.9481481481481481
mpdd,1,1,tubes,A1_L,0.9867186637390992,0.6927366642526127,0.9769021739130435,0.9903518337038214,0.9552238805970149
mpdd,1,1,tubes,DUP_L,0.9847754434294976,0.6788877446080502,0.9714673913043479,0.9879820962322684,0.9481481481481481
mpdd,1,1,tubes,TRI_L,0.9839933890284389,0.6480391444145172,0.9832427536231885,0.993082915601963,0.9571428571428571
mpdd,1,1,tubes,BAL_L,0.9860828288619992,0.6649176349899655,0.9850543478260869,0.9938926908056259,0.9635036496350365
mpdd,1,2,bracket_black,B,0.9413515278841895,0.08668887317216388,0.44348404255319146,0.6457814353915088,0.7460317460317459
mpdd,1,2,bracket_black,S,0.926560824567397,0.07904911650517195,0.45079787234042556,0.6518481258743737,0.7460317460317459
mpdd,1,2,bracket_black,C,0.9541112559057222,0.026543369581949833,0.46077127659574474,0.5846802252355792,0.7479674796747967
mpdd,1,2,bracket_black,A1_J,0.9535093521542335,0.09204469509478497,0.5219414893617021,0.6690694910861238,0.7460317460317459
mpdd,1,2,bracket_black,TRI_J,0.9448522918415627,0.10529857804262399,0.4900265957446808,0.6777848633027196,0.7460317460317459
mpdd,1,2,bracket_black,BAL_J,0.9508379628790257,0.09942429577063819,0.5219414893617021,0.6920175233429523,0.7460317460317459
mpdd,1,2,bracket_black,DUP_J,0.9488892281840617,0.09987594865761647,0.4893617021276596,0.6726087784350853,0.7460317460317459
mpdd,1,2,bracket_black,DUP_BAL_J,0.9535093521542335,0.09204469509478497,0.5219414893617021,0.6690694910861238,0.7460317460317459
mpdd,1,2,bracket_black,DUP_EXPECTED_J,0.9488892281840617,0.09987594865761647,0.4893617021276596,0.6726087784350853,0.7460317460317459
mpdd,1,2,bracket_black,A1_L,0.9575627128502853,0.09527283964653263,0.5272606382978724,0.6808768302555619,0.7460317460317459
mpdd,1,2,bracket_black,DUP_L,0.9521345616135475,0.10476838538193753,0.4986702127659574,0.6784646324947834,0.7460317460317459
mpdd,1,2,bracket_black,TRI_L,0.9507583365944374,0.11022331929231242,0.5146276595744681,0.6891193378722981,0.7460317460317459
mpdd,1,2,bracket_black,BAL_L,0.9558699434296033,0.10462682282024367,0.538563829787234,0.6975254679792937,0.7460317460317459
mpdd,1,2,bracket_brown,B,0.8748120893828069,0.03280809937120431,0.4487179487179487,0.6716084853679897,0.8225806451612903
mpdd,1,2,bracket_brown,S,0.9196428473037672,0.03993975225493507,0.46681749622926094,0.6435978253672177,0.8064516129032259
mpdd,1,2,bracket_brown,C,0.9189493351318225,0.029236531903620452,0.5852187028657617,0.7469741393868329,0.8095238095238095
mpdd,1,2,bracket_brown,A1_J,0.8916535326322839,0.03131348261232321,0.5490196078431373,0.7267021810819793,0.8225806451612903
mpdd,1,2,bracket_brown,TRI_J,0.9038040858990614,0.0356942959522899,0.5233785822021116,0.7107385034623038,0.8160000000000001
mpdd,1,2,bracket_brown,BAL_J,0.9066318131210211,0.03418898397363814,0.5429864253393666,0.7312088618356275,0.8160000000000001
mpdd,1,2,bracket_brown,DUP_J,0.883684538131494,0.0320525896286772,0.5082956259426847,0.7144690574002323,0.8225806451612903
mpdd,1,2,bracket_brown,DUP_BAL_J,0.8916535326322839,0.03131348261232321,0.5490196078431373,0.7267021810819793,0.8225806451612903
mpdd,1,2,bracket_brown,DUP_EXPECTED_J,0.883684538131494,0.0320525896286772,0.5082956259426847,0.7144690574002323,0.8225806451612903
mpdd,1,2,bracket_brown,A1_L,0.9026625090597183,0.03421426835338933,0.5331825037707391,0.7288528194503024,0.8225806451612903
mpdd,1,2,bracket_brown,DUP_L,0.8922543852254772,0.034256210269059104,0.49245852187028655,0.7030257819497869,0.8225806451612903
mpdd,1,2,bracket_brown,TRI_L,0.9136395128706292,0.03806697240653015,0.5384615384615384,0.7261475305315686,0.8067226890756304
mpdd,1,2,bracket_brown,BAL_L,0.9186716137779916,0.0366544004681932,0.5633484162895926,0.7476016189815419,0.8135593220338982
mpdd,1,2,bracket_white,B,0.9911986985833037,0.03378584496525213,0.7377777777777779,0.7797227246589291,0.7073170731707317
mpdd,1,2,bracket_white,S,0.9935511435176846,0.03301934507866051,0.6844444444444444,0.6597968429616021,0.7088607594936709
mpdd,1,2,bracket_white,C,0.9812711806890096,0.021746982330234508,0.7155555555555555,0.6475108419416292,0.7792207792207793
mpdd,1,2,bracket_white,A1_J,0.9932983320251833,0.0438835154305927,0.7944444444444445,0.8317536405052649,0.7636363636363636
mpdd,1,2,bracket_white,TRI_J,0.9940788952347939,0.036554169020649174,0.76,0.8051159510302497,0.7222222222222222
mpdd,1,2,bracket_white,BAL_J,0.9944990938964136,0.04053356186278479,0.7677777777777778,0.7673266257316618,0.7500000000000001
mpdd,1,2,bracket_white,DUP_J,0.9924516298676567,0.03749373815324152,0.7677777777777778,0.8190686900758906,0.7228915662650602
mpdd,1,2,bracket_white,DUP_BAL_J,0.9932983320251833,0.0438835154305927,0.7944444444444445,0.8317536405052649,0.7636363636363636
mpdd,1,2,bracket_white,DUP_EXPECTED_J,0.9924516298676567,0.03749373815324152,0.7677777777777778,0.8190686900758906,0.7228915662650602
mpdd,1,2,bracket_white,A1_L,0.9937336746515126,0.045514862031565004,0.7822222222222223,0.8256480089653038,0.7341772151898733
mpdd,1,2,bracket_white,DUP_L,0.9929736948714871,0.04406268554592667,0.768888888888889,0.8114318142583299,0.725
mpdd,1,2,bracket_white,TRI_L,0.994949827735856,0.04805084319835867,0.7911111111111112,0.8391234956171288,0.7368421052631577
mpdd,1,2,bracket_white,BAL_L,0.9951654283436422,0.04938658120179757,0.7811111111111112,0.8032111831272415,0.7333333333333333
mpdd,1,2,connector,B,0.9761518124294614,0.3950540228193559,0.8095238095238095,0.5677020874225842,0.7368421052631579
mpdd,1,2,connector,S,0.9780791212338348,0.2744904250848581,0.8047619047619048,0.6424601140296629,0.6857142857142857
mpdd,1,2,connector,C,0.9696778389653639,0.16749062846191815,0.8238095238095238,0.7049832060170406,0.7058823529411764
mpdd,1,2,connector,A1_J,0.9787622591382662,0.42481056343232126,0.8523809523809524,0.6847029050854792,0.7222222222222223
mpdd,1,2,connector,TRI_J,0.9786364913682389,0.38324016469250366,0.8404761904761905,0.6772853080626191,0.6875000000000001
mpdd,1,2,connector,BAL_J,0.9792911467120862,0.3772781790102816,0.8452380952380953,0.6750188019871981,0.7096774193548386
mpdd,1,2,connector,DUP_J,0.9779720779334748,0.42147974182630826,0.8261904761904761,0.6419707949055775,0.717948717948718
mpdd,1,2,connector,DUP_BAL_J,0.9787622591382662,0.42481056343232126,0.8523809523809524,0.6847029050854792,0.7222222222222223
mpdd,1,2,connector,DUP_EXPECTED_J,0.9779720779334748,0.42147974182630826,0.8261904761904761,0.6419707949055775,0.717948717948718
mpdd,1,2,connector,A1_L,0.9825726314833595,0.4500404476403358,0.8619047619047618,0.7218246110646548,0.7567567567567568
mpdd,1,2,connector,DUP_L,0.9804007265437624,0.4343607633684496,0.8333333333333334,0.6672376708867391,0.7368421052631579
mpdd,1,2,connector,TRI_L,0.9827541672676047,0.41414793517429327,0.8833333333333333,0.7667714933263314,0.7567567567567568
mpdd,1,2,connector,BAL_L,0.9840877921036346,0.41550876116281626,0.8904761904761904,0.7807480416408987,0.75
mpdd,1,2,metal_plate,B,0.9534589088291197,0.7909846048745672,0.9956663055254605,0.9984148917167269,0.9861111111111112
mpdd,1,2,metal_plate,S,0.9703243367382892,0.8587261640286306,1.0,1.0,1.0
mpdd,1,2,metal_plate,C,0.9889622039768033,0.9325919120115782,1.0,1.0,1.0
mpdd,1,2,metal_plate,A1_J,0.9776560041939694,0.8688472805185181,1.0,1.0,1.0
mpdd,1,2,metal_plate,TRI_J,0.976183211686032,0.870457769587028,1.0,1.0,1.0
mpdd,1,2,metal_plate,BAL_J,0.9816357739981248,0.8922639417146693,1.0,1.0,1.0
mpdd,1,2,metal_plate,DUP_J,0.9707651086698887,0.8413996468084897,0.9983748645720477,0.9994048012645513,0.993006993006993
mpdd,1,2,metal_plate,DUP_BAL_J,0.9776560041939694,0.8688472805185181,1.0,1.0,1.0
mpdd,1,2,metal_plate,DUP_EXPECTED_J,0.9707651086698887,0.8413996468084897,0.9983748645720477,0.9994048012645513,0.993006993006993
mpdd,1,2,metal_plate,A1_L,0.9791569031644394,0.8693776796116249,1.0,1.0,1.0
mpdd,1,2,metal_plate,DUP_L,0.971364094259412,0.8406961152262995,1.0,1.0,1.0
mpdd,1,2,metal_plate,TRI_L,0.9789493508835756,0.8758174394774112,1.0,1.0,1.0
mpdd,1,2,metal_plate,BAL_L,0.9843410613015888,0.8971919319187943,1.0,1.0,1.0
mpdd,1,2,tubes,B,0.9851297218027082,0.703349293311438,0.9556159420289856,0.9827321083566108,0.9333333333333332
mpdd,1,2,tubes,S,0.9723468454632631,0.5670590223643432,0.9420289855072463,0.975871359980549,0.9147286821705427
mpdd,1,2,tubes,C,0.9748163579161168,0.4764248833566954,0.8940217391304347,0.9498426873775733,0.8905109489051095
mpdd,1,2,tubes,A1_J,0.987871432695141,0.732773252580102,0.9664855072463768,0.9868603575147542,0.9465648854961832
mpdd,1,2,tubes,TRI_J,0.9837009444391976,0.6842097721998874,0.9719202898550725,0.9882114694528717,0.9393939393939393
mpdd,1,2,tubes,BAL_J,0.9846268620702409,0.6958912800818278,0.9755434782608696,0.9899978969961362,0.9481481481481481
mpdd,1,2,tubes,DUP_J,0.987270527244081,0.7229075743257606,0.9556159420289855,0.9832451258222636,0.9393939393939393
mpdd,1,2,tubes,DUP_BAL_J,0.987871432695141,0.732773252580102,0.9664855072463768,0.9868603575147542,0.9465648854961832
mpdd,1,2,tubes,DUP_EXPECTED_J,0.987270527244081,0.7229075743257606,0.9556159420289855,0.9832451258222636,0.9393939393939393
mpdd,1,2,tubes,A1_L,0.9893982342276519,0.7396068739599047,0.9655797101449275,0.9870669596745186,0.9545454545454545
mpdd,1,2,tubes,DUP_L,0.9880532644593591,0.7260506067374781,0.9601449275362319,0.9848228627831334,0.9465648854961832
mpdd,1,2,tubes,TRI_L,0.9867349065902451,0.6985479049850377,0.9759963768115942,0.9906080474535874,0.9565217391304348
mpdd,1,2,tubes,BAL_L,0.9881920296715472,0.7131444090528536,0.9764492753623188,0.9909891072480207,0.9640287769784173
mpdd,1,4,bracket_black,B,0.9507238072558057,0.07292756948548591,0.5452127659574468,0.6609442317239178,0.7540983606557378
mpdd,1,4,bracket_black,S,0.9366970613122221,0.08848037813882292,0.46609042553191493,0.6585376061425836,0.7460317460317459
mpdd,1,4,bracket_black,C,0.9602620702107417,0.029348752153411026,0.5525265957446808,0.6350364614076016,0.773109243697479
mpdd,1,4,bracket_black,A1_J,0.9627968275380744,0.10532529816121065,0.6223404255319149,0.7379091656495027,0.7580645161290321
mpdd,1,4,bracket_black,TRI_J,0.9557221072715529,0.10812815662362948,0.5492021276595744,0.7093356115086394,0.7460317460317459
mpdd,1,4,bracket_black,BAL_J,0.9600257377683807,0.11576739335387534,0.5784574468085106,0.7228027465936446,0.7460317460317459
mpdd,1,4,bracket_black,DUP_J,0.9589261973243396,0.10661666049755937,0.5837765957446809,0.7144772480089435,0.7460317460317459
mpdd,1,4,bracket_black,DUP_BAL_J,0.9627968275380744,0.10532529816121065,0.6223404255319149,0.7379091656495027,0.7580645161290321
mpdd,1,4,bracket_black,DUP_EXPECTED_J,0.9589261973243396,0.10661666049755937,0.5837765957446809,0.7144772480089435,0.7460317460317459
mpdd,1,4,bracket_black,A1_L,0.9653537895728459,0.1053823255970967,0.6176861702127661,0.7348982228327157,0.7479674796747967
mpdd,1,4,bracket_black,DUP_L,0.9604628377738335,0.10371319537473649,0.5851063829787234,0.7158749363182331,0.7540983606557378
mpdd,1,4,bracket_black,TRI_L,0.9601277045690157,0.11075402437639591,0.5884308510638298,0.7360629382937874,0.7500000000000001
mpdd,1,4,bracket_black,BAL_L,0.9645069974366804,0.11375368766228068,0.608377659574468,0.7462926971342849,0.7500000000000001
mpdd,1,4,bracket_brown,B,0.9080758981947811,0.06314485524545829,0.5437405731523379,0.685458275764484,0.8160000000000001
mpdd,1,4,bracket_brown,S,0.9407938179533207,0.0641296407306562,0.6206636500754147,0.7380063801990121,0.8095238095238095
mpdd,1,4,bracket_brown,C,0.9284988540819771,0.031328364270238926,0.6825037707390649,0.78168411049847,0.8166666666666667
mpdd,1,4,bracket_brown,A1_J,0.9197181917183405,0.052191814514845544,0.6372549019607843,0.7328197928056125,0.8292682926829268
mpdd,1,4,bracket_brown,TRI_J,0.9260923970639323,0.055909205775354465,0.6304675716440422,0.72369892761967,0.8135593220338982
mpdd,1,4,bracket_brown,BAL_J,0.927220340261012,0.050491121092582365,0.6681749622926094,0.7393484060573293,0.8196721311475409
mpdd,1,4,bracket_brown,DUP_J,0.9146210378802446,0.05753578381347044,0.6018099547511312,0.7151227428794962,0.8225806451612903
mpdd,1,4,bracket_brown,DUP_BAL_J,0.9197181917183405,0.052191814514845544,0.6372549019607843,0.7328197928056125,0.8292682926829268
mpdd,1,4,bracket_brown,DUP_EXPECTED_J,0.9146210378802446,0.05753578381347044,0.6018099547511312,0.7151227428794962,0.8225806451612903
mpdd,1,4,bracket_brown,A1_L,0.9309598380429301,0.05793776590224582,0.6176470588235294,0.7239836810171089,0.8196721311475409
mpdd,1,4,bracket_brown,DUP_L,0.9229810058139791,0.06151684812221987,0.5897435897435898,0.7118700653350603,0.8196721311475409
mpdd,1,4,bracket_brown,TRI_L,0.9394977258661453,0.06401070854388088,0.6410256410256411,0.7424879344782167,0.8275862068965518
mpdd,1,4,bracket_brown,BAL_L,0.9423032438448204,0.05834720479058901,0.6621417797888386,0.7502683355058908,0.8245614035087719
mpdd,1,4,bracket_white,B,0.9972989348167908,0.11030072833116149,0.8266666666666667,0.7780309847064358,0.8484848484848485
mpdd,1,4,bracket_white,S,0.9976312366709931,0.07007257189113883,0.6844444444444444,0.5961169862412636,0.7777777777777778
mpdd,1,4,bracket_white,C,0.9936769929550275,0.038269182979561035,0.7577777777777779,0.6522439486866117,0.8571428571428571
mpdd,1,4,bracket_white,A1_J,0.9983195762261264,0.1561633017689133,0.8877777777777778,0.8932489762774318,0.819672131147541
mpdd,1,4,bracket_white,TRI_J,0.998137725025408,0.13618031849428955,0.7744444444444445,0.7608219765876553,0.767123287671233
mpdd,1,4,bracket_white,BAL_J,0.9983634628177342,0.13782291386092974,0.7811111111111111,0.725453083513197,0.7941176470588235
mpdd,1,4,bracket_white,DUP_J,0.9979133470993002,0.12786478962318706,0.8677777777777778,0.8496834065419784,0.84375
mpdd,1,4,bracket_white,DUP_BAL_J,0.9983195762261264,0.1561633017689133,0.8877777777777778,0.8932489762774318,0.819672131147541
mpdd,1,4,bracket_white,DUP_EXPECTED_J,0.9979133470993002,0.12786478962318706,0.8677777777777778,0.8496834065419784,0.84375
mpdd,1,4,bracket_white,A1_L,0.9983171037420923,0.14444098564122132,0.8744444444444445,0.8814896799592602,0.8064516129032259
mpdd,1,4,bracket_white,DUP_L,0.9979871507477225,0.1258491028929038,0.8766666666666667,0.8580511839620777,0.8571428571428572
mpdd,1,4,bracket_white,TRI_L,0.9982975711182217,0.1442715775496143,0.7922222222222223,0.7778772016209399,0.7887323943661972
mpdd,1,4,bracket_white,BAL_L,0.9984418405616199,0.13878082364922661,0.7966666666666666,0.7644286907171635,0.8
mpdd,1,4,connector,B,0.9793120126200827,0.40810978939074954,0.8166666666666667,0.6438657916853405,0.7058823529411764
mpdd,1,4,connector,S,0.981386598964784,0.3576620558507636,0.8119047619047619,0.6375939426193739,0.7222222222222223
mpdd,1,4,connector,C,0.9686580612323544,0.18042154811273237,0.8023809523809524,0.6896258986686461,0.6829268292682926
mpdd,1,4,connector,A1_J,0.9799498893892256,0.4321977049473609,0.8047619047619048,0.6175032594929764,0.6857142857142857
mpdd,1,4,connector,TRI_J,0.9793518605426682,0.40247636249720165,0.8095238095238095,0.5892961147162828,0.6875000000000001
mpdd,1,4,connector,BAL_J,0.9795512193893552,0.40245671802686495,0.8095238095238095,0.6108214204827621,0.7272727272727273
mpdd,1,4,connector,DUP_J,0.9797022933326007,0.4291038216761415,0.8142857142857143,0.6434528059782372,0.7058823529411764
mpdd,1,4,connector,DUP_BAL_J,0.9799498893892256,0.4321977049473609,0.8047619047619048,0.6175032594929764,0.6857142857142857
mpdd,1,4,connector,DUP_EXPECTED_J,0.9797022933326007,0.4291038216761415,0.8142857142857143,0.6434528059782372,0.7058823529411764
mpdd,1,4,connector,A1_L,0.9834489805418135,0.47217264442720763,0.8571428571428572,0.7128087997559469,0.7368421052631579
mpdd,1,4,connector,DUP_L,0.9821249182533341,0.4502353201200588,0.838095238095238,0.6781427052479684,0.7222222222222223
mpdd,1,4,connector,TRI_L,0.9842960648662178,0.46674220431358265,0.8571428571428571,0.704748794868211,0.7647058823529412
mpdd,1,4,connector,BAL_L,0.9849146829984488,0.4819743324313048,0.8690476190476191,0.7397631712481336,0.7647058823529412
mpdd,1,4,metal_plate,B,0.9600690895713397,0.8146897702341616,1.0,1.0,1.0
mpdd,1,4,metal_plate,S,0.9764563023306235,0.8788824610102793,1.0,1.0,1.0
mpdd,1,4,metal_plate,C,0.9901080386677009,0.9368812422835855,1.0,1.0,1.0
mpdd,1,4,metal_plate,A1_J,0.9811625355130171,0.8824154233962727,1.0,1.0,1.0
mpdd,1,4,metal_plate,TRI_J,0.9800728116338003,0.8859665476651185,1.0,1.0,1.0
mpdd,1,4,metal_plate,BAL_J,0.9844570747214564,0.9039388167834257,1.0,1.0,1.0
mpdd,1,4,metal_plate,DUP_J,0.9754147064570978,0.8587370062689814,1.0,1.0,1.0
mpdd,1,4,metal_plate,DUP_BAL_J,0.9811625355130171,0.8824154233962727,1.0,1.0,1.0
mpdd,1,4,metal_plate,DUP_EXPECTED_J,0.9754147064570978,0.8587370062689814,1.0,1.0,1.0
mpdd,1,4,metal_plate,A1_L,0.9825999971532637,0.8832500105308801,1.0,1.0,1.0
mpdd,1,4,metal_plate,DUP_L,0.9760806669541107,0.8586717504017444,1.0,1.0,1.0
mpdd,1,4,metal_plate,TRI_L,0.9826020873888096,0.8912046752850706,1.0,1.0,1.0
mpdd,1,4,metal_plate,BAL_L,0.9868982239779496,0.9090837904488278,1.0,1.0,1.0
mpdd,1,4,tubes,B,0.9873611685228161,0.7337580010832058,0.9624094202898551,0.9849500267267522,0.9402985074626865
mpdd,1,4,tubes,S,0.976891588564326,0.5986246363619041,0.9479166666666667,0.9778217527828934,0.9154929577464788
mpdd,1,4,tubes,C,0.9764263211717841,0.48175712633691703,0.8845108695652174,0.9400896809701367,0.888888888888889
mpdd,1,4,tubes,A1_J,0.9895197197454608,0.7628377981573657,0.9719202898550725,0.9889709696987737,0.9411764705882353
mpdd,1,4,tubes,TRI_J,0.9864401968310192,0.721693427649094,0.9714673913043479,0.9883430610284093,0.9411764705882353
mpdd,1,4,tubes,BAL_J,0.9869265372618585,0.7318886401059448,0.9723731884057971,0.9891996967107877,0.9545454545454545
mpdd,1,4,tubes,DUP_J,0.989130680033029,0.7530570771328675,0.9673913043478262,0.9869321142891713,0.9402985074626865
mpdd,1,4,tubes,DUP_BAL_J,0.9895197197454608,0.7628377981573657,0.9719202898550725,0.9889709696987737,0.9411764705882353
mpdd,1,4,tubes,DUP_EXPECTED_J,0.989130680033029,0.7530570771328675,0.9673913043478262,0.9869321142891713,0.9402985074626865
mpdd,1,4,tubes,A1_L,0.9912691291804276,0.7706503029943832,0.9678442028985508,0.9876373539991113,0.9481481481481481
mpdd,1,4,tubes,DUP_L,0.9901081288958931,0.7563987028765997,0.9646739130434783,0.9860129727956167,0.9402985074626865
mpdd,1,4,tubes,TRI_L,0.9889495372400565,0.7334841120363863,0.9796195652173914,0.9918098600615755,0.9635036496350365
mpdd,1,4,tubes,BAL_L,0.9900479008643892,0.7467362760512856,0.9791666666666667,0.9917383465359896,0.9565217391304348
mpdd,1,8,bracket_black,B,0.9604758244719914,0.08505869634307811,0.5518617021276596,0.6736515796069228,0.7610619469026548
mpdd,1,8,bracket_black,S,0.9492388844219175,0.07200616154209154,0.4115691489361702,0.5919462436161181,0.7460317460317459
mpdd,1,8,bracket_black,C,0.9656861556772718,0.027889142168239463,0.5505319148936171,0.6160673218818361,0.7543859649122806
mpdd,1,8,bracket_black,A1_J,0.9709021314278299,0.11931194757185765,0.6156914893617023,0.7315464662675414,0.7460317460317459
mpdd,1,8,bracket_black,TRI_J,0.9653858743565302,0.1048950764435577,0.5372340425531914,0.6923053308172299,0.7460317460317459
mpdd,1,8,bracket_black,BAL_J,0.9690846642407176,0.11000626494737628,0.5711436170212766,0.7086195868373848,0.7460317460317459
mpdd,1,8,bracket_black,DUP_J,0.9675762040774226,0.11705492243776411,0.5837765957446809,0.7164535201177582,0.7460317460317459
mpdd,1,8,bracket_black,DUP_BAL_J,0.9709021314278299,0.11931194757185765,0.6156914893617023,0.7315464662675414,0.7460317460317459
mpdd,1,8,bracket_black,DUP_EXPECTED_J,0.9675762040774226,0.11705492243776411,0.5837765957446809,0.7164535201177582,0.7460317460317459
mpdd,1,8,bracket_black,A1_L,0.97240557516066,0.10864882657885014,0.6050531914893617,0.7166233502326738,0.7586206896551724
mpdd,1,8,bracket_black,DUP_L,0.9683960636689768,0.10808433542850703,0.5791223404255319,0.7081511643719022,0.7586206896551724
mpdd,1,8,bracket_black,TRI_L,0.9689933499277872,0.10455450755277024,0.5658244680851064,0.704479476575648,0.7460317460317459
mpdd,1,8,bracket_black,BAL_L,0.972399913639306,0.1090516131091729,0.5837765957446809,0.713586935529564,0.7460317460317459
mpdd,1,8,bracket_brown,B,0.9194668320442153,0.0989411010805552,0.5723981900452488,0.6740293371680123,0.8166666666666667
mpdd,1,8,bracket_brown,S,0.9512457234909517,0.08906950336372824,0.6538461538461539,0.7562097577922019,0.8292682926829268
mpdd,1,8,bracket_brown,C,0.9338136161791522,0.036475483104542177,0.7149321266968326,0.8301385030377787,0.8135593220338982
mpdd,1,8,bracket_brown,A1_J,0.9299708031861779,0.07940573323107036,0.6734539969834087,0.7710855618228667,0.8225806451612903
mpdd,1,8,bracket_brown,TRI_J,0.9359234409081664,0.08298532283011159,0.6794871794871794,0.7651438443467588,0.8292682926829268
mpdd,1,8,bracket_brown,BAL_J,0.9367853765114579,0.07302336116366043,0.7058823529411765,0.7891343906403768,0.8225806451612903
mpdd,1,8,bracket_brown,DUP_J,0.925244003589154,0.08855515206416414,0.6327300150829562,0.724510074994431,0.8292682926829268
mpdd,1,8,bracket_brown,DUP_BAL_J,0.9299708031861779,0.07940573323107036,0.6734539969834087,0.7710855618228667,0.8225806451612903
mpdd,1,8,bracket_brown,DUP_EXPECTED_J,0.925244003589154,0.08855515206416414,0.6327300150829562,0.724510074994431,0.8292682926829268
mpdd,1,8,bracket_brown,A1_L,0.9420628886991731,0.09172709161885662,0.6478129713423831,0.7549745486252231,0.8205128205128205
mpdd,1,8,bracket_brown,DUP_L,0.9343036646860536,0.09668441512066324,0.6131221719457014,0.7105179358039254,0.8205128205128205
mpdd,1,8,bracket_brown,TRI_L,0.950301211980274,0.09669129292144067,0.6953242835595776,0.7697640570076921,0.8160000000000001
mpdd,1,8,bracket_brown,BAL_L,0.9529965493100816,0.08819433440091086,0.7194570135746606,0.7923842617873375,0.8305084745762712
mpdd,1,8,bracket_white,B,0.9983538201300007,0.1778496948760121,0.9766666666666667,0.9821277289019225,0.9473684210526316
mpdd,1,8,bracket_white,S,0.9987745132884273,0.22613395620594282,0.9777777777777779,0.977543630529031,0.9523809523809523
mpdd,1,8,bracket_white,C,0.9960091635203276,0.09198045020796712,0.9366666666666666,0.9309929112490205,0.90625
mpdd,1,8,bracket_white,A1_J,0.9988273008225583,0.18524787579320923,0.9844444444444443,0.9861524110516047,0.9354838709677419
mpdd,1,8,bracket_white,TRI_J,0.998940416967125,0.24346938680917118,0.9855555555555555,0.9850592451328455,0.9523809523809523
mpdd,1,8,bracket_white,BAL_J,0.9989929572528526,0.218489145698102,0.99,0.9898368114362738,0.967741935483871
mpdd,1,8,bracket_white,DUP_J,0.9986748721818473,0.18247867930592968,0.98,0.983017009640341,0.9354838709677419
mpdd,1,8,bracket_white,DUP_BAL_J,0.9988273008225583,0.18524787579320923,0.9844444444444443,0.9861524110516047,0.9354838709677419
mpdd,1,8,bracket_white,DUP_EXPECTED_J,0.9986748721818473,0.18247867930592968,0.98,0.983017009640341,0.9354838709677419
mpdd,1,8,bracket_white,A1_L,0.9989086455472849,0.17960592645116003,0.9833333333333334,0.9854411734982618,0.9354838709677419
mpdd,1,8,bracket_white,DUP_L,0.9987509010659003,0.18100750050541203,0.9822222222222223,0.9853158602150538,0.9473684210526316
mpdd,1,8,bracket_white,TRI_L,0.9990712113725365,0.22225553981273255,0.9866666666666667,0.9868070049894763,0.9523809523809523
mpdd,1,8,bracket_white,BAL_L,0.9991303037409549,0.21119142933965807,0.9911111111111112,0.9912450562353232,0.967741935483871
mpdd,1,8,connector,B,0.9811621867204496,0.46654198100407795,0.9404761904761905,0.8446111796454565,0.8484848484848484
mpdd,1,8,connector,S,0.9845470567003268,0.4024713293643339,0.930952380952381,0.8435669697887742,0.8571428571428571
mpdd,1,8,connector,C,0.9734717475128792,0.2301270064162979,0.819047619047619,0.7041586108127461,0.6857142857142857
mpdd,1,8,connector,A1_J,0.9825841971580777,0.49682351742235287,0.9333333333333333,0.8632836072505418,0.8125000000000001
mpdd,1,8,connector,TRI_J,0.9836750191346338,0.45993093830579407,0.9142857142857144,0.808809526141459,0.8387096774193549
mpdd,1,8,connector,BAL_J,0.983886959527674,0.46513403830313044,0.9095238095238095,0.8136463476937825,0.8
mpdd,1,8,connector,DUP_J,0.9819565744922931,0.49002618861757324,0.942857142857143,0.8741224578409451,0.8235294117647058
mpdd,1,8,connector,DUP_BAL_J,0.9825841971580777,0.49682351742235287,0.9333333333333333,0.8632836072505418,0.8125000000000001
mpdd,1,8,connector,DUP_EXPECTED_J,0.9819565744922931,0.49002618861757324,0.942857142857143,0.8741224578409451,0.8235294117647058
mpdd,1,8,connector,A1_L,0.9854871576655672,0.5294848811191395,0.9571428571428572,0.9034526649575298,0.8484848484848484
mpdd,1,8,connector,DUP_L,0.9840944882715952,0.5049571534388648,0.9523809523809524,0.8879764744813394,0.8484848484848484
mpdd,1,8,connector,TRI_L,0.9867456175393052,0.5134220374688981,0.9619047619047619,0.8799009365738688,0.9285714285714286
mpdd,1,8,connector,BAL_L,0.9873600147964328,0.5276849407541113,0.961904761904762,0.8951265004836433,0.9285714285714286
mpdd,1,8,metal_plate,B,0.9633875716430298,0.8279320456370957,1.0,1.0,1.0
mpdd,1,8,metal_plate,S,0.9771656872842163,0.8847115686032532,1.0,1.0,1.0
mpdd,1,8,metal_plate,C,0.9907742341760468,0.9393108327209333,1.0,1.0,1.0
mpdd,1,8,metal_plate,A1_J,0.9830009604388341,0.8908949888835196,1.0,1.0,1.0
mpdd,1,8,metal_plate,TRI_J,0.9817424233558636,0.8939599573745904,1.0,1.0,1.0
mpdd,1,8,metal_plate,BAL_J,0.9858918071258258,0.9108998134086208,1.0,1.0,1.0
mpdd,1,8,metal_plate,DUP_J,0.9777735898069501,0.8691676833261922,1.0,1.0,1.0
mpdd,1,8,metal_plate,DUP_BAL_J,0.9830009604388341,0.8908949888835196,1.0,1.0,1.0
mpdd,1,8,metal_plate,DUP_EXPECTED_J,0.9777735898069501,0.8691676833261922,1.0,1.0,1.0
mpdd,1,8,metal_plate,A1_L,0.9844034013931252,0.8906766036967806,1.0,1.0,1.0
mpdd,1,8,metal_plate,DUP_L,0.9784914453954474,0.868438984230567,1.0,1.0,1.0
mpdd,1,8,metal_plate,TRI_L,0.9841310395588065,0.8984050176272036,1.0,1.0,1.0
mpdd,1,8,metal_plate,BAL_L,0.9881310013373565,0.9148942642681097,1.0,1.0,1.0
mpdd,1,8,tubes,B,0.9886359364926623,0.7416864848644705,0.9732789855072463,0.9886827738104024,0.9489051094890512
mpdd,1,8,tubes,S,0.9803807458285516,0.6194584702846692,0.9605978260869565,0.9829488376570304,0.920863309352518
mpdd,1,8,tubes,C,0.9769676112154593,0.5039575269543414,0.8967391304347827,0.9532604762733384,0.8970588235294118
mpdd,1,8,tubes,A1_J,0.9909098753142447,0.770019446813537,0.9759963768115942,0.9902808708532759,0.9481481481481481
mpdd,1,8,tubes,TRI_J,0.9883797075322603,0.7314185740329446,0.9764492753623188,0.9900003526069051,0.9428571428571428
mpdd,1,8,tubes,BAL_J,0.9887141535079778,0.7377578499919831,0.9773550724637682,0.990837919079233,0.9545454545454545
mpdd,1,8,tubes,DUP_J,0.990486468312276,0.761791100234557,0.9773550724637681,0.9904204998057536,0.943661971830986
mpdd,1,8,tubes,DUP_BAL_J,0.9909098753142447,0.770019446813537,0.9759963768115942,0.9902808708532759,0.9481481481481481
mpdd,1,8,tubes,DUP_EXPECTED_J,0.990486468312276,0.761791100234557,0.9773550724637681,0.9904204998057536,0.943661971830986
mpdd,1,8,tubes,A1_L,0.9922092910918721,0.7780711641127842,0.9755434782608696,0.9900170739058238,0.9496402877697843
mpdd,1,8,tubes,DUP_L,0.991171505833841,0.7645273618654049,0.9759963768115942,0.9900940261576204,0.9565217391304348
mpdd,1,8,tubes,TRI_L,0.9905671561422553,0.7440746615086624,0.9832427536231885,0.9928669323126003,0.9571428571428571
mpdd,1,8,tubes,BAL_L,0.9914765735584522,0.7566021094749755,0.9814311594202899,0.9923940575804794,0.9558823529411764
mpdd,2,1,bracket_black,B,0.8929982989292781,0.004265995863192865,0.45478723404255317,0.6070146746306364,0.7519999999999999
mpdd,2,1,bracket_black,S,0.8989458501880305,0.004763469201605268,0.4700797872340426,0.6029910017693172,0.7586206896551724
mpdd,2,1,bracket_black,C,0.8916975495441686,0.0040545782326647335,0.41356382978723405,0.5590525945747812,0.7460317460317459
mpdd,2,1,bracket_black,A1_J,0.8956094825508687,0.004256125264519011,0.43550531914893614,0.5951548606232178,0.7540983606557378
mpdd,2,1,bracket_black,TRI_J,0.8953803309886657,0.004261713700532318,0.44082446808510645,0.6008300638648637,0.7540983606557378
mpdd,2,1,bracket_black,BAL_J,0.8967674801126967,0.004287300878440376,0.4268617021276596,0.5839391110774138,0.7540983606557378
mpdd,2,1,bracket_black,DUP_J,0.8940371414134973,0.0042403815360874085,0.44082446808510634,0.6098518125933238,0.7519999999999999
mpdd,2,1,bracket_black,DUP_BAL_J,0.8956094825508687,0.004256125264519011,0.43550531914893614,0.5951548606232178,0.7540983606557378
mpdd,2,1,bracket_black,DUP_EXPECTED_J,0.8940371414134973,0.0042403815360874085,0.44082446808510634,0.6098518125933238,0.7519999999999999
mpdd,2,1,bracket_black,A1_L,0.8950182227990466,0.0042034537602509605,0.44148936170212766,0.6012476126492889,0.7519999999999999
mpdd,2,1,bracket_black,DUP_L,0.8945419420101317,0.0042368494617666,0.4474734042553191,0.6247673735577223,0.7519999999999999
mpdd,2,1,bracket_black,TRI_L,0.8963412363078609,0.0042844010752971645,0.43284574468085113,0.5974755186445473,0.7540983606557378
mpdd,2,1,bracket_black,BAL_L,0.8963145244522381,0.004240857403769695,0.4235372340425532,0.5799065649910161,0.7540983606557378
mpdd,2,1,bracket_brown,B,0.8680374656226213,0.038652242105522844,0.4381598793363499,0.638218221038212,0.796875
mpdd,2,1,bracket_brown,S,0.9336327659431243,0.050163228059119894,0.48416289592760187,0.6946073350251593,0.8196721311475409
mpdd,2,1,bracket_brown,C,0.9224397324853273,0.02799566265235983,0.5874811463046756,0.7123683915501626,0.796875
mpdd,2,1,bracket_brown,A1_J,0.8943838339343289,0.036071209128414876,0.5218702865761689,0.6932440959573014,0.796875
mpdd,2,1,bracket_brown,TRI_J,0.9111456754733056,0.04243154372722659,0.5173453996983408,0.7000166725735649,0.796875
mpdd,2,1,bracket_brown,BAL_J,0.91617018073939,0.040032546751262534,0.557315233785822,0.7141325569505552,0.8099173553719008
mpdd,2,1,bracket_brown,DUP_J,0.8829566186959595,0.0375234479151737,0.48416289592760187,0.6717287327444939,0.796875
mpdd,2,1,bracket_brown,DUP_BAL_J,0.8943838339343289,0.036071209128414876,0.5218702865761689,0.6932440959573014,0.796875
mpdd,2,1,bracket_brown,DUP_EXPECTED_J,0.8829566186959595,0.0375234479151737,0.48416289592760187,0.6717287327444939,0.796875
mpdd,2,1,bracket_brown,A1_L,0.9068555623340553,0.037625840821902574,0.5135746606334842,0.6841469758040557,0.796875
mpdd,2,1,bracket_brown,DUP_L,0.8923502115612973,0.03853196405945851,0.4864253393665159,0.6664264461414771,0.796875
mpdd,2,1,bracket_brown,TRI_L,0.9241692546659934,0.04402696784958933,0.5067873303167421,0.7004540486138533,0.8032786885245901
mpdd,2,1,bracket_brown,BAL_L,0.9295046226092858,0.04178816078241532,0.5361990950226244,0.7107665631881506,0.8099173553719008
mpdd,2,1,bracket_white,B,0.9964769574996066,0.0997748679629982,0.48111111111111116,0.5066897091204225,0.7407407407407407
mpdd,2,1,bracket_white,S,0.9976930487718492,0.07736038401818238,0.5111111111111111,0.4786709940055787,0.7000000000000001
mpdd,2,1,bracket_white,C,0.9882587914423866,0.027449970165802667,0.5633333333333334,0.5225912384119978,0.7435897435897435
mpdd,2,1,bracket_white,A1_J,0.997095696629176,0.07056833073220141,0.5288888888888889,0.49535062397185986,0.7407407407407407
mpdd,2,1,bracket_white,TRI_J,0.9977369353634571,0.07075829970280462,0.5311111111111111,0.4881437015098679,0.7341772151898733
mpdd,2,1,bracket_white,BAL_J,0.9977761242353997,0.07120774310502907,0.5566666666666666,0.5076075132187378,0.7317073170731707
mpdd,2,1,bracket_white,DUP_J,0.9969869073316693,0.07538595386778517,0.5022222222222222,0.47649034199337165,0.7407407407407407
mpdd,2,1,bracket_white,DUP_BAL_J,0.997095696629176,0.07056833073220141,0.5288888888888889,0.49535062397185986,0.7407407407407407
mpdd,2,1,bracket_white,DUP_EXPECTED_J,0.9969869073316693,0.07538595386778517,0.5022222222222222,0.47649034199337165,0.7407407407407407
mpdd,2,1,bracket_white,A1_L,0.9972496087603077,0.0898348413553008,0.5344444444444445,0.5407343154215187,0.7407407407407407
mpdd,2,1,bracket_white,DUP_L,0.9970185551273075,0.08940954748374023,0.5044444444444445,0.5289533933612217,0.7407407407407407
mpdd,2,1,bracket_white,TRI_L,0.9978669880236581,0.07879597948920158,0.54,0.4970260378305084,0.7407407407407407
mpdd,2,1,bracket_white,BAL_L,0.9979060532713993,0.07760334147731351,0.5533333333333333,0.5111927501360518,0.7407407407407407
mpdd,2,1,connector,B,0.9649632645554851,0.18939924739651848,0.7,0.5007495528321871,0.6060606060606061
mpdd,2,1,connector,S,0.9713027948011791,0.15167057659120053,0.6666666666666667,0.47765341246216364,0.6046511627906977
mpdd,2,1,connector,C,0.9616693413183706,0.11912173314954233,0.8285714285714285,0.7175870928134739,0.7142857142857143
mpdd,2,1,connector,A1_J,0.9678511205302602,0.2217972892511025,0.7166666666666667,0.5404959641049867,0.65
mpdd,2,1,connector,TRI_J,0.9683576732361606,0.19568492930971687,0.75,0.5692332005265874,0.65
mpdd,2,1,connector,BAL_J,0.9693695433862082,0.20807916748245633,0.7761904761904762,0.6054771215319645,0.7222222222222223
mpdd,2,1,connector,DUP_J,0.9667167639232599,0.21186656806325585,0.7166666666666668,0.5354480151895685,0.6341463414634146
mpdd,2,1,connector,DUP_BAL_J,0.9678511205302602,0.2217972892511025,0.7166666666666667,0.5404959641049867,0.65
mpdd,2,1,connector,DUP_EXPECTED_J,0.9667167639232599,0.21186656806325585,0.7166666666666668,0.5354480151895685,0.6341463414634146
mpdd,2,1,connector,A1_L,0.9730325380346155,0.23010473654765382,0.7380952380952381,0.5717820886993819,0.6341463414634146
mpdd,2,1,connector,DUP_L,0.9704594496474878,0.21769038496047632,0.7166666666666667,0.5502483314513389,0.6190476190476191
mpdd,2,1,connector,TRI_L,0.9751500485329097,0.21179736497824656,0.7833333333333333,0.5996125971057913,0.7058823529411764
mpdd,2,1,connector,BAL_L,0.9766453781942247,0.22681748861803103,0.8071428571428572,0.6150374567076248,0.7222222222222223
mpdd,2,1,metal_plate,B,0.9354023797342281,0.7222215919410583,1.0,1.0,1.0
mpdd,2,1,metal_plate,S,0.9535136405650186,0.7925297058596497,0.9393282773564464,0.9773422384645594,0.9403973509933775
mpdd,2,1,metal_plate,C,0.9868556839675995,0.9255260796620182,1.0,1.0,1.0
mpdd,2,1,metal_plate,A1_J,0.9692968679686003,0.8471340646373721,1.0,1.0,1.0
mpdd,2,1,metal_plate,TRI_J,0.9655110861331355,0.834437139666844,1.0,1.0,1.0
mpdd,2,1,metal_plate,BAL_J,0.9749009212751274,0.8727799080937784,1.0,1.0,1.0
mpdd,2,1,metal_plate,DUP_J,0.9582395646550101,0.8025980760327827,1.0,1.0,1.0
mpdd,2,1,metal_plate,DUP_BAL_J,0.9692968679686003,0.8471340646373721,1.0,1.0,1.0
mpdd,2,1,metal_plate,DUP_EXPECTED_J,0.9582395646550101,0.8025980760327827,1.0,1.0,1.0
mpdd,2,1,metal_plate,A1_L,0.9701916517899171,0.8418241510402373,1.0,1.0,1.0
mpdd,2,1,metal_plate,DUP_L,0.958435383448681,0.7965999906458898,1.0,1.0,1.0
mpdd,2,1,metal_plate,TRI_L,0.9680182466831654,0.8369263217317209,1.0,1.0,1.0
mpdd,2,1,metal_plate,BAL_L,0.977240859710944,0.8738056369776727,1.0,1.0,1.0
mpdd,2,1,tubes,B,0.9822620319946548,0.6838105202532155,0.9624094202898551,0.984274737681097,0.9312977099236642
mpdd,2,1,tubes,S,0.9697896569555524,0.5584446767471787,0.9388586956521738,0.9737208530030362,0.9185185185185185
mpdd,2,1,tubes,C,0.9755939380061457,0.4892139674738787,0.926177536231884,0.9641169163557591,0.8993288590604026
mpdd,2,1,tubes,A1_J,0.9873513585327738,0.7156887337070159,0.9642210144927537,0.9859603325704384,0.9473684210526315
mpdd,2,1,tubes,TRI_J,0.9830259354821097,0.6714906263753709,0.9741847826086957,0.9887395779314784,0.9379310344827586
mpdd,2,1,tubes,BAL_J,0.9846882094491304,0.6849421969018237,0.9737318840579711,0.9891668161020761,0.9558823529411764
mpdd,2,1,tubes,DUP_J,0.9859177134242514,0.7030505388597621,0.96875,0.9868688334228769,0.9393939393939393
mpdd,2,1,tubes,DUP_BAL_J,0.9873513585327738,0.7156887337070159,0.9642210144927537,0.9859603325704384,0.9473684210526315
mpdd,2,1,tubes,DUP_EXPECTED_J,0.9859177134242514,0.7030505388597621,0.96875,0.9868688334228769,0.9393939393939393
mpdd,2,1,tubes,A1_L,0.9887200667160596,0.7276730224103065,0.9746376811594203,0.9895258875070848,0.9473684210526315
mpdd,2,1,tubes,DUP_L,0.986672077830822,0.7086080223172226,0.9696557971014492,0.9874052377446428,0.9402985074626865
mpdd,2,1,tubes,TRI_L,0.9857722210451014,0.6883144201449517,0.975090579710145,0.9890985412106007,0.9379310344827586
mpdd,2,1,tubes,BAL_L,0.9878498794087903,0.7081390574813242,0.9791666666666667,0.9909671176889748,0.9444444444444444
mpdd,2,2,bracket_black,B,0.9413083407467858,0.0687324287479294,0.6097074468085106,0.740616417133651,0.7460317460317459
mpdd,2,2,bracket_black,S,0.9261537807045438,0.03252195973968236,0.47606382978723405,0.5899867870202363,0.7460317460317459
mpdd,2,2,bracket_black,C,0.9258815353733552,0.00634455717183931,0.3537234042553191,0.5085654893188819,0.7460317460317459
mpdd,2,2,bracket_black,A1_J,0.9488097546841576,0.023960818780287208,0.519281914893617,0.5918022387308345,0.7460317460317459
mpdd,2,2,bracket_black,TRI_J,0.9399880603862112,0.022079526162292685,0.5305851063829787,0.6034249299329537,0.7460317460317459
mpdd,2,2,bracket_black,BAL_J,0.94203564677186,0.015689174756826154,0.4893617021276596,0.5681578103290089,0.7460317460317459
mpdd,2,2,bracket_black,DUP_J,0.9472595673259971,0.041431997456018506,0.5724734042553192,0.6698221103000068,0.7460317460317459
mpdd,2,2,bracket_black,DUP_BAL_J,0.9488097546841576,0.023960818780287208,0.519281914893617,0.5918022387308345,0.7460317460317459
mpdd,2,2,bracket_black,DUP_EXPECTED_J,0.9472595673259971,0.041431997456018506,0.5724734042553192,0.6698221103000068,0.7460317460317459
mpdd,2,2,bracket_black,A1_L,0.9492402509960373,0.02106489957398875,0.535904255319149,0.608980640852785,0.7460317460317459
mpdd,2,2,bracket_black,DUP_L,0.9476680796194262,0.03560181038897702,0.5611702127659575,0.6460635747202044,0.7460317460317459
mpdd,2,2,bracket_black,TRI_L,0.9442868527013724,0.02108211905959078,0.5372340425531914,0.6155876010835165,0.7460317460317459
mpdd,2,2,bracket_black,BAL_L,0.9455982206220346,0.015016700143524023,0.5126329787234043,0.5756870696290893,0.7460317460317459
mpdd,2,2,bracket_brown,B,0.882668201672558,0.03726434603075686,0.4984917043740574,0.6811968893475147,0.8099173553719008
mpdd,2,2,bracket_brown,S,0.9376887659371149,0.053895649921418196,0.5120663650075414,0.6663158042522263,0.8160000000000001
mpdd,2,2,bracket_brown,C,0.928869425668206,0.03192338877991549,0.552790346907994,0.7038323798513773,0.8031496062992126
mpdd,2,2,bracket_brown,A1_J,0.9039455623440074,0.03608770313657418,0.5542986425339367,0.7138989795096503,0.8160000000000001
mpdd,2,2,bracket_brown,TRI_J,0.9199637498020015,0.04259226706814907,0.5716440422322775,0.7264011300411974,0.8196721311475409
mpdd,2,2,bracket_brown,BAL_J,0.9233326645584721,0.04076506879507643,0.5859728506787331,0.7407463970502932,0.8135593220338982
mpdd,2,2,bracket_brown,DUP_J,0.8949067968867679,0.036739093485020316,0.5452488687782806,0.7137570030433535,0.8196721311475409
mpdd,2,2,bracket_brown,DUP_BAL_J,0.9039455623440074,0.03608770313657418,0.5542986425339367,0.7138989795096503,0.8160000000000001
mpdd,2,2,bracket_brown,DUP_EXPECTED_J,0.8949067968867679,0.036739093485020316,0.5452488687782806,0.7137570030433535,0.8196721311475409
mpdd,2,2,bracket_brown,A1_L,0.9147678411880749,0.038614772884863216,0.5399698340874812,0.7166689543634971,0.8095238095238095
mpdd,2,2,bracket_brown,DUP_L,0.9028329305412808,0.03837569991002021,0.526395173453997,0.7062411792111428,0.8099173553719008
mpdd,2,2,bracket_brown,TRI_L,0.9296744454383981,0.04545921170653239,0.557315233785822,0.7207242204550296,0.823529411764706
mpdd,2,2,bracket_brown,BAL_L,0.934349362458591,0.04411722515203888,0.5731523378582202,0.733662515311167,0.8135593220338982
mpdd,2,2,bracket_white,B,0.9947281695421862,0.06600046086987635,0.7533333333333334,0.648542705842267,0.8285714285714285
mpdd,2,2,bracket_white,S,0.9958363368863341,0.060020429624200886,0.7022222222222223,0.6009136296014201,0.7733333333333334
mpdd,2,2,bracket_white,C,0.9909908863002256,0.05019692777732601,0.7544444444444445,0.7304926740859852,0.7945205479452055
mpdd,2,2,bracket_white,A1_J,0.996467314811873,0.0892184834795925,0.8011111111111111,0.7760878343969226,0.8115942028985509
mpdd,2,2,bracket_white,TRI_J,0.9969149580462728,0.06956312570056351,0.768888888888889,0.6842292829198678,0.8059701492537312
mpdd,2,2,bracket_white,BAL_J,0.9972941134729241,0.08407515421489165,0.8,0.7822637924771463,0.7878787878787877
mpdd,2,2,bracket_white,DUP_J,0.9959163835569428,0.07986710233806175,0.7899999999999999,0.725388565091377,0.8484848484848485
mpdd,2,2,bracket_white,DUP_BAL_J,0.996467314811873,0.0892184834795925,0.8011111111111111,0.7760878343969226,0.8115942028985509
mpdd,2,2,bracket_white,DUP_EXPECTED_J,0.9959163835569428,0.07986710233806175,0.7899999999999999,0.725388565091377,0.8484848484848485
mpdd,2,2,bracket_white,A1_L,0.996249983465263,0.09324278234804613,0.7911111111111111,0.7493382284719866,0.835820895522388
mpdd,2,2,bracket_white,DUP_L,0.9957061606019312,0.07919605645677558,0.7755555555555557,0.7048481977359942,0.8529411764705883
mpdd,2,2,bracket_white,TRI_L,0.9967751390741364,0.08168403281279903,0.7755555555555556,0.6913266812109107,0.8181818181818182
mpdd,2,2,bracket_white,BAL_L,0.997100394348841,0.10051233014879646,0.7988888888888889,0.7651229725241641,0.8181818181818182
mpdd,2,2,connector,B,0.9592366053747908,0.2230038589451115,0.7214285714285714,0.4972850806989463,0.6470588235294117
mpdd,2,2,connector,S,0.9654057791935754,0.17529388498272155,0.611904761904762,0.41755866047841605,0.5957446808510638
mpdd,2,2,connector,C,0.9626440248433554,0.15033572504492868,0.7785714285714286,0.6025590762620837,0.6666666666666666
mpdd,2,2,connector,A1_J,0.9643443030300256,0.27560602799149814,0.7714285714285715,0.5954205406245432,0.6666666666666667
mpdd,2,2,connector,TRI_J,0.9632331111579144,0.25065462309470055,0.7523809523809524,0.5750296785845215,0.7058823529411764
mpdd,2,2,connector,BAL_J,0.9657451327825306,0.27380794769707956,0.7785714285714286,0.6012247026156801,0.6666666666666667
mpdd,2,2,connector,DUP_J,0.961625477602749,0.2540623223230231,0.7452380952380953,0.5656899987075069,0.6470588235294117
mpdd,2,2,connector,DUP_BAL_J,0.9643443030300256,0.27560602799149814,0.7714285714285715,0.5954205406245432,0.6666666666666667
mpdd,2,2,connector,DUP_EXPECTED_J,0.961625477602749,0.2540623223230231,0.7452380952380953,0.5656899987075069,0.6470588235294117
mpdd,2,2,connector,A1_L,0.9711090304025103,0.29893772741716407,0.7833333333333333,0.5918475856664038,0.6829268292682926
mpdd,2,2,connector,DUP_L,0.967234171670669,0.2695324575993842,0.7523809523809524,0.5605478430688515,0.6666666666666666
mpdd,2,2,connector,TRI_L,0.9718713156768166,0.2701942051824141,0.7714285714285714,0.5824674107737222,0.6875000000000001
mpdd,2,2,connector,BAL_L,0.9743005223011009,0.29845606268351793,0.7880952380952381,0.5960837686401596,0.7272727272727273
mpdd,2,2,metal_plate,B,0.9500250166215697,0.7511674863516031,0.991332611050921,0.9970707744991948,0.979020979020979
mpdd,2,2,metal_plate,S,0.9679296038553542,0.8351840614775682,0.9956663055254605,0.9984148917167269,0.9861111111111112
mpdd,2,2,metal_plate,C,0.9887607678048859,0.9332010498727723,1.0,1.0,1.0
mpdd,2,2,metal_plate,A1_J,0.9760935585223327,0.8681968382181826,1.0,1.0,1.0
mpdd,2,2,metal_plate,TRI_J,0.9730138094973633,0.854398056472102,1.0,1.0,1.0
mpdd,2,2,metal_plate,BAL_J,0.9800615140103478,0.8885150052694877,1.0,1.0,1.0
mpdd,2,2,metal_plate,DUP_J,0.9675800552040366,0.827224238819141,1.0,1.0,1.0
mpdd,2,2,metal_plate,DUP_BAL_J,0.9760935585223327,0.8681968382181826,1.0,1.0,1.0
mpdd,2,2,metal_plate,DUP_EXPECTED_J,0.9675800552040366,0.827224238819141,1.0,1.0,1.0
mpdd,2,2,metal_plate,A1_L,0.976841336291584,0.8628506720724396,1.0,1.0,1.0
mpdd,2,2,metal_plate,DUP_L,0.9679004980106316,0.8213593005813782,1.0,1.0,1.0
mpdd,2,2,metal_plate,TRI_L,0.9759887978209469,0.8617277389121298,1.0,1.0,1.0
mpdd,2,2,metal_plate,BAL_L,0.982570039619579,0.8930039531503274,1.0,1.0,1.0
mpdd,2,2,tubes,B,0.984542089668998,0.7005100504762246,0.9646739130434783,0.9851120341955533,0.9302325581395349
mpdd,2,2,tubes,S,0.9754544314879883,0.5653359424825016,0.9465579710144928,0.9769159374710543,0.9103448275862069
mpdd,2,2,tubes,C,0.9766159618924894,0.49434171138761335,0.9107789855072465,0.9565317982845828,0.9014084507042253
mpdd,2,2,tubes,A1_J,0.9880923880517314,0.7327204850358834,0.9710144927536232,0.9883096437444261,0.9481481481481481
mpdd,2,2,tubes,TRI_J,0.9846878049325009,0.6819215876563791,0.9692028985507246,0.9874530164299701,0.9402985074626865
mpdd,2,2,tubes,BAL_J,0.9859910085127229,0.6947123514250628,0.973731884057971,0.9895135171594521,0.9558823529411764
mpdd,2,2,tubes,DUP_J,0.9870258876543292,0.7202635622944208,0.9651268115942029,0.9859296124248431,0.9384615384615386
mpdd,2,2,tubes,DUP_BAL_J,0.9880923880517314,0.7327204850358834,0.9710144927536232,0.9883096437444261,0.9481481481481481
mpdd,2,2,tubes,DUP_EXPECTED_J,0.9870258876543292,0.7202635622944208,0.9651268115942029,0.9859296124248431,0.9384615384615386
mpdd,2,2,tubes,A1_L,0.9896405914077453,0.7401462096450788,0.9728260869565217,0.9888297881648137,0.9465648854961832
mpdd,2,2,tubes,DUP_L,0.987991953406925,0.723595599827455,0.9664855072463767,0.9860220611428815,0.9384615384615386
mpdd,2,2,tubes,TRI_L,0.9874701189507317,0.6985058024597842,0.9746376811594203,0.9893313011899114,0.9411764705882353
mpdd,2,2,tubes,BAL_L,0.9890949969869668,0.7153104776553809,0.9769021739130435,0.9905373088153991,0.9558823529411764
mpdd,2,4,bracket_black,B,0.95988494668188,0.18866762172820123,0.7081117021276595,0.8446821313058189,0.7460317460317459
mpdd,2,4,bracket_black,S,0.949899253779231,0.17270017539796484,0.6695478723404255,0.8110840030100975,0.7519999999999999
mpdd,2,4,bracket_black,C,0.9524828937174734,0.03048037603618896,0.4933510638297872,0.5938272426731422,0.7460317460317459
mpdd,2,4,bracket_black,A1_J,0.9659920391031009,0.1983886732024229,0.6968085106382979,0.8314294277299646,0.7460317460317459
mpdd,2,4,bracket_black,TRI_J,0.9610635022717724,0.19804174581868822,0.6888297872340425,0.837659206275777,0.7460317460317459
mpdd,2,4,bracket_black,BAL_J,0.963025546210339,0.20101417623344975,0.6695478723404256,0.8202693037760075,0.7460317460317459
mpdd,2,4,bracket_black,DUP_J,0.9650977479062217,0.2005301442890808,0.7154255319148936,0.8448759812013239,0.7460317460317459
mpdd,2,4,bracket_black,DUP_BAL_J,0.9659920391031009,0.1983886732024229,0.6968085106382979,0.8314294277299646,0.7460317460317459
mpdd,2,4,bracket_black,DUP_EXPECTED_J,0.9650977479062217,0.2005301442890808,0.7154255319148936,0.8448759812013239,0.7460317460317459
mpdd,2,4,bracket_black,A1_L,0.9684927593980066,0.19243392719084268,0.7041223404255319,0.8355479009574064,0.7460317460317459
mpdd,2,4,bracket_black,DUP_L,0.9659811998785599,0.1930303521238566,0.7121010638297873,0.8436304302320594,0.7460317460317459
mpdd,2,4,bracket_black,TRI_L,0.9656098991437743,0.19933616165351387,0.7081117021276597,0.8480814697871004,0.75
mpdd,2,4,bracket_black,BAL_L,0.9677258821397217,0.19674220531806544,0.7007978723404256,0.8406766729588334,0.7460317460317459
mpdd,2,4,bracket_brown,B,0.9051560280654523,0.070775563019673,0.6214177978883861,0.7537216760684217,0.8205128205128205
mpdd,2,4,bracket_brown,S,0.946148598250903,0.061904718207589096,0.7096530920060332,0.8244336581360822,0.8305084745762712
mpdd,2,4,bracket_brown,C,0.9380454789097773,0.03795958229601026,0.6033182503770739,0.7422563757092698,0.8064516129032259
mpdd,2,4,bracket_brown,A1_J,0.9233676418764648,0.05539832885783833,0.6546003016591252,0.774912926214996,0.8205128205128205
mpdd,2,4,bracket_brown,TRI_J,0.9325279814444889,0.05969221083285876,0.6734539969834088,0.8068899622466154,0.8166666666666667
mpdd,2,4,bracket_brown,BAL_J,0.9357969422136918,0.05387108128038834,0.6817496229260935,0.8020193530643898,0.8141592920353982
mpdd,2,4,bracket_brown,DUP_J,0.9153823217039223,0.06260943178460646,0.6297134238310709,0.7620155711221034,0.8264462809917354
mpdd,2,4,bracket_brown,DUP_BAL_J,0.9233676418764648,0.05539832885783833,0.6546003016591252,0.774912926214996,0.8205128205128205
mpdd,2,4,bracket_brown,DUP_EXPECTED_J,0.9153823217039223,0.06260943178460646,0.6297134238310709,0.7620155711221034,0.8264462809917354
mpdd,2,4,bracket_brown,A1_L,0.9336355952432388,0.060046921272880804,0.6493212669683258,0.7784420450123114,0.8095238095238095
mpdd,2,4,bracket_brown,DUP_L,0.9235860470677867,0.06578643939271123,0.6485671191553544,0.7730143614410259,0.8135593220338982
mpdd,2,4,bracket_brown,TRI_L,0.9434901447755537,0.06279282656179117,0.6847662141779789,0.814489535714268,0.8363636363636364
mpdd,2,4,bracket_brown,BAL_L,0.9473160582292995,0.05858033004344737,0.6719457013574661,0.8028418226625977,0.8141592920353982
mpdd,2,4,bracket_white,B,0.9967266783870651,0.10140696304689761,0.831111111111111,0.7947808981327917,0.8055555555555556
mpdd,2,4,bracket_white,S,0.997375705446054,0.0892106345082212,0.8388888888888889,0.8192458535447449,0.8235294117647058
mpdd,2,4,bracket_white,C,0.9940864363110984,0.06993084678833913,0.8077777777777777,0.796438590594918,0.8
mpdd,2,4,bracket_white,A1_J,0.9976595466131851,0.1401706563393195,0.8944444444444445,0.8983994903032644,0.8524590163934426
mpdd,2,4,bracket_white,TRI_J,0.9976773484982318,0.15682472666210312,0.8966666666666667,0.9029773668870409,0.8333333333333334
mpdd,2,4,bracket_white,BAL_J,0.9979210117998065,0.14239152086482762,0.9122222222222223,0.9200042816327505,0.8615384615384616
mpdd,2,4,bracket_white,DUP_J,0.9973496207394927,0.12393441761346957,0.8733333333333333,0.8759499625918827,0.8253968253968254
mpdd,2,4,bracket_white,DUP_BAL_J,0.9976595466131851,0.1401706563393195,0.8944444444444445,0.8983994903032644,0.8524590163934426
mpdd,2,4,bracket_white,DUP_EXPECTED_J,0.9973496207394927,0.12393441761346957,0.8733333333333333,0.8759499625918827,0.8253968253968254
mpdd,2,4,bracket_white,A1_L,0.9977365644908519,0.14273543604562502,0.8911111111111112,0.8979586030893814,0.8333333333333334
mpdd,2,4,bracket_white,DUP_L,0.9973698951085734,0.12432069318938559,0.8744444444444445,0.8725915633416761,0.8125
mpdd,2,4,bracket_white,TRI_L,0.9980068069957947,0.16743943421231416,0.8844444444444445,0.8867383523545873,0.8253968253968254
mpdd,2,4,bracket_white,BAL_L,0.9982256218328253,0.15738316829136106,0.9077777777777778,0.912348524203047,0.84375
mpdd,2,4,connector,B,0.9724718579710344,0.315501833741573,0.7404761904761905,0.5178724429710647,0.6666666666666667
mpdd,2,4,connector,S,0.9755578899935976,0.2581495892021344,0.6928571428571428,0.42173796292459886,0.6341463414634146
mpdd,2,4,connector,C,0.9734121497102907,0.22530924370782435,0.780952380952381,0.6251448452341308,0.631578947368421
mpdd,2,4,connector,A1_J,0.9759115850192033,0.3704865964008352,0.8095238095238095,0.6272917243122293,0.6857142857142857
mpdd,2,4,connector,TRI_J,0.9748103801668281,0.3541446989408292,0.7880952380952381,0.5724213682132673,0.7222222222222223
mpdd,2,4,connector,BAL_J,0.9767784812251659,0.3665034741817991,0.8119047619047619,0.6086720060984767,0.7222222222222223
mpdd,2,4,connector,DUP_J,0.9742197676601414,0.3484114489602239,0.7738095238095238,0.5747122342453381,0.6666666666666667
mpdd,2,4,connector,DUP_BAL_J,0.9759115850192033,0.3704865964008352,0.8095238095238095,0.6272917243122293,0.6857142857142857
mpdd,2,4,connector,DUP_EXPECTED_J,0.9742197676601414,0.3484114489602239,0.7738095238095238,0.5747122342453381,0.6666666666666667
mpdd,2,4,connector,A1_L,0.9800539423068853,0.40244595695557334,0.8142857142857143,0.6374827112581424,0.7058823529411764
mpdd,2,4,connector,DUP_L,0.9775270546170746,0.3713074777805898,0.780952380952381,0.593440736618074,0.6842105263157894
mpdd,2,4,connector,TRI_L,0.9804937097991454,0.3832116775623581,0.7904761904761904,0.5666022040267036,0.717948717948718
mpdd,2,4,connector,BAL_L,0.982114139521432,0.4064017279212759,0.8047619047619048,0.5850914330516468,0.7368421052631579
mpdd,2,4,metal_plate,B,0.9633652159239113,0.8324548144859365,1.0,1.0,1.0
mpdd,2,4,metal_plate,S,0.9760076013232593,0.8801196568252059,1.0,1.0,1.0
mpdd,2,4,metal_plate,C,0.9900954679234326,0.936985156108314,1.0,1.0,1.0
mpdd,2,4,metal_plate,A1_J,0.9816541055050672,0.8905866354271075,1.0,1.0,1.0
mpdd,2,4,metal_plate,TRI_J,0.980566404010764,0.8913379972084889,1.0,1.0,1.0
mpdd,2,4,metal_plate,BAL_J,0.9848057066364957,0.9083590111264968,1.0,1.0,1.0
mpdd,2,4,metal_plate,DUP_J,0.9763292129569285,0.8693608763203289,1.0,1.0,1.0
mpdd,2,4,metal_plate,DUP_BAL_J,0.9816541055050672,0.8905866354271075,1.0,1.0,1.0
mpdd,2,4,metal_plate,DUP_EXPECTED_J,0.9763292129569285,0.8693608763203289,1.0,1.0,1.0
mpdd,2,4,metal_plate,A1_L,0.9835514247797134,0.893148022646534,1.0,1.0,1.0
mpdd,2,4,metal_plate,DUP_L,0.977586607273282,0.8713284892240926,1.0,1.0,1.0
mpdd,2,4,metal_plate,TRI_L,0.9832398220227891,0.8975233937222871,1.0,1.0,1.0
mpdd,2,4,metal_plate,BAL_L,0.9873384086667395,0.913892290393066,1.0,1.0,1.0
mpdd,2,4,tubes,B,0.9887302972309999,0.7476672167336611,0.9628623188405798,0.984637022279318,0.9302325581395349
mpdd,2,4,tubes,S,0.9766918533989621,0.5974696405757802,0.9556159420289855,0.9807130863058205,0.9154929577464788
mpdd,2,4,tubes,C,0.9732286387651538,0.49339757330604045,0.8759057971014492,0.9434126979043228,0.8740740740740741
mpdd,2,4,tubes,A1_J,0.9901972660130971,0.7731577311984411,0.9646739130434783,0.9856928924356553,0.9384615384615386
mpdd,2,4,tubes,TRI_J,0.9872033042149704,0.7267316696541312,0.9615036231884058,0.9847477922483375,0.935251798561151
mpdd,2,4,tubes,BAL_J,0.9877224092613941,0.7337221648214345,0.965126811594203,0.9867039594974304,0.9552238805970149
mpdd,2,4,tubes,DUP_J,0.9899236188252237,0.7662194988240747,0.9633152173913043,0.9850385466027533,0.9384615384615386
mpdd,2,4,tubes,DUP_BAL_J,0.9901972660130971,0.7731577311984411,0.9646739130434783,0.9856928924356553,0.9384615384615386
mpdd,2,4,tubes,DUP_EXPECTED_J,0.9899236188252237,0.7662194988240747,0.9633152173913043,0.9850385466027533,0.9384615384615386
mpdd,2,4,tubes,A1_L,0.9919469112621722,0.7801251468524001,0.9682971014492754,0.9870499307356003,0.9411764705882353
mpdd,2,4,tubes,DUP_L,0.991032249906655,0.7687846455650085,0.9655797101449275,0.9858786907297926,0.9384615384615386
mpdd,2,4,tubes,TRI_L,0.9895284522558966,0.7386362301101811,0.9741847826086957,0.989129501674468,0.9489051094890512
mpdd,2,4,tubes,BAL_L,0.9904173064355758,0.7493859717751524,0.9764492753623188,0.9904674724804866,0.9552238805970149
mpdd,2,8,bracket_black,B,0.9668690741187023,0.19002354368135868,0.7819148936170213,0.8778572440118904,0.7816091954022989
mpdd,2,8,bracket_black,S,0.9544938542191015,0.17569027476320168,0.7227393617021276,0.8336376515429971,0.7460317460317459
mpdd,2,8,bracket_black,C,0.9627363332911647,0.055396178840208685,0.589095744680851,0.6805648247837792,0.7479674796747967
mpdd,2,8,bracket_black,A1_J,0.9712597494453408,0.2101654310799301,0.7626329787234042,0.8607856808115731,0.7692307692307693
mpdd,2,8,bracket_black,TRI_J,0.9660242087671653,0.2053645822898909,0.7519946808510639,0.8587028149075117,0.761904761904762
mpdd,2,8,bracket_black,BAL_J,0.9681045589795395,0.20876780348190177,0.7406914893617021,0.8509206031073446,0.7592592592592592
mpdd,2,8,bracket_black,DUP_J,0.9700692681620418,0.2058089929777712,0.7746010638297873,0.8708401527067464,0.7777777777777778
mpdd,2,8,bracket_black,DUP_BAL_J,0.9712597494453408,0.2101654310799301,0.7626329787234042,0.8607856808115731,0.7692307692307693
mpdd,2,8,bracket_black,DUP_EXPECTED_J,0.9700692681620418,0.2058089929777712,0.7746010638297873,0.8708401527067464,0.7777777777777778
mpdd,2,8,bracket_black,A1_L,0.9737226894830561,0.20121504846714347,0.7765957446808511,0.8711019616837385,0.764705882352941
mpdd,2,8,bracket_black,DUP_L,0.9717048876227905,0.19810286405478134,0.7785904255319149,0.8745129468593603,0.7727272727272727
mpdd,2,8,bracket_black,TRI_L,0.9710491357581552,0.2041984583484654,0.7772606382978724,0.8765479926674131,0.7735849056603775
mpdd,2,8,bracket_black,BAL_L,0.9729439544356687,0.2064479767481283,0.7706117021276596,0.872659750944501,0.766355140186916
mpdd,2,8,bracket_brown,B,0.9154115336556441,0.07761445683987661,0.6282051282051282,0.7413852794456939,0.8225806451612903
mpdd,2,8,bracket_brown,S,0.9559503024054721,0.08020601920696585,0.7232277526395173,0.820641643420264,0.8275862068965518
mpdd,2,8,bracket_brown,C,0.936510934400347,0.03914097323451675,0.6372549019607843,0.762534268460313,0.8095238095238095
mpdd,2,8,bracket_brown,A1_J,0.9283710875407533,0.06728855099252641,0.6553544494720965,0.7822805876556088,0.8031496062992126
mpdd,2,8,bracket_brown,TRI_J,0.9404618003474937,0.07789972595598002,0.6802413273001509,0.7973703009772948,0.8264462809917354
mpdd,2,8,bracket_brown,BAL_J,0.9420908194583902,0.07096933872049963,0.7088989441930618,0.816967152014161,0.8196721311475409
mpdd,2,8,bracket_brown,DUP_J,0.9229103152549178,0.07275128223115165,0.6402714932126697,0.7663169215362374,0.8032786885245901
mpdd,2,8,bracket_brown,DUP_BAL_J,0.9283710875407533,0.06728855099252641,0.6553544494720965,0.7822805876556088,0.8031496062992126
mpdd,2,8,bracket_brown,DUP_EXPECTED_J,0.9229103152549178,0.07275128223115165,0.6402714932126697,0.7663169215362374,0.8032786885245901
mpdd,2,8,bracket_brown,A1_L,0.9383982339127377,0.07602311762371222,0.6870286576168929,0.7914825173576633,0.8160000000000001
mpdd,2,8,bracket_brown,DUP_L,0.9301069375159479,0.07838865580578182,0.6598793363499246,0.7682587903752924,0.8160000000000001
mpdd,2,8,bracket_brown,TRI_L,0.9502384354540803,0.0842975312397456,0.6953242835595776,0.8069818936381247,0.8160000000000001
mpdd,2,8,bracket_brown,BAL_L,0.9530462393699772,0.07876938043359809,0.7156862745098039,0.8178154352218445,0.8225806451612903
mpdd,2,8,bracket_white,B,0.9983031342072987,0.17656535290575942,0.94,0.9517532734027311,0.8771929824561403
mpdd,2,8,bracket_white,S,0.9981781501393678,0.11444925890050732,0.9422222222222223,0.9473501498837251,0.8813559322033899
mpdd,2,8,bracket_white,C,0.9951297009493474,0.07522286875936,0.8744444444444444,0.8633341286410189,0.8450704225352113
mpdd,2,8,bracket_white,A1_J,0.9984325687464914,0.1634483878869906,0.9555555555555556,0.9582207514155511,0.896551724137931
mpdd,2,8,bracket_white,TRI_J,0.9985153969616385,0.14128358344593314,0.9644444444444445,0.9646201735688787,0.90625
mpdd,2,8,bracket_white,BAL_J,0.9985246687767669,0.13541928137359882,0.9688888888888889,0.9654025769919261,0.9354838709677419
mpdd,2,8,bracket_white,DUP_J,0.998418104714891,0.16963029542639504,0.9500000000000001,0.9570250728032057,0.8928571428571429
mpdd,2,8,bracket_white,DUP_BAL_J,0.9984325687464914,0.1634483878869906,0.9555555555555556,0.9582207514155511,0.896551724137931
mpdd,2,8,bracket_white,DUP_EXPECTED_J,0.998418104714891,0.16963029542639504,0.9500000000000001,0.9570250728032057,0.8928571428571429
mpdd,2,8,bracket_white,A1_L,0.9985655883875336,0.17426330715945004,0.9466666666666667,0.9495308495870547,0.8787878787878789
mpdd,2,8,bracket_white,DUP_L,0.9985067432675188,0.17777332671660342,0.9477777777777778,0.9553458666545183,0.8787878787878789
mpdd,2,8,bracket_white,TRI_L,0.9987220966269014,0.15899301226021265,0.9555555555555555,0.9570808568331358,0.8955223880597014
mpdd,2,8,bracket_white,BAL_L,0.9987228383721116,0.15270561719249467,0.9566666666666667,0.9546377569442155,0.923076923076923
mpdd,2,8,connector,B,0.9837399729177208,0.3933388793440167,0.7738095238095237,0.5509088995063122,0.7222222222222223
mpdd,2,8,connector,S,0.9853930583821907,0.4117460041270071,0.8095238095238095,0.6101673126857972,0.7368421052631579
mpdd,2,8,connector,C,0.9733967494778516,0.21074791958222286,0.7023809523809523,0.516360165559673,0.6363636363636364
mpdd,2,8,connector,A1_J,0.984781551351405,0.4177053169899944,0.8023809523809524,0.6304396589945019,0.7000000000000001
mpdd,2,8,connector,TRI_J,0.9845393494300817,0.4245302843542119,0.7904761904761904,0.5344215308501022,0.7222222222222223
mpdd,2,8,connector,BAL_J,0.9850962998616507,0.4406194949906869,0.8142857142857143,0.6063763200041394,0.742857142857143
mpdd,2,8,connector,DUP_J,0.9843957347508606,0.40926555372045603,0.7857142857142858,0.581475778717284,0.7368421052631579
mpdd,2,8,connector,DUP_BAL_J,0.984781551351405,0.4177053169899944,0.8023809523809524,0.6304396589945019,0.7000000000000001
mpdd,2,8,connector,DUP_EXPECTED_J,0.9843957347508606,0.40926555372045603,0.7857142857142858,0.581475778717284,0.7368421052631579
mpdd,2,8,connector,A1_L,0.9870825482982575,0.46297204175039997,0.8166666666666667,0.6550118974501942,0.7567567567567568
mpdd,2,8,connector,DUP_L,0.9860869464024218,0.4326853758045414,0.7976190476190477,0.6173989372463499,0.7368421052631579
mpdd,2,8,connector,TRI_L,0.9879999137701448,0.4818128495802112,0.8309523809523809,0.6446677693069728,0.7567567567567568
mpdd,2,8,connector,BAL_L,0.9884781079185716,0.5066095095989628,0.8476190476190477,0.6675838492678386,0.7878787878787878
mpdd,2,8,metal_plate,B,0.962156205649453,0.8273621229518764,1.0,1.0,1.0
mpdd,2,8,metal_plate,S,0.9766357392717872,0.8811215357036943,1.0,1.0,1.0
mpdd,2,8,metal_plate,C,0.990836768682746,0.9393122636832154,1.0,1.0,1.0
mpdd,2,8,metal_plate,A1_J,0.9826483041558789,0.8885373135816871,1.0,1.0,1.0
mpdd,2,8,metal_plate,TRI_J,0.9813217555614206,0.8915789640121851,1.0,1.0,1.0
mpdd,2,8,metal_plate,BAL_J,0.9856268424120849,0.9081779746955534,1.0,1.0,1.0
mpdd,2,8,metal_plate,DUP_J,0.977202512942348,0.8677640817329191,1.0,1.0,1.0
mpdd,2,8,metal_plate,DUP_BAL_J,0.9826483041558789,0.8885373135816871,1.0,1.0,1.0
mpdd,2,8,metal_plate,DUP_EXPECTED_J,0.977202512942348,0.8677640817329191,1.0,1.0,1.0
mpdd,2,8,metal_plate,A1_L,0.9841573133274817,0.889780855901337,1.0,1.0,1.0
mpdd,2,8,metal_plate,DUP_L,0.977773859184862,0.8675410665629136,1.0,1.0,1.0
mpdd,2,8,metal_plate,TRI_L,0.9836838962088421,0.8960981400576982,1.0,1.0,1.0
mpdd,2,8,metal_plate,BAL_L,0.9879974498528299,0.9128215135916982,1.0,1.0,1.0
mpdd,2,8,tubes,B,0.9899313157238318,0.7561464203267234,0.9669384057971014,0.9859459153369992,0.9253731343283582
mpdd,2,8,tubes,S,0.9799348786102546,0.6155497429418365,0.9624094202898551,0.9836786998183328,0.9285714285714286
mpdd,2,8,tubes,C,0.9737687522010985,0.4897154571141973,0.8867753623188406,0.9461888005504256,0.8857142857142857
mpdd,2,8,tubes,A1_J,0.9912677450809101,0.7781321234659819,0.9664855072463768,0.9865184845139938,0.9411764705882353
mpdd,2,8,tubes,TRI_J,0.9883621378419416,0.7335336279670934,0.9655797101449275,0.9862357960755975,0.9384615384615386
mpdd,2,8,tubes,BAL_J,0.9888644385164185,0.7400576591691999,0.967391304347826,0.9877044812968641,0.9624060150375939
mpdd,2,8,tubes,DUP_J,0.9910091758348021,0.7727242428534573,0.9664855072463769,0.9860857584189744,0.9312977099236642
mpdd,2,8,tubes,DUP_BAL_J,0.9912677450809101,0.7781321234659819,0.9664855072463768,0.9865184845139938,0.9411764705882353
mpdd,2,8,tubes,DUP_EXPECTED_J,0.9910091758348021,0.7727242428534573,0.9664855072463769,0.9860857584189744,0.9312977099236642
mpdd,2,8,tubes,A1_L,0.9928644417919564,0.7862764721582136,0.9714673913043479,0.9881241997954928,0.9411764705882353
mpdd,2,8,tubes,DUP_L,0.992039748752197,0.7760871349165251,0.96875,0.9868516002202159,0.9312977099236642
mpdd,2,8,tubes,TRI_L,0.9909496195348704,0.7467975073944427,0.9741847826086957,0.9892316067333099,0.9489051094890512
mpdd,2,8,tubes,BAL_L,0.9917579625912256,0.7567189083056588,0.9750905797101449,0.9900207718148007,0.9558823529411764
