method,image_index,sample_id,image_label,region,grid,boundary_count,patch_count,mean,p05,p25,median,p75,p95,min,max
A1_G,0,tubes/test/anomalous/000.png,1,abnormal_normal,32x32,10,1000,0.009569736301898956,0.00025811642408370974,0.0027510151267051697,0.006957933306694031,0.013085022568702698,0.027489966154098506,0.0,0.061677128076553345
A1_G,0,tubes/test/anomalous/000.png,1,defect,32x32,10,24,0.014854176590840021,0.0026789665222167972,0.009624592959880829,0.014012768864631653,0.020159028470516205,0.02950691729784011,0.0015966594219207764,0.03083828091621399
A1_G,0,tubes/test/anomalous/000.png,1,clean_defect,32x32,10,14,0.015479221940040588,0.006171734631061554,0.01319548487663269,0.01615557074546814,0.01949499547481537,0.021649496257305143,0.004644930362701416,0.022507131099700928
A1_G,0,tubes/test/anomalous/000.png,1,boundary,32x32,10,10,0.013979113101959229,0.0019275769591331482,0.00565764307975769,0.011266708374023438,0.023556649684906006,0.030447737872600553,0.0015966594219207764,0.03083828091621399
A1_G,1,tubes/test/anomalous/001.png,1,abnormal_normal,32x32,10,1002,0.00940852664306968,5.620718002319373e-06,0.0023944899439811707,0.006527140736579895,0.012914396822452545,0.028641875088214867,0.0,0.0976802408695221
A1_G,1,tubes/test/anomalous/001.png,1,defect,32x32,10,22,0.012057156725363298,0.0032457813620567324,0.006729990243911743,0.011205524206161499,0.01717454195022583,0.021865472197532654,0.0,0.029605388641357422
A1_G,1,tubes/test/anomalous/001.png,1,clean_defect,32x32,10,12,0.014867151776949564,0.002924597263336182,0.01086059957742691,0.015175193548202515,0.019972875714302063,0.025373357534408565,0.0,0.029605388641357422
A1_G,1,tubes/test/anomalous/001.png,1,boundary,32x32,10,10,0.008685162663459778,0.003819023072719574,0.00520101934671402,0.008349984884262085,0.010420948266983032,0.015392442047595972,0.003174126148223877,0.01782873272895813
A1_G,2,tubes/test/anomalous/002.png,1,abnormal_normal,32x32,9,1002,0.009218410073878046,7.831901311874414e-05,0.0024289339780807495,0.006815284490585327,0.012999966740608215,0.027873887121677387,0.0,0.08177241683006287
A1_G,2,tubes/test/anomalous/002.png,1,defect,32x32,9,22,0.014454884962602095,0.006180566549301147,0.009316757321357727,0.012256547808647156,0.018075771629810333,0.02848573178052902,0.003657907247543335,0.030150890350341797
A1_G,2,tubes/test/anomalous/002.png,1,clean_defect,32x32,9,13,0.014008774207188534,0.006709152460098266,0.009292960166931152,0.011209219694137573,0.018173009157180786,0.02515310049057006,0.0061325132846832275,0.027422070503234863
A1_G,2,tubes/test/anomalous/002.png,1,boundary,32x32,9,9,0.015099267164866129,0.005138999223709107,0.0097733736038208,0.012459218502044678,0.017784059047698975,0.029507219791412354,0.003657907247543335,0.030150890350341797
A1_G,3,tubes/test/anomalous/003.png,1,abnormal_normal,32x32,9,1002,0.009087774032604195,8.447170257568361e-05,0.002116747200489044,0.006001800298690796,0.01284760981798172,0.027025823295116422,0.0,0.09858405590057373
A1_G,3,tubes/test/anomalous/003.png,1,defect,32x32,9,22,0.012185378508134321,0.0035658970475196837,0.006379865109920502,0.012094661593437195,0.01558905839920044,0.02379276156425476,0.0013875961303710938,0.025417745113372803
A1_G,3,tubes/test/anomalous/003.png,1,clean_defect,32x32,9,13,0.01184193675334637,0.0048785626888275145,0.006661653518676758,0.011228710412979126,0.014176160097122192,0.024463307857513425,0.0035551786422729492,0.025417745113372803
A1_G,3,tubes/test/anomalous/003.png,1,boundary,32x32,9,9,0.01268146104282803,0.002340376377105713,0.006285935640335083,0.013088822364807129,0.018268734216690063,0.0224945068359375,0.0013875961303710938,0.023141920566558838
A1_G,4,tubes/test/anomalous/004.png,1,abnormal_normal,32x32,9,1003,0.010160771169786082,0.00025725066661834716,0.0026719868183135986,0.006823480129241943,0.014717355370521545,0.031077075004577633,0.0,0.07581615447998047
A1_G,4,tubes/test/anomalous/004.png,1,defect,32x32,9,21,0.012907681011018298,0.006009519100189209,0.00900915265083313,0.01125788688659668,0.014925181865692139,0.025238990783691406,0.0044071972370147705,0.027574539184570312
A1_G,4,tubes/test/anomalous/004.png,1,clean_defect,32x32,9,12,0.012334182858467102,0.005288474261760712,0.007846206426620483,0.011446714401245117,0.015347391366958618,0.02210331112146377,0.0044071972370147705,0.027574539184570312
A1_G,4,tubes/test/anomalous/004.png,1,boundary,32x32,9,9,0.013672345214419894,0.008629924058914185,0.00923091173171997,0.01048368215560913,0.014613449573516846,0.024713468551635743,0.008377104997634888,0.025238990783691406
A1_G,5,tubes/test/anomalous/005.png,1,abnormal_normal,32x32,8,1003,0.009081344423836036,0.0,0.0023451149463653564,0.006003737449645996,0.012793213129043579,0.02834954261779785,0.0,0.07041051983833313
A1_G,5,tubes/test/anomalous/005.png,1,defect,32x32,8,21,0.01338672779855274,0.004791557788848877,0.008686691522598267,0.013002604246139526,0.016571909189224243,0.02420133352279663,0.0036929845809936523,0.027330636978149414
A1_G,5,tubes/test/anomalous/005.png,1,clean_defect,32x32,8,13,0.013902400548641499,0.006769460439682007,0.010019630193710327,0.013720452785491943,0.016571909189224243,0.023732268810272215,0.006291419267654419,0.02420133352279663
A1_G,5,tubes/test/anomalous/005.png,1,boundary,32x32,8,8,0.012548759579658508,0.004077485203742981,0.006944522261619568,0.012420788407325745,0.01526515930891037,0.023916652798652644,0.0036929845809936523,0.027330636978149414
A1_G,6,tubes/test/anomalous/006.png,1,abnormal_normal,32x32,4,1008,0.008908073432625287,0.00028460323810577395,0.0025001615285873413,0.006006062030792236,0.012522071599960327,0.027103212475776666,0.0,0.09913593530654907
A1_G,6,tubes/test/anomalous/006.png,1,defect,32x32,4,16,0.015679940581321716,0.001351095736026764,0.008143328130245209,0.012232363224029541,0.022074684500694275,0.04078900068998337,0.0,0.04105710983276367
A1_G,6,tubes/test/anomalous/006.png,1,clean_defect,32x32,4,12,0.01912694921096166,0.005136938393115997,0.01086694747209549,0.018231898546218872,0.022654429078102112,0.04086049646139145,0.0018014609813690186,0.04105710983276367
A1_G,6,tubes/test/anomalous/006.png,1,boundary,32x32,4,4,0.005338914692401886,0.0006135597825050354,0.003067798912525177,0.006163090467453003,0.008434206247329712,0.008910423517227173,0.0,0.009029477834701538
A1_G,7,tubes/test/anomalous/007.png,1,abnormal_normal,32x32,9,1003,0.009673133477613196,0.0002488881349563599,0.0026216506958007812,0.006833076477050781,0.013192713260650635,0.029342898726463316,0.0,0.07948151230812073
A1_G,7,tubes/test/anomalous/007.png,1,defect,32x32,9,21,0.01284982476915632,0.006613284349441528,0.00839969515800476,0.010873198509216309,0.015016108751296997,0.03214067220687866,0.0,0.033297717571258545
A1_G,7,tubes/test/anomalous/007.png,1,clean_defect,32x32,9,12,0.014814481139183044,0.007125397026538849,0.009156078100204468,0.012004449963569641,0.015825368463993073,0.03266134262084961,0.006613284349441528,0.033297717571258545
A1_G,7,tubes/test/anomalous/007.png,1,boundary,32x32,9,9,0.01023028294245402,0.0030050635337829593,0.0076607465744018555,0.010504305362701416,0.01370963454246521,0.015548306703567504,0.0,0.015706807374954224
A1_G,8,tubes/test/anomalous/008.png,1,abnormal_normal,32x32,8,1005,0.007810148700552793,0.0,0.0019262433052062988,0.005383849143981934,0.01123654842376709,0.023938691616058345,0.0,0.059647172689437866
A1_G,8,tubes/test/anomalous/008.png,1,defect,32x32,8,19,0.014153300147307547,0.0022284209728240965,0.005367010831832886,0.00849837064743042,0.01810389757156372,0.04036317467689513,0.0009756684303283691,0.04328957200050354
A1_G,8,tubes/test/anomalous/008.png,1,clean_defect,32x32,8,11,0.018528897653926502,0.004062831401824951,0.011161386966705322,0.01572611927986145,0.02233569324016571,0.041663795709609985,0.0023676156997680664,0.04328957200050354
A1_G,8,tubes/test/anomalous/008.png,1,boundary,32x32,8,8,0.008136853575706482,0.001547589898109436,0.0037894099950790405,0.005830869078636169,0.00814145803451538,0.021944518387317646,0.0009756684303283691,0.02935507893562317
A1_G,9,tubes/test/anomalous/009.png,1,abnormal_normal,32x32,10,1003,0.008134805965994077,0.0,0.0020902156829833984,0.005355030298233032,0.011546805500984192,0.02444685995578766,0.0,0.06413394212722778
A1_G,9,tubes/test/anomalous/009.png,1,defect,32x32,10,21,0.01714596152305603,0.00263291597366333,0.006819486618041992,0.01180964708328247,0.027211129665374756,0.03346759080886841,0.0005000829696655273,0.04837995767593384
A1_G,9,tubes/test/anomalous/009.png,1,clean_defect,32x32,10,11,0.023210319605740635,0.008496686816215515,0.011629253625869751,0.027211129665374756,0.029326096177101135,0.04092377424240112,0.005901634693145752,0.04837995767593384
A1_G,9,tubes/test/anomalous/009.png,1,boundary,32x32,10,10,0.010475167632102966,0.0014598578214645385,0.004761733114719391,0.007817342877388,0.01722484827041626,0.023303024470806122,0.0005000829696655273,0.02394762635231018
A1_G,10,tubes/test/anomalous/010.png,1,abnormal_normal,32x32,8,1004,0.009327002463350258,0.00015764087438583377,0.00225704163312912,0.006525382399559021,0.013352178037166595,0.028573127090930933,0.0,0.07605153322219849
A1_G,10,tubes/test/anomalous/010.png,1,defect,32x32,8,20,0.019443310797214508,0.005804464221000671,0.010712385177612305,0.018111348152160645,0.02721364051103592,0.036382009088993084,0.0015664100646972656,0.05441442131996155
A1_G,10,tubes/test/anomalous/010.png,1,clean_defect,32x32,8,12,0.022991788884003956,0.010916437208652496,0.012692347168922424,0.01915167272090912,0.029001325368881226,0.043974603712558735,0.010092169046401978,0.05441442131996155
A1_G,10,tubes/test/anomalous/010.png,1,boundary,32x32,8,8,0.014120593667030334,0.0031277984380722046,0.006710320711135864,0.00913645327091217,0.02485806494951248,0.028320604562759397,0.0015664100646972656,0.029098033905029297
A1_G,11,tubes/test/anomalous/011.png,1,abnormal_normal,32x32,8,1004,0.009305059672351852,0.00016860365867614756,0.002414502203464508,0.0063011497259140015,0.013179615139961243,0.029928873479366274,0.0,0.06735250353813171
A1_G,11,tubes/test/anomalous/011.png,1,defect,32x32,8,20,0.020221622288227083,0.005524061620235443,0.013771750032901764,0.019646406173706055,0.02574162185192108,0.03229110091924668,0.0043183863162994385,0.04619893431663513
A1_G,11,tubes/test/anomalous/011.png,1,clean_defect,32x32,8,12,0.021881766617298126,0.007981988787651061,0.013771750032901764,0.02190740406513214,0.028792724013328552,0.03814703077077865,0.005587518215179443,0.04619893431663513
A1_G,11,tubes/test/anomalous/011.png,1,boundary,32x32,8,8,0.017731405794620514,0.006156931817531586,0.012994185090065002,0.017047792673110962,0.0244564488530159,0.028546033799648284,0.0043183863162994385,0.03045511245727539
A1_G,12,tubes/test/anomalous/012.png,1,abnormal_normal,32x32,9,1003,0.008561874672042526,0.0,0.0018953680992126465,0.005532681941986084,0.012323826551437378,0.027615529298782346,0.0,0.08343687653541565
A1_G,12,tubes/test/anomalous/012.png,1,defect,32x32,9,21,0.01636709627651033,0.007579326629638672,0.011999398469924927,0.013909488916397095,0.017644882202148438,0.030936062335968018,0.003428339958190918,0.03303176164627075
A1_G,12,tubes/test/anomalous/012.png,1,clean_defect,32x32,9,12,0.017347638805707295,0.008224749565124511,0.012130871415138245,0.014194563031196594,0.020502351224422455,0.03187912702560425,0.007579326629638672,0.03303176164627075
A1_G,12,tubes/test/anomalous/012.png,1,boundary,32x32,9,9,0.01505970623758104,0.006129717826843262,0.011999398469924927,0.013627946376800537,0.016211479902267456,0.027347588539123533,0.003428339958190918,0.029111802577972412
A1_G,13,tubes/test/anomalous/013.png,1,abnormal_normal,32x32,5,1015,0.008751797734810213,6.249845027923584e-05,0.0021149516105651855,0.005727857351303101,0.01175108551979065,0.02553404271602629,0.0,0.11257356405258179
A1_G,13,tubes/test/anomalous/013.png,1,defect,32x32,5,9,0.011432107951905992,0.004834860563278198,0.007412612438201904,0.008692502975463867,0.011710822582244873,0.025037753582000728,0.004724174737930298,0.030164003372192383
A1_G,13,tubes/test/anomalous/013.png,1,clean_defect,32x32,5,4,0.015232004225254059,0.008942730724811554,0.009943641722202301,0.011035755276679993,0.01632411777973175,0.02739602625370025,0.008692502975463867,0.030164003372192383
A1_G,13,tubes/test/anomalous/013.png,1,boundary,32x32,5,5,0.00839219093322754,0.004779517650604248,0.005000889301300049,0.007412612438201904,0.0074748992919921875,0.015373682975769042,0.004724174737930298,0.017348378896713257
A1_G,14,tubes/test/anomalous/014.png,1,abnormal_normal,32x32,5,1013,0.008929514902600648,9.674429893493652e-05,0.0024392008781433105,0.006185591220855713,0.012564301490783691,0.02683025002479553,0.0,0.10017773509025574
A1_G,14,tubes/test/anomalous/014.png,1,defect,32x32,5,11,0.00863348353992809,8.270144462585449e-05,0.0028243958950042725,0.006216585636138916,0.011404722929000854,0.022803843021392822,0.0,0.030164241790771484
A1_G,14,tubes/test/anomalous/014.png,1,clean_defect,32x32,5,6,0.00684790313243866,0.00037404894828796387,0.0019163787364959717,0.0072602033615112305,0.009932346642017365,0.014072127640247345,0.00016540288925170898,0.01544344425201416
A1_G,14,tubes/test/anomalous/014.png,1,boundary,32x32,5,5,0.010776180028915405,0.0009297609329223633,0.004648804664611816,0.006216585636138916,0.01285126805305481,0.026701647043228145,0.0,0.030164241790771484
A1_G,15,tubes/test/anomalous/015.png,1,abnormal_normal,32x32,8,1012,0.00852301981844921,0.0001527845859527589,0.0023321732878684998,0.005777835845947266,0.011946544051170349,0.025322738289833065,0.0,0.05582466721534729
A1_G,15,tubes/test/anomalous/015.png,1,defect,32x32,8,12,0.01883972684542338,0.0010190129280090332,0.0073290541768074036,0.014689981937408447,0.02360975742340088,0.051971432566642745,0.0,0.06168493628501892
A1_G,15,tubes/test/anomalous/015.png,1,clean_defect,32x32,8,4,0.008215934038162231,0.00027791261672973635,0.0013895630836486816,0.007575720548629761,0.01440209150314331,0.017050254344940185,0.0,0.017712295055389404
A1_G,15,tubes/test/anomalous/015.png,1,boundary,32x32,8,8,0.024151623249053955,0.00568578988313675,0.008922107517719269,0.0192234069108963,0.03151281177997589,0.05550361573696136,0.004247933626174927,0.06168493628501892
A1_G,16,tubes/test/anomalous/016.png,1,abnormal_normal,32x32,8,1012,0.008267429977537615,0.0,0.0018925294280052185,0.00554385781288147,0.011519603431224823,0.024378187954425805,0.0,0.08000820875167847
A1_G,16,tubes/test/anomalous/016.png,1,defect,32x32,8,12,0.009068047006924948,0.004322966933250428,0.006120435893535614,0.0076211243867874146,0.011447928845882416,0.016067457199096673,0.002821624279022217,0.019789129495620728
A1_G,16,tubes/test/anomalous/016.png,1,clean_defect,32x32,8,4,0.007403381168842316,0.0033254235982894897,0.0053406208753585815,0.006884723901748657,0.008947484195232391,0.012207458913326261,0.002821624279022217,0.013022452592849731
A1_G,16,tubes/test/anomalous/016.png,1,boundary,32x32,8,8,0.009900379925966263,0.005687679350376129,0.0063550397753715515,0.009127497673034668,0.011447928845882416,0.01701552420854568,0.005551338195800781,0.019789129495620728
A1_G,17,tubes/test/anomalous/017.png,1,abnormal_normal,32x32,3,1015,0.008998153068749189,0.00033220052719116214,0.0027619600296020508,0.00650179386138916,0.012403547763824463,0.027157220244407643,0.0,0.06580862402915955
A1_G,17,tubes/test/anomalous/017.png,1,defect,32x32,3,9,0.016554511255688138,0.010825240612030029,0.01503056287765503,0.016747981309890747,0.017312973737716675,0.022856438159942625,0.010332167148590088,0.025327026844024658
A1_G,17,tubes/test/anomalous/017.png,1,clean_defect,32x32,3,6,0.016961092750231426,0.015327699482440948,0.016351327300071716,0.01702667772769928,0.01731107383966446,0.018691159784793854,0.01503056287765503,0.01915055513381958
A1_G,17,tubes/test/anomalous/017.png,1,boundary,32x32,3,3,0.015741348266601562,0.010455435514450074,0.010948508977890015,0.011564850807189941,0.0184459388256073,0.023950809240341184,0.010332167148590088,0.025327026844024658
A1_G,18,tubes/test/anomalous/018.png,1,abnormal_normal,32x32,3,1015,0.009118054535588607,0.0,0.0022120028734207153,0.00616106390953064,0.012790605425834656,0.029091781377792343,0.0,0.07175487279891968
A1_G,18,tubes/test/anomalous/018.png,1,defect,32x32,3,9,0.014653593301773071,0.007129693031311035,0.01290428638458252,0.013374388217926025,0.014706015586853027,0.02432180047035217,0.004039764404296875,0.026303380727767944
A1_G,18,tubes/test/anomalous/018.png,1,clean_defect,32x32,3,6,0.013241281112035116,0.005970969796180725,0.012167036533355713,0.0137939453125,0.014582887291908264,0.019688576459884644,0.004039764404296875,0.021349430084228516
A1_G,18,tubes/test/anomalous/018.png,1,boundary,32x32,3,3,0.01747821768124898,0.012936556339263916,0.013065636157989502,0.013226985931396484,0.019765183329582214,0.024995741248130796,0.01290428638458252,0.026303380727767944
A1_G,19,tubes/test/anomalous/019.png,1,abnormal_normal,32x32,9,1004,0.009552598563560926,0.00036854445934295663,0.0031061172485351562,0.006651982665061951,0.012821272015571594,0.02816575616598128,0.0,0.07752367854118347
A1_G,19,tubes/test/anomalous/019.png,1,defect,32x32,9,20,0.016945724189281464,0.002491047978401184,0.009479068219661713,0.014978557825088501,0.026615090668201447,0.03162208497524262,0.0022791028022766113,0.032446593046188354
A1_G,19,tubes/test/anomalous/019.png,1,clean_defect,32x32,9,11,0.015305267138914629,0.002390652894973755,0.008502647280693054,0.013326883316040039,0.02333514392375946,0.031144261360168457,0.0022791028022766113,0.032446593046188354
A1_G,19,tubes/test/anomalous/019.png,1,boundary,32x32,9,9,0.01895072725084093,0.00492323637008667,0.011579662561416626,0.020161449909210205,0.026835232973098755,0.030821913480758665,0.004324972629547119,0.03157868981361389
A1_G,20,tubes/test/anomalous/020.png,1,abnormal_normal,32x32,8,1006,0.00939962626333028,0.0002486109733581543,0.0028529688715934753,0.006518930196762085,0.012989930808544159,0.02652568370103836,0.0,0.08251279592514038
A1_G,20,tubes/test/anomalous/020.png,1,defect,32x32,8,18,0.010015106863445707,0.0008624061942100525,0.003954164683818817,0.008883893489837646,0.014347858726978302,0.024854218959808345,0.0006480216979980469,0.028714507818222046
A1_G,20,tubes/test/anomalous/020.png,1,clean_defect,32x32,8,10,0.008695870637893677,0.0007615193724632263,0.002457737922668457,0.008149400353431702,0.014203965663909912,0.018622171878814694,0.0006480216979980469,0.019518136978149414
A1_G,20,tubes/test/anomalous/020.png,1,boundary,32x32,8,8,0.011664152145385742,0.0025268539786338804,0.004545979201793671,0.00930716097354889,0.014561295509338379,0.027124977111816405,0.001765519380569458,0.028714507818222046
A1_G,21,tubes/test/anomalous/021.png,1,abnormal_normal,32x32,11,1004,0.008536169283181072,0.00027849376201629646,0.002396881580352783,0.006001174449920654,0.011508934199810028,0.0249588057398796,0.0,0.06692898273468018
A1_G,21,tubes/test/anomalous/021.png,1,defect,32x32,11,20,0.009542284905910492,0.0004632160067558289,0.0054768770933151245,0.008841753005981445,0.012339107692241669,0.020268024504184724,0.0,0.022500187158584595
A1_G,21,tubes/test/anomalous/021.png,1,clean_defect,32x32,11,9,0.008913016981548734,0.001741570234298706,0.006201446056365967,0.00941479206085205,0.01078122854232788,0.016824150085449217,0.000487595796585083,0.02015054225921631
A1_G,21,tubes/test/anomalous/021.png,1,boundary,32x32,11,11,0.010057140480388294,0.0007871836423873901,0.004713982343673706,0.00826871395111084,0.015987366437911987,0.0205756276845932,0.0,0.022500187158584595
A1_G,22,tubes/test/anomalous/022.png,1,abnormal_normal,32x32,10,1004,0.009006480178035113,0.0001696377992630007,0.002520330250263214,0.006046786904335022,0.012292690575122833,0.027858117222785937,0.0,0.06929928064346313
A1_G,22,tubes/test/anomalous/022.png,1,defect,32x32,10,20,0.009688349068164825,0.002207446098327637,0.008003942668437958,0.010050073266029358,0.011261969804763794,0.0175443634390831,0.0,0.01950421929359436
A1_G,22,tubes/test/anomalous/022.png,1,clean_defect,32x32,10,10,0.010721668601036072,0.0036634281277656555,0.00946052372455597,0.01022636890411377,0.01133803278207779,0.018575866520404813,0.0,0.01950421929359436
A1_G,22,tubes/test/anomalous/022.png,1,boundary,32x32,10,10,0.008655029535293578,0.0028161078691482542,0.005278192460536957,0.00912255048751831,0.011067092418670654,0.014493750035762781,0.002323627471923828,0.01705607771873474
A1_G,23,tubes/test/anomalous/023.png,1,abnormal_normal,32x32,10,1004,0.008903845135434215,0.00011663883924484253,0.002428025007247925,0.006090253591537476,0.012855343520641327,0.025450967252254465,0.0,0.07955372333526611
A1_G,23,tubes/test/anomalous/023.png,1,defect,32x32,10,20,0.00963451862335205,0.002152945101261139,0.006442688405513763,0.00892522931098938,0.014057323336601257,0.01777462810277939,0.0,0.01967865228652954
A1_G,23,tubes/test/anomalous/023.png,1,clean_defect,32x32,10,10,0.011275601387023926,0.0014153480529785158,0.007700614631175995,0.01220037043094635,0.016537852585315704,0.018776746094226835,0.0,0.01967865228652954
A1_G,23,tubes/test/anomalous/023.png,1,boundary,32x32,10,10,0.007993435859680176,0.0027630433440208437,0.006425447762012482,0.007908806204795837,0.009816691279411316,0.013495190441608422,0.0022662580013275146,0.016230493783950806
A1_G,24,tubes/test/anomalous/024.png,1,abnormal_normal,32x32,12,1002,0.009368181079923512,0.0,0.002348393201828003,0.006576895713806152,0.013744667172431946,0.026819051802158354,0.0,0.06454607844352722
A1_G,24,tubes/test/anomalous/024.png,1,defect,32x32,12,22,0.013591759584166786,0.0034148022532463074,0.006640046834945679,0.012155503034591675,0.015531830489635468,0.03128014206886291,0.001952826976776123,0.03524947166442871
A1_G,24,tubes/test/anomalous/024.png,1,clean_defect,32x32,12,10,0.017294102907180788,0.0033898338675498966,0.008190847933292389,0.014511838555335999,0.027530334889888763,0.033489969372749326,0.001952826976776123,0.03524947166442871
A1_G,24,tubes/test/anomalous/024.png,1,boundary,32x32,12,12,0.01050647348165512,0.0035255923867225647,0.007160775363445282,0.01049390435218811,0.01317819207906723,0.018408805131912228,0.0034037232398986816,0.021712303161621094
A1_G,25,tubes/test/anomalous/025.png,1,abnormal_normal,32x32,14,1001,0.009389934184906128,5.5670738220214844e-05,0.0024614036083221436,0.006558269262313843,0.013352692127227783,0.02725738286972046,0.0,0.07952693104743958
A1_G,25,tubes/test/anomalous/025.png,1,defect,32x32,14,23,0.016749327597410782,0.0017045050859451297,0.008293315768241882,0.013020575046539307,0.02269923686981201,0.0353650152683258,0.0,0.049963176250457764
A1_G,25,tubes/test/anomalous/025.png,1,clean_defect,32x32,14,9,0.016899072461658053,0.0025393009185791016,0.010080009698867798,0.012290418148040771,0.028886914253234863,0.03437572717666626,0.0,0.035694777965545654
A1_G,25,tubes/test/anomalous/025.png,1,boundary,32x32,14,14,0.016653063041823252,0.003531591594219208,0.007609404623508453,0.014354914426803589,0.022143647074699402,0.035522374510765065,0.001372307538986206,0.049963176250457764
A1_G,26,tubes/test/anomalous/026.png,1,abnormal_normal,32x32,9,1003,0.009183377413782974,0.00011940896511077886,0.0023355185985565186,0.006084084510803223,0.013138994574546814,0.027540883421897887,0.0,0.0779922604560852
A1_G,26,tubes/test/anomalous/026.png,1,defect,32x32,9,21,0.018321627662295385,0.005203306674957275,0.014839768409729004,0.017612576484680176,0.02407073974609375,0.03418189287185669,0.0,0.03511786460876465
A1_G,26,tubes/test/anomalous/026.png,1,clean_defect,32x32,9,12,0.019298024475574493,0.0063047572970390325,0.015188343822956085,0.017945662140846252,0.022521361708641052,0.03460308015346527,0.0,0.03511786460876465
A1_G,26,tubes/test/anomalous/026.png,1,boundary,32x32,9,9,0.01701976524458991,0.005850541591644287,0.010321617126464844,0.017044931650161743,0.02407073974609375,0.025844937562942503,0.005203306674957275,0.026052802801132202
A1_G,27,tubes/test/anomalous/027.png,1,abnormal_normal,32x32,10,1003,0.00918306780241779,0.0,0.0022578835487365723,0.006288498640060425,0.013328522443771362,0.027454590797424315,0.0,0.06882345676422119
A1_G,27,tubes/test/anomalous/027.png,1,defect,32x32,10,21,0.010560469967978341,0.00030097365379333496,0.007011920213699341,0.008328258991241455,0.013971686363220215,0.02344822883605957,0.0,0.030494004487991333
A1_G,27,tubes/test/anomalous/027.png,1,clean_defect,32x32,10,11,0.011843659661032936,0.002735704183578491,0.007687002420425415,0.008623093366622925,0.015245109796524048,0.02563166618347168,0.00030097365379333496,0.030494004487991333
A1_G,27,tubes/test/anomalous/027.png,1,boundary,32x32,10,10,0.009148961305618286,0.0017336726188659668,0.00628991425037384,0.007371231913566589,0.010859258472919464,0.020255810022354118,0.0,0.02344822883605957
A1_G,28,tubes/test/anomalous/028.png,1,abnormal_normal,32x32,7,1006,0.009244153264976638,0.0,0.0022217482328414917,0.006411373615264893,0.012487821280956268,0.02873019129037857,0.0,0.08917880058288574
A1_G,28,tubes/test/anomalous/028.png,1,defect,32x32,7,18,0.014814520875612894,0.0018268108367919924,0.00710490345954895,0.008279606699943542,0.02296963334083557,0.040112465620040894,0.00122755765914917,0.041423648595809937
A1_G,28,tubes/test/anomalous/028.png,1,clean_defect,32x32,7,11,0.01713689077984203,0.003575637936592102,0.007897049188613892,0.012734442949295044,0.026487216353416443,0.03844481706619263,0.00122755765914917,0.03988108038902283
A1_G,28,tubes/test/anomalous/028.png,1,boundary,32x32,7,7,0.011165082454681396,0.0027700811624526978,0.005914345383644104,0.007106423377990723,0.007932126522064209,0.031530025601387,0.0019325613975524902,0.041423648595809937
A1_G,29,tubes/test/anomalous/029.png,1,abnormal_normal,32x32,8,1005,0.008846917526045842,0.0,0.002195507287979126,0.006279468536376953,0.012655317783355713,0.027075666189193714,0.0,0.06324449181556702
A1_G,29,tubes/test/anomalous/029.png,1,defect,32x32,8,19,0.018643035700446682,0.006794896721839905,0.008469372987747192,0.016582489013671875,0.027286306023597717,0.0339339405298233,0.002682507038116455,0.03597190976142883
A1_G,29,tubes/test/anomalous/029.png,1,clean_defect,32x32,8,11,0.022865867072885685,0.01127217710018158,0.017421677708625793,0.02400645613670349,0.028680086135864258,0.032090991735458374,0.00829988718032837,0.033707499504089355
A1_G,29,tubes/test/anomalous/029.png,1,boundary,32x32,8,8,0.012836642563343048,0.004281769692897797,0.007591217756271362,0.008178144693374634,0.016253449022769928,0.029185612499713888,0.002682507038116455,0.03597190976142883
A1_G,30,tubes/test/anomalous/030.png,1,abnormal_normal,32x32,12,999,0.008567725693260704,0.0,0.002346724271774292,0.006260544061660767,0.012812823057174683,0.024227470159530633,0.0,0.05728897452354431
A1_G,30,tubes/test/anomalous/030.png,1,defect,32x32,12,25,0.01023779034614563,0.001926809549331665,0.007044494152069092,0.011554569005966187,0.01313316822052002,0.01875352859497069,0.0012523233890533447,0.019871234893798828
A1_G,30,tubes/test/anomalous/030.png,1,clean_defect,32x32,12,13,0.009935230016708374,0.0015769243240356446,0.004954636096954346,0.011928021907806396,0.01313316822052002,0.017032116651535027,0.0012523233890533447,0.019871234893798828
A1_G,30,tubes/test/anomalous/030.png,1,boundary,32x32,12,12,0.010565564036369324,0.004593193531036377,0.007302723824977875,0.010652869939804077,0.013291709125041962,0.017197042703628537,0.0024813413619995117,0.019642949104309082
A1_G,31,tubes/test/anomalous/031.png,1,abnormal_normal,32x32,6,1004,0.009500865115824923,0.0002138674259185792,0.0024898648262023926,0.006260022521018982,0.013320155441761017,0.029471430182456952,0.0,0.06027185916900635
A1_G,31,tubes/test/anomalous/031.png,1,defect,32x32,6,20,0.0234413206577301,0.00850778967142105,0.013784050941467285,0.017461493611335754,0.03023558109998703,0.05038521438837053,0.003749668598175049,0.0682220458984375
A1_G,31,tubes/test/anomalous/031.png,1,clean_defect,32x32,6,14,0.027982711791992188,0.012291258573532105,0.016265027225017548,0.025174200534820557,0.03362786024808884,0.0560178980231285,0.010971128940582275,0.0682220458984375
A1_G,31,tubes/test/anomalous/031.png,1,boundary,32x32,6,6,0.012844741344451904,0.0050018057227134705,0.009339354932308197,0.012563735246658325,0.017020858824253082,0.0205683633685112,0.003749668598175049,0.021420180797576904
A1_G,32,tubes/test/anomalous/032.png,1,abnormal_normal,32x32,11,1002,0.00880499585659918,0.0,0.002217009663581848,0.0060814619064331055,0.012277267873287201,0.026372380554676042,0.0,0.08653420209884644
A1_G,32,tubes/test/anomalous/032.png,1,defect,32x32,11,22,0.010179896246303211,0.0,0.00319555401802063,0.01029767096042633,0.014489203691482544,0.021802477538585663,0.0,0.02769947052001953
A1_G,32,tubes/test/anomalous/032.png,1,clean_defect,32x32,11,11,0.01166801019148393,0.0,0.0027314573526382446,0.013143956661224365,0.017888754606246948,0.024237319827079773,0.0,0.02769947052001953
A1_G,32,tubes/test/anomalous/032.png,1,boundary,32x32,11,11,0.008691782301122492,0.0004455298185348511,0.004638299345970154,0.007855653762817383,0.012316673994064331,0.017800182104110718,0.0,0.02185654640197754
A1_G,33,tubes/test/anomalous/033.png,1,abnormal_normal,32x32,11,1001,0.00916958858559539,0.00015270709991455078,0.002288907766342163,0.006127059459686279,0.012606322765350342,0.02873098850250244,0.0,0.07529738545417786
A1_G,33,tubes/test/anomalous/033.png,1,defect,32x32,11,23,0.01797801904056383,0.008077082037925721,0.010692477226257324,0.018785595893859863,0.022389113903045654,0.03171950876712799,0.007884025573730469,0.03553807735443115
A1_G,33,tubes/test/anomalous/033.png,1,clean_defect,32x32,11,12,0.021939560770988464,0.012101684510707856,0.019093334674835205,0.020767614245414734,0.024953730404376984,0.03269171565771103,0.010991454124450684,0.03553807735443115
A1_G,33,tubes/test/anomalous/033.png,1,boundary,32x32,11,11,0.01365633715282787,0.007947638630867004,0.008733764290809631,0.010393500328063965,0.014736518263816833,0.026941955089569092,0.007884025573730469,0.031870245933532715
A1_G,34,tubes/test/anomalous/034.png,1,abnormal_normal,32x32,12,1001,0.009096394230673958,0.0,0.002547353506088257,0.0062333643436431885,0.012627393007278442,0.02762189507484436,0.0,0.06496992707252502
A1_G,34,tubes/test/anomalous/034.png,1,defect,32x32,12,23,0.01653496985850127,0.004035055637359619,0.007123857736587524,0.01599210500717163,0.024736911058425903,0.029088476300239557,0.002238720655441284,0.029583454132080078
A1_G,34,tubes/test/anomalous/034.png,1,clean_defect,32x32,12,11,0.018705877390774815,0.003105059266090393,0.009043797850608826,0.024177908897399902,0.02564471960067749,0.029495537281036377,0.002238720655441284,0.029583454132080078
A1_G,34,tubes/test/anomalous/034.png,1,boundary,32x32,12,12,0.014544971287250519,0.004678064584732055,0.007640309631824493,0.014399021863937378,0.02167489379644394,0.025164121389389036,0.004607975482940674,0.026216179132461548
A1_G,35,tubes/test/anomalous/035.png,1,abnormal_normal,32x32,9,1003,0.008698265550143698,0.0,0.0023951083421707153,0.006136953830718994,0.012421101331710815,0.026125904917716977,0.0,0.07473501563072205
A1_G,35,tubes/test/anomalous/035.png,1,defect,32x32,9,21,0.014410612129029773,0.0,0.008103728294372559,0.015376687049865723,0.021490395069122314,0.026648759841918945,0.0,0.031109362840652466
A1_G,35,tubes/test/anomalous/035.png,1,clean_defect,32x32,9,12,0.012312610944112143,0.0,0.004730656743049622,0.013817042112350464,0.01623494178056717,0.024731844663619988,0.0,0.031109362840652466
A1_G,35,tubes/test/anomalous/035.png,1,boundary,32x32,9,9,0.017207947042253282,0.0070680022239685055,0.008745968341827393,0.021490395069122314,0.023197799921035767,0.02603689432144165,0.006377518177032471,0.026648759841918945
A1_G,36,tubes/test/anomalous/036.png,1,abnormal_normal,32x32,10,1002,0.008663002929525699,0.0,0.0023635998368263245,0.006180912256240845,0.012031696736812592,0.02579754441976546,0.0,0.07335364818572998
A1_G,36,tubes/test/anomalous/036.png,1,defect,32x32,10,22,0.014714846556836908,0.0006262883543968203,0.007555142045021057,0.015804767608642578,0.01900261640548706,0.0249464675784111,0.0,0.040725380182266235
A1_G,36,tubes/test/anomalous/036.png,1,clean_defect,32x32,10,12,0.012572288513183594,0.002233541011810303,0.008279606699943542,0.013779789209365845,0.01765645295381546,0.01986768692731857,0.0,0.02077692747116089
A1_G,36,tubes/test/anomalous/036.png,1,boundary,32x32,10,10,0.017285916209220886,0.002180340886116028,0.008337147533893585,0.017706111073493958,0.023535631597042084,0.03365652561187742,0.0004455149173736572,0.040725380182266235
A1_G,37,tubes/test/anomalous/037.png,1,abnormal_normal,32x32,9,1004,0.009043387178168353,0.0,0.0022612884640693665,0.006095319986343384,0.01268371194601059,0.028286862373352047,0.0,0.06285354495048523
A1_G,37,tubes/test/anomalous/037.png,1,defect,32x32,9,20,0.01407012939453125,0.004736950993537903,0.007032051682472229,0.012180328369140625,0.020662255585193634,0.027902892231941225,0.00260317325592041,0.03068298101425171
A1_G,37,tubes/test/anomalous/037.png,1,clean_defect,32x32,9,11,0.016252669421109287,0.005097746849060059,0.009638726711273193,0.016901016235351562,0.02236415445804596,0.029219776391983032,0.004849255084991455,0.03068298101425171
A1_G,37,tubes/test/anomalous/037.png,1,boundary,32x32,9,9,0.011402580473158095,0.0036249637603759767,0.005258888006210327,0.008061230182647705,0.016951799392700195,0.02226194143295288,0.00260317325592041,0.023407936096191406
A1_G,38,tubes/test/anomalous/038.png,1,abnormal_normal,32x32,10,1002,0.009119384362550076,0.0,0.0021398887038230896,0.006154447793960571,0.01261681318283081,0.02854115664958952,0.0,0.0831911563873291
A1_G,38,tubes/test/anomalous/038.png,1,defect,32x32,10,22,0.010196496139873158,0.003572426736354828,0.006803043186664581,0.009529083967208862,0.012972742319107056,0.019270949065685272,0.0,0.021437644958496094
A1_G,38,tubes/test/anomalous/038.png,1,clean_defect,32x32,10,12,0.011461990574995676,0.003355655074119568,0.0076438263058662415,0.011407986283302307,0.0149146169424057,0.02026802897453308,0.0,0.021437644958496094
A1_G,38,tubes/test/anomalous/038.png,1,boundary,32x32,10,10,0.008677902817726135,0.0037240013480186462,0.004977919161319733,0.008168801665306091,0.010447762906551361,0.015952269732952114,0.0035534799098968506,0.01850864291191101
A1_G,39,tubes/test/anomalous/039.png,1,abnormal_normal,32x32,10,1004,0.009060383466372926,0.00011471509933471682,0.0026110857725143433,0.006441563367843628,0.012511342763900757,0.026638726890087117,0.0,0.1015511155128479
A1_G,39,tubes/test/anomalous/039.png,1,defect,32x32,10,20,0.013612888753414154,0.006231318414211273,0.007556051015853882,0.01387779414653778,0.018674276769161224,0.023187692463397983,0.0,0.025874435901641846
A1_G,39,tubes/test/anomalous/039.png,1,clean_defect,32x32,10,10,0.015757355093955993,0.003147907555103302,0.010525673627853394,0.01872710883617401,0.02073480188846588,0.024601767957210537,0.0,0.025874435901641846
A1_G,39,tubes/test/anomalous/039.png,1,boundary,32x32,10,10,0.011468422412872315,0.006582175195217132,0.007220715284347534,0.011201262474060059,0.015985503792762756,0.016777338087558744,0.006559282541275024,0.01694539189338684
A1_G,40,tubes/test/anomalous/040.png,1,abnormal_normal,32x32,8,1005,0.009237998575713504,8.819103240966798e-05,0.0026144683361053467,0.0066024065017700195,0.012884855270385742,0.028323179483413695,0.0,0.06295496225357056
A1_G,40,tubes/test/anomalous/040.png,1,defect,32x32,8,19,0.021335008897279437,0.0,0.012061864137649536,0.016784727573394775,0.0293138325214386,0.04763334691524505,0.0,0.04832157492637634
A1_G,40,tubes/test/anomalous/040.png,1,clean_defect,32x32,8,11,0.026537299156188965,0.0011484026908874512,0.02007611095905304,0.02459236979484558,0.03835836052894592,0.047939226031303406,0.0,0.04832157492637634
A1_G,40,tubes/test/anomalous/040.png,1,boundary,32x32,8,8,0.014181859791278839,0.0015708386898040773,0.010129019618034363,0.012277558445930481,0.012664645910263062,0.03499263823032377,0.0,0.04677334427833557
A1_G,41,tubes/test/anomalous/041.png,1,abnormal_normal,32x32,9,1005,0.00892892014327927,0.00022834539413452148,0.0024924278259277344,0.006594598293304443,0.012146979570388794,0.025401049852371186,0.0,0.06625083088874817
A1_G,41,tubes/test/anomalous/041.png,1,defect,32x32,9,19,0.01401496874658685,0.00048098862171173094,0.0019203424453735352,0.013984143733978271,0.020946741104125977,0.03574054539203644,0.0004483461380004883,0.03662237524986267
A1_G,41,tubes/test/anomalous/041.png,1,clean_defect,32x32,9,10,0.013789728283882141,0.0004646673798561096,0.0019092857837677002,0.015614226460456848,0.022461622953414917,0.030066476762294767,0.0004483461380004883,0.03065711259841919
A1_G,41,tubes/test/anomalous/041.png,1,boundary,32x32,9,9,0.014265235927369859,0.001187199354171753,0.005076110363006592,0.01203182339668274,0.01454266905784607,0.036230450868606566,0.0009605586528778076,0.03662237524986267
A1_G,42,tubes/test/anomalous/042.png,1,abnormal_normal,32x32,10,1003,0.009113291651753343,0.00024054050445556643,0.002560541033744812,0.006464660167694092,0.01225416362285614,0.02820042967796325,0.0,0.07502233982086182
A1_G,42,tubes/test/anomalous/042.png,1,defect,32x32,10,21,0.014698919795808337,0.0021789073944091797,0.005232036113739014,0.011571645736694336,0.019014030694961548,0.030001044273376465,0.0,0.06676390767097473
A1_G,42,tubes/test/anomalous/042.png,1,clean_defect,32x32,10,11,0.016577254642139782,0.0010894536972045898,0.006507992744445801,0.013504892587661743,0.019639775156974792,0.045741304755210876,0.0,0.06676390767097473
A1_G,42,tubes/test/anomalous/042.png,1,boundary,32x32,10,10,0.01263275146484375,0.0034844502806663513,0.004724852740764618,0.011191248893737793,0.016859039664268494,0.028118294477462766,0.002923130989074707,0.030001044273376465
A1_G,43,tubes/test/anomalous/043.png,1,abnormal_normal,32x32,9,1006,0.008788443464882095,0.0,0.0021001920104026794,0.006101012229919434,0.012153632938861847,0.026274248957633972,0.0,0.07432025671005249
A1_G,43,tubes/test/anomalous/043.png,1,defect,32x32,9,18,0.013032277425130209,0.004547427594661713,0.008529029786586761,0.010898396372795105,0.017436929047107697,0.024001038074493403,0.0019511282444000244,0.027249813079833984
A1_G,43,tubes/test/anomalous/043.png,1,clean_defect,32x32,9,9,0.011063426733016968,0.005034732818603516,0.00826379656791687,0.010851025581359863,0.013424545526504517,0.017272424697875977,0.005005598068237305,0.017711102962493896
A1_G,43,tubes/test/anomalous/043.png,1,boundary,32x32,9,9,0.015001128117243448,0.0042645871639251706,0.009324729442596436,0.010945767164230347,0.02281254529953003,0.025720977783203123,0.0019511282444000244,0.027249813079833984
A1_G,44,tubes/test/anomalous/044.png,1,abnormal_normal,32x32,11,1005,0.009027936446726026,0.0,0.002312302589416504,0.006292939186096191,0.012907713651657104,0.026314944028854346,0.0,0.07093173265457153
A1_G,44,tubes/test/anomalous/044.png,1,defect,32x32,11,19,0.013321667909622192,0.002997100353240967,0.008717074990272522,0.010804593563079834,0.014763608574867249,0.03161798417568205,0.002276122570037842,0.03898319602012634
A1_G,44,tubes/test/anomalous/044.png,1,clean_defect,32x32,11,8,0.015125170350074768,0.008479176461696625,0.010480962693691254,0.014127582311630249,0.01594746857881546,0.026553139090538018,0.007924079895019531,0.03079962730407715
A1_G,44,tubes/test/anomalous/044.png,1,boundary,32x32,11,11,0.012010029771111229,0.002676665782928467,0.0064411163330078125,0.010554909706115723,0.013447776436805725,0.02804127335548401,0.002276122570037842,0.03898319602012634
A1_G,45,tubes/test/anomalous/045.png,1,abnormal_normal,32x32,12,1003,0.008573838952531368,0.0,0.0023567229509353638,0.005930155515670776,0.011710181832313538,0.025334480404853817,0.0,0.07589748501777649
A1_G,45,tubes/test/anomalous/045.png,1,defect,32x32,12,21,0.011758040814172654,0.000947117805480957,0.00517880916595459,0.008155584335327148,0.01355588436126709,0.02983301877975464,0.0,0.047439008951187134
A1_G,45,tubes/test/anomalous/045.png,1,clean_defect,32x32,12,9,0.016853392124176025,0.005865788459777832,0.008155584335327148,0.011676251888275146,0.017788350582122803,0.04039661288261413,0.004498958587646484,0.047439008951187134
A1_G,45,tubes/test/anomalous/045.png,1,boundary,32x32,12,12,0.007936527331670126,0.0005209147930145264,0.0031343698501586914,0.007302910089492798,0.011366143822669983,0.01908389031887054,0.0,0.021060645580291748
A1_G,46,tubes/test/anomalous/046.png,1,abnormal_normal,32x32,12,1003,0.008506230556834136,2.413988113403324e-06,0.0023521333932876587,0.006090641021728516,0.011957168579101562,0.02498759329319,0.0,0.07119011878967285
A1_G,46,tubes/test/anomalous/046.png,1,defect,32x32,12,21,0.01501006739480155,0.002350926399230957,0.006548762321472168,0.01079133152961731,0.01746276021003723,0.045417457818984985,0.0011715292930603027,0.05559706687927246
A1_G,46,tubes/test/anomalous/046.png,1,clean_defect,32x32,12,9,0.019829932186338637,0.005791378021240235,0.01079133152961731,0.01503792405128479,0.017472267150878906,0.047787129878997796,0.0032474398612976074,0.05559706687927246
A1_G,46,tubes/test/anomalous/046.png,1,boundary,32x32,12,12,0.011395168801148733,0.0018201977014541625,0.005218669772148132,0.007701292634010315,0.012378744781017303,0.03139037638902663,0.0011715292930603027,0.045417457818984985
A1_G,47,tubes/test/anomalous/047.png,1,abnormal_normal,32x32,11,1003,0.009012292858848305,8.858442306518555e-05,0.0022752881050109863,0.006243497133255005,0.012723356485366821,0.02726007997989654,0.0,0.07664355635643005
A1_G,47,tubes/test/anomalous/047.png,1,defect,32x32,11,21,0.013485953921363467,0.0017100274562835693,0.007528722286224365,0.011524498462677002,0.019882261753082275,0.02758234739303589,0.0,0.027861356735229492
A1_G,47,tubes/test/anomalous/047.png,1,clean_defect,32x32,11,10,0.014025714993476868,0.005466994643211365,0.007841706275939941,0.01243714988231659,0.016762852668762207,0.027679234743118286,0.0037801265716552734,0.027861356735229492
A1_G,47,tubes/test/anomalous/047.png,1,boundary,32x32,11,11,0.012995262037624012,0.0008550137281417847,0.004541829228401184,0.009957879781723022,0.021485596895217896,0.02636970579624176,0.0,0.02758234739303589
A1_G,48,tubes/test/anomalous/048.png,1,abnormal_normal,32x32,10,1002,0.008773277589898862,0.0,0.0023832544684410095,0.005973368883132935,0.011868014931678772,0.026745660603046416,0.0,0.08087533712387085
A1_G,48,tubes/test/anomalous/048.png,1,defect,32x32,10,22,0.01076661998575384,0.0010443270206451417,0.004783704876899719,0.0075345635414123535,0.013911187648773193,0.027711495757102966,0.0,0.02784574031829834
A1_G,48,tubes/test/anomalous/048.png,1,clean_defect,32x32,10,12,0.014089254041512808,0.0043357998132705685,0.005298443138599396,0.01051977276802063,0.024945013225078583,0.027802975475788118,0.003966569900512695,0.02784574031829834
A1_G,48,tubes/test/anomalous/048.png,1,boundary,32x32,10,10,0.0067794591188430784,0.00043626129627227783,0.0024905800819396973,0.00736410915851593,0.011239796876907349,0.013597619533538817,0.0,0.014303147792816162
A1_G,49,tubes/test/anomalous/049.png,1,abnormal_normal,32x32,6,1011,0.009383550707829341,0.00015072524547576904,0.0028370171785354614,0.0064656734466552734,0.012773558497428894,0.02821575105190277,0.0,0.08476459980010986
A1_G,49,tubes/test/anomalous/049.png,1,defect,32x32,6,13,0.01683794305874751,0.0070792555809021,0.010815978050231934,0.014242768287658691,0.021978646516799927,0.03174850940704345,0.00357210636138916,0.036316633224487305
A1_G,49,tubes/test/anomalous/049.png,1,clean_defect,32x32,6,7,0.013109769139971052,0.00532568097114563,0.009676486253738403,0.010815978050231934,0.014662116765975952,0.024817824363708486,0.00357210636138916,0.02870309352874756
A1_G,49,tubes/test/anomalous/049.png,1,boundary,32x32,6,6,0.02118747929732005,0.013831272721290588,0.014717012643814087,0.0190591961145401,0.024059392511844635,0.033425718545913696,0.01369410753250122,0.036316633224487305
A1_G,50,tubes/test/anomalous/050.png,1,abnormal_normal,32x32,6,1012,0.009207616858331583,0.0001882046461105347,0.002603985369205475,0.006488040089607239,0.012569300830364227,0.028452761471271508,0.0,0.058233946561813354
A1_G,50,tubes/test/anomalous/050.png,1,defect,32x32,6,12,0.01959482580423355,0.007486169040203094,0.010963790118694305,0.01988092064857483,0.027283333241939545,0.032238692045211785,0.0057888031005859375,0.035984426736831665
A1_G,50,tubes/test/anomalous/050.png,1,clean_defect,32x32,6,6,0.020024125774701435,0.010348044335842133,0.014649845659732819,0.02064754068851471,0.026343733072280884,0.02834267169237137,0.009084254503250122,0.02887234091758728
A1_G,50,tubes/test/anomalous/050.png,1,boundary,32x32,6,6,0.019165525833765667,0.006560333073139191,0.009553767740726471,0.017585501074790955,0.027775675058364868,0.03428182005882263,0.0057888031005859375,0.035984426736831665
A1_G,51,tubes/test/anomalous/051.png,1,abnormal_normal,32x32,7,1012,0.009747958524896223,0.00010863244533538826,0.002841934561729431,0.007081955671310425,0.013780437409877777,0.028286993503570532,0.0,0.08404368162155151
A1_G,51,tubes/test/anomalous/051.png,1,defect,32x32,7,12,0.020755959053834278,0.006809647381305695,0.014992617070674896,0.017637908458709717,0.026190415024757385,0.039279988408088676,0.005419880151748657,0.04539632797241211
A1_G,51,tubes/test/anomalous/051.png,1,clean_defect,32x32,7,5,0.026206308603286745,0.016992676258087158,0.01841491460800171,0.023191452026367188,0.02739173173904419,0.041795408725738524,0.01663711667060852,0.04539632797241211
A1_G,51,tubes/test/anomalous/051.png,1,boundary,32x32,7,7,0.016862852232796804,0.006177935004234314,0.009790822863578796,0.01611185073852539,0.02132543921470642,0.03172999024391174,0.005419880151748657,0.034275710582733154
A1_G,52,tubes/test/anomalous/052.png,1,abnormal_normal,32x32,7,1012,0.009669626389331968,0.0,0.002541668713092804,0.006899118423461914,0.013351738452911377,0.02987904548645019,0.0,0.06997895240783691
A1_G,52,tubes/test/anomalous/052.png,1,defect,32x32,7,12,0.019138748447100323,0.005192422866821289,0.0106864795088768,0.018466144800186157,0.02388475090265274,0.038051548600196834,0.003448784351348877,0.04200509190559387
A1_G,52,tubes/test/anomalous/052.png,1,clean_defect,32x32,7,5,0.02582811713218689,0.016483241319656373,0.02267041802406311,0.023005187511444092,0.026523441076278687,0.03890876173973083,0.014936447143554688,0.04200509190559387
A1_G,52,tubes/test/anomalous/052.png,1,boundary,32x32,7,7,0.014360627957752772,0.00439985990524292,0.0073557645082473755,0.011551141738891602,0.01799805462360382,0.030970534682273856,0.003448784351348877,0.03481683135032654
A1_G,53,tubes/test/anomalous/053.png,1,abnormal_normal,32x32,6,1012,0.009880677749045753,8.570849895477305e-05,0.003076717257499695,0.007443353533744812,0.013785213232040405,0.02701164186000822,0.0,0.07294738292694092
A1_G,53,tubes/test/anomalous/053.png,1,defect,32x32,6,12,0.01143005241950353,0.0,0.002065129578113556,0.01191374659538269,0.02038004994392395,0.024730020761489863,0.0,0.027743786573410034
A1_G,53,tubes/test/anomalous/053.png,1,clean_defect,32x32,6,6,0.007543658216794332,0.0,0.0005425289273262024,0.0025868266820907593,0.010009266436100006,0.023893967270851135,0.0,0.027743786573410034
A1_G,53,tubes/test/anomalous/053.png,1,boundary,32x32,6,6,0.015316446622212728,0.004183374345302582,0.012480370700359344,0.01788412034511566,0.020548731088638306,0.02185642719268799,0.001750171184539795,0.022264212369918823
A1_G,54,tubes/test/anomalous/054.png,1,abnormal_normal,32x32,10,1010,0.009240389253833506,0.0,0.00237448513507843,0.006627798080444336,0.013403348624706268,0.029140859842300398,0.0,0.068073570728302
A1_G,54,tubes/test/anomalous/054.png,1,defect,32x32,10,14,0.009686936225209917,0.0010670870542526245,0.003003425896167755,0.007919609546661377,0.012868314981460571,0.023626914620399474,0.0008293986320495605,0.027640730142593384
A1_G,54,tubes/test/anomalous/054.png,1,clean_defect,32x32,10,4,0.005273029208183289,0.0013372167944908143,0.001905791461467743,0.004428952932357788,0.007796190679073334,0.010390548408031462,0.001195073127746582,0.011039137840270996
A1_G,54,tubes/test/anomalous/054.png,1,boundary,32x32,10,10,0.011452499032020568,0.0013876602053642273,0.006144315004348755,0.009427741169929504,0.01595427840948105,0.024861934781074516,0.0008293986320495605,0.027640730142593384
A1_G,55,tubes/test/anomalous/055.png,1,abnormal_normal,32x32,14,995,0.009180526427887192,0.0005466938018798828,0.0028738975524902344,0.006803691387176514,0.01299285888671875,0.025246420502662657,0.0,0.05294439196586609
A1_G,55,tubes/test/anomalous/055.png,1,defect,32x32,14,29,0.016682053434437717,0.0014710724353790283,0.007672786712646484,0.016489803791046143,0.023780852556228638,0.027943599224090572,6.884336471557617e-05,0.044336915016174316
A1_G,55,tubes/test/anomalous/055.png,1,clean_defect,32x32,14,15,0.019771647453308106,0.005393385887145996,0.01428745687007904,0.020533233880996704,0.02539004385471344,0.033550202846527086,0.0016092956066131592,0.044336915016174316
A1_G,55,tubes/test/anomalous/055.png,1,boundary,32x32,14,14,0.013371774128505163,0.00092039555311203,0.006054192781448364,0.013660043478012085,0.020870208740234375,0.024763374030590056,6.884336471557617e-05,0.026468008756637573
A1_G,56,tubes/test/anomalous/056.png,1,abnormal_normal,32x32,10,1004,0.009920743802391675,0.0002977967262268067,0.00292881578207016,0.0070061832666397095,0.013615213334560394,0.028503888845443668,0.0,0.12422025203704834
A1_G,56,tubes/test/anomalous/056.png,1,defect,32x32,10,20,0.01332918256521225,0.0036131694912910463,0.007610782980918884,0.013078615069389343,0.018615253269672394,0.02325453609228134,0.003478318452835083,0.02456638216972351
A1_G,56,tubes/test/anomalous/056.png,1,clean_defect,32x32,10,10,0.016349676251411437,0.010282213985919952,0.014453954994678497,0.016389593482017517,0.018915854394435883,0.021217681467533108,0.008648574352264404,0.022277355194091797
A1_G,56,tubes/test/anomalous/056.png,1,boundary,32x32,10,10,0.010308688879013062,0.00354219526052475,0.006625548005104065,0.00748482346534729,0.01013725996017456,0.023944981396198273,0.003478318452835083,0.02456638216972351
A1_G,57,tubes/test/anomalous/057.png,1,abnormal_normal,32x32,10,1006,0.009943923318599375,0.0003243684768676758,0.0031766891479492188,0.007539302110671997,0.013686880469322205,0.027814827859401703,0.0,0.07520923018455505
A1_G,57,tubes/test/anomalous/057.png,1,defect,32x32,10,18,0.019999312029944524,0.004693257808685303,0.011721782386302948,0.02229219675064087,0.026157937943935394,0.03173364847898482,0.002891242504119873,0.03787758946418762
A1_G,57,tubes/test/anomalous/057.png,1,clean_defect,32x32,10,8,0.02134472131729126,0.009000153839588165,0.016597360372543335,0.02229219675064087,0.025182798504829407,0.033709613978862754,0.007841259241104126,0.03787758946418762
A1_G,57,tubes/test/anomalous/057.png,1,boundary,32x32,10,10,0.01892298460006714,0.003845250606536865,0.011721782386302948,0.02054622769355774,0.028929807245731354,0.030352047085762023,0.002891242504119873,0.030649423599243164
A1_G,58,tubes/test/anomalous/058.png,1,abnormal_normal,32x32,19,988,0.00948683081971489,0.0004362940788269043,0.002832867205142975,0.007035389542579651,0.013109713792800903,0.026511912047863004,0.0,0.09615904092788696
A1_G,58,tubes/test/anomalous/058.png,1,defect,32x32,19,36,0.012821163568231795,0.0014756172895431519,0.006890237331390381,0.012121394276618958,0.017409242689609528,0.023924022912979126,0.0,0.03497046232223511
A1_G,58,tubes/test/anomalous/058.png,1,clean_defect,32x32,19,17,0.012324547066408046,0.0,0.006167113780975342,0.01087874174118042,0.015199840068817139,0.025677168369293204,0.0,0.03497046232223511
A1_G,58,tubes/test/anomalous/058.png,1,boundary,32x32,19,19,0.013265504648810938,0.002910822629928589,0.008228883147239685,0.01433989405632019,0.01770864427089691,0.0224167913198471,0.001967489719390869,0.025634557008743286
A1_G,59,tubes/test/anomalous/059.png,1,abnormal_normal,32x32,8,1006,0.00944513974203978,0.0005095377564430237,0.0031300559639930725,0.007253721356391907,0.013171352446079254,0.026309147477149963,0.0,0.07101020216941833
A1_G,59,tubes/test/anomalous/059.png,1,defect,32x32,8,18,0.014386506544219123,0.004825451970100403,0.008985430002212524,0.012765258550643921,0.017498373985290527,0.02453987747430799,0.003846675157546997,0.03862878680229187
A1_G,59,tubes/test/anomalous/059.png,1,clean_defect,32x32,8,10,0.013039648532867432,0.006689243018627167,0.008985430002212524,0.012665241956710815,0.01699451357126236,0.02003373503684997,0.0049981772899627686,0.02205359935760498
A1_G,59,tubes/test/anomalous/059.png,1,boundary,32x32,8,8,0.016070079058408737,0.004757900536060333,0.010380417108535767,0.012765258550643921,0.020948268473148346,0.032712262868881216,0.003846675157546997,0.03862878680229187
A1_G,60,tubes/test/anomalous/060.png,1,abnormal_normal,32x32,17,989,0.00980759613193323,0.0006142973899841309,0.0034863054752349854,0.007464736700057983,0.013449221849441528,0.027061188220977785,0.0,0.05962887406349182
A1_G,60,tubes/test/anomalous/060.png,1,defect,32x32,17,35,0.011076088462557112,0.0015003323554992677,0.005220234394073486,0.008259475231170654,0.013916179537773132,0.030873015522956848,0.0009067952632904053,0.042768657207489014
A1_G,60,tubes/test/anomalous/060.png,1,clean_defect,32x32,17,18,0.010650916232003106,0.0017579764127731324,0.006677247583866119,0.009890750050544739,0.01377098262310028,0.018687644600868206,0.0010533928871154785,0.03076040744781494
A1_G,60,tubes/test/anomalous/060.png,1,boundary,32x32,17,17,0.011526270824320176,0.0015348613262176514,0.0040223002433776855,0.006009131669998169,0.013780266046524048,0.03346234560012817,0.0009067952632904053,0.042768657207489014
A1_G,61,tubes/test/anomalous/061.png,1,abnormal_normal,32x32,9,1007,0.009684691451630503,0.0006760150194168092,0.003345012664794922,0.007052421569824219,0.013246849179267883,0.02831622660160063,0.0,0.0840139389038086
A1_G,61,tubes/test/anomalous/061.png,1,defect,32x32,9,17,0.01618799041299259,0.003735417127609253,0.011735677719116211,0.014876902103424072,0.023242831230163574,0.029200053215026854,0.0033148229122161865,0.032769083976745605
A1_G,61,tubes/test/anomalous/061.png,1,clean_defect,32x32,9,8,0.019126638770103455,0.012008798122406007,0.01344066858291626,0.014948084950447083,0.025106556713581085,0.03120763301849365,0.011735677719116211,0.032769083976745605
A1_G,61,tubes/test/anomalous/061.png,1,boundary,32x32,9,9,0.013575858540005155,0.0035251200199127196,0.004981637001037598,0.012657612562179565,0.021598100662231445,0.024797993898391723,0.0033148229122161865,0.025834769010543823
A1_G,62,tubes/test/anomalous/062.png,1,abnormal_normal,32x32,21,985,0.00980741756821647,0.0004811525344848633,0.0031907856464385986,0.007205218076705933,0.013721197843551636,0.029012298583984374,0.0,0.06327977776527405
A1_G,62,tubes/test/anomalous/062.png,1,defect,32x32,21,39,0.011378663472640209,0.0005013138055801392,0.0055008381605148315,0.009584397077560425,0.016716748476028442,0.02283900082111359,0.0,0.03824818134307861
A1_G,62,tubes/test/anomalous/062.png,1,clean_defect,32x32,21,18,0.011075604293081496,0.003554372489452362,0.005626209080219269,0.009377270936965942,0.015844836831092834,0.022790916264057156,0.002477586269378662,0.024991124868392944
A1_G,62,tubes/test/anomalous/062.png,1,boundary,32x32,21,21,0.011638428483690535,0.0002739429473876953,0.005513548851013184,0.009584397077560425,0.016651690006256104,0.022599875926971436,0.0,0.03824818134307861
A1_G,63,tubes/test/anomalous/063.png,1,abnormal_normal,32x32,17,983,0.009995334236934736,0.0004696905612945557,0.0033990442752838135,0.007477521896362305,0.013956144452095032,0.028276330232620238,0.0,0.09105044603347778
A1_G,63,tubes/test/anomalous/063.png,1,defect,32x32,17,41,0.012021442738974967,0.002459704875946045,0.00606083869934082,0.012516647577285767,0.01682490110397339,0.025745809078216553,0.0,0.027658045291900635
A1_G,63,tubes/test/anomalous/063.png,1,clean_defect,32x32,17,24,0.012402421484390894,0.0024913549423217773,0.004926055669784546,0.012702107429504395,0.017106860876083374,0.025575739145278928,0.0,0.027658045291900635
A1_G,63,tubes/test/anomalous/063.png,1,boundary,32x32,17,17,0.01148359039250542,0.0033525586128234867,0.006405889987945557,0.009645998477935791,0.01682490110397339,0.019971793889999385,0.0005469918251037598,0.02720293402671814
A1_G,64,tubes/test/anomalous/064.png,1,abnormal_normal,32x32,22,983,0.0102244837480547,0.000521087646484375,0.003542795777320862,0.007676362991333008,0.014250770211219788,0.028662028908729553,0.0,0.05280226469039917
A1_G,64,tubes/test/anomalous/064.png,1,defect,32x32,22,41,0.01661552452459568,0.001983553171157837,0.008766472339630127,0.012316256761550903,0.022459566593170166,0.04085925221443176,0.0009112358093261719,0.05426466464996338
A1_G,64,tubes/test/anomalous/064.png,1,clean_defect,32x32,22,19,0.019370497841584056,0.0038908451795578005,0.010844066739082336,0.01564091444015503,0.025437727570533752,0.041877073049545264,0.001983553171157837,0.05103746056556702
A1_G,64,tubes/test/anomalous/064.png,1,boundary,32x32,22,22,0.014236229387196627,0.0017519697546958925,0.007426172494888306,0.010979786515235901,0.01568654179573059,0.037546950578689564,0.0009112358093261719,0.05426466464996338
A1_G,65,tubes/test/anomalous/065.png,1,abnormal_normal,32x32,30,963,0.010347336530685425,0.0007909834384918214,0.003563627600669861,0.007575869560241699,0.014509916305541992,0.028606033325195304,0.0,0.08443304896354675
A1_G,65,tubes/test/anomalous/065.png,1,defect,32x32,30,61,0.017535932728501617,0.002063155174255371,0.007919877767562866,0.013490796089172363,0.019750207662582397,0.047415316104888916,0.0010097920894622803,0.06237143278121948
A1_G,65,tubes/test/anomalous/065.png,1,clean_defect,32x32,30,31,0.022749119227932345,0.005212903022766113,0.010755732655525208,0.014940500259399414,0.03637342154979706,0.04976312816143036,0.002935469150543213,0.06237143278121948
A1_G,65,tubes/test/anomalous/065.png,1,boundary,32x32,30,30,0.012148973345756531,0.0014836862683296204,0.0043176040053367615,0.01154276728630066,0.016136057674884796,0.026221847534179662,0.0010097920894622803,0.05151355266571045
A1_G,66,tubes/test/anomalous/066.png,1,abnormal_normal,32x32,26,968,0.009448374906354699,0.0007853180170059205,0.003458358347415924,0.007152393460273743,0.012323848903179169,0.027134609222412093,0.0,0.06499049067497253
A1_G,66,tubes/test/anomalous/066.png,1,defect,32x32,26,56,0.016361354185002192,0.0037749558687210083,0.008126609027385712,0.015159860253334045,0.019006483256816864,0.030964091420173645,0.0,0.08352148532867432
A1_G,66,tubes/test/anomalous/066.png,1,clean_defect,32x32,26,30,0.016698344548543295,0.00721765011548996,0.011014342308044434,0.015770211815834045,0.021404244005680084,0.028832222521305084,0.003914952278137207,0.0321732759475708
A1_G,66,tubes/test/anomalous/066.png,1,boundary,32x32,26,26,0.015972519150147073,0.0020962953567504883,0.0051917582750320435,0.011128440499305725,0.017916344106197357,0.050118960440158844,0.0,0.08352148532867432
A1_G,67,tubes/test/anomalous/067.png,1,abnormal_normal,32x32,20,983,0.010481508496091422,0.000861269235610962,0.0034606754779815674,0.007651269435882568,0.014053672552108765,0.03077358305454254,0.0,0.09485074877738953
A1_G,67,tubes/test/anomalous/067.png,1,defect,32x32,20,41,0.01695220790258268,0.001032710075378418,0.005197882652282715,0.012559115886688232,0.026719272136688232,0.0406498908996582,0.0,0.06229841709136963
A1_G,67,tubes/test/anomalous/067.png,1,clean_defect,32x32,20,21,0.018947697821117583,0.0009754002094268799,0.007556557655334473,0.014901489019393921,0.02824646234512329,0.0406498908996582,0.0,0.059872835874557495
A1_G,67,tubes/test/anomalous/067.png,1,boundary,32x32,20,20,0.014856943488121032,0.0021795526146888736,0.005023971199989319,0.011773541569709778,0.01780877262353897,0.04113957285881044,0.001032710075378418,0.06229841709136963
A1_G,68,tubes/test/anomalous/068.png,1,abnormal_normal,32x32,31,960,0.010600700539847215,0.0006993308663368226,0.003725886344909668,0.007988885045051575,0.014644265174865723,0.029571487009525273,0.0,0.064421147108078
A1_G,68,tubes/test/anomalous/068.png,1,defect,32x32,31,64,0.012308466248214245,0.0023931935429573063,0.0060140714049339294,0.011085107922554016,0.0163712278008461,0.030992110073566417,0.0005409121513366699,0.03844243288040161
A1_G,68,tubes/test/anomalous/068.png,1,clean_defect,32x32,31,33,0.014152912479458433,0.004157006740570068,0.007299542427062988,0.01178702712059021,0.016707956790924072,0.031667345762252795,0.0032840371131896973,0.03844243288040161
A1_G,68,tubes/test/anomalous/068.png,1,boundary,32x32,31,31,0.010345023485922044,0.0016688406467437744,0.0058008283376693726,0.008404940366744995,0.012520924210548401,0.026348412036895752,0.0005409121513366699,0.031822144985198975
A1_G,69,tubes/test/good/000.png,0,normal_image,32x32,0,1024,0.007793659984599799,0.0,0.001865193247795105,0.005413442850112915,0.0114445760846138,0.022898449003696374,0.0,0.061732590198516846
A1_G,70,tubes/test/good/001.png,0,normal_image,32x32,0,1024,0.009372485132189468,0.0,0.0023473501205444336,0.006610497832298279,0.013100996613502502,0.0281820312142372,0.0,0.06699693202972412
A1_G,71,tubes/test/good/002.png,0,normal_image,32x32,0,1024,0.009401017625350505,4.659593105316164e-05,0.0025926679372787476,0.006825894117355347,0.013132646679878235,0.026911993324756606,0.0,0.07496050000190735
A1_G,72,tubes/test/good/003.png,0,normal_image,32x32,0,1024,0.008435259893303737,0.0,0.0020727068185806274,0.005706235766410828,0.011845886707305908,0.025733040273189532,0.0,0.06595954298973083
A1_G,73,tubes/test/good/004.png,0,normal_image,32x32,0,1024,0.008174958231393248,0.0,0.0014726072549819946,0.005655616521835327,0.011329695582389832,0.026571667194366443,0.0,0.07211938500404358
A1_G,74,tubes/test/good/005.png,0,normal_image,32x32,0,1024,0.00842395203653723,0.0,0.002245016396045685,0.005643963813781738,0.01181109994649887,0.025993733108043666,0.0,0.09456902742385864
A1_G,75,tubes/test/good/006.png,0,normal_image,32x32,0,1024,0.008645861584227532,0.0,0.0020503103733062744,0.005978867411613464,0.012142285704612732,0.025575698912143705,0.0,0.08202007412910461
A1_G,76,tubes/test/good/007.png,0,normal_image,32x32,0,1024,0.008162339247064665,0.0,0.0022928640246391296,0.005593746900558472,0.011256612837314606,0.02558669894933698,0.0,0.08312764763832092
A1_G,77,tubes/test/good/008.png,0,normal_image,32x32,0,1024,0.008239453803980723,0.0,0.002022378146648407,0.005775421857833862,0.011266328394412994,0.025156731903552994,0.0,0.08148559927940369
A1_G,78,tubes/test/good/009.png,0,normal_image,32x32,0,1024,0.0077499836042989045,0.0,0.0016914978623390198,0.0054638683795928955,0.011067129671573639,0.023148557543754566,0.0,0.0679631233215332
A1_G,79,tubes/test/good/010.png,0,normal_image,32x32,0,1024,0.008365147252334282,0.0,0.0018589124083518982,0.005613148212432861,0.011072590947151184,0.025652448832988724,0.0,0.09746736288070679
A1_G,80,tubes/test/good/011.png,0,normal_image,32x32,0,1024,0.009214215271640569,0.0002447739243507386,0.002874515950679779,0.006907522678375244,0.012718506157398224,0.025632154941558797,0.0,0.0675773024559021
A1_G,81,tubes/test/good/012.png,0,normal_image,32x32,0,1024,0.008911733952118084,0.0,0.002149045467376709,0.006083950400352478,0.012354306876659393,0.02747532725334167,0.0,0.07388246059417725
A1_G,82,tubes/test/good/013.png,0,normal_image,32x32,0,1024,0.009947092650691047,0.00013286322355270387,0.0026596635580062866,0.006849616765975952,0.013806454837322235,0.028834104537963867,0.0,0.08768081665039062
A1_G,83,tubes/test/good/014.png,0,normal_image,32x32,0,1024,0.00919345606234856,0.0,0.0026761814951896667,0.006607323884963989,0.01294175535440445,0.02722417414188384,0.0,0.09436184167861938
A1_G,84,tubes/test/good/015.png,0,normal_image,32x32,0,1024,0.009159769164398313,0.00014261305332183844,0.0029747113585472107,0.006871283054351807,0.012255385518074036,0.025464828312397002,0.0,0.059131920337677
A1_G,85,tubes/test/good/016.png,0,normal_image,32x32,0,1024,0.008486442296998575,0.0,0.0023381486535072327,0.005858749151229858,0.011717475950717926,0.026545728743076244,0.0,0.06302422285079956
A1_G,86,tubes/test/good/017.png,0,normal_image,32x32,0,1024,0.008761791395954788,0.0,0.002081654965877533,0.0059585124254226685,0.012420564889907837,0.027570739388465867,0.0,0.06254181265830994
A1_G,87,tubes/test/good/018.png,0,normal_image,32x32,0,1024,0.00845873192884028,0.0,0.002292916178703308,0.0062901973724365234,0.012380935251712799,0.024169519543647766,0.0,0.05890965461730957
A1_G,88,tubes/test/good/019.png,0,normal_image,32x32,0,1024,0.008493441913742572,0.0,0.0017926320433616638,0.006119146943092346,0.011874362826347351,0.026389259099960323,0.0,0.09094256162643433
A1_G,89,tubes/test/good/020.png,0,normal_image,32x32,0,1024,0.008260047412477434,0.0,0.0019269436597824097,0.005626469850540161,0.011520572006702423,0.024985851347446433,0.0,0.05892050266265869
A1_G,90,tubes/test/good/021.png,0,normal_image,32x32,0,1024,0.008309297962114215,0.0,0.001952528953552246,0.005763396620750427,0.011770278215408325,0.025616596639156334,0.0,0.07959240674972534
A1_G,91,tubes/test/good/022.png,0,normal_image,32x32,0,1024,0.008321633300511166,0.0,0.002419508993625641,0.005772501230239868,0.011679321527481079,0.024091216921806324,0.0,0.08019876480102539
A1_G,92,tubes/test/good/023.png,0,normal_image,32x32,0,1024,0.00854717887705192,0.0,0.0022772178053855896,0.005745157599449158,0.011974416673183441,0.025853410363197285,0.0,0.0626325011253357
A1_G,93,tubes/test/good/024.png,0,normal_image,32x32,0,1024,0.008028770971577615,0.0,0.0021092742681503296,0.00538422167301178,0.011160023510456085,0.02457543760538101,0.0,0.05524885654449463
A1_G,94,tubes/test/good/025.png,0,normal_image,32x32,0,1024,0.008756180468481034,0.0,0.0020092427730560303,0.0058994293212890625,0.012524694204330444,0.027490726113319368,0.0,0.057857125997543335
A1_G,95,tubes/test/good/026.png,0,normal_image,32x32,0,1024,0.00852828289498575,0.0,0.002044960856437683,0.005763247609138489,0.011759921908378601,0.0258499652147293,0.0,0.07962453365325928
A1_G,96,tubes/test/good/027.png,0,normal_image,32x32,0,1024,0.008668740367284045,0.0,0.0020566657185554504,0.005863755941390991,0.012444637715816498,0.02627272456884382,0.0,0.07762151956558228
A1_G,97,tubes/test/good/028.png,0,normal_image,32x32,0,1024,0.008768793020863086,0.0,0.0021944791078567505,0.006231322884559631,0.01259305328130722,0.026065099239349323,0.0,0.07131913304328918
A1_G,98,tubes/test/good/029.png,0,normal_image,32x32,0,1024,0.008482710982207209,0.0,0.002009354531764984,0.005803227424621582,0.01164613664150238,0.028163093328475906,0.0,0.06744477152824402
A1_G,99,tubes/test/good/030.png,0,normal_image,32x32,0,1024,0.008909094874979928,0.0,0.0019583553075790405,0.005825743079185486,0.012378744781017303,0.027331608533859242,0.0,0.09253573417663574
A1_G,100,tubes/test/good/031.png,0,normal_image,32x32,0,1024,0.00818148723919876,0.0,0.00169333815574646,0.00567898154258728,0.011500202119350433,0.02472522407770155,0.0,0.05552172660827637
DUP_G,0,tubes/test/anomalous/000.png,1,abnormal_normal,32x32,10,1000,0.00789454835280776,0.0001720774918794632,0.002066018059849739,0.00524775218218565,0.011036563664674759,0.023864285275340076,0.0,0.05578818917274475
DUP_G,0,tubes/test/anomalous/000.png,1,defect,32x32,10,24,0.011507631900409857,0.0017859719693660739,0.006480783224105835,0.01077038049697876,0.01476975530385971,0.020926564931869507,0.0010644420981407166,0.03227350115776062
DUP_G,0,tubes/test/anomalous/000.png,1,clean_defect,32x32,10,14,0.012015638606888908,0.004281933605670929,0.00920826941728592,0.012606099247932434,0.014481060206890106,0.018595208227634427,0.0030966103076934814,0.020647406578063965
DUP_G,0,tubes/test/anomalous/000.png,1,boundary,32x32,10,10,0.010796422511339188,0.0012850504368543624,0.0037717558443546295,0.007511124014854431,0.01724940910935402,0.027189548313617695,0.0010644420981407166,0.03227350115776062
DUP_G,1,tubes/test/anomalous/001.png,1,abnormal_normal,32x32,10,1002,0.007768475181960358,3.747083246707941e-06,0.0017567547038197517,0.005047839134931564,0.010589058510959148,0.02520113326609133,0.0,0.07563955336809158
DUP_G,1,tubes/test/anomalous/001.png,1,defect,32x32,10,22,0.00934016535227949,0.0021638542413711546,0.004486659541726112,0.00838928297162056,0.011903166770935059,0.019195471704006196,0.0,0.021562635898590088
DUP_G,1,tubes/test/anomalous/001.png,1,clean_defect,32x32,10,12,0.011872969567775726,0.0019497260451316835,0.00859726220369339,0.010629966855049133,0.018671110272407532,0.020268577337265014,0.0,0.021562635898590088
DUP_G,1,tubes/test/anomalous/001.png,1,boundary,32x32,10,10,0.0063008002936840056,0.0025460153818130495,0.0034673381596803665,0.00556664913892746,0.007651878520846367,0.01233037002384662,0.002116084098815918,0.015647172927856445
DUP_G,2,tubes/test/anomalous/002.png,1,abnormal_normal,32x32,9,1002,0.007572894727721989,5.221273750066773e-05,0.0017443355172872543,0.005135376006364822,0.01089454349130392,0.024749798886477933,0.0,0.05451494827866554
DUP_G,2,tubes/test/anomalous/002.png,1,defect,32x32,9,22,0.011234673417427322,0.004737963899970055,0.007924757897853851,0.009749503806233406,0.01297856867313385,0.020009632408618926,0.004610240459442139,0.030758880078792572
DUP_G,2,tubes/test/anomalous/002.png,1,clean_defect,32x32,9,13,0.010649706308658306,0.005608808994293213,0.007840782403945923,0.011037588119506836,0.013289213180541992,0.016768729686737056,0.00472906231880188,0.018281370401382446
DUP_G,2,tubes/test/anomalous/002.png,1,boundary,32x32,9,9,0.012079625907871459,0.004728981852531433,0.008306145668029785,0.009407822042703629,0.011856034398078918,0.026495565474033353,0.004610240459442139,0.030758880078792572
DUP_G,3,tubes/test/anomalous/003.png,1,abnormal_normal,32x32,9,1002,0.007546284477209706,5.631446838378907e-05,0.0015053509268909693,0.004684329032897949,0.010283315554261208,0.025094755366444566,0.0,0.07837411016225815
DUP_G,3,tubes/test/anomalous/003.png,1,defect,32x32,9,22,0.009518380361524496,0.002609432861208916,0.0051672086119651794,0.008899658918380737,0.012842021882534027,0.017834214866161345,0.0009250640869140625,0.023745477199554443
DUP_G,3,tubes/test/anomalous/003.png,1,clean_defect,32x32,9,13,0.009042655046169575,0.004596984386444092,0.005003452301025391,0.009073436260223389,0.010706692934036255,0.016308891773223876,0.004441112279891968,0.016945183277130127
DUP_G,3,tubes/test/anomalous/003.png,1,boundary,32x32,9,9,0.010205539150370492,0.001560249924659729,0.005932316184043884,0.008725881576538086,0.014348924160003662,0.021399688720703122,0.0009250640869140625,0.023745477199554443
DUP_G,4,tubes/test/anomalous/004.png,1,abnormal_normal,32x32,9,1003,0.008315197262701282,0.00018155910074710846,0.0019158832728862762,0.005468806251883507,0.01215861365199089,0.024541401863098142,0.0,0.057665903121232986
DUP_G,4,tubes/test/anomalous/004.png,1,defect,32x32,9,21,0.009701417670363472,0.0054038166999816895,0.007464796304702759,0.009742297232151031,0.011076003313064575,0.016826003789901733,0.0029381513595581055,0.018383026123046875
DUP_G,4,tubes/test/anomalous/004.png,1,clean_defect,32x32,9,12,0.00949119528134664,0.004294267296791077,0.007683977484703064,0.00941668450832367,0.011210449039936066,0.014735540747642512,0.0029381513595581055,0.018383026123046875
DUP_G,4,tubes/test/anomalous/004.png,1,boundary,32x32,9,9,0.009981714189052582,0.006065231561660766,0.0068761855363845825,0.009742297232151031,0.010156586766242981,0.016475647687911987,0.006006091833114624,0.016826003789901733
DUP_G,5,tubes/test/anomalous/005.png,1,abnormal_normal,32x32,8,1003,0.007572998244924506,0.0,0.0017500529065728188,0.00488911010324955,0.010599552653729916,0.026361995562911023,0.0,0.052543044090270996
DUP_G,5,tubes/test/anomalous/005.png,1,defect,32x32,8,21,0.010538287460803986,0.003194369375705719,0.006679743528366089,0.01042938232421875,0.01453101634979248,0.01822042465209961,0.0024619847536087036,0.018969029188156128
DUP_G,5,tubes/test/anomalous/005.png,1,clean_defect,32x32,8,13,0.010647731331678538,0.004512959718704223,0.008348807692527771,0.01001518964767456,0.01453101634979248,0.016955441236495967,0.0041942596435546875,0.018969029188156128
DUP_G,5,tubes/test/anomalous/005.png,1,boundary,32x32,8,8,0.01036044117063284,0.002718319371342659,0.004629680886864662,0.011625982820987701,0.014520619064569473,0.017768342792987824,0.0024619847536087036,0.01822042465209961
DUP_G,6,tubes/test/anomalous/006.png,1,abnormal_normal,32x32,4,1008,0.007296513512431245,0.0001897362992167473,0.0017856820486485958,0.004829457029700279,0.009857779368758202,0.023264641873538487,0.0,0.06948260962963104
DUP_G,6,tubes/test/anomalous/006.png,1,defect,32x32,4,16,0.013161654584109783,0.0011060088872909546,0.0056317634880542755,0.01007881760597229,0.023448433727025986,0.027295134961605072,0.0,0.027781307697296143
DUP_G,6,tubes/test/anomalous/006.png,1,clean_defect,32x32,4,12,0.01591349144776662,0.00354778990149498,0.008233040571212769,0.015117362141609192,0.025262314826250076,0.027424781024456023,0.0014746785163879395,0.027781307697296143
DUP_G,6,tubes/test/anomalous/006.png,1,boundary,32x32,4,4,0.004906143993139267,0.000611979514360428,0.0030598975718021393,0.005127511918544769,0.006973758339881897,0.008890393376350402,0.0,0.00936955213546753
DUP_G,7,tubes/test/anomalous/007.png,1,abnormal_normal,32x32,9,1003,0.008191896354592037,0.0001696337014436722,0.0018969178199768066,0.0053265877068042755,0.011079739779233932,0.027344081550836556,0.0,0.06879349797964096
DUP_G,7,tubes/test/anomalous/007.png,1,defect,32x32,9,21,0.009919855566251846,0.004638850688934326,0.0059898048639297485,0.008757129311561584,0.013610601425170898,0.022198468446731567,0.0,0.02245078980922699
DUP_G,7,tubes/test/anomalous/007.png,1,clean_defect,32x32,9,12,0.011235831926266352,0.004853764921426773,0.006538659334182739,0.008966274559497833,0.015963800251483917,0.02231201305985451,0.004638850688934326,0.02245078980922699
DUP_G,7,tubes/test/anomalous/007.png,1,boundary,32x32,9,9,0.008165220419565836,0.002042865753173828,0.005224600434303284,0.007096134126186371,0.012468487024307251,0.01435449868440628,0.0,0.014850430190563202
DUP_G,8,tubes/test/anomalous/008.png,1,abnormal_normal,32x32,8,1005,0.006470232372593821,0.0,0.001371540129184723,0.00426316075026989,0.008968912065029144,0.02071772143244743,0.0,0.0480608195066452
DUP_G,8,tubes/test/anomalous/008.png,1,defect,32x32,8,19,0.011362817138433456,0.0016308914870023727,0.0038872472941875458,0.009360000491142273,0.014276817440986633,0.03281628564000127,0.0006504468619823456,0.04524526000022888
DUP_G,8,tubes/test/anomalous/008.png,1,clean_defect,32x32,8,11,0.015681541778824547,0.004089172929525375,0.009922042489051819,0.011939913034439087,0.015517309308052063,0.03834027424454689,0.002336248755455017,0.04524526000022888
DUP_G,8,tubes/test/anomalous/008.png,1,boundary,32x32,8,8,0.005424570757895708,0.0010317308828234673,0.0025262758135795593,0.0038872472941875458,0.005427639931440353,0.014629678055644028,0.0006504468619823456,0.01957005262374878
DUP_G,9,tubes/test/anomalous/009.png,1,abnormal_normal,32x32,10,1003,0.006705573522731855,0.0,0.0015568248927593231,0.004112087190151215,0.009227784350514412,0.02064157724380493,0.0,0.06083028018474579
DUP_G,9,tubes/test/anomalous/009.png,1,defect,32x32,10,21,0.01498683967760631,0.0017552673816680908,0.004736103117465973,0.011625990271568298,0.02158971130847931,0.03170979022979736,0.00033339112997055054,0.04245805740356445
DUP_G,9,tubes/test/anomalous/009.png,1,clean_defect,32x32,10,11,0.02049018916758624,0.005664456635713577,0.010947443544864655,0.018984049558639526,0.02775682508945465,0.03708392381668091,0.003934420645236969,0.04245805740356445
DUP_G,9,tubes/test/anomalous/009.png,1,boundary,32x32,10,10,0.008933155238628388,0.0009732354432344436,0.004119250923395157,0.006298966705799103,0.015526298433542252,0.020107016339898105,0.00033339112997055054,0.02158971130847931
DUP_G,10,tubes/test/anomalous/010.png,1,abnormal_normal,32x32,8,1004,0.007646315427779023,0.000105089507997036,0.00162893021479249,0.00487590953707695,0.011200254317373037,0.02440314702689646,0.0,0.050701022148132324
DUP_G,10,tubes/test/anomalous/010.png,1,defect,32x32,8,20,0.01634789668023586,0.003914056718349457,0.008502252399921417,0.014220558106899261,0.018461227416992188,0.03177086599171164,0.0019327402114868164,0.060768574476242065
DUP_G,10,tubes/test/anomalous/010.png,1,clean_defect,32x32,8,12,0.02036274162431558,0.009116552025079726,0.011540759354829788,0.01755698025226593,0.02112506330013275,0.04398042745888231,0.008909866213798523,0.060768574476242065
DUP_G,10,tubes/test/anomalous/010.png,1,boundary,32x32,8,8,0.010325629264116287,0.0026626989245414736,0.004681479185819626,0.0069060176610946655,0.01657203957438469,0.021805016696453093,0.0019327402114868164,0.02389809489250183
DUP_G,11,tubes/test/anomalous/011.png,1,abnormal_normal,32x32,8,1004,0.007653076981335314,0.00012341402471065526,0.0017195399850606918,0.004891625605523586,0.010297677479684353,0.024592005647718896,0.0,0.0677347183227539
DUP_G,11,tubes/test/anomalous/011.png,1,defect,32x32,8,20,0.016502448916435243,0.0037055037915706634,0.009413853287696838,0.01563137024641037,0.022467993199825287,0.03116301596164704,0.003334939479827881,0.03807362914085388
DUP_G,11,tubes/test/anomalous/011.png,1,clean_defect,32x32,8,12,0.018287193030118942,0.005513066053390503,0.00987657904624939,0.016367584466934204,0.025372765958309174,0.034072747826576225,0.003725007176399231,0.03807362914085388
DUP_G,11,tubes/test/anomalous/011.png,1,boundary,32x32,8,8,0.01382533274590969,0.005310577154159547,0.009312458336353302,0.013470076024532318,0.01765388250350952,0.023112140595912933,0.003334939479827881,0.023675769567489624
DUP_G,12,tubes/test/anomalous/012.png,1,abnormal_normal,32x32,9,1003,0.007029018420094656,0.0,0.0014059441164135933,0.004299283027648926,0.009344569407403469,0.023250927776098246,0.0,0.06443896144628525
DUP_G,12,tubes/test/anomalous/012.png,1,defect,32x32,9,21,0.013506820159299033,0.005835205316543579,0.009386658668518066,0.011763244867324829,0.017325222492218018,0.02422948181629181,0.0025379210710525513,0.02900385856628418
DUP_G,12,tubes/test/anomalous/012.png,1,clean_defect,32x32,9,12,0.013437484701474508,0.007091367244720459,0.009387969970703125,0.012156888842582703,0.018149927258491516,0.02130939960479736,0.005835205316543579,0.022021174430847168
DUP_G,12,tubes/test/anomalous/012.png,1,boundary,32x32,9,9,0.0135992674363984,0.005156871676445008,0.009386658668518066,0.011078618466854095,0.01332148164510727,0.02709410786628723,0.0025379210710525513,0.02900385856628418
DUP_G,13,tubes/test/anomalous/013.png,1,abnormal_normal,32x32,5,1015,0.007327914080614673,4.166625440120697e-05,0.0016075270250439644,0.004555404186248779,0.010116487741470337,0.022874118015170093,0.0,0.09620721638202667
DUP_G,13,tubes/test/anomalous/013.png,1,defect,32x32,5,9,0.008987157709068723,0.003223240375518799,0.0049417391419410706,0.005795001983642578,0.011565588414669037,0.02176044583320617,0.0031494498252868652,0.02838560938835144
DUP_G,13,tubes/test/anomalous/013.png,1,clean_defect,32x32,5,4,0.013227611780166626,0.005961821973323822,0.006629101932048798,0.009364917874336243,0.01596342772245407,0.02590117305517196,0.005795001983642578,0.02838560938835144
DUP_G,13,tubes/test/anomalous/013.png,1,boundary,32x32,5,5,0.005594794452190399,0.003186345100402832,0.0033339262008666992,0.0049417391419410706,0.004983268678188324,0.010249124467372892,0.0031494498252868652,0.011565588414669037
DUP_G,14,tubes/test/anomalous/014.png,1,abnormal_normal,32x32,5,1013,0.007570576637998032,6.619691848754884e-05,0.0017340593039989471,0.00478086993098259,0.010002456605434418,0.025275318324565886,0.0,0.07119835168123245
DUP_G,14,tubes/test/anomalous/014.png,1,defect,32x32,5,11,0.006824321367523887,5.513429641723633e-05,0.0018829330801963806,0.007221058011054993,0.00943157821893692,0.015283361077308655,0.0,0.020109497010707855
DUP_G,14,tubes/test/anomalous/014.png,1,clean_defect,32x32,5,6,0.006011708329121272,0.00024936720728874207,0.0020551830530166626,0.00727023184299469,0.009801652282476425,0.010416826233267784,0.00011026859283447266,0.010457225143909454
DUP_G,14,tubes/test/anomalous/014.png,1,boundary,32x32,5,5,0.007799457013607025,0.0006198406219482422,0.003099203109741211,0.007221058011054993,0.008567526936531067,0.017801102995872495,0.0,0.020109497010707855
DUP_G,15,tubes/test/anomalous/015.png,1,abnormal_normal,32x32,8,1012,0.007156800151537559,0.0001054506748914719,0.0017082653939723969,0.004681338556110859,0.009998154826462269,0.022927271202206605,0.0,0.046325504779815674
DUP_G,15,tubes/test/anomalous/015.png,1,defect,32x32,8,12,0.015487436205148697,0.0006793405860662461,0.004886044189333916,0.009793318808078766,0.02004891447722912,0.043229571357369406,0.0,0.05925898253917694
DUP_G,15,tubes/test/anomalous/015.png,1,clean_defect,32x32,8,4,0.006616266444325447,0.0001852747052907944,0.0009263735264539719,0.005050476640462875,0.01074036955833435,0.015239363908767697,0.0,0.016364112496376038
DUP_G,15,tubes/test/anomalous/015.png,1,boundary,32x32,8,8,0.019923021085560322,0.0037905316799879078,0.006753627210855484,0.01447455957531929,0.026661785319447517,0.049058448150753955,0.00283195823431015,0.05925898253917694
DUP_G,16,tubes/test/anomalous/016.png,1,abnormal_normal,32x32,8,1012,0.006922950126090835,0.0,0.001469035167247057,0.004486389458179474,0.009767227340489626,0.021011948492377978,0.0,0.08042920380830765
DUP_G,16,tubes/test/anomalous/016.png,1,defect,32x32,8,12,0.007621346041560173,0.002881978452205658,0.004236692562699318,0.006358865648508072,0.01094200648367405,0.013544035330414771,0.0018810778856277466,0.014043547213077545
DUP_G,16,tubes/test/anomalous/016.png,1,clean_defect,32x32,8,4,0.006012368947267532,0.0024885568767786027,0.004918472841382027,0.006358865648508072,0.007452761754393578,0.009051085636019706,0.0018810778856277466,0.009450666606426239
DUP_G,16,tubes/test/anomalous/016.png,1,boundary,32x32,8,8,0.008425834588706493,0.0037917885929346085,0.004236692562699318,0.00770915299654007,0.012898286804556847,0.013725676015019417,0.0037008970975875854,0.014043547213077545
DUP_G,17,tubes/test/anomalous/017.png,1,abnormal_normal,32x32,3,1015,0.007586106797450869,0.00022146720439195636,0.0020659174770116806,0.005083680152893066,0.01044907234609127,0.023225305229425418,0.0,0.0604725182056427
DUP_G,17,tubes/test/anomalous/017.png,1,defect,32x32,3,9,0.01280390719572703,0.007602085173130035,0.01002037525177002,0.012767046689987183,0.013909853994846344,0.01938585042953491,0.007530204951763153,0.020972132682800293
DUP_G,17,tubes/test/anomalous/017.png,1,clean_defect,32x32,3,6,0.013170486936966578,0.010399512946605682,0.011844456195831299,0.013274669647216797,0.01387796364724636,0.016232283785939217,0.01002037525177002,0.01700642704963684
DUP_G,17,tubes/test/anomalous/017.png,1,boundary,32x32,3,3,0.012070747713247934,0.007548175007104874,0.007620055228471756,0.007709905505180359,0.014341019093990326,0.0196459099650383,0.007530204951763153,0.020972132682800293
DUP_G,18,tubes/test/anomalous/018.png,1,abnormal_normal,32x32,3,1015,0.007727552805866661,0.0,0.001621834933757782,0.004731178283691406,0.010518182069063187,0.02771576270461082,0.0,0.06866876035928726
DUP_G,18,tubes/test/anomalous/018.png,1,defect,32x32,3,9,0.011604107916355133,0.004753127694129944,0.008817993104457855,0.009309083223342896,0.01556900143623352,0.02093006670475006,0.00269317626953125,0.021681547164916992
DUP_G,18,tubes/test/anomalous/018.png,1,clean_defect,32x32,3,6,0.010771391292413076,0.003980645909905434,0.00811135582625866,0.009360134601593018,0.014127753674983978,0.01874438486993313,0.00269317626953125,0.019802846014499664
DUP_G,18,tubes/test/anomalous/018.png,1,boundary,32x32,3,3,0.013269541164239248,0.00886710211634636,0.009063538163900375,0.009309083223342896,0.015495315194129944,0.02044430077075958,0.008817993104457855,0.021681547164916992
DUP_G,19,tubes/test/anomalous/019.png,1,abnormal_normal,32x32,9,1004,0.008030062635518254,0.0002545241266489029,0.0021867873147130013,0.0052813272923231125,0.010828563943505287,0.025015585124492628,0.0,0.07376241683959961
DUP_G,19,tubes/test/anomalous/019.png,1,defect,32x32,9,20,0.01444946974515915,0.0018688593059778213,0.007097600027918816,0.011822395026683807,0.02007080614566803,0.03018470704555512,0.0016681328415870667,0.03698965907096863
DUP_G,19,tubes/test/anomalous/019.png,1,clean_defect,32x32,9,11,0.013601669533686205,0.001773778349161148,0.00707210972905159,0.009603172540664673,0.020705748349428177,0.02959233522415161,0.0016681328415870667,0.02982655167579651
DUP_G,19,tubes/test/anomalous/019.png,1,boundary,32x32,9,9,0.015485670003626082,0.0037637919187545775,0.00846080482006073,0.013440966606140137,0.018815413117408752,0.0328538954257965,0.002883315086364746,0.03698965907096863
DUP_G,20,tubes/test/anomalous/020.png,1,abnormal_normal,32x32,8,1006,0.007987773050989208,0.00018926244229078293,0.002069696318358183,0.005037346854805946,0.010812732391059399,0.02467701956629753,0.0,0.07196585088968277
DUP_G,20,tubes/test/anomalous/020.png,1,defect,32x32,8,18,0.008154148235917091,0.0008244484663009644,0.0026361122727394104,0.007351379841566086,0.012408450245857239,0.018458155542612067,0.0006001591682434082,0.024407610297203064
DUP_G,20,tubes/test/anomalous/020.png,1,clean_defect,32x32,8,10,0.0070431333035230635,0.0007189005613327026,0.0016384897753596306,0.005756322294473648,0.010067719966173172,0.016898290067911145,0.0006001591682434082,0.017408251762390137
DUP_G,20,tubes/test/anomalous/020.png,1,boundary,32x32,8,8,0.009542916901409626,0.0016845710575580596,0.0030306559056043625,0.007858190685510635,0.013879837468266487,0.02150531224906444,0.0011770129203796387,0.024407610297203064
DUP_G,21,tubes/test/anomalous/021.png,1,abnormal_normal,32x32,11,1004,0.007185622740841185,0.00019892137497663504,0.0017536217346787453,0.004610607400536537,0.009420651942491531,0.02272428739815948,0.0,0.06822312623262405
DUP_G,21,tubes/test/anomalous/021.png,1,defect,32x32,11,20,0.007927187532186509,0.00030880831182003023,0.0036905519664287567,0.007792845368385315,0.010350901633501053,0.01412326842546464,0.0,0.02722516655921936
DUP_G,21,tubes/test/anomalous/021.png,1,clean_defect,32x32,11,9,0.006775419745180342,0.0011610433459281922,0.0041342973709106445,0.007695972919464111,0.008160114288330078,0.011955183744430541,0.0003250613808631897,0.013433694839477539
DUP_G,21,tubes/test/anomalous/021.png,1,boundary,32x32,11,11,0.008869542994282463,0.0005247890949249268,0.0033177733421325684,0.008306190371513367,0.012312695384025574,0.020216744393110275,0.0,0.02722516655921936
DUP_G,22,tubes/test/anomalous/022.png,1,abnormal_normal,32x32,10,1004,0.007458988155991551,0.0001130931079387666,0.0017993496730923653,0.004739243537187576,0.009969286620616913,0.023986493330448864,0.0,0.06578557193279266
DUP_G,22,tubes/test/anomalous/022.png,1,defect,32x32,10,20,0.00856466479599476,0.00231893602758646,0.006276564672589302,0.007953446358442307,0.01184915378689766,0.014837289601564413,0.0,0.021280482411384583
DUP_G,22,tubes/test/anomalous/022.png,1,clean_defect,32x32,10,10,0.0095534548163414,0.0029635827988386157,0.007186984643340111,0.010187767446041107,0.012635599821805954,0.014318466186523438,0.0,0.01449817419052124
DUP_G,22,tubes/test/anomalous/022.png,1,boundary,32x32,10,10,0.007575874775648117,0.002659308724105358,0.0035833753645420074,0.007021883502602577,0.008658111095428467,0.016104429215192784,0.002440985292196274,0.021280482411384583
DUP_G,23,tubes/test/anomalous/023.png,1,abnormal_normal,32x32,10,1004,0.007392105152941795,8.34958627820017e-05,0.001739557832479477,0.004962206818163395,0.010100447572767735,0.02291361000388858,0.0,0.0642452985048294
DUP_G,23,tubes/test/anomalous/023.png,1,defect,32x32,10,20,0.007735744491219521,0.0014352943748235703,0.005375231616199017,0.006904177367687225,0.01117442175745964,0.013379992544651035,0.0,0.01833692193031311
DUP_G,23,tubes/test/anomalous/023.png,1,clean_defect,32x32,10,10,0.00872664786875248,0.0009435642510652542,0.005876586772501469,0.008423000574111938,0.012594092637300491,0.015988902747631067,0.0,0.01833692193031311
DUP_G,23,tubes/test/anomalous/023.png,1,boundary,32x32,10,10,0.006744841113686562,0.0024850983172655106,0.004665562883019447,0.006723545491695404,0.007840477861464024,0.011678287014365196,0.0015108361840248108,0.012330375611782074
DUP_G,24,tubes/test/anomalous/024.png,1,abnormal_normal,32x32,12,1002,0.007738304690192054,0.0,0.0018075434491038322,0.005076207220554352,0.01101607270538807,0.023544734157621847,0.0,0.07607291638851166
DUP_G,24,tubes/test/anomalous/024.png,1,defect,32x32,12,22,0.011582619764588097,0.0022765345871448516,0.005709907039999962,0.009896542876958847,0.014624358154833317,0.02647937312722206,0.001906469464302063,0.03415074944496155
DUP_G,24,tubes/test/anomalous/024.png,1,clean_defect,32x32,12,10,0.015622853487730026,0.0026383236050605773,0.007522210478782654,0.013054508715867996,0.023768719285726547,0.03076070547103881,0.001906469464302063,0.03415074944496155
DUP_G,24,tubes/test/anomalous/024.png,1,boundary,32x32,12,12,0.008215758328636488,0.0023503921926021575,0.0051342519000172615,0.007941242307424545,0.010762367397546768,0.014564563892781735,0.002269148826599121,0.014674186706542969
DUP_G,25,tubes/test/anomalous/025.png,1,abnormal_normal,32x32,14,1001,0.007679817441675987,4.943273961544037e-05,0.0018294043838977814,0.005144495517015457,0.010694503784179688,0.023844502866268158,0.0,0.0760832130908966
DUP_G,25,tubes/test/anomalous/025.png,1,defect,32x32,14,23,0.015226232130890307,0.0011363387107849122,0.005838993936777115,0.011957406997680664,0.02347223460674286,0.033091643452644336,0.0,0.060762301087379456
DUP_G,25,tubes/test/anomalous/025.png,1,clean_defect,32x32,14,9,0.012884636720021566,0.002094888687133789,0.007381707429885864,0.011957406997680664,0.019257962703704834,0.02454407215118408,0.0,0.025915205478668213
DUP_G,25,tubes/test/anomalous/025.png,1,boundary,32x32,14,14,0.016731543466448784,0.00235440731048584,0.00521585438400507,0.010863445699214935,0.024972930550575256,0.04321265295147895,0.0009148716926574707,0.060762301087379456
DUP_G,26,tubes/test/anomalous/026.png,1,abnormal_normal,32x32,9,1003,0.007669408881808385,7.960554212331776e-05,0.0016858968883752823,0.0047201551496982574,0.010666349902749062,0.024976619333028787,0.0,0.06732230633497238
DUP_G,26,tubes/test/anomalous/026.png,1,defect,32x32,9,21,0.015978333495912097,0.004547595977783203,0.01292102038860321,0.017454907298088074,0.02040603756904602,0.02619263529777527,0.0,0.027262724936008453
DUP_G,26,tubes/test/anomalous/026.png,1,clean_defect,32x32,9,12,0.016889985650777817,0.004669170081615448,0.015219859778881073,0.019366689026355743,0.020544685423374176,0.024320046603679653,0.0,0.02619263529777527
DUP_G,26,tubes/test/anomalous/026.png,1,boundary,32x32,9,9,0.014762797289424472,0.00526275634765625,0.0068810805678367615,0.015176042914390564,0.018228590488433838,0.025980721414089202,0.004547595977783203,0.027262724936008453
DUP_G,27,tubes/test/anomalous/027.png,1,abnormal_normal,32x32,10,1003,0.0075615462670631985,0.0,0.0016567297279834747,0.004872500896453857,0.010790063068270683,0.023785478994250292,0.0,0.06152164936065674
DUP_G,27,tubes/test/anomalous/027.png,1,defect,32x32,10,21,0.009074741708380836,0.00020065903663635254,0.0046746209263801575,0.005599282681941986,0.012192904949188232,0.018172502517700195,0.0,0.034423619508743286
DUP_G,27,tubes/test/anomalous/027.png,1,clean_defect,32x32,10,11,0.010686717250130394,0.002431631088256836,0.005124673247337341,0.009314462542533875,0.013551414012908936,0.024777915328741074,0.00020065903663635254,0.034423619508743286
DUP_G,27,tubes/test/anomalous/027.png,1,boundary,32x32,10,10,0.007301568612456321,0.0011557772755622865,0.004193278960883617,0.00531386211514473,0.009079620242118835,0.017029345035552975,0.0,0.018172502517700195
DUP_G,28,tubes/test/anomalous/028.png,1,abnormal_normal,32x32,7,1006,0.007671645590220809,0.0,0.0016201995313167572,0.004605044610798359,0.010373750235885382,0.025119926780462265,0.0,0.0968160629272461
DUP_G,28,tubes/test/anomalous/028.png,1,defect,32x32,7,18,0.012050478822655149,0.002305063232779503,0.004789769649505615,0.006268396973609924,0.01686111092567444,0.03491060547530651,0.0011411160230636597,0.03558710217475891
DUP_G,28,tubes/test/anomalous/028.png,1,clean_defect,32x32,7,11,0.014710987156087702,0.0025451332330703735,0.00557921826839447,0.012159056961536407,0.019870132207870483,0.03518916293978691,0.0011411160230636597,0.03558710217475891
DUP_G,28,tubes/test/anomalous/028.png,1,boundary,32x32,7,7,0.00786968001297542,0.0027021855115890504,0.00394357368350029,0.004946231842041016,0.006064079701900482,0.02128049433231352,0.002510465681552887,0.027615755796432495
DUP_G,29,tubes/test/anomalous/029.png,1,abnormal_normal,32x32,8,1005,0.007349086358253635,0.0,0.0015855617821216583,0.004758261144161224,0.010347945615649223,0.02300974950194358,0.0,0.04814084619283676
DUP_G,29,tubes/test/anomalous/029.png,1,defect,32x32,8,19,0.014490170698416861,0.004529926925897598,0.005646249279379845,0.01628579944372177,0.021462738513946533,0.02544628977775572,0.0017883405089378357,0.03228425979614258
DUP_G,29,tubes/test/anomalous/029.png,1,clean_defect,32x32,8,11,0.017061993141065945,0.0075147803872823715,0.012134850025177002,0.018320232629776,0.02233929932117462,0.024013981223106384,0.005533259361982346,0.02468651533126831
DUP_G,29,tubes/test/anomalous/029.png,1,boundary,32x32,8,8,0.01095391483977437,0.002854513004422188,0.0050608087331056595,0.005452096462249756,0.01631383690983057,0.026724051125347606,0.0017883405089378357,0.03228425979614258
DUP_G,30,tubes/test/anomalous/030.png,1,abnormal_normal,32x32,12,999,0.007167462257666512,0.0,0.0016943421214818954,0.004807513207197189,0.010286469012498856,0.021283534169197052,0.0,0.05192502588033676
DUP_G,30,tubes/test/anomalous/030.png,1,defect,32x32,12,25,0.008637171983718873,0.0012872859835624695,0.00469633936882019,0.009477302432060242,0.011421412229537964,0.016977167129516593,0.0008348822593688965,0.02198970317840576
DUP_G,30,tubes/test/anomalous/030.png,1,clean_defect,32x32,12,13,0.00831405703838055,0.0010512828826904296,0.0033031105995178223,0.01009291410446167,0.011421412229537964,0.01599239110946655,0.0008348822593688965,0.017469555139541626
DUP_G,30,tubes/test/anomalous/030.png,1,boundary,32x32,12,12,0.008987213174502054,0.0030621301382780077,0.004868470132350922,0.009019136428833008,0.010474255308508873,0.016703188419342034,0.0016542300581932068,0.02198970317840576
DUP_G,31,tubes/test/anomalous/031.png,1,abnormal_normal,32x32,6,1004,0.007787524679382572,0.00015383474528789527,0.0017817169427871704,0.004979286342859268,0.01105648372322321,0.026913782954215967,0.0,0.05635370314121246
DUP_G,31,tubes/test/anomalous/031.png,1,defect,32x32,6,20,0.019356833398342134,0.005674920976161957,0.00918937474489212,0.01460316777229309,0.028639592230319977,0.04596586823463441,0.0025610029697418213,0.055171072483062744
DUP_G,31,tubes/test/anomalous/031.png,1,clean_defect,32x32,6,14,0.022784586463655745,0.008194172382354736,0.011273421347141266,0.01773509383201599,0.02957751601934433,0.048872774839401244,0.007314085960388184,0.055171072483062744
DUP_G,31,tubes/test/anomalous/031.png,1,boundary,32x32,6,6,0.011358742912610372,0.0033804550766944885,0.0065273866057395935,0.008978128433227539,0.013696230947971344,0.02377699315547943,0.0025610029697418213,0.02665579319000244
DUP_G,32,tubes/test/anomalous/032.png,1,abnormal_normal,32x32,11,1002,0.007292583610810444,0.0,0.0015853047370910645,0.005124848335981369,0.009798157960176468,0.023334713093936442,0.0,0.08264181017875671
DUP_G,32,tubes/test/anomalous/032.png,1,defect,32x32,11,22,0.0076445209031755276,0.0,0.002130376175045967,0.007128974422812462,0.00965946912765503,0.019182358682155606,0.0,0.024041175842285156
DUP_G,32,tubes/test/anomalous/032.png,1,clean_defect,32x32,11,11,0.008818766610188917,0.0,0.001820981502532959,0.008762627840042114,0.013530701398849487,0.0202738456428051,0.0,0.024041175842285156
DUP_G,32,tubes/test/anomalous/032.png,1,boundary,32x32,11,11,0.006470275196162137,0.0005940385162830353,0.003092195838689804,0.006796494126319885,0.00821111910045147,0.01424286887049675,0.0,0.019323192536830902
DUP_G,33,tubes/test/anomalous/033.png,1,abnormal_normal,32x32,11,1001,0.007718100884257556,0.00010180473327636719,0.0017954111099243164,0.004691325128078461,0.010160364210605621,0.024977900087833405,0.0,0.06069781631231308
DUP_G,33,tubes/test/anomalous/033.png,1,defect,32x32,11,23,0.013304669571959454,0.005910118669271469,0.008243739604949951,0.012797296047210693,0.01696901023387909,0.023600076138973233,0.0052560195326805115,0.028274893760681152
DUP_G,33,tubes/test/anomalous/033.png,1,clean_defect,32x32,11,12,0.016257585336764652,0.008286702632904052,0.013327032327651978,0.015247225761413574,0.018685325980186462,0.025798491388559337,0.007814109325408936,0.028274893760681152
DUP_G,33,tubes/test/anomalous/033.png,1,boundary,32x32,11,11,0.01008330691944469,0.005560677498579025,0.006621085107326508,0.009004414081573486,0.011347603052854538,0.01929605007171631,0.0052560195326805115,0.02124685049057007
DUP_G,34,tubes/test/anomalous/034.png,1,abnormal_normal,32x32,12,1001,0.007618651335517486,0.0,0.0017660856246948242,0.004866421222686768,0.010421715676784515,0.02363012358546257,0.0,0.05841090530157089
DUP_G,34,tubes/test/anomalous/034.png,1,defect,32x32,12,23,0.013163056386553722,0.0026985138654708864,0.00474923849105835,0.011749714612960815,0.02024376392364502,0.026900973916053766,0.0014924705028533936,0.029334306716918945
DUP_G,34,tubes/test/anomalous/034.png,1,clean_defect,32x32,12,11,0.014569846066561613,0.002070024609565735,0.006029188632965088,0.017011791467666626,0.020629048347473145,0.025326207280158997,0.0014924705028533936,0.027294665575027466
DUP_G,34,tubes/test/anomalous/034.png,1,boundary,32x32,12,12,0.011873499179879824,0.0031807959079742433,0.0051559992134571075,0.009599346667528152,0.017342984676361084,0.0252334713935852,0.0031569302082061768,0.029334306716918945
DUP_G,35,tubes/test/anomalous/035.png,1,abnormal_normal,32x32,9,1003,0.007278144826178447,0.0,0.0017511937767267227,0.004886247217655182,0.01028768066316843,0.02161462940275669,0.0,0.07404221594333649
DUP_G,35,tubes/test/anomalous/035.png,1,defect,32x32,9,21,0.011045822075435094,0.0,0.005830645561218262,0.010251134634017944,0.016068890690803528,0.019951820373535156,0.0,0.029267191886901855
DUP_G,35,tubes/test/anomalous/035.png,1,clean_defect,32x32,9,12,0.010338994363943735,0.0,0.003153771162033081,0.009451478719711304,0.014927446842193604,0.02255966812372207,0.0,0.029267191886901855
DUP_G,35,tubes/test/anomalous/035.png,1,boundary,32x32,9,9,0.011988259024090238,0.005573752522468567,0.006108641624450684,0.014326930046081543,0.016068890690803528,0.018669521808624266,0.005402490496635437,0.019951820373535156
DUP_G,36,tubes/test/anomalous/036.png,1,abnormal_normal,32x32,10,1002,0.00719915568770956,0.0,0.0017204438336193562,0.0048449840396642685,0.009982331655919552,0.02254325561225411,0.0,0.06416977196931839
DUP_G,36,tubes/test/anomalous/036.png,1,defect,32x32,10,22,0.010771310464902357,0.0004175260663032533,0.0061132051050662994,0.01058042049407959,0.015690423548221588,0.017815911024808884,0.0,0.028768464922904968
DUP_G,36,tubes/test/anomalous/036.png,1,clean_defect,32x32,10,12,0.00913652777671814,0.001489032804965973,0.0055197253823280334,0.009186521172523499,0.012746058404445648,0.01620451658964157,0.0,0.016750067472457886
DUP_G,36,tubes/test/anomalous/036.png,1,boundary,32x32,10,10,0.01273304969072342,0.0014535650610923768,0.007606793195009232,0.013984039425849915,0.01727261021733284,0.023840583115816105,0.0002970099449157715,0.028768464922904968
DUP_G,37,tubes/test/anomalous/037.png,1,abnormal_normal,32x32,9,1004,0.0074964580919215104,0.0,0.001702845562249422,0.004895836114883423,0.010499252006411552,0.024165324121713638,0.0,0.07410755008459091
DUP_G,37,tubes/test/anomalous/037.png,1,defect,32x32,9,20,0.011332069151103496,0.0031579673290252686,0.005991470068693161,0.009734861552715302,0.01653921604156494,0.020731392502784732,0.0017354488372802734,0.025976568460464478
DUP_G,37,tubes/test/anomalous/037.png,1,clean_defect,32x32,9,11,0.01226760447025299,0.003398492932319641,0.008075416088104248,0.011948317289352417,0.017194271087646484,0.019856378436088562,0.0032328367233276367,0.02045533061027527
DUP_G,37,tubes/test/anomalous/037.png,1,boundary,32x32,9,9,0.010188637094365226,0.002416640520095825,0.0035059265792369843,0.008432060480117798,0.014451265335083008,0.023050099611282345,0.0017354488372802734,0.025976568460464478
DUP_G,38,tubes/test/anomalous/038.png,1,abnormal_normal,32x32,10,1002,0.007608901159075682,0.0,0.0015261974185705185,0.005064457654953003,0.01048513874411583,0.02507420685142277,0.0,0.05950397253036499
DUP_G,38,tubes/test/anomalous/038.png,1,defect,32x32,10,22,0.007713581520048055,0.0023873258382081986,0.004559250548481941,0.0070482827723026276,0.010723378509283066,0.01397384312003851,0.0,0.014291763305664062
DUP_G,38,tubes/test/anomalous/038.png,1,clean_defect,32x32,10,12,0.008062779903411865,0.002237106114625931,0.005290023982524872,0.00778023898601532,0.010987874120473862,0.013512030243873594,0.0,0.014291763305664062
DUP_G,38,tubes/test/anomalous/038.png,1,boundary,32x32,10,10,0.007294543460011483,0.0025340396910905837,0.0033186059445142746,0.0070482827723026276,0.009349297732114792,0.01387904044240713,0.0023689866065979004,0.013985693454742432
DUP_G,39,tubes/test/anomalous/039.png,1,abnormal_normal,32x32,10,1004,0.0075129070963925754,7.647499442100526e-05,0.0018813470378518105,0.004900533705949783,0.010475563816726208,0.02324102185666559,0.0,0.08175034075975418
DUP_G,39,tubes/test/anomalous/039.png,1,defect,32x32,10,20,0.010486792027950286,0.004466930031776429,0.006768304854631424,0.010520033538341522,0.013426188379526138,0.017901573330163956,0.0,0.018659278750419617
DUP_G,39,tubes/test/anomalous/039.png,1,clean_defect,32x32,10,10,0.012484979629516602,0.0028603345155715945,0.008108384907245636,0.01443808525800705,0.01744011789560318,0.018300365656614304,0.0,0.018659278750419617
DUP_G,39,tubes/test/anomalous/039.png,1,boundary,32x32,10,10,0.008488604426383972,0.004903234168887138,0.0067118071019649506,0.008969645947217941,0.010780658572912216,0.01128861978650093,0.00470203161239624,0.01129692792892456
DUP_G,40,tubes/test/anomalous/040.png,1,abnormal_normal,32x32,8,1005,0.007676044048565389,6.10366463661194e-05,0.0018174238502979279,0.005297619849443436,0.010510861873626709,0.023656101524829845,0.0,0.052983976900577545
DUP_G,40,tubes/test/anomalous/040.png,1,defect,32x32,8,19,0.018312062479947742,0.0,0.008374501019716263,0.01390296220779419,0.027670428156852722,0.04360266029834747,0.0,0.0439227819442749
DUP_G,40,tubes/test/anomalous/040.png,1,clean_defect,32x32,8,11,0.023396022617816925,0.0007656067609786987,0.01383243128657341,0.022656261920928955,0.037024229764938354,0.04374493658542633,0.0,0.0439227819442749
DUP_G,40,tubes/test/anomalous/040.png,1,boundary,32x32,8,8,0.011321617290377617,0.0010472249239683153,0.0067526791244745255,0.009622294455766678,0.011972956359386444,0.027679398655891408,0.0,0.035097479820251465
DUP_G,41,tubes/test/anomalous/041.png,1,abnormal_normal,32x32,9,1005,0.007428483188207915,0.00015222989022731782,0.0018426179885864258,0.005163282155990601,0.01052115112543106,0.023154912889003752,0.0,0.06516547501087189
DUP_G,41,tubes/test/anomalous/041.png,1,defect,32x32,9,19,0.011699707296333815,0.00032065361738204957,0.0019277147948741913,0.009969517588615417,0.017664872109889984,0.02864731401205061,0.0002988874912261963,0.03583666682243347
DUP_G,41,tubes/test/anomalous/041.png,1,clean_defect,32x32,9,10,0.011639351397752762,0.0003097705543041229,0.0015966016799211502,0.014797203242778778,0.018505137413740158,0.023889280855655663,0.0002988874912261963,0.027428925037384033
DUP_G,41,tubes/test/anomalous/041.png,1,boundary,32x32,9,9,0.011766769405868318,0.0010799139738082886,0.0033840686082839966,0.009695116430521011,0.010611206293106079,0.03264139890670776,0.0010181069374084473,0.03583666682243347
DUP_G,42,tubes/test/anomalous/042.png,1,abnormal_normal,32x32,10,1003,0.007526323315339276,0.00016036033630371097,0.001913050189614296,0.004886068403720856,0.01019817590713501,0.023968745395541183,0.0,0.06702172756195068
DUP_G,42,tubes/test/anomalous/042.png,1,defect,32x32,10,21,0.011678915648233323,0.0014526024460792542,0.005032248795032501,0.009284377098083496,0.016636759042739868,0.020000696182250977,0.0,0.04450926184654236
DUP_G,42,tubes/test/anomalous/042.png,1,clean_defect,32x32,10,11,0.013214796104214409,0.0007263012230396271,0.006564348936080933,0.011948376893997192,0.015877172350883484,0.03223631531000137,0.0,0.04450926184654236
DUP_G,42,tubes/test/anomalous/042.png,1,boundary,32x32,10,10,0.009989447146654128,0.002322966605424881,0.0035359561443328857,0.0077452994883060455,0.017050419002771378,0.01902201175689697,0.0019487515091896057,0.020000696182250977
DUP_G,43,tubes/test/anomalous/043.png,1,abnormal_normal,32x32,9,1006,0.0072384653663888545,0.0,0.0015230663120746613,0.004881890490651131,0.00986933708190918,0.022560181096196175,0.0,0.06174745410680771
DUP_G,43,tubes/test/anomalous/043.png,1,defect,32x32,9,18,0.010012115248375468,0.0030316226184368134,0.006143450736999512,0.008841320872306824,0.013996556401252747,0.019123887270689,0.0013007521629333496,0.024548843502998352
DUP_G,43,tubes/test/anomalous/043.png,1,clean_defect,32x32,9,9,0.00875694387488895,0.003356492519378662,0.006119102239608765,0.008949697017669678,0.010648734867572784,0.013900542259216308,0.003337070345878601,0.014156579971313477
DUP_G,43,tubes/test/anomalous/043.png,1,boundary,32x32,9,9,0.011267286621861987,0.0028430581092834476,0.006216496229171753,0.0072971731424331665,0.01767680048942566,0.021995922923088072,0.0013007521629333496,0.024548843502998352
DUP_G,44,tubes/test/anomalous/044.png,1,abnormal_normal,32x32,11,1005,0.007519381226906877,0.0,0.0017567276954650879,0.005090750753879547,0.010620811954140663,0.023687360435724256,0.0,0.05138377845287323
DUP_G,44,tubes/test/anomalous/044.png,1,defect,32x32,11,19,0.010220383735079514,0.0019980669021606445,0.0068542249500751495,0.009179309010505676,0.01049279049038887,0.02223423942923545,0.0015174150466918945,0.025988802313804626
DUP_G,44,tubes/test/anomalous/044.png,1,clean_defect,32x32,11,8,0.011719406582415104,0.007256604731082916,0.007420696318149567,0.009418383240699768,0.012788690626621246,0.021556543186306953,0.007203042507171631,0.02181706577539444
DUP_G,44,tubes/test/anomalous/044.png,1,boundary,32x32,11,11,0.009130185300653631,0.0017844438552856445,0.004294076934456825,0.007429104298353195,0.010454874485731125,0.02209872007369995,0.0015174150466918945,0.025988802313804626
DUP_G,45,tubes/test/anomalous/045.png,1,abnormal_normal,32x32,12,1003,0.007059594605151463,0.0,0.00165502168238163,0.004731699824333191,0.00958314910531044,0.02250165715813636,0.0,0.05959395319223404
DUP_G,45,tubes/test/anomalous/045.png,1,defect,32x32,12,21,0.0097455314937092,0.0006314143538475037,0.0034525394439697266,0.007211625576019287,0.010552853345870972,0.03267042338848114,0.0,0.033198386430740356
DUP_G,45,tubes/test/anomalous/045.png,1,clean_defect,32x32,12,9,0.013071780403455099,0.003974401950836181,0.007211625576019287,0.007784157991409302,0.011858910322189331,0.03298720121383667,0.0029993057250976562,0.033198386430740356
DUP_G,45,tubes/test/anomalous/045.png,1,boundary,32x32,12,12,0.0072508448113997774,0.00034727789461612706,0.0020895712077617645,0.005362913012504578,0.00856398418545723,0.021244953200221055,0.0,0.02591213583946228
DUP_G,46,tubes/test/anomalous/046.png,1,abnormal_normal,32x32,12,1003,0.007090182305459427,1.6093254089355494e-06,0.0017283754423260689,0.004768889397382736,0.009655855596065521,0.022529159300029276,0.0,0.061918217688798904
DUP_G,46,tubes/test/anomalous/046.png,1,defect,32x32,12,21,0.013154501538901102,0.0021334663033485413,0.004365831613540649,0.008911944925785065,0.011641830205917358,0.056471437215805054,0.0007810182869434357,0.06479114294052124
DUP_G,46,tubes/test/anomalous/046.png,1,clean_defect,32x32,12,9,0.0172175160712666,0.0038609266281127933,0.008911944925785065,0.011112451553344727,0.011648178100585938,0.05017747879028319,0.0021649599075317383,0.06479114294052124
DUP_G,46,tubes/test/anomalous/046.png,1,boundary,32x32,12,12,0.01010724063962698,0.0015248646959662437,0.003479108214378357,0.005497310310602188,0.010087298229336739,0.03271382153034207,0.0007810182869434357,0.056471437215805054
DUP_G,47,tubes/test/anomalous/047.png,1,abnormal_normal,32x32,11,1003,0.0074675308325971405,5.9056282043457035e-05,0.0017235977575182915,0.004734102636575699,0.010404549539089203,0.023986002244055265,0.0,0.05972401797771454
DUP_G,47,tubes/test/anomalous/047.png,1,defect,32x32,11,21,0.009670403386865343,0.0011400207877159119,0.005405262112617493,0.008529126644134521,0.015392616391181946,0.01838824152946472,0.0,0.020279347896575928
DUP_G,47,tubes/test/anomalous/047.png,1,clean_defect,32x32,11,10,0.010777987539768219,0.003845900297164917,0.0068980976939201355,0.009506359696388245,0.015205234289169312,0.019390631467103955,0.0025200843811035156,0.020279347896575928
DUP_G,47,tubes/test/anomalous/047.png,1,boundary,32x32,11,11,0.008663508702408184,0.0005700103938579559,0.003027886152267456,0.006638586521148682,0.014323733747005463,0.017579808831214905,0.0,0.01838824152946472
DUP_G,48,tubes/test/anomalous/048.png,1,abnormal_normal,32x32,10,1002,0.007423036012839444,0.0,0.0017207367345690727,0.004475096240639687,0.010186314582824707,0.025010106060653896,0.0,0.058211423456668854
DUP_G,48,tubes/test/anomalous/048.png,1,defect,32x32,10,22,0.00819642266089266,0.0013102125376462936,0.003372102975845337,0.00547558069229126,0.010573521256446838,0.0192078560590744,0.0,0.024032562971115112
DUP_G,48,tubes/test/anomalous/048.png,1,clean_defect,32x32,10,12,0.010761857032775879,0.0028905242681503294,0.0047982558608055115,0.0087662935256958,0.0185835100710392,0.02139533758163452,0.002644360065460205,0.024032562971115112
DUP_G,48,tubes/test/anomalous/048.png,1,boundary,32x32,10,10,0.005117901414632797,0.0005816806107759476,0.0016603805124759674,0.004929333925247192,0.007712792605161667,0.011588791757822032,0.0,0.013268813490867615
DUP_G,49,tubes/test/anomalous/049.png,1,abnormal_normal,32x32,6,1011,0.007705264979960539,0.00011426210403442383,0.0021303296089172363,0.005330726504325867,0.010636748746037483,0.024212390184402466,0.0,0.05650973320007324
DUP_G,49,tubes/test/anomalous/049.png,1,defect,32x32,6,13,0.012625657595120944,0.0047195136547088625,0.007210642099380493,0.010759830474853516,0.017856702208518982,0.02357414960861206,0.0023814141750335693,0.0245036780834198
DUP_G,49,tubes/test/anomalous/049.png,1,clean_defect,32x32,6,7,0.009919183594839913,0.003550463914871216,0.0064509958028793335,0.007210642099380493,0.013674154877662659,0.018292897939682005,0.0023814141750335693,0.019591927528381348
DUP_G,49,tubes/test/anomalous/049.png,1,boundary,32x32,6,6,0.01578321059544881,0.009220849722623825,0.009811345487833023,0.014308266341686249,0.02168002352118492,0.02411637455224991,0.00912940502166748,0.0245036780834198
DUP_G,50,tubes/test/anomalous/050.png,1,abnormal_normal,32x32,6,1012,0.007670626149185208,0.00012858030386269094,0.001866738311946392,0.004941515624523163,0.010703779757022858,0.024257784988731133,0.0,0.04686998575925827
DUP_G,50,tubes/test/anomalous/050.png,1,defect,32x32,6,12,0.015684712678194046,0.0055327251553535465,0.007912084460258484,0.017289191484451294,0.019024323672056198,0.02952845990657805,0.003859192132949829,0.04003897309303284
DUP_G,50,tubes/test/anomalous/050.png,1,clean_defect,32x32,6,6,0.015047614773114523,0.007533051073551178,0.011255353689193726,0.017289191484451294,0.01829652488231659,0.020309239625930786,0.006901979446411133,0.020928949117660522
DUP_G,50,tubes/test/anomalous/050.png,1,boundary,32x32,6,6,0.01632181058327357,0.00482611358165741,0.007788613438606262,0.013428233563899994,0.019307676702737808,0.03489156812429428,0.003859192132949829,0.04003897309303284
DUP_G,51,tubes/test/anomalous/051.png,1,abnormal_normal,32x32,7,1012,0.007971957532998189,8.459091186523439e-05,0.002051666844636202,0.005515329539775848,0.011432814411818981,0.024564882367849344,0.0,0.05602911859750748
DUP_G,51,tubes/test/anomalous/051.png,1,defect,32x32,7,12,0.016376327723264694,0.004653429239988327,0.011308453977108002,0.01457265019416809,0.019408464431762695,0.03211929500102997,0.003865852952003479,0.034386634826660156
DUP_G,51,tubes/test/anomalous/051.png,1,clean_defect,32x32,7,5,0.018838417530059815,0.01291348934173584,0.015460968017578125,0.017929166555404663,0.0182611346244812,0.02786358594894409,0.012276619672775269,0.030264198780059814
DUP_G,51,tubes/test/anomalous/051.png,1,boundary,32x32,7,7,0.014617692146982466,0.004295440018177032,0.008019521832466125,0.011497527360916138,0.018267393112182617,0.030925780534744256,0.003865852952003479,0.034386634826660156
DUP_G,52,tubes/test/anomalous/052.png,1,abnormal_normal,32x32,7,1012,0.008084181183581,0.0,0.0019476907327771187,0.00533834844827652,0.010785826481878757,0.026939421892166127,0.0,0.05721475929021835
DUP_G,52,tubes/test/anomalous/052.png,1,defect,32x32,7,12,0.014005245019992193,0.003461609780788422,0.007124327123165131,0.014888748526573181,0.019239302724599838,0.025367709994316097,0.002299189567565918,0.028003394603729248
DUP_G,52,tubes/test/anomalous/052.png,1,clean_defect,32x32,7,5,0.018342632055282592,0.010988831520080566,0.015113592147827148,0.017682313919067383,0.020956218242645264,0.02659395933151245,0.009957641363143921,0.028003394603729248
DUP_G,52,tubes/test/anomalous/052.png,1,boundary,32x32,7,7,0.010907111423356193,0.0029332369565963747,0.004903838038444519,0.00770077109336853,0.016665451228618622,0.021847967803478238,0.002299189567565918,0.023211240768432617
DUP_G,53,tubes/test/anomalous/053.png,1,abnormal_normal,32x32,6,1012,0.00826914433027312,5.71360811591149e-05,0.0022971369326114655,0.005905110621824861,0.01132966484874487,0.024829659983515738,0.0,0.06776903569698334
DUP_G,53,tubes/test/anomalous/053.png,1,defect,32x32,6,12,0.00932413712143898,0.0,0.001376759260892868,0.007942497730255127,0.01789902150630951,0.020940764248371123,0.0,0.02282610535621643
DUP_G,53,tubes/test/anomalous/053.png,1,clean_defect,32x32,6,6,0.005029107133547465,0.0,0.00036168843507766724,0.0017245560884475708,0.006672844290733337,0.015929311513900757,0.0,0.01849585771560669
DUP_G,53,tubes/test/anomalous/053.png,1,boundary,32x32,6,6,0.013619167109330496,0.0027889125049114227,0.008983619511127472,0.015334293246269226,0.01897367835044861,0.021969132125377655,0.0011667758226394653,0.02282610535621643
DUP_G,54,tubes/test/anomalous/054.png,1,abnormal_normal,32x32,10,1010,0.007650368821595122,0.0,0.0016840025782585144,0.0051841167733073235,0.01081095077097416,0.023529173806309697,0.0,0.06914886832237244
DUP_G,54,tubes/test/anomalous/054.png,1,defect,32x32,10,14,0.008798985608986445,0.0007114008069038392,0.0026375427842140198,0.007381826639175415,0.009427128359675407,0.02558592110872268,0.0005529224872589111,0.03237143158912659
DUP_G,54,tubes/test/anomalous/054.png,1,clean_defect,32x32,10,4,0.004393048584461212,0.0009789958596229554,0.0017080381512641907,0.00468561053276062,0.007370620965957642,0.007397514581680298,0.0007967352867126465,0.007404237985610962
DUP_G,54,tubes/test/anomalous/054.png,1,boundary,32x32,10,10,0.01056136041879654,0.0009251024574041366,0.004722535610198975,0.008924629539251328,0.011463195085525513,0.027673770487308492,0.0005529224872589111,0.03237143158912659
DUP_G,55,tubes/test/anomalous/055.png,1,abnormal_normal,32x32,14,995,0.007608339492811929,0.00043649785220623027,0.002116682007908821,0.005546465516090393,0.010818412527441978,0.021742633730173107,0.0,0.04546988382935524
DUP_G,55,tubes/test/anomalous/055.png,1,defect,32x32,14,29,0.01347706877979739,0.0009807169437408448,0.00511518120765686,0.013368964195251465,0.020857155323028564,0.02412987947463989,4.589557647705078e-05,0.02955794334411621
DUP_G,55,tubes/test/anomalous/055.png,1,clean_defect,32x32,14,15,0.01603614687919617,0.003595592081546784,0.011408612132072449,0.016926735639572144,0.0218430757522583,0.02619913816452026,0.0010728687047958374,0.02955794334411621
DUP_G,55,tubes/test/anomalous/055.png,1,boundary,32x32,14,14,0.010735199387584413,0.0006135970354080201,0.0046295057982206345,0.009106695652008057,0.018805675208568573,0.021803395077586173,4.589557647705078e-05,0.02204945683479309
DUP_G,56,tubes/test/anomalous/056.png,1,abnormal_normal,32x32,10,1004,0.008103998492479295,0.00019853124395012857,0.0021235099993646145,0.0054709091782569885,0.010784797370433807,0.024027601815760104,0.0,0.10044524073600769
DUP_G,56,tubes/test/anomalous/056.png,1,defect,32x32,10,20,0.010522368922829628,0.002408779785037041,0.00507386215031147,0.01011807844042778,0.014013178646564484,0.023221065476536754,0.0023188814520835876,0.026180773973464966
DUP_G,56,tubes/test/anomalous/056.png,1,clean_defect,32x32,10,10,0.013092370331287384,0.008754301443696022,0.010795313864946365,0.011871933937072754,0.014572106301784515,0.02001527436077594,0.008185938000679016,0.023065291345119476
DUP_G,56,tubes/test/anomalous/056.png,1,boundary,32x32,10,10,0.007952367514371872,0.002361464872956276,0.004417033866047859,0.004989888519048691,0.0075050778687000275,0.021355077624320973,0.0023188814520835876,0.026180773973464966
DUP_G,57,tubes/test/anomalous/057.png,1,abnormal_normal,32x32,10,1006,0.008273461310537328,0.00023758411407470703,0.0024507688358426094,0.006067173555493355,0.011292573995888233,0.025128046981990337,0.0,0.060720063745975494
DUP_G,57,tubes/test/anomalous/057.png,1,defect,32x32,10,18,0.016330747140778437,0.0031288385391235354,0.011409781873226166,0.016635477542877197,0.020827870815992355,0.029270103573799132,0.001927495002746582,0.03018808364868164
DUP_G,57,tubes/test/anomalous/057.png,1,clean_defect,32x32,10,8,0.01767020672559738,0.011724410951137543,0.014454223215579987,0.01500721275806427,0.02101990580558777,0.026981380581855768,0.010455012321472168,0.03018808364868164
DUP_G,57,tubes/test/anomalous/057.png,1,boundary,32x32,10,10,0.015259179472923278,0.0025635004043579102,0.009278051555156708,0.01872352510690689,0.020322807133197784,0.025441239029169074,0.001927495002746582,0.029108107089996338
DUP_G,58,tubes/test/anomalous/058.png,1,abnormal_normal,32x32,19,988,0.007925366811729546,0.000292360782623291,0.0021219905465841293,0.005624713376164436,0.010921342298388481,0.023491047322750088,0.0,0.07379429787397385
DUP_G,58,tubes/test/anomalous/058.png,1,defect,32x32,19,36,0.009664944269590907,0.0013972967863082886,0.005654480308294296,0.009454581886529922,0.013853039592504501,0.019345106557011604,0.0,0.02752174437046051
DUP_G,58,tubes/test/anomalous/058.png,1,clean_defect,32x32,19,17,0.009572633925606222,0.0,0.0041114091873168945,0.007986202836036682,0.013928353786468506,0.02415526211261749,0.0,0.02752174437046051
DUP_G,58,tubes/test/anomalous/058.png,1,boundary,32x32,19,19,0.009747537735261415,0.0019956842064857484,0.006728183478116989,0.010791145265102386,0.013067509979009628,0.015037781000137323,0.0018630623817443848,0.018022261559963226
DUP_G,59,tubes/test/anomalous/059.png,1,abnormal_normal,32x32,8,1006,0.0077208216222480796,0.00033969152718782425,0.002403399907052517,0.005720864981412888,0.010897484607994556,0.021557158790528774,0.0,0.05685886740684509
DUP_G,59,tubes/test/anomalous/059.png,1,defect,32x32,8,18,0.010994078798426522,0.004039767757058144,0.005990289151668549,0.00860626995563507,0.014500295743346214,0.022977384179830543,0.002564452588558197,0.027527019381523132
DUP_G,59,tubes/test/anomalous/059.png,1,clean_defect,32x32,8,10,0.010528100281953811,0.005808156356215477,0.005990289151668549,0.009578220546245575,0.013121776282787323,0.019150162488222114,0.005784220993518829,0.02217450737953186
DUP_G,59,tubes/test/anomalous/059.png,1,boundary,32x32,8,8,0.01157655194401741,0.0031719353049993516,0.006920278072357178,0.008510172367095947,0.0157002005726099,0.024441000819206235,0.002564452588558197,0.027527019381523132
DUP_G,60,tubes/test/anomalous/060.png,1,abnormal_normal,32x32,17,989,0.008266750816349975,0.00044052600860595704,0.00240933895111084,0.00587804988026619,0.011140543967485428,0.024615256488323207,0.0,0.0633990615606308
DUP_G,60,tubes/test/anomalous/060.png,1,defect,32x32,17,35,0.008197061504636493,0.001000223308801651,0.0036705881357192993,0.005837231874465942,0.010507188737392426,0.021835119277238843,0.0006045252084732056,0.037454746663570404
DUP_G,60,tubes/test/anomalous/060.png,1,clean_defect,32x32,17,18,0.007801607665088441,0.001171986386179924,0.004879117012023926,0.006637066602706909,0.01012365147471428,0.01592710465192794,0.0007022619247436523,0.020506948232650757
DUP_G,60,tubes/test/anomalous/060.png,1,boundary,32x32,17,17,0.008615777334746192,0.0010232418775558473,0.002681538462638855,0.004006087779998779,0.011072665452957153,0.02523131817579268,0.0006045252084732056,0.037454746663570404
DUP_G,61,tubes/test/anomalous/061.png,1,abnormal_normal,32x32,9,1007,0.00808277802889595,0.00046167075634002687,0.0024540312588214874,0.005520083010196686,0.01084398478269577,0.024581100791692723,0.0,0.08274117857217789
DUP_G,61,tubes/test/anomalous/061.png,1,defect,32x32,9,17,0.011522372417590198,0.0024902850389480593,0.007823795080184937,0.010012835264205933,0.017005763947963715,0.022322866320610046,0.002209886908531189,0.02254529297351837
DUP_G,61,tubes/test/anomalous/061.png,1,clean_defect,32x32,9,8,0.013262922875583172,0.008005875349044799,0.008960451930761337,0.009965382516384125,0.01758655346930027,0.022447981312870978,0.007823795080184937,0.02254529297351837
DUP_G,61,tubes/test/anomalous/061.png,1,boundary,32x32,9,9,0.009975216454929776,0.002350085973739624,0.0033210888504981995,0.01067836582660675,0.017005763947963715,0.018234972655773164,0.002209886908531189,0.01878846436738968
DUP_G,62,tubes/test/anomalous/062.png,1,abnormal_normal,32x32,21,985,0.00818217521164623,0.0003207683563232422,0.0023195743560791016,0.0055590420961380005,0.011510275304317474,0.025456565618515014,0.0,0.06026493012905121
DUP_G,62,tubes/test/anomalous/062.png,1,defect,32x32,21,39,0.008793289844806377,0.00033421367406845094,0.004340380430221558,0.007524043321609497,0.012124866247177124,0.016325071454048157,0.0,0.032872721552848816
DUP_G,62,tubes/test/anomalous/062.png,1,clean_defect,32x32,21,18,0.008686112860838572,0.0025962486863136294,0.005794588476419449,0.007291808724403381,0.01218392699956894,0.015193939954042432,0.0020594894886016846,0.016660749912261963
DUP_G,62,tubes/test/anomalous/062.png,1,boundary,32x32,21,21,0.008885155831064497,0.00018262863159179688,0.0037018656730651855,0.007528826594352722,0.011866569519042969,0.016287773847579956,0.0,0.032872721552848816
DUP_G,63,tubes/test/anomalous/063.png,1,abnormal_normal,32x32,17,983,0.00834587595301433,0.00031312480568885804,0.002417098730802536,0.0056438446044921875,0.011324822902679443,0.024804473668336866,0.0,0.07631722837686539
DUP_G,63,tubes/test/anomalous/063.png,1,defect,32x32,17,41,0.010137669742107391,0.0016398131847381592,0.004270613193511963,0.00918605923652649,0.014640629291534424,0.02243480086326599,0.0,0.02521917223930359
DUP_G,63,tubes/test/anomalous/063.png,1,clean_defect,32x32,17,24,0.011038130770126978,0.0016877800226211548,0.004597119987010956,0.009443938732147217,0.01680760830640793,0.024491642415523523,0.0,0.02521917223930359
DUP_G,63,tubes/test/anomalous/063.png,1,boundary,32x32,17,17,0.008866430643726797,0.0022350430488586428,0.004270613193511963,0.008127525448799133,0.01161995530128479,0.018657922744750973,0.00036466121673583984,0.02243480086326599
DUP_G,64,tubes/test/anomalous/064.png,1,abnormal_normal,32x32,22,983,0.008560100353359874,0.0003473915159702301,0.0025173909962177277,0.006213448941707611,0.011719424277544022,0.025751629471778868,0.0,0.05437391996383667
DUP_G,64,tubes/test/anomalous/064.png,1,defect,32x32,22,41,0.013802234355996295,0.0019363611936569214,0.006421983242034912,0.010427266359329224,0.01660887897014618,0.03207007050514221,0.0006074905395507812,0.057054996490478516
DUP_G,64,tubes/test/anomalous/064.png,1,clean_defect,32x32,22,19,0.01627361264668013,0.002655293792486191,0.007887572050094604,0.01423373818397522,0.019983768463134766,0.034456008672714186,0.0019363611936569214,0.05592945218086243
DUP_G,64,tubes/test/anomalous/064.png,1,boundary,32x32,22,22,0.011667862195860256,0.0011679850518703462,0.005928328260779381,0.008843455463647842,0.01456158421933651,0.02526685036718845,0.0006074905395507812,0.057054996490478516
DUP_G,65,tubes/test/anomalous/065.png,1,abnormal_normal,32x32,30,963,0.008572859860287432,0.0005546968430280685,0.0025770862121134996,0.00585734099149704,0.011722415685653687,0.025459216162562366,0.0,0.06751428544521332
DUP_G,65,tubes/test/anomalous/065.png,1,defect,32x32,30,61,0.015135704616054159,0.0019230097532272339,0.005357593297958374,0.010308325290679932,0.01635207235813141,0.050860464572906494,0.000723324716091156,0.05964255332946777
DUP_G,65,tubes/test/anomalous/065.png,1,clean_defect,32x32,30,31,0.01966399819620194,0.0040225014090538025,0.007568422704935074,0.012463748455047607,0.03184518218040466,0.051343321800231934,0.0019569844007492065,0.05964255332946777
DUP_G,65,tubes/test/anomalous/065.png,1,boundary,32x32,30,30,0.01045646791656812,0.0009891197085380554,0.003925129771232605,0.008910141885280609,0.013908686116337776,0.020524460077285766,0.000723324716091156,0.05758838355541229
DUP_G,66,tubes/test/anomalous/066.png,1,abnormal_normal,32x32,26,968,0.007959242615741024,0.0005250895395874978,0.0025321361608803272,0.005658332258462906,0.01048173289746046,0.0242502637207508,0.0,0.05942860245704651
DUP_G,66,tubes/test/anomalous/066.png,1,defect,32x32,26,56,0.013322242934788977,0.002516642212867737,0.00637059286236763,0.011202365159988403,0.016957692801952362,0.02797529101371765,0.0,0.06873658299446106
DUP_G,66,tubes/test/anomalous/066.png,1,clean_defect,32x32,26,30,0.013411052525043488,0.0052857656031847,0.00852600485086441,0.013237938284873962,0.01671937108039856,0.02218682765960693,0.0026099681854248047,0.03333595395088196
DUP_G,66,tubes/test/anomalous/066.png,1,boundary,32x32,26,26,0.013219770330649156,0.0021680891513824463,0.004276502877473831,0.008656114339828491,0.017237398773431778,0.035536158829927444,0.0,0.06873658299446106
DUP_G,67,tubes/test/anomalous/067.png,1,abnormal_normal,32x32,20,983,0.008603036337335985,0.0006317105144262314,0.0025845393538475037,0.005931757390499115,0.011731235310435295,0.025428501516580573,0.0,0.07861308753490448
DUP_G,67,tubes/test/anomalous/067.png,1,defect,32x32,20,41,0.013725059970123013,0.001080632209777832,0.00484466552734375,0.0093461275100708,0.01830403506755829,0.03325268626213074,0.0,0.07299841940402985
DUP_G,67,tubes/test/anomalous/067.png,1,clean_defect,32x32,20,21,0.014718554559208098,0.001080632209777832,0.00503772497177124,0.010924458503723145,0.02092227339744568,0.03325268626213074,0.0,0.048827946186065674
DUP_G,67,tubes/test/anomalous/067.png,1,boundary,32x32,20,20,0.012681890651583672,0.0014530349522829057,0.004490310326218605,0.008498970419168472,0.013231441378593445,0.028999693691730534,0.0006884709000587463,0.07299841940402985
DUP_G,68,tubes/test/anomalous/068.png,1,abnormal_normal,32x32,31,960,0.008927590301027521,0.0005307260900735857,0.0028316080570220947,0.00627470389008522,0.012363876216113567,0.026443305239081377,0.0,0.05510343611240387
DUP_G,68,tubes/test/anomalous/068.png,1,defect,32x32,31,64,0.00961917801760137,0.0016176842153072359,0.004684712737798691,0.007615417242050171,0.011882824823260307,0.026338590681552875,0.0003606081008911133,0.029353976249694824
DUP_G,68,tubes/test/anomalous/068.png,1,clean_defect,32x32,31,33,0.01122877137227492,0.00277133584022522,0.006005764007568359,0.008875370025634766,0.015071660280227661,0.027716892957687374,0.002189338207244873,0.029353976249694824
DUP_G,68,tubes/test/anomalous/068.png,1,boundary,32x32,31,31,0.00790573993036824,0.001112561672925949,0.0039406418800354,0.006919935345649719,0.009988807141780853,0.021821781992912292,0.0003606081008911133,0.02662074565887451
DUP_G,69,tubes/test/good/000.png,0,normal_image,32x32,0,1024,0.0065255142535534105,0.0,0.001360550057142973,0.0042772069573402405,0.009248792193830013,0.020626693405210943,0.0,0.05906890332698822
DUP_G,70,tubes/test/good/001.png,0,normal_image,32x32,0,1024,0.007903534531124023,0.0,0.0017558196559548378,0.005144207738339901,0.010708296671509743,0.02523818351328373,0.0,0.06521078944206238
DUP_G,71,tubes/test/good/002.png,0,normal_image,32x32,0,1024,0.007760157203392737,3.1064031645655646e-05,0.0018726768903434277,0.0053256358951330185,0.010833193082362413,0.023922806419432154,0.0,0.051089681684970856
DUP_G,72,tubes/test/good/003.png,0,normal_image,32x32,0,1024,0.0069921462911679555,0.0,0.0015097176656126976,0.004411768168210983,0.010047869756817818,0.022244684025645223,0.0,0.054216865450143814
DUP_G,73,tubes/test/good/004.png,0,normal_image,32x32,0,1024,0.006808089430478503,0.0,0.0010715024545788765,0.004434030503034592,0.009540761820971966,0.022704911604523623,0.0,0.08152846992015839
DUP_G,74,tubes/test/good/005.png,0,normal_image,32x32,0,1024,0.0069021037215861725,0.0,0.0015863431617617607,0.004344591870903969,0.009560353122651577,0.022933443821966618,0.0,0.07500024139881134
DUP_G,75,tubes/test/good/006.png,0,normal_image,32x32,0,1024,0.007267191983601151,0.0,0.001521407626569271,0.004743238911032677,0.010050099343061447,0.02353931479156017,0.0,0.06962118297815323
DUP_G,76,tubes/test/good/007.png,0,normal_image,32x32,0,1024,0.006806453654917277,0.0,0.0016835825517773628,0.004402885213494301,0.009376370813697577,0.021247864514589293,0.0,0.07078254967927933
DUP_G,77,tubes/test/good/008.png,0,normal_image,32x32,0,1024,0.006896274386690493,0.0,0.0015308363363146782,0.004451821558177471,0.009214084595441818,0.02231300733983516,0.0,0.07975927740335464
DUP_G,78,tubes/test/good/009.png,0,normal_image,32x32,0,1024,0.006427373333508513,0.0,0.001168609131127596,0.004322700202465057,0.008931114803999662,0.02023447193205356,0.0,0.07019968330860138
DUP_G,79,tubes/test/good/010.png,0,normal_image,32x32,0,1024,0.006912112493864697,0.0,0.0013760467991232872,0.004243603907525539,0.009495198726654053,0.02291770782321691,0.0,0.08200100809335709
DUP_G,80,tubes/test/good/011.png,0,normal_image,32x32,0,1024,0.007701726515733753,0.0001780692487955094,0.002150820568203926,0.005525072105228901,0.01054567564278841,0.02219011858105658,0.0,0.06136014312505722
DUP_G,81,tubes/test/good/012.png,0,normal_image,32x32,0,1024,0.007425490327022999,0.0,0.0015307851135730743,0.004793286323547363,0.010180464945733547,0.02492695227265356,0.0,0.072604700922966
DUP_G,82,tubes/test/good/013.png,0,normal_image,32x32,0,1024,0.008237077257035708,8.857566863298418e-05,0.0019246786832809448,0.005464155226945877,0.011415480636060238,0.025425411015748973,0.0,0.07419651001691818
DUP_G,83,tubes/test/good/014.png,0,normal_image,32x32,0,1024,0.007722148860921152,0.0,0.001964542083442211,0.005016396287828684,0.010702023282647133,0.023497754242271178,0.0,0.07091124355792999
DUP_G,84,tubes/test/good/015.png,0,normal_image,32x32,0,1024,0.007560585594092117,9.50751826167107e-05,0.002080298028886318,0.005433758720755577,0.010262444149702787,0.023172901198267922,0.0,0.06881895661354065
DUP_G,85,tubes/test/good/016.png,0,normal_image,32x32,0,1024,0.007053315230677981,0.0,0.0018021115101873875,0.004701169207692146,0.009676259942352772,0.022560890577733507,0.0,0.07295779883861542
DUP_G,86,tubes/test/good/017.png,0,normal_image,32x32,0,1024,0.0071119896442723984,0.0,0.001555148744955659,0.0045216381549835205,0.009925599209964275,0.022747077606618375,0.0,0.061394453048706055
DUP_G,87,tubes/test/good/018.png,0,normal_image,32x32,0,1024,0.0070309046757301985,0.0,0.001623629592359066,0.004793219268321991,0.00995593098923564,0.02156557869166134,0.0,0.06433121860027313
DUP_G,88,tubes/test/good/019.png,0,normal_image,32x32,0,1024,0.007143792929127812,0.0,0.0013493727892637253,0.004545778036117554,0.009929553605616093,0.022951116971671563,0.0,0.06909732520580292
DUP_G,89,tubes/test/good/020.png,0,normal_image,32x32,0,1024,0.006847982099316141,0.0,0.0013815183192491531,0.0043283309787511826,0.009511634707450867,0.022282385081052777,0.0,0.05871760472655296
DUP_G,90,tubes/test/good/021.png,0,normal_image,32x32,0,1024,0.007001073117635315,0.0,0.0014382600784301758,0.00446839164942503,0.009357078932225704,0.02385781798511742,0.0,0.05410172790288925
DUP_G,91,tubes/test/good/022.png,0,normal_image,32x32,0,1024,0.007057905672809284,0.0,0.0018022209405899048,0.004479310475289822,0.009920837357640266,0.022863654233515253,0.0,0.05578009784221649
DUP_G,92,tubes/test/good/023.png,0,normal_image,32x32,0,1024,0.007060400496357033,0.0,0.0016357339918613434,0.00429191067814827,0.009978193789720535,0.02363403048366307,0.0,0.06897107511758804
DUP_G,93,tubes/test/good/024.png,0,normal_image,32x32,0,1024,0.006688470218250586,0.0,0.0015060687437653542,0.004102606326341629,0.00925151677802205,0.021961605548858627,0.0,0.05561999976634979
DUP_G,94,tubes/test/good/025.png,0,normal_image,32x32,0,1024,0.007337325689604768,0.0,0.0014834413304924965,0.004510810598731041,0.010669982992112637,0.024358556978404472,0.0,0.057583969086408615
DUP_G,95,tubes/test/good/026.png,0,normal_image,32x32,0,1024,0.007061921276545036,0.0,0.0014987429603934288,0.00462043471634388,0.009820086881518364,0.023162610083818428,0.0,0.06879764795303345
DUP_G,96,tubes/test/good/027.png,0,normal_image,32x32,0,1024,0.007155930423323298,0.0,0.0015287883579730988,0.004601766355335712,0.00986761599779129,0.0238781191408634,0.0,0.05716489255428314
DUP_G,97,tubes/test/good/028.png,0,normal_image,32x32,0,1024,0.007308559389457514,0.0,0.0015824157744646072,0.004772292450070381,0.010069390758872032,0.02256321562454104,0.0,0.07350584864616394
DUP_G,98,tubes/test/good/029.png,0,normal_image,32x32,0,1024,0.007104341361127808,0.0,0.0014959797263145447,0.004574418067932129,0.009646834805607796,0.024665011279284915,0.0,0.057968080043792725
DUP_G,99,tubes/test/good/030.png,0,normal_image,32x32,0,1024,0.007421170735597116,0.0,0.0013525495305657387,0.004750581458210945,0.010125145316123962,0.024938583001494406,0.0,0.07726562768220901
DUP_G,100,tubes/test/good/031.png,0,normal_image,32x32,0,1024,0.006719581245306472,0.0,0.001232475508004427,0.004462011158466339,0.009591109119355679,0.02110122349113226,0.0,0.054006580263376236
TRI_G,0,tubes/test/anomalous/000.png,1,abnormal_normal,32x32,10,1000,0.012684287765063345,0.0008412851020693779,0.00515765231102705,0.010267101228237152,0.017630193382501602,0.03364367950707674,0.0,0.06684094667434692
TRI_G,0,tubes/test/anomalous/000.png,1,defect,32x32,10,24,0.01988495948414008,0.008192729949951173,0.01485445350408554,0.021128632128238678,0.023164808750152588,0.028591305762529374,0.004511162638664246,0.0389198362827301
TRI_G,0,tubes/test/anomalous/000.png,1,clean_defect,32x32,10,14,0.01985027002436774,0.013962110877037049,0.015962451696395874,0.019799359142780304,0.022946089506149292,0.02747504413127899,0.01364406943321228,0.02864256501197815
TRI_G,0,tubes/test/anomalous/000.png,1,boundary,32x32,10,10,0.01993352472782135,0.005734967440366745,0.014374785125255585,0.021593913435935974,0.024328552186489105,0.034141286462545384,0.004511162638664246,0.0389198362827301
TRI_G,1,tubes/test/anomalous/001.png,1,abnormal_normal,32x32,10,1002,0.012206429207582256,0.0005824208259582519,0.00466045131906867,0.009794594720005989,0.016950937919318676,0.03228076286613939,0.0,0.08275210112333298
TRI_G,1,tubes/test/anomalous/001.png,1,defect,32x32,10,22,0.02103276720101183,0.008939218521118165,0.015401540324091911,0.01846352219581604,0.025639332830905914,0.036868042871356005,0.006565660238265991,0.05956006050109863
TRI_G,1,tubes/test/anomalous/001.png,1,clean_defect,32x32,10,12,0.019505325704813004,0.00850532203912735,0.016543928533792496,0.01846352219581604,0.02645302563905716,0.027764949202537536,0.006565660238265991,0.02872544527053833
TRI_G,1,tubes/test/anomalous/001.png,1,boundary,32x32,10,10,0.022865696996450424,0.01044587790966034,0.01449350081384182,0.01802929863333702,0.022798500955104828,0.04954150356352327,0.008878529071807861,0.05956006050109863
TRI_G,2,tubes/test/anomalous/002.png,1,abnormal_normal,32x32,9,1002,0.011776156469755722,0.00032608024775981903,0.004545018542557955,0.009981684386730194,0.01685238443315029,0.029164100624620905,0.0,0.061333466321229935
TRI_G,2,tubes/test/anomalous/002.png,1,defect,32x32,9,22,0.0172730665653944,0.0056851465255022045,0.009930736385285854,0.017234116792678833,0.0243929922580719,0.02985166124999523,0.0051196664571762085,0.03282290697097778
TRI_G,2,tubes/test/anomalous/002.png,1,clean_defect,32x32,9,13,0.018612608313560486,0.007383477687835694,0.011370092630386353,0.018793702125549316,0.027077972888946533,0.031070101261138912,0.0051196664571762085,0.03282290697097778
TRI_G,2,tubes/test/anomalous/002.png,1,boundary,32x32,9,9,0.015338172929154502,0.006237481534481048,0.008306175470352173,0.009953275322914124,0.023313313722610474,0.02724325805902481,0.005606241524219513,0.028903506696224213
TRI_G,3,tubes/test/anomalous/003.png,1,abnormal_normal,32x32,9,1002,0.01220516402073606,0.0005434031598269941,0.004634156823158264,0.009679330512881279,0.017239348962903023,0.03174193724989889,0.0,0.07328300923109055
TRI_G,3,tubes/test/anomalous/003.png,1,defect,32x32,9,22,0.016334649006074124,0.006616145372390747,0.010652655735611916,0.014728531241416931,0.019517533481121063,0.02851070463657379,0.0038405656814575195,0.03039368987083435
TRI_G,3,tubes/test/anomalous/003.png,1,clean_defect,32x32,9,13,0.01808677613735199,0.005446046590805054,0.012902602553367615,0.018867135047912598,0.0270024836063385,0.028883552551269526,0.0038405656814575195,0.03039368987083435
TRI_G,3,tubes/test/anomalous/003.png,1,boundary,32x32,9,9,0.013803798705339432,0.008845922350883485,0.010590091347694397,0.011337056756019592,0.015361964702606201,0.024278849363327023,0.008511930704116821,0.028544068336486816
TRI_G,4,tubes/test/anomalous/004.png,1,abnormal_normal,32x32,9,1003,0.01272502554170156,0.0006080560386180877,0.004507054574787617,0.009912453591823578,0.017489793710410595,0.0338138896971941,0.0,0.09576430916786194
TRI_G,4,tubes/test/anomalous/004.png,1,defect,32x32,9,21,0.01691087264390219,0.00787719339132309,0.010178923606872559,0.015220113098621368,0.022347241640090942,0.02860608696937561,0.007003962993621826,0.03502857685089111
TRI_G,4,tubes/test/anomalous/004.png,1,clean_defect,32x32,9,12,0.018763451526562374,0.00844751000404358,0.013077694922685623,0.018595486879348755,0.02309241145849228,0.030281957983970636,0.007003962993621826,0.03502857685089111
TRI_G,4,tubes/test/anomalous/004.png,1,boundary,32x32,9,9,0.014440767467021942,0.008169950544834137,0.009562619030475616,0.010793067514896393,0.01668408513069153,0.026137945055961606,0.00787719339132309,0.02860608696937561
TRI_G,5,tubes/test/anomalous/005.png,1,abnormal_normal,32x32,8,1003,0.01162872998952004,0.0003243431448936463,0.004630636423826218,0.009052995592355728,0.016492631286382675,0.030484554544091224,0.0,0.06726518273353577
TRI_G,5,tubes/test/anomalous/005.png,1,defect,32x32,8,21,0.015502660757019407,0.007341742515563965,0.010075151920318604,0.014344096183776855,0.01942356675863266,0.027164503931999207,0.006461977958679199,0.027740612626075745
TRI_G,5,tubes/test/anomalous/005.png,1,clean_defect,32x32,8,13,0.012773439861260928,0.006989836692810059,0.00920480489730835,0.011047959327697754,0.016134224832057953,0.019847708940505977,0.006461977958679199,0.02155129611492157
TRI_G,5,tubes/test/anomalous/005.png,1,boundary,32x32,8,8,0.019937644712626934,0.009724359959363937,0.01342182606458664,0.02237219363451004,0.026013104245066643,0.027538974583148957,0.00922323763370514,0.027740612626075745
TRI_G,6,tubes/test/anomalous/006.png,1,abnormal_normal,32x32,4,1008,0.012148078181780875,0.0009739278815686703,0.004733057226985693,0.009668965823948383,0.016634804662317038,0.03248707391321659,0.0,0.06948260962963104
TRI_G,6,tubes/test/anomalous/006.png,1,defect,32x32,4,16,0.02629336970858276,0.007812726311385632,0.015675701200962067,0.023166775703430176,0.0310477577149868,0.05945892632007599,0.004456128925085068,0.07724300026893616
TRI_G,6,tubes/test/anomalous/006.png,1,clean_defect,32x32,4,12,0.02734316388765971,0.009357208013534546,0.015675701200962067,0.02135932445526123,0.029256671667099,0.06420134603977201,0.008931592106819153,0.07724300026893616
TRI_G,6,tubes/test/anomalous/006.png,1,boundary,32x32,4,4,0.02314398717135191,0.0071619777008891106,0.017985372804105282,0.025889143347740173,0.0310477577149868,0.03528277799487114,0.004456128925085068,0.036341533064842224
TRI_G,7,tubes/test/anomalous/007.png,1,abnormal_normal,32x32,9,1003,0.012211203257574636,0.000672505795955658,0.004502378404140472,0.009647365659475327,0.016643308103084564,0.03353037312626838,0.0,0.08164170384407043
TRI_G,7,tubes/test/anomalous/007.png,1,defect,32x32,9,21,0.019311357466947465,0.011353179812431335,0.012428522109985352,0.016075700521469116,0.024959325790405273,0.03186151385307312,0.010715693235397339,0.053331077098846436
TRI_G,7,tubes/test/anomalous/007.png,1,clean_defect,32x32,9,12,0.020257246990998585,0.01113085150718689,0.012363582849502563,0.016384471207857132,0.020640814676880836,0.04152281731367109,0.010715693235397339,0.053331077098846436
TRI_G,7,tubes/test/anomalous/007.png,1,boundary,32x32,9,9,0.018050171434879303,0.011469176411628723,0.012602157890796661,0.013940975069999695,0.024959325790405273,0.028372347354888916,0.011353179812431335,0.02945694327354431
TRI_G,8,tubes/test/anomalous/008.png,1,abnormal_normal,32x32,8,1005,0.010472963849054788,0.0004881184548139572,0.003993453457951546,0.008266590535640717,0.014568254351615906,0.028746253252029418,0.0,0.049593694508075714
TRI_G,8,tubes/test/anomalous/008.png,1,defect,32x32,8,19,0.01851278112122887,0.005553679168224334,0.010161712765693665,0.015596747398376465,0.027337849140167236,0.037448620051145555,0.004546523094177246,0.0380951464176178
TRI_G,8,tubes/test/anomalous/008.png,1,clean_defect,32x32,8,11,0.021126639436591755,0.007752463221549988,0.010578013956546783,0.020697355270385742,0.03137098252773285,0.037735965102910995,0.005665585398674011,0.0380951464176178
TRI_G,8,tubes/test/anomalous/008.png,1,boundary,32x32,8,8,0.014918725937604904,0.005450264364480972,0.008471111766994,0.011816540732979774,0.021416395902633667,0.028242064267396925,0.004546523094177246,0.030351899564266205
TRI_G,9,tubes/test/anomalous/009.png,1,abnormal_normal,32x32,10,1003,0.011605280962171904,0.0006811868399381638,0.004080398008227348,0.009293079376220703,0.016278368420898914,0.03189483545720577,0.0,0.10483221709728241
TRI_G,9,tubes/test/anomalous/009.png,1,defect,32x32,10,21,0.024117496396814073,0.013029657304286957,0.019029758870601654,0.022311747074127197,0.028433293104171753,0.03901307284832001,0.004037834703922272,0.043003737926483154
TRI_G,9,tubes/test/anomalous/009.png,1,clean_defect,32x32,10,11,0.025097142566334118,0.015777453780174255,0.02022998034954071,0.0247829407453537,0.02837453782558441,0.03688489645719528,0.015174895524978638,0.043003737926483154
TRI_G,9,tubes/test/anomalous/009.png,1,boundary,32x32,10,10,0.023039885610342026,0.00808415487408638,0.018181554973125458,0.020649254322052002,0.03134561702609062,0.03818322084844112,0.004037834703922272,0.03901307284832001
TRI_G,10,tubes/test/anomalous/010.png,1,abnormal_normal,32x32,8,1004,0.012104892994711302,0.0006327330134809018,0.004670442081987858,0.009823009371757507,0.01660591270774603,0.03120623733848333,0.0,0.06505189090967178
TRI_G,10,tubes/test/anomalous/010.png,1,defect,32x32,8,20,0.019770826399326324,0.004558583348989486,0.008502250537276268,0.017536170780658722,0.02776327356696129,0.0381417103111744,0.0032914280891418457,0.04848355054855347
TRI_G,10,tubes/test/anomalous/010.png,1,clean_defect,32x32,8,12,0.024494874601562817,0.00792807973921299,0.01712667942047119,0.022514112293720245,0.03213632106781006,0.04249616935849189,0.006728127598762512,0.04848355054855347
TRI_G,10,tubes/test/anomalous/010.png,1,boundary,32x32,8,8,0.012684754095971584,0.0037582747638225554,0.00483320839703083,0.009243525564670563,0.016572054475545883,0.02975603863596915,0.0032914280891418457,0.036130428314208984
TRI_G,11,tubes/test/anomalous/011.png,1,abnormal_normal,32x32,8,1004,0.012429137146044746,0.000854355562478304,0.004895349498838186,0.009761136025190353,0.017736033536493778,0.03191899489611386,0.0,0.07522649317979813
TRI_G,11,tubes/test/anomalous/011.png,1,defect,32x32,8,20,0.03174162209033966,0.008494093269109725,0.012312360107898712,0.022800497710704803,0.03846525214612484,0.07972892075777054,0.006829604506492615,0.08364486694335938
TRI_G,11,tubes/test/anomalous/011.png,1,clean_defect,32x32,8,12,0.03880178680022558,0.008595526963472367,0.012312360107898712,0.021920301020145416,0.07062362879514694,0.08137774020433426,0.006829604506492615,0.08364486694335938
TRI_G,11,tubes/test/anomalous/011.png,1,boundary,32x32,8,8,0.021151375025510788,0.00887630581855774,0.014174772426486015,0.022800497710704803,0.0287446528673172,0.031055878475308416,0.008581697940826416,0.03206253796815872
TRI_G,12,tubes/test/anomalous/012.png,1,abnormal_normal,32x32,9,1003,0.011123508159238344,0.0002130981534719468,0.0036991052329540253,0.00864056870341301,0.015454592183232307,0.03058073967695236,0.0,0.06976037472486496
TRI_G,12,tubes/test/anomalous/012.png,1,defect,32x32,9,21,0.023206805899029688,0.007402539253234863,0.011763274669647217,0.023084372282028198,0.03158092498779297,0.04199892282485962,0.005052894353866577,0.04987907409667969
TRI_G,12,tubes/test/anomalous/012.png,1,clean_defect,32x32,9,12,0.027063943445682526,0.006345199048519134,0.011517077684402466,0.029242083430290222,0.03815709799528122,0.045544990897178644,0.005052894353866577,0.04987907409667969
TRI_G,12,tubes/test/anomalous/012.png,1,boundary,32x32,9,9,0.0180639558368259,0.00997566431760788,0.013299889862537384,0.019259601831436157,0.023084372282028198,0.025081074237823485,0.008986510336399078,0.025246411561965942
TRI_G,13,tubes/test/anomalous/013.png,1,abnormal_normal,32x32,5,1015,0.011480372237601304,0.0005496414378285408,0.0038488819263875484,0.009005587548017502,0.01564547512680292,0.03109132535755633,0.0,0.10010920464992523
TRI_G,13,tubes/test/anomalous/013.png,1,defect,32x32,5,9,0.01861679885122511,0.00627284049987793,0.009301185607910156,0.011179067194461823,0.01780853420495987,0.048518714308738706,0.004983276128768921,0.05338369309902191
TRI_G,13,tubes/test/anomalous/013.png,1,clean_defect,32x32,5,4,0.018466828390955925,0.009633835777640343,0.010724587365984917,0.011642459779977798,0.019384700804948807,0.03685393705964087,0.0093611478805542,0.041221246123313904
TRI_G,13,tubes/test/anomalous/013.png,1,boundary,32x32,5,5,0.01873677521944046,0.005628058314323425,0.008207187056541443,0.009301185607910156,0.01780853420495987,0.0462686613202095,0.004983276128768921,0.05338369309902191
TRI_G,14,tubes/test/anomalous/014.png,1,abnormal_normal,32x32,5,1013,0.011914609526886227,0.0005988322198390961,0.0045072659850120544,0.00935375690460205,0.016449183225631714,0.030941893160343164,0.0,0.07618895173072815
TRI_G,14,tubes/test/anomalous/014.png,1,defect,32x32,5,11,0.017407527024095707,0.004971764981746674,0.009829152375459671,0.013525769114494324,0.022573448717594147,0.03566519543528557,0.003099203109741211,0.03774373233318329
TRI_G,14,tubes/test/anomalous/014.png,1,clean_defect,32x32,5,6,0.014036958416303,0.007557904347777367,0.009763894602656364,0.011742718517780304,0.017748404294252396,0.023567037656903267,0.006844326853752136,0.025037400424480438
TRI_G,14,tubes/test/anomalous/014.png,1,boundary,32x32,5,5,0.02145220935344696,0.005023753643035889,0.0127219557762146,0.020109497010707855,0.03358665853738785,0.0369123175740242,0.003099203109741211,0.03774373233318329
TRI_G,15,tubes/test/anomalous/015.png,1,abnormal_normal,32x32,8,1012,0.011609518315216063,0.0007623884826898575,0.0042245835065841675,0.009099453687667847,0.016582520678639412,0.030597552098333786,0.0,0.06915919482707977
TRI_G,15,tubes/test/anomalous/015.png,1,defect,32x32,8,12,0.0205635583649079,0.004504126682877541,0.00857841968536377,0.016144514083862305,0.02946643903851509,0.04664831720292567,0.0034914612770080566,0.05418923497200012
TRI_G,15,tubes/test/anomalous/015.png,1,clean_defect,32x32,8,4,0.010154874995350838,0.003767642751336098,0.004872368648648262,0.010381970554590225,0.0156644769012928,0.016224173456430437,0.0034914612770080566,0.016364097595214844
TRI_G,15,tubes/test/anomalous/015.png,1,boundary,32x32,8,8,0.025767900049686432,0.008044171333312988,0.014171779155731201,0.024670660495758057,0.032409776002168655,0.04939046911895274,0.007576704025268555,0.05418923497200012
TRI_G,16,tubes/test/anomalous/016.png,1,abnormal_normal,32x32,8,1012,0.011107933606304552,0.00044379057362675667,0.003740857820957899,0.008783092722296715,0.015409396030008793,0.03041487578302621,0.0,0.07883711904287338
TRI_G,16,tubes/test/anomalous/016.png,1,defect,32x32,8,12,0.013309786096215248,0.0031125981360673903,0.009446792304515839,0.013701241463422775,0.01661505363881588,0.023527397587895394,0.0018810927867889404,0.02385273575782776
TRI_G,16,tubes/test/anomalous/016.png,1,clean_defect,32x32,8,4,0.007399989292025566,0.0022169578820466994,0.003560418263077736,0.007179968059062958,0.011019539088010788,0.012891050428152083,0.0018810927867889404,0.013358928263187408
TRI_G,16,tubes/test/anomalous/016.png,1,boundary,32x32,8,8,0.01626468449831009,0.008759500831365586,0.013507908210158348,0.015563391149044037,0.019963514059782028,0.02364570237696171,0.007067941129207611,0.02385273575782776
TRI_G,17,tubes/test/anomalous/017.png,1,abnormal_normal,32x32,3,1015,0.011580944330582918,0.001130797527730465,0.004819772206246853,0.009413320571184158,0.016160626895725727,0.028714333102107047,0.0,0.06120198965072632
TRI_G,17,tubes/test/anomalous/017.png,1,defect,32x32,3,9,0.017031162977218628,0.008535534143447876,0.011829406023025513,0.016598545014858246,0.019495666027069092,0.029790046811103817,0.007545635104179382,0.034363314509391785
TRI_G,17,tubes/test/anomalous/017.png,1,clean_defect,32x32,3,6,0.014740228652954102,0.01047263853251934,0.012118993327021599,0.014793150126934052,0.017281848937273026,0.01899915374815464,0.010020382702350616,0.019495666027069092
TRI_G,17,tubes/test/anomalous/017.png,1,boundary,32x32,3,3,0.02161303162574768,0.009084086120128631,0.015237890183925629,0.022930145263671875,0.02864672988653183,0.03321999758481979,0.007545635104179382,0.034363314509391785
TRI_G,18,tubes/test/anomalous/018.png,1,abnormal_normal,32x32,3,1015,0.01184273002247138,0.00048698801547288897,0.0043122670613229275,0.009663145989179611,0.016540899872779846,0.031354730948805795,0.0,0.06866876780986786
TRI_G,18,tubes/test/anomalous/018.png,1,defect,32x32,3,9,0.0157944622139136,0.008230501413345337,0.008817993104457855,0.011598020792007446,0.018437642604112625,0.0310638353228569,0.007843062281608582,0.03511375933885574
TRI_G,18,tubes/test/anomalous/018.png,1,clean_defect,32x32,3,6,0.012204909697175026,0.008085211738944054,0.009098019450902939,0.010777559131383896,0.015335986390709877,0.01797372568398714,0.007843062281608582,0.018437642604112625
TRI_G,18,tubes/test/anomalous/018.png,1,boundary,32x32,3,3,0.022973567247390747,0.010435088723897933,0.01690347120165825,0.024988949298858643,0.030051354318857193,0.03410127833485603,0.008817993104457855,0.03511375933885574
TRI_G,19,tubes/test/anomalous/019.png,1,abnormal_normal,32x32,9,1004,0.013117275866345908,0.0013072247616946696,0.0056928060948848724,0.01081887073814869,0.01767977187409997,0.03352495096623896,0.0,0.07112825661897659
TRI_G,19,tubes/test/anomalous/019.png,1,defect,32x32,9,20,0.019336802139878272,0.007392580248415471,0.010007159784436226,0.018528398126363754,0.024436810053884983,0.034890485554933556,0.005463361740112305,0.04598429799079895
TRI_G,19,tubes/test/anomalous/019.png,1,clean_defect,32x32,9,11,0.020029493353583595,0.007877392694354057,0.010511752218008041,0.01845141500234604,0.024557804688811302,0.040145449340343475,0.0074941180646419525,0.04598429799079895
TRI_G,19,tubes/test/anomalous/019.png,1,boundary,32x32,9,9,0.018490179545349546,0.0071288377046585085,0.010032594203948975,0.019790083169937134,0.023405276238918304,0.0308267742395401,0.005463361740112305,0.031203672289848328
TRI_G,20,tubes/test/anomalous/020.png,1,abnormal_normal,32x32,8,1006,0.012071121616426034,0.001032728236168623,0.004780959337949753,0.009611877612769604,0.016511294059455395,0.030053481459617615,0.0,0.06752302497625351
TRI_G,20,tubes/test/anomalous/020.png,1,defect,32x32,8,18,0.01538048746685187,0.003293077647686005,0.00856610108166933,0.011773921549320221,0.024676421657204628,0.032920954376459116,0.0012970194220542908,0.036854490637779236
TRI_G,20,tubes/test/anomalous/020.png,1,clean_defect,32x32,8,10,0.011901719495654106,0.002353756129741669,0.005529365502297878,0.011241607367992401,0.012076623737812042,0.027573436498641957,0.0012970194220542908,0.0322268009185791
TRI_G,20,tubes/test/anomalous/020.png,1,boundary,32x32,8,8,0.019728947430849075,0.006378462165594101,0.009305687621235847,0.020594041794538498,0.02693362906575203,0.03476167321205139,0.005304083228111267,0.036854490637779236
TRI_G,21,tubes/test/anomalous/021.png,1,abnormal_normal,32x32,11,1004,0.01137625380322723,0.0006904359906911851,0.00428248243406415,0.008624001406133175,0.014790261164307594,0.03280735947191714,0.0,0.07260438799858093
TRI_G,21,tubes/test/anomalous/021.png,1,defect,32x32,11,20,0.012397813424468041,0.0003088153898715973,0.007742103189229965,0.011514890938997269,0.01511961966753006,0.02555649280548096,0.0,0.027982056140899658
TRI_G,21,tubes/test/anomalous/021.png,1,clean_defect,32x32,11,9,0.011113707390096452,0.0030700355768203736,0.007724791765213013,0.01103413850069046,0.013336606323719025,0.020685479044914242,0.0003250688314437866,0.025428831577301025
TRI_G,21,tubes/test/anomalous/021.png,1,boundary,32x32,11,11,0.01344844563440843,0.0020316652953624725,0.008734580129384995,0.013360708951950073,0.019205942749977112,0.024991706013679504,0.0,0.027982056140899658
TRI_G,22,tubes/test/anomalous/022.png,1,abnormal_normal,32x32,10,1004,0.011703013143765617,0.0008211260661482817,0.004739794880151749,0.009125789627432823,0.01588343922048807,0.031310332939028726,0.0,0.05927838385105133
TRI_G,22,tubes/test/anomalous/022.png,1,defect,32x32,10,20,0.016231560334563255,0.00593433752655983,0.011234636418521404,0.016345160081982613,0.02162852603942156,0.02759658508002758,0.0,0.029509209096431732
TRI_G,22,tubes/test/anomalous/022.png,1,clean_defect,32x32,10,10,0.015160634368658065,0.0028110019862651824,0.01234326884150505,0.014371644705533981,0.021588530391454697,0.025128511339426035,0.0,0.02742721140384674
TRI_G,22,tubes/test/anomalous/022.png,1,boundary,32x32,10,10,0.017302486300468444,0.007779365219175815,0.010040921159088612,0.017180902883410454,0.02129200194031,0.028603229299187658,0.0075401440262794495,0.029509209096431732
TRI_G,23,tubes/test/anomalous/023.png,1,abnormal_normal,32x32,10,1004,0.011539290748180383,0.0004028985276818276,0.004276604391634464,0.009304813109338284,0.016536028124392033,0.030302290804684162,0.0,0.06057657673954964
TRI_G,23,tubes/test/anomalous/023.png,1,defect,32x32,10,20,0.015752698108553887,0.002281606011092663,0.012869175523519516,0.016226978972554207,0.02085290662944317,0.02515215203166008,0.0011924318969249725,0.025260403752326965
TRI_G,23,tubes/test/anomalous/023.png,1,clean_defect,32x32,10,10,0.015737108886241913,0.0032358460128307344,0.013310376554727554,0.015342961996793747,0.02157098799943924,0.025209126621484758,0.0011924318969249725,0.025260403752326965
TRI_G,23,tubes/test/anomalous/023.png,1,boundary,32x32,10,10,0.01576828733086586,0.004615097120404244,0.012614721432328224,0.017017405480146408,0.02055288292467594,0.023358195647597307,0.0023389309644699097,0.024960443377494812
TRI_G,24,tubes/test/anomalous/024.png,1,abnormal_normal,32x32,12,1002,0.012481010688595221,0.0006292380392551423,0.004460499156266451,0.010059230029582977,0.01737864688038826,0.03278206177055835,0.0,0.10355909913778305
TRI_G,24,tubes/test/anomalous/024.png,1,defect,32x32,12,22,0.02050194719975645,0.0037412894889712334,0.011112170293927193,0.016169074922800064,0.029058901593089104,0.04433625340461731,0.002269148826599121,0.0518898069858551
TRI_G,24,tubes/test/anomalous/024.png,1,clean_defect,32x32,12,10,0.027126549184322356,0.007368288561701774,0.019399797543883324,0.027642428874969482,0.034072600305080414,0.048548485338687886,0.005629979074001312,0.0518898069858551
TRI_G,24,tubes/test/anomalous/024.png,1,boundary,32x32,12,12,0.014981445545951525,0.0030241535976529123,0.010699324309825897,0.012097056955099106,0.016095800325274467,0.03445596881210803,0.002269148826599121,0.0418967604637146
TRI_G,25,tubes/test/anomalous/025.png,1,abnormal_normal,32x32,14,1001,0.01256222615053842,0.0006154812872409821,0.004821857437491417,0.010170761495828629,0.017543554306030273,0.03225640952587128,0.0,0.0780092403292656
TRI_G,25,tubes/test/anomalous/025.png,1,defect,32x32,14,23,0.026273675910804584,0.004260879755020141,0.012056969106197357,0.026892870664596558,0.033551961183547974,0.05122358202934265,0.0,0.06917926669120789
TRI_G,25,tubes/test/anomalous/025.png,1,clean_defect,32x32,14,9,0.02278834084669749,0.002094888687133789,0.010691314935684204,0.01794077455997467,0.028949975967407227,0.05484313368797301,0.0,0.06917926669120789
TRI_G,25,tubes/test/anomalous/025.png,1,boundary,32x32,14,14,0.028514248452016284,0.004594958573579788,0.016024351119995117,0.02839113026857376,0.04349568486213684,0.050735974311828615,0.00420013815164566,0.05131223797798157
TRI_G,26,tubes/test/anomalous/026.png,1,abnormal_normal,32x32,9,1003,0.011759856453950954,0.000533449649810791,0.004125853069126606,0.009399810805916786,0.01672881841659546,0.031241567432880393,0.0,0.06656134873628616
TRI_G,26,tubes/test/anomalous/026.png,1,defect,32x32,9,21,0.019553613449845995,0.009865209460258484,0.013659179210662842,0.018228590488433838,0.023032955825328827,0.026998139917850494,0.007570400834083557,0.05134791135787964
TRI_G,26,tubes/test/anomalous/026.png,1,clean_defect,32x32,9,12,0.02110764632622401,0.008847928792238235,0.014974137768149376,0.021693885326385498,0.022961994633078575,0.037444034963846184,0.007570400834083557,0.05134791135787964
TRI_G,26,tubes/test/anomalous/026.png,1,boundary,32x32,9,9,0.01748156961467531,0.010016700625419617,0.011513493955135345,0.015176042914390564,0.023739643394947052,0.0267592653632164,0.009865209460258484,0.026998139917850494
TRI_G,27,tubes/test/anomalous/027.png,1,abnormal_normal,32x32,10,1003,0.011919833708587934,0.00017475765198469163,0.003960053436458111,0.009684089571237564,0.01674719713628292,0.0314613725990057,0.0,0.06706221401691437
TRI_G,27,tubes/test/anomalous/027.png,1,defect,32x32,10,21,0.018481050041459855,0.00698813796043396,0.011568516492843628,0.018048137426376343,0.02429094910621643,0.031935811042785645,0.004032831639051437,0.04002311825752258
TRI_G,27,tubes/test/anomalous/027.png,1,clean_defect,32x32,10,11,0.022072250870141117,0.010639883577823639,0.015921879559755325,0.01896241307258606,0.028205402195453644,0.035979464650154114,0.00698813796043396,0.04002311825752258
TRI_G,27,tubes/test/anomalous/027.png,1,boundary,32x32,10,10,0.014530729129910469,0.006105302460491657,0.009778089821338654,0.013597195968031883,0.019101209938526154,0.023528920300304887,0.004032831639051437,0.024363521486520767
TRI_G,28,tubes/test/anomalous/028.png,1,abnormal_normal,32x32,7,1006,0.012198375600480862,0.00031044986099004745,0.004287256859242916,0.009952090680599213,0.01708531193435192,0.03141851909458637,0.0,0.09110146760940552
TRI_G,28,tubes/test/anomalous/028.png,1,defect,32x32,7,18,0.02208633306953642,0.004824324697256088,0.015860002487897873,0.02008652314543724,0.03216724283993244,0.038810909539461126,0.0031495392322540283,0.04338569939136505
TRI_G,28,tubes/test/anomalous/028.png,1,clean_defect,32x32,7,11,0.02379996261813424,0.007981844246387482,0.01711757481098175,0.022898830473423004,0.03462066873908043,0.03668922185897827,0.005119875073432922,0.0380035936832428
TRI_G,28,tubes/test/anomalous/028.png,1,boundary,32x32,7,7,0.019393486636025564,0.006036709249019624,0.014914557337760925,0.017821460962295532,0.020784296095371246,0.036872672289609894,0.0031495392322540283,0.04338569939136505
TRI_G,29,tubes/test/anomalous/029.png,1,abnormal_normal,32x32,8,1005,0.011550770110603589,0.0005162283778190613,0.004118859767913818,0.009371284395456314,0.01621721312403679,0.029850506782531736,0.0,0.055392786860466
TRI_G,29,tubes/test/anomalous/029.png,1,defect,32x32,8,19,0.02426304079984364,0.004989970102906227,0.013488922268152237,0.022589169442653656,0.03341035544872284,0.04546089768409727,0.0035951174795627594,0.0541224479675293
TRI_G,29,tubes/test/anomalous/029.png,1,clean_defect,32x32,8,11,0.028977137397636066,0.009619485586881638,0.019568808376789093,0.02913874387741089,0.035878777503967285,0.04931047558784485,0.006743215024471283,0.0541224479675293
TRI_G,29,tubes/test/anomalous/029.png,1,boundary,32x32,8,8,0.017781157977879047,0.004137560166418553,0.011008245870471,0.017817983403801918,0.02161252126097679,0.034578574448823916,0.0035951174795627594,0.041034407913684845
TRI_G,30,tubes/test/anomalous/030.png,1,abnormal_normal,32x32,12,999,0.011618022849826186,0.0005927130579948426,0.0041860537603497505,0.00923532247543335,0.01659279502928257,0.02986693866550922,0.0,0.05606582760810852
TRI_G,30,tubes/test/anomalous/030.png,1,defect,32x32,12,25,0.02035495102405548,0.010563242435455322,0.015058159828186035,0.01904541254043579,0.02470538020133972,0.030410224199295042,0.009271740913391113,0.04050689935684204
TRI_G,30,tubes/test/anomalous/030.png,1,clean_defect,32x32,12,13,0.021458236070779655,0.012053215503692627,0.016949445009231567,0.02076008915901184,0.02453404664993286,0.033810353279113754,0.011280059814453125,0.04050689935684204
TRI_G,30,tubes/test/anomalous/030.png,1,boundary,32x32,12,12,0.01915972555677096,0.00988350436091423,0.013843674212694168,0.017943575978279114,0.025126654654741287,0.030221572518348692,0.009271740913391113,0.030518025159835815
TRI_G,31,tubes/test/anomalous/031.png,1,abnormal_normal,32x32,6,1004,0.0126456787598234,0.0007243093103170396,0.0048694550059735775,0.01011093519628048,0.01745760254561901,0.0333277516067028,0.0,0.05635371059179306
TRI_G,31,tubes/test/anomalous/031.png,1,defect,32x32,6,20,0.02557568997144699,0.012936507910490036,0.018030792474746704,0.021479949355125427,0.02843289077281952,0.041366867721080794,0.012684062123298645,0.06095990538597107
TRI_G,31,tubes/test/anomalous/031.png,1,clean_defect,32x32,6,14,0.027208023837634494,0.016129763424396516,0.019709542393684387,0.022284194827079773,0.03216983377933502,0.04752161800861358,0.01294979453086853,0.06095990538597107
TRI_G,31,tubes/test/anomalous/031.png,1,boundary,32x32,6,6,0.021766910950342815,0.013658858835697174,0.01692577823996544,0.019361093640327454,0.02189943939447403,0.035820819437503815,0.012684062123298645,0.040335655212402344
TRI_G,32,tubes/test/anomalous/032.png,1,abnormal_normal,32x32,11,1002,0.011564697645522818,0.0005142511799931527,0.0040642376989126205,0.009187552146613598,0.015966713428497314,0.03089788686484098,0.0,0.10127561539411545
TRI_G,32,tubes/test/anomalous/032.png,1,defect,32x32,11,22,0.015209451656449925,0.006699860095977783,0.009302712976932526,0.01655193604528904,0.02040834352374077,0.024182698130607604,0.0019307136535644531,0.027999818325042725
TRI_G,32,tubes/test/anomalous/032.png,1,clean_defect,32x32,11,11,0.0170326673171737,0.008182302117347717,0.014844793826341629,0.017579466104507446,0.020816057920455933,0.023246794939041138,0.006641387939453125,0.02428668737411499
TRI_G,32,tubes/test/anomalous/032.png,1,boundary,32x32,11,11,0.013386235995726152,0.004870772361755371,0.0084560327231884,0.012733425945043564,0.01796617917716503,0.024668797850608826,0.0019307136535644531,0.027999818325042725
TRI_G,33,tubes/test/anomalous/033.png,1,abnormal_normal,32x32,11,1001,0.012367883530611938,0.0006724372506141663,0.0044236574321985245,0.009615721181035042,0.017456214874982834,0.03276954963803291,0.0,0.07205171138048172
TRI_G,33,tubes/test/anomalous/033.png,1,defect,32x32,11,23,0.01987877131804176,0.011346796900033951,0.015046283602714539,0.01716005802154541,0.021783098578453064,0.03419668078422546,0.007560655474662781,0.03915514051914215
TRI_G,33,tubes/test/anomalous/033.png,1,clean_defect,32x32,11,12,0.02019240955511729,0.012515676021575928,0.015363521873950958,0.01770976185798645,0.025064125657081604,0.031253276765346526,0.011245876550674438,0.03176584839820862
TRI_G,33,tubes/test/anomalous/033.png,1,boundary,32x32,11,11,0.019536620513959366,0.009907867759466171,0.014924369752407074,0.01716005802154541,0.01930242031812668,0.03681095689535141,0.007560655474662781,0.03915514051914215
TRI_G,34,tubes/test/anomalous/034.png,1,abnormal_normal,32x32,12,1001,0.011460975252117936,0.0005962476134300232,0.004218041896820068,0.009076759219169617,0.01588251255452633,0.030917372554540634,0.0,0.06801430881023407
TRI_G,34,tubes/test/anomalous/034.png,1,defect,32x32,12,23,0.024611728022927822,0.008325744420289993,0.017245113849639893,0.025502026081085205,0.03134004771709442,0.041038754582405086,0.007266342639923096,0.04443329572677612
TRI_G,34,tubes/test/anomalous/034.png,1,clean_defect,32x32,12,11,0.025120927528901535,0.012296020984649658,0.019502714276313782,0.027741998434066772,0.03138449788093567,0.035661667585372925,0.008284509181976318,0.03735476732254028
TRI_G,34,tubes/test/anomalous/034.png,1,boundary,32x32,12,12,0.024144961809118588,0.00805312804877758,0.01586681604385376,0.023536041378974915,0.03073718398809433,0.04279143065214157,0.007266342639923096,0.04443329572677612
TRI_G,35,tubes/test/anomalous/035.png,1,abnormal_normal,32x32,9,1003,0.012078197583359325,0.0005211707204580307,0.004561474546790123,0.01014779508113861,0.017626332119107246,0.030477061495184896,0.0,0.08233264088630676
TRI_G,35,tubes/test/anomalous/035.png,1,defect,32x32,9,21,0.020296377085504077,0.01005321741104126,0.014400362968444824,0.020380228757858276,0.024457424879074097,0.0337081253528595,2.9802322387695312e-08,0.046388253569602966
TRI_G,35,tubes/test/anomalous/035.png,1,clean_defect,32x32,9,12,0.017259823779265087,0.005529282987117768,0.012242577970027924,0.016245588660240173,0.02139952778816223,0.03211522102355957,2.9802322387695312e-08,0.0337081253528595
TRI_G,35,tubes/test/anomalous/035.png,1,boundary,32x32,9,9,0.024345114827156067,0.01662811040878296,0.02066144347190857,0.021128356456756592,0.02635478973388672,0.03843791782855987,0.014400362968444824,0.046388253569602966
TRI_G,36,tubes/test/anomalous/036.png,1,abnormal_normal,32x32,10,1002,0.011701746394359572,0.0006110629066824916,0.004628465045243502,0.00954251829534769,0.01624381449073553,0.030715274997055515,0.0,0.0647394135594368
TRI_G,36,tubes/test/anomalous/036.png,1,defect,32x32,10,22,0.019470877268097618,0.0046852387487888334,0.015258654952049255,0.0200054794549942,0.02523352950811386,0.029300206899642942,0.0,0.04046127200126648
TRI_G,36,tubes/test/anomalous/036.png,1,clean_defect,32x32,10,12,0.016896046698093414,0.005164596438407898,0.014513164758682251,0.01722605526447296,0.021873600780963898,0.02599176615476608,0.0,0.026430577039718628
TRI_G,36,tubes/test/anomalous/036.png,1,boundary,32x32,10,10,0.02256067395210266,0.007435649633407593,0.017668090760707855,0.023893535137176514,0.026618048548698425,0.03549948036670684,0.004437610507011414,0.04046127200126648
TRI_G,37,tubes/test/anomalous/037.png,1,abnormal_normal,32x32,9,1004,0.011823551505303152,0.0005180030129849915,0.004523910116404295,0.009490669704973698,0.016528336331248283,0.03169438801705836,0.0,0.07627138495445251
TRI_G,37,tubes/test/anomalous/037.png,1,defect,32x32,9,20,0.01749643236398697,0.003353286534547806,0.008636072278022766,0.014870211482048035,0.021840766072273254,0.035311399027705206,0.0017354562878608704,0.05522772669792175
TRI_G,37,tubes/test/anomalous/037.png,1,clean_defect,32x32,9,11,0.018386974253437736,0.00796113908290863,0.008881192654371262,0.013934999704360962,0.020069293677806854,0.04317405819892883,0.0075071752071380615,0.05522772669792175
TRI_G,37,tubes/test/anomalous/037.png,1,boundary,32x32,9,9,0.016407992276880477,0.002416647970676422,0.005920194089412689,0.018660396337509155,0.022460490465164185,0.032517723739147186,0.0017354562878608704,0.03426317125558853
TRI_G,38,tubes/test/anomalous/038.png,1,abnormal_normal,32x32,10,1002,0.01179225420664825,0.00012751305475831032,0.00441384594887495,0.009365063160657883,0.01680440455675125,0.031258678622543806,0.0,0.06398127973079681
TRI_G,38,tubes/test/anomalous/038.png,1,defect,32x32,10,22,0.017453290860761295,0.006468294933438301,0.011735903099179268,0.015615135431289673,0.023374885320663452,0.03328647464513778,0.006139963865280151,0.03374671936035156
TRI_G,38,tubes/test/anomalous/038.png,1,clean_defect,32x32,10,12,0.01810800035794576,0.009616469591856002,0.014256361871957779,0.01641891896724701,0.021275222301483154,0.029265478253364556,0.006462320685386658,0.0335526168346405
TRI_G,38,tubes/test/anomalous/038.png,1,boundary,32x32,10,10,0.01666763946413994,0.006338792666792869,0.007122363895177841,0.012660179287195206,0.026842808350920677,0.03126409351825714,0.006139963865280151,0.03374671936035156
TRI_G,39,tubes/test/anomalous/039.png,1,abnormal_normal,32x32,10,1004,0.012381083861668687,0.0008448353502899411,0.004804028198122978,0.010157929733395576,0.017242646776139736,0.031451767869293684,0.0,0.08175034075975418
TRI_G,39,tubes/test/anomalous/039.png,1,defect,32x32,10,20,0.019085566326975823,0.007054708898067474,0.012813884764909744,0.02011170983314514,0.02380308136343956,0.03018089681863785,0.005149155855178833,0.03572151064872742
TRI_G,39,tubes/test/anomalous/039.png,1,clean_defect,32x32,10,10,0.020943529903888702,0.008679012209177018,0.014292340725660324,0.022663749754428864,0.025950320065021515,0.03309700936079025,0.007155001163482666,0.03572151064872742
TRI_G,39,tubes/test/anomalous/039.png,1,boundary,32x32,10,10,0.017227602750062944,0.007658724486827851,0.012009989470243454,0.018658414483070374,0.020964907482266426,0.02606393694877624,0.005149155855178833,0.02722589671611786
TRI_G,40,tubes/test/anomalous/040.png,1,abnormal_normal,32x32,8,1005,0.012712523651156408,0.0009243108332157135,0.005320731550455093,0.010807417333126068,0.01749412715435028,0.030843627452850332,0.0,0.06794202327728271
TRI_G,40,tubes/test/anomalous/040.png,1,defect,32x32,8,19,0.026436462214118557,0.008669136464595795,0.015610948204994202,0.023677319288253784,0.041208282113075256,0.04795838594436644,0.00800621509552002,0.05546143651008606
TRI_G,40,tubes/test/anomalous/040.png,1,clean_defect,32x32,8,11,0.02943427860736847,0.012666627764701843,0.01846495270729065,0.024030864238739014,0.04283145070075989,0.05129307508468628,0.00921902060508728,0.05546143651008606
TRI_G,40,tubes/test/anomalous/040.png,1,boundary,32x32,8,8,0.022314464673399925,0.008264017850160598,0.01261962577700615,0.01890634000301361,0.030734919011592865,0.04155186861753463,0.00800621509552002,0.04235357046127319
TRI_G,41,tubes/test/anomalous/041.png,1,abnormal_normal,32x32,9,1005,0.011917524779243256,0.000662347674369812,0.005335766822099686,0.009764675050973892,0.01610022783279419,0.030200629681348796,0.0,0.06241512671113014
TRI_G,41,tubes/test/anomalous/041.png,1,defect,32x32,9,19,0.016443223153289995,0.005830446630716324,0.011538825929164886,0.014255605638027191,0.023285895586013794,0.029137279093265533,0.0010181143879890442,0.030133411288261414
TRI_G,41,tubes/test/anomalous/041.png,1,clean_defect,32x32,9,10,0.01811685524880886,0.011296360194683075,0.012387060560286045,0.013821229338645935,0.024308718740940094,0.02963534519076347,0.010765939950942993,0.030133411288261414
TRI_G,41,tubes/test/anomalous/041.png,1,boundary,32x32,9,9,0.014583631936046813,0.0031569287180900573,0.0066857971251010895,0.01607668399810791,0.02281007170677185,0.024153634905815125,0.0010181143879890442,0.02441491186618805
TRI_G,42,tubes/test/anomalous/042.png,1,abnormal_normal,32x32,10,1003,0.011758057227876345,0.0006302563473582268,0.004529130645096302,0.009504102170467377,0.015924302861094475,0.030942566320300104,0.0,0.06137804314494133
TRI_G,42,tubes/test/anomalous/042.png,1,defect,32x32,10,21,0.018723841047003156,0.009306192398071289,0.011533200740814209,0.017614789307117462,0.022124052047729492,0.027102112770080566,0.00545540452003479,0.05839720368385315
TRI_G,42,tubes/test/anomalous/042.png,1,clean_defect,32x32,10,11,0.02200989154252139,0.009589612483978271,0.014318704605102539,0.020519345998764038,0.023577682673931122,0.04274965822696686,0.009306192398071289,0.05839720368385315
TRI_G,42,tubes/test/anomalous/042.png,1,boundary,32x32,10,10,0.015109185501933098,0.007330915704369545,0.010408235713839531,0.014613892883062363,0.019404230639338493,0.023834383301436897,0.00545540452003479,0.025719240307807922
TRI_G,43,tubes/test/anomalous/043.png,1,abnormal_normal,32x32,9,1006,0.011198628528569465,0.00023561855778098106,0.003729024901986122,0.008345882408320904,0.015552289318293333,0.03123602643609047,0.0,0.06224785000085831
TRI_G,43,tubes/test/anomalous/043.png,1,defect,32x32,9,18,0.018044247809383605,0.0067479915916919715,0.011423233896493912,0.01571672409772873,0.021833427250385284,0.03181754499673839,0.003774866461753845,0.06030185520648956
TRI_G,43,tubes/test/anomalous/043.png,1,clean_defect,32x32,9,9,0.014338302943441603,0.008220207691192628,0.011415109038352966,0.0120830237865448,0.01619964838027954,0.023944953083992002,0.007272660732269287,0.024488478899002075
TRI_G,43,tubes/test/anomalous/043.png,1,boundary,32x32,9,9,0.021750192675325606,0.00643296241760254,0.015233799815177917,0.019316837191581726,0.02212008833885193,0.04689747393131255,0.003774866461753845,0.06030185520648956
TRI_G,44,tubes/test/anomalous/044.png,1,abnormal_normal,32x32,11,1005,0.011589531430427857,0.00029446184635162364,0.004306435585021973,0.009137887507677078,0.01636405661702156,0.03042836263775825,0.0,0.06263433396816254
TRI_G,44,tubes/test/anomalous/044.png,1,defect,32x32,11,19,0.014157617562695554,0.001998067647218704,0.008323919028043747,0.012444533407688141,0.020199820399284363,0.027253520488739004,0.0015174224972724915,0.03108355402946472
TRI_G,44,tubes/test/anomalous/044.png,1,clean_defect,32x32,11,8,0.019113722257316113,0.010175291821360588,0.014123668894171715,0.01823229342699051,0.023546267300844193,0.029594096541404723,0.008953392505645752,0.03108355402946472
TRI_G,44,tubes/test/anomalous/044.png,1,boundary,32x32,11,11,0.010553177784789692,0.001784447580575943,0.005888026207685471,0.009921282529830933,0.012318752706050873,0.02377460151910782,0.0015174224972724915,0.025988802313804626
TRI_G,45,tubes/test/anomalous/045.png,1,abnormal_normal,32x32,12,1003,0.011498293360269973,0.0005600936710834503,0.0045400941744446754,0.009449437260627747,0.01596314273774624,0.02915048338472843,0.0,0.07815604656934738
TRI_G,45,tubes/test/anomalous/045.png,1,defect,32x32,12,21,0.018661699479534513,0.00283871591091156,0.011188030242919922,0.01980867236852646,0.027618952095508575,0.03980205953121185,7.450580596923828e-09,0.04213777184486389
TRI_G,45,tubes/test/anomalous/045.png,1,clean_defect,32x32,12,9,0.02388660940859053,0.0117387056350708,0.013257592916488647,0.021820127964019775,0.03098607063293457,0.04120348691940307,0.011188030242919922,0.04213777184486389
TRI_G,45,tubes/test/anomalous/045.png,1,boundary,32x32,12,12,0.0147430170327425,0.0015612971037626269,0.008197905495762825,0.01662898063659668,0.020811278373003006,0.02792360745370388,7.450580596923828e-09,0.028295964002609253
TRI_G,46,tubes/test/anomalous/046.png,1,abnormal_normal,32x32,12,1003,0.010896469720343084,0.0003968067467212677,0.003925553523004055,0.008595053106546402,0.015594462864100933,0.02837634924799204,0.0,0.0670473575592041
TRI_G,46,tubes/test/anomalous/046.png,1,defect,32x32,12,21,0.0215401386930829,0.003536723554134369,0.011865854263305664,0.01848435401916504,0.026361465454101562,0.04798486828804016,0.0026287734508514404,0.04972007870674133
TRI_G,46,tubes/test/anomalous/046.png,1,clean_defect,32x32,12,9,0.02530070725414488,0.011268486082553864,0.011865854263305664,0.01848435401916504,0.037113726139068604,0.04902599453926086,0.010889194905757904,0.04972007870674133
TRI_G,46,tubes/test/anomalous/046.png,1,boundary,32x32,12,12,0.018719712272286415,0.0031281460076570513,0.011894041672348976,0.02010386437177658,0.02440883405506611,0.03133018463850021,0.0026287734508514404,0.03718087077140808
TRI_G,47,tubes/test/anomalous/047.png,1,abnormal_normal,32x32,11,1003,0.011955779167922847,0.0004778483882546425,0.004783453419804573,0.009730800986289978,0.016591561026871204,0.030968735367059706,0.0,0.06780461966991425
TRI_G,47,tubes/test/anomalous/047.png,1,defect,32x32,11,21,0.01893744050037293,0.0018047541379928589,0.0127839595079422,0.017533764243125916,0.024472326040267944,0.03694355487823486,0.0,0.04623028635978699
TRI_G,47,tubes/test/anomalous/047.png,1,clean_defect,32x32,11,10,0.01873048096895218,0.009239665418863296,0.014824584126472473,0.017032727599143982,0.01811176910996437,0.03437843099236488,0.0063397884368896484,0.03694355487823486
TRI_G,47,tubes/test/anomalous/047.png,1,boundary,32x32,11,11,0.019125585528937252,0.0009023770689964294,0.00482814759016037,0.021673619747161865,0.026754118502140045,0.040833622217178345,0.0,0.04623028635978699
TRI_G,48,tubes/test/anomalous/048.png,1,abnormal_normal,32x32,10,1002,0.011862886858129959,0.0003210392780601979,0.004443333484232426,0.009417128749191761,0.016415081452578306,0.03142549358308315,0.0,0.08379112929105759
TRI_G,48,tubes/test/anomalous/048.png,1,defect,32x32,10,22,0.014155558225783434,0.0036221675574779513,0.007780503481626511,0.013579636812210083,0.018513351678848267,0.028655526787042616,0.0034039318561553955,0.03144967555999756
TRI_G,48,tubes/test/anomalous/048.png,1,clean_defect,32x32,10,12,0.015344994763533274,0.0034839868545532226,0.007991913706064224,0.013579636812210083,0.020325172692537308,0.02998474612832069,0.0034039318561553955,0.03144967555999756
TRI_G,48,tubes/test/anomalous/048.png,1,boundary,32x32,10,10,0.012728234380483627,0.005021046847105026,0.006352227181196213,0.012373536825180054,0.016056455671787262,0.023721019551157945,0.005003109574317932,0.02617335319519043
TRI_G,49,tubes/test/anomalous/049.png,1,abnormal_normal,32x32,6,1011,0.013054438503265646,0.0011757714673876762,0.005495477467775345,0.010603707283735275,0.018315432593226433,0.032963329926133156,0.0,0.07402676343917847
TRI_G,49,tubes/test/anomalous/049.png,1,defect,32x32,6,13,0.01759196588626275,0.009814733266830444,0.013736411929130554,0.01662018895149231,0.02051842212677002,0.027742689847946162,0.008985519409179688,0.029559046030044556
TRI_G,49,tubes/test/anomalous/049.png,1,clean_defect,32x32,6,7,0.016785519463675364,0.009400126338005067,0.01214955747127533,0.01662018895149231,0.019017383456230164,0.026568919420242303,0.008985519409179688,0.029559046030044556
TRI_G,49,tubes/test/anomalous/049.png,1,boundary,32x32,6,6,0.01853282004594803,0.01294347271323204,0.014144714921712875,0.01794402301311493,0.02190074324607849,0.025489218533039093,0.01267915964126587,0.02653178572654724
TRI_G,50,tubes/test/anomalous/050.png,1,abnormal_normal,32x32,6,1012,0.012338176144198644,0.0005239788442850113,0.004775645211338997,0.009700985625386238,0.017748728394508362,0.03224524185061454,0.0,0.06808687001466751
TRI_G,50,tubes/test/anomalous/050.png,1,defect,32x32,6,12,0.019273693362871807,0.008368612825870514,0.009342014789581299,0.01876123994588852,0.023684807121753693,0.035828798264265056,0.007726877927780151,0.04003898799419403
TRI_G,50,tubes/test/anomalous/050.png,1,clean_defect,32x32,6,6,0.020403454701105755,0.00917351245880127,0.011729657649993896,0.019784405827522278,0.029196463525295258,0.03227614611387253,0.009089261293411255,0.03238409757614136
TRI_G,50,tubes/test/anomalous/050.png,1,boundary,32x32,6,6,0.01814393202463786,0.008018575608730316,0.010138265788555145,0.01637735217809677,0.019307676702737808,0.034891579300165176,0.007726877927780151,0.04003898799419403
TRI_G,51,tubes/test/anomalous/051.png,1,abnormal_normal,32x32,7,1012,0.012705260456591226,0.0004587455652654171,0.005207367241382599,0.010179094970226288,0.017673791386187077,0.03244961258023976,0.0,0.08305449038743973
TRI_G,51,tubes/test/anomalous/051.png,1,defect,32x32,7,12,0.022650789469480515,0.010764200985431672,0.012392088770866394,0.02151431143283844,0.030772380530834198,0.04081810489296912,0.010181933641433716,0.04817169904708862
TRI_G,51,tubes/test/anomalous/051.png,1,clean_defect,32x32,7,5,0.026473310589790345,0.014384788274765015,0.022817462682724,0.030309289693832397,0.0321616530418396,0.03427355289459229,0.012276619672775269,0.03480152785778046
TRI_G,51,tubes/test/anomalous/051.png,1,boundary,32x32,7,7,0.019920417240687778,0.010499534010887147,0.01183559000492096,0.014356464147567749,0.021530821919441223,0.040575334429740886,0.010181933641433716,0.04817169904708862
TRI_G,52,tubes/test/anomalous/052.png,1,abnormal_normal,32x32,7,1012,0.012795766701888691,0.00046436917036771794,0.004555921070277691,0.010300341993570328,0.01744877966120839,0.033225077018141744,0.0,0.07699648290872574
TRI_G,52,tubes/test/anomalous/052.png,1,defect,32x32,7,12,0.021167121827602386,0.010938197374343872,0.014001555740833282,0.01940525323152542,0.029281049966812134,0.0345317505300045,0.009957671165466309,0.03677964210510254
TRI_G,52,tubes/test/anomalous/052.png,1,clean_defect,32x32,7,5,0.024866646528244017,0.011745578050613404,0.018897205591201782,0.029212743043899536,0.029485970735549927,0.03532090783119202,0.009957671165466309,0.03677964210510254
TRI_G,52,tubes/test/anomalous/052.png,1,boundary,32x32,7,7,0.018524604184286936,0.011822664737701416,0.013339206576347351,0.015436261892318726,0.02156227082014084,0.029848168790340416,0.011740446090698242,0.0326925665140152
TRI_G,53,tubes/test/anomalous/053.png,1,abnormal_normal,32x32,6,1012,0.012377164301760642,0.0006973308511078361,0.004699012730270624,0.009990556165575981,0.01687212660908699,0.031694911420345306,0.0,0.07501068711280823
TRI_G,53,tubes/test/anomalous/053.png,1,defect,32x32,6,12,0.016331853965918224,0.005438302457332612,0.009076651185750961,0.01748788356781006,0.020607974380254745,0.028839416801929467,0.002960383892059326,0.03535240888595581
TRI_G,53,tubes/test/anomalous/053.png,1,clean_defect,32x32,6,6,0.015136654178301493,0.004086710512638092,0.007934115827083588,0.013307541608810425,0.018138691782951355,0.031120896339416504,0.002960383892059326,0.03535240888595581
TRI_G,53,tubes/test/anomalous/053.png,1,boundary,32x32,6,6,0.017527053753534954,0.009458448737859726,0.014151401817798615,0.018784336745738983,0.022086728364229202,0.02333948016166687,0.0082884281873703,0.023510605096817017
TRI_G,54,tubes/test/anomalous/054.png,1,abnormal_normal,32x32,10,1010,0.011898514372988207,0.0003039797767996788,0.004141671117395163,0.009453469887375832,0.016734562814235687,0.031897033192217344,0.0,0.06952103227376938
TRI_G,54,tubes/test/anomalous/054.png,1,defect,32x32,10,14,0.024746131151914597,0.010310040414333343,0.016671091318130493,0.02232182025909424,0.03310250863432884,0.04012578725814819,0.007325433194637299,0.04028773307800293
TRI_G,54,tubes/test/anomalous/054.png,1,clean_defect,32x32,10,4,0.030411317944526672,0.019287344813346863,0.027291879057884216,0.032160237431526184,0.03527967631816864,0.039086803793907166,0.017286211252212524,0.0400385856628418
TRI_G,54,tubes/test/anomalous/054.png,1,boundary,32x32,10,10,0.022480056434869767,0.009391699731349946,0.01628044806420803,0.020559653639793396,0.02928071841597557,0.03880972862243652,0.007325433194637299,0.04028773307800293
TRI_G,55,tubes/test/anomalous/055.png,1,abnormal_normal,32x32,14,995,0.01253516137946266,0.001458432525396347,0.00524754635989666,0.010056205093860626,0.01715337485074997,0.031448404863476734,0.0,0.07710471749305725
TRI_G,55,tubes/test/anomalous/055.png,1,defect,32x32,14,29,0.019706671094072276,0.003829255700111389,0.01390431821346283,0.020301222801208496,0.026636913418769836,0.036044168472290035,0.0009192898869514465,0.039752960205078125
TRI_G,55,tubes/test/anomalous/055.png,1,clean_defect,32x32,14,15,0.02220164636770884,0.008670841157436372,0.016362808644771576,0.022565752267837524,0.027200669050216675,0.0378336489200592,0.007858186960220337,0.039752960205078125
TRI_G,55,tubes/test/anomalous/055.png,1,boundary,32x32,14,14,0.017033483300890242,0.0023978251963853838,0.01344611868262291,0.01682749018073082,0.025214705616235733,0.02789664566516876,0.0009192898869514465,0.028629392385482788
TRI_G,56,tubes/test/anomalous/056.png,1,abnormal_normal,32x32,10,1004,0.013294901025845147,0.0010365886613726617,0.005670563783496618,0.010532807558774948,0.01787655707448721,0.03357587344944476,0.0,0.09553434699773788
TRI_G,56,tubes/test/anomalous/056.png,1,defect,32x32,10,20,0.01668148413300514,0.008720338717103005,0.011747419834136963,0.01592307537794113,0.01809469424188137,0.03280126862227917,0.002413518726825714,0.03428422659635544
TRI_G,56,tubes/test/anomalous/056.png,1,clean_defect,32x32,10,10,0.01704423353075981,0.011373496800661086,0.012850597500801086,0.01697513461112976,0.017760416492819786,0.026541524380445464,0.010999388992786407,0.03272321820259094
TRI_G,56,tubes/test/anomalous/056.png,1,boundary,32x32,10,10,0.016318734735250473,0.005400959774851799,0.010764149948954582,0.014208417385816574,0.020579827949404716,0.031743172183632845,0.002413518726825714,0.03428422659635544
TRI_G,57,tubes/test/anomalous/057.png,1,abnormal_normal,32x32,10,1006,0.013876125443760106,0.0014177225530147552,0.006067563779652119,0.011458836495876312,0.01907000970095396,0.03464821167290211,0.0,0.0774502381682396
TRI_G,57,tubes/test/anomalous/057.png,1,defect,32x32,10,18,0.021234802901744843,0.00732332319021225,0.015013355761766434,0.022254228591918945,0.027415189892053604,0.03098625689744949,0.00595015287399292,0.03389297425746918
TRI_G,57,tubes/test/anomalous/057.png,1,clean_defect,32x32,10,8,0.01861562207341194,0.00926278755068779,0.014077577739953995,0.01673523336648941,0.0247013159096241,0.028924822807312008,0.00756564736366272,0.030188098549842834
TRI_G,57,tubes/test/anomalous/057.png,1,boundary,32x32,10,10,0.023330147564411163,0.009453355893492698,0.02010253444314003,0.026677649468183517,0.027820978313684464,0.032354123890399926,0.00595015287399292,0.03389297425746918
TRI_G,58,tubes/test/anomalous/058.png,1,abnormal_normal,32x32,19,988,0.013368149110312132,0.001268443651497364,0.006066467147320509,0.011414553970098495,0.01856142096221447,0.03166242465376854,0.0,0.08779416233301163
TRI_G,58,tubes/test/anomalous/058.png,1,defect,32x32,19,36,0.012449306539363332,0.0031968113034963608,0.007114693522453308,0.010614119470119476,0.016125177964568138,0.027847854420542717,7.450580596923828e-09,0.03311135619878769
TRI_G,58,tubes/test/anomalous/058.png,1,clean_defect,32x32,19,17,0.011697866899125716,0.0032891348004341126,0.006701275706291199,0.007683515548706055,0.014231443405151367,0.03186086863279342,7.450580596923828e-09,0.03311135619878769
TRI_G,58,tubes/test/anomalous/058.png,1,boundary,32x32,19,19,0.01312164727010225,0.003317096084356308,0.007814120501279831,0.012662336230278015,0.016219306737184525,0.02579536437988281,0.0025953873991966248,0.026614390313625336
TRI_G,59,tubes/test/anomalous/059.png,1,abnormal_normal,32x32,8,1006,0.013188860800846759,0.001761406660079956,0.006389956921339035,0.011232301592826843,0.017857741564512253,0.03158009611070156,0.0,0.06493864953517914
TRI_G,59,tubes/test/anomalous/059.png,1,defect,32x32,8,18,0.015278702187869284,0.0073557810857892035,0.009754227474331856,0.014409389346837997,0.018647942692041397,0.02962657511234283,0.005760572850704193,0.03136906027793884
TRI_G,59,tubes/test/anomalous/059.png,1,clean_defect,32x32,8,10,0.016201296448707582,0.009905142337083816,0.012373114004731178,0.015970580279827118,0.018170403316617012,0.024850792437791813,0.008199036121368408,0.029319077730178833
TRI_G,59,tubes/test/anomalous/059.png,1,boundary,32x32,8,8,0.014125459361821413,0.00641742330044508,0.008135332725942135,0.009779836982488632,0.019448844715952873,0.027972957119345658,0.005760572850704193,0.03136906027793884
TRI_G,60,tubes/test/anomalous/060.png,1,abnormal_normal,32x32,17,989,0.01324605710495591,0.0017101079225540162,0.006218373775482178,0.011451169848442078,0.017902597784996033,0.030304814875125846,0.0,0.061401668936014175
TRI_G,60,tubes/test/anomalous/060.png,1,defect,32x32,17,35,0.01362860511456217,0.0015929594635963442,0.007462318986654282,0.011960029602050781,0.017786972224712372,0.031298176199197766,0.0006045252084732056,0.04076462984085083
TRI_G,60,tubes/test/anomalous/060.png,1,clean_defect,32x32,17,18,0.011803783476352692,0.0033419232815504077,0.008338509127497673,0.012029342353343964,0.015433883294463158,0.020682488381862638,0.0007022619247436523,0.021677300333976746
TRI_G,60,tubes/test/anomalous/060.png,1,boundary,32x32,17,17,0.01556076920207809,0.0017006546258926392,0.0066858381032943726,0.011499904096126556,0.02305980771780014,0.03386933207511901,0.0006045252084732056,0.04076462984085083
TRI_G,61,tubes/test/anomalous/061.png,1,abnormal_normal,32x32,9,1007,0.013191325365738664,0.001388908922672272,0.005794726312160492,0.011242330074310303,0.0178701039403677,0.031855760514736174,0.0,0.07468204945325851
TRI_G,61,tubes/test/anomalous/061.png,1,defect,32x32,9,17,0.01741103608818615,0.007095451653003693,0.010502837598323822,0.015495233237743378,0.021005868911743164,0.033398346602916705,0.004182077944278717,0.04718797653913498
TRI_G,61,tubes/test/anomalous/061.png,1,clean_defect,32x32,9,8,0.017416937276721,0.008589964359998703,0.011651076376438141,0.017290320247411728,0.021492980420589447,0.027927337959408757,0.007823795080184937,0.029950939118862152
TRI_G,61,tubes/test/anomalous/061.png,1,boundary,32x32,9,9,0.017405790587266285,0.005968756973743439,0.010502837598323822,0.012388229370117188,0.021005868911743164,0.038472099602222434,0.004182077944278717,0.04718797653913498
TRI_G,62,tubes/test/anomalous/062.png,1,abnormal_normal,32x32,21,985,0.013397869002074004,0.0017828196287155151,0.005750343203544617,0.010677538812160492,0.018742859363555908,0.033279411494731896,0.0,0.06791524589061737
TRI_G,62,tubes/test/anomalous/062.png,1,defect,32x32,21,39,0.01503911194128868,0.00363788902759552,0.01037360355257988,0.014536425471305847,0.018789906054735184,0.028315594792366033,0.00035105645656585693,0.03650447726249695
TRI_G,62,tubes/test/anomalous/062.png,1,clean_defect,32x32,21,18,0.013090377466546165,0.007039985060691834,0.009372416883707047,0.01244489848613739,0.016824878752231598,0.020206537842750547,0.006928980350494385,0.020882800221443176
TRI_G,62,tubes/test/anomalous/062.png,1,boundary,32x32,21,21,0.01670945577678226,0.0030620992183685303,0.01175592839717865,0.01823769509792328,0.01961997151374817,0.032872721552848816,0.00035105645656585693,0.03650447726249695
TRI_G,63,tubes/test/anomalous/063.png,1,abnormal_normal,32x32,17,983,0.013872183503588759,0.00152302123606205,0.0058952998369932175,0.011778276413679123,0.019337143748998642,0.0335305854678154,0.0,0.07117217779159546
TRI_G,63,tubes/test/anomalous/063.png,1,defect,32x32,17,41,0.016396667717433557,0.0019534826278686523,0.011619970202445984,0.017352908849716187,0.0222131609916687,0.030538052320480347,0.0003646761178970337,0.03319934010505676
TRI_G,63,tubes/test/anomalous/063.png,1,clean_defect,32x32,17,24,0.015477924918135008,0.002031718194484711,0.007806610316038132,0.01752622425556183,0.02024131268262863,0.029492330551147455,0.001780480146408081,0.03319934010505676
TRI_G,63,tubes/test/anomalous/063.png,1,boundary,32x32,17,17,0.017693716375266805,0.002716490626335144,0.011769503355026245,0.016960889101028442,0.026032492518424988,0.030663350224494932,0.0003646761178970337,0.031164541840553284
TRI_G,64,tubes/test/anomalous/064.png,1,abnormal_normal,32x32,22,983,0.0140704143923136,0.0018066123127937319,0.006427168846130371,0.01171785593032837,0.02009705826640129,0.03351586163043976,0.0,0.05650721490383148
TRI_G,64,tubes/test/anomalous/064.png,1,defect,32x32,22,41,0.023285585114868675,0.00582200288772583,0.010849922895431519,0.01900966465473175,0.034232139587402344,0.05503469705581665,0.0010915249586105347,0.08712995052337646
TRI_G,64,tubes/test/anomalous/064.png,1,clean_defect,32x32,22,19,0.027902456294549138,0.005372041463851928,0.010800197720527649,0.02384933829307556,0.040942542254924774,0.058244222402572564,0.0013223886489868164,0.08712995052337646
TRI_G,64,tubes/test/anomalous/064.png,1,boundary,32x32,22,22,0.019298287277871914,0.005987696722149849,0.010904870927333832,0.016379281878471375,0.022588767111301422,0.03619306422770023,0.0010915249586105347,0.061789512634277344
TRI_G,65,tubes/test/anomalous/065.png,1,abnormal_normal,32x32,30,963,0.014562852113959326,0.0019272292964160444,0.00657898373901844,0.012018240988254547,0.019715122878551483,0.03504004999995231,0.0,0.0719422847032547
TRI_G,65,tubes/test/anomalous/065.png,1,defect,32x32,30,61,0.022976644703599274,0.005279920995235443,0.010900676250457764,0.01790750026702881,0.02939373254776001,0.055699676275253296,0.0028476566076278687,0.07710757851600647
TRI_G,65,tubes/test/anomalous/065.png,1,clean_defect,32x32,30,31,0.028506217464323965,0.005824659019708633,0.012010905891656876,0.02434822916984558,0.04018246382474899,0.06695844233036041,0.0028476566076278687,0.07710757851600647
TRI_G,65,tubes/test/anomalous/065.png,1,boundary,32x32,30,30,0.017262752850850424,0.004803132638335228,0.009996967390179634,0.015861298888921738,0.020347772166132927,0.03731970377266406,0.004207916557788849,0.051508828997612
TRI_G,66,tubes/test/anomalous/066.png,1,abnormal_normal,32x32,26,968,0.013665638971796706,0.0020117470994591713,0.0064517417922616005,0.011289628222584724,0.017960743978619576,0.03509172238409518,0.0,0.08221270889043808
TRI_G,66,tubes/test/anomalous/066.png,1,defect,32x32,26,56,0.019437540588634356,0.005892036482691765,0.010530995205044746,0.017156995832920074,0.024861712008714676,0.03900362364947796,0.004021406173706055,0.08283208310604095
TRI_G,66,tubes/test/anomalous/066.png,1,clean_defect,32x32,26,30,0.01945510506629944,0.006819093972444535,0.01092740148305893,0.01818981021642685,0.024312548339366913,0.03823328316211699,0.006084747612476349,0.04975646734237671
TRI_G,66,tubes/test/anomalous/066.png,1,boundary,32x32,26,26,0.01941727388363618,0.004521869122982025,0.01018960028886795,0.016264930367469788,0.024691540747880936,0.037954552099108696,0.004021406173706055,0.08283208310604095
TRI_G,67,tubes/test/anomalous/067.png,1,abnormal_normal,32x32,20,983,0.01397646365342387,0.001755383238196373,0.006282912567257881,0.011714287102222443,0.018869901075959206,0.03459240458905696,0.0,0.08399738371372223
TRI_G,67,tubes/test/anomalous/067.png,1,defect,32x32,20,41,0.020891210473165278,0.0027641505002975464,0.011887051165103912,0.017450176179409027,0.028534531593322754,0.054307565093040466,1.4901161193847656e-08,0.06107732653617859
TRI_G,67,tubes/test/anomalous/067.png,1,clean_defect,32x32,20,21,0.02029387191647575,0.0027641505002975464,0.012449115514755249,0.016114771366119385,0.028534531593322754,0.03740522265434265,1.4901161193847656e-08,0.06107732653617859
TRI_G,67,tubes/test/anomalous/067.png,1,boundary,32x32,20,20,0.021518415957689285,0.00463685616850853,0.010892843827605247,0.018435943871736526,0.027813326567411423,0.05455201752483845,0.0006884783506393433,0.05919661372900009
TRI_G,68,tubes/test/anomalous/068.png,1,abnormal_normal,32x32,31,960,0.014729831702910208,0.0019165659323334694,0.006732985842972994,0.01245671883225441,0.020446673966944218,0.03468830715864896,0.0,0.0673946812748909
TRI_G,68,tubes/test/anomalous/068.png,1,defect,32x32,31,64,0.020011315762531012,0.0040853660553693775,0.010352451354265213,0.018175773322582245,0.026565803214907646,0.04042340591549872,0.002661909908056259,0.0797794759273529
TRI_G,68,tubes/test/anomalous/068.png,1,clean_defect,32x32,31,33,0.020585913888432762,0.003932049870491028,0.010383233428001404,0.01612544059753418,0.023465603590011597,0.052255606651306144,0.002661909908056259,0.0797794759273529
TRI_G,68,tubes/test/anomalous/068.png,1,boundary,32x32,31,31,0.01939964678979689,0.005861394107341766,0.011061489582061768,0.018848136067390442,0.026939399540424347,0.03255677968263626,0.004350192844867706,0.040667131543159485
TRI_G,69,tubes/test/good/000.png,0,normal_image,32x32,0,1024,0.01049201084674678,0.0001254423055797816,0.0032153986394405365,0.008121770806610584,0.015346477273851633,0.028575728461146335,0.0,0.07906090468168259
TRI_G,70,tubes/test/good/001.png,0,normal_image,32x32,0,1024,0.011764324811338156,0.00044549554586410545,0.0042717354372143745,0.008981289342045784,0.016686624381691217,0.030928463116288184,0.0,0.07963043451309204
TRI_G,71,tubes/test/good/002.png,0,normal_image,32x32,0,1024,0.012317088682493704,0.0009449597448110583,0.004875933402217925,0.009497364982962608,0.01710426900535822,0.03175009749829764,0.0,0.1272335797548294
TRI_G,72,tubes/test/good/003.png,0,normal_image,32x32,0,1024,0.011317227812014607,0.0006640596315264704,0.0044707041233778,0.009008091874420643,0.015568217728286982,0.029490886814892273,0.0,0.07602944225072861
TRI_G,73,tubes/test/good/004.png,0,normal_image,32x32,0,1024,0.010531447242328795,0.0,0.003097233362495899,0.00817442499101162,0.015179278329014778,0.028072045277804103,0.0,0.05873815342783928
TRI_G,74,tubes/test/good/005.png,0,normal_image,32x32,0,1024,0.010993076844897587,0.0004511283710598947,0.004053684417158365,0.008347822353243828,0.014889774844050407,0.030604652501642703,0.0,0.07288794219493866
TRI_G,75,tubes/test/good/006.png,0,normal_image,32x32,0,1024,0.011717179971356018,0.0007739298045635224,0.00459414254873991,0.009465131908655167,0.01576918549835682,0.03051849966868755,0.0,0.0746912807226181
TRI_G,76,tubes/test/good/007.png,0,normal_image,32x32,0,1024,0.010858463572503751,7.174918428063393e-05,0.0041145868599414825,0.008833399973809719,0.015564571600407362,0.028898719139397126,0.0,0.07256680727005005
TRI_G,77,tubes/test/good/008.png,0,normal_image,32x32,0,1024,0.010723707843226293,0.000311156688258052,0.0038435212336480618,0.008731972426176071,0.014674203470349312,0.02981752939522259,0.0,0.07288604974746704
TRI_G,78,tubes/test/good/009.png,0,normal_image,32x32,0,1024,0.010246095552929546,0.00014120517298579224,0.0035505620762705803,0.007664987817406654,0.014996513724327087,0.02771161021664737,0.0,0.06614203006029129
TRI_G,79,tubes/test/good/010.png,0,normal_image,32x32,0,1024,0.010924648933723802,1.1729774996638412e-05,0.003342544659972191,0.008273337036371231,0.015596807934343815,0.029970802552998065,0.0,0.08488357067108154
TRI_G,80,tubes/test/good/011.png,0,normal_image,32x32,0,1024,0.012792945279670676,0.0010039435233920816,0.005600426346063614,0.01056546252220869,0.017346833366900682,0.03140737982466814,0.0,0.08393006026744843
TRI_G,81,tubes/test/good/012.png,0,normal_image,32x32,0,1024,0.011367616561983596,0.00025005619972944264,0.004059067694470286,0.008560342714190483,0.01594483107328415,0.031162683106958845,0.0,0.07684739679098129
TRI_G,82,tubes/test/good/013.png,0,normal_image,32x32,0,1024,0.012578410953665298,0.0004854294937103987,0.005110845901072025,0.010324113070964813,0.017108220607042313,0.032773812860250474,0.0,0.05974858999252319
TRI_G,83,tubes/test/good/014.png,0,normal_image,32x32,0,1024,0.012005667518224072,0.0007659168913960458,0.004817950539290905,0.00963272899389267,0.016357339918613434,0.03147753551602359,0.0,0.06740671396255493
TRI_G,84,tubes/test/good/015.png,0,normal_image,32x32,0,1024,0.012252566932147602,0.0007738877087831499,0.005077622830867767,0.009873718023300171,0.017250563018023968,0.031793773919343946,0.0,0.06195151060819626
TRI_G,85,tubes/test/good/016.png,0,normal_image,32x32,0,1024,0.011124234484213957,0.00031374003738164917,0.004237395711243153,0.00886492244899273,0.015589403919875622,0.02960688630118962,0.0,0.07045050710439682
TRI_G,86,tubes/test/good/017.png,0,normal_image,32x32,0,1024,0.01117947670400099,0.00019302293658256532,0.0035719089210033417,0.00875280424952507,0.016269230749458075,0.03040733095258474,0.0,0.08126811683177948
TRI_G,87,tubes/test/good/018.png,0,normal_image,32x32,0,1024,0.011626370689327814,0.00041321041062474255,0.004596472717821598,0.009491199627518654,0.016353062354028225,0.03028035312891005,0.0,0.06312408298254013
TRI_G,88,tubes/test/good/019.png,0,normal_image,32x32,0,1024,0.011006517735495436,0.00012206081300973917,0.003912381827831268,0.008561821654438972,0.015561678912490606,0.0299158775247633,0.0,0.07439110428094864
TRI_G,89,tubes/test/good/020.png,0,normal_image,32x32,0,1024,0.011356855692838508,3.725290298461914e-09,0.0035771005786955357,0.008978400379419327,0.016252516768872738,0.030859163589775557,0.0,0.06630043685436249
TRI_G,90,tubes/test/good/021.png,0,normal_image,32x32,0,1024,0.011409289329321837,8.591664955019957e-05,0.0041138590313494205,0.009128286503255367,0.016291544772684574,0.029487675242125977,0.0,0.062007009983062744
TRI_G,91,tubes/test/good/022.png,0,normal_image,32x32,0,1024,0.011357856477161477,0.0005751268472522499,0.00437972042709589,0.008928260765969753,0.015908061526715755,0.029254049155861137,0.0,0.05578009411692619
TRI_G,92,tubes/test/good/023.png,0,normal_image,32x32,0,1024,0.0117376681080259,0.0004826884251087905,0.0041008032858371735,0.009276311844587326,0.016242609824985266,0.03180222101509571,0.0,0.09895104169845581
TRI_G,93,tubes/test/good/024.png,0,normal_image,32x32,0,1024,0.010653121755694883,0.00020743445493280892,0.0036969631910324097,0.008198016323149204,0.015480819158256054,0.0293010853230953,0.0,0.05579853430390358
TRI_G,94,tubes/test/good/025.png,0,normal_image,32x32,0,1024,0.011787672234504498,0.0001778472214937211,0.004338061437010765,0.009659189730882645,0.016855214722454548,0.0309556407853961,0.0,0.07784504443407059
TRI_G,95,tubes/test/good/026.png,0,normal_image,32x32,0,1024,0.011482615224849724,0.00016354080289602286,0.003968116361647844,0.008594036102294922,0.01606196817010641,0.03248719219118356,0.0,0.07094454765319824
TRI_G,96,tubes/test/good/027.png,0,normal_image,32x32,0,1024,0.011528863162311609,0.00018518175929784782,0.0040900628082454205,0.009151301346719265,0.016738624311983585,0.03079720288515089,0.0,0.055074989795684814
TRI_G,97,tubes/test/good/028.png,0,normal_image,32x32,0,1024,0.011420954352161061,0.0004093280993402005,0.004312119912356138,0.00919780321419239,0.015744857490062714,0.02883441653102636,0.0,0.07644730806350708
TRI_G,98,tubes/test/good/029.png,0,normal_image,32x32,0,1024,0.011266252943187283,0.00017448775470256812,0.0039297956973314285,0.008431695401668549,0.015970430336892605,0.031391598097980006,0.0,0.06553661823272705
TRI_G,99,tubes/test/good/030.png,0,normal_image,32x32,0,1024,0.011371746878012345,0.0002506146673113109,0.003907738719135523,0.008792305365204811,0.01610018964856863,0.030415201745927312,0.0,0.07845993340015411
TRI_G,100,tubes/test/good/031.png,0,normal_image,32x32,0,1024,0.010706272417564833,1.862645149230957e-09,0.0034125749953091145,0.008434714749455452,0.015748433768749237,0.028875165339559312,0.0,0.05748248100280762
BAL_G,0,tubes/test/anomalous/000.png,1,abnormal_normal,32x32,10,1000,0.012772036120295524,0.0010199606418609618,0.005609780550003052,0.010085932910442352,0.01782185584306717,0.0324475347995758,0.0,0.05960661172866821
BAL_G,0,tubes/test/anomalous/000.png,1,defect,32x32,10,24,0.020295452947417896,0.008847270905971528,0.016605738550424576,0.020483165979385376,0.024321619421243668,0.02762046605348587,0.0067667365074157715,0.034447669982910156
BAL_G,0,tubes/test/anomalous/000.png,1,clean_defect,32x32,10,14,0.020436893616403853,0.013890041410923004,0.017394695430994034,0.020483165979385376,0.023260455578565598,0.027191416919231416,0.013268738985061646,0.027749180793762207
BAL_G,0,tubes/test/anomalous/000.png,1,boundary,32x32,10,10,0.020097436010837556,0.007351860404014587,0.01650543138384819,0.021971791982650757,0.024745240807533264,0.030376452207565297,0.0067667365074157715,0.034447669982910156
BAL_G,1,tubes/test/anomalous/001.png,1,abnormal_normal,32x32,10,1002,0.012412061829290942,0.0006918385624885559,0.005232274532318115,0.009974151849746704,0.017031565308570862,0.03150599598884583,0.0,0.07471661269664764
BAL_G,1,tubes/test/anomalous/001.png,1,defect,32x32,10,22,0.0201820663430474,0.007714500278234482,0.014278281480073929,0.019517727196216583,0.024098534137010574,0.03415245711803436,0.007527172565460205,0.045534029603004456
BAL_G,1,tubes/test/anomalous/001.png,1,clean_defect,32x32,10,12,0.020084271828333538,0.01066322773694992,0.01497560366988182,0.020358674228191376,0.02400907501578331,0.030540195107460016,0.007582962512969971,0.03434562683105469
BAL_G,1,tubes/test/anomalous/001.png,1,boundary,32x32,10,10,0.02029941976070404,0.008736117929220199,0.01265973225235939,0.018647216260433197,0.023335643112659454,0.03876072093844412,0.007527172565460205,0.045534029603004456
BAL_G,2,tubes/test/anomalous/002.png,1,abnormal_normal,32x32,9,1002,0.012204641383327173,0.0004506833851337433,0.00491691380739212,0.010349377989768982,0.017357710748910904,0.03044041991233825,0.0,0.06338651478290558
BAL_G,2,tubes/test/anomalous/002.png,1,defect,32x32,9,22,0.01808564297177575,0.005958043038845062,0.011959154158830643,0.015815116465091705,0.026015374809503555,0.03130036666989326,0.005013957619667053,0.03173825144767761
BAL_G,2,tubes/test/anomalous/002.png,1,clean_defect,32x32,9,13,0.018828019499778748,0.01000814437866211,0.014864444732666016,0.016362741589546204,0.026087313890457153,0.030337843298912044,0.007386535406112671,0.03136086463928223
BAL_G,2,tubes/test/anomalous/002.png,1,boundary,32x32,9,9,0.017013321320215862,0.005361518263816834,0.007665172219276428,0.014498278498649597,0.02579955756664276,0.031103312969207764,0.005013957619667053,0.03173825144767761
BAL_G,3,tubes/test/anomalous/003.png,1,abnormal_normal,32x32,9,1002,0.012403897822141172,0.0007608696818351746,0.004963047802448273,0.009762115776538849,0.01689869537949562,0.03253795132040974,0.0,0.09786999225616455
BAL_G,3,tubes/test/anomalous/003.png,1,defect,32x32,9,22,0.01747270944443616,0.0086155503988266,0.010737661272287369,0.015315227210521698,0.024163782596588135,0.0273431196808815,0.0051155537366867065,0.033125072717666626
BAL_G,3,tubes/test/anomalous/003.png,1,clean_defect,32x32,9,13,0.018153766026863687,0.007230126857757569,0.014275893568992615,0.01709449291229248,0.02460843324661255,0.026332306861877437,0.0051155537366867065,0.027370572090148926
BAL_G,3,tubes/test/anomalous/003.png,1,boundary,32x32,9,9,0.016488961047596402,0.008909875154495239,0.009559258818626404,0.012767881155014038,0.02228318154811859,0.03060365319252014,0.008614271879196167,0.033125072717666626
BAL_G,4,tubes/test/anomalous/004.png,1,abnormal_normal,32x32,9,1003,0.013204639151707246,0.0007192328572273255,0.004854544997215271,0.010245129466056824,0.01790238916873932,0.035273320972919464,0.0,0.09010778367519379
BAL_G,4,tubes/test/anomalous/004.png,1,defect,32x32,9,21,0.01799708746728443,0.00886884331703186,0.011992216110229492,0.01747286319732666,0.02392120659351349,0.0292799174785614,0.006722003221511841,0.03336435556411743
BAL_G,4,tubes/test/anomalous/004.png,1,clean_defect,32x32,9,12,0.01858933021624883,0.007902765274047851,0.014856301248073578,0.018446922302246094,0.022834520787000656,0.028801056742668148,0.006722003221511841,0.03336435556411743
BAL_G,4,tubes/test/anomalous/004.png,1,boundary,32x32,9,9,0.017207430468665227,0.009685194492340088,0.010961383581161499,0.015268385410308838,0.024475663900375366,0.02737504243850708,0.009126424789428711,0.0292799174785614
BAL_G,5,tubes/test/anomalous/005.png,1,abnormal_normal,32x32,8,1003,0.011986886204061575,0.0004793137311935425,0.00477977842092514,0.009541511535644531,0.016564063727855682,0.03241171836853027,0.0,0.07955899834632874
BAL_G,5,tubes/test/anomalous/005.png,1,defect,32x32,8,21,0.015930107661655972,0.007992193102836609,0.01084241271018982,0.01531459391117096,0.02100159227848053,0.025011777877807617,0.007133021950721741,0.02750927209854126
BAL_G,5,tubes/test/anomalous/005.png,1,clean_defect,32x32,8,13,0.014073533507493826,0.0076485246419906614,0.010363936424255371,0.01306009292602539,0.017001956701278687,0.02229505181312561,0.007133021950721741,0.023419559001922607
BAL_G,5,tubes/test/anomalous/005.png,1,boundary,32x32,8,8,0.018947040662169456,0.010728711634874344,0.014196548610925674,0.020408548414707184,0.022313207387924194,0.026635149121284483,0.010667487978935242,0.02750927209854126
BAL_G,6,tubes/test/anomalous/006.png,1,abnormal_normal,32x32,4,1008,0.012235731950828008,0.0012250229716300963,0.0051096342504024506,0.009700067341327667,0.01647241786122322,0.03268000110983848,0.0,0.08025139570236206
BAL_G,6,tubes/test/anomalous/006.png,1,defect,32x32,4,16,0.02432716265320778,0.007074050605297089,0.01605070009827614,0.02261190116405487,0.029358308762311935,0.04685923829674721,0.004372596740722656,0.058306023478507996
BAL_G,6,tubes/test/anomalous/006.png,1,clean_defect,32x32,4,12,0.025226240356763203,0.009649240225553513,0.01605070009827614,0.020572781562805176,0.03124888986349106,0.04991171434521674,0.0079745352268219,0.058306023478507996
BAL_G,6,tubes/test/anomalous/006.png,1,boundary,32x32,4,4,0.021629929542541504,0.0072683945298194896,0.018851585686206818,0.02404821664094925,0.026826560497283936,0.032605862617492674,0.004372596740722656,0.03405068814754486
BAL_G,7,tubes/test/anomalous/007.png,1,abnormal_normal,32x32,9,1003,0.012424267717040072,0.0008803248405456543,0.0049157291650772095,0.010083138942718506,0.016936376690864563,0.03199113607406616,0.0,0.0711946040391922
BAL_G,7,tubes/test/anomalous/007.png,1,defect,32x32,9,21,0.019517675042152405,0.011790022253990173,0.014948084950447083,0.01662999391555786,0.022086411714553833,0.03236585855484009,0.0095549076795578,0.04476204514503479
BAL_G,7,tubes/test/anomalous/007.png,1,clean_defect,32x32,9,12,0.020671724031368893,0.012198705971240998,0.015154778957366943,0.01683659851551056,0.022131305187940598,0.037944142520427694,0.0095549076795578,0.04476204514503479
BAL_G,7,tubes/test/anomalous/007.png,1,boundary,32x32,9,9,0.017978943056530423,0.012012115120887757,0.012905105948448181,0.016306430101394653,0.022086411714553833,0.025167801976203916,0.011790022253990173,0.026199623942375183
BAL_G,8,tubes/test/anomalous/008.png,1,abnormal_normal,32x32,8,1005,0.010545510305694087,0.0006171941757202149,0.004135459661483765,0.008292824029922485,0.014870673418045044,0.02811734676361081,0.0,0.06161293387413025
BAL_G,8,tubes/test/anomalous/008.png,1,defect,32x32,8,19,0.018178844922467283,0.005704924464225769,0.00926882028579712,0.01681336760520935,0.024293921887874603,0.034897762537002545,0.005501210689544678,0.0411514937877655
BAL_G,8,tubes/test/anomalous/008.png,1,clean_defect,32x32,8,11,0.021876921707933598,0.007509745657444,0.015680432319641113,0.019244015216827393,0.031115643680095673,0.03767719864845276,0.005727559328079224,0.0411514937877655
BAL_G,8,tubes/test/anomalous/008.png,1,boundary,32x32,8,8,0.013093989342451096,0.0057051382958889,0.007092751562595367,0.00980454683303833,0.018477901816368103,0.025278677791357035,0.005501210689544678,0.027965128421783447
BAL_G,9,tubes/test/anomalous/009.png,1,abnormal_normal,32x32,10,1003,0.011704369562335408,0.0007670104503631592,0.0044927895069122314,0.009212732315063477,0.01630868762731552,0.031120388209819792,0.0,0.09236514568328857
BAL_G,9,tubes/test/anomalous/009.png,1,defect,32x32,10,21,0.02414221635886601,0.012888103723526001,0.018569231033325195,0.022187918424606323,0.028828561305999756,0.040512263774871826,0.004434481263160706,0.041507720947265625
BAL_G,9,tubes/test/anomalous/009.png,1,clean_defect,32x32,10,11,0.02626159516247836,0.017074398696422577,0.019321508705615997,0.026654109358787537,0.02987825870513916,0.038519419729709625,0.016769826412200928,0.041507720947265625
BAL_G,9,tubes/test/anomalous/009.png,1,boundary,32x32,10,10,0.021810899674892425,0.008238611370325088,0.01869840919971466,0.020033009350299835,0.027168400585651398,0.03647315874695777,0.004434481263160706,0.040512263774871826
BAL_G,10,tubes/test/anomalous/010.png,1,abnormal_normal,32x32,8,1004,0.012434064733435907,0.0008554331958293915,0.0049995072185993195,0.01025601476430893,0.016902592033147812,0.03379867672920223,0.0,0.07605153322219849
BAL_G,10,tubes/test/anomalous/010.png,1,defect,32x32,8,20,0.022064189612865447,0.0053613103926181795,0.01129438728094101,0.021143004298210144,0.02834673970937729,0.051607115566730505,0.0025854259729385376,0.055821359157562256
BAL_G,10,tubes/test/anomalous/010.png,1,clean_defect,32x32,8,12,0.025087608645359676,0.010059579461812972,0.018188685178756714,0.023235619068145752,0.030719488859176636,0.04454281628131865,0.006019875407218933,0.055821359157562256
BAL_G,10,tubes/test/anomalous/010.png,1,boundary,32x32,8,8,0.017529061064124107,0.003608120232820511,0.006892189383506775,0.011169299483299255,0.02485806494951248,0.04280733615159987,0.0025854259729385376,0.051385313272476196
BAL_G,11,tubes/test/anomalous/011.png,1,abnormal_normal,32x32,8,1004,0.012684141764365345,0.001093229651451111,0.005036193877458572,0.010178983211517334,0.01737777143716812,0.032874244451522816,0.0,0.06930382549762726
BAL_G,11,tubes/test/anomalous/011.png,1,defect,32x32,8,20,0.029915175586938857,0.01167164146900177,0.01350283995270729,0.024360090494155884,0.039505746215581894,0.06403961330652237,0.008873432874679565,0.07528230547904968
BAL_G,11,tubes/test/anomalous/011.png,1,clean_defect,32x32,8,12,0.03435358529289564,0.011155623197555541,0.01350283995270729,0.020759031176567078,0.05843507498502731,0.06877337843179702,0.008873432874679565,0.07528230547904968
BAL_G,11,tubes/test/anomalous/011.png,1,boundary,32x32,8,8,0.023257561028003693,0.012187686562538148,0.013819478452205658,0.027061037719249725,0.028073355555534363,0.03368662521243095,0.011818915605545044,0.0356341153383255
BAL_G,12,tubes/test/anomalous/012.png,1,abnormal_normal,32x32,9,1003,0.011367518577356994,0.00029751509428024294,0.004003144800662994,0.008816167712211609,0.01622806489467621,0.031087733805179592,0.0,0.0755322128534317
BAL_G,12,tubes/test/anomalous/012.png,1,defect,32x32,9,21,0.021919813894090198,0.009392112493515015,0.014572471380233765,0.021540269255638123,0.02825295925140381,0.034918129444122314,0.004181340336799622,0.043360352516174316
BAL_G,12,tubes/test/anomalous/012.png,1,clean_defect,32x32,9,12,0.024603668600320816,0.007047265022993088,0.015852775424718857,0.02757471799850464,0.03258826956152916,0.03871712982654571,0.004181340336799622,0.043360352516174316
BAL_G,12,tubes/test/anomalous/012.png,1,boundary,32x32,9,9,0.018341340952449374,0.012672561407089233,0.014572471380233765,0.01677606999874115,0.021540269255638123,0.02615717053413391,0.011962711811065674,0.02825295925140381
BAL_G,13,tubes/test/anomalous/013.png,1,abnormal_normal,32x32,5,1015,0.011569027360436952,0.0007288753986358643,0.0040743350982666016,0.00869762897491455,0.01610460877418518,0.030458904802799225,0.0,0.08916822075843811
BAL_G,13,tubes/test/anomalous/013.png,1,defect,32x32,5,9,0.01735621194044749,0.007842558622360229,0.010550975799560547,0.011367112398147583,0.01451718807220459,0.03984551429748535,0.0074748992919921875,0.042399853467941284
BAL_G,13,tubes/test/anomalous/013.png,1,clean_defect,32x32,5,4,0.018217235803604126,0.011248951405286789,0.011332359164953232,0.012813419103622437,0.01969829574227333,0.03275086358189582,0.011228099465370178,0.03601400554180145
BAL_G,13,tubes/test/anomalous/013.png,1,boundary,32x32,5,5,0.01666739284992218,0.007658728957176208,0.008394047617912292,0.010550975799560547,0.01451718807220459,0.03682332038879394,0.0074748992919921875,0.042399853467941284
BAL_G,14,tubes/test/anomalous/014.png,1,abnormal_normal,32x32,5,1013,0.011984305505926728,0.0007708013057708741,0.004700019955635071,0.009830623865127563,0.016912326216697693,0.030254164338111875,0.0,0.09473887085914612
BAL_G,14,tubes/test/anomalous/014.png,1,defect,32x32,5,11,0.016417164694179188,0.005141019821166992,0.010215863585472107,0.010997802019119263,0.024244606494903564,0.032798051834106445,0.004648804664611816,0.035431861877441406
BAL_G,14,tubes/test/anomalous/014.png,1,clean_defect,32x32,5,6,0.012373241285483042,0.006761007010936737,0.010180093348026276,0.010642603039741516,0.013586703687906265,0.020657677203416824,0.005633234977722168,0.022727012634277344
BAL_G,14,tubes/test/anomalous/014.png,1,boundary,32x32,5,5,0.021269872784614563,0.005787494778633118,0.010342255234718323,0.025762200355529785,0.030164241790771484,0.03437833786010742,0.004648804664611816,0.035431861877441406
BAL_G,15,tubes/test/anomalous/015.png,1,abnormal_normal,32x32,8,1012,0.011727206526773249,0.0008939154446125032,0.00454624742269516,0.009354151785373688,0.01603393629193306,0.03176808208227157,0.0,0.05826161801815033
BAL_G,15,tubes/test/anomalous/015.png,1,defect,32x32,8,12,0.02132859577735265,0.0037949629127979278,0.009597484022378922,0.018037699162960052,0.02414070814847946,0.05373782142996788,0.0035449713468551636,0.05611002445220947
BAL_G,15,tubes/test/anomalous/015.png,1,clean_defect,32x32,8,4,0.010638967156410217,0.003613150864839554,0.003885868936777115,0.010394051671028137,0.01714714989066124,0.018007665127515792,0.0035449713468551636,0.01822279393672943
BAL_G,15,tubes/test/anomalous/015.png,1,boundary,32x32,8,8,0.026673410087823868,0.009176538139581681,0.015854597091674805,0.021889224648475647,0.03183459863066673,0.054600440710783,0.008808210492134094,0.05611002445220947
BAL_G,16,tubes/test/anomalous/016.png,1,abnormal_normal,32x32,8,1012,0.011334759238444769,0.0005187138915061951,0.004145760089159012,0.00889134407043457,0.015634208917617798,0.02978524938225745,0.0,0.06721547245979309
BAL_G,16,tubes/test/anomalous/016.png,1,defect,32x32,8,12,0.012905598928531012,0.003921954333782196,0.007824275642633438,0.013984158635139465,0.01675216481089592,0.020904069393873213,0.002821624279022217,0.021210283041000366
BAL_G,16,tubes/test/anomalous/016.png,1,clean_defect,32x32,8,4,0.007371541112661362,0.0031217142939567568,0.004322074353694916,0.0065792277455329895,0.009628694504499435,0.012730606645345687,0.002821624279022217,0.013506084680557251
BAL_G,16,tubes/test/anomalous/016.png,1,boundary,32x32,8,8,0.015672627836465836,0.008251123130321503,0.013820715248584747,0.015738874673843384,0.019707873463630676,0.02101541981101036,0.006288409233093262,0.021210283041000366
BAL_G,17,tubes/test/anomalous/017.png,1,abnormal_normal,32x32,3,1015,0.011767093800558832,0.0014002591371536255,0.004861511290073395,0.009786352515220642,0.016247913241386414,0.028013122081756582,0.0,0.06635573506355286
BAL_G,17,tubes/test/anomalous/017.png,1,defect,32x32,3,9,0.019282485047976177,0.01221846342086792,0.01591213047504425,0.017524734139442444,0.022716909646987915,0.02861174941062927,0.010343730449676514,0.03155490756034851
BAL_G,17,tubes/test/anomalous/017.png,1,clean_defect,32x32,3,6,0.018154469629128773,0.015250954777002335,0.016120772808790207,0.01713571697473526,0.019017942249774933,0.02302667871117592,0.01503056287765503,0.024197012186050415
BAL_G,17,tubes/test/anomalous/017.png,1,boundary,32x32,3,3,0.02153851588567098,0.011581048369407654,0.016530320048332214,0.022716909646987915,0.027135908603668213,0.03067110776901245,0.010343730449676514,0.03155490756034851
BAL_G,18,tubes/test/anomalous/018.png,1,abnormal_normal,32x32,3,1015,0.011983589982164318,0.0005467623472213745,0.0045609250664711,0.009821519255638123,0.01694687455892563,0.029693360626697536,0.0,0.06988191604614258
BAL_G,18,tubes/test/anomalous/018.png,1,defect,32x32,3,9,0.017639888657463923,0.011357605457305908,0.013226985931396484,0.015385702252388,0.016364991664886475,0.030826020240783687,0.01108628511428833,0.033404767513275146
BAL_G,18,tubes/test/anomalous/018.png,1,clean_defect,32x32,3,6,0.014194890856742859,0.011255860328674316,0.012528646737337112,0.015103265643119812,0.015656638890504837,0.016210481524467468,0.01108628511428833,0.016364991664886475
BAL_G,18,tubes/test/anomalous/018.png,1,boundary,32x32,3,3,0.024529884258906048,0.014600077271461486,0.020092442631721497,0.02695789933204651,0.030181333422660828,0.03276008069515228,0.013226985931396484,0.033404767513275146
BAL_G,19,tubes/test/anomalous/019.png,1,abnormal_normal,32x32,9,1004,0.013127197277735904,0.0013460040092468262,0.005887776613235474,0.010739743709564209,0.01746412366628647,0.03241757377982139,0.0,0.07202258706092834
BAL_G,19,tubes/test/anomalous/019.png,1,defect,32x32,9,20,0.02046557292342186,0.0074156753718852995,0.01167551800608635,0.01969067007303238,0.026630636304616928,0.033953315019607556,0.0068280696868896484,0.049267783761024475
BAL_G,19,tubes/test/anomalous/019.png,1,clean_defect,32x32,9,11,0.020184045488184147,0.00713733583688736,0.011445172131061554,0.018140152096748352,0.024652011692523956,0.040082111954689026,0.0068280696868896484,0.049267783761024475
BAL_G,19,tubes/test/anomalous/019.png,1,boundary,32x32,9,9,0.020809662010934617,0.008670133352279664,0.012758508324623108,0.022894561290740967,0.027025535702705383,0.030777493119239805,0.008195042610168457,0.03314729034900665
BAL_G,20,tubes/test/anomalous/020.png,1,abnormal_normal,32x32,8,1006,0.01218655508448542,0.0012150853872299194,0.005234513431787491,0.009824760258197784,0.016604840755462646,0.029689285904169083,0.0,0.08213222026824951
BAL_G,20,tubes/test/anomalous/020.png,1,defect,32x32,8,18,0.014553114771842957,0.004939612746238709,0.0076540932059288025,0.012756623327732086,0.02030162885785103,0.03152476921677589,0.0019455254077911377,0.03284713625907898
BAL_G,20,tubes/test/anomalous/020.png,1,clean_defect,32x32,8,10,0.011415278911590577,0.0035306304693222047,0.006692226976156235,0.01046501100063324,0.015707552433013916,0.021450399607419957,0.0019455254077911377,0.025443732738494873
BAL_G,20,tubes/test/anomalous/020.png,1,boundary,32x32,8,8,0.018475409597158432,0.006832653284072876,0.009406380355358124,0.018170133233070374,0.025190044194459915,0.03230263218283653,0.005830481648445129,0.03284713625907898
BAL_G,21,tubes/test/anomalous/021.png,1,abnormal_normal,32x32,11,1004,0.011587958070505187,0.0009652763605117798,0.004590161144733429,0.009034357964992523,0.01508563756942749,0.031899295747280114,0.0,0.0782669335603714
BAL_G,21,tubes/test/anomalous/021.png,1,defect,32x32,11,20,0.012420973926782607,0.0004632160067558289,0.008313804864883423,0.010538473725318909,0.01745690032839775,0.024442777782678605,0.0,0.024593129754066467
BAL_G,21,tubes/test/anomalous/021.png,1,clean_defect,32x32,11,9,0.010568297571606107,0.0031186580657958985,0.007546782493591309,0.010295718908309937,0.013278558850288391,0.018526566028594968,0.000487595796585083,0.02093493938446045
BAL_G,21,tubes/test/anomalous/021.png,1,boundary,32x32,11,11,0.013936800035563383,0.0030474960803985596,0.009270764887332916,0.013761430978775024,0.019415996968746185,0.02451399713754654,0.0,0.024593129754066467
BAL_G,22,tubes/test/anomalous/022.png,1,abnormal_normal,32x32,10,1004,0.011974434349760116,0.0009528070688247683,0.004988830536603928,0.00953836739063263,0.01642366126179695,0.032172107696533184,0.0,0.06963887810707092
BAL_G,22,tubes/test/anomalous/022.png,1,defect,32x32,10,20,0.0156963549554348,0.004450749605894089,0.011646870523691177,0.014982059597969055,0.019803907722234726,0.027829233556985855,0.0,0.028796449303627014
BAL_G,22,tubes/test/anomalous/022.png,1,clean_defect,32x32,10,10,0.015528790652751923,0.0021082498133182526,0.01327500119805336,0.014975659549236298,0.02065279334783554,0.027099500596523284,0.0,0.027778327465057373
BAL_G,22,tubes/test/anomalous/022.png,1,boundary,32x32,10,10,0.015863919258117677,0.008414079993963241,0.01060376688838005,0.015351951122283936,0.018708109855651855,0.02646546214818954,0.008202970027923584,0.028796449303627014
BAL_G,23,tubes/test/anomalous/023.png,1,abnormal_normal,32x32,10,1004,0.011790852682049055,0.0005864575505256654,0.004748240113258362,0.009507626295089722,0.016522999852895737,0.030116629600524893,0.0,0.06941433250904083
BAL_G,23,tubes/test/anomalous/023.png,1,defect,32x32,10,20,0.015227801352739333,0.0027876734733581544,0.011924680322408676,0.015914559364318848,0.01921168714761734,0.02433626875281334,0.0008943229913711548,0.02533012628555298
BAL_G,23,tubes/test/anomalous/023.png,1,clean_defect,32x32,10,10,0.01617404818534851,0.004361889511346817,0.012866228818893433,0.01719745248556137,0.022069070488214493,0.02485935166478157,0.0008943229913711548,0.02533012628555298
BAL_G,23,tubes/test/anomalous/023.png,1,boundary,32x32,10,10,0.014281554520130158,0.004428467154502869,0.01080641895532608,0.01519215852022171,0.01849980652332306,0.02190253138542175,0.002887323498725891,0.023040056228637695
BAL_G,24,tubes/test/anomalous/024.png,1,abnormal_normal,32x32,12,1002,0.012626931294352708,0.0007000446319580079,0.004650227725505829,0.01042291522026062,0.0179658904671669,0.031298601627349834,0.0,0.0809071809053421
BAL_G,24,tubes/test/anomalous/024.png,1,defect,32x32,12,22,0.021027567711743442,0.003988231718540192,0.013807542622089386,0.01664573699235916,0.027910150587558746,0.05086434930562972,0.0034037232398986816,0.05239763855934143
BAL_G,24,tubes/test/anomalous/024.png,1,clean_defect,32x32,12,10,0.026560036838054656,0.00623849481344223,0.01686442270874977,0.023013241589069366,0.035711076110601425,0.05200248211622238,0.005331277847290039,0.05239763855934143
BAL_G,24,tubes/test/anomalous/024.png,1,boundary,32x32,12,12,0.01641717677315076,0.003686325252056122,0.01292942464351654,0.014684595167636871,0.01780007779598236,0.03309248089790343,0.0034037232398986816,0.03841623663902283
BAL_G,25,tubes/test/anomalous/025.png,1,abnormal_normal,32x32,14,1001,0.01274551665568566,0.0007468760013580322,0.0051489174365997314,0.010731354355812073,0.017793476581573486,0.032227590680122375,0.0,0.06369364261627197
BAL_G,25,tubes/test/anomalous/025.png,1,defect,32x32,14,23,0.024811270444289497,0.003952017426490784,0.014155253767967224,0.024025574326515198,0.03632880747318268,0.047070600092411034,0.0,0.0668938159942627
BAL_G,25,tubes/test/anomalous/025.png,1,clean_defect,32x32,14,9,0.023988523417048983,0.003142333030700684,0.008018478751182556,0.017668113112449646,0.035371869802474976,0.05505058765411376,0.0,0.0668938159942627
BAL_G,25,tubes/test/anomalous/025.png,1,boundary,32x32,14,14,0.025340179247515544,0.004588687419891357,0.015825718641281128,0.024183325469493866,0.03762458637356758,0.04411455616354942,0.0038362592458724976,0.047608062624931335
BAL_G,26,tubes/test/anomalous/026.png,1,abnormal_normal,32x32,9,1003,0.012065897078243114,0.0007005110383033752,0.004307791590690613,0.010174646973609924,0.016736261546611786,0.03157063573598862,0.0,0.07466466724872589
BAL_G,26,tubes/test/anomalous/026.png,1,defect,32x32,9,21,0.020477195580800373,0.00931607186794281,0.013358086347579956,0.01984564960002899,0.02387230098247528,0.03900882601737976,0.005677804350852966,0.04154008626937866
BAL_G,26,tubes/test/anomalous/026.png,1,clean_defect,32x32,9,12,0.022051483392715454,0.008196774870157242,0.01534731313586235,0.019804462790489197,0.028339900076389313,0.040147893130779266,0.005677804350852966,0.04154008626937866
BAL_G,26,tubes/test/anomalous/026.png,1,boundary,32x32,9,9,0.018378145164913602,0.010613527894020081,0.013358086347579956,0.02025240659713745,0.02276405692100525,0.024725672602653504,0.00931607186794281,0.025294587016105652
BAL_G,27,tubes/test/anomalous/027.png,1,abnormal_normal,32x32,10,1003,0.012257723796997565,0.0002621352672576904,0.00468030571937561,0.009691283106803894,0.017273150384426117,0.03126644194126129,0.0,0.07182231545448303
BAL_G,27,tubes/test/anomalous/027.png,1,defect,32x32,10,21,0.01790203863666171,0.006049245595932007,0.01194581389427185,0.017144113779067993,0.02188900113105774,0.032457590103149414,0.005241110920906067,0.03559798002243042
BAL_G,27,tubes/test/anomalous/027.png,1,clean_defect,32x32,10,11,0.021560201590711422,0.009171947836875916,0.015826821327209473,0.02118133008480072,0.0283203125,0.03402778506278992,0.005241110920906067,0.03559798002243042
BAL_G,27,tubes/test/anomalous/027.png,1,boundary,32x32,10,10,0.013878059387207032,0.0062425188720226284,0.010881863534450531,0.012333907186985016,0.01769569143652916,0.022204590588808058,0.006049245595932007,0.02246280014514923
BAL_G,28,tubes/test/anomalous/028.png,1,abnormal_normal,32x32,7,1006,0.012368102996771189,0.0003745667636394501,0.004524216055870056,0.009993605315685272,0.016748908907175064,0.03218676522374153,0.0,0.07987676560878754
BAL_G,28,tubes/test/anomalous/028.png,1,defect,32x32,7,18,0.021201065844959684,0.007236465811729431,0.013206813484430313,0.01875212788581848,0.03056032583117485,0.03868701979517936,0.004724293947219849,0.04268811643123627
BAL_G,28,tubes/test/anomalous/028.png,1,clean_defect,32x32,7,11,0.023512979800050907,0.009851329028606415,0.01690177619457245,0.02078928053379059,0.033401668071746826,0.037306398153305054,0.007679790258407593,0.03798094391822815
BAL_G,28,tubes/test/anomalous/028.png,1,boundary,32x32,7,7,0.0175680582012449,0.00619594156742096,0.011210769414901733,0.017075762152671814,0.01803334802389145,0.03532749116420744,0.004724293947219849,0.04268811643123627
BAL_G,29,tubes/test/anomalous/029.png,1,abnormal_normal,32x32,8,1005,0.011694447214330607,0.0006320714950561523,0.004293978214263916,0.00951378047466278,0.015955820679664612,0.030359154939651467,0.0,0.07143785059452057
BAL_G,29,tubes/test/anomalous/029.png,1,defect,32x32,8,19,0.024272245011831586,0.007349446415901184,0.015187457203865051,0.02131001651287079,0.035373538732528687,0.04325835108757019,0.004037588834762573,0.04326757788658142
BAL_G,29,tubes/test/anomalous/029.png,1,clean_defect,32x32,8,11,0.029340596361593765,0.010695256292819977,0.020838730037212372,0.033334746956825256,0.03982985019683838,0.04326245188713074,0.009207352995872498,0.04326757788658142
BAL_G,29,tubes/test/anomalous/029.png,1,boundary,32x32,8,8,0.017303261905908585,0.005325533449649811,0.011678148061037064,0.01781924068927765,0.02000109851360321,0.031612114608287806,0.004037588834762573,0.03715939819812775
BAL_G,30,tubes/test/anomalous/030.png,1,abnormal_normal,32x32,12,999,0.011615879274345375,0.0006242215633392338,0.004582621157169342,0.009934395551681519,0.016659647226333618,0.028531160950660703,0.0,0.05962051451206207
BAL_G,30,tubes/test/anomalous/030.png,1,defect,32x32,12,25,0.020786459445953368,0.010180017352104187,0.015086278319358826,0.019511550664901733,0.022941172122955322,0.040429550409317,0.009356677532196045,0.04189765453338623
BAL_G,30,tubes/test/anomalous/030.png,1,clean_defect,32x32,12,13,0.020463076921609733,0.009774261713027954,0.018826156854629517,0.020966261625289917,0.022941172122955322,0.030223184823989856,0.009356677532196045,0.03570941090583801
BAL_G,30,tubes/test/anomalous/030.png,1,boundary,32x32,12,12,0.02113679051399231,0.011463453620672226,0.015050411224365234,0.016826041042804718,0.02242804318666458,0.041739216446876524,0.01068948209285736,0.04189765453338623
BAL_G,31,tubes/test/anomalous/031.png,1,abnormal_normal,32x32,6,1004,0.01296234304508365,0.0009857237339019776,0.005270622670650482,0.010438516736030579,0.018020402640104294,0.0347268134355545,0.0,0.0702449232339859
BAL_G,31,tubes/test/anomalous/031.png,1,defect,32x32,6,20,0.026964875310659407,0.013683169335126878,0.016925781965255737,0.02342650294303894,0.032026298344135284,0.054559527337551136,0.009712368249893188,0.07658356428146362
BAL_G,31,tubes/test/anomalous/031.png,1,clean_defect,32x32,6,14,0.029628255537578037,0.013414244353771209,0.01932527869939804,0.02505190670490265,0.032968781888484955,0.061514486372470846,0.009712368249893188,0.07658356428146362
BAL_G,31,tubes/test/anomalous/031.png,1,boundary,32x32,6,6,0.020750321447849274,0.014142457395792007,0.01515534520149231,0.017700552940368652,0.0221928209066391,0.033684566617012024,0.01389215886592865,0.037211477756500244
BAL_G,32,tubes/test/anomalous/032.png,1,abnormal_normal,32x32,11,1002,0.011751332221749776,0.0005526244640350342,0.004247814416885376,0.009389340877532959,0.0162564255297184,0.032221678644418696,0.0,0.0930052101612091
BAL_G,32,tubes/test/anomalous/032.png,1,defect,32x32,11,22,0.014944943514737215,0.005103357881307602,0.011677950620651245,0.01510736346244812,0.01985408365726471,0.02388139814138412,0.0014480352401733398,0.024153947830200195
BAL_G,32,tubes/test/anomalous/032.png,1,clean_defect,32x32,11,11,0.016152211210944435,0.006703659892082214,0.012174457311630249,0.018745988607406616,0.020210623741149902,0.022566944360733032,0.004981040954589844,0.024024009704589844
BAL_G,32,tubes/test/anomalous/032.png,1,boundary,32x32,11,11,0.013737675818529997,0.004437707364559174,0.01079469919204712,0.013743817806243896,0.016608968377113342,0.02266286313533783,0.0014480352401733398,0.024153947830200195
BAL_G,33,tubes/test/anomalous/033.png,1,abnormal_normal,32x32,11,1001,0.012459112452222155,0.000865936279296875,0.004630580544471741,0.009807035326957703,0.01757514476776123,0.032255008816719055,0.0,0.0849168598651886
BAL_G,33,tubes/test/anomalous/033.png,1,defect,32x32,11,23,0.021907468204912933,0.013584877550601959,0.017509371042251587,0.021410495042800903,0.025504112243652344,0.03238459825515747,0.01025816798210144,0.032592445611953735
BAL_G,33,tubes/test/anomalous/033.png,1,clean_defect,32x32,11,12,0.02355312928557396,0.016126327216625214,0.02104540914297104,0.021862812340259552,0.027697227895259857,0.032487279176712035,0.013565272092819214,0.032592445611953735
BAL_G,33,tubes/test/anomalous/033.png,1,boundary,32x32,11,11,0.02011220157146454,0.012009747326374054,0.016345545649528503,0.01791784167289734,0.023386716842651367,0.03112475574016571,0.01025816798210144,0.03223487734794617
BAL_G,34,tubes/test/anomalous/034.png,1,abnormal_normal,32x32,12,1001,0.011667818486035526,0.0006325393915176392,0.004607275128364563,0.009348347783088684,0.016087666153907776,0.031163007020950317,0.0,0.061852604150772095
BAL_G,34,tubes/test/anomalous/034.png,1,defect,32x32,12,23,0.0254305529853572,0.012488642334938049,0.018332496285438538,0.025544404983520508,0.030050180852413177,0.04003151059150696,0.009743213653564453,0.049341440200805664
BAL_G,34,tubes/test/anomalous/034.png,1,clean_defect,32x32,12,11,0.02394627034664154,0.013321571052074432,0.01866684854030609,0.025544404983520508,0.02835772931575775,0.03523711860179901,0.012426793575286865,0.038256287574768066
BAL_G,34,tubes/test/anomalous/034.png,1,boundary,32x32,12,12,0.02679114540417989,0.011559350788593293,0.017892740666866302,0.02579517662525177,0.03312962129712105,0.04423001706600189,0.009743213653564453,0.049341440200805664
BAL_G,35,tubes/test/anomalous/035.png,1,abnormal_normal,32x32,9,1003,0.012191840994393719,0.0006057277321815491,0.004751957952976227,0.010152831673622131,0.017553329467773438,0.030890914797782894,0.0,0.06890299916267395
BAL_G,35,tubes/test/anomalous/035.png,1,defect,32x32,9,21,0.021096257936386836,0.008819341659545898,0.014738738536834717,0.020139575004577637,0.02753680944442749,0.0348481684923172,0.0,0.03599834442138672
BAL_G,35,tubes/test/anomalous/035.png,1,clean_defect,32x32,9,12,0.01735589901606242,0.004850637912750245,0.01286856085062027,0.01703988015651703,0.02307961881160736,0.03121252059936523,0.0,0.03358978033065796
BAL_G,35,tubes/test/anomalous/035.png,1,boundary,32x32,9,9,0.026083403163486056,0.016662418842315674,0.020139575004577637,0.026853278279304504,0.03139975666999817,0.035538274049758914,0.014738738536834717,0.03599834442138672
BAL_G,36,tubes/test/anomalous/036.png,1,abnormal_normal,32x32,10,1002,0.011745756004979749,0.0007104076445102692,0.00476604700088501,0.009689085185527802,0.016588158905506134,0.02933492809534072,0.0,0.0647478848695755
BAL_G,36,tubes/test/anomalous/036.png,1,defect,32x32,10,22,0.02024681866168976,0.004899206012487412,0.014194071292877197,0.02089725434780121,0.024388156831264496,0.03421554788947105,0.0,0.04177263379096985
BAL_G,36,tubes/test/anomalous/036.png,1,clean_defect,32x32,10,12,0.016942954311768215,0.006249944865703583,0.013473130762577057,0.018434442579746246,0.02271401137113571,0.025033044815063476,0.0,0.02624252438545227
BAL_G,36,tubes/test/anomalous/036.png,1,boundary,32x32,10,10,0.024211455881595612,0.007231196016073227,0.020034290850162506,0.023945331573486328,0.03224420174956322,0.038382864743471135,0.004607707262039185,0.04177263379096985
BAL_G,37,tubes/test/anomalous/037.png,1,abnormal_normal,32x32,9,1004,0.012077983260985865,0.0006719455122947697,0.004732117056846619,0.009594082832336426,0.016550209373235703,0.03213684558868404,0.0,0.07589802145957947
BAL_G,37,tubes/test/anomalous/037.png,1,defect,32x32,9,20,0.017935463041067124,0.005029925704002381,0.009019877761602402,0.016036905348300934,0.02288667857646942,0.03913911134004593,0.00260317325592041,0.04782821238040924
BAL_G,37,tubes/test/anomalous/037.png,1,clean_defect,32x32,9,11,0.019848087971860714,0.008282527327537537,0.010613769292831421,0.013595595955848694,0.024437852203845978,0.043255001306533813,0.008261561393737793,0.04782821238040924
BAL_G,37,tubes/test/anomalous/037.png,1,boundary,32x32,9,9,0.01559781034787496,0.0036249637603759767,0.007069587707519531,0.018478214740753174,0.02242465317249298,0.028231498599052426,0.00260317325592041,0.03087066113948822
BAL_G,38,tubes/test/anomalous/038.png,1,abnormal_normal,32x32,10,1002,0.012132549208557296,0.0001912623643875122,0.00463041290640831,0.009900420904159546,0.017025835812091827,0.03305011615157125,0.0,0.08654913306236267
BAL_G,38,tubes/test/anomalous/038.png,1,defect,32x32,10,22,0.017540479248220272,0.0067482955753803255,0.010967515408992767,0.01699844002723694,0.023236501961946487,0.03169317990541458,0.006419181823730469,0.03707176446914673
BAL_G,38,tubes/test/anomalous/038.png,1,clean_defect,32x32,10,12,0.018754587819178898,0.010653375089168549,0.01302327960729599,0.016998901963233948,0.02113001048564911,0.03298479616641998,0.008731678128242493,0.03707176446914673
BAL_G,38,tubes/test/anomalous/038.png,1,boundary,32x32,10,10,0.016083548963069915,0.006557181477546692,0.00775720551609993,0.014075063169002533,0.023236501961946487,0.028673832118511194,0.006419181823730469,0.031801193952560425
BAL_G,39,tubes/test/anomalous/039.png,1,abnormal_normal,32x32,10,1004,0.012462021270952377,0.0010974064469337467,0.005295407027006149,0.010137073695659637,0.0171065591275692,0.03008268252015113,0.0,0.08693291246891022
BAL_G,39,tubes/test/anomalous/039.png,1,defect,32x32,10,20,0.019583512842655183,0.007605844736099244,0.014559630304574966,0.018603555858135223,0.024068988859653473,0.03336266875267029,0.005366235971450806,0.03451406955718994
BAL_G,39,tubes/test/anomalous/039.png,1,clean_defect,32x32,10,10,0.022369381785392762,0.008654503524303437,0.015959151089191437,0.02426333725452423,0.02924652397632599,0.03396866917610168,0.005366235971450806,0.03451406955718994
BAL_G,39,tubes/test/anomalous/039.png,1,boundary,32x32,10,10,0.016797643899917603,0.010123759508132935,0.013986509293317795,0.01755353808403015,0.019771184772253036,0.022406391799449917,0.007723718881607056,0.023803621530532837
BAL_G,40,tubes/test/anomalous/040.png,1,abnormal_normal,32x32,8,1005,0.01274895427831963,0.0011636376380920411,0.005818590521812439,0.010920196771621704,0.017846137285232544,0.03136897683143614,0.0,0.062388449907302856
BAL_G,40,tubes/test/anomalous/040.png,1,defect,32x32,8,19,0.026114009712871752,0.010196800529956817,0.013517558574676514,0.02249276638031006,0.037795767188072205,0.04677712321281432,0.008062660694122314,0.05246630311012268
BAL_G,40,tubes/test/anomalous/040.png,1,clean_defect,32x32,8,11,0.02957410297610543,0.01007416844367981,0.018044903874397278,0.02732519805431366,0.04194043576717377,0.04930564761161804,0.008062660694122314,0.05246630311012268
BAL_G,40,tubes/test/anomalous/040.png,1,boundary,32x32,8,8,0.021356381475925446,0.010985315591096879,0.0128379687666893,0.016967959702014923,0.026270948350429535,0.03998055756092071,0.010433927178382874,0.041259437799453735
BAL_G,41,tubes/test/anomalous/041.png,1,abnormal_normal,32x32,9,1005,0.012158799245582884,0.0007900118827819825,0.0054723769426345825,0.010081067681312561,0.017039388418197632,0.029827582836151112,0.0,0.05839121341705322
BAL_G,41,tubes/test/anomalous/041.png,1,defect,32x32,9,19,0.016525993221684507,0.005086679756641388,0.010515101253986359,0.015640616416931152,0.021966472268104553,0.030068954825401294,0.001527160406112671,0.03469742834568024
BAL_G,41,tubes/test/anomalous/041.png,1,clean_defect,32x32,9,10,0.017823344469070433,0.008984232693910599,0.01129211112856865,0.015630431473255157,0.022973012179136276,0.03238319158554077,0.008074447512626648,0.03469742834568024
BAL_G,41,tubes/test/anomalous/041.png,1,boundary,32x32,9,9,0.015084491835700141,0.003109169006347656,0.009547710418701172,0.016778483986854553,0.01934826374053955,0.025167909264564515,0.001527160406112671,0.02555672824382782
BAL_G,42,tubes/test/anomalous/042.png,1,abnormal_normal,32x32,10,1003,0.012035663038165358,0.0007533282041549683,0.0050081536173820496,0.009761631488800049,0.016493849456310272,0.031438986957073214,0.0,0.07024982571601868
BAL_G,42,tubes/test/anomalous/042.png,1,defect,32x32,10,21,0.018783168423743474,0.00740477442741394,0.013429924845695496,0.017640531063079834,0.020262226462364197,0.02925392985343933,0.005549401044845581,0.06261217594146729
BAL_G,42,tubes/test/anomalous/042.png,1,clean_defect,32x32,10,11,0.02217805791984905,0.007720157504081726,0.015114821493625641,0.01813851296901703,0.025203563272953033,0.04593305289745331,0.00740477442741394,0.06261217594146729
BAL_G,42,tubes/test/anomalous/042.png,1,boundary,32x32,10,10,0.015048789978027343,0.0074766620993614195,0.011476416140794754,0.014365099370479584,0.019230708479881287,0.022230195999145504,0.005549401044845581,0.02384035289287567
BAL_G,43,tubes/test/anomalous/043.png,1,abnormal_normal,32x32,9,1006,0.01137407475093724,0.0002885200083255768,0.0039677731692790985,0.00901852548122406,0.015425778925418854,0.031117141246795654,0.0,0.06937049329280853
BAL_G,43,tubes/test/anomalous/043.png,1,defect,32x32,9,18,0.01825961387819714,0.00733470693230629,0.013113778084516525,0.01657930016517639,0.02110423520207405,0.030025083571672412,0.0038067102432250977,0.04719908535480499
BAL_G,43,tubes/test/anomalous/043.png,1,clean_defect,32x32,9,9,0.015490401122305129,0.009591391682624817,0.01288972795009613,0.014996498823165894,0.016676336526870728,0.02341906428337097,0.007957294583320618,0.025159746408462524
BAL_G,43,tubes/test/anomalous/043.png,1,boundary,32x32,9,9,0.021028826634089153,0.007290089130401611,0.016482263803482056,0.019913792610168457,0.021252423524856567,0.03911720216274261,0.0038067102432250977,0.04719908535480499
BAL_G,44,tubes/test/anomalous/044.png,1,abnormal_normal,32x32,11,1005,0.011757323842736618,0.00037991404533386234,0.004592269659042358,0.009299501776695251,0.01655299961566925,0.03079404830932616,0.0,0.06957519054412842
BAL_G,44,tubes/test/anomalous/044.png,1,defect,32x32,11,19,0.015412599632614538,0.002997100353240967,0.009369656443595886,0.012848839163780212,0.019537240266799927,0.03300484716892241,0.002276122570037842,0.03898319602012634
BAL_G,44,tubes/test/anomalous/044.png,1,clean_defect,32x32,11,8,0.01787003129720688,0.010295239835977554,0.012545980513095856,0.017031222581863403,0.02146030217409134,0.028042919933795925,0.009572535753250122,0.0301971435546875
BAL_G,44,tubes/test/anomalous/044.png,1,boundary,32x32,11,11,0.013625376603820107,0.002676665782928467,0.00625455379486084,0.0097581148147583,0.01571640372276306,0.03566189110279083,0.002276122570037842,0.03898319602012634
BAL_G,45,tubes/test/anomalous/045.png,1,abnormal_normal,32x32,12,1003,0.011658377224878442,0.0006452083587646485,0.004631757736206055,0.009394288063049316,0.016022466123104095,0.028728839755058286,0.0,0.08439509570598602
BAL_G,45,tubes/test/anomalous/045.png,1,defect,32x32,12,21,0.017696589941070193,0.0021290332078933716,0.010819107294082642,0.020736560225486755,0.02408146858215332,0.035980284214019775,0.0,0.037631407380104065
BAL_G,45,tubes/test/anomalous/045.png,1,clean_defect,32x32,12,9,0.021914016869333055,0.009480687975883483,0.012752145528793335,0.022638753056526184,0.028173789381980896,0.03697095811367035,0.008391007781028748,0.037631407380104065
BAL_G,45,tubes/test/anomalous/045.png,1,boundary,32x32,12,12,0.014533519744873047,0.0011709682643413545,0.008500948548316956,0.016776882112026215,0.02211388573050499,0.024169807136058808,0.0,0.02427777647972107
BAL_G,46,tubes/test/anomalous/046.png,1,abnormal_normal,32x32,12,1003,0.011063364409615962,0.00046036094427108774,0.004315897822380066,0.009036526083946228,0.015157267451286316,0.027942737936973557,0.0,0.06135520339012146
BAL_G,46,tubes/test/anomalous/046.png,1,defect,32x32,12,21,0.020503126439594087,0.003943145275115967,0.01174694299697876,0.019716978073120117,0.02485494315624237,0.044293761253356934,0.0034033656120300293,0.04617483913898468
BAL_G,46,tubes/test/anomalous/046.png,1,clean_defect,32x32,12,9,0.024352197845776875,0.008930593729019165,0.012864261865615845,0.021649867296218872,0.03418798744678497,0.045422407984733584,0.008899390697479248,0.04617483913898468
BAL_G,46,tubes/test/anomalous/046.png,1,boundary,32x32,12,12,0.017616322884956997,0.003700244426727295,0.011193223297595978,0.019369937479496002,0.022421978414058685,0.029591261595487587,0.0034033656120300293,0.03538009524345398
BAL_G,47,tubes/test/anomalous/047.png,1,abnormal_normal,32x32,11,1003,0.012120417663725399,0.0007036417722702026,0.00485847145318985,0.009931623935699463,0.016228213906288147,0.029918985068798063,0.0,0.08121465146541595
BAL_G,47,tubes/test/anomalous/047.png,1,defect,32x32,11,21,0.019846159787405105,0.0027071237564086914,0.011513754725456238,0.01940476894378662,0.027205675840377808,0.040293216705322266,0.0,0.046639323234558105
BAL_G,47,tubes/test/anomalous/047.png,1,clean_defect,32x32,11,10,0.019519411027431488,0.008418868482112884,0.015353985130786896,0.016322456300258636,0.025273680686950684,0.034516757726669296,0.005886688828468323,0.040293216705322266
BAL_G,47,tubes/test/anomalous/047.png,1,boundary,32x32,11,11,0.020143204114653847,0.0013535618782043457,0.007242217659950256,0.023559004068374634,0.027525626122951508,0.04046227037906647,0.0,0.046639323234558105
BAL_G,48,tubes/test/anomalous/048.png,1,abnormal_normal,32x32,10,1002,0.011923409938931227,0.00035451725125312805,0.004826776683330536,0.009597361087799072,0.016688741743564606,0.03006124719977377,0.0,0.10408857464790344
BAL_G,48,tubes/test/anomalous/048.png,1,defect,32x32,10,22,0.014689863405444405,0.004346925020217896,0.007687464356422424,0.013249918818473816,0.02231191098690033,0.02922070249915123,0.0026621073484420776,0.03023625910282135
BAL_G,48,tubes/test/anomalous/048.png,1,clean_defect,32x32,10,12,0.016207195818424225,0.003877487778663635,0.0089317187666893,0.013305440545082092,0.02484026923775673,0.029763370752334595,0.0026621073484420776,0.03023625910282135
BAL_G,48,tubes/test/anomalous/048.png,1,boundary,32x32,10,10,0.012869064509868623,0.005120068788528442,0.007307298481464386,0.013249918818473816,0.015015289187431335,0.023753073066473,0.004319295287132263,0.02618144452571869
BAL_G,49,tubes/test/anomalous/049.png,1,abnormal_normal,32x32,6,1011,0.013037032561061644,0.0014892518520355225,0.005786634981632233,0.010497376322746277,0.017763853073120117,0.032394394278526306,0.0,0.0681607723236084
BAL_G,49,tubes/test/anomalous/049.png,1,defect,32x32,6,13,0.01897155550810007,0.012039253115653991,0.013556212186813354,0.01677095890045166,0.021757841110229492,0.030870407819747918,0.011447817087173462,0.03398561477661133
BAL_G,49,tubes/test/anomalous/049.png,1,clean_defect,32x32,6,7,0.018429421952792575,0.011743535101413728,0.013694696128368378,0.01677095890045166,0.022302091121673584,0.027896802127361297,0.011447817087173462,0.02879360318183899
BAL_G,49,tubes/test/anomalous/049.png,1,boundary,32x32,6,6,0.019604044655958813,0.01307370513677597,0.014017097651958466,0.01770586520433426,0.0213213749229908,0.03092867136001587,0.012912869453430176,0.03398561477661133
BAL_G,50,tubes/test/anomalous/050.png,1,abnormal_normal,32x32,6,1012,0.01245387505165673,0.0007029667496681214,0.005098890513181686,0.009861066937446594,0.017903871834278107,0.031246412545442578,0.0,0.07700738310813904
BAL_G,50,tubes/test/anomalous/050.png,1,defect,32x32,6,12,0.023588813841342926,0.010202684998512268,0.01287151500582695,0.026031792163848877,0.029490817338228226,0.041143548488616934,0.009564638137817383,0.04916366934776306
BAL_G,50,tubes/test/anomalous/050.png,1,clean_defect,32x32,6,6,0.023658429582913715,0.011578395962715149,0.01704350858926773,0.026031792163848877,0.029407866299152374,0.033546529710292816,0.01072472333908081,0.03458163142204285
BAL_G,50,tubes/test/anomalous/050.png,1,boundary,32x32,6,6,0.023519198099772137,0.010071054100990295,0.012017372995615005,0.020811282098293304,0.028961505740880966,0.04416625574231148,0.009564638137817383,0.04916366934776306
BAL_G,51,tubes/test/anomalous/051.png,1,abnormal_normal,32x32,7,1012,0.012879690471962978,0.00061846524477005,0.005474161356687546,0.010522976517677307,0.017778705805540085,0.03233164697885508,0.0,0.09811635315418243
BAL_G,51,tubes/test/anomalous/051.png,1,defect,32x32,7,12,0.02424824982881546,0.012400750815868378,0.016233589500188828,0.020545780658721924,0.03447139635682106,0.04055915251374244,0.011609822511672974,0.045430123805999756
BAL_G,51,tubes/test/anomalous/051.png,1,clean_defect,32x32,7,5,0.029452419281005858,0.019267261028289795,0.02267664670944214,0.025681912899017334,0.03505849838256836,0.043355798721313475,0.01841491460800171,0.045430123805999756
BAL_G,51,tubes/test/anomalous/051.png,1,boundary,32x32,7,7,0.020530985934393748,0.012041237950325013,0.013413481414318085,0.017051756381988525,0.025827273726463318,0.03588437736034393,0.011609822511672974,0.03657381236553192
BAL_G,52,tubes/test/anomalous/052.png,1,abnormal_normal,32x32,7,1012,0.012924633861294848,0.0005902945995330814,0.005191206932067871,0.01069050282239914,0.017574124038219452,0.032679778337478635,0.0,0.09648998081684113
BAL_G,52,tubes/test/anomalous/052.png,1,defect,32x32,7,12,0.024167063335577648,0.012612564116716385,0.016748681664466858,0.023257620632648468,0.03165112063288689,0.03855193629860877,0.012320414185523987,0.04311704635620117
BAL_G,52,tubes/test/anomalous/052.png,1,clean_defect,32x32,7,5,0.02970549762248993,0.017050778865814208,0.025508105754852295,0.030819296836853027,0.034146592020988464,0.04132295548915863,0.014936447143554688,0.04311704635620117
BAL_G,52,tubes/test/anomalous/052.png,1,boundary,32x32,7,7,0.020211038844926015,0.012479768693447113,0.015102177858352661,0.01762041449546814,0.023257620632648468,0.031727616488933554,0.012320414185523987,0.03481684625148773
BAL_G,53,tubes/test/anomalous/053.png,1,abnormal_normal,32x32,6,1012,0.01261303525256074,0.0007347442209720612,0.0052676089107990265,0.010647416114807129,0.01734725758433342,0.031696137040853486,0.0,0.06473881006240845
BAL_G,53,tubes/test/anomalous/053.png,1,defect,32x32,6,12,0.016885530203580856,0.004675496369600296,0.00994107872247696,0.019602596759796143,0.023633234202861786,0.026882429420948026,0.0022202879190444946,0.029612183570861816
BAL_G,53,tubes/test/anomalous/053.png,1,clean_defect,32x32,6,6,0.013468106587727865,0.0033362917602062225,0.0069735608994960785,0.01114993542432785,0.01860862970352173,0.027207136154174805,0.0022202879190444946,0.029612183570861816
BAL_G,53,tubes/test/anomalous/053.png,1,boundary,32x32,6,6,0.02030295381943385,0.012843932956457138,0.019527673721313477,0.021678820252418518,0.023689307272434235,0.024416081607341766,0.01064099371433258,0.024648994207382202
BAL_G,54,tubes/test/anomalous/054.png,1,abnormal_normal,32x32,10,1010,0.012065832567687082,0.00038791894912719725,0.0045862942934036255,0.009631380438804626,0.01723242923617363,0.030597697943449013,0.0,0.06085166335105896
BAL_G,54,tubes/test/anomalous/054.png,1,defect,32x32,10,14,0.021675895367349898,0.010058154165744782,0.01542595773935318,0.021894186735153198,0.02597672864794731,0.033907532691955566,0.006303742527961731,0.034590184688568115
BAL_G,54,tubes/test/anomalous/054.png,1,clean_defect,32x32,10,4,0.025768570601940155,0.019331425428390503,0.022720307111740112,0.024999946355819702,0.028048209846019745,0.033281789720058436,0.0184842050075531,0.034590184688568115
BAL_G,54,tubes/test/anomalous/054.png,1,boundary,32x32,10,10,0.020038825273513795,0.008902950584888459,0.013476282358169556,0.01911267638206482,0.025365326553583145,0.03333868458867073,0.006303742527961731,0.03353995084762573
BAL_G,55,tubes/test/anomalous/055.png,1,abnormal_normal,32x32,14,995,0.012626633317626302,0.0018142640590667724,0.005613997578620911,0.010510697960853577,0.017386794090270996,0.030684484541416167,0.0,0.061519280076026917
BAL_G,55,tubes/test/anomalous/055.png,1,defect,32x32,14,29,0.020843191393490494,0.005637145042419434,0.013130590319633484,0.022176027297973633,0.028766945004463196,0.03420839309692383,0.0013789236545562744,0.04572153091430664
BAL_G,55,tubes/test/anomalous/055.png,1,clean_defect,32x32,14,15,0.024130368232727052,0.008852936327457428,0.017927825450897217,0.022797688841819763,0.02919025719165802,0.0381395399570465,0.007573649287223816,0.04572153091430664
BAL_G,55,tubes/test/anomalous/055.png,1,boundary,32x32,14,14,0.017321216208594187,0.0035967290401458744,0.011744100600481033,0.017834827303886414,0.02365543693304062,0.02940582185983658,0.0013789236545562744,0.030592307448387146
BAL_G,56,tubes/test/anomalous/056.png,1,abnormal_normal,32x32,10,1004,0.01344228963334247,0.0012829840183258058,0.0059644319117069244,0.011164471507072449,0.018208883702754974,0.03408142179250716,0.0,0.08071216940879822
BAL_G,56,tubes/test/anomalous/056.png,1,defect,32x32,10,20,0.01798049211502075,0.009328503161668777,0.014804184436798096,0.017689377069473267,0.022213146090507507,0.025641541928052906,0.0036202669143676758,0.030643954873085022
BAL_G,56,tubes/test/anomalous/056.png,1,clean_defect,32x32,10,10,0.019174177944660187,0.015158185362815857,0.016136109828948975,0.017808616161346436,0.021748557686805725,0.02500212416052818,0.015012487769126892,0.025378257036209106
BAL_G,56,tubes/test/anomalous/056.png,1,boundary,32x32,10,10,0.016786806285381317,0.006324168294668198,0.01055791974067688,0.016043998301029205,0.022794384509325027,0.02814671099185943,0.0036202669143676758,0.030643954873085022
BAL_G,57,tubes/test/anomalous/057.png,1,abnormal_normal,32x32,10,1006,0.013777947212545346,0.0015556663274765015,0.006225902587175369,0.011593960225582123,0.018509618937969208,0.03300004452466965,0.0,0.08116348087787628
BAL_G,57,tubes/test/anomalous/057.png,1,defect,32x32,10,18,0.02374683568874995,0.007796401530504227,0.017443958669900894,0.023734360933303833,0.030484214425086975,0.036398831009864796,0.005674228072166443,0.04260729253292084
BAL_G,57,tubes/test/anomalous/057.png,1,clean_defect,32x32,10,8,0.021207747980952263,0.00694708451628685,0.014779392629861832,0.0209384486079216,0.025485266000032425,0.0379900150001049,0.005674228072166443,0.04260729253292084
BAL_G,57,tubes/test/anomalous/057.png,1,boundary,32x32,10,10,0.025778105854988097,0.010905428230762482,0.02296457439661026,0.028249934315681458,0.03265801817178726,0.034462119638919826,0.008170902729034424,0.03530322015285492
BAL_G,58,tubes/test/anomalous/058.png,1,abnormal_normal,32x32,19,988,0.01323539873788714,0.0016794353723526,0.006266046315431595,0.011194944381713867,0.018056239932775497,0.03069493770599365,0.0,0.07891331613063812
BAL_G,58,tubes/test/anomalous/058.png,1,defect,32x32,19,36,0.013971557219823202,0.00355679914355278,0.007454421371221542,0.012353464961051941,0.018984928727149963,0.031084250658750534,0.0,0.04026441276073456
BAL_G,58,tubes/test/anomalous/058.png,1,clean_defect,32x32,19,17,0.013386904316789964,0.004610109329223633,0.006800472736358643,0.009088203310966492,0.019353285431861877,0.027919694781303395,0.0,0.04026441276073456
BAL_G,58,tubes/test/anomalous/058.png,1,boundary,32x32,19,19,0.014494667712010835,0.0037585660815238954,0.009486794471740723,0.013281270861625671,0.018661387264728546,0.031021873652935027,0.0025479644536972046,0.031396135687828064
BAL_G,59,tubes/test/anomalous/059.png,1,abnormal_normal,32x32,8,1006,0.013264598654468301,0.002204522490501404,0.00661836564540863,0.01150563359260559,0.017955180257558823,0.03051501139998436,0.0,0.07076215744018555
BAL_G,59,tubes/test/anomalous/059.png,1,defect,32x32,8,18,0.017216569019688502,0.007469876110553742,0.012689530849456787,0.015624970197677612,0.018654517829418182,0.030990947782993303,0.0068092942237854,0.038936346769332886
BAL_G,59,tubes/test/anomalous/059.png,1,clean_defect,32x32,8,10,0.017199480533599855,0.009776058793067931,0.014722306281328201,0.016493715345859528,0.018654517829418182,0.026356503367424008,0.0068092942237854,0.02805595099925995
BAL_G,59,tubes/test/anomalous/059.png,1,boundary,32x32,8,8,0.01723792962729931,0.008064759522676468,0.009661544114351273,0.013143859803676605,0.01988721266388893,0.035664711892604825,0.007586449384689331,0.038936346769332886
BAL_G,60,tubes/test/anomalous/060.png,1,abnormal_normal,32x32,17,989,0.013227803913237954,0.0019137263298034672,0.006587296724319458,0.011647701263427734,0.017644450068473816,0.02982965111732481,0.0,0.06751084327697754
BAL_G,60,tubes/test/anomalous/060.png,1,defect,32x32,17,35,0.014794070380074638,0.0023894339799880983,0.008475854992866516,0.013829484581947327,0.01904314011335373,0.03325822949409485,0.0009067952632904053,0.038313448429107666
BAL_G,60,tubes/test/anomalous/060.png,1,clean_defect,32x32,17,18,0.013260070648458269,0.003385429084300995,0.009193845093250275,0.01388358324766159,0.015573445707559586,0.022842533886432637,0.0010533928871154785,0.029440879821777344
BAL_G,60,tubes/test/anomalous/060.png,1,boundary,32x32,17,17,0.01641830539002138,0.0025509774684906008,0.007697597146034241,0.01063607633113861,0.023828670382499695,0.03452512025833129,0.0009067952632904053,0.038313448429107666
BAL_G,61,tubes/test/anomalous/061.png,1,abnormal_normal,32x32,9,1007,0.013275006158941434,0.0018834978342056276,0.00600983202457428,0.011285722255706787,0.017783835530281067,0.031236672401428217,0.0,0.07562512159347534
BAL_G,61,tubes/test/anomalous/061.png,1,defect,32x32,9,17,0.020014797939973718,0.007526561617851257,0.014220088720321655,0.019344478845596313,0.0261726975440979,0.036320418119430535,0.005056843161582947,0.04447552561759949
BAL_G,61,tubes/test/anomalous/061.png,1,clean_defect,32x32,9,8,0.02095455676317215,0.012330546975135803,0.014623276889324188,0.019834168255329132,0.026460405439138412,0.03184630200266838,0.011735677719116211,0.034281641244888306
BAL_G,61,tubes/test/anomalous/061.png,1,boundary,32x32,9,9,0.019179456763797335,0.006291702389717102,0.014220088720321655,0.016469553112983704,0.02077290415763855,0.03789878487586974,0.005056843161582947,0.04447552561759949
BAL_G,62,tubes/test/anomalous/062.png,1,abnormal_normal,32x32,21,985,0.013334350552655718,0.0019232034683227541,0.006213873624801636,0.010980606079101562,0.018340691924095154,0.03182264864444728,0.0,0.05958130955696106
BAL_G,62,tubes/test/anomalous/062.png,1,defect,32x32,21,39,0.015888995849169217,0.00529877245426178,0.010321289300918579,0.014837473630905151,0.021764762699604034,0.026959370076656348,0.0005265772342681885,0.031018778681755066
BAL_G,62,tubes/test/anomalous/062.png,1,clean_defect,32x32,21,18,0.01419086754322052,0.008334968984127045,0.009578581899404526,0.011484354734420776,0.018803823739290237,0.025069065392017365,0.007543623447418213,0.025510728359222412
BAL_G,62,tubes/test/anomalous/062.png,1,boundary,32x32,21,21,0.017344534397125244,0.0030128061771392822,0.01254989206790924,0.017130419611930847,0.02519269287586212,0.030752107501029968,0.0005265772342681885,0.031018778681755066
BAL_G,63,tubes/test/anomalous/063.png,1,abnormal_normal,32x32,17,983,0.013901893750575892,0.0017622917890548705,0.006551437079906464,0.01184605062007904,0.0190529003739357,0.03195296227931976,0.0,0.08598603308200836
BAL_G,63,tubes/test/anomalous/063.png,1,defect,32x32,17,41,0.015960781676013294,0.0021473169326782227,0.012996137142181396,0.0171239972114563,0.022234827280044556,0.025413289666175842,0.0005469918251037598,0.033367544412612915
BAL_G,63,tubes/test/anomalous/063.png,1,clean_defect,32x32,17,24,0.015031140297651291,0.002264057844877243,0.007365036755800247,0.01695561408996582,0.02034277841448784,0.024614287167787546,0.0019439458847045898,0.033367544412612915
BAL_G,63,tubes/test/anomalous/063.png,1,boundary,32x32,17,17,0.017273216563112596,0.0040747284889221195,0.013370543718338013,0.01726090908050537,0.024487346410751343,0.026701629161834713,0.0005469918251037598,0.031854987144470215
BAL_G,64,tubes/test/anomalous/064.png,1,abnormal_normal,32x32,22,983,0.013969383565358446,0.0022926628589630127,0.006984226405620575,0.012060672044754028,0.018895097076892853,0.03224608153104781,0.0,0.057145923376083374
BAL_G,64,tubes/test/anomalous/064.png,1,defect,32x32,22,41,0.022770616702917145,0.006437763571739197,0.010815978050231934,0.017384111881256104,0.031202644109725952,0.048800498247146606,0.0015230625867843628,0.06768655776977539
BAL_G,64,tubes/test/anomalous/064.png,1,clean_defect,32x32,22,19,0.026019758299777384,0.005946293473243713,0.010721266269683838,0.020775124430656433,0.038503631949424744,0.050689104199409446,0.0015230625867843628,0.06768655776977539
BAL_G,64,tubes/test/anomalous/064.png,1,boundary,32x32,22,22,0.01996453986926512,0.008601723611354828,0.011329639703035355,0.015926815569400787,0.026802435517311096,0.040404107421636574,0.001637279987335205,0.0566745400428772
BAL_G,65,tubes/test/anomalous/065.png,1,abnormal_normal,32x32,30,963,0.014441678813065819,0.002376359701156616,0.007065765559673309,0.012340649962425232,0.019038796424865723,0.03486175686120987,0.0,0.07472968101501465
BAL_G,65,tubes/test/anomalous/065.png,1,defect,32x32,30,61,0.02274728114487695,0.006244778633117676,0.012862563133239746,0.019024863839149475,0.030336469411849976,0.04695388674736023,0.004271477460861206,0.06651711463928223
BAL_G,65,tubes/test/anomalous/065.png,1,clean_defect,32x32,30,31,0.026876103012792526,0.007082328200340271,0.014270715415477753,0.022476136684417725,0.03827087581157684,0.05744600296020508,0.004271477460861206,0.06651711463928223
BAL_G,65,tubes/test/anomalous/065.png,1,boundary,32x32,30,30,0.018480831881364186,0.006198976933956146,0.01164843887090683,0.016474224627017975,0.022472649812698364,0.037644148617982834,0.005038529634475708,0.04695388674736023
BAL_G,66,tubes/test/anomalous/066.png,1,abnormal_normal,32x32,26,968,0.013581344857811928,0.002304992079734802,0.006799228489398956,0.011213533580303192,0.017927516251802444,0.03325175791978835,0.0,0.06947283446788788
BAL_G,66,tubes/test/anomalous/066.png,1,defect,32x32,26,56,0.020639198699167798,0.006968848407268524,0.010790765285491943,0.017092712223529816,0.026215046644210815,0.03849182650446892,0.0034307241439819336,0.10436414182186127
BAL_G,66,tubes/test/anomalous/066.png,1,clean_defect,32x32,26,30,0.019709382951259614,0.008749252557754517,0.0111088827252388,0.018271788954734802,0.025881923735141754,0.03309310674667358,0.0065210312604904175,0.04745987057685852
BAL_G,66,tubes/test/anomalous/066.png,1,boundary,32x32,26,26,0.021712063023677237,0.005548804998397827,0.009081866592168808,0.017019808292388916,0.026462648063898087,0.052359189838171005,0.0034307241439819336,0.10436414182186127
BAL_G,67,tubes/test/anomalous/067.png,1,abnormal_normal,32x32,20,983,0.014073063525639376,0.002057585120201111,0.006992906332015991,0.011954471468925476,0.018728390336036682,0.03479444831609725,0.0,0.07693037390708923
BAL_G,67,tubes/test/anomalous/067.png,1,defect,32x32,20,41,0.020973848860438276,0.003216654062271118,0.01169101893901825,0.018597066402435303,0.026454761624336243,0.050760939717292786,0.0,0.058623939752578735
BAL_G,67,tubes/test/anomalous/067.png,1,clean_defect,32x32,20,21,0.020981032223928543,0.003216654062271118,0.012423232197761536,0.018720656633377075,0.027573779225349426,0.04310569167137146,0.0,0.058623939752578735
BAL_G,67,tubes/test/anomalous/067.png,1,boundary,32x32,20,20,0.0209663063287735,0.006302305310964585,0.01107286661863327,0.01801832765340805,0.026026982814073563,0.0510331615805626,0.001032710075378418,0.056205376982688904
BAL_G,68,tubes/test/anomalous/068.png,1,abnormal_normal,32x32,31,960,0.014682392217218876,0.0022048115730285644,0.0071234628558158875,0.012594424188137054,0.019707586616277695,0.03412964865565298,0.0,0.06416819989681244
BAL_G,68,tubes/test/anomalous/068.png,1,defect,32x32,31,64,0.019388487562537193,0.004954488575458526,0.011258784681558609,0.017220787703990936,0.025330685079097748,0.03792685344815254,0.003028973937034607,0.0746031105518341
BAL_G,68,tubes/test/anomalous/068.png,1,clean_defect,32x32,31,33,0.020363564744140163,0.004326236248016357,0.011289611458778381,0.015290513634681702,0.025302767753601074,0.04509867429733276,0.003028973937034607,0.0746031105518341
BAL_G,68,tubes/test/anomalous/068.png,1,boundary,32x32,31,31,0.018350502175669515,0.006919875741004944,0.011337719857692719,0.01753103733062744,0.024409711360931396,0.03309084475040436,0.005163401365280151,0.0340152233839035
BAL_G,69,tubes/test/good/000.png,0,normal_image,32x32,0,1024,0.010534332745010033,0.00018178522586822512,0.0036072470247745514,0.00828544795513153,0.015499554574489594,0.027765787392854683,0.0,0.0792774111032486
BAL_G,70,tubes/test/good/001.png,0,normal_image,32x32,0,1024,0.011984166339971125,0.0005630098283290865,0.004480745643377304,0.009282626211643219,0.016493339091539383,0.030501287430524823,0.0,0.07085783779621124
BAL_G,71,tubes/test/good/002.png,0,normal_image,32x32,0,1024,0.012505198814324103,0.0010565459728240968,0.005172621458768845,0.00995965301990509,0.017074402421712875,0.030822220444679246,0.0,0.09556511044502258
BAL_G,72,tubes/test/good/003.png,0,normal_image,32x32,0,1024,0.011379156014299951,0.000827804207801819,0.004500970244407654,0.009064070880413055,0.015541944652795792,0.030119306594133272,0.0,0.07028183341026306
BAL_G,73,tubes/test/good/004.png,0,normal_image,32x32,0,1024,0.010746693980763666,0.0,0.0031382478773593903,0.008498035371303558,0.01545790210366249,0.028615035861730562,0.0,0.06609183549880981
BAL_G,74,tubes/test/good/005.png,0,normal_image,32x32,0,1024,0.011111490908660926,0.00048470199108123784,0.004129465669393539,0.00857590138912201,0.015395522117614746,0.030184058099985103,0.0,0.0870363861322403
BAL_G,75,tubes/test/good/006.png,0,normal_image,32x32,0,1024,0.01176727336132899,0.000997331738471985,0.004872526973485947,0.009441643953323364,0.016032177954912186,0.029467634111642816,0.0,0.07921084761619568
BAL_G,76,tubes/test/good/007.png,0,normal_image,32x32,0,1024,0.010970540242851712,8.37795436382295e-05,0.0042662955820560455,0.008797705173492432,0.015371497720479965,0.028434947878122268,0.0,0.08446584641933441
BAL_G,77,tubes/test/good/008.png,0,normal_image,32x32,0,1024,0.01082050401601009,0.00031524226069450394,0.00396883487701416,0.008753634989261627,0.014962464570999146,0.02876503095030784,0.0,0.09154298901557922
BAL_G,78,tubes/test/good/009.png,0,normal_image,32x32,0,1024,0.01034095836803317,0.00017977654933929447,0.003684207797050476,0.008164696395397186,0.014702282845973969,0.026867812126874918,0.0,0.06388768553733826
BAL_G,79,tubes/test/good/010.png,0,normal_image,32x32,0,1024,0.011025849467841908,9.217113256454569e-06,0.0037573426961898804,0.008850112557411194,0.015417352318763733,0.02885174229741095,0.0,0.09447531402111053
BAL_G,80,tubes/test/good/011.png,0,normal_image,32x32,0,1024,0.012787777930498123,0.0013850085437297822,0.0060652270913124084,0.01060333102941513,0.01689988374710083,0.03125221580266952,0.0,0.06953483819961548
BAL_G,81,tubes/test/good/012.png,0,normal_image,32x32,0,1024,0.011700052855303511,0.0003494873642921448,0.004278659820556641,0.009051941335201263,0.016213897615671158,0.03112532272934913,0.0,0.06381282210350037
BAL_G,82,tubes/test/good/013.png,0,normal_image,32x32,0,1024,0.012825499099562876,0.0006355807185173034,0.0053558386862277985,0.010497868061065674,0.017632849514484406,0.032292665541172015,0.0,0.06654268503189087
BAL_G,83,tubes/test/good/014.png,0,normal_image,32x32,0,1024,0.012154151307186112,0.0008577823638916019,0.005151994526386261,0.009994588792324066,0.016823139041662216,0.031206216663122174,0.0,0.0860954225063324
BAL_G,84,tubes/test/good/015.png,0,normal_image,32x32,0,1024,0.012474090734031051,0.0009219311177730561,0.005363676697015762,0.010222792625427246,0.01737971603870392,0.03146095275878906,0.0,0.06487731635570526
BAL_G,85,tubes/test/good/016.png,0,normal_image,32x32,0,1024,0.01133029545599129,0.0003910712897777558,0.004432167857885361,0.008898690342903137,0.015925824642181396,0.02847460284829139,0.0,0.07594528794288635
BAL_G,86,tubes/test/good/017.png,0,normal_image,32x32,0,1024,0.011448640827438794,0.00022873282432556158,0.0036580488085746765,0.00937461107969284,0.016297589987516403,0.03020227998495101,0.0,0.06658607721328735
BAL_G,87,tubes/test/good/018.png,0,normal_image,32x32,0,1024,0.011694099855958484,0.0004470534622669222,0.004664257168769836,0.009781017899513245,0.016490060836076736,0.02866841256618499,0.0,0.06056477129459381
BAL_G,88,tubes/test/good/019.png,0,normal_image,32x32,0,1024,0.011161643851664849,0.00015728324651718143,0.0038917437195777893,0.008949510753154755,0.015916060656309128,0.030382905155420293,0.0,0.08885809779167175
BAL_G,89,tubes/test/good/020.png,0,normal_image,32x32,0,1024,0.011254828234086744,0.0,0.0038285963237285614,0.009005479514598846,0.016139358282089233,0.03245354071259495,0.0,0.061059921979904175
BAL_G,90,tubes/test/good/021.png,0,normal_image,32x32,0,1024,0.011285182976280339,8.454471826553365e-05,0.004247933626174927,0.009284302592277527,0.016335777938365936,0.029115085303783407,0.0,0.07073396444320679
BAL_G,91,tubes/test/good/022.png,0,normal_image,32x32,0,1024,0.011296431621303782,0.0007109746336936951,0.0047246553003787994,0.009328708052635193,0.01577189564704895,0.027449598163366305,0.0,0.0639619529247284
BAL_G,92,tubes/test/good/023.png,0,normal_image,32x32,0,1024,0.01183555313036777,0.000579570233821869,0.004691328853368759,0.00951569527387619,0.017009057104587555,0.030306357890367487,0.0,0.07748925685882568
BAL_G,93,tubes/test/good/024.png,0,normal_image,32x32,0,1024,0.010753756316262297,0.00029272064566612257,0.0038868188858032227,0.008400708436965942,0.015615731477737427,0.028498852252960203,0.0,0.0481850802898407
BAL_G,94,tubes/test/good/025.png,0,normal_image,32x32,0,1024,0.011896033975062892,0.0002403117716312409,0.004592627286911011,0.00965641438961029,0.017095696181058884,0.02905585616827011,0.0,0.07896474003791809
BAL_G,95,tubes/test/good/026.png,0,normal_image,32x32,0,1024,0.011552258147276007,0.0001901701092720034,0.00413474440574646,0.008823104202747345,0.016289573162794113,0.03234840556979178,0.0,0.08673399686813354
BAL_G,96,tubes/test/good/027.png,0,normal_image,32x32,0,1024,0.011619404598604888,0.0002343222498893738,0.0043282173573970795,0.009446948766708374,0.016645323485136032,0.03036060780286788,0.0,0.06550727784633636
BAL_G,97,tubes/test/good/028.png,0,normal_image,32x32,0,1024,0.011549411588930525,0.0005277723073959352,0.004641860723495483,0.009659022092819214,0.01642019674181938,0.028527976572513575,0.0,0.07748584449291229
BAL_G,98,tubes/test/good/029.png,0,normal_image,32x32,0,1024,0.011342760277329944,0.00020926445722579961,0.004276998341083527,0.008749887347221375,0.016099713742733,0.031283795833587646,0.0,0.07472953200340271
BAL_G,99,tubes/test/good/030.png,0,normal_image,32x32,0,1024,0.01147725252667442,0.000313536822795868,0.004124995321035385,0.009096898138523102,0.015534657984972,0.030465377867221814,0.0,0.08380575478076935
BAL_G,100,tubes/test/good/031.png,0,normal_image,32x32,0,1024,0.01093291061988566,0.0,0.0037121474742889404,0.008754841983318329,0.015925612300634384,0.03030838593840598,0.0,0.06655272841453552
