method,image_index,sample_id,label,image_max,pixel_ap
B,0,03/test/ko/0000.bmp,1,0.6905602812767029,0.7506131799999813
B,1,03/test/ko/0001.bmp,1,0.6259492039680481,0.8563291390095679
B,2,03/test/ko/0002.bmp,1,0.6770109534263611,0.7778224051719534
B,3,03/test/ko/0003.bmp,1,0.7005458474159241,0.8777600181003906
B,4,03/test/ko/0004.bmp,1,0.5767353773117065,0.8614859655262977
B,5,03/test/ko/0005.bmp,1,0.659958004951477,0.8698519157005994
B,6,03/test/ko/0006.bmp,1,0.6376432180404663,0.9293307578651867
B,7,03/test/ko/0007.bmp,1,0.53286212682724,0.8490017541852258
B,8,03/test/ko/0008.bmp,1,0.6322121620178223,0.8663141417095268
B,9,03/test/ko/0009.bmp,1,0.45440492033958435,0.19894374254719746
B,10,03/test/ko/0010.bmp,1,0.406186580657959,0.5044641901092779
B,11,03/test/ko/0011.bmp,1,0.6130568385124207,0.9314479207019408
B,12,03/test/ko/0012.bmp,1,0.3634147346019745,0.6958171456100083
B,13,03/test/ko/0013.bmp,1,0.5930144786834717,0.724691426109012
B,14,03/test/ko/0014.bmp,1,0.47464045882225037,0.8392787620656857
B,15,03/test/ko/0015.bmp,1,0.3220485746860504,0.8915370280343543
B,16,03/test/ko/0016.bmp,1,0.3956763446331024,0.7573398350159665
B,17,03/test/ko/0017.bmp,1,0.5254501104354858,0.9133606080574255
B,18,03/test/ko/0018.bmp,1,0.6510331034660339,0.9262443961343877
B,19,03/test/ko/0019.bmp,1,0.6614606976509094,0.9792559515185092
B,20,03/test/ko/0020.bmp,1,0.5061749815940857,0.19864424454788582
B,21,03/test/ko/0021.bmp,1,0.3328409492969513,0.08252051551978457
B,22,03/test/ko/0022.bmp,1,0.4362553358078003,0.6334275444027584
B,23,03/test/ko/0023.bmp,1,0.43032166361808777,0.2184556363641148
B,24,03/test/ko/0024.bmp,1,0.507988691329956,0.8978298569120541
B,25,03/test/ko/0025.bmp,1,0.5346261262893677,0.8101758606234895
B,26,03/test/ko/0026.bmp,1,0.6555092930793762,0.9148160319673192
B,27,03/test/ko/0027.bmp,1,0.47261324524879456,0.8216947239797202
B,28,03/test/ko/0028.bmp,0,0.3159072697162628,
B,29,03/test/ko/0029.bmp,0,0.3484959304332733,
B,30,03/test/ko/0030.bmp,0,0.25465670228004456,
B,31,03/test/ko/0031.bmp,0,0.3727889955043793,
B,32,03/test/ko/0032.bmp,0,0.333538293838501,
B,33,03/test/ko/0033.bmp,0,0.3048308193683624,
B,34,03/test/ko/0034.bmp,0,0.5020526647567749,
B,35,03/test/ko/0035.bmp,0,0.2663620114326477,
B,36,03/test/ko/0036.bmp,0,0.29248544573783875,
B,37,03/test/ko/0037.bmp,0,0.2684050500392914,
B,38,03/test/ko/0038.bmp,1,0.6503787636756897,0.9565417221112582
B,39,03/test/ko/0039.bmp,1,0.32079625129699707,0.2528096614413629
B,40,03/test/ko/0040.bmp,1,0.4392911493778229,0.8335206537882859
B,41,03/test/ok/0000.bmp,0,0.23375052213668823,
B,42,03/test/ok/0001.bmp,0,0.19486016035079956,
B,43,03/test/ok/0002.bmp,0,0.2697279751300812,
B,44,03/test/ok/0003.bmp,0,0.21022827923297882,
B,45,03/test/ok/0004.bmp,0,0.205383762717247,
B,46,03/test/ok/0005.bmp,0,0.19353879988193512,
B,47,03/test/ok/0006.bmp,0,0.21529391407966614,
B,48,03/test/ok/0007.bmp,0,0.1915239840745926,
B,49,03/test/ok/0008.bmp,0,0.209231898188591,
B,50,03/test/ok/0009.bmp,0,0.20618732273578644,
B,51,03/test/ok/0010.bmp,0,0.2576439082622528,
B,52,03/test/ok/0011.bmp,0,0.18029280006885529,
B,53,03/test/ok/0012.bmp,0,0.2421434372663498,
B,54,03/test/ok/0013.bmp,0,0.209201380610466,
B,55,03/test/ok/0014.bmp,0,0.2502548098564148,
B,56,03/test/ok/0015.bmp,0,0.24571211636066437,
B,57,03/test/ok/0016.bmp,0,0.2201697677373886,
B,58,03/test/ok/0017.bmp,0,0.254360556602478,
B,59,03/test/ok/0018.bmp,0,0.2534356415271759,
B,60,03/test/ok/0019.bmp,0,0.17198017239570618,
B,61,03/test/ok/0020.bmp,0,0.24857652187347412,
B,62,03/test/ok/0021.bmp,0,0.24848012626171112,
B,63,03/test/ok/0022.bmp,0,0.25151899456977844,
B,64,03/test/ok/0023.bmp,0,0.15864698588848114,
B,65,03/test/ok/0024.bmp,0,0.21895252168178558,
B,66,03/test/ok/0025.bmp,0,0.19027645885944366,
B,67,03/test/ok/0026.bmp,0,0.22513215243816376,
B,68,03/test/ok/0027.bmp,0,0.19591209292411804,
B,69,03/test/ok/0028.bmp,0,0.22675983607769012,
B,70,03/test/ok/0029.bmp,0,0.2688736021518707,
B,71,03/test/ok/0030.bmp,0,0.24470892548561096,
B,72,03/test/ok/0031.bmp,0,0.2372940182685852,
B,73,03/test/ok/0032.bmp,0,0.544619619846344,
B,74,03/test/ok/0033.bmp,0,0.1961594521999359,
B,75,03/test/ok/0034.bmp,0,0.19342026114463806,
B,76,03/test/ok/0035.bmp,0,0.15886874496936798,
B,77,03/test/ok/0036.bmp,0,0.26896166801452637,
B,78,03/test/ok/0037.bmp,0,0.2309783548116684,
B,79,03/test/ok/0038.bmp,0,0.24141593277454376,
B,80,03/test/ok/0039.bmp,0,0.22667695581912994,
B,81,03/test/ok/0040.bmp,0,0.22504842281341553,
B,82,03/test/ok/0041.bmp,0,0.2914944291114807,
B,83,03/test/ok/0042.bmp,0,0.2162814736366272,
B,84,03/test/ok/0043.bmp,0,0.17706958949565887,
B,85,03/test/ok/0044.bmp,0,0.2350592166185379,
B,86,03/test/ok/0045.bmp,0,0.19305218756198883,
B,87,03/test/ok/0046.bmp,0,0.21580515801906586,
B,88,03/test/ok/0047.bmp,0,0.15898007154464722,
B,89,03/test/ok/0048.bmp,0,0.20648126304149628,
B,90,03/test/ok/0049.bmp,0,0.18746718764305115,
B,91,03/test/ok/0050.bmp,0,0.2299056351184845,
B,92,03/test/ok/0051.bmp,0,0.17279326915740967,
B,93,03/test/ok/0052.bmp,0,0.22893521189689636,
B,94,03/test/ok/0053.bmp,0,0.18103444576263428,
B,95,03/test/ok/0054.bmp,0,0.25065794587135315,
B,96,03/test/ok/0055.bmp,0,0.25335580110549927,
B,97,03/test/ok/0056.bmp,0,0.24240420758724213,
B,98,03/test/ok/0057.bmp,0,0.18472781777381897,
B,99,03/test/ok/0058.bmp,0,0.2067224383354187,
B,100,03/test/ok/0059.bmp,0,0.27915212512016296,
B,101,03/test/ok/0060.bmp,0,0.22154496610164642,
B,102,03/test/ok/0061.bmp,0,0.19325748085975647,
B,103,03/test/ok/0062.bmp,0,0.1972712278366089,
B,104,03/test/ok/0063.bmp,0,0.1693335622549057,
B,105,03/test/ok/0064.bmp,0,0.2411300092935562,
B,106,03/test/ok/0065.bmp,0,0.18446063995361328,
B,107,03/test/ok/0066.bmp,0,0.23242902755737305,
B,108,03/test/ok/0067.bmp,0,0.16502006351947784,
B,109,03/test/ok/0068.bmp,0,0.24386179447174072,
B,110,03/test/ok/0069.bmp,0,0.3109464645385742,
B,111,03/test/ok/0070.bmp,0,0.3353639841079712,
B,112,03/test/ok/0071.bmp,0,0.3042002022266388,
B,113,03/test/ok/0072.bmp,0,0.17855435609817505,
B,114,03/test/ok/0073.bmp,0,0.25714749097824097,
B,115,03/test/ok/0074.bmp,0,0.257204532623291,
B,116,03/test/ok/0075.bmp,0,0.22310112416744232,
B,117,03/test/ok/0076.bmp,0,0.20172439515590668,
B,118,03/test/ok/0077.bmp,0,0.29168298840522766,
B,119,03/test/ok/0078.bmp,0,0.2364707589149475,
B,120,03/test/ok/0079.bmp,0,0.21032743155956268,
B,121,03/test/ok/0080.bmp,0,0.23317213356494904,
B,122,03/test/ok/0081.bmp,0,0.22943195700645447,
B,123,03/test/ok/0082.bmp,0,0.20730739831924438,
B,124,03/test/ok/0083.bmp,0,0.18174728751182556,
B,125,03/test/ok/0084.bmp,0,0.2155926525592804,
B,126,03/test/ok/0085.bmp,0,0.21463970839977264,
B,127,03/test/ok/0086.bmp,0,0.23506277799606323,
B,128,03/test/ok/0087.bmp,0,0.21653568744659424,
B,129,03/test/ok/0088.bmp,0,0.2257625162601471,
B,130,03/test/ok/0089.bmp,0,0.18283703923225403,
B,131,03/test/ok/0090.bmp,0,0.23403427004814148,
B,132,03/test/ok/0091.bmp,0,0.2602009177207947,
B,133,03/test/ok/0092.bmp,0,0.22820939123630524,
B,134,03/test/ok/0093.bmp,0,0.19724467396736145,
B,135,03/test/ok/0094.bmp,0,0.19713573157787323,
B,136,03/test/ok/0095.bmp,0,0.165883406996727,
B,137,03/test/ok/0096.bmp,0,0.2498003989458084,
B,138,03/test/ok/0097.bmp,0,0.23241610825061798,
B,139,03/test/ok/0098.bmp,0,0.2106546312570572,
B,140,03/test/ok/0099.bmp,0,0.19468176364898682,
B,141,03/test/ok/0100.bmp,0,0.20934049785137177,
B,142,03/test/ok/0101.bmp,0,0.261251837015152,
B,143,03/test/ok/0102.bmp,0,0.29206323623657227,
B,144,03/test/ok/0103.bmp,0,0.18553848564624786,
B,145,03/test/ok/0104.bmp,0,0.23469699919223785,
B,146,03/test/ok/0105.bmp,0,0.21391873061656952,
B,147,03/test/ok/0106.bmp,0,0.26969781517982483,
B,148,03/test/ok/0107.bmp,0,0.17790164053440094,
B,149,03/test/ok/0108.bmp,0,0.24647317826747894,
B,150,03/test/ok/0109.bmp,0,0.18909582495689392,
B,151,03/test/ok/0110.bmp,0,0.3433220684528351,
B,152,03/test/ok/0111.bmp,0,0.21034541726112366,
B,153,03/test/ok/0112.bmp,0,0.21943846344947815,
B,154,03/test/ok/0113.bmp,0,0.16216476261615753,
B,155,03/test/ok/0114.bmp,0,0.21291124820709229,
B,156,03/test/ok/0115.bmp,0,0.16443794965744019,
B,157,03/test/ok/0116.bmp,0,0.21189913153648376,
B,158,03/test/ok/0117.bmp,0,0.17421913146972656,
B,159,03/test/ok/0118.bmp,0,0.21008820831775665,
B,160,03/test/ok/0119.bmp,0,0.17761220037937164,
B,161,03/test/ok/0120.bmp,0,0.20009709894657135,
B,162,03/test/ok/0121.bmp,0,0.15458528697490692,
B,163,03/test/ok/0122.bmp,0,0.21825672686100006,
B,164,03/test/ok/0123.bmp,0,0.2966834604740143,
B,165,03/test/ok/0124.bmp,0,0.20466767251491547,
B,166,03/test/ok/0125.bmp,0,0.19434748589992523,
B,167,03/test/ok/0126.bmp,0,0.21407820284366608,
B,168,03/test/ok/0127.bmp,0,0.16872259974479675,
B,169,03/test/ok/0128.bmp,0,0.21494701504707336,
B,170,03/test/ok/0129.bmp,0,0.21007366478443146,
B,171,03/test/ok/0130.bmp,0,0.20590588450431824,
B,172,03/test/ok/0131.bmp,0,0.21725675463676453,
B,173,03/test/ok/0132.bmp,0,0.2107710987329483,
B,174,03/test/ok/0133.bmp,0,0.1879776269197464,
B,175,03/test/ok/0134.bmp,0,0.18370789289474487,
B,176,03/test/ok/0135.bmp,0,0.19091640412807465,
B,177,03/test/ok/0136.bmp,0,0.24023590981960297,
B,178,03/test/ok/0137.bmp,0,0.18532565236091614,
B,179,03/test/ok/0138.bmp,0,0.20994772017002106,
B,180,03/test/ok/0139.bmp,0,0.19487407803535461,
B,181,03/test/ok/0140.bmp,0,0.23100140690803528,
B,182,03/test/ok/0141.bmp,0,0.18664465844631195,
B,183,03/test/ok/0142.bmp,0,0.23477396368980408,
B,184,03/test/ok/0143.bmp,0,0.2259894460439682,
B,185,03/test/ok/0144.bmp,0,0.20364275574684143,
B,186,03/test/ok/0145.bmp,0,0.17369014024734497,
B,187,03/test/ok/0146.bmp,0,0.22529111802577972,
B,188,03/test/ok/0147.bmp,0,0.2791913151741028,
B,189,03/test/ok/0148.bmp,0,0.2878166437149048,
B,190,03/test/ok/0149.bmp,0,0.20716093480587006,
B,191,03/test/ok/0150.bmp,0,0.2252570390701294,
B,192,03/test/ok/0151.bmp,0,0.2392854541540146,
B,193,03/test/ok/0152.bmp,0,0.18556222319602966,
B,194,03/test/ok/0153.bmp,0,0.22160838544368744,
B,195,03/test/ok/0154.bmp,0,0.23196540772914886,
B,196,03/test/ok/0155.bmp,0,0.2935558557510376,
B,197,03/test/ok/0156.bmp,0,0.19781742990016937,
B,198,03/test/ok/0157.bmp,0,0.1875658631324768,
B,199,03/test/ok/0158.bmp,0,0.22469167411327362,
B,200,03/test/ok/0159.bmp,0,0.1738811731338501,
B,201,03/test/ok/0160.bmp,0,0.22048598527908325,
B,202,03/test/ok/0161.bmp,0,0.20294050872325897,
B,203,03/test/ok/0162.bmp,0,0.20535050332546234,
B,204,03/test/ok/0163.bmp,0,0.17338865995407104,
B,205,03/test/ok/0164.bmp,0,0.2412014603614807,
B,206,03/test/ok/0165.bmp,0,0.20960181951522827,
B,207,03/test/ok/0166.bmp,0,0.303607702255249,
B,208,03/test/ok/0167.bmp,0,0.18980062007904053,
B,209,03/test/ok/0168.bmp,0,0.2443470060825348,
B,210,03/test/ok/0169.bmp,0,0.22797949612140656,
B,211,03/test/ok/0170.bmp,0,0.21465960144996643,
B,212,03/test/ok/0171.bmp,0,0.1746172308921814,
B,213,03/test/ok/0172.bmp,0,0.218824565410614,
B,214,03/test/ok/0173.bmp,0,0.19027486443519592,
B,215,03/test/ok/0174.bmp,0,0.2222408950328827,
B,216,03/test/ok/0175.bmp,0,0.16015635430812836,
B,217,03/test/ok/0176.bmp,0,0.212956503033638,
B,218,03/test/ok/0177.bmp,0,0.22272294759750366,
B,219,03/test/ok/0178.bmp,0,0.22008951008319855,
B,220,03/test/ok/0179.bmp,0,0.181650310754776,
B,221,03/test/ok/0180.bmp,0,0.27486729621887207,
B,222,03/test/ok/0181.bmp,0,0.2041987031698227,
B,223,03/test/ok/0182.bmp,0,0.3003280460834503,
B,224,03/test/ok/0183.bmp,0,0.1817944496870041,
B,225,03/test/ok/0184.bmp,0,0.2024303525686264,
B,226,03/test/ok/0185.bmp,0,0.1985865980386734,
B,227,03/test/ok/0186.bmp,0,0.22588571906089783,
B,228,03/test/ok/0187.bmp,0,0.21543946862220764,
B,229,03/test/ok/0188.bmp,0,0.211030513048172,
B,230,03/test/ok/0189.bmp,0,0.16059939563274384,
B,231,03/test/ok/0190.bmp,0,0.202750563621521,
B,232,03/test/ok/0191.bmp,0,0.15877075493335724,
B,233,03/test/ok/0192.bmp,0,0.24717263877391815,
B,234,03/test/ok/0193.bmp,0,0.22351990640163422,
B,235,03/test/ok/0194.bmp,0,0.26220467686653137,
B,236,03/test/ok/0195.bmp,0,0.23435181379318237,
B,237,03/test/ok/0196.bmp,0,0.19207479059696198,
B,238,03/test/ok/0197.bmp,0,0.16487610340118408,
B,239,03/test/ok/0198.bmp,0,0.21223142743110657,
B,240,03/test/ok/0199.bmp,0,0.20609113574028015,
B,241,03/test/ok/0200.bmp,0,0.2054671049118042,
B,242,03/test/ok/0201.bmp,0,0.18130594491958618,
B,243,03/test/ok/0202.bmp,0,0.18910591304302216,
B,244,03/test/ok/0203.bmp,0,0.21638703346252441,
B,245,03/test/ok/0204.bmp,0,0.23679190874099731,
B,246,03/test/ok/0205.bmp,0,0.23270002007484436,
B,247,03/test/ok/0206.bmp,0,0.2952291965484619,
B,248,03/test/ok/0207.bmp,0,0.20071282982826233,
B,249,03/test/ok/0208.bmp,0,0.1993371695280075,
B,250,03/test/ok/0209.bmp,0,0.1988806575536728,
B,251,03/test/ok/0210.bmp,0,0.22951020300388336,
B,252,03/test/ok/0211.bmp,0,0.1665399968624115,
B,253,03/test/ok/0212.bmp,0,0.24474331736564636,
B,254,03/test/ok/0213.bmp,0,0.20499160885810852,
B,255,03/test/ok/0214.bmp,0,0.22136230766773224,
B,256,03/test/ok/0215.bmp,0,0.20482151210308075,
B,257,03/test/ok/0216.bmp,0,0.2105453759431839,
B,258,03/test/ok/0217.bmp,0,0.1680440604686737,
B,259,03/test/ok/0218.bmp,0,0.22202003002166748,
B,260,03/test/ok/0219.bmp,0,0.2168143391609192,
B,261,03/test/ok/0220.bmp,0,0.2310660183429718,
B,262,03/test/ok/0221.bmp,0,0.19255852699279785,
B,263,03/test/ok/0222.bmp,0,0.22610008716583252,
B,264,03/test/ok/0223.bmp,0,0.17715473473072052,
B,265,03/test/ok/0224.bmp,0,0.20881164073944092,
B,266,03/test/ok/0225.bmp,0,0.22519369423389435,
B,267,03/test/ok/0226.bmp,0,0.24066895246505737,
B,268,03/test/ok/0227.bmp,0,0.22559574246406555,
B,269,03/test/ok/0228.bmp,0,0.2541249990463257,
B,270,03/test/ok/0229.bmp,0,0.18927983939647675,
B,271,03/test/ok/0230.bmp,0,0.21264459192752838,
B,272,03/test/ok/0231.bmp,0,0.18971651792526245,
B,273,03/test/ok/0232.bmp,0,0.28532466292381287,
B,274,03/test/ok/0233.bmp,0,0.14263039827346802,
B,275,03/test/ok/0234.bmp,0,0.29088452458381653,
B,276,03/test/ok/0235.bmp,0,0.17553777992725372,
B,277,03/test/ok/0236.bmp,0,0.2598690688610077,
B,278,03/test/ok/0237.bmp,0,0.18259374797344208,
B,279,03/test/ok/0238.bmp,0,0.2061566412448883,
B,280,03/test/ok/0239.bmp,0,0.1522398442029953,
B,281,03/test/ok/0240.bmp,0,0.2401747852563858,
B,282,03/test/ok/0241.bmp,0,0.22483564913272858,
B,283,03/test/ok/0242.bmp,0,0.23912617564201355,
B,284,03/test/ok/0243.bmp,0,0.2582640051841736,
B,285,03/test/ok/0244.bmp,0,0.251796156167984,
B,286,03/test/ok/0245.bmp,0,0.22862665355205536,
B,287,03/test/ok/0246.bmp,0,0.22170118987560272,
B,288,03/test/ok/0247.bmp,0,0.19208955764770508,
B,289,03/test/ok/0248.bmp,0,0.21474117040634155,
B,290,03/test/ok/0249.bmp,0,0.20349836349487305,
B,291,03/test/ok/0250.bmp,0,0.1834946721792221,
B,292,03/test/ok/0251.bmp,0,0.1975325345993042,
B,293,03/test/ok/0252.bmp,0,0.27205169200897217,
B,294,03/test/ok/0253.bmp,0,0.1812380701303482,
B,295,03/test/ok/0254.bmp,0,0.2886894643306732,
B,296,03/test/ok/0255.bmp,0,0.1840483397245407,
B,297,03/test/ok/0256.bmp,0,0.23865416646003723,
B,298,03/test/ok/0257.bmp,0,0.20148585736751556,
B,299,03/test/ok/0258.bmp,0,0.21456199884414673,
B,300,03/test/ok/0259.bmp,0,0.18341830372810364,
B,301,03/test/ok/0260.bmp,0,0.2326454222202301,
B,302,03/test/ok/0261.bmp,0,0.23985211551189423,
B,303,03/test/ok/0262.bmp,0,0.22466059029102325,
B,304,03/test/ok/0263.bmp,0,0.2048576921224594,
B,305,03/test/ok/0264.bmp,0,0.23973330855369568,
B,306,03/test/ok/0265.bmp,0,0.25519537925720215,
B,307,03/test/ok/0266.bmp,0,0.24398685991764069,
B,308,03/test/ok/0267.bmp,0,0.20073364675045013,
B,309,03/test/ok/0268.bmp,0,0.22223427891731262,
B,310,03/test/ok/0269.bmp,0,0.2015792578458786,
B,311,03/test/ok/0270.bmp,0,0.24510954320430756,
B,312,03/test/ok/0271.bmp,0,0.2018895298242569,
B,313,03/test/ok/0272.bmp,0,0.20305411517620087,
B,314,03/test/ok/0273.bmp,0,0.17930011451244354,
B,315,03/test/ok/0274.bmp,0,0.21552807092666626,
B,316,03/test/ok/0275.bmp,0,0.17678280174732208,
B,317,03/test/ok/0276.bmp,0,0.20358921587467194,
B,318,03/test/ok/0277.bmp,0,0.19579294323921204,
B,319,03/test/ok/0278.bmp,0,0.1968962550163269,
B,320,03/test/ok/0279.bmp,0,0.1857885718345642,
B,321,03/test/ok/0280.bmp,0,0.24452637135982513,
B,322,03/test/ok/0281.bmp,0,0.23650290071964264,
B,323,03/test/ok/0282.bmp,0,0.21638046205043793,
B,324,03/test/ok/0283.bmp,0,0.31676432490348816,
B,325,03/test/ok/0284.bmp,0,0.2544591724872589,
B,326,03/test/ok/0285.bmp,0,0.16313005983829498,
B,327,03/test/ok/0286.bmp,0,0.23332446813583374,
B,328,03/test/ok/0287.bmp,0,0.25221624970436096,
B,329,03/test/ok/0288.bmp,0,0.23947091400623322,
B,330,03/test/ok/0289.bmp,0,0.25113222002983093,
B,331,03/test/ok/0290.bmp,0,0.22286950051784515,
B,332,03/test/ok/0291.bmp,0,0.22777335345745087,
B,333,03/test/ok/0292.bmp,0,0.24139031767845154,
B,334,03/test/ok/0293.bmp,0,0.178956538438797,
B,335,03/test/ok/0294.bmp,0,0.2335246056318283,
B,336,03/test/ok/0295.bmp,0,0.1884470283985138,
B,337,03/test/ok/0296.bmp,0,0.24249884486198425,
B,338,03/test/ok/0297.bmp,0,0.22565698623657227,
B,339,03/test/ok/0298.bmp,0,0.29043152928352356,
B,340,03/test/ok/0299.bmp,0,0.1916898787021637,
B,341,03/test/ok/0300.bmp,0,0.21803028881549835,
B,342,03/test/ok/0301.bmp,0,0.18986846506595612,
B,343,03/test/ok/0302.bmp,0,0.20253801345825195,
B,344,03/test/ok/0303.bmp,0,0.22609467804431915,
B,345,03/test/ok/0304.bmp,0,0.26600709557533264,
B,346,03/test/ok/0305.bmp,0,0.20393705368041992,
B,347,03/test/ok/0306.bmp,0,0.24924547970294952,
B,348,03/test/ok/0307.bmp,0,0.2634180188179016,
B,349,03/test/ok/0308.bmp,0,0.20395967364311218,
B,350,03/test/ok/0309.bmp,0,0.3063102662563324,
B,351,03/test/ok/0310.bmp,0,0.31984585523605347,
B,352,03/test/ok/0311.bmp,0,0.2619856595993042,
B,353,03/test/ok/0312.bmp,0,0.23752422630786896,
B,354,03/test/ok/0313.bmp,0,0.24124033749103546,
B,355,03/test/ok/0314.bmp,0,0.23284949362277985,
B,356,03/test/ok/0315.bmp,0,0.2598821222782135,
B,357,03/test/ok/0316.bmp,0,0.20400744676589966,
B,358,03/test/ok/0317.bmp,0,0.24086347222328186,
B,359,03/test/ok/0318.bmp,0,0.2180119901895523,
B,360,03/test/ok/0319.bmp,0,0.18942923843860626,
B,361,03/test/ok/0320.bmp,0,0.18214090168476105,
B,362,03/test/ok/0321.bmp,0,0.20413990318775177,
B,363,03/test/ok/0322.bmp,0,0.2370772659778595,
B,364,03/test/ok/0323.bmp,0,0.2178545892238617,
B,365,03/test/ok/0324.bmp,0,0.21257878839969635,
B,366,03/test/ok/0325.bmp,0,0.25427231192588806,
B,367,03/test/ok/0326.bmp,0,0.22985082864761353,
B,368,03/test/ok/0327.bmp,0,0.225782573223114,
B,369,03/test/ok/0328.bmp,0,0.2822464406490326,
B,370,03/test/ok/0329.bmp,0,0.2542559504508972,
B,371,03/test/ok/0330.bmp,0,0.19275110960006714,
B,372,03/test/ok/0331.bmp,0,0.2806612253189087,
B,373,03/test/ok/0332.bmp,0,0.2260356992483139,
B,374,03/test/ok/0333.bmp,0,0.22952598333358765,
B,375,03/test/ok/0334.bmp,0,0.20203879475593567,
B,376,03/test/ok/0335.bmp,0,0.2083548605442047,
B,377,03/test/ok/0336.bmp,0,0.18526875972747803,
B,378,03/test/ok/0337.bmp,0,0.20889244973659515,
B,379,03/test/ok/0338.bmp,0,0.23281681537628174,
B,380,03/test/ok/0339.bmp,0,0.2719061076641083,
B,381,03/test/ok/0340.bmp,0,0.2103627473115921,
B,382,03/test/ok/0341.bmp,0,0.21642766892910004,
B,383,03/test/ok/0342.bmp,0,0.17859989404678345,
B,384,03/test/ok/0343.bmp,0,0.2241622507572174,
B,385,03/test/ok/0344.bmp,0,0.23615756630897522,
B,386,03/test/ok/0345.bmp,0,0.3480702042579651,
B,387,03/test/ok/0346.bmp,0,0.24726366996765137,
B,388,03/test/ok/0347.bmp,0,0.1721097230911255,
B,389,03/test/ok/0348.bmp,0,0.25171899795532227,
B,390,03/test/ok/0349.bmp,0,0.23096145689487457,
B,391,03/test/ok/0350.bmp,0,0.24330106377601624,
B,392,03/test/ok/0351.bmp,0,0.32577505707740784,
B,393,03/test/ok/0352.bmp,0,0.16291432082653046,
B,394,03/test/ok/0353.bmp,0,0.2941824793815613,
B,395,03/test/ok/0354.bmp,0,0.17505048215389252,
B,396,03/test/ok/0355.bmp,0,0.2900203764438629,
B,397,03/test/ok/0356.bmp,0,0.25241321325302124,
B,398,03/test/ok/0357.bmp,0,0.25768429040908813,
B,399,03/test/ok/0358.bmp,0,0.2284732460975647,
B,400,03/test/ok/0359.bmp,0,0.30378156900405884,
B,401,03/test/ok/0360.bmp,0,0.18941880762577057,
B,402,03/test/ok/0361.bmp,0,0.28645381331443787,
B,403,03/test/ok/0362.bmp,0,0.2396007478237152,
B,404,03/test/ok/0363.bmp,0,0.24252359569072723,
B,405,03/test/ok/0364.bmp,0,0.2242055982351303,
B,406,03/test/ok/0365.bmp,0,0.20632673799991608,
B,407,03/test/ok/0366.bmp,0,0.19837793707847595,
B,408,03/test/ok/0367.bmp,0,0.2195177674293518,
B,409,03/test/ok/0368.bmp,0,0.31454309821128845,
B,410,03/test/ok/0369.bmp,0,0.24085333943367004,
B,411,03/test/ok/0370.bmp,0,0.29260650277137756,
B,412,03/test/ok/0371.bmp,0,0.2557092308998108,
B,413,03/test/ok/0372.bmp,0,0.24864433705806732,
B,414,03/test/ok/0373.bmp,0,0.24262648820877075,
B,415,03/test/ok/0374.bmp,0,0.23712114989757538,
B,416,03/test/ok/0375.bmp,0,0.27246326208114624,
B,417,03/test/ok/0376.bmp,0,0.1926089972257614,
B,418,03/test/ok/0377.bmp,0,0.23559921979904175,
B,419,03/test/ok/0378.bmp,0,0.28145161271095276,
B,420,03/test/ok/0379.bmp,0,0.27338704466819763,
B,421,03/test/ok/0380.bmp,0,0.2611519396305084,
B,422,03/test/ok/0381.bmp,0,0.2474445104598999,
B,423,03/test/ok/0382.bmp,0,0.1927911639213562,
B,424,03/test/ok/0383.bmp,0,0.357656866312027,
B,425,03/test/ok/0384.bmp,0,0.19596654176712036,
B,426,03/test/ok/0385.bmp,0,0.23590125143527985,
B,427,03/test/ok/0386.bmp,0,0.27466464042663574,
B,428,03/test/ok/0387.bmp,0,0.25737306475639343,
B,429,03/test/ok/0388.bmp,0,0.22001045942306519,
B,430,03/test/ok/0389.bmp,0,0.2497757226228714,
B,431,03/test/ok/0390.bmp,0,0.26914578676223755,
B,432,03/test/ok/0391.bmp,0,0.19709210097789764,
B,433,03/test/ok/0392.bmp,0,0.1860221028327942,
B,434,03/test/ok/0393.bmp,0,0.23316651582717896,
B,435,03/test/ok/0394.bmp,0,0.215748593211174,
B,436,03/test/ok/0395.bmp,0,0.20890748500823975,
B,437,03/test/ok/0396.bmp,0,0.2239101231098175,
B,438,03/test/ok/0397.bmp,0,0.22182787954807281,
B,439,03/test/ok/0398.bmp,0,0.21915872395038605,
B,440,03/test/ok/0399.bmp,0,0.23063349723815918,
S,0,03/test/ko/0000.bmp,1,0.5580489039421082,0.700625948317182
S,1,03/test/ko/0001.bmp,1,0.5964227318763733,0.8123261399730257
S,2,03/test/ko/0002.bmp,1,0.5746428370475769,0.8228331400179034
S,3,03/test/ko/0003.bmp,1,0.5767356157302856,0.8427562882523449
S,4,03/test/ko/0004.bmp,1,0.3575800657272339,0.7395068442487209
S,5,03/test/ko/0005.bmp,1,0.442295104265213,0.8354643998743722
S,6,03/test/ko/0006.bmp,1,0.49062106013298035,0.9073266341022315
S,7,03/test/ko/0007.bmp,1,0.3402059078216553,0.814003118323939
S,8,03/test/ko/0008.bmp,1,0.47951841354370117,0.8307449406660601
S,9,03/test/ko/0009.bmp,1,0.2734357416629791,0.18728587051905318
S,10,03/test/ko/0010.bmp,1,0.48441144824028015,0.8610910175452237
S,11,03/test/ko/0011.bmp,1,0.4341757297515869,0.9384361134753766
S,12,03/test/ko/0012.bmp,1,0.34689879417419434,0.6864114442225835
S,13,03/test/ko/0013.bmp,1,0.5563223361968994,0.7852419998229427
S,14,03/test/ko/0014.bmp,1,0.49008604884147644,0.791857038795431
S,15,03/test/ko/0015.bmp,1,0.3209120035171509,0.8182366113969888
S,16,03/test/ko/0016.bmp,1,0.32215040922164917,0.6266354951149552
S,17,03/test/ko/0017.bmp,1,0.4371715188026428,0.9191025717336367
S,18,03/test/ko/0018.bmp,1,0.5627837777137756,0.9572334713996885
S,19,03/test/ko/0019.bmp,1,0.5333923697471619,0.9600745927604162
S,20,03/test/ko/0020.bmp,1,0.37937381863594055,0.21741638257870438
S,21,03/test/ko/0021.bmp,1,0.28528860211372375,0.06165316488373452
S,22,03/test/ko/0022.bmp,1,0.4311538636684418,0.6449711876255702
S,23,03/test/ko/0023.bmp,1,0.27126839756965637,0.31345813305833564
S,24,03/test/ko/0024.bmp,1,0.33357369899749756,0.7963481009888365
S,25,03/test/ko/0025.bmp,1,0.5162321925163269,0.8157865744308451
S,26,03/test/ko/0026.bmp,1,0.5639913082122803,0.8681115573829747
S,27,03/test/ko/0027.bmp,1,0.355812668800354,0.38785369349359494
S,28,03/test/ko/0028.bmp,0,0.1856292188167572,
S,29,03/test/ko/0029.bmp,0,0.30892235040664673,
S,30,03/test/ko/0030.bmp,0,0.2129700779914856,
S,31,03/test/ko/0031.bmp,0,0.26628896594047546,
S,32,03/test/ko/0032.bmp,0,0.2805737257003784,
S,33,03/test/ko/0033.bmp,0,0.24442438781261444,
S,34,03/test/ko/0034.bmp,0,0.3061697781085968,
S,35,03/test/ko/0035.bmp,0,0.24581362307071686,
S,36,03/test/ko/0036.bmp,0,0.26565319299697876,
S,37,03/test/ko/0037.bmp,0,0.24829238653182983,
S,38,03/test/ko/0038.bmp,1,0.5582863688468933,0.9670633568037055
S,39,03/test/ko/0039.bmp,1,0.3350718915462494,0.2514784923197685
S,40,03/test/ko/0040.bmp,1,0.38617274165153503,0.8100178079357969
S,41,03/test/ok/0000.bmp,0,0.17762397229671478,
S,42,03/test/ok/0001.bmp,0,0.117334745824337,
S,43,03/test/ok/0002.bmp,0,0.18702325224876404,
S,44,03/test/ok/0003.bmp,0,0.10313829779624939,
S,45,03/test/ok/0004.bmp,0,0.16463230550289154,
S,46,03/test/ok/0005.bmp,0,0.15335287153720856,
S,47,03/test/ok/0006.bmp,0,0.16868121922016144,
S,48,03/test/ok/0007.bmp,0,0.1517437845468521,
S,49,03/test/ok/0008.bmp,0,0.18819023668766022,
S,50,03/test/ok/0009.bmp,0,0.15655606985092163,
S,51,03/test/ok/0010.bmp,0,0.1977909356355667,
S,52,03/test/ok/0011.bmp,0,0.1432713121175766,
S,53,03/test/ok/0012.bmp,0,0.17003771662712097,
S,54,03/test/ok/0013.bmp,0,0.14418284595012665,
S,55,03/test/ok/0014.bmp,0,0.1814393699169159,
S,56,03/test/ok/0015.bmp,0,0.14664307236671448,
S,57,03/test/ok/0016.bmp,0,0.16549143195152283,
S,58,03/test/ok/0017.bmp,0,0.16768251359462738,
S,59,03/test/ok/0018.bmp,0,0.2251777946949005,
S,60,03/test/ok/0019.bmp,0,0.1569490283727646,
S,61,03/test/ok/0020.bmp,0,0.21802382171154022,
S,62,03/test/ok/0021.bmp,0,0.1530376523733139,
S,63,03/test/ok/0022.bmp,0,0.18657571077346802,
S,64,03/test/ok/0023.bmp,0,0.11789572983980179,
S,65,03/test/ok/0024.bmp,0,0.18503884971141815,
S,66,03/test/ok/0025.bmp,0,0.1483439803123474,
S,67,03/test/ok/0026.bmp,0,0.17864008247852325,
S,68,03/test/ok/0027.bmp,0,0.11232396215200424,
S,69,03/test/ok/0028.bmp,0,0.14346009492874146,
S,70,03/test/ok/0029.bmp,0,0.1441594660282135,
S,71,03/test/ok/0030.bmp,0,0.18670259416103363,
S,72,03/test/ok/0031.bmp,0,0.13360467553138733,
S,73,03/test/ok/0032.bmp,0,0.46559205651283264,
S,74,03/test/ok/0033.bmp,0,0.14708168804645538,
S,75,03/test/ok/0034.bmp,0,0.14456340670585632,
S,76,03/test/ok/0035.bmp,0,0.15467722713947296,
S,77,03/test/ok/0036.bmp,0,0.21111522614955902,
S,78,03/test/ok/0037.bmp,0,0.14969107508659363,
S,79,03/test/ok/0038.bmp,0,0.2048933207988739,
S,80,03/test/ok/0039.bmp,0,0.14225514233112335,
S,81,03/test/ok/0040.bmp,0,0.22819431126117706,
S,82,03/test/ok/0041.bmp,0,0.17557814717292786,
S,83,03/test/ok/0042.bmp,0,0.16807705163955688,
S,84,03/test/ok/0043.bmp,0,0.1240706667304039,
S,85,03/test/ok/0044.bmp,0,0.17132391035556793,
S,86,03/test/ok/0045.bmp,0,0.14274278283119202,
S,87,03/test/ok/0046.bmp,0,0.14504729211330414,
S,88,03/test/ok/0047.bmp,0,0.11623313277959824,
S,89,03/test/ok/0048.bmp,0,0.15389864146709442,
S,90,03/test/ok/0049.bmp,0,0.13089506328105927,
S,91,03/test/ok/0050.bmp,0,0.1902998834848404,
S,92,03/test/ok/0051.bmp,0,0.11807088553905487,
S,93,03/test/ok/0052.bmp,0,0.17216187715530396,
S,94,03/test/ok/0053.bmp,0,0.15899640321731567,
S,95,03/test/ok/0054.bmp,0,0.17862938344478607,
S,96,03/test/ok/0055.bmp,0,0.14323778450489044,
S,97,03/test/ok/0056.bmp,0,0.15171948075294495,
S,98,03/test/ok/0057.bmp,0,0.1362220197916031,
S,99,03/test/ok/0058.bmp,0,0.1294366866350174,
S,100,03/test/ok/0059.bmp,0,0.19169758260250092,
S,101,03/test/ok/0060.bmp,0,0.1903834342956543,
S,102,03/test/ok/0061.bmp,0,0.15229183435440063,
S,103,03/test/ok/0062.bmp,0,0.13113446533679962,
S,104,03/test/ok/0063.bmp,0,0.14282652735710144,
S,105,03/test/ok/0064.bmp,0,0.1952718198299408,
S,106,03/test/ok/0065.bmp,0,0.12981480360031128,
S,107,03/test/ok/0066.bmp,0,0.1705777943134308,
S,108,03/test/ok/0067.bmp,0,0.13630978763103485,
S,109,03/test/ok/0068.bmp,0,0.17458783090114594,
S,110,03/test/ok/0069.bmp,0,0.19725702702999115,
S,111,03/test/ok/0070.bmp,0,0.18410147726535797,
S,112,03/test/ok/0071.bmp,0,0.14499646425247192,
S,113,03/test/ok/0072.bmp,0,0.14724887907505035,
S,114,03/test/ok/0073.bmp,0,0.15916375815868378,
S,115,03/test/ok/0074.bmp,0,0.214381605386734,
S,116,03/test/ok/0075.bmp,0,0.19003498554229736,
S,117,03/test/ok/0076.bmp,0,0.15518148243427277,
S,118,03/test/ok/0077.bmp,0,0.18734903633594513,
S,119,03/test/ok/0078.bmp,0,0.19666923582553864,
S,120,03/test/ok/0079.bmp,0,0.16867780685424805,
S,121,03/test/ok/0080.bmp,0,0.16441689431667328,
S,122,03/test/ok/0081.bmp,0,0.1686660647392273,
S,123,03/test/ok/0082.bmp,0,0.1448083370923996,
S,124,03/test/ok/0083.bmp,0,0.11653752624988556,
S,125,03/test/ok/0084.bmp,0,0.21494387090206146,
S,126,03/test/ok/0085.bmp,0,0.12620335817337036,
S,127,03/test/ok/0086.bmp,0,0.15902666747570038,
S,128,03/test/ok/0087.bmp,0,0.19627892971038818,
S,129,03/test/ok/0088.bmp,0,0.16218169033527374,
S,130,03/test/ok/0089.bmp,0,0.12616688013076782,
S,131,03/test/ok/0090.bmp,0,0.20428770780563354,
S,132,03/test/ok/0091.bmp,0,0.14580072462558746,
S,133,03/test/ok/0092.bmp,0,0.17657139897346497,
S,134,03/test/ok/0093.bmp,0,0.16854141652584076,
S,135,03/test/ok/0094.bmp,0,0.17626971006393433,
S,136,03/test/ok/0095.bmp,0,0.10370878875255585,
S,137,03/test/ok/0096.bmp,0,0.17842422425746918,
S,138,03/test/ok/0097.bmp,0,0.11846761405467987,
S,139,03/test/ok/0098.bmp,0,0.14085780084133148,
S,140,03/test/ok/0099.bmp,0,0.1210547685623169,
S,141,03/test/ok/0100.bmp,0,0.1320984810590744,
S,142,03/test/ok/0101.bmp,0,0.19360245764255524,
S,143,03/test/ok/0102.bmp,0,0.24118444323539734,
S,144,03/test/ok/0103.bmp,0,0.16027890145778656,
S,145,03/test/ok/0104.bmp,0,0.20800872147083282,
S,146,03/test/ok/0105.bmp,0,0.1506539285182953,
S,147,03/test/ok/0106.bmp,0,0.21314910054206848,
S,148,03/test/ok/0107.bmp,0,0.1278003603219986,
S,149,03/test/ok/0108.bmp,0,0.16631466150283813,
S,150,03/test/ok/0109.bmp,0,0.15279340744018555,
S,151,03/test/ok/0110.bmp,0,0.2819471061229706,
S,152,03/test/ok/0111.bmp,0,0.14908486604690552,
S,153,03/test/ok/0112.bmp,0,0.19446098804473877,
S,154,03/test/ok/0113.bmp,0,0.11754783987998962,
S,155,03/test/ok/0114.bmp,0,0.15827317535877228,
S,156,03/test/ok/0115.bmp,0,0.15136168897151947,
S,157,03/test/ok/0116.bmp,0,0.16774049401283264,
S,158,03/test/ok/0117.bmp,0,0.13241365551948547,
S,159,03/test/ok/0118.bmp,0,0.1750257909297943,
S,160,03/test/ok/0119.bmp,0,0.13089175522327423,
S,161,03/test/ok/0120.bmp,0,0.18402858078479767,
S,162,03/test/ok/0121.bmp,0,0.12183816730976105,
S,163,03/test/ok/0122.bmp,0,0.1284276247024536,
S,164,03/test/ok/0123.bmp,0,0.15525496006011963,
S,165,03/test/ok/0124.bmp,0,0.19073444604873657,
S,166,03/test/ok/0125.bmp,0,0.12643209099769592,
S,167,03/test/ok/0126.bmp,0,0.1337544322013855,
S,168,03/test/ok/0127.bmp,0,0.16102725267410278,
S,169,03/test/ok/0128.bmp,0,0.14569537341594696,
S,170,03/test/ok/0129.bmp,0,0.1203656792640686,
S,171,03/test/ok/0130.bmp,0,0.17480653524398804,
S,172,03/test/ok/0131.bmp,0,0.11598413437604904,
S,173,03/test/ok/0132.bmp,0,0.16178148984909058,
S,174,03/test/ok/0133.bmp,0,0.1289747953414917,
S,175,03/test/ok/0134.bmp,0,0.178824320435524,
S,176,03/test/ok/0135.bmp,0,0.14461573958396912,
S,177,03/test/ok/0136.bmp,0,0.1956368386745453,
S,178,03/test/ok/0137.bmp,0,0.12203259021043777,
S,179,03/test/ok/0138.bmp,0,0.1867433339357376,
S,180,03/test/ok/0139.bmp,0,0.1579643338918686,
S,181,03/test/ok/0140.bmp,0,0.20297494530677795,
S,182,03/test/ok/0141.bmp,0,0.15760770440101624,
S,183,03/test/ok/0142.bmp,0,0.17827075719833374,
S,184,03/test/ok/0143.bmp,0,0.12445692718029022,
S,185,03/test/ok/0144.bmp,0,0.19264189898967743,
S,186,03/test/ok/0145.bmp,0,0.14686372876167297,
S,187,03/test/ok/0146.bmp,0,0.20305387675762177,
S,188,03/test/ok/0147.bmp,0,0.28001996874809265,
S,189,03/test/ok/0148.bmp,0,0.22467252612113953,
S,190,03/test/ok/0149.bmp,0,0.11575889587402344,
S,191,03/test/ok/0150.bmp,0,0.16311176121234894,
S,192,03/test/ok/0151.bmp,0,0.20316630601882935,
S,193,03/test/ok/0152.bmp,0,0.19254113733768463,
S,194,03/test/ok/0153.bmp,0,0.1417883187532425,
S,195,03/test/ok/0154.bmp,0,0.16565421223640442,
S,196,03/test/ok/0155.bmp,0,0.21894273161888123,
S,197,03/test/ok/0156.bmp,0,0.2089788168668747,
S,198,03/test/ok/0157.bmp,0,0.12759844958782196,
S,199,03/test/ok/0158.bmp,0,0.1599639654159546,
S,200,03/test/ok/0159.bmp,0,0.11349204927682877,
S,201,03/test/ok/0160.bmp,0,0.182912677526474,
S,202,03/test/ok/0161.bmp,0,0.11901922523975372,
S,203,03/test/ok/0162.bmp,0,0.15003779530525208,
S,204,03/test/ok/0163.bmp,0,0.15764935314655304,
S,205,03/test/ok/0164.bmp,0,0.16191698610782623,
S,206,03/test/ok/0165.bmp,0,0.13251759111881256,
S,207,03/test/ok/0166.bmp,0,0.2382359802722931,
S,208,03/test/ok/0167.bmp,0,0.12093374878168106,
S,209,03/test/ok/0168.bmp,0,0.17676641047000885,
S,210,03/test/ok/0169.bmp,0,0.15018238127231598,
S,211,03/test/ok/0170.bmp,0,0.1388160139322281,
S,212,03/test/ok/0171.bmp,0,0.15370149910449982,
S,213,03/test/ok/0172.bmp,0,0.14216887950897217,
S,214,03/test/ok/0173.bmp,0,0.15706954896450043,
S,215,03/test/ok/0174.bmp,0,0.15643879771232605,
S,216,03/test/ok/0175.bmp,0,0.10550232976675034,
S,217,03/test/ok/0176.bmp,0,0.18745127320289612,
S,218,03/test/ok/0177.bmp,0,0.15591007471084595,
S,219,03/test/ok/0178.bmp,0,0.11903125792741776,
S,220,03/test/ok/0179.bmp,0,0.12737047672271729,
S,221,03/test/ok/0180.bmp,0,0.19919151067733765,
S,222,03/test/ok/0181.bmp,0,0.18676680326461792,
S,223,03/test/ok/0182.bmp,0,0.26443716883659363,
S,224,03/test/ok/0183.bmp,0,0.14318512380123138,
S,225,03/test/ok/0184.bmp,0,0.1567840576171875,
S,226,03/test/ok/0185.bmp,0,0.15794336795806885,
S,227,03/test/ok/0186.bmp,0,0.1571781486272812,
S,228,03/test/ok/0187.bmp,0,0.12471042573451996,
S,229,03/test/ok/0188.bmp,0,0.1804533302783966,
S,230,03/test/ok/0189.bmp,0,0.1245887354016304,
S,231,03/test/ok/0190.bmp,0,0.14040496945381165,
S,232,03/test/ok/0191.bmp,0,0.11285772919654846,
S,233,03/test/ok/0192.bmp,0,0.18840202689170837,
S,234,03/test/ok/0193.bmp,0,0.14803361892700195,
S,235,03/test/ok/0194.bmp,0,0.19999933242797852,
S,236,03/test/ok/0195.bmp,0,0.1234467476606369,
S,237,03/test/ok/0196.bmp,0,0.17489100992679596,
S,238,03/test/ok/0197.bmp,0,0.15439100563526154,
S,239,03/test/ok/0198.bmp,0,0.20318838953971863,
S,240,03/test/ok/0199.bmp,0,0.12995819747447968,
S,241,03/test/ok/0200.bmp,0,0.1508319228887558,
S,242,03/test/ok/0201.bmp,0,0.1284226030111313,
S,243,03/test/ok/0202.bmp,0,0.20978042483329773,
S,244,03/test/ok/0203.bmp,0,0.1269657462835312,
S,245,03/test/ok/0204.bmp,0,0.19843044877052307,
S,246,03/test/ok/0205.bmp,0,0.176803857088089,
S,247,03/test/ok/0206.bmp,0,0.2374757081270218,
S,248,03/test/ok/0207.bmp,0,0.14091897010803223,
S,249,03/test/ok/0208.bmp,0,0.19297195971012115,
S,250,03/test/ok/0209.bmp,0,0.1380099207162857,
S,251,03/test/ok/0210.bmp,0,0.19415642321109772,
S,252,03/test/ok/0211.bmp,0,0.13494369387626648,
S,253,03/test/ok/0212.bmp,0,0.19350077211856842,
S,254,03/test/ok/0213.bmp,0,0.13876575231552124,
S,255,03/test/ok/0214.bmp,0,0.2011639028787613,
S,256,03/test/ok/0215.bmp,0,0.1659134030342102,
S,257,03/test/ok/0216.bmp,0,0.17002375423908234,
S,258,03/test/ok/0217.bmp,0,0.12987935543060303,
S,259,03/test/ok/0218.bmp,0,0.17561060190200806,
S,260,03/test/ok/0219.bmp,0,0.1415368765592575,
S,261,03/test/ok/0220.bmp,0,0.18867120146751404,
S,262,03/test/ok/0221.bmp,0,0.09994634985923767,
S,263,03/test/ok/0222.bmp,0,0.17963649332523346,
S,264,03/test/ok/0223.bmp,0,0.11757434904575348,
S,265,03/test/ok/0224.bmp,0,0.18236596882343292,
S,266,03/test/ok/0225.bmp,0,0.11774144321680069,
S,267,03/test/ok/0226.bmp,0,0.1831948310136795,
S,268,03/test/ok/0227.bmp,0,0.1591549962759018,
S,269,03/test/ok/0228.bmp,0,0.2156495451927185,
S,270,03/test/ok/0229.bmp,0,0.12318400293588638,
S,271,03/test/ok/0230.bmp,0,0.1643991768360138,
S,272,03/test/ok/0231.bmp,0,0.1265268176794052,
S,273,03/test/ok/0232.bmp,0,0.18976779282093048,
S,274,03/test/ok/0233.bmp,0,0.132796511054039,
S,275,03/test/ok/0234.bmp,0,0.21792450547218323,
S,276,03/test/ok/0235.bmp,0,0.1271045058965683,
S,277,03/test/ok/0236.bmp,0,0.2350195199251175,
S,278,03/test/ok/0237.bmp,0,0.11614462733268738,
S,279,03/test/ok/0238.bmp,0,0.17913340032100677,
S,280,03/test/ok/0239.bmp,0,0.1212725043296814,
S,281,03/test/ok/0240.bmp,0,0.21804404258728027,
S,282,03/test/ok/0241.bmp,0,0.15271328389644623,
S,283,03/test/ok/0242.bmp,0,0.16907811164855957,
S,284,03/test/ok/0243.bmp,0,0.19283021986484528,
S,285,03/test/ok/0244.bmp,0,0.20103272795677185,
S,286,03/test/ok/0245.bmp,0,0.12340648472309113,
S,287,03/test/ok/0246.bmp,0,0.2093600332736969,
S,288,03/test/ok/0247.bmp,0,0.126036137342453,
S,289,03/test/ok/0248.bmp,0,0.1914645880460739,
S,290,03/test/ok/0249.bmp,0,0.1495560109615326,
S,291,03/test/ok/0250.bmp,0,0.16433176398277283,
S,292,03/test/ok/0251.bmp,0,0.16586410999298096,
S,293,03/test/ok/0252.bmp,0,0.21845121681690216,
S,294,03/test/ok/0253.bmp,0,0.13667526841163635,
S,295,03/test/ok/0254.bmp,0,0.24287283420562744,
S,296,03/test/ok/0255.bmp,0,0.1319049596786499,
S,297,03/test/ok/0256.bmp,0,0.13876985013484955,
S,298,03/test/ok/0257.bmp,0,0.11620000749826431,
S,299,03/test/ok/0258.bmp,0,0.22173035144805908,
S,300,03/test/ok/0259.bmp,0,0.12509216368198395,
S,301,03/test/ok/0260.bmp,0,0.1907980740070343,
S,302,03/test/ok/0261.bmp,0,0.21117573976516724,
S,303,03/test/ok/0262.bmp,0,0.15531370043754578,
S,304,03/test/ok/0263.bmp,0,0.15078005194664001,
S,305,03/test/ok/0264.bmp,0,0.1966284066438675,
S,306,03/test/ok/0265.bmp,0,0.16037236154079437,
S,307,03/test/ok/0266.bmp,0,0.17978940904140472,
S,308,03/test/ok/0267.bmp,0,0.1161070466041565,
S,309,03/test/ok/0268.bmp,0,0.1584080010652542,
S,310,03/test/ok/0269.bmp,0,0.12165012955665588,
S,311,03/test/ok/0270.bmp,0,0.18378449976444244,
S,312,03/test/ok/0271.bmp,0,0.15879040956497192,
S,313,03/test/ok/0272.bmp,0,0.18052278459072113,
S,314,03/test/ok/0273.bmp,0,0.1349414736032486,
S,315,03/test/ok/0274.bmp,0,0.21052978932857513,
S,316,03/test/ok/0275.bmp,0,0.13219021260738373,
S,317,03/test/ok/0276.bmp,0,0.22100242972373962,
S,318,03/test/ok/0277.bmp,0,0.14228364825248718,
S,319,03/test/ok/0278.bmp,0,0.156589075922966,
S,320,03/test/ok/0279.bmp,0,0.15996161103248596,
S,321,03/test/ok/0280.bmp,0,0.16555000841617584,
S,322,03/test/ok/0281.bmp,0,0.16642813384532928,
S,323,03/test/ok/0282.bmp,0,0.22917093336582184,
S,324,03/test/ok/0283.bmp,0,0.2259397655725479,
S,325,03/test/ok/0284.bmp,0,0.20993611216545105,
S,326,03/test/ok/0285.bmp,0,0.1325705647468567,
S,327,03/test/ok/0286.bmp,0,0.18189559876918793,
S,328,03/test/ok/0287.bmp,0,0.19738289713859558,
S,329,03/test/ok/0288.bmp,0,0.2082672268152237,
S,330,03/test/ok/0289.bmp,0,0.15830010175704956,
S,331,03/test/ok/0290.bmp,0,0.20223742723464966,
S,332,03/test/ok/0291.bmp,0,0.15684647858142853,
S,333,03/test/ok/0292.bmp,0,0.17911866307258606,
S,334,03/test/ok/0293.bmp,0,0.10118412971496582,
S,335,03/test/ok/0294.bmp,0,0.22322070598602295,
S,336,03/test/ok/0295.bmp,0,0.13283440470695496,
S,337,03/test/ok/0296.bmp,0,0.23215486109256744,
S,338,03/test/ok/0297.bmp,0,0.17230439186096191,
S,339,03/test/ok/0298.bmp,0,0.16246046125888824,
S,340,03/test/ok/0299.bmp,0,0.14602214097976685,
S,341,03/test/ok/0300.bmp,0,0.16232368350028992,
S,342,03/test/ok/0301.bmp,0,0.17041544616222382,
S,343,03/test/ok/0302.bmp,0,0.1991761326789856,
S,344,03/test/ok/0303.bmp,0,0.1531834751367569,
S,345,03/test/ok/0304.bmp,0,0.21591170132160187,
S,346,03/test/ok/0305.bmp,0,0.19391410052776337,
S,347,03/test/ok/0306.bmp,0,0.17065991461277008,
S,348,03/test/ok/0307.bmp,0,0.21647657454013824,
S,349,03/test/ok/0308.bmp,0,0.15878500044345856,
S,350,03/test/ok/0309.bmp,0,0.1854967623949051,
S,351,03/test/ok/0310.bmp,0,0.17420437932014465,
S,352,03/test/ok/0311.bmp,0,0.13553641736507416,
S,353,03/test/ok/0312.bmp,0,0.14676299691200256,
S,354,03/test/ok/0313.bmp,0,0.18605391681194305,
S,355,03/test/ok/0314.bmp,0,0.19828584790229797,
S,356,03/test/ok/0315.bmp,0,0.16172850131988525,
S,357,03/test/ok/0316.bmp,0,0.1628861278295517,
S,358,03/test/ok/0317.bmp,0,0.20870861411094666,
S,359,03/test/ok/0318.bmp,0,0.1915864497423172,
S,360,03/test/ok/0319.bmp,0,0.1414097249507904,
S,361,03/test/ok/0320.bmp,0,0.13632935285568237,
S,362,03/test/ok/0321.bmp,0,0.16524916887283325,
S,363,03/test/ok/0322.bmp,0,0.1429646611213684,
S,364,03/test/ok/0323.bmp,0,0.18804003298282623,
S,365,03/test/ok/0324.bmp,0,0.17281541228294373,
S,366,03/test/ok/0325.bmp,0,0.1963070183992386,
S,367,03/test/ok/0326.bmp,0,0.1715027093887329,
S,368,03/test/ok/0327.bmp,0,0.18015697598457336,
S,369,03/test/ok/0328.bmp,0,0.25873640179634094,
S,370,03/test/ok/0329.bmp,0,0.17144308984279633,
S,371,03/test/ok/0330.bmp,0,0.14347659051418304,
S,372,03/test/ok/0331.bmp,0,0.1795278638601303,
S,373,03/test/ok/0332.bmp,0,0.15800580382347107,
S,374,03/test/ok/0333.bmp,0,0.1381591409444809,
S,375,03/test/ok/0334.bmp,0,0.14603544771671295,
S,376,03/test/ok/0335.bmp,0,0.12159688770771027,
S,377,03/test/ok/0336.bmp,0,0.16708292067050934,
S,378,03/test/ok/0337.bmp,0,0.15484489500522614,
S,379,03/test/ok/0338.bmp,0,0.1791699379682541,
S,380,03/test/ok/0339.bmp,0,0.17481425404548645,
S,381,03/test/ok/0340.bmp,0,0.16831941902637482,
S,382,03/test/ok/0341.bmp,0,0.15785439312458038,
S,383,03/test/ok/0342.bmp,0,0.11036153137683868,
S,384,03/test/ok/0343.bmp,0,0.27717897295951843,
S,385,03/test/ok/0344.bmp,0,0.19531822204589844,
S,386,03/test/ok/0345.bmp,0,0.2458142340183258,
S,387,03/test/ok/0346.bmp,0,0.13922730088233948,
S,388,03/test/ok/0347.bmp,0,0.1360936313867569,
S,389,03/test/ok/0348.bmp,0,0.1640186756849289,
S,390,03/test/ok/0349.bmp,0,0.15358991920948029,
S,391,03/test/ok/0350.bmp,0,0.25467097759246826,
S,392,03/test/ok/0351.bmp,0,0.25964224338531494,
S,393,03/test/ok/0352.bmp,0,0.1323229819536209,
S,394,03/test/ok/0353.bmp,0,0.15557658672332764,
S,395,03/test/ok/0354.bmp,0,0.13198882341384888,
S,396,03/test/ok/0355.bmp,0,0.15645618736743927,
S,397,03/test/ok/0356.bmp,0,0.25610587000846863,
S,398,03/test/ok/0357.bmp,0,0.15402333438396454,
S,399,03/test/ok/0358.bmp,0,0.18869955837726593,
S,400,03/test/ok/0359.bmp,0,0.18811409175395966,
S,401,03/test/ok/0360.bmp,0,0.12993475794792175,
S,402,03/test/ok/0361.bmp,0,0.15646691620349884,
S,403,03/test/ok/0362.bmp,0,0.19496701657772064,
S,404,03/test/ok/0363.bmp,0,0.17638520896434784,
S,405,03/test/ok/0364.bmp,0,0.19125615060329437,
S,406,03/test/ok/0365.bmp,0,0.1394634246826172,
S,407,03/test/ok/0366.bmp,0,0.12092483043670654,
S,408,03/test/ok/0367.bmp,0,0.1811927706003189,
S,409,03/test/ok/0368.bmp,0,0.2060559093952179,
S,410,03/test/ok/0369.bmp,0,0.162401482462883,
S,411,03/test/ok/0370.bmp,0,0.16188688576221466,
S,412,03/test/ok/0371.bmp,0,0.1549469381570816,
S,413,03/test/ok/0372.bmp,0,0.20750892162322998,
S,414,03/test/ok/0373.bmp,0,0.16250567138195038,
S,415,03/test/ok/0374.bmp,0,0.1825011521577835,
S,416,03/test/ok/0375.bmp,0,0.15539777278900146,
S,417,03/test/ok/0376.bmp,0,0.1348603069782257,
S,418,03/test/ok/0377.bmp,0,0.19018115103244781,
S,419,03/test/ok/0378.bmp,0,0.1544138640165329,
S,420,03/test/ok/0379.bmp,0,0.19023393094539642,
S,421,03/test/ok/0380.bmp,0,0.23296813666820526,
S,422,03/test/ok/0381.bmp,0,0.15966588258743286,
S,423,03/test/ok/0382.bmp,0,0.11313167214393616,
S,424,03/test/ok/0383.bmp,0,0.2521720230579376,
S,425,03/test/ok/0384.bmp,0,0.14161717891693115,
S,426,03/test/ok/0385.bmp,0,0.1372329145669937,
S,427,03/test/ok/0386.bmp,0,0.19532795250415802,
S,428,03/test/ok/0387.bmp,0,0.14170856773853302,
S,429,03/test/ok/0388.bmp,0,0.16252663731575012,
S,430,03/test/ok/0389.bmp,0,0.22203440964221954,
S,431,03/test/ok/0390.bmp,0,0.23135066032409668,
S,432,03/test/ok/0391.bmp,0,0.21097439527511597,
S,433,03/test/ok/0392.bmp,0,0.12221459299325943,
S,434,03/test/ok/0393.bmp,0,0.17834563553333282,
S,435,03/test/ok/0394.bmp,0,0.23616109788417816,
S,436,03/test/ok/0395.bmp,0,0.17190112173557281,
S,437,03/test/ok/0396.bmp,0,0.19465458393096924,
S,438,03/test/ok/0397.bmp,0,0.14579927921295166,
S,439,03/test/ok/0398.bmp,0,0.14722272753715515,
S,440,03/test/ok/0399.bmp,0,0.23596258461475372,
C,0,03/test/ko/0000.bmp,1,0.13877344131469727,0.058822710083537066
C,1,03/test/ko/0001.bmp,1,0.17815469205379486,0.7067271375399716
C,2,03/test/ko/0002.bmp,1,0.1293945014476776,0.7340485994516586
C,3,03/test/ko/0003.bmp,1,0.10262499749660492,0.6298014240403277
C,4,03/test/ko/0004.bmp,1,0.32925957441329956,0.08146149985134862
C,5,03/test/ko/0005.bmp,1,0.19264718890190125,0.37446844380365846
C,6,03/test/ko/0006.bmp,1,0.2099231481552124,0.2850817127727903
C,7,03/test/ko/0007.bmp,1,0.12510265409946442,0.13841795926838757
C,8,03/test/ko/0008.bmp,1,0.20472276210784912,0.6130260570064942
C,9,03/test/ko/0009.bmp,1,0.10689330101013184,0.5510416819085836
C,10,03/test/ko/0010.bmp,1,0.09933958947658539,0.01057188751899299
C,11,03/test/ko/0011.bmp,1,0.19020923972129822,0.04317906615729054
C,12,03/test/ko/0012.bmp,1,0.25966599583625793,0.02579390920935418
C,13,03/test/ko/0013.bmp,1,0.12521693110466003,0.3155435286945069
C,14,03/test/ko/0014.bmp,1,0.10050076991319656,0.0549338056936965
C,15,03/test/ko/0015.bmp,1,0.06579829752445221,0.12067478546505496
C,16,03/test/ko/0016.bmp,1,0.10780724883079529,0.04681548026599231
C,17,03/test/ko/0017.bmp,1,0.23307186365127563,0.0368438338042976
C,18,03/test/ko/0018.bmp,1,0.2512609362602234,0.8793693137535322
C,19,03/test/ko/0019.bmp,1,0.18060827255249023,0.8807590183576265
C,20,03/test/ko/0020.bmp,1,0.14399179816246033,0.08938351973676356
C,21,03/test/ko/0021.bmp,1,0.07204370945692062,0.1724550931667309
C,22,03/test/ko/0022.bmp,1,0.14453059434890747,0.18287448227829703
C,23,03/test/ko/0023.bmp,1,0.09553483873605728,0.1603139441454548
C,24,03/test/ko/0024.bmp,1,0.13150173425674438,0.24281467589768968
C,25,03/test/ko/0025.bmp,1,0.171070396900177,0.7749642497678696
C,26,03/test/ko/0026.bmp,1,0.21504703164100647,0.8728382275943771
C,27,03/test/ko/0027.bmp,1,0.24575242400169373,0.7042487607459604
C,28,03/test/ko/0028.bmp,0,0.06149529293179512,
C,29,03/test/ko/0029.bmp,0,0.08959198743104935,
C,30,03/test/ko/0030.bmp,0,0.3064212203025818,
C,31,03/test/ko/0031.bmp,0,0.10918211936950684,
C,32,03/test/ko/0032.bmp,0,0.11487717926502228,
C,33,03/test/ko/0033.bmp,0,0.08505089581012726,
C,34,03/test/ko/0034.bmp,0,0.17845657467842102,
C,35,03/test/ko/0035.bmp,0,0.2764021158218384,
C,36,03/test/ko/0036.bmp,0,0.060496795922517776,
C,37,03/test/ko/0037.bmp,0,0.11302843689918518,
C,38,03/test/ko/0038.bmp,1,0.22872279584407806,0.4923077951936546
C,39,03/test/ko/0039.bmp,1,0.1523803323507309,0.07430311582404205
C,40,03/test/ko/0040.bmp,1,0.13522663712501526,0.7583838154387389
C,41,03/test/ok/0000.bmp,0,0.1673727184534073,
C,42,03/test/ok/0001.bmp,0,0.04834398254752159,
C,43,03/test/ok/0002.bmp,0,0.28734833002090454,
C,44,03/test/ok/0003.bmp,0,0.03084801696240902,
C,45,03/test/ok/0004.bmp,0,0.22320900857448578,
C,46,03/test/ok/0005.bmp,0,0.08516333252191544,
C,47,03/test/ok/0006.bmp,0,0.1476832777261734,
C,48,03/test/ok/0007.bmp,0,0.21631164848804474,
C,49,03/test/ok/0008.bmp,0,0.16904151439666748,
C,50,03/test/ok/0009.bmp,0,0.1402464210987091,
C,51,03/test/ok/0010.bmp,0,0.10036617517471313,
C,52,03/test/ok/0011.bmp,0,0.09507803618907928,
C,53,03/test/ok/0012.bmp,0,0.03309442102909088,
C,54,03/test/ok/0013.bmp,0,0.055584799498319626,
C,55,03/test/ok/0014.bmp,0,0.31395772099494934,
C,56,03/test/ok/0015.bmp,0,0.09615712612867355,
C,57,03/test/ok/0016.bmp,0,0.0480947308242321,
C,58,03/test/ok/0017.bmp,0,0.19376859068870544,
C,59,03/test/ok/0018.bmp,0,0.037004925310611725,
C,60,03/test/ok/0019.bmp,0,0.05648191645741463,
C,61,03/test/ok/0020.bmp,0,0.03514222055673599,
C,62,03/test/ok/0021.bmp,0,0.05248837172985077,
C,63,03/test/ok/0022.bmp,0,0.04197084531188011,
C,64,03/test/ok/0023.bmp,0,0.03142876550555229,
C,65,03/test/ok/0024.bmp,0,0.10247058421373367,
C,66,03/test/ok/0025.bmp,0,0.09323092550039291,
C,67,03/test/ok/0026.bmp,0,0.2679372727870941,
C,68,03/test/ok/0027.bmp,0,0.044596150517463684,
C,69,03/test/ok/0028.bmp,0,0.10325115919113159,
C,70,03/test/ok/0029.bmp,0,0.1498696655035019,
C,71,03/test/ok/0030.bmp,0,0.08429337292909622,
C,72,03/test/ok/0031.bmp,0,0.20762033760547638,
C,73,03/test/ok/0032.bmp,0,0.2817792594432831,
C,74,03/test/ok/0033.bmp,0,0.0649222657084465,
C,75,03/test/ok/0034.bmp,0,0.24692803621292114,
C,76,03/test/ok/0035.bmp,0,0.045148588716983795,
C,77,03/test/ok/0036.bmp,0,0.22784200310707092,
C,78,03/test/ok/0037.bmp,0,0.04348505288362503,
C,79,03/test/ok/0038.bmp,0,0.08789968490600586,
C,80,03/test/ok/0039.bmp,0,0.028850117698311806,
C,81,03/test/ok/0040.bmp,0,0.05842089280486107,
C,82,03/test/ok/0041.bmp,0,0.09780263900756836,
C,83,03/test/ok/0042.bmp,0,0.037130072712898254,
C,84,03/test/ok/0043.bmp,0,0.23979485034942627,
C,85,03/test/ok/0044.bmp,0,0.03691818565130234,
C,86,03/test/ok/0045.bmp,0,0.03413727134466171,
C,87,03/test/ok/0046.bmp,0,0.05261998251080513,
C,88,03/test/ok/0047.bmp,0,0.05352124199271202,
C,89,03/test/ok/0048.bmp,0,0.06451136618852615,
C,90,03/test/ok/0049.bmp,0,0.11967327445745468,
C,91,03/test/ok/0050.bmp,0,0.06740287691354752,
C,92,03/test/ok/0051.bmp,0,0.09992019832134247,
C,93,03/test/ok/0052.bmp,0,0.04790839925408363,
C,94,03/test/ok/0053.bmp,0,0.23059789836406708,
C,95,03/test/ok/0054.bmp,0,0.21587137877941132,
C,96,03/test/ok/0055.bmp,0,0.06419234722852707,
C,97,03/test/ok/0056.bmp,0,0.059331268072128296,
C,98,03/test/ok/0057.bmp,0,0.058078765869140625,
C,99,03/test/ok/0058.bmp,0,0.05758415162563324,
C,100,03/test/ok/0059.bmp,0,0.033414509147405624,
C,101,03/test/ok/0060.bmp,0,0.05718505382537842,
C,102,03/test/ok/0061.bmp,0,0.10524705052375793,
C,103,03/test/ok/0062.bmp,0,0.09349124878644943,
C,104,03/test/ok/0063.bmp,0,0.06423469632863998,
C,105,03/test/ok/0064.bmp,0,0.05931758135557175,
C,106,03/test/ok/0065.bmp,0,0.09055240452289581,
C,107,03/test/ok/0066.bmp,0,0.04575261473655701,
C,108,03/test/ok/0067.bmp,0,0.040892623364925385,
C,109,03/test/ok/0068.bmp,0,0.3030347526073456,
C,110,03/test/ok/0069.bmp,0,0.08876045793294907,
C,111,03/test/ok/0070.bmp,0,0.061479222029447556,
C,112,03/test/ok/0071.bmp,0,0.048298485577106476,
C,113,03/test/ok/0072.bmp,0,0.03719416633248329,
C,114,03/test/ok/0073.bmp,0,0.06073039025068283,
C,115,03/test/ok/0074.bmp,0,0.04010286182165146,
C,116,03/test/ok/0075.bmp,0,0.1197952926158905,
C,117,03/test/ok/0076.bmp,0,0.045544084161520004,
C,118,03/test/ok/0077.bmp,0,0.22523391246795654,
C,119,03/test/ok/0078.bmp,0,0.08371859788894653,
C,120,03/test/ok/0079.bmp,0,0.0713079646229744,
C,121,03/test/ok/0080.bmp,0,0.05539269372820854,
C,122,03/test/ok/0081.bmp,0,0.04602976143360138,
C,123,03/test/ok/0082.bmp,0,0.10175781697034836,
C,124,03/test/ok/0083.bmp,0,0.034524548798799515,
C,125,03/test/ok/0084.bmp,0,0.09818236529827118,
C,126,03/test/ok/0085.bmp,0,0.1659773588180542,
C,127,03/test/ok/0086.bmp,0,0.08209892362356186,
C,128,03/test/ok/0087.bmp,0,0.051823269575834274,
C,129,03/test/ok/0088.bmp,0,0.05811768397688866,
C,130,03/test/ok/0089.bmp,0,0.24072560667991638,
C,131,03/test/ok/0090.bmp,0,0.04202520474791527,
C,132,03/test/ok/0091.bmp,0,0.06005183979868889,
C,133,03/test/ok/0092.bmp,0,0.1717039793729782,
C,134,03/test/ok/0093.bmp,0,0.07631626725196838,
C,135,03/test/ok/0094.bmp,0,0.06714620441198349,
C,136,03/test/ok/0095.bmp,0,0.07078611105680466,
C,137,03/test/ok/0096.bmp,0,0.1515226513147354,
C,138,03/test/ok/0097.bmp,0,0.05285632982850075,
C,139,03/test/ok/0098.bmp,0,0.06061740964651108,
C,140,03/test/ok/0099.bmp,0,0.14193198084831238,
C,141,03/test/ok/0100.bmp,0,0.06457024067640305,
C,142,03/test/ok/0101.bmp,0,0.04373903200030327,
C,143,03/test/ok/0102.bmp,0,0.04229801520705223,
C,144,03/test/ok/0103.bmp,0,0.03735697641968727,
C,145,03/test/ok/0104.bmp,0,0.09279260039329529,
C,146,03/test/ok/0105.bmp,0,0.04523242264986038,
C,147,03/test/ok/0106.bmp,0,0.09121283143758774,
C,148,03/test/ok/0107.bmp,0,0.1482146829366684,
C,149,03/test/ok/0108.bmp,0,0.06323561072349548,
C,150,03/test/ok/0109.bmp,0,0.04728086292743683,
C,151,03/test/ok/0110.bmp,0,0.11916135996580124,
C,152,03/test/ok/0111.bmp,0,0.05442916601896286,
C,153,03/test/ok/0112.bmp,0,0.04070451110601425,
C,154,03/test/ok/0113.bmp,0,0.2728002965450287,
C,155,03/test/ok/0114.bmp,0,0.04797150567173958,
C,156,03/test/ok/0115.bmp,0,0.0672389566898346,
C,157,03/test/ok/0116.bmp,0,0.1495557278394699,
C,158,03/test/ok/0117.bmp,0,0.08636326342821121,
C,159,03/test/ok/0118.bmp,0,0.10435748845338821,
C,160,03/test/ok/0119.bmp,0,0.04358624294400215,
C,161,03/test/ok/0120.bmp,0,0.2225986123085022,
C,162,03/test/ok/0121.bmp,0,0.243295818567276,
C,163,03/test/ok/0122.bmp,0,0.035536859184503555,
C,164,03/test/ok/0123.bmp,0,0.049620602279901505,
C,165,03/test/ok/0124.bmp,0,0.0454266220331192,
C,166,03/test/ok/0125.bmp,0,0.041686587035655975,
C,167,03/test/ok/0126.bmp,0,0.034554373472929,
C,168,03/test/ok/0127.bmp,0,0.17798274755477905,
C,169,03/test/ok/0128.bmp,0,0.04197610542178154,
C,170,03/test/ok/0129.bmp,0,0.043434467166662216,
C,171,03/test/ok/0130.bmp,0,0.10162737965583801,
C,172,03/test/ok/0131.bmp,0,0.033828895539045334,
C,173,03/test/ok/0132.bmp,0,0.03735896199941635,
C,174,03/test/ok/0133.bmp,0,0.07322803139686584,
C,175,03/test/ok/0134.bmp,0,0.04783249646425247,
C,176,03/test/ok/0135.bmp,0,0.041550952941179276,
C,177,03/test/ok/0136.bmp,0,0.03703617304563522,
C,178,03/test/ok/0137.bmp,0,0.055412061512470245,
C,179,03/test/ok/0138.bmp,0,0.036751266568899155,
C,180,03/test/ok/0139.bmp,0,0.0668756440281868,
C,181,03/test/ok/0140.bmp,0,0.12751661241054535,
C,182,03/test/ok/0141.bmp,0,0.11388096213340759,
C,183,03/test/ok/0142.bmp,0,0.03525306656956673,
C,184,03/test/ok/0143.bmp,0,0.08729232102632523,
C,185,03/test/ok/0144.bmp,0,0.08704039454460144,
C,186,03/test/ok/0145.bmp,0,0.05616521090269089,
C,187,03/test/ok/0146.bmp,0,0.05055471882224083,
C,188,03/test/ok/0147.bmp,0,0.03477355092763901,
C,189,03/test/ok/0148.bmp,0,0.07941526174545288,
C,190,03/test/ok/0149.bmp,0,0.03073900192975998,
C,191,03/test/ok/0150.bmp,0,0.13817903399467468,
C,192,03/test/ok/0151.bmp,0,0.07476235181093216,
C,193,03/test/ok/0152.bmp,0,0.0657505989074707,
C,194,03/test/ok/0153.bmp,0,0.03106803447008133,
C,195,03/test/ok/0154.bmp,0,0.03455525264143944,
C,196,03/test/ok/0155.bmp,0,0.050327081233263016,
C,197,03/test/ok/0156.bmp,0,0.04326960816979408,
C,198,03/test/ok/0157.bmp,0,0.03708817809820175,
C,199,03/test/ok/0158.bmp,0,0.0753202736377716,
C,200,03/test/ok/0159.bmp,0,0.03723011538386345,
C,201,03/test/ok/0160.bmp,0,0.10591019690036774,
C,202,03/test/ok/0161.bmp,0,0.13206401467323303,
C,203,03/test/ok/0162.bmp,0,0.03868711367249489,
C,204,03/test/ok/0163.bmp,0,0.058330439031124115,
C,205,03/test/ok/0164.bmp,0,0.16411513090133667,
C,206,03/test/ok/0165.bmp,0,0.07226265966892242,
C,207,03/test/ok/0166.bmp,0,0.1235354021191597,
C,208,03/test/ok/0167.bmp,0,0.035990532487630844,
C,209,03/test/ok/0168.bmp,0,0.15028610825538635,
C,210,03/test/ok/0169.bmp,0,0.1158093735575676,
C,211,03/test/ok/0170.bmp,0,0.1332901120185852,
C,212,03/test/ok/0171.bmp,0,0.14463317394256592,
C,213,03/test/ok/0172.bmp,0,0.3418046236038208,
C,214,03/test/ok/0173.bmp,0,0.05595121160149574,
C,215,03/test/ok/0174.bmp,0,0.13475161790847778,
C,216,03/test/ok/0175.bmp,0,0.04134849086403847,
C,217,03/test/ok/0176.bmp,0,0.107992984354496,
C,218,03/test/ok/0177.bmp,0,0.14227935671806335,
C,219,03/test/ok/0178.bmp,0,0.05866927653551102,
C,220,03/test/ok/0179.bmp,0,0.029685156419873238,
C,221,03/test/ok/0180.bmp,0,0.273002564907074,
C,222,03/test/ok/0181.bmp,0,0.18760442733764648,
C,223,03/test/ok/0182.bmp,0,0.036073990166187286,
C,224,03/test/ok/0183.bmp,0,0.06570789217948914,
C,225,03/test/ok/0184.bmp,0,0.314426064491272,
C,226,03/test/ok/0185.bmp,0,0.061420317739248276,
C,227,03/test/ok/0186.bmp,0,0.05013691633939743,
C,228,03/test/ok/0187.bmp,0,0.034394267946481705,
C,229,03/test/ok/0188.bmp,0,0.044971391558647156,
C,230,03/test/ok/0189.bmp,0,0.036700539290905,
C,231,03/test/ok/0190.bmp,0,0.17000049352645874,
C,232,03/test/ok/0191.bmp,0,0.06327903270721436,
C,233,03/test/ok/0192.bmp,0,0.07019314169883728,
C,234,03/test/ok/0193.bmp,0,0.11922284960746765,
C,235,03/test/ok/0194.bmp,0,0.08729466795921326,
C,236,03/test/ok/0195.bmp,0,0.0428810752928257,
C,237,03/test/ok/0196.bmp,0,0.0778917446732521,
C,238,03/test/ok/0197.bmp,0,0.04679974541068077,
C,239,03/test/ok/0198.bmp,0,0.03786139562726021,
C,240,03/test/ok/0199.bmp,0,0.032781217247247696,
C,241,03/test/ok/0200.bmp,0,0.08014653623104095,
C,242,03/test/ok/0201.bmp,0,0.026409070938825607,
C,243,03/test/ok/0202.bmp,0,0.15762189030647278,
C,244,03/test/ok/0203.bmp,0,0.029613185673952103,
C,245,03/test/ok/0204.bmp,0,0.04449912905693054,
C,246,03/test/ok/0205.bmp,0,0.2987031936645508,
C,247,03/test/ok/0206.bmp,0,0.037367597222328186,
C,248,03/test/ok/0207.bmp,0,0.11954545229673386,
C,249,03/test/ok/0208.bmp,0,0.20333226025104523,
C,250,03/test/ok/0209.bmp,0,0.0602102130651474,
C,251,03/test/ok/0210.bmp,0,0.0876828208565712,
C,252,03/test/ok/0211.bmp,0,0.0840269923210144,
C,253,03/test/ok/0212.bmp,0,0.03807036578655243,
C,254,03/test/ok/0213.bmp,0,0.05005072057247162,
C,255,03/test/ok/0214.bmp,0,0.1542275995016098,
C,256,03/test/ok/0215.bmp,0,0.03253030776977539,
C,257,03/test/ok/0216.bmp,0,0.14127783477306366,
C,258,03/test/ok/0217.bmp,0,0.11631353199481964,
C,259,03/test/ok/0218.bmp,0,0.14923211932182312,
C,260,03/test/ok/0219.bmp,0,0.03492100536823273,
C,261,03/test/ok/0220.bmp,0,0.06571585685014725,
C,262,03/test/ok/0221.bmp,0,0.038826294243335724,
C,263,03/test/ok/0222.bmp,0,0.059321627020835876,
C,264,03/test/ok/0223.bmp,0,0.17807412147521973,
C,265,03/test/ok/0224.bmp,0,0.048952843993902206,
C,266,03/test/ok/0225.bmp,0,0.04333396255970001,
C,267,03/test/ok/0226.bmp,0,0.045990265905857086,
C,268,03/test/ok/0227.bmp,0,0.044431619346141815,
C,269,03/test/ok/0228.bmp,0,0.1055927574634552,
C,270,03/test/ok/0229.bmp,0,0.03903255611658096,
C,271,03/test/ok/0230.bmp,0,0.08072668313980103,
C,272,03/test/ok/0231.bmp,0,0.15499383211135864,
C,273,03/test/ok/0232.bmp,0,0.08789210021495819,
C,274,03/test/ok/0233.bmp,0,0.030587323009967804,
C,275,03/test/ok/0234.bmp,0,0.107186459004879,
C,276,03/test/ok/0235.bmp,0,0.08255691826343536,
C,277,03/test/ok/0236.bmp,0,0.05198635905981064,
C,278,03/test/ok/0237.bmp,0,0.04881921038031578,
C,279,03/test/ok/0238.bmp,0,0.042016468942165375,
C,280,03/test/ok/0239.bmp,0,0.037328317761421204,
C,281,03/test/ok/0240.bmp,0,0.07841751724481583,
C,282,03/test/ok/0241.bmp,0,0.204005628824234,
C,283,03/test/ok/0242.bmp,0,0.05494183301925659,
C,284,03/test/ok/0243.bmp,0,0.3535861372947693,
C,285,03/test/ok/0244.bmp,0,0.31177693605422974,
C,286,03/test/ok/0245.bmp,0,0.13694703578948975,
C,287,03/test/ok/0246.bmp,0,0.045883774757385254,
C,288,03/test/ok/0247.bmp,0,0.11976507306098938,
C,289,03/test/ok/0248.bmp,0,0.0359031967818737,
C,290,03/test/ok/0249.bmp,0,0.038434918969869614,
C,291,03/test/ok/0250.bmp,0,0.041690073907375336,
C,292,03/test/ok/0251.bmp,0,0.08834866434335709,
C,293,03/test/ok/0252.bmp,0,0.06727133691310883,
C,294,03/test/ok/0253.bmp,0,0.1649792492389679,
C,295,03/test/ok/0254.bmp,0,0.040740057826042175,
C,296,03/test/ok/0255.bmp,0,0.18994471430778503,
C,297,03/test/ok/0256.bmp,0,0.11477170884609222,
C,298,03/test/ok/0257.bmp,0,0.04004976153373718,
C,299,03/test/ok/0258.bmp,0,0.040719181299209595,
C,300,03/test/ok/0259.bmp,0,0.04364209622144699,
C,301,03/test/ok/0260.bmp,0,0.041472092270851135,
C,302,03/test/ok/0261.bmp,0,0.0893646776676178,
C,303,03/test/ok/0262.bmp,0,0.18422476947307587,
C,304,03/test/ok/0263.bmp,0,0.07906915992498398,
C,305,03/test/ok/0264.bmp,0,0.0463973730802536,
C,306,03/test/ok/0265.bmp,0,0.05755387619137764,
C,307,03/test/ok/0266.bmp,0,0.055817462503910065,
C,308,03/test/ok/0267.bmp,0,0.03845725581049919,
C,309,03/test/ok/0268.bmp,0,0.04185191169381142,
C,310,03/test/ok/0269.bmp,0,0.03565589338541031,
C,311,03/test/ok/0270.bmp,0,0.09565145522356033,
C,312,03/test/ok/0271.bmp,0,0.051961176097393036,
C,313,03/test/ok/0272.bmp,0,0.04184584319591522,
C,314,03/test/ok/0273.bmp,0,0.04206182435154915,
C,315,03/test/ok/0274.bmp,0,0.15945324301719666,
C,316,03/test/ok/0275.bmp,0,0.04367125406861305,
C,317,03/test/ok/0276.bmp,0,0.0562741719186306,
C,318,03/test/ok/0277.bmp,0,0.14919011294841766,
C,319,03/test/ok/0278.bmp,0,0.037890005856752396,
C,320,03/test/ok/0279.bmp,0,0.053640756756067276,
C,321,03/test/ok/0280.bmp,0,0.21314255893230438,
C,322,03/test/ok/0281.bmp,0,0.23100344836711884,
C,323,03/test/ok/0282.bmp,0,0.18054229021072388,
C,324,03/test/ok/0283.bmp,0,0.042024143040180206,
C,325,03/test/ok/0284.bmp,0,0.09814776480197906,
C,326,03/test/ok/0285.bmp,0,0.03712637722492218,
C,327,03/test/ok/0286.bmp,0,0.10233119875192642,
C,328,03/test/ok/0287.bmp,0,0.15017810463905334,
C,329,03/test/ok/0288.bmp,0,0.10177994519472122,
C,330,03/test/ok/0289.bmp,0,0.05797134339809418,
C,331,03/test/ok/0290.bmp,0,0.033338434994220734,
C,332,03/test/ok/0291.bmp,0,0.038170285522937775,
C,333,03/test/ok/0292.bmp,0,0.11412644386291504,
C,334,03/test/ok/0293.bmp,0,0.02692546136677265,
C,335,03/test/ok/0294.bmp,0,0.053480349481105804,
C,336,03/test/ok/0295.bmp,0,0.03426405414938927,
C,337,03/test/ok/0296.bmp,0,0.10384798049926758,
C,338,03/test/ok/0297.bmp,0,0.041185781359672546,
C,339,03/test/ok/0298.bmp,0,0.10540725290775299,
C,340,03/test/ok/0299.bmp,0,0.16767950356006622,
C,341,03/test/ok/0300.bmp,0,0.08853642642498016,
C,342,03/test/ok/0301.bmp,0,0.1425573229789734,
C,343,03/test/ok/0302.bmp,0,0.04866892471909523,
C,344,03/test/ok/0303.bmp,0,0.21736110746860504,
C,345,03/test/ok/0304.bmp,0,0.09137395769357681,
C,346,03/test/ok/0305.bmp,0,0.05461044982075691,
C,347,03/test/ok/0306.bmp,0,0.10691210627555847,
C,348,03/test/ok/0307.bmp,0,0.040941670536994934,
C,349,03/test/ok/0308.bmp,0,0.1012158989906311,
C,350,03/test/ok/0309.bmp,0,0.10522405803203583,
C,351,03/test/ok/0310.bmp,0,0.09223509579896927,
C,352,03/test/ok/0311.bmp,0,0.05742073431611061,
C,353,03/test/ok/0312.bmp,0,0.038713689893484116,
C,354,03/test/ok/0313.bmp,0,0.03407634422183037,
C,355,03/test/ok/0314.bmp,0,0.04927847906947136,
C,356,03/test/ok/0315.bmp,0,0.0367041751742363,
C,357,03/test/ok/0316.bmp,0,0.16352909803390503,
C,358,03/test/ok/0317.bmp,0,0.07044845074415207,
C,359,03/test/ok/0318.bmp,0,0.039739977568387985,
C,360,03/test/ok/0319.bmp,0,0.04100412502884865,
C,361,03/test/ok/0320.bmp,0,0.27487611770629883,
C,362,03/test/ok/0321.bmp,0,0.04699765890836716,
C,363,03/test/ok/0322.bmp,0,0.0488210953772068,
C,364,03/test/ok/0323.bmp,0,0.16663426160812378,
C,365,03/test/ok/0324.bmp,0,0.10893777012825012,
C,366,03/test/ok/0325.bmp,0,0.04811779037117958,
C,367,03/test/ok/0326.bmp,0,0.09164604544639587,
C,368,03/test/ok/0327.bmp,0,0.05475299805402756,
C,369,03/test/ok/0328.bmp,0,0.18625909090042114,
C,370,03/test/ok/0329.bmp,0,0.03438473865389824,
C,371,03/test/ok/0330.bmp,0,0.11991838365793228,
C,372,03/test/ok/0331.bmp,0,0.17758145928382874,
C,373,03/test/ok/0332.bmp,0,0.11630235612392426,
C,374,03/test/ok/0333.bmp,0,0.035450488328933716,
C,375,03/test/ok/0334.bmp,0,0.25475379824638367,
C,376,03/test/ok/0335.bmp,0,0.06028340011835098,
C,377,03/test/ok/0336.bmp,0,0.08116159588098526,
C,378,03/test/ok/0337.bmp,0,0.045691460371017456,
C,379,03/test/ok/0338.bmp,0,0.04193554073572159,
C,380,03/test/ok/0339.bmp,0,0.03837141767144203,
C,381,03/test/ok/0340.bmp,0,0.13779738545417786,
C,382,03/test/ok/0341.bmp,0,0.11025317758321762,
C,383,03/test/ok/0342.bmp,0,0.039262838661670685,
C,384,03/test/ok/0343.bmp,0,0.0925472229719162,
C,385,03/test/ok/0344.bmp,0,0.04072358459234238,
C,386,03/test/ok/0345.bmp,0,0.04388044774532318,
C,387,03/test/ok/0346.bmp,0,0.04776867479085922,
C,388,03/test/ok/0347.bmp,0,0.035429228097200394,
C,389,03/test/ok/0348.bmp,0,0.07231815904378891,
C,390,03/test/ok/0349.bmp,0,0.04199972003698349,
C,391,03/test/ok/0350.bmp,0,0.1167697012424469,
C,392,03/test/ok/0351.bmp,0,0.202098548412323,
C,393,03/test/ok/0352.bmp,0,0.04144686833024025,
C,394,03/test/ok/0353.bmp,0,0.08864910155534744,
C,395,03/test/ok/0354.bmp,0,0.11179157346487045,
C,396,03/test/ok/0355.bmp,0,0.0395934097468853,
C,397,03/test/ok/0356.bmp,0,0.04104321077466011,
C,398,03/test/ok/0357.bmp,0,0.10115169733762741,
C,399,03/test/ok/0358.bmp,0,0.03637484088540077,
C,400,03/test/ok/0359.bmp,0,0.0847327932715416,
C,401,03/test/ok/0360.bmp,0,0.07214227318763733,
C,402,03/test/ok/0361.bmp,0,0.038832493126392365,
C,403,03/test/ok/0362.bmp,0,0.08593227714300156,
C,404,03/test/ok/0363.bmp,0,0.04983146861195564,
C,405,03/test/ok/0364.bmp,0,0.154941588640213,
C,406,03/test/ok/0365.bmp,0,0.04415375739336014,
C,407,03/test/ok/0366.bmp,0,0.13478848338127136,
C,408,03/test/ok/0367.bmp,0,0.050156984478235245,
C,409,03/test/ok/0368.bmp,0,0.03952253609895706,
C,410,03/test/ok/0369.bmp,0,0.06283030658960342,
C,411,03/test/ok/0370.bmp,0,0.1003265306353569,
C,412,03/test/ok/0371.bmp,0,0.1727764904499054,
C,413,03/test/ok/0372.bmp,0,0.16109804809093475,
C,414,03/test/ok/0373.bmp,0,0.050506629049777985,
C,415,03/test/ok/0374.bmp,0,0.04715295135974884,
C,416,03/test/ok/0375.bmp,0,0.03824761509895325,
C,417,03/test/ok/0376.bmp,0,0.06313781440258026,
C,418,03/test/ok/0377.bmp,0,0.04359816014766693,
C,419,03/test/ok/0378.bmp,0,0.24772393703460693,
C,420,03/test/ok/0379.bmp,0,0.1504552811384201,
C,421,03/test/ok/0380.bmp,0,0.049770649522542953,
C,422,03/test/ok/0381.bmp,0,0.04405748099088669,
C,423,03/test/ok/0382.bmp,0,0.060531456023454666,
C,424,03/test/ok/0383.bmp,0,0.039108578115701675,
C,425,03/test/ok/0384.bmp,0,0.26483508944511414,
C,426,03/test/ok/0385.bmp,0,0.21555565297603607,
C,427,03/test/ok/0386.bmp,0,0.0559588186442852,
C,428,03/test/ok/0387.bmp,0,0.04055351763963699,
C,429,03/test/ok/0388.bmp,0,0.05369846522808075,
C,430,03/test/ok/0389.bmp,0,0.26642003655433655,
C,431,03/test/ok/0390.bmp,0,0.0702487975358963,
C,432,03/test/ok/0391.bmp,0,0.07347302883863449,
C,433,03/test/ok/0392.bmp,0,0.06102956831455231,
C,434,03/test/ok/0393.bmp,0,0.1879488229751587,
C,435,03/test/ok/0394.bmp,0,0.13868458569049835,
C,436,03/test/ok/0395.bmp,0,0.09535490721464157,
C,437,03/test/ok/0396.bmp,0,0.05006648972630501,
C,438,03/test/ok/0397.bmp,0,0.05705186352133751,
C,439,03/test/ok/0398.bmp,0,0.05420663580298424,
C,440,03/test/ok/0399.bmp,0,0.2504056990146637,
A1_J,0,03/test/ko/0000.bmp,1,0.3988332748413086,0.733290938291313
A1_J,1,03/test/ko/0001.bmp,1,0.3966524004936218,0.8297884821179872
A1_J,2,03/test/ko/0002.bmp,1,0.42381513118743896,0.7873346848538171
A1_J,3,03/test/ko/0003.bmp,1,0.41115912795066833,0.9249522488578116
A1_J,4,03/test/ko/0004.bmp,1,0.34253397583961487,0.7967782571410106
A1_J,5,03/test/ko/0005.bmp,1,0.41225719451904297,0.8900014361577507
A1_J,6,03/test/ko/0006.bmp,1,0.43128183484077454,0.9237277291930979
A1_J,7,03/test/ko/0007.bmp,1,0.312746524810791,0.8642456027002328
A1_J,8,03/test/ko/0008.bmp,1,0.4289127588272095,0.9260920236144881
A1_J,9,03/test/ko/0009.bmp,1,0.2697039544582367,0.24693072481982362
A1_J,10,03/test/ko/0010.bmp,1,0.24373449385166168,0.542381866006604
A1_J,11,03/test/ko/0011.bmp,1,0.36124253273010254,0.9056916178637927
A1_J,12,03/test/ko/0012.bmp,1,0.2713378667831421,0.1885479407427082
A1_J,13,03/test/ko/0013.bmp,1,0.35194337368011475,0.7587605965067178
A1_J,14,03/test/ko/0014.bmp,1,0.29484033584594727,0.8136558745832508
A1_J,15,03/test/ko/0015.bmp,1,0.22587727010250092,0.9039468404441666
A1_J,16,03/test/ko/0016.bmp,1,0.25504034757614136,0.8357934194475453
A1_J,17,03/test/ko/0017.bmp,1,0.3132663071155548,0.8347495341826117
A1_J,18,03/test/ko/0018.bmp,1,0.4504935145378113,0.9416481635365721
A1_J,19,03/test/ko/0019.bmp,1,0.43265020847320557,0.9748997814771414
A1_J,20,03/test/ko/0020.bmp,1,0.3147924244403839,0.2067910493477532
A1_J,21,03/test/ko/0021.bmp,1,0.20652556419372559,0.10992853645283189
A1_J,22,03/test/ko/0022.bmp,1,0.2909480631351471,0.6354162215339897
A1_J,23,03/test/ko/0023.bmp,1,0.24878759682178497,0.25957054875515156
A1_J,24,03/test/ko/0024.bmp,1,0.3321562111377716,0.9016524312165057
A1_J,25,03/test/ko/0025.bmp,1,0.3544881343841553,0.8422441540273007
A1_J,26,03/test/ko/0026.bmp,1,0.4170036017894745,0.9299085107128955
A1_J,27,03/test/ko/0027.bmp,1,0.3521512746810913,0.8316833942040841
A1_J,28,03/test/ko/0028.bmp,0,0.1894952654838562,
A1_J,29,03/test/ko/0029.bmp,0,0.21190258860588074,
A1_J,30,03/test/ko/0030.bmp,0,0.26396456360816956,
A1_J,31,03/test/ko/0031.bmp,0,0.23588073253631592,
A1_J,32,03/test/ko/0032.bmp,0,0.20039576292037964,
A1_J,33,03/test/ko/0033.bmp,0,0.1849936693906784,
A1_J,34,03/test/ko/0034.bmp,0,0.2982521653175354,
A1_J,35,03/test/ko/0035.bmp,0,0.25652238726615906,
A1_J,36,03/test/ko/0036.bmp,0,0.19832177460193634,
A1_J,37,03/test/ko/0037.bmp,0,0.1846533864736557,
A1_J,38,03/test/ko/0038.bmp,1,0.4225808382034302,0.9494186029740301
A1_J,39,03/test/ko/0039.bmp,1,0.2253972589969635,0.28575215080708327
A1_J,40,03/test/ko/0040.bmp,1,0.2976602017879486,0.8823180843954711
A1_J,41,03/test/ok/0000.bmp,0,0.14540009200572968,
A1_J,42,03/test/ok/0001.bmp,0,0.12881557643413544,
A1_J,43,03/test/ok/0002.bmp,0,0.2780890166759491,
A1_J,44,03/test/ok/0003.bmp,0,0.12784318625926971,
A1_J,45,03/test/ok/0004.bmp,0,0.16492539644241333,
A1_J,46,03/test/ok/0005.bmp,0,0.11769194900989532,
A1_J,47,03/test/ok/0006.bmp,0,0.19878990948200226,
A1_J,48,03/test/ok/0007.bmp,0,0.17819073796272278,
A1_J,49,03/test/ok/0008.bmp,0,0.1996561884880066,
A1_J,50,03/test/ok/0009.bmp,0,0.1445469707250595,
A1_J,51,03/test/ok/0010.bmp,0,0.1733628213405609,
A1_J,52,03/test/ok/0011.bmp,0,0.12455674260854721,
A1_J,53,03/test/ok/0012.bmp,0,0.16021692752838135,
A1_J,54,03/test/ok/0013.bmp,0,0.13233399391174316,
A1_J,55,03/test/ok/0014.bmp,0,0.2577572464942932,
A1_J,56,03/test/ok/0015.bmp,0,0.14497430622577667,
A1_J,57,03/test/ok/0016.bmp,0,0.14251795411109924,
A1_J,58,03/test/ok/0017.bmp,0,0.16381807625293732,
A1_J,59,03/test/ok/0018.bmp,0,0.16300229728221893,
A1_J,60,03/test/ok/0019.bmp,0,0.11822810024023056,
A1_J,61,03/test/ok/0020.bmp,0,0.14869695901870728,
A1_J,62,03/test/ok/0021.bmp,0,0.17034611105918884,
A1_J,63,03/test/ok/0022.bmp,0,0.15904924273490906,
A1_J,64,03/test/ok/0023.bmp,0,0.10271406173706055,
A1_J,65,03/test/ok/0024.bmp,0,0.1419193595647812,
A1_J,66,03/test/ok/0025.bmp,0,0.12186498194932938,
A1_J,67,03/test/ok/0026.bmp,0,0.1928926408290863,
A1_J,68,03/test/ok/0027.bmp,0,0.11967835575342178,
A1_J,69,03/test/ok/0028.bmp,0,0.13511644303798676,
A1_J,70,03/test/ok/0029.bmp,0,0.18146461248397827,
A1_J,71,03/test/ok/0030.bmp,0,0.15334442257881165,
A1_J,72,03/test/ok/0031.bmp,0,0.1632111519575119,
A1_J,73,03/test/ok/0032.bmp,0,0.3617677092552185,
A1_J,74,03/test/ok/0033.bmp,0,0.12734951078891754,
A1_J,75,03/test/ok/0034.bmp,0,0.23717200756072998,
A1_J,76,03/test/ok/0035.bmp,0,0.11451704055070877,
A1_J,77,03/test/ok/0036.bmp,0,0.18159469962120056,
A1_J,78,03/test/ok/0037.bmp,0,0.12903977930545807,
A1_J,79,03/test/ok/0038.bmp,0,0.14365912973880768,
A1_J,80,03/test/ok/0039.bmp,0,0.13536611199378967,
A1_J,81,03/test/ok/0040.bmp,0,0.13750700652599335,
A1_J,82,03/test/ok/0041.bmp,0,0.1791103035211563,
A1_J,83,03/test/ok/0042.bmp,0,0.13934019207954407,
A1_J,84,03/test/ok/0043.bmp,0,0.17815923690795898,
A1_J,85,03/test/ok/0044.bmp,0,0.1349579244852066,
A1_J,86,03/test/ok/0045.bmp,0,0.12286797910928726,
A1_J,87,03/test/ok/0046.bmp,0,0.14187279343605042,
A1_J,88,03/test/ok/0047.bmp,0,0.10988732427358627,
A1_J,89,03/test/ok/0048.bmp,0,0.13225813210010529,
A1_J,90,03/test/ok/0049.bmp,0,0.13959424197673798,
A1_J,91,03/test/ok/0050.bmp,0,0.14148013293743134,
A1_J,92,03/test/ok/0051.bmp,0,0.130118727684021,
A1_J,93,03/test/ok/0052.bmp,0,0.14683251082897186,
A1_J,94,03/test/ok/0053.bmp,0,0.1845070719718933,
A1_J,95,03/test/ok/0054.bmp,0,0.23308922350406647,
A1_J,96,03/test/ok/0055.bmp,0,0.14347484707832336,
A1_J,97,03/test/ok/0056.bmp,0,0.15575988590717316,
A1_J,98,03/test/ok/0057.bmp,0,0.1268373727798462,
A1_J,99,03/test/ok/0058.bmp,0,0.13598689436912537,
A1_J,100,03/test/ok/0059.bmp,0,0.15969078242778778,
A1_J,101,03/test/ok/0060.bmp,0,0.13964436948299408,
A1_J,102,03/test/ok/0061.bmp,0,0.11948816478252411,
A1_J,103,03/test/ok/0062.bmp,0,0.1320638507604599,
A1_J,104,03/test/ok/0063.bmp,0,0.14509984850883484,
A1_J,105,03/test/ok/0064.bmp,0,0.15217307209968567,
A1_J,106,03/test/ok/0065.bmp,0,0.12640663981437683,
A1_J,107,03/test/ok/0066.bmp,0,0.15613475441932678,
A1_J,108,03/test/ok/0067.bmp,0,0.11686196178197861,
A1_J,109,03/test/ok/0068.bmp,0,0.23069339990615845,
A1_J,110,03/test/ok/0069.bmp,0,0.1997189223766327,
A1_J,111,03/test/ok/0070.bmp,0,0.18471390008926392,
A1_J,112,03/test/ok/0071.bmp,0,0.18073216080665588,
A1_J,113,03/test/ok/0072.bmp,0,0.12593039870262146,
A1_J,114,03/test/ok/0073.bmp,0,0.15103839337825775,
A1_J,115,03/test/ok/0074.bmp,0,0.15305578708648682,
A1_J,116,03/test/ok/0075.bmp,0,0.1514372080564499,
A1_J,117,03/test/ok/0076.bmp,0,0.1323738545179367,
A1_J,118,03/test/ok/0077.bmp,0,0.1807783842086792,
A1_J,119,03/test/ok/0078.bmp,0,0.15012165904045105,
A1_J,120,03/test/ok/0079.bmp,0,0.13424897193908691,
A1_J,121,03/test/ok/0080.bmp,0,0.1382846236228943,
A1_J,122,03/test/ok/0081.bmp,0,0.14597228169441223,
A1_J,123,03/test/ok/0082.bmp,0,0.15097607672214508,
A1_J,124,03/test/ok/0083.bmp,0,0.10739950835704803,
A1_J,125,03/test/ok/0084.bmp,0,0.14215995371341705,
A1_J,126,03/test/ok/0085.bmp,0,0.14437708258628845,
A1_J,127,03/test/ok/0086.bmp,0,0.15387631952762604,
A1_J,128,03/test/ok/0087.bmp,0,0.14315252006053925,
A1_J,129,03/test/ok/0088.bmp,0,0.13894164562225342,
A1_J,130,03/test/ok/0089.bmp,0,0.1645013988018036,
A1_J,131,03/test/ok/0090.bmp,0,0.14145539700984955,
A1_J,132,03/test/ok/0091.bmp,0,0.15731768310070038,
A1_J,133,03/test/ok/0092.bmp,0,0.20161685347557068,
A1_J,134,03/test/ok/0093.bmp,0,0.1300017088651657,
A1_J,135,03/test/ok/0094.bmp,0,0.1299697458744049,
A1_J,136,03/test/ok/0095.bmp,0,0.10599735379219055,
A1_J,137,03/test/ok/0096.bmp,0,0.20841024816036224,
A1_J,138,03/test/ok/0097.bmp,0,0.15646617114543915,
A1_J,139,03/test/ok/0098.bmp,0,0.1378796249628067,
A1_J,140,03/test/ok/0099.bmp,0,0.16282868385314941,
A1_J,141,03/test/ok/0100.bmp,0,0.12693050503730774,
A1_J,142,03/test/ok/0101.bmp,0,0.16737744212150574,
A1_J,143,03/test/ok/0102.bmp,0,0.16151580214500427,
A1_J,144,03/test/ok/0103.bmp,0,0.11372644454240799,
A1_J,145,03/test/ok/0104.bmp,0,0.13682091236114502,
A1_J,146,03/test/ok/0105.bmp,0,0.1304376870393753,
A1_J,147,03/test/ok/0106.bmp,0,0.17053650319576263,
A1_J,148,03/test/ok/0107.bmp,0,0.1596231609582901,
A1_J,149,03/test/ok/0108.bmp,0,0.14942310750484467,
A1_J,150,03/test/ok/0109.bmp,0,0.13169629871845245,
A1_J,151,03/test/ok/0110.bmp,0,0.19878727197647095,
A1_J,152,03/test/ok/0111.bmp,0,0.13804012537002563,
A1_J,153,03/test/ok/0112.bmp,0,0.14183832705020905,
A1_J,154,03/test/ok/0113.bmp,0,0.22231946885585785,
A1_J,155,03/test/ok/0114.bmp,0,0.14920131862163544,
A1_J,156,03/test/ok/0115.bmp,0,0.11122570186853409,
A1_J,157,03/test/ok/0116.bmp,0,0.15483435988426208,
A1_J,158,03/test/ok/0117.bmp,0,0.11367811262607574,
A1_J,159,03/test/ok/0118.bmp,0,0.14035560190677643,
A1_J,160,03/test/ok/0119.bmp,0,0.1260167807340622,
A1_J,161,03/test/ok/0120.bmp,0,0.17209234833717346,
A1_J,162,03/test/ok/0121.bmp,0,0.19143237173557281,
A1_J,163,03/test/ok/0122.bmp,0,0.13733556866645813,
A1_J,164,03/test/ok/0123.bmp,0,0.172023743391037,
A1_J,165,03/test/ok/0124.bmp,0,0.1400524228811264,
A1_J,166,03/test/ok/0125.bmp,0,0.12244735658168793,
A1_J,167,03/test/ok/0126.bmp,0,0.13967138528823853,
A1_J,168,03/test/ok/0127.bmp,0,0.14238715171813965,
A1_J,169,03/test/ok/0128.bmp,0,0.14564727246761322,
A1_J,170,03/test/ok/0129.bmp,0,0.1314556747674942,
A1_J,171,03/test/ok/0130.bmp,0,0.13286571204662323,
A1_J,172,03/test/ok/0131.bmp,0,0.13611295819282532,
A1_J,173,03/test/ok/0132.bmp,0,0.13080742955207825,
A1_J,174,03/test/ok/0133.bmp,0,0.1373705267906189,
A1_J,175,03/test/ok/0134.bmp,0,0.12260425835847855,
A1_J,176,03/test/ok/0135.bmp,0,0.14074872434139252,
A1_J,177,03/test/ok/0136.bmp,0,0.15059004724025726,
A1_J,178,03/test/ok/0137.bmp,0,0.11613371223211288,
A1_J,179,03/test/ok/0138.bmp,0,0.13294926285743713,
A1_J,180,03/test/ok/0139.bmp,0,0.12736444175243378,
A1_J,181,03/test/ok/0140.bmp,0,0.15687331557273865,
A1_J,182,03/test/ok/0141.bmp,0,0.12444424629211426,
A1_J,183,03/test/ok/0142.bmp,0,0.14727050065994263,
A1_J,184,03/test/ok/0143.bmp,0,0.13770025968551636,
A1_J,185,03/test/ok/0144.bmp,0,0.12728996574878693,
A1_J,186,03/test/ok/0145.bmp,0,0.11636080592870712,
A1_J,187,03/test/ok/0146.bmp,0,0.13846096396446228,
A1_J,188,03/test/ok/0147.bmp,0,0.16309155523777008,
A1_J,189,03/test/ok/0148.bmp,0,0.17592795193195343,
A1_J,190,03/test/ok/0149.bmp,0,0.12428496778011322,
A1_J,191,03/test/ok/0150.bmp,0,0.14060254395008087,
A1_J,192,03/test/ok/0151.bmp,0,0.17051094770431519,
A1_J,193,03/test/ok/0152.bmp,0,0.11510340869426727,
A1_J,194,03/test/ok/0153.bmp,0,0.14062301814556122,
A1_J,195,03/test/ok/0154.bmp,0,0.1491883546113968,
A1_J,196,03/test/ok/0155.bmp,0,0.1773645132780075,
A1_J,197,03/test/ok/0156.bmp,0,0.12644727528095245,
A1_J,198,03/test/ok/0157.bmp,0,0.12188699841499329,
A1_J,199,03/test/ok/0158.bmp,0,0.14030545949935913,
A1_J,200,03/test/ok/0159.bmp,0,0.12734143435955048,
A1_J,201,03/test/ok/0160.bmp,0,0.14553052186965942,
A1_J,202,03/test/ok/0161.bmp,0,0.13930442929267883,
A1_J,203,03/test/ok/0162.bmp,0,0.13874563574790955,
A1_J,204,03/test/ok/0163.bmp,0,0.12748438119888306,
A1_J,205,03/test/ok/0164.bmp,0,0.15795549750328064,
A1_J,206,03/test/ok/0165.bmp,0,0.13354778289794922,
A1_J,207,03/test/ok/0166.bmp,0,0.1695108860731125,
A1_J,208,03/test/ok/0167.bmp,0,0.1156909316778183,
A1_J,209,03/test/ok/0168.bmp,0,0.15364152193069458,
A1_J,210,03/test/ok/0169.bmp,0,0.14155299961566925,
A1_J,211,03/test/ok/0170.bmp,0,0.12967312335968018,
A1_J,212,03/test/ok/0171.bmp,0,0.1232088953256607,
A1_J,213,03/test/ok/0172.bmp,0,0.2324756234884262,
A1_J,214,03/test/ok/0173.bmp,0,0.15361455082893372,
A1_J,215,03/test/ok/0174.bmp,0,0.12801985442638397,
A1_J,216,03/test/ok/0175.bmp,0,0.11698704957962036,
A1_J,217,03/test/ok/0176.bmp,0,0.1307353377342224,
A1_J,218,03/test/ok/0177.bmp,0,0.14027893543243408,
A1_J,219,03/test/ok/0178.bmp,0,0.1447315216064453,
A1_J,220,03/test/ok/0179.bmp,0,0.10748084634542465,
A1_J,221,03/test/ok/0180.bmp,0,0.19286544620990753,
A1_J,222,03/test/ok/0181.bmp,0,0.12468746304512024,
A1_J,223,03/test/ok/0182.bmp,0,0.17060457170009613,
A1_J,224,03/test/ok/0183.bmp,0,0.11298014968633652,
A1_J,225,03/test/ok/0184.bmp,0,0.23944030702114105,
A1_J,226,03/test/ok/0185.bmp,0,0.1396985501050949,
A1_J,227,03/test/ok/0186.bmp,0,0.13191793859004974,
A1_J,228,03/test/ok/0187.bmp,0,0.1459450125694275,
A1_J,229,03/test/ok/0188.bmp,0,0.1388203352689743,
A1_J,230,03/test/ok/0189.bmp,0,0.1121993362903595,
A1_J,231,03/test/ok/0190.bmp,0,0.15223857760429382,
A1_J,232,03/test/ok/0191.bmp,0,0.12194961309432983,
A1_J,233,03/test/ok/0192.bmp,0,0.17516759037971497,
A1_J,234,03/test/ok/0193.bmp,0,0.16895803809165955,
A1_J,235,03/test/ok/0194.bmp,0,0.16464146971702576,
A1_J,236,03/test/ok/0195.bmp,0,0.13896609842777252,
A1_J,237,03/test/ok/0196.bmp,0,0.12496630102396011,
A1_J,238,03/test/ok/0197.bmp,0,0.11669141799211502,
A1_J,239,03/test/ok/0198.bmp,0,0.13375332951545715,
A1_J,240,03/test/ok/0199.bmp,0,0.12052931636571884,
A1_J,241,03/test/ok/0200.bmp,0,0.1282612532377243,
A1_J,242,03/test/ok/0201.bmp,0,0.127937451004982,
A1_J,243,03/test/ok/0202.bmp,0,0.14712730050086975,
A1_J,244,03/test/ok/0203.bmp,0,0.13778512179851532,
A1_J,245,03/test/ok/0204.bmp,0,0.15639087557792664,
A1_J,246,03/test/ok/0205.bmp,0,0.28151747584342957,
A1_J,247,03/test/ok/0206.bmp,0,0.17181506752967834,
A1_J,248,03/test/ok/0207.bmp,0,0.12788374722003937,
A1_J,249,03/test/ok/0208.bmp,0,0.15743625164031982,
A1_J,250,03/test/ok/0209.bmp,0,0.12492524087429047,
A1_J,251,03/test/ok/0210.bmp,0,0.1411765068769455,
A1_J,252,03/test/ok/0211.bmp,0,0.11550012230873108,
A1_J,253,03/test/ok/0212.bmp,0,0.15551424026489258,
A1_J,254,03/test/ok/0213.bmp,0,0.1266939640045166,
A1_J,255,03/test/ok/0214.bmp,0,0.14362525939941406,
A1_J,256,03/test/ok/0215.bmp,0,0.13896949589252472,
A1_J,257,03/test/ok/0216.bmp,0,0.1436675786972046,
A1_J,258,03/test/ok/0217.bmp,0,0.11790047585964203,
A1_J,259,03/test/ok/0218.bmp,0,0.1621221899986267,
A1_J,260,03/test/ok/0219.bmp,0,0.14045517146587372,
A1_J,261,03/test/ok/0220.bmp,0,0.15323284268379211,
A1_J,262,03/test/ok/0221.bmp,0,0.12280657142400742,
A1_J,263,03/test/ok/0222.bmp,0,0.15698795020580292,
A1_J,264,03/test/ok/0223.bmp,0,0.1334296613931656,
A1_J,265,03/test/ok/0224.bmp,0,0.1318322718143463,
A1_J,266,03/test/ok/0225.bmp,0,0.13162969052791595,
A1_J,267,03/test/ok/0226.bmp,0,0.14860613644123077,
A1_J,268,03/test/ok/0227.bmp,0,0.14458437263965607,
A1_J,269,03/test/ok/0228.bmp,0,0.16321207582950592,
A1_J,270,03/test/ok/0229.bmp,0,0.1110553964972496,
A1_J,271,03/test/ok/0230.bmp,0,0.13637423515319824,
A1_J,272,03/test/ok/0231.bmp,0,0.13404010236263275,
A1_J,273,03/test/ok/0232.bmp,0,0.16092327237129211,
A1_J,274,03/test/ok/0233.bmp,0,0.10290905833244324,
A1_J,275,03/test/ok/0234.bmp,0,0.1746816188097,
A1_J,276,03/test/ok/0235.bmp,0,0.10940799117088318,
A1_J,277,03/test/ok/0236.bmp,0,0.1724359542131424,
A1_J,278,03/test/ok/0237.bmp,0,0.1332995593547821,
A1_J,279,03/test/ok/0238.bmp,0,0.13547147810459137,
A1_J,280,03/test/ok/0239.bmp,0,0.11552644520998001,
A1_J,281,03/test/ok/0240.bmp,0,0.15302082896232605,
A1_J,282,03/test/ok/0241.bmp,0,0.17361143231391907,
A1_J,283,03/test/ok/0242.bmp,0,0.1549558788537979,
A1_J,284,03/test/ok/0243.bmp,0,0.33201655745506287,
A1_J,285,03/test/ok/0244.bmp,0,0.2268180549144745,
A1_J,286,03/test/ok/0245.bmp,0,0.15097929537296295,
A1_J,287,03/test/ok/0246.bmp,0,0.13639171421527863,
A1_J,288,03/test/ok/0247.bmp,0,0.13105668127536774,
A1_J,289,03/test/ok/0248.bmp,0,0.12670402228832245,
A1_J,290,03/test/ok/0249.bmp,0,0.14464901387691498,
A1_J,291,03/test/ok/0250.bmp,0,0.12450705468654633,
A1_J,292,03/test/ok/0251.bmp,0,0.1407606303691864,
A1_J,293,03/test/ok/0252.bmp,0,0.16818855702877045,
A1_J,294,03/test/ok/0253.bmp,0,0.14129304885864258,
A1_J,295,03/test/ok/0254.bmp,0,0.16570234298706055,
A1_J,296,03/test/ok/0255.bmp,0,0.17852430045604706,
A1_J,297,03/test/ok/0256.bmp,0,0.1375972330570221,
A1_J,298,03/test/ok/0257.bmp,0,0.13263322412967682,
A1_J,299,03/test/ok/0258.bmp,0,0.12567868828773499,
A1_J,300,03/test/ok/0259.bmp,0,0.11854919791221619,
A1_J,301,03/test/ok/0260.bmp,0,0.151593878865242,
A1_J,302,03/test/ok/0261.bmp,0,0.1522650420665741,
A1_J,303,03/test/ok/0262.bmp,0,0.14493922889232635,
A1_J,304,03/test/ok/0263.bmp,0,0.138815239071846,
A1_J,305,03/test/ok/0264.bmp,0,0.14428935945034027,
A1_J,306,03/test/ok/0265.bmp,0,0.16357563436031342,
A1_J,307,03/test/ok/0266.bmp,0,0.1619843691587448,
A1_J,308,03/test/ok/0267.bmp,0,0.13273578882217407,
A1_J,309,03/test/ok/0268.bmp,0,0.130889430642128,
A1_J,310,03/test/ok/0269.bmp,0,0.12947973608970642,
A1_J,311,03/test/ok/0270.bmp,0,0.17473596334457397,
A1_J,312,03/test/ok/0271.bmp,0,0.1357852965593338,
A1_J,313,03/test/ok/0272.bmp,0,0.11910446733236313,
A1_J,314,03/test/ok/0273.bmp,0,0.12748241424560547,
A1_J,315,03/test/ok/0274.bmp,0,0.1563931554555893,
A1_J,316,03/test/ok/0275.bmp,0,0.1294960081577301,
A1_J,317,03/test/ok/0276.bmp,0,0.12801045179367065,
A1_J,318,03/test/ok/0277.bmp,0,0.15008261799812317,
A1_J,319,03/test/ok/0278.bmp,0,0.14512260258197784,
A1_J,320,03/test/ok/0279.bmp,0,0.1167680025100708,
A1_J,321,03/test/ok/0280.bmp,0,0.21387775242328644,
A1_J,322,03/test/ok/0281.bmp,0,0.1815986931324005,
A1_J,323,03/test/ok/0282.bmp,0,0.15617789328098297,
A1_J,324,03/test/ok/0283.bmp,0,0.191465362906456,
A1_J,325,03/test/ok/0284.bmp,0,0.1469375342130661,
A1_J,326,03/test/ok/0285.bmp,0,0.1060003936290741,
A1_J,327,03/test/ok/0286.bmp,0,0.14797785878181458,
A1_J,328,03/test/ok/0287.bmp,0,0.16631551086902618,
A1_J,329,03/test/ok/0288.bmp,0,0.16187982261180878,
A1_J,330,03/test/ok/0289.bmp,0,0.1615043431520462,
A1_J,331,03/test/ok/0290.bmp,0,0.1553869992494583,
A1_J,332,03/test/ok/0291.bmp,0,0.13404278457164764,
A1_J,333,03/test/ok/0292.bmp,0,0.14705710113048553,
A1_J,334,03/test/ok/0293.bmp,0,0.10986514389514923,
A1_J,335,03/test/ok/0294.bmp,0,0.14170782268047333,
A1_J,336,03/test/ok/0295.bmp,0,0.1345779299736023,
A1_J,337,03/test/ok/0296.bmp,0,0.14678464829921722,
A1_J,338,03/test/ok/0297.bmp,0,0.15198102593421936,
A1_J,339,03/test/ok/0298.bmp,0,0.168625608086586,
A1_J,340,03/test/ok/0299.bmp,0,0.13292266428470612,
A1_J,341,03/test/ok/0300.bmp,0,0.13902850449085236,
A1_J,342,03/test/ok/0301.bmp,0,0.15728852152824402,
A1_J,343,03/test/ok/0302.bmp,0,0.12411609292030334,
A1_J,344,03/test/ok/0303.bmp,0,0.18214617669582367,
A1_J,345,03/test/ok/0304.bmp,0,0.15002141892910004,
A1_J,346,03/test/ok/0305.bmp,0,0.1253737062215805,
A1_J,347,03/test/ok/0306.bmp,0,0.16175010800361633,
A1_J,348,03/test/ok/0307.bmp,0,0.1596568524837494,
A1_J,349,03/test/ok/0308.bmp,0,0.138238325715065,
A1_J,350,03/test/ok/0309.bmp,0,0.1901939958333969,
A1_J,351,03/test/ok/0310.bmp,0,0.18027524650096893,
A1_J,352,03/test/ok/0311.bmp,0,0.15530626475811005,
A1_J,353,03/test/ok/0312.bmp,0,0.15817858278751373,
A1_J,354,03/test/ok/0313.bmp,0,0.15341292321681976,
A1_J,355,03/test/ok/0314.bmp,0,0.15533527731895447,
A1_J,356,03/test/ok/0315.bmp,0,0.16903801262378693,
A1_J,357,03/test/ok/0316.bmp,0,0.14229561388492584,
A1_J,358,03/test/ok/0317.bmp,0,0.1368154138326645,
A1_J,359,03/test/ok/0318.bmp,0,0.1257602423429489,
A1_J,360,03/test/ok/0319.bmp,0,0.1159655824303627,
A1_J,361,03/test/ok/0320.bmp,0,0.1995435506105423,
A1_J,362,03/test/ok/0321.bmp,0,0.132131889462471,
A1_J,363,03/test/ok/0322.bmp,0,0.14974108338356018,
A1_J,364,03/test/ok/0323.bmp,0,0.16261933743953705,
A1_J,365,03/test/ok/0324.bmp,0,0.13194561004638672,
A1_J,366,03/test/ok/0325.bmp,0,0.15094910562038422,
A1_J,367,03/test/ok/0326.bmp,0,0.13661229610443115,
A1_J,368,03/test/ok/0327.bmp,0,0.14135147631168365,
A1_J,369,03/test/ok/0328.bmp,0,0.17684732377529144,
A1_J,370,03/test/ok/0329.bmp,0,0.16380217671394348,
A1_J,371,03/test/ok/0330.bmp,0,0.12329547107219696,
A1_J,372,03/test/ok/0331.bmp,0,0.21981659531593323,
A1_J,373,03/test/ok/0332.bmp,0,0.1356210857629776,
A1_J,374,03/test/ok/0333.bmp,0,0.13832135498523712,
A1_J,375,03/test/ok/0334.bmp,0,0.18731358647346497,
A1_J,376,03/test/ok/0335.bmp,0,0.11836647987365723,
A1_J,377,03/test/ok/0336.bmp,0,0.1259768158197403,
A1_J,378,03/test/ok/0337.bmp,0,0.1544310301542282,
A1_J,379,03/test/ok/0338.bmp,0,0.1460731029510498,
A1_J,380,03/test/ok/0339.bmp,0,0.16474133729934692,
A1_J,381,03/test/ok/0340.bmp,0,0.14268524944782257,
A1_J,382,03/test/ok/0341.bmp,0,0.1347399801015854,
A1_J,383,03/test/ok/0342.bmp,0,0.13432252407073975,
A1_J,384,03/test/ok/0343.bmp,0,0.14241085946559906,
A1_J,385,03/test/ok/0344.bmp,0,0.14746834337711334,
A1_J,386,03/test/ok/0345.bmp,0,0.20240966975688934,
A1_J,387,03/test/ok/0346.bmp,0,0.1533471792936325,
A1_J,388,03/test/ok/0347.bmp,0,0.11942358314990997,
A1_J,389,03/test/ok/0348.bmp,0,0.1579597145318985,
A1_J,390,03/test/ok/0349.bmp,0,0.1521044224500656,
A1_J,391,03/test/ok/0350.bmp,0,0.15624719858169556,
A1_J,392,03/test/ok/0351.bmp,0,0.20280522108078003,
A1_J,393,03/test/ok/0352.bmp,0,0.11120369285345078,
A1_J,394,03/test/ok/0353.bmp,0,0.21066094934940338,
A1_J,395,03/test/ok/0354.bmp,0,0.11801517754793167,
A1_J,396,03/test/ok/0355.bmp,0,0.16514107584953308,
A1_J,397,03/test/ok/0356.bmp,0,0.14509928226470947,
A1_J,398,03/test/ok/0357.bmp,0,0.15506204962730408,
A1_J,399,03/test/ok/0358.bmp,0,0.14619743824005127,
A1_J,400,03/test/ok/0359.bmp,0,0.1808106005191803,
A1_J,401,03/test/ok/0360.bmp,0,0.14322461187839508,
A1_J,402,03/test/ok/0361.bmp,0,0.16887858510017395,
A1_J,403,03/test/ok/0362.bmp,0,0.18541301786899567,
A1_J,404,03/test/ok/0363.bmp,0,0.15920540690422058,
A1_J,405,03/test/ok/0364.bmp,0,0.14789637923240662,
A1_J,406,03/test/ok/0365.bmp,0,0.14767326414585114,
A1_J,407,03/test/ok/0366.bmp,0,0.1302454173564911,
A1_J,408,03/test/ok/0367.bmp,0,0.1374816596508026,
A1_J,409,03/test/ok/0368.bmp,0,0.20018957555294037,
A1_J,410,03/test/ok/0369.bmp,0,0.15726861357688904,
A1_J,411,03/test/ok/0370.bmp,0,0.1675482839345932,
A1_J,412,03/test/ok/0371.bmp,0,0.20963142812252045,
A1_J,413,03/test/ok/0372.bmp,0,0.15653057396411896,
A1_J,414,03/test/ok/0373.bmp,0,0.1370725780725479,
A1_J,415,03/test/ok/0374.bmp,0,0.13927488029003143,
A1_J,416,03/test/ok/0375.bmp,0,0.17090298235416412,
A1_J,417,03/test/ok/0376.bmp,0,0.13029149174690247,
A1_J,418,03/test/ok/0377.bmp,0,0.15669944882392883,
A1_J,419,03/test/ok/0378.bmp,0,0.26158466935157776,
A1_J,420,03/test/ok/0379.bmp,0,0.17277510464191437,
A1_J,421,03/test/ok/0380.bmp,0,0.17865507304668427,
A1_J,422,03/test/ok/0381.bmp,0,0.16042481362819672,
A1_J,423,03/test/ok/0382.bmp,0,0.12600713968276978,
A1_J,424,03/test/ok/0383.bmp,0,0.22125010192394257,
A1_J,425,03/test/ok/0384.bmp,0,0.21356457471847534,
A1_J,426,03/test/ok/0385.bmp,0,0.19615836441516876,
A1_J,427,03/test/ok/0386.bmp,0,0.16838544607162476,
A1_J,428,03/test/ok/0387.bmp,0,0.17340515553951263,
A1_J,429,03/test/ok/0388.bmp,0,0.15410791337490082,
A1_J,430,03/test/ok/0389.bmp,0,0.18900607526302338,
A1_J,431,03/test/ok/0390.bmp,0,0.1506371647119522,
A1_J,432,03/test/ok/0391.bmp,0,0.13729560375213623,
A1_J,433,03/test/ok/0392.bmp,0,0.13154353201389313,
A1_J,434,03/test/ok/0393.bmp,0,0.17183023691177368,
A1_J,435,03/test/ok/0394.bmp,0,0.13288308680057526,
A1_J,436,03/test/ok/0395.bmp,0,0.1477750986814499,
A1_J,437,03/test/ok/0396.bmp,0,0.13123996555805206,
A1_J,438,03/test/ok/0397.bmp,0,0.15191610157489777,
A1_J,439,03/test/ok/0398.bmp,0,0.14497977495193481,
A1_J,440,03/test/ok/0399.bmp,0,0.18180111050605774,
DUP_J,0,03/test/ko/0000.bmp,1,0.49710777401924133,0.745512320876834
DUP_J,1,03/test/ko/0001.bmp,1,0.4716448485851288,0.8450535148965123
DUP_J,2,03/test/ko/0002.bmp,1,0.5140663981437683,0.7776538095597385
DUP_J,3,03/test/ko/0003.bmp,1,0.5072863101959229,0.9022912565752021
DUP_J,4,03/test/ko/0004.bmp,1,0.4267090857028961,0.8561358100229797
DUP_J,5,03/test/ko/0005.bmp,1,0.4939683675765991,0.8819047663418947
DUP_J,6,03/test/ko/0006.bmp,1,0.49723348021507263,0.9289867319726991
DUP_J,7,03/test/ko/0007.bmp,1,0.3842339515686035,0.8591835402331943
DUP_J,8,03/test/ko/0008.bmp,1,0.4944823384284973,0.9055628749493224
DUP_J,9,03/test/ko/0009.bmp,1,0.33588656783103943,0.22252080733603571
DUP_J,10,03/test/ko/0010.bmp,1,0.2971125543117523,0.4918173010580154
DUP_J,11,03/test/ko/0011.bmp,1,0.4497388005256653,0.9182198109317192
DUP_J,12,03/test/ko/0012.bmp,1,0.28396570682525635,0.4424790580568358
DUP_J,13,03/test/ko/0013.bmp,1,0.44179365038871765,0.741185768813137
DUP_J,14,03/test/ko/0014.bmp,1,0.3563704490661621,0.8269774415006328
DUP_J,15,03/test/ko/0015.bmp,1,0.2676093280315399,0.926424963924964
DUP_J,16,03/test/ko/0016.bmp,1,0.3044250011444092,0.7888889545446102
DUP_J,17,03/test/ko/0017.bmp,1,0.38403835892677307,0.8968921223406567
DUP_J,18,03/test/ko/0018.bmp,1,0.5182346105575562,0.9359627173176415
DUP_J,19,03/test/ko/0019.bmp,1,0.5010077953338623,0.9777317828314862
DUP_J,20,03/test/ko/0020.bmp,1,0.3825717866420746,0.2029343115564426
DUP_J,21,03/test/ko/0021.bmp,1,0.25503307580947876,0.09100987485997794
DUP_J,22,03/test/ko/0022.bmp,1,0.34805771708488464,0.6443661583679481
DUP_J,23,03/test/ko/0023.bmp,1,0.30901196599006653,0.24266888940858178
DUP_J,24,03/test/ko/0024.bmp,1,0.3898104131221771,0.8997700062230081
DUP_J,25,03/test/ko/0025.bmp,1,0.4169559180736542,0.8288033215750302
DUP_J,26,03/test/ko/0026.bmp,1,0.4970737099647522,0.9225679630988872
DUP_J,27,03/test/ko/0027.bmp,1,0.3860626220703125,0.828962010460443
DUP_J,28,03/test/ko/0028.bmp,0,0.23201166093349457,
DUP_J,29,03/test/ko/0029.bmp,0,0.25779128074645996,
DUP_J,30,03/test/ko/0030.bmp,0,0.24073326587677002,
DUP_J,31,03/test/ko/0031.bmp,0,0.2813153564929962,
DUP_J,32,03/test/ko/0032.bmp,0,0.2472139447927475,
DUP_J,33,03/test/ko/0033.bmp,0,0.22736579179763794,
DUP_J,34,03/test/ko/0034.bmp,0,0.36756572127342224,
DUP_J,35,03/test/ko/0035.bmp,0,0.24589595198631287,
DUP_J,36,03/test/ko/0036.bmp,0,0.23103635013103485,
DUP_J,37,03/test/ko/0037.bmp,0,0.21680302917957306,
DUP_J,38,03/test/ko/0038.bmp,1,0.5000051259994507,0.9542986300006858
DUP_J,39,03/test/ko/0039.bmp,1,0.25773537158966064,0.27915326038747357
DUP_J,40,03/test/ko/0040.bmp,1,0.3484792411327362,0.8660194007559943
DUP_J,41,03/test/ok/0000.bmp,0,0.17232757806777954,
DUP_J,42,03/test/ok/0001.bmp,0,0.15549224615097046,
DUP_J,43,03/test/ok/0002.bmp,0,0.2644254267215729,
DUP_J,44,03/test/ok/0003.bmp,0,0.15441808104515076,
DUP_J,45,03/test/ok/0004.bmp,0,0.15482687950134277,
DUP_J,46,03/test/ok/0005.bmp,0,0.14629553258419037,
DUP_J,47,03/test/ok/0006.bmp,0,0.21033068001270294,
DUP_J,48,03/test/ok/0007.bmp,0,0.16406017541885376,
DUP_J,49,03/test/ok/0008.bmp,0,0.19545136392116547,
DUP_J,50,03/test/ok/0009.bmp,0,0.17221228778362274,
DUP_J,51,03/test/ok/0010.bmp,0,0.21186915040016174,
DUP_J,52,03/test/ok/0011.bmp,0,0.14411412179470062,
DUP_J,53,03/test/ok/0012.bmp,0,0.19650523364543915,
DUP_J,54,03/test/ok/0013.bmp,0,0.16146667301654816,
DUP_J,55,03/test/ok/0014.bmp,0,0.2465890496969223,
DUP_J,56,03/test/ok/0015.bmp,0,0.1787021905183792,
DUP_J,57,03/test/ok/0016.bmp,0,0.1673896759748459,
DUP_J,58,03/test/ok/0017.bmp,0,0.19415153563022614,
DUP_J,59,03/test/ok/0018.bmp,0,0.1961105614900589,
DUP_J,60,03/test/ok/0019.bmp,0,0.13594894111156464,
DUP_J,61,03/test/ok/0020.bmp,0,0.1833188533782959,
DUP_J,62,03/test/ok/0021.bmp,0,0.19741639494895935,
DUP_J,63,03/test/ok/0022.bmp,0,0.19933058321475983,
DUP_J,64,03/test/ok/0023.bmp,0,0.125496968626976,
DUP_J,65,03/test/ok/0024.bmp,0,0.171902596950531,
DUP_J,66,03/test/ok/0025.bmp,0,0.14478018879890442,
DUP_J,67,03/test/ok/0026.bmp,0,0.17410580813884735,
DUP_J,68,03/test/ok/0027.bmp,0,0.1473613977432251,
DUP_J,69,03/test/ok/0028.bmp,0,0.16719357669353485,
DUP_J,70,03/test/ok/0029.bmp,0,0.21589858829975128,
DUP_J,71,03/test/ok/0030.bmp,0,0.1836821734905243,
DUP_J,72,03/test/ok/0031.bmp,0,0.18205511569976807,
DUP_J,73,03/test/ok/0032.bmp,0,0.42388054728507996,
DUP_J,74,03/test/ok/0033.bmp,0,0.15144288539886475,
DUP_J,75,03/test/ok/0034.bmp,0,0.22237859666347504,
DUP_J,76,03/test/ok/0035.bmp,0,0.13583222031593323,
DUP_J,77,03/test/ok/0036.bmp,0,0.2137182205915451,
DUP_J,78,03/test/ok/0037.bmp,0,0.16544339060783386,
DUP_J,79,03/test/ok/0038.bmp,0,0.1757843792438507,
DUP_J,80,03/test/ok/0039.bmp,0,0.1698876917362213,
DUP_J,81,03/test/ok/0040.bmp,0,0.16759851574897766,
DUP_J,82,03/test/ok/0041.bmp,0,0.21535830199718475,
DUP_J,83,03/test/ok/0042.bmp,0,0.16545361280441284,
DUP_J,84,03/test/ok/0043.bmp,0,0.1679771989583969,
DUP_J,85,03/test/ok/0044.bmp,0,0.17376570403575897,
DUP_J,86,03/test/ok/0045.bmp,0,0.15257495641708374,
DUP_J,87,03/test/ok/0046.bmp,0,0.1655646413564682,
DUP_J,88,03/test/ok/0047.bmp,0,0.13081857562065125,
DUP_J,89,03/test/ok/0048.bmp,0,0.1569996327161789,
DUP_J,90,03/test/ok/0049.bmp,0,0.15281707048416138,
DUP_J,91,03/test/ok/0050.bmp,0,0.1702168881893158,
DUP_J,92,03/test/ok/0051.bmp,0,0.13595075905323029,
DUP_J,93,03/test/ok/0052.bmp,0,0.17547446489334106,
DUP_J,94,03/test/ok/0053.bmp,0,0.1676894724369049,
DUP_J,95,03/test/ok/0054.bmp,0,0.23261405527591705,
DUP_J,96,03/test/ok/0055.bmp,0,0.1792692393064499,
DUP_J,97,03/test/ok/0056.bmp,0,0.18381991982460022,
DUP_J,98,03/test/ok/0057.bmp,0,0.14805710315704346,
DUP_J,99,03/test/ok/0058.bmp,0,0.16038885712623596,
DUP_J,100,03/test/ok/0059.bmp,0,0.1964261531829834,
DUP_J,101,03/test/ok/0060.bmp,0,0.16905638575553894,
DUP_J,102,03/test/ok/0061.bmp,0,0.14362360537052155,
DUP_J,103,03/test/ok/0062.bmp,0,0.154057577252388,
DUP_J,104,03/test/ok/0063.bmp,0,0.15940244495868683,
DUP_J,105,03/test/ok/0064.bmp,0,0.18860362470149994,
DUP_J,106,03/test/ok/0065.bmp,0,0.14903323352336884,
DUP_J,107,03/test/ok/0066.bmp,0,0.17939716577529907,
DUP_J,108,03/test/ok/0067.bmp,0,0.13395638763904572,
DUP_J,109,03/test/ok/0068.bmp,0,0.21876277029514313,
DUP_J,110,03/test/ok/0069.bmp,0,0.2437882423400879,
DUP_J,111,03/test/ok/0070.bmp,0,0.2364048957824707,
DUP_J,112,03/test/ok/0071.bmp,0,0.22189976274967194,
DUP_J,113,03/test/ok/0072.bmp,0,0.14175811409950256,
DUP_J,114,03/test/ok/0073.bmp,0,0.1840517669916153,
DUP_J,115,03/test/ok/0074.bmp,0,0.18779370188713074,
DUP_J,116,03/test/ok/0075.bmp,0,0.17321521043777466,
DUP_J,117,03/test/ok/0076.bmp,0,0.15651103854179382,
DUP_J,118,03/test/ok/0077.bmp,0,0.2133052796125412,
DUP_J,119,03/test/ok/0078.bmp,0,0.18119940161705017,
DUP_J,120,03/test/ok/0079.bmp,0,0.16019168496131897,
DUP_J,121,03/test/ok/0080.bmp,0,0.1695200651884079,
DUP_J,122,03/test/ok/0081.bmp,0,0.17544156312942505,
DUP_J,123,03/test/ok/0082.bmp,0,0.16461534798145294,
DUP_J,124,03/test/ok/0083.bmp,0,0.1332661658525467,
DUP_J,125,03/test/ok/0084.bmp,0,0.16691914200782776,
DUP_J,126,03/test/ok/0085.bmp,0,0.14956064522266388,
DUP_J,127,03/test/ok/0086.bmp,0,0.18440671265125275,
DUP_J,128,03/test/ok/0087.bmp,0,0.15912985801696777,
DUP_J,129,03/test/ok/0088.bmp,0,0.16779935359954834,
DUP_J,130,03/test/ok/0089.bmp,0,0.14040149748325348,
DUP_J,131,03/test/ok/0090.bmp,0,0.17359259724617004,
DUP_J,132,03/test/ok/0091.bmp,0,0.19318503141403198,
DUP_J,133,03/test/ok/0092.bmp,0,0.204149067401886,
DUP_J,134,03/test/ok/0093.bmp,0,0.15367355942726135,
DUP_J,135,03/test/ok/0094.bmp,0,0.14976274967193604,
DUP_J,136,03/test/ok/0095.bmp,0,0.12355362623929977,
DUP_J,137,03/test/ok/0096.bmp,0,0.21594654023647308,
DUP_J,138,03/test/ok/0097.bmp,0,0.18140745162963867,
DUP_J,139,03/test/ok/0098.bmp,0,0.162187859416008,
DUP_J,140,03/test/ok/0099.bmp,0,0.16473373770713806,
DUP_J,141,03/test/ok/0100.bmp,0,0.15427418053150177,
DUP_J,142,03/test/ok/0101.bmp,0,0.19861829280853271,
DUP_J,143,03/test/ok/0102.bmp,0,0.20509101450443268,
DUP_J,144,03/test/ok/0103.bmp,0,0.14040367305278778,
DUP_J,145,03/test/ok/0104.bmp,0,0.16935986280441284,
DUP_J,146,03/test/ok/0105.bmp,0,0.16278812289237976,
DUP_J,147,03/test/ok/0106.bmp,0,0.21376828849315643,
DUP_J,148,03/test/ok/0107.bmp,0,0.15693438053131104,
DUP_J,149,03/test/ok/0108.bmp,0,0.1825413703918457,
DUP_J,150,03/test/ok/0109.bmp,0,0.1483727991580963,
DUP_J,151,03/test/ok/0110.bmp,0,0.2481245994567871,
DUP_J,152,03/test/ok/0111.bmp,0,0.17487910389900208,
DUP_J,153,03/test/ok/0112.bmp,0,0.16957078874111176,
DUP_J,154,03/test/ok/0113.bmp,0,0.18801447749137878,
DUP_J,155,03/test/ok/0114.bmp,0,0.17975084483623505,
DUP_J,156,03/test/ok/0115.bmp,0,0.13420429825782776,
DUP_J,157,03/test/ok/0116.bmp,0,0.16076982021331787,
DUP_J,158,03/test/ok/0117.bmp,0,0.1324906051158905,
DUP_J,159,03/test/ok/0118.bmp,0,0.16316935420036316,
DUP_J,160,03/test/ok/0119.bmp,0,0.14190123975276947,
DUP_J,161,03/test/ok/0120.bmp,0,0.16087162494659424,
DUP_J,162,03/test/ok/0121.bmp,0,0.1691322922706604,
DUP_J,163,03/test/ok/0122.bmp,0,0.16225066781044006,
DUP_J,164,03/test/ok/0123.bmp,0,0.21390853822231293,
DUP_J,165,03/test/ok/0124.bmp,0,0.16625213623046875,
DUP_J,166,03/test/ok/0125.bmp,0,0.14158177375793457,
DUP_J,167,03/test/ok/0126.bmp,0,0.16522669792175293,
DUP_J,168,03/test/ok/0127.bmp,0,0.13325078785419464,
DUP_J,169,03/test/ok/0128.bmp,0,0.17067089676856995,
DUP_J,170,03/test/ok/0129.bmp,0,0.16160215437412262,
DUP_J,171,03/test/ok/0130.bmp,0,0.1611570566892624,
DUP_J,172,03/test/ok/0131.bmp,0,0.16652902960777283,
DUP_J,173,03/test/ok/0132.bmp,0,0.15580961108207703,
DUP_J,174,03/test/ok/0133.bmp,0,0.16014254093170166,
DUP_J,175,03/test/ok/0134.bmp,0,0.14123113453388214,
DUP_J,176,03/test/ok/0135.bmp,0,0.1648082137107849,
DUP_J,177,03/test/ok/0136.bmp,0,0.18175005912780762,
DUP_J,178,03/test/ok/0137.bmp,0,0.13994407653808594,
DUP_J,179,03/test/ok/0138.bmp,0,0.15726809203624725,
DUP_J,180,03/test/ok/0139.bmp,0,0.15059223771095276,
DUP_J,181,03/test/ok/0140.bmp,0,0.17460830509662628,
DUP_J,182,03/test/ok/0141.bmp,0,0.14191433787345886,
DUP_J,183,03/test/ok/0142.bmp,0,0.17810915410518646,
DUP_J,184,03/test/ok/0143.bmp,0,0.16528292000293732,
DUP_J,185,03/test/ok/0144.bmp,0,0.15330912172794342,
DUP_J,186,03/test/ok/0145.bmp,0,0.1358605921268463,
DUP_J,187,03/test/ok/0146.bmp,0,0.16897520422935486,
DUP_J,188,03/test/ok/0147.bmp,0,0.20213966071605682,
DUP_J,189,03/test/ok/0148.bmp,0,0.21362073719501495,
DUP_J,190,03/test/ok/0149.bmp,0,0.15295283496379852,
DUP_J,191,03/test/ok/0150.bmp,0,0.16984081268310547,
DUP_J,192,03/test/ok/0151.bmp,0,0.19389307498931885,
DUP_J,193,03/test/ok/0152.bmp,0,0.1392420381307602,
DUP_J,194,03/test/ok/0153.bmp,0,0.1699078381061554,
DUP_J,195,03/test/ok/0154.bmp,0,0.18107987940311432,
DUP_J,196,03/test/ok/0155.bmp,0,0.2159530222415924,
DUP_J,197,03/test/ok/0156.bmp,0,0.1518668681383133,
DUP_J,198,03/test/ok/0157.bmp,0,0.14568041265010834,
DUP_J,199,03/test/ok/0158.bmp,0,0.1705513298511505,
DUP_J,200,03/test/ok/0159.bmp,0,0.14939811825752258,
DUP_J,201,03/test/ok/0160.bmp,0,0.1658196896314621,
DUP_J,202,03/test/ok/0161.bmp,0,0.1732887178659439,
DUP_J,203,03/test/ok/0162.bmp,0,0.16131877899169922,
DUP_J,204,03/test/ok/0163.bmp,0,0.1371297687292099,
DUP_J,205,03/test/ok/0164.bmp,0,0.18762804567813873,
DUP_J,206,03/test/ok/0165.bmp,0,0.163251131772995,
DUP_J,207,03/test/ok/0166.bmp,0,0.21427525579929352,
DUP_J,208,03/test/ok/0167.bmp,0,0.1406361609697342,
DUP_J,209,03/test/ok/0168.bmp,0,0.18374304473400116,
DUP_J,210,03/test/ok/0169.bmp,0,0.1716335564851761,
DUP_J,211,03/test/ok/0170.bmp,0,0.1592983603477478,
DUP_J,212,03/test/ok/0171.bmp,0,0.14432629942893982,
DUP_J,213,03/test/ok/0172.bmp,0,0.1956629902124405,
DUP_J,214,03/test/ok/0173.bmp,0,0.17039136588573456,
DUP_J,215,03/test/ok/0174.bmp,0,0.15928153693675995,
DUP_J,216,03/test/ok/0175.bmp,0,0.13540315628051758,
DUP_J,217,03/test/ok/0176.bmp,0,0.15864665806293488,
DUP_J,218,03/test/ok/0177.bmp,0,0.17088577151298523,
DUP_J,219,03/test/ok/0178.bmp,0,0.17187611758708954,
DUP_J,220,03/test/ok/0179.bmp,0,0.13405318558216095,
DUP_J,221,03/test/ok/0180.bmp,0,0.20701360702514648,
DUP_J,222,03/test/ok/0181.bmp,0,0.14578571915626526,
DUP_J,223,03/test/ok/0182.bmp,0,0.2145225554704666,
DUP_J,224,03/test/ok/0183.bmp,0,0.13830704987049103,
DUP_J,225,03/test/ok/0184.bmp,0,0.1970294713973999,
DUP_J,226,03/test/ok/0185.bmp,0,0.171896830201149,
DUP_J,227,03/test/ok/0186.bmp,0,0.16360430419445038,
DUP_J,228,03/test/ok/0187.bmp,0,0.1718343049287796,
DUP_J,229,03/test/ok/0188.bmp,0,0.17016226053237915,
DUP_J,230,03/test/ok/0189.bmp,0,0.12521402537822723,
DUP_J,231,03/test/ok/0190.bmp,0,0.16591747105121613,
DUP_J,232,03/test/ok/0191.bmp,0,0.13470877707004547,
DUP_J,233,03/test/ok/0192.bmp,0,0.20138290524482727,
DUP_J,234,03/test/ok/0193.bmp,0,0.18890582025051117,
DUP_J,235,03/test/ok/0194.bmp,0,0.20133110880851746,
DUP_J,236,03/test/ok/0195.bmp,0,0.17373450100421906,
DUP_J,237,03/test/ok/0196.bmp,0,0.1511872559785843,
DUP_J,238,03/test/ok/0197.bmp,0,0.1345263421535492,
DUP_J,239,03/test/ok/0198.bmp,0,0.15985769033432007,
DUP_J,240,03/test/ok/0199.bmp,0,0.14920541644096375,
DUP_J,241,03/test/ok/0200.bmp,0,0.1576390117406845,
DUP_J,242,03/test/ok/0201.bmp,0,0.14259827136993408,
DUP_J,243,03/test/ok/0202.bmp,0,0.14395830035209656,
DUP_J,244,03/test/ok/0203.bmp,0,0.1649489402770996,
DUP_J,245,03/test/ok/0204.bmp,0,0.18354499340057373,
DUP_J,246,03/test/ok/0205.bmp,0,0.2706235945224762,
DUP_J,247,03/test/ok/0206.bmp,0,0.21351878345012665,
DUP_J,248,03/test/ok/0207.bmp,0,0.15210607647895813,
DUP_J,249,03/test/ok/0208.bmp,0,0.159097358584404,
DUP_J,250,03/test/ok/0209.bmp,0,0.15154537558555603,
DUP_J,251,03/test/ok/0210.bmp,0,0.17102910578250885,
DUP_J,252,03/test/ok/0211.bmp,0,0.13224096596240997,
DUP_J,253,03/test/ok/0212.bmp,0,0.1854967325925827,
DUP_J,254,03/test/ok/0213.bmp,0,0.15236619114875793,
DUP_J,255,03/test/ok/0214.bmp,0,0.16940078139305115,
DUP_J,256,03/test/ok/0215.bmp,0,0.15813183784484863,
DUP_J,257,03/test/ok/0216.bmp,0,0.17144982516765594,
DUP_J,258,03/test/ok/0217.bmp,0,0.14157734811306,
DUP_J,259,03/test/ok/0218.bmp,0,0.16669873893260956,
DUP_J,260,03/test/ok/0219.bmp,0,0.16917847096920013,
DUP_J,261,03/test/ok/0220.bmp,0,0.17817339301109314,
DUP_J,262,03/test/ok/0221.bmp,0,0.1484776735305786,
DUP_J,263,03/test/ok/0222.bmp,0,0.18950031697750092,
DUP_J,264,03/test/ok/0223.bmp,0,0.13559912145137787,
DUP_J,265,03/test/ok/0224.bmp,0,0.16064366698265076,
DUP_J,266,03/test/ok/0225.bmp,0,0.16424211859703064,
DUP_J,267,03/test/ok/0226.bmp,0,0.18531900644302368,
DUP_J,268,03/test/ok/0227.bmp,0,0.169180229306221,
DUP_J,269,03/test/ok/0228.bmp,0,0.18353140354156494,
DUP_J,270,03/test/ok/0229.bmp,0,0.13846278190612793,
DUP_J,271,03/test/ok/0230.bmp,0,0.15840312838554382,
DUP_J,272,03/test/ok/0231.bmp,0,0.15419591963291168,
DUP_J,273,03/test/ok/0232.bmp,0,0.20238305628299713,
DUP_J,274,03/test/ok/0233.bmp,0,0.11113258451223373,
DUP_J,275,03/test/ok/0234.bmp,0,0.21623685956001282,
DUP_J,276,03/test/ok/0235.bmp,0,0.1321491003036499,
DUP_J,277,03/test/ok/0236.bmp,0,0.2031036913394928,
DUP_J,278,03/test/ok/0237.bmp,0,0.1407403200864792,
DUP_J,279,03/test/ok/0238.bmp,0,0.15471221506595612,
DUP_J,280,03/test/ok/0239.bmp,0,0.12539398670196533,
DUP_J,281,03/test/ok/0240.bmp,0,0.18355360627174377,
DUP_J,282,03/test/ok/0241.bmp,0,0.16689729690551758,
DUP_J,283,03/test/ok/0242.bmp,0,0.1835886538028717,
DUP_J,284,03/test/ok/0243.bmp,0,0.3080946207046509,
DUP_J,285,03/test/ok/0244.bmp,0,0.22005194425582886,
DUP_J,286,03/test/ok/0245.bmp,0,0.18136727809906006,
DUP_J,287,03/test/ok/0246.bmp,0,0.16505998373031616,
DUP_J,288,03/test/ok/0247.bmp,0,0.14732466638088226,
DUP_J,289,03/test/ok/0248.bmp,0,0.15613211691379547,
DUP_J,290,03/test/ok/0249.bmp,0,0.16532954573631287,
DUP_J,291,03/test/ok/0250.bmp,0,0.14416736364364624,
DUP_J,292,03/test/ok/0251.bmp,0,0.16202636063098907,
DUP_J,293,03/test/ok/0252.bmp,0,0.20175336301326752,
DUP_J,294,03/test/ok/0253.bmp,0,0.14969106018543243,
DUP_J,295,03/test/ok/0254.bmp,0,0.20731770992279053,
DUP_J,296,03/test/ok/0255.bmp,0,0.1703331023454666,
DUP_J,297,03/test/ok/0256.bmp,0,0.17232483625411987,
DUP_J,298,03/test/ok/0257.bmp,0,0.15977716445922852,
DUP_J,299,03/test/ok/0258.bmp,0,0.15481168031692505,
DUP_J,300,03/test/ok/0259.bmp,0,0.14178703725337982,
DUP_J,301,03/test/ok/0260.bmp,0,0.17932958900928497,
DUP_J,302,03/test/ok/0261.bmp,0,0.1831718236207962,
DUP_J,303,03/test/ok/0262.bmp,0,0.16903792321681976,
DUP_J,304,03/test/ok/0263.bmp,0,0.16861656308174133,
DUP_J,305,03/test/ok/0264.bmp,0,0.1780259609222412,
DUP_J,306,03/test/ok/0265.bmp,0,0.197043776512146,
DUP_J,307,03/test/ok/0266.bmp,0,0.19066493213176727,
DUP_J,308,03/test/ok/0267.bmp,0,0.16460637748241425,
DUP_J,309,03/test/ok/0268.bmp,0,0.1611882895231247,
DUP_J,310,03/test/ok/0269.bmp,0,0.16144005954265594,
DUP_J,311,03/test/ok/0270.bmp,0,0.1973036229610443,
DUP_J,312,03/test/ok/0271.bmp,0,0.15961386263370514,
DUP_J,313,03/test/ok/0272.bmp,0,0.14388833940029144,
DUP_J,314,03/test/ok/0273.bmp,0,0.15214374661445618,
DUP_J,315,03/test/ok/0274.bmp,0,0.16506218910217285,
DUP_J,316,03/test/ok/0275.bmp,0,0.15055973827838898,
DUP_J,317,03/test/ok/0276.bmp,0,0.15366369485855103,
DUP_J,318,03/test/ok/0277.bmp,0,0.15650033950805664,
DUP_J,319,03/test/ok/0278.bmp,0,0.15484611690044403,
DUP_J,320,03/test/ok/0279.bmp,0,0.13826939463615417,
DUP_J,321,03/test/ok/0280.bmp,0,0.2086140364408493,
DUP_J,322,03/test/ok/0281.bmp,0,0.19360168278217316,
DUP_J,323,03/test/ok/0282.bmp,0,0.16329604387283325,
DUP_J,324,03/test/ok/0283.bmp,0,0.2358165681362152,
DUP_J,325,03/test/ok/0284.bmp,0,0.18283149600028992,
DUP_J,326,03/test/ok/0285.bmp,0,0.12746991217136383,
DUP_J,327,03/test/ok/0286.bmp,0,0.17708341777324677,
DUP_J,328,03/test/ok/0287.bmp,0,0.19120299816131592,
DUP_J,329,03/test/ok/0288.bmp,0,0.1889486461877823,
DUP_J,330,03/test/ok/0289.bmp,0,0.19759830832481384,
DUP_J,331,03/test/ok/0290.bmp,0,0.19143375754356384,
DUP_J,332,03/test/ok/0291.bmp,0,0.1628401279449463,
DUP_J,333,03/test/ok/0292.bmp,0,0.1775887906551361,
DUP_J,334,03/test/ok/0293.bmp,0,0.13417141139507294,
DUP_J,335,03/test/ok/0294.bmp,0,0.17546717822551727,
DUP_J,336,03/test/ok/0295.bmp,0,0.15613460540771484,
DUP_J,337,03/test/ok/0296.bmp,0,0.1805618703365326,
DUP_J,338,03/test/ok/0297.bmp,0,0.1683855652809143,
DUP_J,339,03/test/ok/0298.bmp,0,0.21259477734565735,
DUP_J,340,03/test/ok/0299.bmp,0,0.14093585312366486,
DUP_J,341,03/test/ok/0300.bmp,0,0.16942042112350464,
DUP_J,342,03/test/ok/0301.bmp,0,0.15704964101314545,
DUP_J,343,03/test/ok/0302.bmp,0,0.15048837661743164,
DUP_J,344,03/test/ok/0303.bmp,0,0.18263104557991028,
DUP_J,345,03/test/ok/0304.bmp,0,0.18968242406845093,
DUP_J,346,03/test/ok/0305.bmp,0,0.15153257548809052,
DUP_J,347,03/test/ok/0306.bmp,0,0.1924794614315033,
DUP_J,348,03/test/ok/0307.bmp,0,0.19668640196323395,
DUP_J,349,03/test/ok/0308.bmp,0,0.1706869751214981,
DUP_J,350,03/test/ok/0309.bmp,0,0.2289474904537201,
DUP_J,351,03/test/ok/0310.bmp,0,0.2270050048828125,
DUP_J,352,03/test/ok/0311.bmp,0,0.1916099190711975,
DUP_J,353,03/test/ok/0312.bmp,0,0.18757644295692444,
DUP_J,354,03/test/ok/0313.bmp,0,0.18622300028800964,
DUP_J,355,03/test/ok/0314.bmp,0,0.18125711381435394,
DUP_J,356,03/test/ok/0315.bmp,0,0.19907742738723755,
DUP_J,357,03/test/ok/0316.bmp,0,0.1685023456811905,
DUP_J,358,03/test/ok/0317.bmp,0,0.17370861768722534,
DUP_J,359,03/test/ok/0318.bmp,0,0.1578388810157776,
DUP_J,360,03/test/ok/0319.bmp,0,0.14189103245735168,
DUP_J,361,03/test/ok/0320.bmp,0,0.16729384660720825,
DUP_J,362,03/test/ok/0321.bmp,0,0.15672235190868378,
DUP_J,363,03/test/ok/0322.bmp,0,0.1805996149778366,
DUP_J,364,03/test/ok/0323.bmp,0,0.17247919738292694,
DUP_J,365,03/test/ok/0324.bmp,0,0.16180166602134705,
DUP_J,366,03/test/ok/0325.bmp,0,0.18824812769889832,
DUP_J,367,03/test/ok/0326.bmp,0,0.16277152299880981,
DUP_J,368,03/test/ok/0327.bmp,0,0.17286290228366852,
DUP_J,369,03/test/ok/0328.bmp,0,0.2016502469778061,
DUP_J,370,03/test/ok/0329.bmp,0,0.1965385377407074,
DUP_J,371,03/test/ok/0330.bmp,0,0.14567016065120697,
DUP_J,372,03/test/ok/0331.bmp,0,0.22865203022956848,
DUP_J,373,03/test/ok/0332.bmp,0,0.16754060983657837,
DUP_J,374,03/test/ok/0333.bmp,0,0.1644534319639206,
DUP_J,375,03/test/ok/0334.bmp,0,0.16196602582931519,
DUP_J,376,03/test/ok/0335.bmp,0,0.14636017382144928,
DUP_J,377,03/test/ok/0336.bmp,0,0.14219357073307037,
DUP_J,378,03/test/ok/0337.bmp,0,0.1720961630344391,
DUP_J,379,03/test/ok/0338.bmp,0,0.17914293706417084,
DUP_J,380,03/test/ok/0339.bmp,0,0.20033231377601624,
DUP_J,381,03/test/ok/0340.bmp,0,0.1559184044599533,
DUP_J,382,03/test/ok/0341.bmp,0,0.15998120605945587,
DUP_J,383,03/test/ok/0342.bmp,0,0.1529305875301361,
DUP_J,384,03/test/ok/0343.bmp,0,0.16881662607192993,
DUP_J,385,03/test/ok/0344.bmp,0,0.17809434235095978,
DUP_J,386,03/test/ok/0345.bmp,0,0.2518254518508911,
DUP_J,387,03/test/ok/0346.bmp,0,0.18539409339427948,
DUP_J,388,03/test/ok/0347.bmp,0,0.14505520462989807,
DUP_J,389,03/test/ok/0348.bmp,0,0.19124381244182587,
DUP_J,390,03/test/ok/0349.bmp,0,0.17956368625164032,
DUP_J,391,03/test/ok/0350.bmp,0,0.1742100566625595,
DUP_J,392,03/test/ok/0351.bmp,0,0.2559502124786377,
DUP_J,393,03/test/ok/0352.bmp,0,0.13811154663562775,
DUP_J,394,03/test/ok/0353.bmp,0,0.2426990270614624,
DUP_J,395,03/test/ok/0354.bmp,0,0.1384194791316986,
DUP_J,396,03/test/ok/0355.bmp,0,0.20762929320335388,
DUP_J,397,03/test/ok/0356.bmp,0,0.18167662620544434,
DUP_J,398,03/test/ok/0357.bmp,0,0.1907137781381607,
DUP_J,399,03/test/ok/0358.bmp,0,0.17385564744472504,
DUP_J,400,03/test/ok/0359.bmp,0,0.22536084055900574,
DUP_J,401,03/test/ok/0360.bmp,0,0.15816643834114075,
DUP_J,402,03/test/ok/0361.bmp,0,0.21065974235534668,
DUP_J,403,03/test/ok/0362.bmp,0,0.2070365846157074,
DUP_J,404,03/test/ok/0363.bmp,0,0.1864856332540512,
DUP_J,405,03/test/ok/0364.bmp,0,0.1772409975528717,
DUP_J,406,03/test/ok/0365.bmp,0,0.17395499348640442,
DUP_J,407,03/test/ok/0366.bmp,0,0.1574726402759552,
DUP_J,408,03/test/ok/0367.bmp,0,0.16911634802818298,
DUP_J,409,03/test/ok/0368.bmp,0,0.2446528822183609,
DUP_J,410,03/test/ok/0369.bmp,0,0.18876506388187408,
DUP_J,411,03/test/ok/0370.bmp,0,0.20941060781478882,
DUP_J,412,03/test/ok/0371.bmp,0,0.21006810665130615,
DUP_J,413,03/test/ok/0372.bmp,0,0.18781204521656036,
DUP_J,414,03/test/ok/0373.bmp,0,0.1738099455833435,
DUP_J,415,03/test/ok/0374.bmp,0,0.1742151826620102,
DUP_J,416,03/test/ok/0375.bmp,0,0.20452545583248138,
DUP_J,417,03/test/ok/0376.bmp,0,0.14962726831436157,
DUP_J,418,03/test/ok/0377.bmp,0,0.18303591012954712,
DUP_J,419,03/test/ok/0378.bmp,0,0.26669397950172424,
DUP_J,420,03/test/ok/0379.bmp,0,0.20695927739143372,
DUP_J,421,03/test/ok/0380.bmp,0,0.20845907926559448,
DUP_J,422,03/test/ok/0381.bmp,0,0.18921878933906555,
DUP_J,423,03/test/ok/0382.bmp,0,0.14848941564559937,
DUP_J,424,03/test/ok/0383.bmp,0,0.26796382665634155,
DUP_J,425,03/test/ok/0384.bmp,0,0.19663295149803162,
DUP_J,426,03/test/ok/0385.bmp,0,0.1821112185716629,
DUP_J,427,03/test/ok/0386.bmp,0,0.20454782247543335,
DUP_J,428,03/test/ok/0387.bmp,0,0.2019554227590561,
DUP_J,429,03/test/ok/0388.bmp,0,0.17882344126701355,
DUP_J,430,03/test/ok/0389.bmp,0,0.18116174638271332,
DUP_J,431,03/test/ok/0390.bmp,0,0.19261354207992554,
DUP_J,432,03/test/ok/0391.bmp,0,0.1652659773826599,
DUP_J,433,03/test/ok/0392.bmp,0,0.153127983212471,
DUP_J,434,03/test/ok/0393.bmp,0,0.1731404811143875,
DUP_J,435,03/test/ok/0394.bmp,0,0.16049744188785553,
DUP_J,436,03/test/ok/0395.bmp,0,0.1644638478755951,
DUP_J,437,03/test/ok/0396.bmp,0,0.16505876183509827,
DUP_J,438,03/test/ok/0397.bmp,0,0.17203448712825775,
DUP_J,439,03/test/ok/0398.bmp,0,0.17472097277641296,
DUP_J,440,03/test/ok/0399.bmp,0,0.19402295351028442,
TRI_J,0,03/test/ko/0000.bmp,1,0.47443637251853943,0.7329937544217593
TRI_J,1,03/test/ko/0001.bmp,1,0.4691515266895294,0.8494165394705232
TRI_J,2,03/test/ko/0002.bmp,1,0.4847341477870941,0.8158926292778426
TRI_J,3,03/test/ko/0003.bmp,1,0.4666644036769867,0.8906407747250259
TRI_J,4,03/test/ko/0004.bmp,1,0.3512895107269287,0.8098006448601573
TRI_J,5,03/test/ko/0005.bmp,1,0.43641209602355957,0.8839754032240317
TRI_J,6,03/test/ko/0006.bmp,1,0.46324679255485535,0.9242880045530384
TRI_J,7,03/test/ko/0007.bmp,1,0.3279816806316376,0.848120062730912
TRI_J,8,03/test/ko/0008.bmp,1,0.4513971507549286,0.9040443548637761
TRI_J,9,03/test/ko/0009.bmp,1,0.2838863432407379,0.22785012551860612
TRI_J,10,03/test/ko/0010.bmp,1,0.3261542022228241,0.8069726145519743
TRI_J,11,03/test/ko/0011.bmp,1,0.4016375243663788,0.9350400570681566
TRI_J,12,03/test/ko/0012.bmp,1,0.27711221575737,0.4848627984861711
TRI_J,13,03/test/ko/0013.bmp,1,0.4279394745826721,0.7667652350354933
TRI_J,14,03/test/ko/0014.bmp,1,0.369862824678421,0.828391750997196
TRI_J,15,03/test/ko/0015.bmp,1,0.2686704397201538,0.9220959595959596
TRI_J,16,03/test/ko/0016.bmp,1,0.29057127237319946,0.7955405733190116
TRI_J,17,03/test/ko/0017.bmp,1,0.35915252566337585,0.9110058647964824
TRI_J,18,03/test/ko/0018.bmp,1,0.5005787014961243,0.9518833555483471
TRI_J,19,03/test/ko/0019.bmp,1,0.47095543146133423,0.9717621644667633
TRI_J,20,03/test/ko/0020.bmp,1,0.34670063853263855,0.22259421657505718
TRI_J,21,03/test/ko/0021.bmp,1,0.2358589917421341,0.0838532188788777
TRI_J,22,03/test/ko/0022.bmp,1,0.3434329926967621,0.654493761255122
TRI_J,23,03/test/ko/0023.bmp,1,0.2560434341430664,0.25625189199846743
TRI_J,24,03/test/ko/0024.bmp,1,0.3130631148815155,0.8994373674162648
TRI_J,25,03/test/ko/0025.bmp,1,0.42031416296958923,0.836948625841404
TRI_J,26,03/test/ko/0026.bmp,1,0.46901214122772217,0.9163511160742895
TRI_J,27,03/test/ko/0027.bmp,1,0.33555835485458374,0.7709175026352801
TRI_J,28,03/test/ko/0028.bmp,0,0.20359453558921814,
TRI_J,29,03/test/ko/0029.bmp,0,0.267934650182724,
TRI_J,30,03/test/ko/0030.bmp,0,0.24084307253360748,
TRI_J,31,03/test/ko/0031.bmp,0,0.2473965436220169,
TRI_J,32,03/test/ko/0032.bmp,0,0.24544794857501984,
TRI_J,33,03/test/ko/0033.bmp,0,0.19652333855628967,
TRI_J,34,03/test/ko/0034.bmp,0,0.30490121245384216,
TRI_J,35,03/test/ko/0035.bmp,0,0.2389993667602539,
TRI_J,36,03/test/ko/0036.bmp,0,0.2179204672574997,
TRI_J,37,03/test/ko/0037.bmp,0,0.20566976070404053,
TRI_J,38,03/test/ko/0038.bmp,1,0.4841744899749756,0.9593197651036113
TRI_J,39,03/test/ko/0039.bmp,1,0.2751285433769226,0.3006324630694646
TRI_J,40,03/test/ko/0040.bmp,1,0.3430631458759308,0.8722462630956745
TRI_J,41,03/test/ok/0000.bmp,0,0.16190031170845032,
TRI_J,42,03/test/ok/0001.bmp,0,0.13211937248706818,
TRI_J,43,03/test/ok/0002.bmp,0,0.23162181675434113,
TRI_J,44,03/test/ok/0003.bmp,0,0.12272091954946518,
TRI_J,45,03/test/ok/0004.bmp,0,0.15345196425914764,
TRI_J,46,03/test/ok/0005.bmp,0,0.13130652904510498,
TRI_J,47,03/test/ok/0006.bmp,0,0.18802954256534576,
TRI_J,48,03/test/ok/0007.bmp,0,0.1504809409379959,
TRI_J,49,03/test/ok/0008.bmp,0,0.1628798097372055,
TRI_J,50,03/test/ok/0009.bmp,0,0.16297763586044312,
TRI_J,51,03/test/ok/0010.bmp,0,0.17343071103096008,
TRI_J,52,03/test/ok/0011.bmp,0,0.13391393423080444,
TRI_J,53,03/test/ok/0012.bmp,0,0.1594289392232895,
TRI_J,54,03/test/ok/0013.bmp,0,0.15600156784057617,
TRI_J,55,03/test/ok/0014.bmp,0,0.21949121356010437,
TRI_J,56,03/test/ok/0015.bmp,0,0.1522233784198761,
TRI_J,57,03/test/ok/0016.bmp,0,0.1659006029367447,
TRI_J,58,03/test/ok/0017.bmp,0,0.17077094316482544,
TRI_J,59,03/test/ok/0018.bmp,0,0.19096529483795166,
TRI_J,60,03/test/ok/0019.bmp,0,0.13652674853801727,
TRI_J,61,03/test/ok/0020.bmp,0,0.1920183151960373,
TRI_J,62,03/test/ok/0021.bmp,0,0.17042644321918488,
TRI_J,63,03/test/ok/0022.bmp,0,0.16507241129875183,
TRI_J,64,03/test/ok/0023.bmp,0,0.11641781032085419,
TRI_J,65,03/test/ok/0024.bmp,0,0.17129598557949066,
TRI_J,66,03/test/ok/0025.bmp,0,0.13914601504802704,
TRI_J,67,03/test/ok/0026.bmp,0,0.1642424762248993,
TRI_J,68,03/test/ok/0027.bmp,0,0.11928584426641464,
TRI_J,69,03/test/ok/0028.bmp,0,0.15797165036201477,
TRI_J,70,03/test/ok/0029.bmp,0,0.17604273557662964,
TRI_J,71,03/test/ok/0030.bmp,0,0.16621167957782745,
TRI_J,72,03/test/ok/0031.bmp,0,0.15931405127048492,
TRI_J,73,03/test/ok/0032.bmp,0,0.40584030747413635,
TRI_J,74,03/test/ok/0033.bmp,0,0.1522945761680603,
TRI_J,75,03/test/ok/0034.bmp,0,0.21041043102741241,
TRI_J,76,03/test/ok/0035.bmp,0,0.13235624134540558,
TRI_J,77,03/test/ok/0036.bmp,0,0.20693986117839813,
TRI_J,78,03/test/ok/0037.bmp,0,0.1314111202955246,
TRI_J,79,03/test/ok/0038.bmp,0,0.173506960272789,
TRI_J,80,03/test/ok/0039.bmp,0,0.13935799896717072,
TRI_J,81,03/test/ok/0040.bmp,0,0.1753920018672943,
TRI_J,82,03/test/ok/0041.bmp,0,0.1833108514547348,
TRI_J,83,03/test/ok/0042.bmp,0,0.15023541450500488,
TRI_J,84,03/test/ok/0043.bmp,0,0.16583098471164703,
TRI_J,85,03/test/ok/0044.bmp,0,0.15570662915706635,
TRI_J,86,03/test/ok/0045.bmp,0,0.133771151304245,
TRI_J,87,03/test/ok/0046.bmp,0,0.14361253380775452,
TRI_J,88,03/test/ok/0047.bmp,0,0.11827468127012253,
TRI_J,89,03/test/ok/0048.bmp,0,0.15365250408649445,
TRI_J,90,03/test/ok/0049.bmp,0,0.1366184502840042,
TRI_J,91,03/test/ok/0050.bmp,0,0.16310276091098785,
TRI_J,92,03/test/ok/0051.bmp,0,0.1240040510892868,
TRI_J,93,03/test/ok/0052.bmp,0,0.165452778339386,
TRI_J,94,03/test/ok/0053.bmp,0,0.16458450257778168,
TRI_J,95,03/test/ok/0054.bmp,0,0.19768200814723969,
TRI_J,96,03/test/ok/0055.bmp,0,0.1576451063156128,
TRI_J,97,03/test/ok/0056.bmp,0,0.15275350213050842,
TRI_J,98,03/test/ok/0057.bmp,0,0.12056534737348557,
TRI_J,99,03/test/ok/0058.bmp,0,0.140970841050148,
TRI_J,100,03/test/ok/0059.bmp,0,0.17277638614177704,
TRI_J,101,03/test/ok/0060.bmp,0,0.15879300236701965,
TRI_J,102,03/test/ok/0061.bmp,0,0.13135471940040588,
TRI_J,103,03/test/ok/0062.bmp,0,0.14305736124515533,
TRI_J,104,03/test/ok/0063.bmp,0,0.15086007118225098,
TRI_J,105,03/test/ok/0064.bmp,0,0.17863154411315918,
TRI_J,106,03/test/ok/0065.bmp,0,0.1344269961118698,
TRI_J,107,03/test/ok/0066.bmp,0,0.17685355246067047,
TRI_J,108,03/test/ok/0067.bmp,0,0.12369127571582794,
TRI_J,109,03/test/ok/0068.bmp,0,0.20385780930519104,
TRI_J,110,03/test/ok/0069.bmp,0,0.20709247887134552,
TRI_J,111,03/test/ok/0070.bmp,0,0.20495697855949402,
TRI_J,112,03/test/ok/0071.bmp,0,0.1796542853116989,
TRI_J,113,03/test/ok/0072.bmp,0,0.13577164709568024,
TRI_J,114,03/test/ok/0073.bmp,0,0.16780374944210052,
TRI_J,115,03/test/ok/0074.bmp,0,0.1799117624759674,
TRI_J,116,03/test/ok/0075.bmp,0,0.16208070516586304,
TRI_J,117,03/test/ok/0076.bmp,0,0.16299541294574738,
TRI_J,118,03/test/ok/0077.bmp,0,0.1849348098039627,
TRI_J,119,03/test/ok/0078.bmp,0,0.1570006012916565,
TRI_J,120,03/test/ok/0079.bmp,0,0.15240979194641113,
TRI_J,121,03/test/ok/0080.bmp,0,0.1520264446735382,
TRI_J,122,03/test/ok/0081.bmp,0,0.15617063641548157,
TRI_J,123,03/test/ok/0082.bmp,0,0.14591197669506073,
TRI_J,124,03/test/ok/0083.bmp,0,0.10451935976743698,
TRI_J,125,03/test/ok/0084.bmp,0,0.1693921536207199,
TRI_J,126,03/test/ok/0085.bmp,0,0.12784792482852936,
TRI_J,127,03/test/ok/0086.bmp,0,0.15335339307785034,
TRI_J,128,03/test/ok/0087.bmp,0,0.15597032010555267,
TRI_J,129,03/test/ok/0088.bmp,0,0.1619519740343094,
TRI_J,130,03/test/ok/0089.bmp,0,0.13208016753196716,
TRI_J,131,03/test/ok/0090.bmp,0,0.17038626968860626,
TRI_J,132,03/test/ok/0091.bmp,0,0.15396292507648468,
TRI_J,133,03/test/ok/0092.bmp,0,0.18298767507076263,
TRI_J,134,03/test/ok/0093.bmp,0,0.14714808762073517,
TRI_J,135,03/test/ok/0094.bmp,0,0.15226958692073822,
TRI_J,136,03/test/ok/0095.bmp,0,0.11207433044910431,
TRI_J,137,03/test/ok/0096.bmp,0,0.19078272581100464,
TRI_J,138,03/test/ok/0097.bmp,0,0.1493428349494934,
TRI_J,139,03/test/ok/0098.bmp,0,0.1515047401189804,
TRI_J,140,03/test/ok/0099.bmp,0,0.1577608585357666,
TRI_J,141,03/test/ok/0100.bmp,0,0.14427292346954346,
TRI_J,142,03/test/ok/0101.bmp,0,0.18141020834445953,
TRI_J,143,03/test/ok/0102.bmp,0,0.20591263473033905,
TRI_J,144,03/test/ok/0103.bmp,0,0.1302456557750702,
TRI_J,145,03/test/ok/0104.bmp,0,0.1748540848493576,
TRI_J,146,03/test/ok/0105.bmp,0,0.1417773813009262,
TRI_J,147,03/test/ok/0106.bmp,0,0.17098255455493927,
TRI_J,148,03/test/ok/0107.bmp,0,0.13984209299087524,
TRI_J,149,03/test/ok/0108.bmp,0,0.16667458415031433,
TRI_J,150,03/test/ok/0109.bmp,0,0.14389869570732117,
TRI_J,151,03/test/ok/0110.bmp,0,0.243429034948349,
TRI_J,152,03/test/ok/0111.bmp,0,0.1499151587486267,
TRI_J,153,03/test/ok/0112.bmp,0,0.1619032323360443,
TRI_J,154,03/test/ok/0113.bmp,0,0.18692468106746674,
TRI_J,155,03/test/ok/0114.bmp,0,0.1627715528011322,
TRI_J,156,03/test/ok/0115.bmp,0,0.1261289417743683,
TRI_J,157,03/test/ok/0116.bmp,0,0.161829873919487,
TRI_J,158,03/test/ok/0117.bmp,0,0.13030390441417694,
TRI_J,159,03/test/ok/0118.bmp,0,0.16369888186454773,
TRI_J,160,03/test/ok/0119.bmp,0,0.1250191330909729,
TRI_J,161,03/test/ok/0120.bmp,0,0.14951859414577484,
TRI_J,162,03/test/ok/0121.bmp,0,0.1632959246635437,
TRI_J,163,03/test/ok/0122.bmp,0,0.13792648911476135,
TRI_J,164,03/test/ok/0123.bmp,0,0.14859388768672943,
TRI_J,165,03/test/ok/0124.bmp,0,0.14717622101306915,
TRI_J,166,03/test/ok/0125.bmp,0,0.12827613949775696,
TRI_J,167,03/test/ok/0126.bmp,0,0.15312077105045319,
TRI_J,168,03/test/ok/0127.bmp,0,0.12594835460186005,
TRI_J,169,03/test/ok/0128.bmp,0,0.15442165732383728,
TRI_J,170,03/test/ok/0129.bmp,0,0.137576624751091,
TRI_J,171,03/test/ok/0130.bmp,0,0.1482754945755005,
TRI_J,172,03/test/ok/0131.bmp,0,0.13746130466461182,
TRI_J,173,03/test/ok/0132.bmp,0,0.15047545731067657,
TRI_J,174,03/test/ok/0133.bmp,0,0.13520263135433197,
TRI_J,175,03/test/ok/0134.bmp,0,0.14132267236709595,
TRI_J,176,03/test/ok/0135.bmp,0,0.14053089916706085,
TRI_J,177,03/test/ok/0136.bmp,0,0.161630779504776,
TRI_J,178,03/test/ok/0137.bmp,0,0.12461281567811966,
TRI_J,179,03/test/ok/0138.bmp,0,0.15525725483894348,
TRI_J,180,03/test/ok/0139.bmp,0,0.13715389370918274,
TRI_J,181,03/test/ok/0140.bmp,0,0.16648681461811066,
TRI_J,182,03/test/ok/0141.bmp,0,0.1458822637796402,
TRI_J,183,03/test/ok/0142.bmp,0,0.17383356392383575,
TRI_J,184,03/test/ok/0143.bmp,0,0.1391191929578781,
TRI_J,185,03/test/ok/0144.bmp,0,0.15514333546161652,
TRI_J,186,03/test/ok/0145.bmp,0,0.12259573489427567,
TRI_J,187,03/test/ok/0146.bmp,0,0.16369017958641052,
TRI_J,188,03/test/ok/0147.bmp,0,0.21254558861255646,
TRI_J,189,03/test/ok/0148.bmp,0,0.19926559925079346,
TRI_J,190,03/test/ok/0149.bmp,0,0.12356234341859818,
TRI_J,191,03/test/ok/0150.bmp,0,0.15361924469470978,
TRI_J,192,03/test/ok/0151.bmp,0,0.17764367163181305,
TRI_J,193,03/test/ok/0152.bmp,0,0.1384349912405014,
TRI_J,194,03/test/ok/0153.bmp,0,0.1504015326499939,
TRI_J,195,03/test/ok/0154.bmp,0,0.15760041773319244,
TRI_J,196,03/test/ok/0155.bmp,0,0.19600526988506317,
TRI_J,197,03/test/ok/0156.bmp,0,0.15151266753673553,
TRI_J,198,03/test/ok/0157.bmp,0,0.12953762710094452,
TRI_J,199,03/test/ok/0158.bmp,0,0.15656092762947083,
TRI_J,200,03/test/ok/0159.bmp,0,0.13347692787647247,
TRI_J,201,03/test/ok/0160.bmp,0,0.16634629666805267,
TRI_J,202,03/test/ok/0161.bmp,0,0.13360926508903503,
TRI_J,203,03/test/ok/0162.bmp,0,0.12929363548755646,
TRI_J,204,03/test/ok/0163.bmp,0,0.12753091752529144,
TRI_J,205,03/test/ok/0164.bmp,0,0.170256569981575,
TRI_J,206,03/test/ok/0165.bmp,0,0.14787110686302185,
TRI_J,207,03/test/ok/0166.bmp,0,0.2023586481809616,
TRI_J,208,03/test/ok/0167.bmp,0,0.11772727966308594,
TRI_J,209,03/test/ok/0168.bmp,0,0.1740824580192566,
TRI_J,210,03/test/ok/0169.bmp,0,0.14207008481025696,
TRI_J,211,03/test/ok/0170.bmp,0,0.14256775379180908,
TRI_J,212,03/test/ok/0171.bmp,0,0.14811298251152039,
TRI_J,213,03/test/ok/0172.bmp,0,0.1878531575202942,
TRI_J,214,03/test/ok/0173.bmp,0,0.14772282540798187,
TRI_J,215,03/test/ok/0174.bmp,0,0.15190483629703522,
TRI_J,216,03/test/ok/0175.bmp,0,0.11559295654296875,
TRI_J,217,03/test/ok/0176.bmp,0,0.1472824066877365,
TRI_J,218,03/test/ok/0177.bmp,0,0.1481933891773224,
TRI_J,219,03/test/ok/0178.bmp,0,0.145128533244133,
TRI_J,220,03/test/ok/0179.bmp,0,0.11652610450983047,
TRI_J,221,03/test/ok/0180.bmp,0,0.1850641667842865,
TRI_J,222,03/test/ok/0181.bmp,0,0.14094671607017517,
TRI_J,223,03/test/ok/0182.bmp,0,0.21182885766029358,
TRI_J,224,03/test/ok/0183.bmp,0,0.11933887749910355,
TRI_J,225,03/test/ok/0184.bmp,0,0.1884274184703827,
TRI_J,226,03/test/ok/0185.bmp,0,0.1371069848537445,
TRI_J,227,03/test/ok/0186.bmp,0,0.16619478166103363,
TRI_J,228,03/test/ok/0187.bmp,0,0.14569221436977386,
TRI_J,229,03/test/ok/0188.bmp,0,0.14421740174293518,
TRI_J,230,03/test/ok/0189.bmp,0,0.12716545164585114,
TRI_J,231,03/test/ok/0190.bmp,0,0.14280086755752563,
TRI_J,232,03/test/ok/0191.bmp,0,0.11195352673530579,
TRI_J,233,03/test/ok/0192.bmp,0,0.1899983286857605,
TRI_J,234,03/test/ok/0193.bmp,0,0.16390268504619598,
TRI_J,235,03/test/ok/0194.bmp,0,0.1561950296163559,
TRI_J,236,03/test/ok/0195.bmp,0,0.14288277924060822,
TRI_J,237,03/test/ok/0196.bmp,0,0.15645521879196167,
TRI_J,238,03/test/ok/0197.bmp,0,0.14635078608989716,
TRI_J,239,03/test/ok/0198.bmp,0,0.1630454659461975,
TRI_J,240,03/test/ok/0199.bmp,0,0.13146549463272095,
TRI_J,241,03/test/ok/0200.bmp,0,0.13527046144008636,
TRI_J,242,03/test/ok/0201.bmp,0,0.13572658598423004,
TRI_J,243,03/test/ok/0202.bmp,0,0.1540055274963379,
TRI_J,244,03/test/ok/0203.bmp,0,0.13409757614135742,
TRI_J,245,03/test/ok/0204.bmp,0,0.17895282804965973,
TRI_J,246,03/test/ok/0205.bmp,0,0.23007671535015106,
TRI_J,247,03/test/ok/0206.bmp,0,0.21283239126205444,
TRI_J,248,03/test/ok/0207.bmp,0,0.13543248176574707,
TRI_J,249,03/test/ok/0208.bmp,0,0.15278692543506622,
TRI_J,250,03/test/ok/0209.bmp,0,0.13784892857074738,
TRI_J,251,03/test/ok/0210.bmp,0,0.17678511142730713,
TRI_J,252,03/test/ok/0211.bmp,0,0.11752685159444809,
TRI_J,253,03/test/ok/0212.bmp,0,0.17833662033081055,
TRI_J,254,03/test/ok/0213.bmp,0,0.15222255885601044,
TRI_J,255,03/test/ok/0214.bmp,0,0.1468677669763565,
TRI_J,256,03/test/ok/0215.bmp,0,0.14693520963191986,
TRI_J,257,03/test/ok/0216.bmp,0,0.15701507031917572,
TRI_J,258,03/test/ok/0217.bmp,0,0.12622009217739105,
TRI_J,259,03/test/ok/0218.bmp,0,0.15877313911914825,
TRI_J,260,03/test/ok/0219.bmp,0,0.1453460156917572,
TRI_J,261,03/test/ok/0220.bmp,0,0.17379595339298248,
TRI_J,262,03/test/ok/0221.bmp,0,0.11782191693782806,
TRI_J,263,03/test/ok/0222.bmp,0,0.15978503227233887,
TRI_J,264,03/test/ok/0223.bmp,0,0.12618520855903625,
TRI_J,265,03/test/ok/0224.bmp,0,0.14787544310092926,
TRI_J,266,03/test/ok/0225.bmp,0,0.13203369081020355,
TRI_J,267,03/test/ok/0226.bmp,0,0.17108775675296783,
TRI_J,268,03/test/ok/0227.bmp,0,0.147226944565773,
TRI_J,269,03/test/ok/0228.bmp,0,0.16358882188796997,
TRI_J,270,03/test/ok/0229.bmp,0,0.1355080008506775,
TRI_J,271,03/test/ok/0230.bmp,0,0.1607298105955124,
TRI_J,272,03/test/ok/0231.bmp,0,0.13604141771793365,
TRI_J,273,03/test/ok/0232.bmp,0,0.17288616299629211,
TRI_J,274,03/test/ok/0233.bmp,0,0.12067849189043045,
TRI_J,275,03/test/ok/0234.bmp,0,0.20422416925430298,
TRI_J,276,03/test/ok/0235.bmp,0,0.12797583639621735,
TRI_J,277,03/test/ok/0236.bmp,0,0.19454126060009003,
TRI_J,278,03/test/ok/0237.bmp,0,0.1389768272638321,
TRI_J,279,03/test/ok/0238.bmp,0,0.1526406854391098,
TRI_J,280,03/test/ok/0239.bmp,0,0.11371760070323944,
TRI_J,281,03/test/ok/0240.bmp,0,0.17216756939888,
TRI_J,282,03/test/ok/0241.bmp,0,0.15335775911808014,
TRI_J,283,03/test/ok/0242.bmp,0,0.15753936767578125,
TRI_J,284,03/test/ok/0243.bmp,0,0.2895680367946625,
TRI_J,285,03/test/ok/0244.bmp,0,0.20394070446491241,
TRI_J,286,03/test/ok/0245.bmp,0,0.14930471777915955,
TRI_J,287,03/test/ok/0246.bmp,0,0.1630813181400299,
TRI_J,288,03/test/ok/0247.bmp,0,0.13111211359500885,
TRI_J,289,03/test/ok/0248.bmp,0,0.14225412905216217,
TRI_J,290,03/test/ok/0249.bmp,0,0.1565881371498108,
TRI_J,291,03/test/ok/0250.bmp,0,0.14518071711063385,
TRI_J,292,03/test/ok/0251.bmp,0,0.14411991834640503,
TRI_J,293,03/test/ok/0252.bmp,0,0.1814689338207245,
TRI_J,294,03/test/ok/0253.bmp,0,0.1379818320274353,
TRI_J,295,03/test/ok/0254.bmp,0,0.20218192040920258,
TRI_J,296,03/test/ok/0255.bmp,0,0.15713773667812347,
TRI_J,297,03/test/ok/0256.bmp,0,0.1670590341091156,
TRI_J,298,03/test/ok/0257.bmp,0,0.1303691864013672,
TRI_J,299,03/test/ok/0258.bmp,0,0.16877558827400208,
TRI_J,300,03/test/ok/0259.bmp,0,0.11580359190702438,
TRI_J,301,03/test/ok/0260.bmp,0,0.16594786942005157,
TRI_J,302,03/test/ok/0261.bmp,0,0.1804826706647873,
TRI_J,303,03/test/ok/0262.bmp,0,0.15672831237316132,
TRI_J,304,03/test/ok/0263.bmp,0,0.15642322599887848,
TRI_J,305,03/test/ok/0264.bmp,0,0.16657611727714539,
TRI_J,306,03/test/ok/0265.bmp,0,0.16549091041088104,
TRI_J,307,03/test/ok/0266.bmp,0,0.1673261523246765,
TRI_J,308,03/test/ok/0267.bmp,0,0.13224634528160095,
TRI_J,309,03/test/ok/0268.bmp,0,0.16979993879795074,
TRI_J,310,03/test/ok/0269.bmp,0,0.12062030285596848,
TRI_J,311,03/test/ok/0270.bmp,0,0.1818583458662033,
TRI_J,312,03/test/ok/0271.bmp,0,0.1444058120250702,
TRI_J,313,03/test/ok/0272.bmp,0,0.1395084261894226,
TRI_J,314,03/test/ok/0273.bmp,0,0.13646738231182098,
TRI_J,315,03/test/ok/0274.bmp,0,0.16606289148330688,
TRI_J,316,03/test/ok/0275.bmp,0,0.14245539903640747,
TRI_J,317,03/test/ok/0276.bmp,0,0.15774524211883545,
TRI_J,318,03/test/ok/0277.bmp,0,0.14833199977874756,
TRI_J,319,03/test/ok/0278.bmp,0,0.14611905813217163,
TRI_J,320,03/test/ok/0279.bmp,0,0.13786011934280396,
TRI_J,321,03/test/ok/0280.bmp,0,0.20455330610275269,
TRI_J,322,03/test/ok/0281.bmp,0,0.1529601514339447,
TRI_J,323,03/test/ok/0282.bmp,0,0.16972047090530396,
TRI_J,324,03/test/ok/0283.bmp,0,0.21066613495349884,
TRI_J,325,03/test/ok/0284.bmp,0,0.17192396521568298,
TRI_J,326,03/test/ok/0285.bmp,0,0.12313791364431381,
TRI_J,327,03/test/ok/0286.bmp,0,0.1665361225605011,
TRI_J,328,03/test/ok/0287.bmp,0,0.17688530683517456,
TRI_J,329,03/test/ok/0288.bmp,0,0.1672668159008026,
TRI_J,330,03/test/ok/0289.bmp,0,0.17119458317756653,
TRI_J,331,03/test/ok/0290.bmp,0,0.1634494662284851,
TRI_J,332,03/test/ok/0291.bmp,0,0.14275765419006348,
TRI_J,333,03/test/ok/0292.bmp,0,0.1760791838169098,
TRI_J,334,03/test/ok/0293.bmp,0,0.11376208066940308,
TRI_J,335,03/test/ok/0294.bmp,0,0.1770453304052353,
TRI_J,336,03/test/ok/0295.bmp,0,0.14431364834308624,
TRI_J,337,03/test/ok/0296.bmp,0,0.19032126665115356,
TRI_J,338,03/test/ok/0297.bmp,0,0.16110993921756744,
TRI_J,339,03/test/ok/0298.bmp,0,0.1587776392698288,
TRI_J,340,03/test/ok/0299.bmp,0,0.14148159325122833,
TRI_J,341,03/test/ok/0300.bmp,0,0.13565456867218018,
TRI_J,342,03/test/ok/0301.bmp,0,0.1483026146888733,
TRI_J,343,03/test/ok/0302.bmp,0,0.1637040376663208,
TRI_J,344,03/test/ok/0303.bmp,0,0.1695602834224701,
TRI_J,345,03/test/ok/0304.bmp,0,0.17257408797740936,
TRI_J,346,03/test/ok/0305.bmp,0,0.16114109754562378,
TRI_J,347,03/test/ok/0306.bmp,0,0.17539414763450623,
TRI_J,348,03/test/ok/0307.bmp,0,0.16570882499217987,
TRI_J,349,03/test/ok/0308.bmp,0,0.15871158242225647,
TRI_J,350,03/test/ok/0309.bmp,0,0.17962412536144257,
TRI_J,351,03/test/ok/0310.bmp,0,0.18957525491714478,
TRI_J,352,03/test/ok/0311.bmp,0,0.14330218732357025,
TRI_J,353,03/test/ok/0312.bmp,0,0.1536896526813507,
TRI_J,354,03/test/ok/0313.bmp,0,0.16921696066856384,
TRI_J,355,03/test/ok/0314.bmp,0,0.17619654536247253,
TRI_J,356,03/test/ok/0315.bmp,0,0.16463501751422882,
TRI_J,357,03/test/ok/0316.bmp,0,0.14014801383018494,
TRI_J,358,03/test/ok/0317.bmp,0,0.17485836148262024,
TRI_J,359,03/test/ok/0318.bmp,0,0.15559090673923492,
TRI_J,360,03/test/ok/0319.bmp,0,0.13302336633205414,
TRI_J,361,03/test/ok/0320.bmp,0,0.16665229201316833,
TRI_J,362,03/test/ok/0321.bmp,0,0.15108665823936462,
TRI_J,363,03/test/ok/0322.bmp,0,0.16063976287841797,
TRI_J,364,03/test/ok/0323.bmp,0,0.17014548182487488,
TRI_J,365,03/test/ok/0324.bmp,0,0.15308931469917297,
TRI_J,366,03/test/ok/0325.bmp,0,0.16056518256664276,
TRI_J,367,03/test/ok/0326.bmp,0,0.14949767291545868,
TRI_J,368,03/test/ok/0327.bmp,0,0.16109909117221832,
TRI_J,369,03/test/ok/0328.bmp,0,0.19329582154750824,
TRI_J,370,03/test/ok/0329.bmp,0,0.17195434868335724,
TRI_J,371,03/test/ok/0330.bmp,0,0.13394424319267273,
TRI_J,372,03/test/ok/0331.bmp,0,0.20407319068908691,
TRI_J,373,03/test/ok/0332.bmp,0,0.14850527048110962,
TRI_J,374,03/test/ok/0333.bmp,0,0.1428530514240265,
TRI_J,375,03/test/ok/0334.bmp,0,0.16851620376110077,
TRI_J,376,03/test/ok/0335.bmp,0,0.1526731699705124,
TRI_J,377,03/test/ok/0336.bmp,0,0.14091230928897858,
TRI_J,378,03/test/ok/0337.bmp,0,0.13922825455665588,
TRI_J,379,03/test/ok/0338.bmp,0,0.1682531088590622,
TRI_J,380,03/test/ok/0339.bmp,0,0.17035016417503357,
TRI_J,381,03/test/ok/0340.bmp,0,0.15453892946243286,
TRI_J,382,03/test/ok/0341.bmp,0,0.1469208300113678,
TRI_J,383,03/test/ok/0342.bmp,0,0.137950137257576,
TRI_J,384,03/test/ok/0343.bmp,0,0.19391405582427979,
TRI_J,385,03/test/ok/0344.bmp,0,0.16296754777431488,
TRI_J,386,03/test/ok/0345.bmp,0,0.23162682354450226,
TRI_J,387,03/test/ok/0346.bmp,0,0.1492995172739029,
TRI_J,388,03/test/ok/0347.bmp,0,0.1343577802181244,
TRI_J,389,03/test/ok/0348.bmp,0,0.16691799461841583,
TRI_J,390,03/test/ok/0349.bmp,0,0.15444448590278625,
TRI_J,391,03/test/ok/0350.bmp,0,0.17522203922271729,
TRI_J,392,03/test/ok/0351.bmp,0,0.23815496265888214,
TRI_J,393,03/test/ok/0352.bmp,0,0.11787855625152588,
TRI_J,394,03/test/ok/0353.bmp,0,0.2026129961013794,
TRI_J,395,03/test/ok/0354.bmp,0,0.12217884510755539,
TRI_J,396,03/test/ok/0355.bmp,0,0.17071592807769775,
TRI_J,397,03/test/ok/0356.bmp,0,0.18444420397281647,
TRI_J,398,03/test/ok/0357.bmp,0,0.16231605410575867,
TRI_J,399,03/test/ok/0358.bmp,0,0.16598932445049286,
TRI_J,400,03/test/ok/0359.bmp,0,0.17075876891613007,
TRI_J,401,03/test/ok/0360.bmp,0,0.14092770218849182,
TRI_J,402,03/test/ok/0361.bmp,0,0.17135590314865112,
TRI_J,403,03/test/ok/0362.bmp,0,0.1614639163017273,
TRI_J,404,03/test/ok/0363.bmp,0,0.15853530168533325,
TRI_J,405,03/test/ok/0364.bmp,0,0.17451737821102142,
TRI_J,406,03/test/ok/0365.bmp,0,0.1453912854194641,
TRI_J,407,03/test/ok/0366.bmp,0,0.1326439380645752,
TRI_J,408,03/test/ok/0367.bmp,0,0.16019649803638458,
TRI_J,409,03/test/ok/0368.bmp,0,0.20642079412937164,
TRI_J,410,03/test/ok/0369.bmp,0,0.16409823298454285,
TRI_J,411,03/test/ok/0370.bmp,0,0.1717141568660736,
TRI_J,412,03/test/ok/0371.bmp,0,0.17934061586856842,
TRI_J,413,03/test/ok/0372.bmp,0,0.18027934432029724,
TRI_J,414,03/test/ok/0373.bmp,0,0.15726429224014282,
TRI_J,415,03/test/ok/0374.bmp,0,0.16562119126319885,
TRI_J,416,03/test/ok/0375.bmp,0,0.1627994328737259,
TRI_J,417,03/test/ok/0376.bmp,0,0.13993233442306519,
TRI_J,418,03/test/ok/0377.bmp,0,0.15907208621501923,
TRI_J,419,03/test/ok/0378.bmp,0,0.22557592391967773,
TRI_J,420,03/test/ok/0379.bmp,0,0.18209314346313477,
TRI_J,421,03/test/ok/0380.bmp,0,0.18604448437690735,
TRI_J,422,03/test/ok/0381.bmp,0,0.16369828581809998,
TRI_J,423,03/test/ok/0382.bmp,0,0.12644024193286896,
TRI_J,424,03/test/ok/0383.bmp,0,0.23204995691776276,
TRI_J,425,03/test/ok/0384.bmp,0,0.18908771872520447,
TRI_J,426,03/test/ok/0385.bmp,0,0.18635395169258118,
TRI_J,427,03/test/ok/0386.bmp,0,0.18872575461864471,
TRI_J,428,03/test/ok/0387.bmp,0,0.1710878610610962,
TRI_J,429,03/test/ok/0388.bmp,0,0.15707911550998688,
TRI_J,430,03/test/ok/0389.bmp,0,0.1943885236978531,
TRI_J,431,03/test/ok/0390.bmp,0,0.17771396040916443,
TRI_J,432,03/test/ok/0391.bmp,0,0.16308964788913727,
TRI_J,433,03/test/ok/0392.bmp,0,0.12699268758296967,
TRI_J,434,03/test/ok/0393.bmp,0,0.15730802714824677,
TRI_J,435,03/test/ok/0394.bmp,0,0.1651228666305542,
TRI_J,436,03/test/ok/0395.bmp,0,0.1549341082572937,
TRI_J,437,03/test/ok/0396.bmp,0,0.15439052879810333,
TRI_J,438,03/test/ok/0397.bmp,0,0.1627444624900818,
TRI_J,439,03/test/ok/0398.bmp,0,0.1454927623271942,
TRI_J,440,03/test/ok/0399.bmp,0,0.18633076548576355,
BAL_J,0,03/test/ko/0000.bmp,1,0.3820222318172455,0.7309281723449673
BAL_J,1,03/test/ko/0001.bmp,1,0.39121946692466736,0.8404022113179488
BAL_J,2,03/test/ko/0002.bmp,1,0.4008566737174988,0.8212041818906689
BAL_J,3,03/test/ko/0003.bmp,1,0.37433934211730957,0.9090983558464643
BAL_J,4,03/test/ko/0004.bmp,1,0.28684982657432556,0.6842445061331212
BAL_J,5,03/test/ko/0005.bmp,1,0.36953026056289673,0.8801744935729525
BAL_J,6,03/test/ko/0006.bmp,1,0.40519189834594727,0.9020145611553276
BAL_J,7,03/test/ko/0007.bmp,1,0.26889026165008545,0.8554185356239173
BAL_J,8,03/test/ko/0008.bmp,1,0.3923003673553467,0.9271833350629882
BAL_J,9,03/test/ko/0009.bmp,1,0.23154297471046448,0.2560213055857534
BAL_J,10,03/test/ko/0010.bmp,1,0.26619789004325867,0.78329311870295
BAL_J,11,03/test/ko/0011.bmp,1,0.32303595542907715,0.91794332716929
BAL_J,12,03/test/ko/0012.bmp,1,0.25592562556266785,0.18006000728348381
BAL_J,13,03/test/ko/0013.bmp,1,0.34119659662246704,0.7837949048593
BAL_J,14,03/test/ko/0014.bmp,1,0.29967933893203735,0.8110605665725072
BAL_J,15,03/test/ko/0015.bmp,1,0.2203768491744995,0.9412878787878788
BAL_J,16,03/test/ko/0016.bmp,1,0.24313589930534363,0.8328845993858223
BAL_J,17,03/test/ko/0017.bmp,1,0.29520103335380554,0.8704767309180522
BAL_J,18,03/test/ko/0018.bmp,1,0.4416635036468506,0.9536313770796887
BAL_J,19,03/test/ko/0019.bmp,1,0.40108683705329895,0.9693050904969035
BAL_J,20,03/test/ko/0020.bmp,1,0.2866753339767456,0.21427405992282952
BAL_J,21,03/test/ko/0021.bmp,1,0.19252276420593262,0.09979154066187362
BAL_J,22,03/test/ko/0022.bmp,1,0.2828748822212219,0.6470735020865136
BAL_J,23,03/test/ko/0023.bmp,1,0.21151702105998993,0.30756235751056515
BAL_J,24,03/test/ko/0024.bmp,1,0.2731533944606781,0.9006398659896546
BAL_J,25,03/test/ko/0025.bmp,1,0.35500380396842957,0.8454095114804521
BAL_J,26,03/test/ko/0026.bmp,1,0.3956597149372101,0.924620319179837
BAL_J,27,03/test/ko/0027.bmp,1,0.3104282319545746,0.7749128405634591
BAL_J,28,03/test/ko/0028.bmp,0,0.1686488389968872,
BAL_J,29,03/test/ko/0029.bmp,0,0.21659430861473083,
BAL_J,30,03/test/ko/0030.bmp,0,0.26462143659591675,
BAL_J,31,03/test/ko/0031.bmp,0,0.21433000266551971,
BAL_J,32,03/test/ko/0032.bmp,0,0.1972246617078781,
BAL_J,33,03/test/ko/0033.bmp,0,0.15977849066257477,
BAL_J,34,03/test/ko/0034.bmp,0,0.25103119015693665,
BAL_J,35,03/test/ko/0035.bmp,0,0.24902458488941193,
BAL_J,36,03/test/ko/0036.bmp,0,0.17779935896396637,
BAL_J,37,03/test/ko/0037.bmp,0,0.17975808680057526,
BAL_J,38,03/test/ko/0038.bmp,1,0.4052092134952545,0.953871368433438
BAL_J,39,03/test/ko/0039.bmp,1,0.23769906163215637,0.3025098007787272
BAL_J,40,03/test/ko/0040.bmp,1,0.2908588945865631,0.8879689925539392
BAL_J,41,03/test/ok/0000.bmp,0,0.14099423587322235,
BAL_J,42,03/test/ok/0001.bmp,0,0.11035856604576111,
BAL_J,43,03/test/ok/0002.bmp,0,0.25638896226882935,
BAL_J,44,03/test/ok/0003.bmp,0,0.11198147386312485,
BAL_J,45,03/test/ok/0004.bmp,0,0.16197286546230316,
BAL_J,46,03/test/ok/0005.bmp,0,0.10849374532699585,
BAL_J,47,03/test/ok/0006.bmp,0,0.18217384815216064,
BAL_J,48,03/test/ok/0007.bmp,0,0.16628769040107727,
BAL_J,49,03/test/ok/0008.bmp,0,0.1754845678806305,
BAL_J,50,03/test/ok/0009.bmp,0,0.14001215994358063,
BAL_J,51,03/test/ok/0010.bmp,0,0.14331308007240295,
BAL_J,52,03/test/ok/0011.bmp,0,0.11730670183897018,
BAL_J,53,03/test/ok/0012.bmp,0,0.12908925116062164,
BAL_J,54,03/test/ok/0013.bmp,0,0.12643450498580933,
BAL_J,55,03/test/ok/0014.bmp,0,0.24187590181827545,
BAL_J,56,03/test/ok/0015.bmp,0,0.12559376657009125,
BAL_J,57,03/test/ok/0016.bmp,0,0.13699348270893097,
BAL_J,58,03/test/ok/0017.bmp,0,0.15806828439235687,
BAL_J,59,03/test/ok/0018.bmp,0,0.15689639747142792,
BAL_J,60,03/test/ok/0019.bmp,0,0.11689800024032593,
BAL_J,61,03/test/ok/0020.bmp,0,0.1531403809785843,
BAL_J,62,03/test/ok/0021.bmp,0,0.1451633721590042,
BAL_J,63,03/test/ok/0022.bmp,0,0.13703109323978424,
BAL_J,64,03/test/ok/0023.bmp,0,0.09725633263587952,
BAL_J,65,03/test/ok/0024.bmp,0,0.13871273398399353,
BAL_J,66,03/test/ok/0025.bmp,0,0.11777808517217636,
BAL_J,67,03/test/ok/0026.bmp,0,0.18679845333099365,
BAL_J,68,03/test/ok/0027.bmp,0,0.10060843825340271,
BAL_J,69,03/test/ok/0028.bmp,0,0.12497486919164658,
BAL_J,70,03/test/ok/0029.bmp,0,0.1481754630804062,
BAL_J,71,03/test/ok/0030.bmp,0,0.13947075605392456,
BAL_J,72,03/test/ok/0031.bmp,0,0.16268764436244965,
BAL_J,73,03/test/ok/0032.bmp,0,0.34795114398002625,
BAL_J,74,03/test/ok/0033.bmp,0,0.12466511130332947,
BAL_J,75,03/test/ok/0034.bmp,0,0.2219516485929489,
BAL_J,76,03/test/ok/0035.bmp,0,0.10659153759479523,
BAL_J,77,03/test/ok/0036.bmp,0,0.18132109940052032,
BAL_J,78,03/test/ok/0037.bmp,0,0.1075759157538414,
BAL_J,79,03/test/ok/0038.bmp,0,0.1403142362833023,
BAL_J,80,03/test/ok/0039.bmp,0,0.11477705091238022,
BAL_J,81,03/test/ok/0040.bmp,0,0.1420026421546936,
BAL_J,82,03/test/ok/0041.bmp,0,0.1620284765958786,
BAL_J,83,03/test/ok/0042.bmp,0,0.1254568099975586,
BAL_J,84,03/test/ok/0043.bmp,0,0.17705106735229492,
BAL_J,85,03/test/ok/0044.bmp,0,0.13210296630859375,
BAL_J,86,03/test/ok/0045.bmp,0,0.1101909950375557,
BAL_J,87,03/test/ok/0046.bmp,0,0.12270206212997437,
BAL_J,88,03/test/ok/0047.bmp,0,0.10369383543729782,
BAL_J,89,03/test/ok/0048.bmp,0,0.12553749978542328,
BAL_J,90,03/test/ok/0049.bmp,0,0.12948623299598694,
BAL_J,91,03/test/ok/0050.bmp,0,0.13792984187602997,
BAL_J,92,03/test/ok/0051.bmp,0,0.11988869309425354,
BAL_J,93,03/test/ok/0052.bmp,0,0.13279740512371063,
BAL_J,94,03/test/ok/0053.bmp,0,0.1858326643705368,
BAL_J,95,03/test/ok/0054.bmp,0,0.20678192377090454,
BAL_J,96,03/test/ok/0055.bmp,0,0.13184303045272827,
BAL_J,97,03/test/ok/0056.bmp,0,0.12980209290981293,
BAL_J,98,03/test/ok/0057.bmp,0,0.10635470598936081,
BAL_J,99,03/test/ok/0058.bmp,0,0.12049806118011475,
BAL_J,100,03/test/ok/0059.bmp,0,0.14453746378421783,
BAL_J,101,03/test/ok/0060.bmp,0,0.1301664412021637,
BAL_J,102,03/test/ok/0061.bmp,0,0.10907947272062302,
BAL_J,103,03/test/ok/0062.bmp,0,0.11828833073377609,
BAL_J,104,03/test/ok/0063.bmp,0,0.12625141441822052,
BAL_J,105,03/test/ok/0064.bmp,0,0.144351989030838,
BAL_J,106,03/test/ok/0065.bmp,0,0.11664635688066483,
BAL_J,107,03/test/ok/0066.bmp,0,0.14772628247737885,
BAL_J,108,03/test/ok/0067.bmp,0,0.106118343770504,
BAL_J,109,03/test/ok/0068.bmp,0,0.21988947689533234,
BAL_J,110,03/test/ok/0069.bmp,0,0.17437395453453064,
BAL_J,111,03/test/ok/0070.bmp,0,0.16044887900352478,
BAL_J,112,03/test/ok/0071.bmp,0,0.1477363258600235,
BAL_J,113,03/test/ok/0072.bmp,0,0.1184421256184578,
BAL_J,114,03/test/ok/0073.bmp,0,0.14706888794898987,
BAL_J,115,03/test/ok/0074.bmp,0,0.14325940608978271,
BAL_J,116,03/test/ok/0075.bmp,0,0.14683321118354797,
BAL_J,117,03/test/ok/0076.bmp,0,0.13024203479290009,
BAL_J,118,03/test/ok/0077.bmp,0,0.17927883565425873,
BAL_J,119,03/test/ok/0078.bmp,0,0.12724390625953674,
BAL_J,120,03/test/ok/0079.bmp,0,0.12311122566461563,
BAL_J,121,03/test/ok/0080.bmp,0,0.12407802790403366,
BAL_J,122,03/test/ok/0081.bmp,0,0.13146069645881653,
BAL_J,123,03/test/ok/0082.bmp,0,0.14055068790912628,
BAL_J,124,03/test/ok/0083.bmp,0,0.09080850332975388,
BAL_J,125,03/test/ok/0084.bmp,0,0.13844475150108337,
BAL_J,126,03/test/ok/0085.bmp,0,0.14162828028202057,
BAL_J,127,03/test/ok/0086.bmp,0,0.13286323845386505,
BAL_J,128,03/test/ok/0087.bmp,0,0.13265353441238403,
BAL_J,129,03/test/ok/0088.bmp,0,0.13465647399425507,
BAL_J,130,03/test/ok/0089.bmp,0,0.15978080034255981,
BAL_J,131,03/test/ok/0090.bmp,0,0.13572928309440613,
BAL_J,132,03/test/ok/0091.bmp,0,0.1274188905954361,
BAL_J,133,03/test/ok/0092.bmp,0,0.1867060363292694,
BAL_J,134,03/test/ok/0093.bmp,0,0.12691479921340942,
BAL_J,135,03/test/ok/0094.bmp,0,0.12517008185386658,
BAL_J,136,03/test/ok/0095.bmp,0,0.09593907743692398,
BAL_J,137,03/test/ok/0096.bmp,0,0.1850014477968216,
BAL_J,138,03/test/ok/0097.bmp,0,0.13203352689743042,
BAL_J,139,03/test/ok/0098.bmp,0,0.12896287441253662,
BAL_J,140,03/test/ok/0099.bmp,0,0.15726836025714874,
BAL_J,141,03/test/ok/0100.bmp,0,0.11662700027227402,
BAL_J,142,03/test/ok/0101.bmp,0,0.15403728187084198,
BAL_J,143,03/test/ok/0102.bmp,0,0.16396892070770264,
BAL_J,144,03/test/ok/0103.bmp,0,0.11405789107084274,
BAL_J,145,03/test/ok/0104.bmp,0,0.14037516713142395,
BAL_J,146,03/test/ok/0105.bmp,0,0.11551415920257568,
BAL_J,147,03/test/ok/0106.bmp,0,0.14279676973819733,
BAL_J,148,03/test/ok/0107.bmp,0,0.14757460355758667,
BAL_J,149,03/test/ok/0108.bmp,0,0.14428584277629852,
BAL_J,150,03/test/ok/0109.bmp,0,0.12203098833560944,
BAL_J,151,03/test/ok/0110.bmp,0,0.19307011365890503,
BAL_J,152,03/test/ok/0111.bmp,0,0.11915425956249237,
BAL_J,153,03/test/ok/0112.bmp,0,0.13273774087429047,
BAL_J,154,03/test/ok/0113.bmp,0,0.2201855480670929,
BAL_J,155,03/test/ok/0114.bmp,0,0.13569405674934387,
BAL_J,156,03/test/ok/0115.bmp,0,0.11250907182693481,
BAL_J,157,03/test/ok/0116.bmp,0,0.14836813509464264,
BAL_J,158,03/test/ok/0117.bmp,0,0.10995475202798843,
BAL_J,159,03/test/ok/0118.bmp,0,0.1400318294763565,
BAL_J,160,03/test/ok/0119.bmp,0,0.11197126656770706,
BAL_J,161,03/test/ok/0120.bmp,0,0.17252324521541595,
BAL_J,162,03/test/ok/0121.bmp,0,0.1857004016637802,
BAL_J,163,03/test/ok/0122.bmp,0,0.11797745525836945,
BAL_J,164,03/test/ok/0123.bmp,0,0.126779243350029,
BAL_J,165,03/test/ok/0124.bmp,0,0.12092632800340652,
BAL_J,166,03/test/ok/0125.bmp,0,0.11027859896421432,
BAL_J,167,03/test/ok/0126.bmp,0,0.12829813361167908,
BAL_J,168,03/test/ok/0127.bmp,0,0.14027495682239532,
BAL_J,169,03/test/ok/0128.bmp,0,0.12846706807613373,
BAL_J,170,03/test/ok/0129.bmp,0,0.11197278648614883,
BAL_J,171,03/test/ok/0130.bmp,0,0.1204756647348404,
BAL_J,172,03/test/ok/0131.bmp,0,0.12487921863794327,
BAL_J,173,03/test/ok/0132.bmp,0,0.12197604775428772,
BAL_J,174,03/test/ok/0133.bmp,0,0.12169533967971802,
BAL_J,175,03/test/ok/0134.bmp,0,0.12049773335456848,
BAL_J,176,03/test/ok/0135.bmp,0,0.12275692820549011,
BAL_J,177,03/test/ok/0136.bmp,0,0.13918448984622955,
BAL_J,178,03/test/ok/0137.bmp,0,0.10370286554098129,
BAL_J,179,03/test/ok/0138.bmp,0,0.1270429790019989,
BAL_J,180,03/test/ok/0139.bmp,0,0.11059848219156265,
BAL_J,181,03/test/ok/0140.bmp,0,0.14998987317085266,
BAL_J,182,03/test/ok/0141.bmp,0,0.12546859681606293,
BAL_J,183,03/test/ok/0142.bmp,0,0.1432136446237564,
BAL_J,184,03/test/ok/0143.bmp,0,0.11610475927591324,
BAL_J,185,03/test/ok/0144.bmp,0,0.12949740886688232,
BAL_J,186,03/test/ok/0145.bmp,0,0.10453031957149506,
BAL_J,187,03/test/ok/0146.bmp,0,0.13240045309066772,
BAL_J,188,03/test/ok/0147.bmp,0,0.16726617515087128,
BAL_J,189,03/test/ok/0148.bmp,0,0.16417519748210907,
BAL_J,190,03/test/ok/0149.bmp,0,0.10329723358154297,
BAL_J,191,03/test/ok/0150.bmp,0,0.13239651918411255,
BAL_J,192,03/test/ok/0151.bmp,0,0.151624858379364,
BAL_J,193,03/test/ok/0152.bmp,0,0.11706332117319107,
BAL_J,194,03/test/ok/0153.bmp,0,0.12324258685112,
BAL_J,195,03/test/ok/0154.bmp,0,0.1324034035205841,
BAL_J,196,03/test/ok/0155.bmp,0,0.16455137729644775,
BAL_J,197,03/test/ok/0156.bmp,0,0.12299643456935883,
BAL_J,198,03/test/ok/0157.bmp,0,0.11172451078891754,
BAL_J,199,03/test/ok/0158.bmp,0,0.1290862262248993,
BAL_J,200,03/test/ok/0159.bmp,0,0.10972898453474045,
BAL_J,201,03/test/ok/0160.bmp,0,0.14100022614002228,
BAL_J,202,03/test/ok/0161.bmp,0,0.1306738704442978,
BAL_J,203,03/test/ok/0162.bmp,0,0.11859431862831116,
BAL_J,204,03/test/ok/0163.bmp,0,0.11767075955867767,
BAL_J,205,03/test/ok/0164.bmp,0,0.1481870710849762,
BAL_J,206,03/test/ok/0165.bmp,0,0.125823512673378,
BAL_J,207,03/test/ok/0166.bmp,0,0.16149571537971497,
BAL_J,208,03/test/ok/0167.bmp,0,0.0986112430691719,
BAL_J,209,03/test/ok/0168.bmp,0,0.1453254222869873,
BAL_J,210,03/test/ok/0169.bmp,0,0.12179753184318542,
BAL_J,211,03/test/ok/0170.bmp,0,0.11670912802219391,
BAL_J,212,03/test/ok/0171.bmp,0,0.12950682640075684,
BAL_J,213,03/test/ok/0172.bmp,0,0.22985100746154785,
BAL_J,214,03/test/ok/0173.bmp,0,0.12955909967422485,
BAL_J,215,03/test/ok/0174.bmp,0,0.12412645667791367,
BAL_J,216,03/test/ok/0175.bmp,0,0.0975346788764,
BAL_J,217,03/test/ok/0176.bmp,0,0.12411822378635406,
BAL_J,218,03/test/ok/0177.bmp,0,0.13294102251529694,
BAL_J,219,03/test/ok/0178.bmp,0,0.1266603171825409,
BAL_J,220,03/test/ok/0179.bmp,0,0.09809984266757965,
BAL_J,221,03/test/ok/0180.bmp,0,0.186717227101326,
BAL_J,222,03/test/ok/0181.bmp,0,0.12329524755477905,
BAL_J,223,03/test/ok/0182.bmp,0,0.16799509525299072,
BAL_J,224,03/test/ok/0183.bmp,0,0.1027962863445282,
BAL_J,225,03/test/ok/0184.bmp,0,0.2333696186542511,
BAL_J,226,03/test/ok/0185.bmp,0,0.11640862375497818,
BAL_J,227,03/test/ok/0186.bmp,0,0.13407418131828308,
BAL_J,228,03/test/ok/0187.bmp,0,0.12560711801052094,
BAL_J,229,03/test/ok/0188.bmp,0,0.12155541032552719,
BAL_J,230,03/test/ok/0189.bmp,0,0.10264189541339874,
BAL_J,231,03/test/ok/0190.bmp,0,0.13837239146232605,
BAL_J,232,03/test/ok/0191.bmp,0,0.10781831294298172,
BAL_J,233,03/test/ok/0192.bmp,0,0.16080020368099213,
BAL_J,234,03/test/ok/0193.bmp,0,0.1543845385313034,
BAL_J,235,03/test/ok/0194.bmp,0,0.129835307598114,
BAL_J,236,03/test/ok/0195.bmp,0,0.11802218109369278,
BAL_J,237,03/test/ok/0196.bmp,0,0.1273689717054367,
BAL_J,238,03/test/ok/0197.bmp,0,0.12267477810382843,
BAL_J,239,03/test/ok/0198.bmp,0,0.1356964111328125,
BAL_J,240,03/test/ok/0199.bmp,0,0.1117100641131401,
BAL_J,241,03/test/ok/0200.bmp,0,0.11569902300834656,
BAL_J,242,03/test/ok/0201.bmp,0,0.11064625531435013,
BAL_J,243,03/test/ok/0202.bmp,0,0.15604980289936066,
BAL_J,244,03/test/ok/0203.bmp,0,0.10843568295240402,
BAL_J,245,03/test/ok/0204.bmp,0,0.14643386006355286,
BAL_J,246,03/test/ok/0205.bmp,0,0.25643762946128845,
BAL_J,247,03/test/ok/0206.bmp,0,0.17425669729709625,
BAL_J,248,03/test/ok/0207.bmp,0,0.1291896253824234,
BAL_J,249,03/test/ok/0208.bmp,0,0.1568334400653839,
BAL_J,250,03/test/ok/0209.bmp,0,0.11629786342382431,
BAL_J,251,03/test/ok/0210.bmp,0,0.1431993693113327,
BAL_J,252,03/test/ok/0211.bmp,0,0.1041339710354805,
BAL_J,253,03/test/ok/0212.bmp,0,0.14437542855739594,
BAL_J,254,03/test/ok/0213.bmp,0,0.12279273569583893,
BAL_J,255,03/test/ok/0214.bmp,0,0.12800823152065277,
BAL_J,256,03/test/ok/0215.bmp,0,0.1311042606830597,
BAL_J,257,03/test/ok/0216.bmp,0,0.14573487639427185,
BAL_J,258,03/test/ok/0217.bmp,0,0.10661507397890091,
BAL_J,259,03/test/ok/0218.bmp,0,0.16344930231571198,
BAL_J,260,03/test/ok/0219.bmp,0,0.12238430976867676,
BAL_J,261,03/test/ok/0220.bmp,0,0.14883194863796234,
BAL_J,262,03/test/ok/0221.bmp,0,0.10285989940166473,
BAL_J,263,03/test/ok/0222.bmp,0,0.1288800686597824,
BAL_J,264,03/test/ok/0223.bmp,0,0.12891140580177307,
BAL_J,265,03/test/ok/0224.bmp,0,0.12172556668519974,
BAL_J,266,03/test/ok/0225.bmp,0,0.10726119577884674,
BAL_J,267,03/test/ok/0226.bmp,0,0.13400280475616455,
BAL_J,268,03/test/ok/0227.bmp,0,0.12441693991422653,
BAL_J,269,03/test/ok/0228.bmp,0,0.1455257385969162,
BAL_J,270,03/test/ok/0229.bmp,0,0.11952321231365204,
BAL_J,271,03/test/ok/0230.bmp,0,0.1333601325750351,
BAL_J,272,03/test/ok/0231.bmp,0,0.12194898724555969,
BAL_J,273,03/test/ok/0232.bmp,0,0.14036935567855835,
BAL_J,274,03/test/ok/0233.bmp,0,0.11034996062517166,
BAL_J,275,03/test/ok/0234.bmp,0,0.1650644838809967,
BAL_J,276,03/test/ok/0235.bmp,0,0.1073506698012352,
BAL_J,277,03/test/ok/0236.bmp,0,0.16491585969924927,
BAL_J,278,03/test/ok/0237.bmp,0,0.10975504666566849,
BAL_J,279,03/test/ok/0238.bmp,0,0.1231667697429657,
BAL_J,280,03/test/ok/0239.bmp,0,0.10382379591464996,
BAL_J,281,03/test/ok/0240.bmp,0,0.1452687531709671,
BAL_J,282,03/test/ok/0241.bmp,0,0.17176836729049683,
BAL_J,283,03/test/ok/0242.bmp,0,0.12950114905834198,
BAL_J,284,03/test/ok/0243.bmp,0,0.3175865113735199,
BAL_J,285,03/test/ok/0244.bmp,0,0.23555204272270203,
BAL_J,286,03/test/ok/0245.bmp,0,0.12642818689346313,
BAL_J,287,03/test/ok/0246.bmp,0,0.13362911343574524,
BAL_J,288,03/test/ok/0247.bmp,0,0.11283847689628601,
BAL_J,289,03/test/ok/0248.bmp,0,0.11255202442407608,
BAL_J,290,03/test/ok/0249.bmp,0,0.1315099596977234,
BAL_J,291,03/test/ok/0250.bmp,0,0.11972861737012863,
BAL_J,292,03/test/ok/0251.bmp,0,0.12368351221084595,
BAL_J,293,03/test/ok/0252.bmp,0,0.15032677352428436,
BAL_J,294,03/test/ok/0253.bmp,0,0.13259777426719666,
BAL_J,295,03/test/ok/0254.bmp,0,0.16321147978305817,
BAL_J,296,03/test/ok/0255.bmp,0,0.1701044738292694,
BAL_J,297,03/test/ok/0256.bmp,0,0.13239786028862,
BAL_J,298,03/test/ok/0257.bmp,0,0.11128651350736618,
BAL_J,299,03/test/ok/0258.bmp,0,0.13715851306915283,
BAL_J,300,03/test/ok/0259.bmp,0,0.09885409474372864,
BAL_J,301,03/test/ok/0260.bmp,0,0.1426491141319275,
BAL_J,302,03/test/ok/0261.bmp,0,0.14892683923244476,
BAL_J,303,03/test/ok/0262.bmp,0,0.1376822590827942,
BAL_J,304,03/test/ok/0263.bmp,0,0.12825234234333038,
BAL_J,305,03/test/ok/0264.bmp,0,0.13293059170246124,
BAL_J,306,03/test/ok/0265.bmp,0,0.13926482200622559,
BAL_J,307,03/test/ok/0266.bmp,0,0.13953079283237457,
BAL_J,308,03/test/ok/0267.bmp,0,0.11187924444675446,
BAL_J,309,03/test/ok/0268.bmp,0,0.1368853747844696,
BAL_J,310,03/test/ok/0269.bmp,0,0.09876745939254761,
BAL_J,311,03/test/ok/0270.bmp,0,0.1495823860168457,
BAL_J,312,03/test/ok/0271.bmp,0,0.119230717420578,
BAL_J,313,03/test/ok/0272.bmp,0,0.1212664321064949,
BAL_J,314,03/test/ok/0273.bmp,0,0.11770347505807877,
BAL_J,315,03/test/ok/0274.bmp,0,0.15021440386772156,
BAL_J,316,03/test/ok/0275.bmp,0,0.1232905238866806,
BAL_J,317,03/test/ok/0276.bmp,0,0.1298658847808838,
BAL_J,318,03/test/ok/0277.bmp,0,0.14971965551376343,
BAL_J,319,03/test/ok/0278.bmp,0,0.11913050711154938,
BAL_J,320,03/test/ok/0279.bmp,0,0.1208919808268547,
BAL_J,321,03/test/ok/0280.bmp,0,0.20858435332775116,
BAL_J,322,03/test/ok/0281.bmp,0,0.17169079184532166,
BAL_J,323,03/test/ok/0282.bmp,0,0.1587827354669571,
BAL_J,324,03/test/ok/0283.bmp,0,0.17338860034942627,
BAL_J,325,03/test/ok/0284.bmp,0,0.14042142033576965,
BAL_J,326,03/test/ok/0285.bmp,0,0.10260554403066635,
BAL_J,327,03/test/ok/0286.bmp,0,0.13498853147029877,
BAL_J,328,03/test/ok/0287.bmp,0,0.17259778082370758,
BAL_J,329,03/test/ok/0288.bmp,0,0.14535346627235413,
BAL_J,330,03/test/ok/0289.bmp,0,0.14080296456813812,
BAL_J,331,03/test/ok/0290.bmp,0,0.13264258205890656,
BAL_J,332,03/test/ok/0291.bmp,0,0.11725597828626633,
BAL_J,333,03/test/ok/0292.bmp,0,0.14501748979091644,
BAL_J,334,03/test/ok/0293.bmp,0,0.09903055429458618,
BAL_J,335,03/test/ok/0294.bmp,0,0.14253154397010803,
BAL_J,336,03/test/ok/0295.bmp,0,0.12072233855724335,
BAL_J,337,03/test/ok/0296.bmp,0,0.15387949347496033,
BAL_J,338,03/test/ok/0297.bmp,0,0.13133272528648376,
BAL_J,339,03/test/ok/0298.bmp,0,0.1270836889743805,
BAL_J,340,03/test/ok/0299.bmp,0,0.1288328468799591,
BAL_J,341,03/test/ok/0300.bmp,0,0.11317151039838791,
BAL_J,342,03/test/ok/0301.bmp,0,0.15059271454811096,
BAL_J,343,03/test/ok/0302.bmp,0,0.13037553429603577,
BAL_J,344,03/test/ok/0303.bmp,0,0.17240218818187714,
BAL_J,345,03/test/ok/0304.bmp,0,0.1370268613100052,
BAL_J,346,03/test/ok/0305.bmp,0,0.12996725738048553,
BAL_J,347,03/test/ok/0306.bmp,0,0.15090437233448029,
BAL_J,348,03/test/ok/0307.bmp,0,0.13419315218925476,
BAL_J,349,03/test/ok/0308.bmp,0,0.12794247269630432,
BAL_J,350,03/test/ok/0309.bmp,0,0.15604552626609802,
BAL_J,351,03/test/ok/0310.bmp,0,0.15073992311954498,
BAL_J,352,03/test/ok/0311.bmp,0,0.11797106266021729,
BAL_J,353,03/test/ok/0312.bmp,0,0.12989771366119385,
BAL_J,354,03/test/ok/0313.bmp,0,0.14525353908538818,
BAL_J,355,03/test/ok/0314.bmp,0,0.14915801584720612,
BAL_J,356,03/test/ok/0315.bmp,0,0.14090412855148315,
BAL_J,357,03/test/ok/0316.bmp,0,0.12805360555648804,
BAL_J,358,03/test/ok/0317.bmp,0,0.13561144471168518,
BAL_J,359,03/test/ok/0318.bmp,0,0.12108137458562851,
BAL_J,360,03/test/ok/0319.bmp,0,0.11630918830633163,
BAL_J,361,03/test/ok/0320.bmp,0,0.1940288096666336,
BAL_J,362,03/test/ok/0321.bmp,0,0.1348898708820343,
BAL_J,363,03/test/ok/0322.bmp,0,0.131480410695076,
BAL_J,364,03/test/ok/0323.bmp,0,0.15560108423233032,
BAL_J,365,03/test/ok/0324.bmp,0,0.12438784539699554,
BAL_J,366,03/test/ok/0325.bmp,0,0.12941159307956696,
BAL_J,367,03/test/ok/0326.bmp,0,0.11883708089590073,
BAL_J,368,03/test/ok/0327.bmp,0,0.12943412363529205,
BAL_J,369,03/test/ok/0328.bmp,0,0.17580801248550415,
BAL_J,370,03/test/ok/0329.bmp,0,0.1414555311203003,
BAL_J,371,03/test/ok/0330.bmp,0,0.11069760471582413,
BAL_J,372,03/test/ok/0331.bmp,0,0.20148299634456635,
BAL_J,373,03/test/ok/0332.bmp,0,0.12320191413164139,
BAL_J,374,03/test/ok/0333.bmp,0,0.12449775636196136,
BAL_J,375,03/test/ok/0334.bmp,0,0.1902553290128708,
BAL_J,376,03/test/ok/0335.bmp,0,0.12475335597991943,
BAL_J,377,03/test/ok/0336.bmp,0,0.11538464576005936,
BAL_J,378,03/test/ok/0337.bmp,0,0.12361180037260056,
BAL_J,379,03/test/ok/0338.bmp,0,0.1355152130126953,
BAL_J,380,03/test/ok/0339.bmp,0,0.13971450924873352,
BAL_J,381,03/test/ok/0340.bmp,0,0.14350192248821259,
BAL_J,382,03/test/ok/0341.bmp,0,0.1290433406829834,
BAL_J,383,03/test/ok/0342.bmp,0,0.12428418546915054,
BAL_J,384,03/test/ok/0343.bmp,0,0.15238001942634583,
BAL_J,385,03/test/ok/0344.bmp,0,0.13174106180667877,
BAL_J,386,03/test/ok/0345.bmp,0,0.18940401077270508,
BAL_J,387,03/test/ok/0346.bmp,0,0.1288241147994995,
BAL_J,388,03/test/ok/0347.bmp,0,0.10967618972063065,
BAL_J,389,03/test/ok/0348.bmp,0,0.1357431858778,
BAL_J,390,03/test/ok/0349.bmp,0,0.12867896258831024,
BAL_J,391,03/test/ok/0350.bmp,0,0.1570756733417511,
BAL_J,392,03/test/ok/0351.bmp,0,0.1887836754322052,
BAL_J,393,03/test/ok/0352.bmp,0,0.10298147797584534,
BAL_J,394,03/test/ok/0353.bmp,0,0.17684371769428253,
BAL_J,395,03/test/ok/0354.bmp,0,0.11549711972475052,
BAL_J,396,03/test/ok/0355.bmp,0,0.14408063888549805,
BAL_J,397,03/test/ok/0356.bmp,0,0.14743351936340332,
BAL_J,398,03/test/ok/0357.bmp,0,0.13422991335391998,
BAL_J,399,03/test/ok/0358.bmp,0,0.13534952700138092,
BAL_J,400,03/test/ok/0359.bmp,0,0.1506793200969696,
BAL_J,401,03/test/ok/0360.bmp,0,0.12321535497903824,
BAL_J,402,03/test/ok/0361.bmp,0,0.14233087003231049,
BAL_J,403,03/test/ok/0362.bmp,0,0.14491499960422516,
BAL_J,404,03/test/ok/0363.bmp,0,0.13988153636455536,
BAL_J,405,03/test/ok/0364.bmp,0,0.14396220445632935,
BAL_J,406,03/test/ok/0365.bmp,0,0.12411676347255707,
BAL_J,407,03/test/ok/0366.bmp,0,0.12933963537216187,
BAL_J,408,03/test/ok/0367.bmp,0,0.13395138084888458,
BAL_J,409,03/test/ok/0368.bmp,0,0.17053881287574768,
BAL_J,410,03/test/ok/0369.bmp,0,0.13646194338798523,
BAL_J,411,03/test/ok/0370.bmp,0,0.1388637125492096,
BAL_J,412,03/test/ok/0371.bmp,0,0.18711082637310028,
BAL_J,413,03/test/ok/0372.bmp,0,0.14567723870277405,
BAL_J,414,03/test/ok/0373.bmp,0,0.12394014000892639,
BAL_J,415,03/test/ok/0374.bmp,0,0.13281147181987762,
BAL_J,416,03/test/ok/0375.bmp,0,0.13611671328544617,
BAL_J,417,03/test/ok/0376.bmp,0,0.11938433349132538,
BAL_J,418,03/test/ok/0377.bmp,0,0.13869637250900269,
BAL_J,419,03/test/ok/0378.bmp,0,0.23137299716472626,
BAL_J,420,03/test/ok/0379.bmp,0,0.15746790170669556,
BAL_J,421,03/test/ok/0380.bmp,0,0.16123053431510925,
BAL_J,422,03/test/ok/0381.bmp,0,0.14460782706737518,
BAL_J,423,03/test/ok/0382.bmp,0,0.10966160148382187,
BAL_J,424,03/test/ok/0383.bmp,0,0.19700472056865692,
BAL_J,425,03/test/ok/0384.bmp,0,0.2082732617855072,
BAL_J,426,03/test/ok/0385.bmp,0,0.18618397414684296,
BAL_J,427,03/test/ok/0386.bmp,0,0.15281201899051666,
BAL_J,428,03/test/ok/0387.bmp,0,0.1440630555152893,
BAL_J,429,03/test/ok/0388.bmp,0,0.13408677279949188,
BAL_J,430,03/test/ok/0389.bmp,0,0.2141953706741333,
BAL_J,431,03/test/ok/0390.bmp,0,0.1397070437669754,
BAL_J,432,03/test/ok/0391.bmp,0,0.12971258163452148,
BAL_J,433,03/test/ok/0392.bmp,0,0.11568998545408249,
BAL_J,434,03/test/ok/0393.bmp,0,0.16528181731700897,
BAL_J,435,03/test/ok/0394.bmp,0,0.13292141258716583,
BAL_J,436,03/test/ok/0395.bmp,0,0.13925251364707947,
BAL_J,437,03/test/ok/0396.bmp,0,0.12239978462457657,
BAL_J,438,03/test/ok/0397.bmp,0,0.145072340965271,
BAL_J,439,03/test/ok/0398.bmp,0,0.12171819061040878,
BAL_J,440,03/test/ok/0399.bmp,0,0.1745603382587433,
DUP_BAL_J,0,03/test/ko/0000.bmp,1,0.3988332748413086,0.733290938291313
DUP_BAL_J,1,03/test/ko/0001.bmp,1,0.3966524004936218,0.8297884821179872
DUP_BAL_J,2,03/test/ko/0002.bmp,1,0.42381513118743896,0.7873346848538171
DUP_BAL_J,3,03/test/ko/0003.bmp,1,0.41115912795066833,0.9249522488578116
DUP_BAL_J,4,03/test/ko/0004.bmp,1,0.34253397583961487,0.7967782571410106
DUP_BAL_J,5,03/test/ko/0005.bmp,1,0.41225719451904297,0.8900014361577507
DUP_BAL_J,6,03/test/ko/0006.bmp,1,0.43128183484077454,0.9237277291930979
DUP_BAL_J,7,03/test/ko/0007.bmp,1,0.312746524810791,0.8642456027002328
DUP_BAL_J,8,03/test/ko/0008.bmp,1,0.4289127588272095,0.9260920236144881
DUP_BAL_J,9,03/test/ko/0009.bmp,1,0.2697039544582367,0.24693072481982362
DUP_BAL_J,10,03/test/ko/0010.bmp,1,0.24373449385166168,0.542381866006604
DUP_BAL_J,11,03/test/ko/0011.bmp,1,0.36124253273010254,0.9056916178637927
DUP_BAL_J,12,03/test/ko/0012.bmp,1,0.2713378667831421,0.1885479407427082
DUP_BAL_J,13,03/test/ko/0013.bmp,1,0.35194337368011475,0.7587605965067178
DUP_BAL_J,14,03/test/ko/0014.bmp,1,0.29484033584594727,0.8136558745832508
DUP_BAL_J,15,03/test/ko/0015.bmp,1,0.22587727010250092,0.9039468404441666
DUP_BAL_J,16,03/test/ko/0016.bmp,1,0.25504034757614136,0.8357934194475453
DUP_BAL_J,17,03/test/ko/0017.bmp,1,0.3132663071155548,0.8347495341826117
DUP_BAL_J,18,03/test/ko/0018.bmp,1,0.4504935145378113,0.9416481635365721
DUP_BAL_J,19,03/test/ko/0019.bmp,1,0.43265020847320557,0.9748997814771414
DUP_BAL_J,20,03/test/ko/0020.bmp,1,0.3147924244403839,0.2067910493477532
DUP_BAL_J,21,03/test/ko/0021.bmp,1,0.20652556419372559,0.10992853645283189
DUP_BAL_J,22,03/test/ko/0022.bmp,1,0.2909480631351471,0.6354162215339897
DUP_BAL_J,23,03/test/ko/0023.bmp,1,0.24878759682178497,0.25957054875515156
DUP_BAL_J,24,03/test/ko/0024.bmp,1,0.3321562111377716,0.9016524312165057
DUP_BAL_J,25,03/test/ko/0025.bmp,1,0.3544881343841553,0.8422441540273007
DUP_BAL_J,26,03/test/ko/0026.bmp,1,0.4170036017894745,0.9299085107128955
DUP_BAL_J,27,03/test/ko/0027.bmp,1,0.3521512746810913,0.8316833942040841
DUP_BAL_J,28,03/test/ko/0028.bmp,0,0.1894952654838562,
DUP_BAL_J,29,03/test/ko/0029.bmp,0,0.21190258860588074,
DUP_BAL_J,30,03/test/ko/0030.bmp,0,0.26396456360816956,
DUP_BAL_J,31,03/test/ko/0031.bmp,0,0.23588073253631592,
DUP_BAL_J,32,03/test/ko/0032.bmp,0,0.20039576292037964,
DUP_BAL_J,33,03/test/ko/0033.bmp,0,0.1849936693906784,
DUP_BAL_J,34,03/test/ko/0034.bmp,0,0.2982521653175354,
DUP_BAL_J,35,03/test/ko/0035.bmp,0,0.25652238726615906,
DUP_BAL_J,36,03/test/ko/0036.bmp,0,0.19832177460193634,
DUP_BAL_J,37,03/test/ko/0037.bmp,0,0.1846533864736557,
DUP_BAL_J,38,03/test/ko/0038.bmp,1,0.4225808382034302,0.9494186029740301
DUP_BAL_J,39,03/test/ko/0039.bmp,1,0.2253972589969635,0.28575215080708327
DUP_BAL_J,40,03/test/ko/0040.bmp,1,0.2976602017879486,0.8823180843954711
DUP_BAL_J,41,03/test/ok/0000.bmp,0,0.14540009200572968,
DUP_BAL_J,42,03/test/ok/0001.bmp,0,0.12881557643413544,
DUP_BAL_J,43,03/test/ok/0002.bmp,0,0.2780890166759491,
DUP_BAL_J,44,03/test/ok/0003.bmp,0,0.12784318625926971,
DUP_BAL_J,45,03/test/ok/0004.bmp,0,0.16492539644241333,
DUP_BAL_J,46,03/test/ok/0005.bmp,0,0.11769194900989532,
DUP_BAL_J,47,03/test/ok/0006.bmp,0,0.19878990948200226,
DUP_BAL_J,48,03/test/ok/0007.bmp,0,0.17819073796272278,
DUP_BAL_J,49,03/test/ok/0008.bmp,0,0.1996561884880066,
DUP_BAL_J,50,03/test/ok/0009.bmp,0,0.1445469707250595,
DUP_BAL_J,51,03/test/ok/0010.bmp,0,0.1733628213405609,
DUP_BAL_J,52,03/test/ok/0011.bmp,0,0.12455674260854721,
DUP_BAL_J,53,03/test/ok/0012.bmp,0,0.16021692752838135,
DUP_BAL_J,54,03/test/ok/0013.bmp,0,0.13233399391174316,
DUP_BAL_J,55,03/test/ok/0014.bmp,0,0.2577572464942932,
DUP_BAL_J,56,03/test/ok/0015.bmp,0,0.14497430622577667,
DUP_BAL_J,57,03/test/ok/0016.bmp,0,0.14251795411109924,
DUP_BAL_J,58,03/test/ok/0017.bmp,0,0.16381807625293732,
DUP_BAL_J,59,03/test/ok/0018.bmp,0,0.16300229728221893,
DUP_BAL_J,60,03/test/ok/0019.bmp,0,0.11822810024023056,
DUP_BAL_J,61,03/test/ok/0020.bmp,0,0.14869695901870728,
DUP_BAL_J,62,03/test/ok/0021.bmp,0,0.17034611105918884,
DUP_BAL_J,63,03/test/ok/0022.bmp,0,0.15904924273490906,
DUP_BAL_J,64,03/test/ok/0023.bmp,0,0.10271406173706055,
DUP_BAL_J,65,03/test/ok/0024.bmp,0,0.1419193595647812,
DUP_BAL_J,66,03/test/ok/0025.bmp,0,0.12186498194932938,
DUP_BAL_J,67,03/test/ok/0026.bmp,0,0.1928926408290863,
DUP_BAL_J,68,03/test/ok/0027.bmp,0,0.11967835575342178,
DUP_BAL_J,69,03/test/ok/0028.bmp,0,0.13511644303798676,
DUP_BAL_J,70,03/test/ok/0029.bmp,0,0.18146461248397827,
DUP_BAL_J,71,03/test/ok/0030.bmp,0,0.15334442257881165,
DUP_BAL_J,72,03/test/ok/0031.bmp,0,0.1632111519575119,
DUP_BAL_J,73,03/test/ok/0032.bmp,0,0.3617677092552185,
DUP_BAL_J,74,03/test/ok/0033.bmp,0,0.12734951078891754,
DUP_BAL_J,75,03/test/ok/0034.bmp,0,0.23717200756072998,
DUP_BAL_J,76,03/test/ok/0035.bmp,0,0.11451704055070877,
DUP_BAL_J,77,03/test/ok/0036.bmp,0,0.18159469962120056,
DUP_BAL_J,78,03/test/ok/0037.bmp,0,0.12903977930545807,
DUP_BAL_J,79,03/test/ok/0038.bmp,0,0.14365912973880768,
DUP_BAL_J,80,03/test/ok/0039.bmp,0,0.13536611199378967,
DUP_BAL_J,81,03/test/ok/0040.bmp,0,0.13750700652599335,
DUP_BAL_J,82,03/test/ok/0041.bmp,0,0.1791103035211563,
DUP_BAL_J,83,03/test/ok/0042.bmp,0,0.13934019207954407,
DUP_BAL_J,84,03/test/ok/0043.bmp,0,0.17815923690795898,
DUP_BAL_J,85,03/test/ok/0044.bmp,0,0.1349579244852066,
DUP_BAL_J,86,03/test/ok/0045.bmp,0,0.12286797910928726,
DUP_BAL_J,87,03/test/ok/0046.bmp,0,0.14187279343605042,
DUP_BAL_J,88,03/test/ok/0047.bmp,0,0.10988732427358627,
DUP_BAL_J,89,03/test/ok/0048.bmp,0,0.13225813210010529,
DUP_BAL_J,90,03/test/ok/0049.bmp,0,0.13959424197673798,
DUP_BAL_J,91,03/test/ok/0050.bmp,0,0.14148013293743134,
DUP_BAL_J,92,03/test/ok/0051.bmp,0,0.130118727684021,
DUP_BAL_J,93,03/test/ok/0052.bmp,0,0.14683251082897186,
DUP_BAL_J,94,03/test/ok/0053.bmp,0,0.1845070719718933,
DUP_BAL_J,95,03/test/ok/0054.bmp,0,0.23308922350406647,
DUP_BAL_J,96,03/test/ok/0055.bmp,0,0.14347484707832336,
DUP_BAL_J,97,03/test/ok/0056.bmp,0,0.15575988590717316,
DUP_BAL_J,98,03/test/ok/0057.bmp,0,0.1268373727798462,
DUP_BAL_J,99,03/test/ok/0058.bmp,0,0.13598689436912537,
DUP_BAL_J,100,03/test/ok/0059.bmp,0,0.15969078242778778,
DUP_BAL_J,101,03/test/ok/0060.bmp,0,0.13964436948299408,
DUP_BAL_J,102,03/test/ok/0061.bmp,0,0.11948816478252411,
DUP_BAL_J,103,03/test/ok/0062.bmp,0,0.1320638507604599,
DUP_BAL_J,104,03/test/ok/0063.bmp,0,0.14509984850883484,
DUP_BAL_J,105,03/test/ok/0064.bmp,0,0.15217307209968567,
DUP_BAL_J,106,03/test/ok/0065.bmp,0,0.12640663981437683,
DUP_BAL_J,107,03/test/ok/0066.bmp,0,0.15613475441932678,
DUP_BAL_J,108,03/test/ok/0067.bmp,0,0.11686196178197861,
DUP_BAL_J,109,03/test/ok/0068.bmp,0,0.23069339990615845,
DUP_BAL_J,110,03/test/ok/0069.bmp,0,0.1997189223766327,
DUP_BAL_J,111,03/test/ok/0070.bmp,0,0.18471390008926392,
DUP_BAL_J,112,03/test/ok/0071.bmp,0,0.18073216080665588,
DUP_BAL_J,113,03/test/ok/0072.bmp,0,0.12593039870262146,
DUP_BAL_J,114,03/test/ok/0073.bmp,0,0.15103839337825775,
DUP_BAL_J,115,03/test/ok/0074.bmp,0,0.15305578708648682,
DUP_BAL_J,116,03/test/ok/0075.bmp,0,0.1514372080564499,
DUP_BAL_J,117,03/test/ok/0076.bmp,0,0.1323738545179367,
DUP_BAL_J,118,03/test/ok/0077.bmp,0,0.1807783842086792,
DUP_BAL_J,119,03/test/ok/0078.bmp,0,0.15012165904045105,
DUP_BAL_J,120,03/test/ok/0079.bmp,0,0.13424897193908691,
DUP_BAL_J,121,03/test/ok/0080.bmp,0,0.1382846236228943,
DUP_BAL_J,122,03/test/ok/0081.bmp,0,0.14597228169441223,
DUP_BAL_J,123,03/test/ok/0082.bmp,0,0.15097607672214508,
DUP_BAL_J,124,03/test/ok/0083.bmp,0,0.10739950835704803,
DUP_BAL_J,125,03/test/ok/0084.bmp,0,0.14215995371341705,
DUP_BAL_J,126,03/test/ok/0085.bmp,0,0.14437708258628845,
DUP_BAL_J,127,03/test/ok/0086.bmp,0,0.15387631952762604,
DUP_BAL_J,128,03/test/ok/0087.bmp,0,0.14315252006053925,
DUP_BAL_J,129,03/test/ok/0088.bmp,0,0.13894164562225342,
DUP_BAL_J,130,03/test/ok/0089.bmp,0,0.1645013988018036,
DUP_BAL_J,131,03/test/ok/0090.bmp,0,0.14145539700984955,
DUP_BAL_J,132,03/test/ok/0091.bmp,0,0.15731768310070038,
DUP_BAL_J,133,03/test/ok/0092.bmp,0,0.20161685347557068,
DUP_BAL_J,134,03/test/ok/0093.bmp,0,0.1300017088651657,
DUP_BAL_J,135,03/test/ok/0094.bmp,0,0.1299697458744049,
DUP_BAL_J,136,03/test/ok/0095.bmp,0,0.10599735379219055,
DUP_BAL_J,137,03/test/ok/0096.bmp,0,0.20841024816036224,
DUP_BAL_J,138,03/test/ok/0097.bmp,0,0.15646617114543915,
DUP_BAL_J,139,03/test/ok/0098.bmp,0,0.1378796249628067,
DUP_BAL_J,140,03/test/ok/0099.bmp,0,0.16282868385314941,
DUP_BAL_J,141,03/test/ok/0100.bmp,0,0.12693050503730774,
DUP_BAL_J,142,03/test/ok/0101.bmp,0,0.16737744212150574,
DUP_BAL_J,143,03/test/ok/0102.bmp,0,0.16151580214500427,
DUP_BAL_J,144,03/test/ok/0103.bmp,0,0.11372644454240799,
DUP_BAL_J,145,03/test/ok/0104.bmp,0,0.13682091236114502,
DUP_BAL_J,146,03/test/ok/0105.bmp,0,0.1304376870393753,
DUP_BAL_J,147,03/test/ok/0106.bmp,0,0.17053650319576263,
DUP_BAL_J,148,03/test/ok/0107.bmp,0,0.1596231609582901,
DUP_BAL_J,149,03/test/ok/0108.bmp,0,0.14942310750484467,
DUP_BAL_J,150,03/test/ok/0109.bmp,0,0.13169629871845245,
DUP_BAL_J,151,03/test/ok/0110.bmp,0,0.19878727197647095,
DUP_BAL_J,152,03/test/ok/0111.bmp,0,0.13804012537002563,
DUP_BAL_J,153,03/test/ok/0112.bmp,0,0.14183832705020905,
DUP_BAL_J,154,03/test/ok/0113.bmp,0,0.22231946885585785,
DUP_BAL_J,155,03/test/ok/0114.bmp,0,0.14920131862163544,
DUP_BAL_J,156,03/test/ok/0115.bmp,0,0.11122570186853409,
DUP_BAL_J,157,03/test/ok/0116.bmp,0,0.15483435988426208,
DUP_BAL_J,158,03/test/ok/0117.bmp,0,0.11367811262607574,
DUP_BAL_J,159,03/test/ok/0118.bmp,0,0.14035560190677643,
DUP_BAL_J,160,03/test/ok/0119.bmp,0,0.1260167807340622,
DUP_BAL_J,161,03/test/ok/0120.bmp,0,0.17209234833717346,
DUP_BAL_J,162,03/test/ok/0121.bmp,0,0.19143237173557281,
DUP_BAL_J,163,03/test/ok/0122.bmp,0,0.13733556866645813,
DUP_BAL_J,164,03/test/ok/0123.bmp,0,0.172023743391037,
DUP_BAL_J,165,03/test/ok/0124.bmp,0,0.1400524228811264,
DUP_BAL_J,166,03/test/ok/0125.bmp,0,0.12244735658168793,
DUP_BAL_J,167,03/test/ok/0126.bmp,0,0.13967138528823853,
DUP_BAL_J,168,03/test/ok/0127.bmp,0,0.14238715171813965,
DUP_BAL_J,169,03/test/ok/0128.bmp,0,0.14564727246761322,
DUP_BAL_J,170,03/test/ok/0129.bmp,0,0.1314556747674942,
DUP_BAL_J,171,03/test/ok/0130.bmp,0,0.13286571204662323,
DUP_BAL_J,172,03/test/ok/0131.bmp,0,0.13611295819282532,
DUP_BAL_J,173,03/test/ok/0132.bmp,0,0.13080742955207825,
DUP_BAL_J,174,03/test/ok/0133.bmp,0,0.1373705267906189,
DUP_BAL_J,175,03/test/ok/0134.bmp,0,0.12260425835847855,
DUP_BAL_J,176,03/test/ok/0135.bmp,0,0.14074872434139252,
DUP_BAL_J,177,03/test/ok/0136.bmp,0,0.15059004724025726,
DUP_BAL_J,178,03/test/ok/0137.bmp,0,0.11613371223211288,
DUP_BAL_J,179,03/test/ok/0138.bmp,0,0.13294926285743713,
DUP_BAL_J,180,03/test/ok/0139.bmp,0,0.12736444175243378,
DUP_BAL_J,181,03/test/ok/0140.bmp,0,0.15687331557273865,
DUP_BAL_J,182,03/test/ok/0141.bmp,0,0.12444424629211426,
DUP_BAL_J,183,03/test/ok/0142.bmp,0,0.14727050065994263,
DUP_BAL_J,184,03/test/ok/0143.bmp,0,0.13770025968551636,
DUP_BAL_J,185,03/test/ok/0144.bmp,0,0.12728996574878693,
DUP_BAL_J,186,03/test/ok/0145.bmp,0,0.11636080592870712,
DUP_BAL_J,187,03/test/ok/0146.bmp,0,0.13846096396446228,
DUP_BAL_J,188,03/test/ok/0147.bmp,0,0.16309155523777008,
DUP_BAL_J,189,03/test/ok/0148.bmp,0,0.17592795193195343,
DUP_BAL_J,190,03/test/ok/0149.bmp,0,0.12428496778011322,
DUP_BAL_J,191,03/test/ok/0150.bmp,0,0.14060254395008087,
DUP_BAL_J,192,03/test/ok/0151.bmp,0,0.17051094770431519,
DUP_BAL_J,193,03/test/ok/0152.bmp,0,0.11510340869426727,
DUP_BAL_J,194,03/test/ok/0153.bmp,0,0.14062301814556122,
DUP_BAL_J,195,03/test/ok/0154.bmp,0,0.1491883546113968,
DUP_BAL_J,196,03/test/ok/0155.bmp,0,0.1773645132780075,
DUP_BAL_J,197,03/test/ok/0156.bmp,0,0.12644727528095245,
DUP_BAL_J,198,03/test/ok/0157.bmp,0,0.12188699841499329,
DUP_BAL_J,199,03/test/ok/0158.bmp,0,0.14030545949935913,
DUP_BAL_J,200,03/test/ok/0159.bmp,0,0.12734143435955048,
DUP_BAL_J,201,03/test/ok/0160.bmp,0,0.14553052186965942,
DUP_BAL_J,202,03/test/ok/0161.bmp,0,0.13930442929267883,
DUP_BAL_J,203,03/test/ok/0162.bmp,0,0.13874563574790955,
DUP_BAL_J,204,03/test/ok/0163.bmp,0,0.12748438119888306,
DUP_BAL_J,205,03/test/ok/0164.bmp,0,0.15795549750328064,
DUP_BAL_J,206,03/test/ok/0165.bmp,0,0.13354778289794922,
DUP_BAL_J,207,03/test/ok/0166.bmp,0,0.1695108860731125,
DUP_BAL_J,208,03/test/ok/0167.bmp,0,0.1156909316778183,
DUP_BAL_J,209,03/test/ok/0168.bmp,0,0.15364152193069458,
DUP_BAL_J,210,03/test/ok/0169.bmp,0,0.14155299961566925,
DUP_BAL_J,211,03/test/ok/0170.bmp,0,0.12967312335968018,
DUP_BAL_J,212,03/test/ok/0171.bmp,0,0.1232088953256607,
DUP_BAL_J,213,03/test/ok/0172.bmp,0,0.2324756234884262,
DUP_BAL_J,214,03/test/ok/0173.bmp,0,0.15361455082893372,
DUP_BAL_J,215,03/test/ok/0174.bmp,0,0.12801985442638397,
DUP_BAL_J,216,03/test/ok/0175.bmp,0,0.11698704957962036,
DUP_BAL_J,217,03/test/ok/0176.bmp,0,0.1307353377342224,
DUP_BAL_J,218,03/test/ok/0177.bmp,0,0.14027893543243408,
DUP_BAL_J,219,03/test/ok/0178.bmp,0,0.1447315216064453,
DUP_BAL_J,220,03/test/ok/0179.bmp,0,0.10748084634542465,
DUP_BAL_J,221,03/test/ok/0180.bmp,0,0.19286544620990753,
DUP_BAL_J,222,03/test/ok/0181.bmp,0,0.12468746304512024,
DUP_BAL_J,223,03/test/ok/0182.bmp,0,0.17060457170009613,
DUP_BAL_J,224,03/test/ok/0183.bmp,0,0.11298014968633652,
DUP_BAL_J,225,03/test/ok/0184.bmp,0,0.23944030702114105,
DUP_BAL_J,226,03/test/ok/0185.bmp,0,0.1396985501050949,
DUP_BAL_J,227,03/test/ok/0186.bmp,0,0.13191793859004974,
DUP_BAL_J,228,03/test/ok/0187.bmp,0,0.1459450125694275,
DUP_BAL_J,229,03/test/ok/0188.bmp,0,0.1388203352689743,
DUP_BAL_J,230,03/test/ok/0189.bmp,0,0.1121993362903595,
DUP_BAL_J,231,03/test/ok/0190.bmp,0,0.15223857760429382,
DUP_BAL_J,232,03/test/ok/0191.bmp,0,0.12194961309432983,
DUP_BAL_J,233,03/test/ok/0192.bmp,0,0.17516759037971497,
DUP_BAL_J,234,03/test/ok/0193.bmp,0,0.16895803809165955,
DUP_BAL_J,235,03/test/ok/0194.bmp,0,0.16464146971702576,
DUP_BAL_J,236,03/test/ok/0195.bmp,0,0.13896609842777252,
DUP_BAL_J,237,03/test/ok/0196.bmp,0,0.12496630102396011,
DUP_BAL_J,238,03/test/ok/0197.bmp,0,0.11669141799211502,
DUP_BAL_J,239,03/test/ok/0198.bmp,0,0.13375332951545715,
DUP_BAL_J,240,03/test/ok/0199.bmp,0,0.12052931636571884,
DUP_BAL_J,241,03/test/ok/0200.bmp,0,0.1282612532377243,
DUP_BAL_J,242,03/test/ok/0201.bmp,0,0.127937451004982,
DUP_BAL_J,243,03/test/ok/0202.bmp,0,0.14712730050086975,
DUP_BAL_J,244,03/test/ok/0203.bmp,0,0.13778512179851532,
DUP_BAL_J,245,03/test/ok/0204.bmp,0,0.15639087557792664,
DUP_BAL_J,246,03/test/ok/0205.bmp,0,0.28151747584342957,
DUP_BAL_J,247,03/test/ok/0206.bmp,0,0.17181506752967834,
DUP_BAL_J,248,03/test/ok/0207.bmp,0,0.12788374722003937,
DUP_BAL_J,249,03/test/ok/0208.bmp,0,0.15743625164031982,
DUP_BAL_J,250,03/test/ok/0209.bmp,0,0.12492524087429047,
DUP_BAL_J,251,03/test/ok/0210.bmp,0,0.1411765068769455,
DUP_BAL_J,252,03/test/ok/0211.bmp,0,0.11550012230873108,
DUP_BAL_J,253,03/test/ok/0212.bmp,0,0.15551424026489258,
DUP_BAL_J,254,03/test/ok/0213.bmp,0,0.1266939640045166,
DUP_BAL_J,255,03/test/ok/0214.bmp,0,0.14362525939941406,
DUP_BAL_J,256,03/test/ok/0215.bmp,0,0.13896949589252472,
DUP_BAL_J,257,03/test/ok/0216.bmp,0,0.1436675786972046,
DUP_BAL_J,258,03/test/ok/0217.bmp,0,0.11790047585964203,
DUP_BAL_J,259,03/test/ok/0218.bmp,0,0.1621221899986267,
DUP_BAL_J,260,03/test/ok/0219.bmp,0,0.14045517146587372,
DUP_BAL_J,261,03/test/ok/0220.bmp,0,0.15323284268379211,
DUP_BAL_J,262,03/test/ok/0221.bmp,0,0.12280657142400742,
DUP_BAL_J,263,03/test/ok/0222.bmp,0,0.15698795020580292,
DUP_BAL_J,264,03/test/ok/0223.bmp,0,0.1334296613931656,
DUP_BAL_J,265,03/test/ok/0224.bmp,0,0.1318322718143463,
DUP_BAL_J,266,03/test/ok/0225.bmp,0,0.13162969052791595,
DUP_BAL_J,267,03/test/ok/0226.bmp,0,0.14860613644123077,
DUP_BAL_J,268,03/test/ok/0227.bmp,0,0.14458437263965607,
DUP_BAL_J,269,03/test/ok/0228.bmp,0,0.16321207582950592,
DUP_BAL_J,270,03/test/ok/0229.bmp,0,0.1110553964972496,
DUP_BAL_J,271,03/test/ok/0230.bmp,0,0.13637423515319824,
DUP_BAL_J,272,03/test/ok/0231.bmp,0,0.13404010236263275,
DUP_BAL_J,273,03/test/ok/0232.bmp,0,0.16092327237129211,
DUP_BAL_J,274,03/test/ok/0233.bmp,0,0.10290905833244324,
DUP_BAL_J,275,03/test/ok/0234.bmp,0,0.1746816188097,
DUP_BAL_J,276,03/test/ok/0235.bmp,0,0.10940799117088318,
DUP_BAL_J,277,03/test/ok/0236.bmp,0,0.1724359542131424,
DUP_BAL_J,278,03/test/ok/0237.bmp,0,0.1332995593547821,
DUP_BAL_J,279,03/test/ok/0238.bmp,0,0.13547147810459137,
DUP_BAL_J,280,03/test/ok/0239.bmp,0,0.11552644520998001,
DUP_BAL_J,281,03/test/ok/0240.bmp,0,0.15302082896232605,
DUP_BAL_J,282,03/test/ok/0241.bmp,0,0.17361143231391907,
DUP_BAL_J,283,03/test/ok/0242.bmp,0,0.1549558788537979,
DUP_BAL_J,284,03/test/ok/0243.bmp,0,0.33201655745506287,
DUP_BAL_J,285,03/test/ok/0244.bmp,0,0.2268180549144745,
DUP_BAL_J,286,03/test/ok/0245.bmp,0,0.15097929537296295,
DUP_BAL_J,287,03/test/ok/0246.bmp,0,0.13639171421527863,
DUP_BAL_J,288,03/test/ok/0247.bmp,0,0.13105668127536774,
DUP_BAL_J,289,03/test/ok/0248.bmp,0,0.12670402228832245,
DUP_BAL_J,290,03/test/ok/0249.bmp,0,0.14464901387691498,
DUP_BAL_J,291,03/test/ok/0250.bmp,0,0.12450705468654633,
DUP_BAL_J,292,03/test/ok/0251.bmp,0,0.1407606303691864,
DUP_BAL_J,293,03/test/ok/0252.bmp,0,0.16818855702877045,
DUP_BAL_J,294,03/test/ok/0253.bmp,0,0.14129304885864258,
DUP_BAL_J,295,03/test/ok/0254.bmp,0,0.16570234298706055,
DUP_BAL_J,296,03/test/ok/0255.bmp,0,0.17852430045604706,
DUP_BAL_J,297,03/test/ok/0256.bmp,0,0.1375972330570221,
DUP_BAL_J,298,03/test/ok/0257.bmp,0,0.13263322412967682,
DUP_BAL_J,299,03/test/ok/0258.bmp,0,0.12567868828773499,
DUP_BAL_J,300,03/test/ok/0259.bmp,0,0.11854919791221619,
DUP_BAL_J,301,03/test/ok/0260.bmp,0,0.151593878865242,
DUP_BAL_J,302,03/test/ok/0261.bmp,0,0.1522650420665741,
DUP_BAL_J,303,03/test/ok/0262.bmp,0,0.14493922889232635,
DUP_BAL_J,304,03/test/ok/0263.bmp,0,0.138815239071846,
DUP_BAL_J,305,03/test/ok/0264.bmp,0,0.14428935945034027,
DUP_BAL_J,306,03/test/ok/0265.bmp,0,0.16357563436031342,
DUP_BAL_J,307,03/test/ok/0266.bmp,0,0.1619843691587448,
DUP_BAL_J,308,03/test/ok/0267.bmp,0,0.13273578882217407,
DUP_BAL_J,309,03/test/ok/0268.bmp,0,0.130889430642128,
DUP_BAL_J,310,03/test/ok/0269.bmp,0,0.12947973608970642,
DUP_BAL_J,311,03/test/ok/0270.bmp,0,0.17473596334457397,
DUP_BAL_J,312,03/test/ok/0271.bmp,0,0.1357852965593338,
DUP_BAL_J,313,03/test/ok/0272.bmp,0,0.11910446733236313,
DUP_BAL_J,314,03/test/ok/0273.bmp,0,0.12748241424560547,
DUP_BAL_J,315,03/test/ok/0274.bmp,0,0.1563931554555893,
DUP_BAL_J,316,03/test/ok/0275.bmp,0,0.1294960081577301,
DUP_BAL_J,317,03/test/ok/0276.bmp,0,0.12801045179367065,
DUP_BAL_J,318,03/test/ok/0277.bmp,0,0.15008261799812317,
DUP_BAL_J,319,03/test/ok/0278.bmp,0,0.14512260258197784,
DUP_BAL_J,320,03/test/ok/0279.bmp,0,0.1167680025100708,
DUP_BAL_J,321,03/test/ok/0280.bmp,0,0.21387775242328644,
DUP_BAL_J,322,03/test/ok/0281.bmp,0,0.1815986931324005,
DUP_BAL_J,323,03/test/ok/0282.bmp,0,0.15617789328098297,
DUP_BAL_J,324,03/test/ok/0283.bmp,0,0.191465362906456,
DUP_BAL_J,325,03/test/ok/0284.bmp,0,0.1469375342130661,
DUP_BAL_J,326,03/test/ok/0285.bmp,0,0.1060003936290741,
DUP_BAL_J,327,03/test/ok/0286.bmp,0,0.14797785878181458,
DUP_BAL_J,328,03/test/ok/0287.bmp,0,0.16631551086902618,
DUP_BAL_J,329,03/test/ok/0288.bmp,0,0.16187982261180878,
DUP_BAL_J,330,03/test/ok/0289.bmp,0,0.1615043431520462,
DUP_BAL_J,331,03/test/ok/0290.bmp,0,0.1553869992494583,
DUP_BAL_J,332,03/test/ok/0291.bmp,0,0.13404278457164764,
DUP_BAL_J,333,03/test/ok/0292.bmp,0,0.14705710113048553,
DUP_BAL_J,334,03/test/ok/0293.bmp,0,0.10986514389514923,
DUP_BAL_J,335,03/test/ok/0294.bmp,0,0.14170782268047333,
DUP_BAL_J,336,03/test/ok/0295.bmp,0,0.1345779299736023,
DUP_BAL_J,337,03/test/ok/0296.bmp,0,0.14678464829921722,
DUP_BAL_J,338,03/test/ok/0297.bmp,0,0.15198102593421936,
DUP_BAL_J,339,03/test/ok/0298.bmp,0,0.168625608086586,
DUP_BAL_J,340,03/test/ok/0299.bmp,0,0.13292266428470612,
DUP_BAL_J,341,03/test/ok/0300.bmp,0,0.13902850449085236,
DUP_BAL_J,342,03/test/ok/0301.bmp,0,0.15728852152824402,
DUP_BAL_J,343,03/test/ok/0302.bmp,0,0.12411609292030334,
DUP_BAL_J,344,03/test/ok/0303.bmp,0,0.18214617669582367,
DUP_BAL_J,345,03/test/ok/0304.bmp,0,0.15002141892910004,
DUP_BAL_J,346,03/test/ok/0305.bmp,0,0.1253737062215805,
DUP_BAL_J,347,03/test/ok/0306.bmp,0,0.16175010800361633,
DUP_BAL_J,348,03/test/ok/0307.bmp,0,0.1596568524837494,
DUP_BAL_J,349,03/test/ok/0308.bmp,0,0.138238325715065,
DUP_BAL_J,350,03/test/ok/0309.bmp,0,0.1901939958333969,
DUP_BAL_J,351,03/test/ok/0310.bmp,0,0.18027524650096893,
DUP_BAL_J,352,03/test/ok/0311.bmp,0,0.15530626475811005,
DUP_BAL_J,353,03/test/ok/0312.bmp,0,0.15817858278751373,
DUP_BAL_J,354,03/test/ok/0313.bmp,0,0.15341292321681976,
DUP_BAL_J,355,03/test/ok/0314.bmp,0,0.15533527731895447,
DUP_BAL_J,356,03/test/ok/0315.bmp,0,0.16903801262378693,
DUP_BAL_J,357,03/test/ok/0316.bmp,0,0.14229561388492584,
DUP_BAL_J,358,03/test/ok/0317.bmp,0,0.1368154138326645,
DUP_BAL_J,359,03/test/ok/0318.bmp,0,0.1257602423429489,
DUP_BAL_J,360,03/test/ok/0319.bmp,0,0.1159655824303627,
DUP_BAL_J,361,03/test/ok/0320.bmp,0,0.1995435506105423,
DUP_BAL_J,362,03/test/ok/0321.bmp,0,0.132131889462471,
DUP_BAL_J,363,03/test/ok/0322.bmp,0,0.14974108338356018,
DUP_BAL_J,364,03/test/ok/0323.bmp,0,0.16261933743953705,
DUP_BAL_J,365,03/test/ok/0324.bmp,0,0.13194561004638672,
DUP_BAL_J,366,03/test/ok/0325.bmp,0,0.15094910562038422,
DUP_BAL_J,367,03/test/ok/0326.bmp,0,0.13661229610443115,
DUP_BAL_J,368,03/test/ok/0327.bmp,0,0.14135147631168365,
DUP_BAL_J,369,03/test/ok/0328.bmp,0,0.17684732377529144,
DUP_BAL_J,370,03/test/ok/0329.bmp,0,0.16380217671394348,
DUP_BAL_J,371,03/test/ok/0330.bmp,0,0.12329547107219696,
DUP_BAL_J,372,03/test/ok/0331.bmp,0,0.21981659531593323,
DUP_BAL_J,373,03/test/ok/0332.bmp,0,0.1356210857629776,
DUP_BAL_J,374,03/test/ok/0333.bmp,0,0.13832135498523712,
DUP_BAL_J,375,03/test/ok/0334.bmp,0,0.18731358647346497,
DUP_BAL_J,376,03/test/ok/0335.bmp,0,0.11836647987365723,
DUP_BAL_J,377,03/test/ok/0336.bmp,0,0.1259768158197403,
DUP_BAL_J,378,03/test/ok/0337.bmp,0,0.1544310301542282,
DUP_BAL_J,379,03/test/ok/0338.bmp,0,0.1460731029510498,
DUP_BAL_J,380,03/test/ok/0339.bmp,0,0.16474133729934692,
DUP_BAL_J,381,03/test/ok/0340.bmp,0,0.14268524944782257,
DUP_BAL_J,382,03/test/ok/0341.bmp,0,0.1347399801015854,
DUP_BAL_J,383,03/test/ok/0342.bmp,0,0.13432252407073975,
DUP_BAL_J,384,03/test/ok/0343.bmp,0,0.14241085946559906,
DUP_BAL_J,385,03/test/ok/0344.bmp,0,0.14746834337711334,
DUP_BAL_J,386,03/test/ok/0345.bmp,0,0.20240966975688934,
DUP_BAL_J,387,03/test/ok/0346.bmp,0,0.1533471792936325,
DUP_BAL_J,388,03/test/ok/0347.bmp,0,0.11942358314990997,
DUP_BAL_J,389,03/test/ok/0348.bmp,0,0.1579597145318985,
DUP_BAL_J,390,03/test/ok/0349.bmp,0,0.1521044224500656,
DUP_BAL_J,391,03/test/ok/0350.bmp,0,0.15624719858169556,
DUP_BAL_J,392,03/test/ok/0351.bmp,0,0.20280522108078003,
DUP_BAL_J,393,03/test/ok/0352.bmp,0,0.11120369285345078,
DUP_BAL_J,394,03/test/ok/0353.bmp,0,0.21066094934940338,
DUP_BAL_J,395,03/test/ok/0354.bmp,0,0.11801517754793167,
DUP_BAL_J,396,03/test/ok/0355.bmp,0,0.16514107584953308,
DUP_BAL_J,397,03/test/ok/0356.bmp,0,0.14509928226470947,
DUP_BAL_J,398,03/test/ok/0357.bmp,0,0.15506204962730408,
DUP_BAL_J,399,03/test/ok/0358.bmp,0,0.14619743824005127,
DUP_BAL_J,400,03/test/ok/0359.bmp,0,0.1808106005191803,
DUP_BAL_J,401,03/test/ok/0360.bmp,0,0.14322461187839508,
DUP_BAL_J,402,03/test/ok/0361.bmp,0,0.16887858510017395,
DUP_BAL_J,403,03/test/ok/0362.bmp,0,0.18541301786899567,
DUP_BAL_J,404,03/test/ok/0363.bmp,0,0.15920540690422058,
DUP_BAL_J,405,03/test/ok/0364.bmp,0,0.14789637923240662,
DUP_BAL_J,406,03/test/ok/0365.bmp,0,0.14767326414585114,
DUP_BAL_J,407,03/test/ok/0366.bmp,0,0.1302454173564911,
DUP_BAL_J,408,03/test/ok/0367.bmp,0,0.1374816596508026,
DUP_BAL_J,409,03/test/ok/0368.bmp,0,0.20018957555294037,
DUP_BAL_J,410,03/test/ok/0369.bmp,0,0.15726861357688904,
DUP_BAL_J,411,03/test/ok/0370.bmp,0,0.1675482839345932,
DUP_BAL_J,412,03/test/ok/0371.bmp,0,0.20963142812252045,
DUP_BAL_J,413,03/test/ok/0372.bmp,0,0.15653057396411896,
DUP_BAL_J,414,03/test/ok/0373.bmp,0,0.1370725780725479,
DUP_BAL_J,415,03/test/ok/0374.bmp,0,0.13927488029003143,
DUP_BAL_J,416,03/test/ok/0375.bmp,0,0.17090298235416412,
DUP_BAL_J,417,03/test/ok/0376.bmp,0,0.13029149174690247,
DUP_BAL_J,418,03/test/ok/0377.bmp,0,0.15669944882392883,
DUP_BAL_J,419,03/test/ok/0378.bmp,0,0.26158466935157776,
DUP_BAL_J,420,03/test/ok/0379.bmp,0,0.17277510464191437,
DUP_BAL_J,421,03/test/ok/0380.bmp,0,0.17865507304668427,
DUP_BAL_J,422,03/test/ok/0381.bmp,0,0.16042481362819672,
DUP_BAL_J,423,03/test/ok/0382.bmp,0,0.12600713968276978,
DUP_BAL_J,424,03/test/ok/0383.bmp,0,0.22125010192394257,
DUP_BAL_J,425,03/test/ok/0384.bmp,0,0.21356457471847534,
DUP_BAL_J,426,03/test/ok/0385.bmp,0,0.19615836441516876,
DUP_BAL_J,427,03/test/ok/0386.bmp,0,0.16838544607162476,
DUP_BAL_J,428,03/test/ok/0387.bmp,0,0.17340515553951263,
DUP_BAL_J,429,03/test/ok/0388.bmp,0,0.15410791337490082,
DUP_BAL_J,430,03/test/ok/0389.bmp,0,0.18900607526302338,
DUP_BAL_J,431,03/test/ok/0390.bmp,0,0.1506371647119522,
DUP_BAL_J,432,03/test/ok/0391.bmp,0,0.13729560375213623,
DUP_BAL_J,433,03/test/ok/0392.bmp,0,0.13154353201389313,
DUP_BAL_J,434,03/test/ok/0393.bmp,0,0.17183023691177368,
DUP_BAL_J,435,03/test/ok/0394.bmp,0,0.13288308680057526,
DUP_BAL_J,436,03/test/ok/0395.bmp,0,0.1477750986814499,
DUP_BAL_J,437,03/test/ok/0396.bmp,0,0.13123996555805206,
DUP_BAL_J,438,03/test/ok/0397.bmp,0,0.15191610157489777,
DUP_BAL_J,439,03/test/ok/0398.bmp,0,0.14497977495193481,
DUP_BAL_J,440,03/test/ok/0399.bmp,0,0.18180111050605774,
DUP_EXPECTED_J,0,03/test/ko/0000.bmp,1,0.49710777401924133,0.745512320876834
DUP_EXPECTED_J,1,03/test/ko/0001.bmp,1,0.4716448485851288,0.8450535148965123
DUP_EXPECTED_J,2,03/test/ko/0002.bmp,1,0.5140663981437683,0.7776538095597385
DUP_EXPECTED_J,3,03/test/ko/0003.bmp,1,0.5072863101959229,0.9022912565752021
DUP_EXPECTED_J,4,03/test/ko/0004.bmp,1,0.4267090857028961,0.8561358100229797
DUP_EXPECTED_J,5,03/test/ko/0005.bmp,1,0.4939683675765991,0.8819047663418947
DUP_EXPECTED_J,6,03/test/ko/0006.bmp,1,0.49723348021507263,0.9289867319726991
DUP_EXPECTED_J,7,03/test/ko/0007.bmp,1,0.3842339515686035,0.8591835402331943
DUP_EXPECTED_J,8,03/test/ko/0008.bmp,1,0.4944823384284973,0.9055628749493224
DUP_EXPECTED_J,9,03/test/ko/0009.bmp,1,0.33588656783103943,0.22252080733603571
DUP_EXPECTED_J,10,03/test/ko/0010.bmp,1,0.2971125543117523,0.4918173010580154
DUP_EXPECTED_J,11,03/test/ko/0011.bmp,1,0.4497388005256653,0.9182198109317192
DUP_EXPECTED_J,12,03/test/ko/0012.bmp,1,0.28396570682525635,0.4424790580568358
DUP_EXPECTED_J,13,03/test/ko/0013.bmp,1,0.44179365038871765,0.741185768813137
DUP_EXPECTED_J,14,03/test/ko/0014.bmp,1,0.3563704490661621,0.8269774415006328
DUP_EXPECTED_J,15,03/test/ko/0015.bmp,1,0.2676093280315399,0.926424963924964
DUP_EXPECTED_J,16,03/test/ko/0016.bmp,1,0.3044250011444092,0.7888889545446102
DUP_EXPECTED_J,17,03/test/ko/0017.bmp,1,0.38403835892677307,0.8968921223406567
DUP_EXPECTED_J,18,03/test/ko/0018.bmp,1,0.5182346105575562,0.9359627173176415
DUP_EXPECTED_J,19,03/test/ko/0019.bmp,1,0.5010077953338623,0.9777317828314862
DUP_EXPECTED_J,20,03/test/ko/0020.bmp,1,0.3825717866420746,0.2029343115564426
DUP_EXPECTED_J,21,03/test/ko/0021.bmp,1,0.25503307580947876,0.09100987485997794
DUP_EXPECTED_J,22,03/test/ko/0022.bmp,1,0.34805771708488464,0.6443661583679481
DUP_EXPECTED_J,23,03/test/ko/0023.bmp,1,0.30901196599006653,0.24266888940858178
DUP_EXPECTED_J,24,03/test/ko/0024.bmp,1,0.3898104131221771,0.8997700062230081
DUP_EXPECTED_J,25,03/test/ko/0025.bmp,1,0.4169559180736542,0.8288033215750302
DUP_EXPECTED_J,26,03/test/ko/0026.bmp,1,0.4970737099647522,0.9225679630988872
DUP_EXPECTED_J,27,03/test/ko/0027.bmp,1,0.3860626220703125,0.828962010460443
DUP_EXPECTED_J,28,03/test/ko/0028.bmp,0,0.23201166093349457,
DUP_EXPECTED_J,29,03/test/ko/0029.bmp,0,0.25779128074645996,
DUP_EXPECTED_J,30,03/test/ko/0030.bmp,0,0.24073326587677002,
DUP_EXPECTED_J,31,03/test/ko/0031.bmp,0,0.2813153564929962,
DUP_EXPECTED_J,32,03/test/ko/0032.bmp,0,0.2472139447927475,
DUP_EXPECTED_J,33,03/test/ko/0033.bmp,0,0.22736579179763794,
DUP_EXPECTED_J,34,03/test/ko/0034.bmp,0,0.36756572127342224,
DUP_EXPECTED_J,35,03/test/ko/0035.bmp,0,0.24589595198631287,
DUP_EXPECTED_J,36,03/test/ko/0036.bmp,0,0.23103635013103485,
DUP_EXPECTED_J,37,03/test/ko/0037.bmp,0,0.21680302917957306,
DUP_EXPECTED_J,38,03/test/ko/0038.bmp,1,0.5000051259994507,0.9542986300006858
DUP_EXPECTED_J,39,03/test/ko/0039.bmp,1,0.25773537158966064,0.27915326038747357
DUP_EXPECTED_J,40,03/test/ko/0040.bmp,1,0.3484792411327362,0.8660194007559943
DUP_EXPECTED_J,41,03/test/ok/0000.bmp,0,0.17232757806777954,
DUP_EXPECTED_J,42,03/test/ok/0001.bmp,0,0.15549224615097046,
DUP_EXPECTED_J,43,03/test/ok/0002.bmp,0,0.2644254267215729,
DUP_EXPECTED_J,44,03/test/ok/0003.bmp,0,0.15441808104515076,
DUP_EXPECTED_J,45,03/test/ok/0004.bmp,0,0.15482687950134277,
DUP_EXPECTED_J,46,03/test/ok/0005.bmp,0,0.14629553258419037,
DUP_EXPECTED_J,47,03/test/ok/0006.bmp,0,0.21033068001270294,
DUP_EXPECTED_J,48,03/test/ok/0007.bmp,0,0.16406017541885376,
DUP_EXPECTED_J,49,03/test/ok/0008.bmp,0,0.19545136392116547,
DUP_EXPECTED_J,50,03/test/ok/0009.bmp,0,0.17221228778362274,
DUP_EXPECTED_J,51,03/test/ok/0010.bmp,0,0.21186915040016174,
DUP_EXPECTED_J,52,03/test/ok/0011.bmp,0,0.14411412179470062,
DUP_EXPECTED_J,53,03/test/ok/0012.bmp,0,0.19650523364543915,
DUP_EXPECTED_J,54,03/test/ok/0013.bmp,0,0.16146667301654816,
DUP_EXPECTED_J,55,03/test/ok/0014.bmp,0,0.2465890496969223,
DUP_EXPECTED_J,56,03/test/ok/0015.bmp,0,0.1787021905183792,
DUP_EXPECTED_J,57,03/test/ok/0016.bmp,0,0.1673896759748459,
DUP_EXPECTED_J,58,03/test/ok/0017.bmp,0,0.19415153563022614,
DUP_EXPECTED_J,59,03/test/ok/0018.bmp,0,0.1961105614900589,
DUP_EXPECTED_J,60,03/test/ok/0019.bmp,0,0.13594894111156464,
DUP_EXPECTED_J,61,03/test/ok/0020.bmp,0,0.1833188533782959,
DUP_EXPECTED_J,62,03/test/ok/0021.bmp,0,0.19741639494895935,
DUP_EXPECTED_J,63,03/test/ok/0022.bmp,0,0.19933058321475983,
DUP_EXPECTED_J,64,03/test/ok/0023.bmp,0,0.125496968626976,
DUP_EXPECTED_J,65,03/test/ok/0024.bmp,0,0.171902596950531,
DUP_EXPECTED_J,66,03/test/ok/0025.bmp,0,0.14478018879890442,
DUP_EXPECTED_J,67,03/test/ok/0026.bmp,0,0.17410580813884735,
DUP_EXPECTED_J,68,03/test/ok/0027.bmp,0,0.1473613977432251,
DUP_EXPECTED_J,69,03/test/ok/0028.bmp,0,0.16719357669353485,
DUP_EXPECTED_J,70,03/test/ok/0029.bmp,0,0.21589858829975128,
DUP_EXPECTED_J,71,03/test/ok/0030.bmp,0,0.1836821734905243,
DUP_EXPECTED_J,72,03/test/ok/0031.bmp,0,0.18205511569976807,
DUP_EXPECTED_J,73,03/test/ok/0032.bmp,0,0.42388054728507996,
DUP_EXPECTED_J,74,03/test/ok/0033.bmp,0,0.15144288539886475,
DUP_EXPECTED_J,75,03/test/ok/0034.bmp,0,0.22237859666347504,
DUP_EXPECTED_J,76,03/test/ok/0035.bmp,0,0.13583222031593323,
DUP_EXPECTED_J,77,03/test/ok/0036.bmp,0,0.2137182205915451,
DUP_EXPECTED_J,78,03/test/ok/0037.bmp,0,0.16544339060783386,
DUP_EXPECTED_J,79,03/test/ok/0038.bmp,0,0.1757843792438507,
DUP_EXPECTED_J,80,03/test/ok/0039.bmp,0,0.1698876917362213,
DUP_EXPECTED_J,81,03/test/ok/0040.bmp,0,0.16759851574897766,
DUP_EXPECTED_J,82,03/test/ok/0041.bmp,0,0.21535830199718475,
DUP_EXPECTED_J,83,03/test/ok/0042.bmp,0,0.16545361280441284,
DUP_EXPECTED_J,84,03/test/ok/0043.bmp,0,0.1679771989583969,
DUP_EXPECTED_J,85,03/test/ok/0044.bmp,0,0.17376570403575897,
DUP_EXPECTED_J,86,03/test/ok/0045.bmp,0,0.15257495641708374,
DUP_EXPECTED_J,87,03/test/ok/0046.bmp,0,0.1655646413564682,
DUP_EXPECTED_J,88,03/test/ok/0047.bmp,0,0.13081857562065125,
DUP_EXPECTED_J,89,03/test/ok/0048.bmp,0,0.1569996327161789,
DUP_EXPECTED_J,90,03/test/ok/0049.bmp,0,0.15281707048416138,
DUP_EXPECTED_J,91,03/test/ok/0050.bmp,0,0.1702168881893158,
DUP_EXPECTED_J,92,03/test/ok/0051.bmp,0,0.13595075905323029,
DUP_EXPECTED_J,93,03/test/ok/0052.bmp,0,0.17547446489334106,
DUP_EXPECTED_J,94,03/test/ok/0053.bmp,0,0.1676894724369049,
DUP_EXPECTED_J,95,03/test/ok/0054.bmp,0,0.23261405527591705,
DUP_EXPECTED_J,96,03/test/ok/0055.bmp,0,0.1792692393064499,
DUP_EXPECTED_J,97,03/test/ok/0056.bmp,0,0.18381991982460022,
DUP_EXPECTED_J,98,03/test/ok/0057.bmp,0,0.14805710315704346,
DUP_EXPECTED_J,99,03/test/ok/0058.bmp,0,0.16038885712623596,
DUP_EXPECTED_J,100,03/test/ok/0059.bmp,0,0.1964261531829834,
DUP_EXPECTED_J,101,03/test/ok/0060.bmp,0,0.16905638575553894,
DUP_EXPECTED_J,102,03/test/ok/0061.bmp,0,0.14362360537052155,
DUP_EXPECTED_J,103,03/test/ok/0062.bmp,0,0.154057577252388,
DUP_EXPECTED_J,104,03/test/ok/0063.bmp,0,0.15940244495868683,
DUP_EXPECTED_J,105,03/test/ok/0064.bmp,0,0.18860362470149994,
DUP_EXPECTED_J,106,03/test/ok/0065.bmp,0,0.14903323352336884,
DUP_EXPECTED_J,107,03/test/ok/0066.bmp,0,0.17939716577529907,
DUP_EXPECTED_J,108,03/test/ok/0067.bmp,0,0.13395638763904572,
DUP_EXPECTED_J,109,03/test/ok/0068.bmp,0,0.21876277029514313,
DUP_EXPECTED_J,110,03/test/ok/0069.bmp,0,0.2437882423400879,
DUP_EXPECTED_J,111,03/test/ok/0070.bmp,0,0.2364048957824707,
DUP_EXPECTED_J,112,03/test/ok/0071.bmp,0,0.22189976274967194,
DUP_EXPECTED_J,113,03/test/ok/0072.bmp,0,0.14175811409950256,
DUP_EXPECTED_J,114,03/test/ok/0073.bmp,0,0.1840517669916153,
DUP_EXPECTED_J,115,03/test/ok/0074.bmp,0,0.18779370188713074,
DUP_EXPECTED_J,116,03/test/ok/0075.bmp,0,0.17321521043777466,
DUP_EXPECTED_J,117,03/test/ok/0076.bmp,0,0.15651103854179382,
DUP_EXPECTED_J,118,03/test/ok/0077.bmp,0,0.2133052796125412,
DUP_EXPECTED_J,119,03/test/ok/0078.bmp,0,0.18119940161705017,
DUP_EXPECTED_J,120,03/test/ok/0079.bmp,0,0.16019168496131897,
DUP_EXPECTED_J,121,03/test/ok/0080.bmp,0,0.1695200651884079,
DUP_EXPECTED_J,122,03/test/ok/0081.bmp,0,0.17544156312942505,
DUP_EXPECTED_J,123,03/test/ok/0082.bmp,0,0.16461534798145294,
DUP_EXPECTED_J,124,03/test/ok/0083.bmp,0,0.1332661658525467,
DUP_EXPECTED_J,125,03/test/ok/0084.bmp,0,0.16691914200782776,
DUP_EXPECTED_J,126,03/test/ok/0085.bmp,0,0.14956064522266388,
DUP_EXPECTED_J,127,03/test/ok/0086.bmp,0,0.18440671265125275,
DUP_EXPECTED_J,128,03/test/ok/0087.bmp,0,0.15912985801696777,
DUP_EXPECTED_J,129,03/test/ok/0088.bmp,0,0.16779935359954834,
DUP_EXPECTED_J,130,03/test/ok/0089.bmp,0,0.14040149748325348,
DUP_EXPECTED_J,131,03/test/ok/0090.bmp,0,0.17359259724617004,
DUP_EXPECTED_J,132,03/test/ok/0091.bmp,0,0.19318503141403198,
DUP_EXPECTED_J,133,03/test/ok/0092.bmp,0,0.204149067401886,
DUP_EXPECTED_J,134,03/test/ok/0093.bmp,0,0.15367355942726135,
DUP_EXPECTED_J,135,03/test/ok/0094.bmp,0,0.14976274967193604,
DUP_EXPECTED_J,136,03/test/ok/0095.bmp,0,0.12355362623929977,
DUP_EXPECTED_J,137,03/test/ok/0096.bmp,0,0.21594654023647308,
DUP_EXPECTED_J,138,03/test/ok/0097.bmp,0,0.18140745162963867,
DUP_EXPECTED_J,139,03/test/ok/0098.bmp,0,0.162187859416008,
DUP_EXPECTED_J,140,03/test/ok/0099.bmp,0,0.16473373770713806,
DUP_EXPECTED_J,141,03/test/ok/0100.bmp,0,0.15427418053150177,
DUP_EXPECTED_J,142,03/test/ok/0101.bmp,0,0.19861829280853271,
DUP_EXPECTED_J,143,03/test/ok/0102.bmp,0,0.20509101450443268,
DUP_EXPECTED_J,144,03/test/ok/0103.bmp,0,0.14040367305278778,
DUP_EXPECTED_J,145,03/test/ok/0104.bmp,0,0.16935986280441284,
DUP_EXPECTED_J,146,03/test/ok/0105.bmp,0,0.16278812289237976,
DUP_EXPECTED_J,147,03/test/ok/0106.bmp,0,0.21376828849315643,
DUP_EXPECTED_J,148,03/test/ok/0107.bmp,0,0.15693438053131104,
DUP_EXPECTED_J,149,03/test/ok/0108.bmp,0,0.1825413703918457,
DUP_EXPECTED_J,150,03/test/ok/0109.bmp,0,0.1483727991580963,
DUP_EXPECTED_J,151,03/test/ok/0110.bmp,0,0.2481245994567871,
DUP_EXPECTED_J,152,03/test/ok/0111.bmp,0,0.17487910389900208,
DUP_EXPECTED_J,153,03/test/ok/0112.bmp,0,0.16957078874111176,
DUP_EXPECTED_J,154,03/test/ok/0113.bmp,0,0.18801447749137878,
DUP_EXPECTED_J,155,03/test/ok/0114.bmp,0,0.17975084483623505,
DUP_EXPECTED_J,156,03/test/ok/0115.bmp,0,0.13420429825782776,
DUP_EXPECTED_J,157,03/test/ok/0116.bmp,0,0.16076982021331787,
DUP_EXPECTED_J,158,03/test/ok/0117.bmp,0,0.1324906051158905,
DUP_EXPECTED_J,159,03/test/ok/0118.bmp,0,0.16316935420036316,
DUP_EXPECTED_J,160,03/test/ok/0119.bmp,0,0.14190123975276947,
DUP_EXPECTED_J,161,03/test/ok/0120.bmp,0,0.16087162494659424,
DUP_EXPECTED_J,162,03/test/ok/0121.bmp,0,0.1691322922706604,
DUP_EXPECTED_J,163,03/test/ok/0122.bmp,0,0.16225066781044006,
DUP_EXPECTED_J,164,03/test/ok/0123.bmp,0,0.21390853822231293,
DUP_EXPECTED_J,165,03/test/ok/0124.bmp,0,0.16625213623046875,
DUP_EXPECTED_J,166,03/test/ok/0125.bmp,0,0.14158177375793457,
DUP_EXPECTED_J,167,03/test/ok/0126.bmp,0,0.16522669792175293,
DUP_EXPECTED_J,168,03/test/ok/0127.bmp,0,0.13325078785419464,
DUP_EXPECTED_J,169,03/test/ok/0128.bmp,0,0.17067089676856995,
DUP_EXPECTED_J,170,03/test/ok/0129.bmp,0,0.16160215437412262,
DUP_EXPECTED_J,171,03/test/ok/0130.bmp,0,0.1611570566892624,
DUP_EXPECTED_J,172,03/test/ok/0131.bmp,0,0.16652902960777283,
DUP_EXPECTED_J,173,03/test/ok/0132.bmp,0,0.15580961108207703,
DUP_EXPECTED_J,174,03/test/ok/0133.bmp,0,0.16014254093170166,
DUP_EXPECTED_J,175,03/test/ok/0134.bmp,0,0.14123113453388214,
DUP_EXPECTED_J,176,03/test/ok/0135.bmp,0,0.1648082137107849,
DUP_EXPECTED_J,177,03/test/ok/0136.bmp,0,0.18175005912780762,
DUP_EXPECTED_J,178,03/test/ok/0137.bmp,0,0.13994407653808594,
DUP_EXPECTED_J,179,03/test/ok/0138.bmp,0,0.15726809203624725,
DUP_EXPECTED_J,180,03/test/ok/0139.bmp,0,0.15059223771095276,
DUP_EXPECTED_J,181,03/test/ok/0140.bmp,0,0.17460830509662628,
DUP_EXPECTED_J,182,03/test/ok/0141.bmp,0,0.14191433787345886,
DUP_EXPECTED_J,183,03/test/ok/0142.bmp,0,0.17810915410518646,
DUP_EXPECTED_J,184,03/test/ok/0143.bmp,0,0.16528292000293732,
DUP_EXPECTED_J,185,03/test/ok/0144.bmp,0,0.15330912172794342,
DUP_EXPECTED_J,186,03/test/ok/0145.bmp,0,0.1358605921268463,
DUP_EXPECTED_J,187,03/test/ok/0146.bmp,0,0.16897520422935486,
DUP_EXPECTED_J,188,03/test/ok/0147.bmp,0,0.20213966071605682,
DUP_EXPECTED_J,189,03/test/ok/0148.bmp,0,0.21362073719501495,
DUP_EXPECTED_J,190,03/test/ok/0149.bmp,0,0.15295283496379852,
DUP_EXPECTED_J,191,03/test/ok/0150.bmp,0,0.16984081268310547,
DUP_EXPECTED_J,192,03/test/ok/0151.bmp,0,0.19389307498931885,
DUP_EXPECTED_J,193,03/test/ok/0152.bmp,0,0.1392420381307602,
DUP_EXPECTED_J,194,03/test/ok/0153.bmp,0,0.1699078381061554,
DUP_EXPECTED_J,195,03/test/ok/0154.bmp,0,0.18107987940311432,
DUP_EXPECTED_J,196,03/test/ok/0155.bmp,0,0.2159530222415924,
DUP_EXPECTED_J,197,03/test/ok/0156.bmp,0,0.1518668681383133,
DUP_EXPECTED_J,198,03/test/ok/0157.bmp,0,0.14568041265010834,
DUP_EXPECTED_J,199,03/test/ok/0158.bmp,0,0.1705513298511505,
DUP_EXPECTED_J,200,03/test/ok/0159.bmp,0,0.14939811825752258,
DUP_EXPECTED_J,201,03/test/ok/0160.bmp,0,0.1658196896314621,
DUP_EXPECTED_J,202,03/test/ok/0161.bmp,0,0.1732887178659439,
DUP_EXPECTED_J,203,03/test/ok/0162.bmp,0,0.16131877899169922,
DUP_EXPECTED_J,204,03/test/ok/0163.bmp,0,0.1371297687292099,
DUP_EXPECTED_J,205,03/test/ok/0164.bmp,0,0.18762804567813873,
DUP_EXPECTED_J,206,03/test/ok/0165.bmp,0,0.163251131772995,
DUP_EXPECTED_J,207,03/test/ok/0166.bmp,0,0.21427525579929352,
DUP_EXPECTED_J,208,03/test/ok/0167.bmp,0,0.1406361609697342,
DUP_EXPECTED_J,209,03/test/ok/0168.bmp,0,0.18374304473400116,
DUP_EXPECTED_J,210,03/test/ok/0169.bmp,0,0.1716335564851761,
DUP_EXPECTED_J,211,03/test/ok/0170.bmp,0,0.1592983603477478,
DUP_EXPECTED_J,212,03/test/ok/0171.bmp,0,0.14432629942893982,
DUP_EXPECTED_J,213,03/test/ok/0172.bmp,0,0.1956629902124405,
DUP_EXPECTED_J,214,03/test/ok/0173.bmp,0,0.17039136588573456,
DUP_EXPECTED_J,215,03/test/ok/0174.bmp,0,0.15928153693675995,
DUP_EXPECTED_J,216,03/test/ok/0175.bmp,0,0.13540315628051758,
DUP_EXPECTED_J,217,03/test/ok/0176.bmp,0,0.15864665806293488,
DUP_EXPECTED_J,218,03/test/ok/0177.bmp,0,0.17088577151298523,
DUP_EXPECTED_J,219,03/test/ok/0178.bmp,0,0.17187611758708954,
DUP_EXPECTED_J,220,03/test/ok/0179.bmp,0,0.13405318558216095,
DUP_EXPECTED_J,221,03/test/ok/0180.bmp,0,0.20701360702514648,
DUP_EXPECTED_J,222,03/test/ok/0181.bmp,0,0.14578571915626526,
DUP_EXPECTED_J,223,03/test/ok/0182.bmp,0,0.2145225554704666,
DUP_EXPECTED_J,224,03/test/ok/0183.bmp,0,0.13830704987049103,
DUP_EXPECTED_J,225,03/test/ok/0184.bmp,0,0.1970294713973999,
DUP_EXPECTED_J,226,03/test/ok/0185.bmp,0,0.171896830201149,
DUP_EXPECTED_J,227,03/test/ok/0186.bmp,0,0.16360430419445038,
DUP_EXPECTED_J,228,03/test/ok/0187.bmp,0,0.1718343049287796,
DUP_EXPECTED_J,229,03/test/ok/0188.bmp,0,0.17016226053237915,
DUP_EXPECTED_J,230,03/test/ok/0189.bmp,0,0.12521402537822723,
DUP_EXPECTED_J,231,03/test/ok/0190.bmp,0,0.16591747105121613,
DUP_EXPECTED_J,232,03/test/ok/0191.bmp,0,0.13470877707004547,
DUP_EXPECTED_J,233,03/test/ok/0192.bmp,0,0.20138290524482727,
DUP_EXPECTED_J,234,03/test/ok/0193.bmp,0,0.18890582025051117,
DUP_EXPECTED_J,235,03/test/ok/0194.bmp,0,0.20133110880851746,
DUP_EXPECTED_J,236,03/test/ok/0195.bmp,0,0.17373450100421906,
DUP_EXPECTED_J,237,03/test/ok/0196.bmp,0,0.1511872559785843,
DUP_EXPECTED_J,238,03/test/ok/0197.bmp,0,0.1345263421535492,
DUP_EXPECTED_J,239,03/test/ok/0198.bmp,0,0.15985769033432007,
DUP_EXPECTED_J,240,03/test/ok/0199.bmp,0,0.14920541644096375,
DUP_EXPECTED_J,241,03/test/ok/0200.bmp,0,0.1576390117406845,
DUP_EXPECTED_J,242,03/test/ok/0201.bmp,0,0.14259827136993408,
DUP_EXPECTED_J,243,03/test/ok/0202.bmp,0,0.14395830035209656,
DUP_EXPECTED_J,244,03/test/ok/0203.bmp,0,0.1649489402770996,
DUP_EXPECTED_J,245,03/test/ok/0204.bmp,0,0.18354499340057373,
DUP_EXPECTED_J,246,03/test/ok/0205.bmp,0,0.2706235945224762,
DUP_EXPECTED_J,247,03/test/ok/0206.bmp,0,0.21351878345012665,
DUP_EXPECTED_J,248,03/test/ok/0207.bmp,0,0.15210607647895813,
DUP_EXPECTED_J,249,03/test/ok/0208.bmp,0,0.159097358584404,
DUP_EXPECTED_J,250,03/test/ok/0209.bmp,0,0.15154537558555603,
DUP_EXPECTED_J,251,03/test/ok/0210.bmp,0,0.17102910578250885,
DUP_EXPECTED_J,252,03/test/ok/0211.bmp,0,0.13224096596240997,
DUP_EXPECTED_J,253,03/test/ok/0212.bmp,0,0.1854967325925827,
DUP_EXPECTED_J,254,03/test/ok/0213.bmp,0,0.15236619114875793,
DUP_EXPECTED_J,255,03/test/ok/0214.bmp,0,0.16940078139305115,
DUP_EXPECTED_J,256,03/test/ok/0215.bmp,0,0.15813183784484863,
DUP_EXPECTED_J,257,03/test/ok/0216.bmp,0,0.17144982516765594,
DUP_EXPECTED_J,258,03/test/ok/0217.bmp,0,0.14157734811306,
DUP_EXPECTED_J,259,03/test/ok/0218.bmp,0,0.16669873893260956,
DUP_EXPECTED_J,260,03/test/ok/0219.bmp,0,0.16917847096920013,
DUP_EXPECTED_J,261,03/test/ok/0220.bmp,0,0.17817339301109314,
DUP_EXPECTED_J,262,03/test/ok/0221.bmp,0,0.1484776735305786,
DUP_EXPECTED_J,263,03/test/ok/0222.bmp,0,0.18950031697750092,
DUP_EXPECTED_J,264,03/test/ok/0223.bmp,0,0.13559912145137787,
DUP_EXPECTED_J,265,03/test/ok/0224.bmp,0,0.16064366698265076,
DUP_EXPECTED_J,266,03/test/ok/0225.bmp,0,0.16424211859703064,
DUP_EXPECTED_J,267,03/test/ok/0226.bmp,0,0.18531900644302368,
DUP_EXPECTED_J,268,03/test/ok/0227.bmp,0,0.169180229306221,
DUP_EXPECTED_J,269,03/test/ok/0228.bmp,0,0.18353140354156494,
DUP_EXPECTED_J,270,03/test/ok/0229.bmp,0,0.13846278190612793,
DUP_EXPECTED_J,271,03/test/ok/0230.bmp,0,0.15840312838554382,
DUP_EXPECTED_J,272,03/test/ok/0231.bmp,0,0.15419591963291168,
DUP_EXPECTED_J,273,03/test/ok/0232.bmp,0,0.20238305628299713,
DUP_EXPECTED_J,274,03/test/ok/0233.bmp,0,0.11113258451223373,
DUP_EXPECTED_J,275,03/test/ok/0234.bmp,0,0.21623685956001282,
DUP_EXPECTED_J,276,03/test/ok/0235.bmp,0,0.1321491003036499,
DUP_EXPECTED_J,277,03/test/ok/0236.bmp,0,0.2031036913394928,
DUP_EXPECTED_J,278,03/test/ok/0237.bmp,0,0.1407403200864792,
DUP_EXPECTED_J,279,03/test/ok/0238.bmp,0,0.15471221506595612,
DUP_EXPECTED_J,280,03/test/ok/0239.bmp,0,0.12539398670196533,
DUP_EXPECTED_J,281,03/test/ok/0240.bmp,0,0.18355360627174377,
DUP_EXPECTED_J,282,03/test/ok/0241.bmp,0,0.16689729690551758,
DUP_EXPECTED_J,283,03/test/ok/0242.bmp,0,0.1835886538028717,
DUP_EXPECTED_J,284,03/test/ok/0243.bmp,0,0.3080946207046509,
DUP_EXPECTED_J,285,03/test/ok/0244.bmp,0,0.22005194425582886,
DUP_EXPECTED_J,286,03/test/ok/0245.bmp,0,0.18136727809906006,
DUP_EXPECTED_J,287,03/test/ok/0246.bmp,0,0.16505998373031616,
DUP_EXPECTED_J,288,03/test/ok/0247.bmp,0,0.14732466638088226,
DUP_EXPECTED_J,289,03/test/ok/0248.bmp,0,0.15613211691379547,
DUP_EXPECTED_J,290,03/test/ok/0249.bmp,0,0.16532954573631287,
DUP_EXPECTED_J,291,03/test/ok/0250.bmp,0,0.14416736364364624,
DUP_EXPECTED_J,292,03/test/ok/0251.bmp,0,0.16202636063098907,
DUP_EXPECTED_J,293,03/test/ok/0252.bmp,0,0.20175336301326752,
DUP_EXPECTED_J,294,03/test/ok/0253.bmp,0,0.14969106018543243,
DUP_EXPECTED_J,295,03/test/ok/0254.bmp,0,0.20731770992279053,
DUP_EXPECTED_J,296,03/test/ok/0255.bmp,0,0.1703331023454666,
DUP_EXPECTED_J,297,03/test/ok/0256.bmp,0,0.17232483625411987,
DUP_EXPECTED_J,298,03/test/ok/0257.bmp,0,0.15977716445922852,
DUP_EXPECTED_J,299,03/test/ok/0258.bmp,0,0.15481168031692505,
DUP_EXPECTED_J,300,03/test/ok/0259.bmp,0,0.14178703725337982,
DUP_EXPECTED_J,301,03/test/ok/0260.bmp,0,0.17932958900928497,
DUP_EXPECTED_J,302,03/test/ok/0261.bmp,0,0.1831718236207962,
DUP_EXPECTED_J,303,03/test/ok/0262.bmp,0,0.16903792321681976,
DUP_EXPECTED_J,304,03/test/ok/0263.bmp,0,0.16861656308174133,
DUP_EXPECTED_J,305,03/test/ok/0264.bmp,0,0.1780259609222412,
DUP_EXPECTED_J,306,03/test/ok/0265.bmp,0,0.197043776512146,
DUP_EXPECTED_J,307,03/test/ok/0266.bmp,0,0.19066493213176727,
DUP_EXPECTED_J,308,03/test/ok/0267.bmp,0,0.16460637748241425,
DUP_EXPECTED_J,309,03/test/ok/0268.bmp,0,0.1611882895231247,
DUP_EXPECTED_J,310,03/test/ok/0269.bmp,0,0.16144005954265594,
DUP_EXPECTED_J,311,03/test/ok/0270.bmp,0,0.1973036229610443,
DUP_EXPECTED_J,312,03/test/ok/0271.bmp,0,0.15961386263370514,
DUP_EXPECTED_J,313,03/test/ok/0272.bmp,0,0.14388833940029144,
DUP_EXPECTED_J,314,03/test/ok/0273.bmp,0,0.15214374661445618,
DUP_EXPECTED_J,315,03/test/ok/0274.bmp,0,0.16506218910217285,
DUP_EXPECTED_J,316,03/test/ok/0275.bmp,0,0.15055973827838898,
DUP_EXPECTED_J,317,03/test/ok/0276.bmp,0,0.15366369485855103,
DUP_EXPECTED_J,318,03/test/ok/0277.bmp,0,0.15650033950805664,
DUP_EXPECTED_J,319,03/test/ok/0278.bmp,0,0.15484611690044403,
DUP_EXPECTED_J,320,03/test/ok/0279.bmp,0,0.13826939463615417,
DUP_EXPECTED_J,321,03/test/ok/0280.bmp,0,0.2086140364408493,
DUP_EXPECTED_J,322,03/test/ok/0281.bmp,0,0.19360168278217316,
DUP_EXPECTED_J,323,03/test/ok/0282.bmp,0,0.16329604387283325,
DUP_EXPECTED_J,324,03/test/ok/0283.bmp,0,0.2358165681362152,
DUP_EXPECTED_J,325,03/test/ok/0284.bmp,0,0.18283149600028992,
DUP_EXPECTED_J,326,03/test/ok/0285.bmp,0,0.12746991217136383,
DUP_EXPECTED_J,327,03/test/ok/0286.bmp,0,0.17708341777324677,
DUP_EXPECTED_J,328,03/test/ok/0287.bmp,0,0.19120299816131592,
DUP_EXPECTED_J,329,03/test/ok/0288.bmp,0,0.1889486461877823,
DUP_EXPECTED_J,330,03/test/ok/0289.bmp,0,0.19759830832481384,
DUP_EXPECTED_J,331,03/test/ok/0290.bmp,0,0.19143375754356384,
DUP_EXPECTED_J,332,03/test/ok/0291.bmp,0,0.1628401279449463,
DUP_EXPECTED_J,333,03/test/ok/0292.bmp,0,0.1775887906551361,
DUP_EXPECTED_J,334,03/test/ok/0293.bmp,0,0.13417141139507294,
DUP_EXPECTED_J,335,03/test/ok/0294.bmp,0,0.17546717822551727,
DUP_EXPECTED_J,336,03/test/ok/0295.bmp,0,0.15613460540771484,
DUP_EXPECTED_J,337,03/test/ok/0296.bmp,0,0.1805618703365326,
DUP_EXPECTED_J,338,03/test/ok/0297.bmp,0,0.1683855652809143,
DUP_EXPECTED_J,339,03/test/ok/0298.bmp,0,0.21259477734565735,
DUP_EXPECTED_J,340,03/test/ok/0299.bmp,0,0.14093585312366486,
DUP_EXPECTED_J,341,03/test/ok/0300.bmp,0,0.16942042112350464,
DUP_EXPECTED_J,342,03/test/ok/0301.bmp,0,0.15704964101314545,
DUP_EXPECTED_J,343,03/test/ok/0302.bmp,0,0.15048837661743164,
DUP_EXPECTED_J,344,03/test/ok/0303.bmp,0,0.18263104557991028,
DUP_EXPECTED_J,345,03/test/ok/0304.bmp,0,0.18968242406845093,
DUP_EXPECTED_J,346,03/test/ok/0305.bmp,0,0.15153257548809052,
DUP_EXPECTED_J,347,03/test/ok/0306.bmp,0,0.1924794614315033,
DUP_EXPECTED_J,348,03/test/ok/0307.bmp,0,0.19668640196323395,
DUP_EXPECTED_J,349,03/test/ok/0308.bmp,0,0.1706869751214981,
DUP_EXPECTED_J,350,03/test/ok/0309.bmp,0,0.2289474904537201,
DUP_EXPECTED_J,351,03/test/ok/0310.bmp,0,0.2270050048828125,
DUP_EXPECTED_J,352,03/test/ok/0311.bmp,0,0.1916099190711975,
DUP_EXPECTED_J,353,03/test/ok/0312.bmp,0,0.18757644295692444,
DUP_EXPECTED_J,354,03/test/ok/0313.bmp,0,0.18622300028800964,
DUP_EXPECTED_J,355,03/test/ok/0314.bmp,0,0.18125711381435394,
DUP_EXPECTED_J,356,03/test/ok/0315.bmp,0,0.19907742738723755,
DUP_EXPECTED_J,357,03/test/ok/0316.bmp,0,0.1685023456811905,
DUP_EXPECTED_J,358,03/test/ok/0317.bmp,0,0.17370861768722534,
DUP_EXPECTED_J,359,03/test/ok/0318.bmp,0,0.1578388810157776,
DUP_EXPECTED_J,360,03/test/ok/0319.bmp,0,0.14189103245735168,
DUP_EXPECTED_J,361,03/test/ok/0320.bmp,0,0.16729384660720825,
DUP_EXPECTED_J,362,03/test/ok/0321.bmp,0,0.15672235190868378,
DUP_EXPECTED_J,363,03/test/ok/0322.bmp,0,0.1805996149778366,
DUP_EXPECTED_J,364,03/test/ok/0323.bmp,0,0.17247919738292694,
DUP_EXPECTED_J,365,03/test/ok/0324.bmp,0,0.16180166602134705,
DUP_EXPECTED_J,366,03/test/ok/0325.bmp,0,0.18824812769889832,
DUP_EXPECTED_J,367,03/test/ok/0326.bmp,0,0.16277152299880981,
DUP_EXPECTED_J,368,03/test/ok/0327.bmp,0,0.17286290228366852,
DUP_EXPECTED_J,369,03/test/ok/0328.bmp,0,0.2016502469778061,
DUP_EXPECTED_J,370,03/test/ok/0329.bmp,0,0.1965385377407074,
DUP_EXPECTED_J,371,03/test/ok/0330.bmp,0,0.14567016065120697,
DUP_EXPECTED_J,372,03/test/ok/0331.bmp,0,0.22865203022956848,
DUP_EXPECTED_J,373,03/test/ok/0332.bmp,0,0.16754060983657837,
DUP_EXPECTED_J,374,03/test/ok/0333.bmp,0,0.1644534319639206,
DUP_EXPECTED_J,375,03/test/ok/0334.bmp,0,0.16196602582931519,
DUP_EXPECTED_J,376,03/test/ok/0335.bmp,0,0.14636017382144928,
DUP_EXPECTED_J,377,03/test/ok/0336.bmp,0,0.14219357073307037,
DUP_EXPECTED_J,378,03/test/ok/0337.bmp,0,0.1720961630344391,
DUP_EXPECTED_J,379,03/test/ok/0338.bmp,0,0.17914293706417084,
DUP_EXPECTED_J,380,03/test/ok/0339.bmp,0,0.20033231377601624,
DUP_EXPECTED_J,381,03/test/ok/0340.bmp,0,0.1559184044599533,
DUP_EXPECTED_J,382,03/test/ok/0341.bmp,0,0.15998120605945587,
DUP_EXPECTED_J,383,03/test/ok/0342.bmp,0,0.1529305875301361,
DUP_EXPECTED_J,384,03/test/ok/0343.bmp,0,0.16881662607192993,
DUP_EXPECTED_J,385,03/test/ok/0344.bmp,0,0.17809434235095978,
DUP_EXPECTED_J,386,03/test/ok/0345.bmp,0,0.2518254518508911,
DUP_EXPECTED_J,387,03/test/ok/0346.bmp,0,0.18539409339427948,
DUP_EXPECTED_J,388,03/test/ok/0347.bmp,0,0.14505520462989807,
DUP_EXPECTED_J,389,03/test/ok/0348.bmp,0,0.19124381244182587,
DUP_EXPECTED_J,390,03/test/ok/0349.bmp,0,0.17956368625164032,
DUP_EXPECTED_J,391,03/test/ok/0350.bmp,0,0.1742100566625595,
DUP_EXPECTED_J,392,03/test/ok/0351.bmp,0,0.2559502124786377,
DUP_EXPECTED_J,393,03/test/ok/0352.bmp,0,0.13811154663562775,
DUP_EXPECTED_J,394,03/test/ok/0353.bmp,0,0.2426990270614624,
DUP_EXPECTED_J,395,03/test/ok/0354.bmp,0,0.1384194791316986,
DUP_EXPECTED_J,396,03/test/ok/0355.bmp,0,0.20762929320335388,
DUP_EXPECTED_J,397,03/test/ok/0356.bmp,0,0.18167662620544434,
DUP_EXPECTED_J,398,03/test/ok/0357.bmp,0,0.1907137781381607,
DUP_EXPECTED_J,399,03/test/ok/0358.bmp,0,0.17385564744472504,
DUP_EXPECTED_J,400,03/test/ok/0359.bmp,0,0.22536084055900574,
DUP_EXPECTED_J,401,03/test/ok/0360.bmp,0,0.15816643834114075,
DUP_EXPECTED_J,402,03/test/ok/0361.bmp,0,0.21065974235534668,
DUP_EXPECTED_J,403,03/test/ok/0362.bmp,0,0.2070365846157074,
DUP_EXPECTED_J,404,03/test/ok/0363.bmp,0,0.1864856332540512,
DUP_EXPECTED_J,405,03/test/ok/0364.bmp,0,0.1772409975528717,
DUP_EXPECTED_J,406,03/test/ok/0365.bmp,0,0.17395499348640442,
DUP_EXPECTED_J,407,03/test/ok/0366.bmp,0,0.1574726402759552,
DUP_EXPECTED_J,408,03/test/ok/0367.bmp,0,0.16911634802818298,
DUP_EXPECTED_J,409,03/test/ok/0368.bmp,0,0.2446528822183609,
DUP_EXPECTED_J,410,03/test/ok/0369.bmp,0,0.18876506388187408,
DUP_EXPECTED_J,411,03/test/ok/0370.bmp,0,0.20941060781478882,
DUP_EXPECTED_J,412,03/test/ok/0371.bmp,0,0.21006810665130615,
DUP_EXPECTED_J,413,03/test/ok/0372.bmp,0,0.18781204521656036,
DUP_EXPECTED_J,414,03/test/ok/0373.bmp,0,0.1738099455833435,
DUP_EXPECTED_J,415,03/test/ok/0374.bmp,0,0.1742151826620102,
DUP_EXPECTED_J,416,03/test/ok/0375.bmp,0,0.20452545583248138,
DUP_EXPECTED_J,417,03/test/ok/0376.bmp,0,0.14962726831436157,
DUP_EXPECTED_J,418,03/test/ok/0377.bmp,0,0.18303591012954712,
DUP_EXPECTED_J,419,03/test/ok/0378.bmp,0,0.26669397950172424,
DUP_EXPECTED_J,420,03/test/ok/0379.bmp,0,0.20695927739143372,
DUP_EXPECTED_J,421,03/test/ok/0380.bmp,0,0.20845907926559448,
DUP_EXPECTED_J,422,03/test/ok/0381.bmp,0,0.18921878933906555,
DUP_EXPECTED_J,423,03/test/ok/0382.bmp,0,0.14848941564559937,
DUP_EXPECTED_J,424,03/test/ok/0383.bmp,0,0.26796382665634155,
DUP_EXPECTED_J,425,03/test/ok/0384.bmp,0,0.19663295149803162,
DUP_EXPECTED_J,426,03/test/ok/0385.bmp,0,0.1821112185716629,
DUP_EXPECTED_J,427,03/test/ok/0386.bmp,0,0.20454782247543335,
DUP_EXPECTED_J,428,03/test/ok/0387.bmp,0,0.2019554227590561,
DUP_EXPECTED_J,429,03/test/ok/0388.bmp,0,0.17882344126701355,
DUP_EXPECTED_J,430,03/test/ok/0389.bmp,0,0.18116174638271332,
DUP_EXPECTED_J,431,03/test/ok/0390.bmp,0,0.19261354207992554,
DUP_EXPECTED_J,432,03/test/ok/0391.bmp,0,0.1652659773826599,
DUP_EXPECTED_J,433,03/test/ok/0392.bmp,0,0.153127983212471,
DUP_EXPECTED_J,434,03/test/ok/0393.bmp,0,0.1731404811143875,
DUP_EXPECTED_J,435,03/test/ok/0394.bmp,0,0.16049744188785553,
DUP_EXPECTED_J,436,03/test/ok/0395.bmp,0,0.1644638478755951,
DUP_EXPECTED_J,437,03/test/ok/0396.bmp,0,0.16505876183509827,
DUP_EXPECTED_J,438,03/test/ok/0397.bmp,0,0.17203448712825775,
DUP_EXPECTED_J,439,03/test/ok/0398.bmp,0,0.17472097277641296,
DUP_EXPECTED_J,440,03/test/ok/0399.bmp,0,0.19402295351028442,
A1_L,0,03/test/ko/0000.bmp,1,0.3862726390361786,0.7454107730629062
A1_L,1,03/test/ko/0001.bmp,1,0.3942648470401764,0.85156671081129
A1_L,2,03/test/ko/0002.bmp,1,0.4008532166481018,0.7924989495642426
A1_L,3,03/test/ko/0003.bmp,1,0.3930659592151642,0.9127633365596283
A1_L,4,03/test/ko/0004.bmp,1,0.3237711191177368,0.7981399480662721
A1_L,5,03/test/ko/0005.bmp,1,0.3908730149269104,0.8750164298153368
A1_L,6,03/test/ko/0006.bmp,1,0.3992232084274292,0.9200596674971463
A1_L,7,03/test/ko/0007.bmp,1,0.2897125482559204,0.8620550226867902
A1_L,8,03/test/ko/0008.bmp,1,0.40271803736686707,0.9311091092448439
A1_L,9,03/test/ko/0009.bmp,1,0.2517043352127075,0.2509690705867233
A1_L,10,03/test/ko/0010.bmp,1,0.23338693380355835,0.535884721358086
A1_L,11,03/test/ko/0011.bmp,1,0.3463521897792816,0.9076563879158576
A1_L,12,03/test/ko/0012.bmp,1,0.25070008635520935,0.20956961817444356
A1_L,13,03/test/ko/0013.bmp,1,0.33045467734336853,0.7709649897653503
A1_L,14,03/test/ko/0014.bmp,1,0.2792416214942932,0.8232695194193664
A1_L,15,03/test/ko/0015.bmp,1,0.19167962670326233,0.8952134986225896
A1_L,16,03/test/ko/0016.bmp,1,0.22721002995967865,0.7870104456095727
A1_L,17,03/test/ko/0017.bmp,1,0.3056257665157318,0.8586010152188212
A1_L,18,03/test/ko/0018.bmp,1,0.43995124101638794,0.9436735446094605
A1_L,19,03/test/ko/0019.bmp,1,0.40555647015571594,0.9787626783039555
A1_L,20,03/test/ko/0020.bmp,1,0.2926011383533478,0.20188211800343175
A1_L,21,03/test/ko/0021.bmp,1,0.18228113651275635,0.1189511692363274
A1_L,22,03/test/ko/0022.bmp,1,0.26617950201034546,0.6368998531786276
A1_L,23,03/test/ko/0023.bmp,1,0.23466268181800842,0.24518443268316925
A1_L,24,03/test/ko/0024.bmp,1,0.31454214453697205,0.9093104749665205
A1_L,25,03/test/ko/0025.bmp,1,0.34218019247055054,0.8467672136700465
A1_L,26,03/test/ko/0026.bmp,1,0.41133904457092285,0.9314664169775938
A1_L,27,03/test/ko/0027.bmp,1,0.3432880938053131,0.852277628090091
A1_L,28,03/test/ko/0028.bmp,0,0.17575715482234955,
A1_L,29,03/test/ko/0029.bmp,0,0.1873997002840042,
A1_L,30,03/test/ko/0030.bmp,0,0.2454833686351776,
A1_L,31,03/test/ko/0031.bmp,0,0.22283771634101868,
A1_L,32,03/test/ko/0032.bmp,0,0.18547509610652924,
A1_L,33,03/test/ko/0033.bmp,0,0.17111298441886902,
A1_L,34,03/test/ko/0034.bmp,0,0.275281697511673,
A1_L,35,03/test/ko/0035.bmp,0,0.24483834207057953,
A1_L,36,03/test/ko/0036.bmp,0,0.16113139688968658,
A1_L,37,03/test/ko/0037.bmp,0,0.16547343134880066,
A1_L,38,03/test/ko/0038.bmp,1,0.404287189245224,0.9526315411043347
A1_L,39,03/test/ko/0039.bmp,1,0.20429183542728424,0.261274139006878
A1_L,40,03/test/ko/0040.bmp,1,0.2846871614456177,0.8845319869666773
A1_L,41,03/test/ok/0000.bmp,0,0.13158106803894043,
A1_L,42,03/test/ok/0001.bmp,0,0.10829820483922958,
A1_L,43,03/test/ok/0002.bmp,0,0.25839903950691223,
A1_L,44,03/test/ok/0003.bmp,0,0.11404597759246826,
A1_L,45,03/test/ok/0004.bmp,0,0.15467378497123718,
A1_L,46,03/test/ok/0005.bmp,0,0.10744285583496094,
A1_L,47,03/test/ok/0006.bmp,0,0.1774531602859497,
A1_L,48,03/test/ok/0007.bmp,0,0.16954471170902252,
A1_L,49,03/test/ok/0008.bmp,0,0.1763370931148529,
A1_L,50,03/test/ok/0009.bmp,0,0.12377876043319702,
A1_L,51,03/test/ok/0010.bmp,0,0.14408010244369507,
A1_L,52,03/test/ok/0011.bmp,0,0.10580974072217941,
A1_L,53,03/test/ok/0012.bmp,0,0.12849634885787964,
A1_L,54,03/test/ok/0013.bmp,0,0.1199231669306755,
A1_L,55,03/test/ok/0014.bmp,0,0.24419677257537842,
A1_L,56,03/test/ok/0015.bmp,0,0.13452190160751343,
A1_L,57,03/test/ok/0016.bmp,0,0.1262858510017395,
A1_L,58,03/test/ok/0017.bmp,0,0.1386798471212387,
A1_L,59,03/test/ok/0018.bmp,0,0.13844828307628632,
A1_L,60,03/test/ok/0019.bmp,0,0.10338374972343445,
A1_L,61,03/test/ok/0020.bmp,0,0.136124849319458,
A1_L,62,03/test/ok/0021.bmp,0,0.1381959319114685,
A1_L,63,03/test/ok/0022.bmp,0,0.1386062651872635,
A1_L,64,03/test/ok/0023.bmp,0,0.08713973313570023,
A1_L,65,03/test/ok/0024.bmp,0,0.1203019917011261,
A1_L,66,03/test/ok/0025.bmp,0,0.10498259961605072,
A1_L,67,03/test/ok/0026.bmp,0,0.17819412052631378,
A1_L,68,03/test/ok/0027.bmp,0,0.10663363337516785,
A1_L,69,03/test/ok/0028.bmp,0,0.12122710794210434,
A1_L,70,03/test/ok/0029.bmp,0,0.14702624082565308,
A1_L,71,03/test/ok/0030.bmp,0,0.13133427500724792,
A1_L,72,03/test/ok/0031.bmp,0,0.1528557986021042,
A1_L,73,03/test/ok/0032.bmp,0,0.35021036863327026,
A1_L,74,03/test/ok/0033.bmp,0,0.10796837508678436,
A1_L,75,03/test/ok/0034.bmp,0,0.20770688354969025,
A1_L,76,03/test/ok/0035.bmp,0,0.08801428973674774,
A1_L,77,03/test/ok/0036.bmp,0,0.16242916882038116,
A1_L,78,03/test/ok/0037.bmp,0,0.12349291145801544,
A1_L,79,03/test/ok/0038.bmp,0,0.13315604627132416,
A1_L,80,03/test/ok/0039.bmp,0,0.1223076581954956,
A1_L,81,03/test/ok/0040.bmp,0,0.12617246806621552,
A1_L,82,03/test/ok/0041.bmp,0,0.15631255507469177,
A1_L,83,03/test/ok/0042.bmp,0,0.12106789648532867,
A1_L,84,03/test/ok/0043.bmp,0,0.16998757421970367,
A1_L,85,03/test/ok/0044.bmp,0,0.12428184598684311,
A1_L,86,03/test/ok/0045.bmp,0,0.10676610469818115,
A1_L,87,03/test/ok/0046.bmp,0,0.11932890117168427,
A1_L,88,03/test/ok/0047.bmp,0,0.09376580268144608,
A1_L,89,03/test/ok/0048.bmp,0,0.11973126232624054,
A1_L,90,03/test/ok/0049.bmp,0,0.11626137793064117,
A1_L,91,03/test/ok/0050.bmp,0,0.12905246019363403,
A1_L,92,03/test/ok/0051.bmp,0,0.11934935301542282,
A1_L,93,03/test/ok/0052.bmp,0,0.12539327144622803,
A1_L,94,03/test/ok/0053.bmp,0,0.1712033748626709,
A1_L,95,03/test/ok/0054.bmp,0,0.2165878862142563,
A1_L,96,03/test/ok/0055.bmp,0,0.1342540681362152,
A1_L,97,03/test/ok/0056.bmp,0,0.14163091778755188,
A1_L,98,03/test/ok/0057.bmp,0,0.10277000069618225,
A1_L,99,03/test/ok/0058.bmp,0,0.11672560125589371,
A1_L,100,03/test/ok/0059.bmp,0,0.15188679099082947,
A1_L,101,03/test/ok/0060.bmp,0,0.11898345500230789,
A1_L,102,03/test/ok/0061.bmp,0,0.10901247709989548,
A1_L,103,03/test/ok/0062.bmp,0,0.11736505478620529,
A1_L,104,03/test/ok/0063.bmp,0,0.09708430618047714,
A1_L,105,03/test/ok/0064.bmp,0,0.1320456564426422,
A1_L,106,03/test/ok/0065.bmp,0,0.10921008884906769,
A1_L,107,03/test/ok/0066.bmp,0,0.13061363995075226,
A1_L,108,03/test/ok/0067.bmp,0,0.10033122450113297,
A1_L,109,03/test/ok/0068.bmp,0,0.21147421002388,
A1_L,110,03/test/ok/0069.bmp,0,0.18129126727581024,
A1_L,111,03/test/ok/0070.bmp,0,0.1779199093580246,
A1_L,112,03/test/ok/0071.bmp,0,0.16570882499217987,
A1_L,113,03/test/ok/0072.bmp,0,0.10128696262836456,
A1_L,114,03/test/ok/0073.bmp,0,0.13853606581687927,
A1_L,115,03/test/ok/0074.bmp,0,0.1402406096458435,
A1_L,116,03/test/ok/0075.bmp,0,0.13305699825286865,
A1_L,117,03/test/ok/0076.bmp,0,0.10481878370046616,
A1_L,118,03/test/ok/0077.bmp,0,0.16219274699687958,
A1_L,119,03/test/ok/0078.bmp,0,0.13022351264953613,
A1_L,120,03/test/ok/0079.bmp,0,0.11724087595939636,
A1_L,121,03/test/ok/0080.bmp,0,0.12503226101398468,
A1_L,122,03/test/ok/0081.bmp,0,0.13178189098834991,
A1_L,123,03/test/ok/0082.bmp,0,0.13246026635169983,
A1_L,124,03/test/ok/0083.bmp,0,0.09982001036405563,
A1_L,125,03/test/ok/0084.bmp,0,0.1199769601225853,
A1_L,126,03/test/ok/0085.bmp,0,0.13506148755550385,
A1_L,127,03/test/ok/0086.bmp,0,0.1331850290298462,
A1_L,128,03/test/ok/0087.bmp,0,0.1191428154706955,
A1_L,129,03/test/ok/0088.bmp,0,0.12729384005069733,
A1_L,130,03/test/ok/0089.bmp,0,0.15597832202911377,
A1_L,131,03/test/ok/0090.bmp,0,0.1241227239370346,
A1_L,132,03/test/ok/0091.bmp,0,0.14601296186447144,
A1_L,133,03/test/ok/0092.bmp,0,0.17774775624275208,
A1_L,134,03/test/ok/0093.bmp,0,0.10752665996551514,
A1_L,135,03/test/ok/0094.bmp,0,0.11023329943418503,
A1_L,136,03/test/ok/0095.bmp,0,0.09216178953647614,
A1_L,137,03/test/ok/0096.bmp,0,0.17941559851169586,
A1_L,138,03/test/ok/0097.bmp,0,0.1408243477344513,
A1_L,139,03/test/ok/0098.bmp,0,0.1215360015630722,
A1_L,140,03/test/ok/0099.bmp,0,0.13204817473888397,
A1_L,141,03/test/ok/0100.bmp,0,0.11458193510770798,
A1_L,142,03/test/ok/0101.bmp,0,0.14821147918701172,
A1_L,143,03/test/ok/0102.bmp,0,0.15794435143470764,
A1_L,144,03/test/ok/0103.bmp,0,0.10175543278455734,
A1_L,145,03/test/ok/0104.bmp,0,0.12806029617786407,
A1_L,146,03/test/ok/0105.bmp,0,0.11673053354024887,
A1_L,147,03/test/ok/0106.bmp,0,0.1436532437801361,
A1_L,148,03/test/ok/0107.bmp,0,0.14591801166534424,
A1_L,149,03/test/ok/0108.bmp,0,0.13472965359687805,
A1_L,150,03/test/ok/0109.bmp,0,0.10584831237792969,
A1_L,151,03/test/ok/0110.bmp,0,0.18762484192848206,
A1_L,152,03/test/ok/0111.bmp,0,0.11639593541622162,
A1_L,153,03/test/ok/0112.bmp,0,0.12090771645307541,
A1_L,154,03/test/ok/0113.bmp,0,0.19363370537757874,
A1_L,155,03/test/ok/0114.bmp,0,0.11325396597385406,
A1_L,156,03/test/ok/0115.bmp,0,0.09109943360090256,
A1_L,157,03/test/ok/0116.bmp,0,0.1242290660738945,
A1_L,158,03/test/ok/0117.bmp,0,0.09419257193803787,
A1_L,159,03/test/ok/0118.bmp,0,0.11389816552400589,
A1_L,160,03/test/ok/0119.bmp,0,0.09948955476284027,
A1_L,161,03/test/ok/0120.bmp,0,0.15684251487255096,
A1_L,162,03/test/ok/0121.bmp,0,0.18108147382736206,
A1_L,163,03/test/ok/0122.bmp,0,0.12105726450681686,
A1_L,164,03/test/ok/0123.bmp,0,0.15753179788589478,
A1_L,165,03/test/ok/0124.bmp,0,0.11434375494718552,
A1_L,166,03/test/ok/0125.bmp,0,0.10420447587966919,
A1_L,167,03/test/ok/0126.bmp,0,0.11118070036172867,
A1_L,168,03/test/ok/0127.bmp,0,0.13129131495952606,
A1_L,169,03/test/ok/0128.bmp,0,0.11635207384824753,
A1_L,170,03/test/ok/0129.bmp,0,0.11573798209428787,
A1_L,171,03/test/ok/0130.bmp,0,0.11249419301748276,
A1_L,172,03/test/ok/0131.bmp,0,0.11983194202184677,
A1_L,173,03/test/ok/0132.bmp,0,0.11674325913190842,
A1_L,174,03/test/ok/0133.bmp,0,0.10987567901611328,
A1_L,175,03/test/ok/0134.bmp,0,0.10238111019134521,
A1_L,176,03/test/ok/0135.bmp,0,0.11119013279676437,
A1_L,177,03/test/ok/0136.bmp,0,0.13224557042121887,
A1_L,178,03/test/ok/0137.bmp,0,0.10251453518867493,
A1_L,179,03/test/ok/0138.bmp,0,0.11340784281492233,
A1_L,180,03/test/ok/0139.bmp,0,0.11260489374399185,
A1_L,181,03/test/ok/0140.bmp,0,0.13802392780780792,
A1_L,182,03/test/ok/0141.bmp,0,0.11257801949977875,
A1_L,183,03/test/ok/0142.bmp,0,0.12731705605983734,
A1_L,184,03/test/ok/0143.bmp,0,0.12820199131965637,
A1_L,185,03/test/ok/0144.bmp,0,0.11644448339939117,
A1_L,186,03/test/ok/0145.bmp,0,0.09847448021173477,
A1_L,187,03/test/ok/0146.bmp,0,0.12338003516197205,
A1_L,188,03/test/ok/0147.bmp,0,0.14866577088832855,
A1_L,189,03/test/ok/0148.bmp,0,0.15065962076187134,
A1_L,190,03/test/ok/0149.bmp,0,0.11408139020204544,
A1_L,191,03/test/ok/0150.bmp,0,0.12764370441436768,
A1_L,192,03/test/ok/0151.bmp,0,0.15553805232048035,
A1_L,193,03/test/ok/0152.bmp,0,0.10454052686691284,
A1_L,194,03/test/ok/0153.bmp,0,0.12359342724084854,
A1_L,195,03/test/ok/0154.bmp,0,0.12730661034584045,
A1_L,196,03/test/ok/0155.bmp,0,0.1665833741426468,
A1_L,197,03/test/ok/0156.bmp,0,0.11018425971269608,
A1_L,198,03/test/ok/0157.bmp,0,0.10355524718761444,
A1_L,199,03/test/ok/0158.bmp,0,0.1249321699142456,
A1_L,200,03/test/ok/0159.bmp,0,0.09472909569740295,
A1_L,201,03/test/ok/0160.bmp,0,0.12328589707612991,
A1_L,202,03/test/ok/0161.bmp,0,0.115775465965271,
A1_L,203,03/test/ok/0162.bmp,0,0.1110432893037796,
A1_L,204,03/test/ok/0163.bmp,0,0.0989319309592247,
A1_L,205,03/test/ok/0164.bmp,0,0.13713796436786652,
A1_L,206,03/test/ok/0165.bmp,0,0.11758451163768768,
A1_L,207,03/test/ok/0166.bmp,0,0.16203738749027252,
A1_L,208,03/test/ok/0167.bmp,0,0.10384564101696014,
A1_L,209,03/test/ok/0168.bmp,0,0.14058494567871094,
A1_L,210,03/test/ok/0169.bmp,0,0.12469960004091263,
A1_L,211,03/test/ok/0170.bmp,0,0.11832192540168762,
A1_L,212,03/test/ok/0171.bmp,0,0.10904843360185623,
A1_L,213,03/test/ok/0172.bmp,0,0.21773245930671692,
A1_L,214,03/test/ok/0173.bmp,0,0.10731974989175797,
A1_L,215,03/test/ok/0174.bmp,0,0.1218259185552597,
A1_L,216,03/test/ok/0175.bmp,0,0.08686282485723495,
A1_L,217,03/test/ok/0176.bmp,0,0.11638019233942032,
A1_L,218,03/test/ok/0177.bmp,0,0.12500682473182678,
A1_L,219,03/test/ok/0178.bmp,0,0.12593308091163635,
A1_L,220,03/test/ok/0179.bmp,0,0.0979958027601242,
A1_L,221,03/test/ok/0180.bmp,0,0.18305417895317078,
A1_L,222,03/test/ok/0181.bmp,0,0.11839058995246887,
A1_L,223,03/test/ok/0182.bmp,0,0.1615857630968094,
A1_L,224,03/test/ok/0183.bmp,0,0.0983227789402008,
A1_L,225,03/test/ok/0184.bmp,0,0.20898057520389557,
A1_L,226,03/test/ok/0185.bmp,0,0.11025409400463104,
A1_L,227,03/test/ok/0186.bmp,0,0.12331853061914444,
A1_L,228,03/test/ok/0187.bmp,0,0.12154469639062881,
A1_L,229,03/test/ok/0188.bmp,0,0.11509709060192108,
A1_L,230,03/test/ok/0189.bmp,0,0.09100724011659622,
A1_L,231,03/test/ok/0190.bmp,0,0.12741781771183014,
A1_L,232,03/test/ok/0191.bmp,0,0.09109654277563095,
A1_L,233,03/test/ok/0192.bmp,0,0.1418382078409195,
A1_L,234,03/test/ok/0193.bmp,0,0.14736706018447876,
A1_L,235,03/test/ok/0194.bmp,0,0.14363542199134827,
A1_L,236,03/test/ok/0195.bmp,0,0.1273200958967209,
A1_L,237,03/test/ok/0196.bmp,0,0.10636573284864426,
A1_L,238,03/test/ok/0197.bmp,0,0.09999822080135345,
A1_L,239,03/test/ok/0198.bmp,0,0.11694802343845367,
A1_L,240,03/test/ok/0199.bmp,0,0.11113478243350983,
A1_L,241,03/test/ok/0200.bmp,0,0.11185045540332794,
A1_L,242,03/test/ok/0201.bmp,0,0.09942621737718582,
A1_L,243,03/test/ok/0202.bmp,0,0.13359396159648895,
A1_L,244,03/test/ok/0203.bmp,0,0.11745233088731766,
A1_L,245,03/test/ok/0204.bmp,0,0.13067282736301422,
A1_L,246,03/test/ok/0205.bmp,0,0.26359325647354126,
A1_L,247,03/test/ok/0206.bmp,0,0.158407062292099,
A1_L,248,03/test/ok/0207.bmp,0,0.1145145371556282,
A1_L,249,03/test/ok/0208.bmp,0,0.14164023101329803,
A1_L,250,03/test/ok/0209.bmp,0,0.11264049261808395,
A1_L,251,03/test/ok/0210.bmp,0,0.12468972057104111,
A1_L,252,03/test/ok/0211.bmp,0,0.09718603640794754,
A1_L,253,03/test/ok/0212.bmp,0,0.1381952315568924,
A1_L,254,03/test/ok/0213.bmp,0,0.11907757073640823,
A1_L,255,03/test/ok/0214.bmp,0,0.12609140574932098,
A1_L,256,03/test/ok/0215.bmp,0,0.11402729153633118,
A1_L,257,03/test/ok/0216.bmp,0,0.12046024203300476,
A1_L,258,03/test/ok/0217.bmp,0,0.09943238645792007,
A1_L,259,03/test/ok/0218.bmp,0,0.14132939279079437,
A1_L,260,03/test/ok/0219.bmp,0,0.12091099470853806,
A1_L,261,03/test/ok/0220.bmp,0,0.1259983777999878,
A1_L,262,03/test/ok/0221.bmp,0,0.10695502161979675,
A1_L,263,03/test/ok/0222.bmp,0,0.12780193984508514,
A1_L,264,03/test/ok/0223.bmp,0,0.12455940991640091,
A1_L,265,03/test/ok/0224.bmp,0,0.11839937418699265,
A1_L,266,03/test/ok/0225.bmp,0,0.12197738885879517,
A1_L,267,03/test/ok/0226.bmp,0,0.125808984041214,
A1_L,268,03/test/ok/0227.bmp,0,0.12168968468904495,
A1_L,269,03/test/ok/0228.bmp,0,0.14670592546463013,
A1_L,270,03/test/ok/0229.bmp,0,0.10242466628551483,
A1_L,271,03/test/ok/0230.bmp,0,0.117367222905159,
A1_L,272,03/test/ok/0231.bmp,0,0.11115240305662155,
A1_L,273,03/test/ok/0232.bmp,0,0.15030547976493835,
A1_L,274,03/test/ok/0233.bmp,0,0.07708984613418579,
A1_L,275,03/test/ok/0234.bmp,0,0.15423887968063354,
A1_L,276,03/test/ok/0235.bmp,0,0.09188072383403778,
A1_L,277,03/test/ok/0236.bmp,0,0.1481146514415741,
A1_L,278,03/test/ok/0237.bmp,0,0.09751078486442566,
A1_L,279,03/test/ok/0238.bmp,0,0.11454446613788605,
A1_L,280,03/test/ok/0239.bmp,0,0.08366748690605164,
A1_L,281,03/test/ok/0240.bmp,0,0.14461272954940796,
A1_L,282,03/test/ok/0241.bmp,0,0.15278786420822144,
A1_L,283,03/test/ok/0242.bmp,0,0.14364224672317505,
A1_L,284,03/test/ok/0243.bmp,0,0.30360981822013855,
A1_L,285,03/test/ok/0244.bmp,0,0.21034227311611176,
A1_L,286,03/test/ok/0245.bmp,0,0.1262621432542801,
A1_L,287,03/test/ok/0246.bmp,0,0.12612761557102203,
A1_L,288,03/test/ok/0247.bmp,0,0.11278118193149567,
A1_L,289,03/test/ok/0248.bmp,0,0.11446750164031982,
A1_L,290,03/test/ok/0249.bmp,0,0.10746001452207565,
A1_L,291,03/test/ok/0250.bmp,0,0.10410485416650772,
A1_L,292,03/test/ok/0251.bmp,0,0.11583131551742554,
A1_L,293,03/test/ok/0252.bmp,0,0.14795807003974915,
A1_L,294,03/test/ok/0253.bmp,0,0.12670406699180603,
A1_L,295,03/test/ok/0254.bmp,0,0.1570507436990738,
A1_L,296,03/test/ok/0255.bmp,0,0.1689857691526413,
A1_L,297,03/test/ok/0256.bmp,0,0.12872940301895142,
A1_L,298,03/test/ok/0257.bmp,0,0.1075361892580986,
A1_L,299,03/test/ok/0258.bmp,0,0.11343000829219818,
A1_L,300,03/test/ok/0259.bmp,0,0.10586193203926086,
A1_L,301,03/test/ok/0260.bmp,0,0.13381478190422058,
A1_L,302,03/test/ok/0261.bmp,0,0.13368506729602814,
A1_L,303,03/test/ok/0262.bmp,0,0.12748956680297852,
A1_L,304,03/test/ok/0263.bmp,0,0.11399552971124649,
A1_L,305,03/test/ok/0264.bmp,0,0.13040071725845337,
A1_L,306,03/test/ok/0265.bmp,0,0.14376647770404816,
A1_L,307,03/test/ok/0266.bmp,0,0.1403399109840393,
A1_L,308,03/test/ok/0267.bmp,0,0.10950081050395966,
A1_L,309,03/test/ok/0268.bmp,0,0.12230506539344788,
A1_L,310,03/test/ok/0269.bmp,0,0.10768115520477295,
A1_L,311,03/test/ok/0270.bmp,0,0.13543009757995605,
A1_L,312,03/test/ok/0271.bmp,0,0.11158613860607147,
A1_L,313,03/test/ok/0272.bmp,0,0.10715475678443909,
A1_L,314,03/test/ok/0273.bmp,0,0.09895347058773041,
A1_L,315,03/test/ok/0274.bmp,0,0.1358111947774887,
A1_L,316,03/test/ok/0275.bmp,0,0.09879464656114578,
A1_L,317,03/test/ok/0276.bmp,0,0.11709419637918472,
A1_L,318,03/test/ok/0277.bmp,0,0.14025330543518066,
A1_L,319,03/test/ok/0278.bmp,0,0.10737436264753342,
A1_L,320,03/test/ok/0279.bmp,0,0.10566068440675735,
A1_L,321,03/test/ok/0280.bmp,0,0.1898440718650818,
A1_L,322,03/test/ok/0281.bmp,0,0.17221848666667938,
A1_L,323,03/test/ok/0282.bmp,0,0.13683681190013885,
A1_L,324,03/test/ok/0283.bmp,0,0.17818832397460938,
A1_L,325,03/test/ok/0284.bmp,0,0.14141543209552765,
A1_L,326,03/test/ok/0285.bmp,0,0.09134179353713989,
A1_L,327,03/test/ok/0286.bmp,0,0.13239312171936035,
A1_L,328,03/test/ok/0287.bmp,0,0.15461842715740204,
A1_L,329,03/test/ok/0288.bmp,0,0.1423116773366928,
A1_L,330,03/test/ok/0289.bmp,0,0.1406685709953308,
A1_L,331,03/test/ok/0290.bmp,0,0.11799678951501846,
A1_L,332,03/test/ok/0291.bmp,0,0.12110742926597595,
A1_L,333,03/test/ok/0292.bmp,0,0.13209159672260284,
A1_L,334,03/test/ok/0293.bmp,0,0.09909970313310623,
A1_L,335,03/test/ok/0294.bmp,0,0.1321161389350891,
A1_L,336,03/test/ok/0295.bmp,0,0.10077463090419769,
A1_L,337,03/test/ok/0296.bmp,0,0.13466544449329376,
A1_L,338,03/test/ok/0297.bmp,0,0.12384966015815735,
A1_L,339,03/test/ok/0298.bmp,0,0.15479683876037598,
A1_L,340,03/test/ok/0299.bmp,0,0.11776907742023468,
A1_L,341,03/test/ok/0300.bmp,0,0.12563270330429077,
A1_L,342,03/test/ok/0301.bmp,0,0.14420202374458313,
A1_L,343,03/test/ok/0302.bmp,0,0.11359459906816483,
A1_L,344,03/test/ok/0303.bmp,0,0.16299878060817719,
A1_L,345,03/test/ok/0304.bmp,0,0.14351047575473785,
A1_L,346,03/test/ok/0305.bmp,0,0.11296586692333221,
A1_L,347,03/test/ok/0306.bmp,0,0.14553433656692505,
A1_L,348,03/test/ok/0307.bmp,0,0.14459103345870972,
A1_L,349,03/test/ok/0308.bmp,0,0.11391554027795792,
A1_L,350,03/test/ok/0309.bmp,0,0.17020398378372192,
A1_L,351,03/test/ok/0310.bmp,0,0.17120495438575745,
A1_L,352,03/test/ok/0311.bmp,0,0.14343227446079254,
A1_L,353,03/test/ok/0312.bmp,0,0.13425061106681824,
A1_L,354,03/test/ok/0313.bmp,0,0.1297025829553604,
A1_L,355,03/test/ok/0314.bmp,0,0.13100793957710266,
A1_L,356,03/test/ok/0315.bmp,0,0.14495092630386353,
A1_L,357,03/test/ok/0316.bmp,0,0.11936358362436295,
A1_L,358,03/test/ok/0317.bmp,0,0.12887102365493774,
A1_L,359,03/test/ok/0318.bmp,0,0.11741146445274353,
A1_L,360,03/test/ok/0319.bmp,0,0.10734696686267853,
A1_L,361,03/test/ok/0320.bmp,0,0.1789569854736328,
A1_L,362,03/test/ok/0321.bmp,0,0.12051770836114883,
A1_L,363,03/test/ok/0322.bmp,0,0.13374611735343933,
A1_L,364,03/test/ok/0323.bmp,0,0.149276003241539,
A1_L,365,03/test/ok/0324.bmp,0,0.11535793542861938,
A1_L,366,03/test/ok/0325.bmp,0,0.13827268779277802,
A1_L,367,03/test/ok/0326.bmp,0,0.12445656210184097,
A1_L,368,03/test/ok/0327.bmp,0,0.1253468543291092,
A1_L,369,03/test/ok/0328.bmp,0,0.15198543667793274,
A1_L,370,03/test/ok/0329.bmp,0,0.13948026299476624,
A1_L,371,03/test/ok/0330.bmp,0,0.11045394092798233,
A1_L,372,03/test/ok/0331.bmp,0,0.20943795144557953,
A1_L,373,03/test/ok/0332.bmp,0,0.12707337737083435,
A1_L,374,03/test/ok/0333.bmp,0,0.12327901273965836,
A1_L,375,03/test/ok/0334.bmp,0,0.17568713426589966,
A1_L,376,03/test/ok/0335.bmp,0,0.1115693524479866,
A1_L,377,03/test/ok/0336.bmp,0,0.1044597178697586,
A1_L,378,03/test/ok/0337.bmp,0,0.12081797420978546,
A1_L,379,03/test/ok/0338.bmp,0,0.1296161562204361,
A1_L,380,03/test/ok/0339.bmp,0,0.15159690380096436,
A1_L,381,03/test/ok/0340.bmp,0,0.11550616472959518,
A1_L,382,03/test/ok/0341.bmp,0,0.1271105408668518,
A1_L,383,03/test/ok/0342.bmp,0,0.10227774828672409,
A1_L,384,03/test/ok/0343.bmp,0,0.1252380609512329,
A1_L,385,03/test/ok/0344.bmp,0,0.1299014687538147,
A1_L,386,03/test/ok/0345.bmp,0,0.19071784615516663,
A1_L,387,03/test/ok/0346.bmp,0,0.1373538225889206,
A1_L,388,03/test/ok/0347.bmp,0,0.09560804069042206,
A1_L,389,03/test/ok/0348.bmp,0,0.1425442099571228,
A1_L,390,03/test/ok/0349.bmp,0,0.13127121329307556,
A1_L,391,03/test/ok/0350.bmp,0,0.1493339240550995,
A1_L,392,03/test/ok/0351.bmp,0,0.17316989600658417,
A1_L,393,03/test/ok/0352.bmp,0,0.09232515841722488,
A1_L,394,03/test/ok/0353.bmp,0,0.19119204580783844,
A1_L,395,03/test/ok/0354.bmp,0,0.10808132588863373,
A1_L,396,03/test/ok/0355.bmp,0,0.1515009105205536,
A1_L,397,03/test/ok/0356.bmp,0,0.13776999711990356,
A1_L,398,03/test/ok/0357.bmp,0,0.13813187181949615,
A1_L,399,03/test/ok/0358.bmp,0,0.1263774335384369,
A1_L,400,03/test/ok/0359.bmp,0,0.1649402529001236,
A1_L,401,03/test/ok/0360.bmp,0,0.10900938510894775,
A1_L,402,03/test/ok/0361.bmp,0,0.1608046293258667,
A1_L,403,03/test/ok/0362.bmp,0,0.1313687413930893,
A1_L,404,03/test/ok/0363.bmp,0,0.14073847234249115,
A1_L,405,03/test/ok/0364.bmp,0,0.12637056410312653,
A1_L,406,03/test/ok/0365.bmp,0,0.12010876834392548,
A1_L,407,03/test/ok/0366.bmp,0,0.11647667735815048,
A1_L,408,03/test/ok/0367.bmp,0,0.11949321627616882,
A1_L,409,03/test/ok/0368.bmp,0,0.1735852211713791,
A1_L,410,03/test/ok/0369.bmp,0,0.13680578768253326,
A1_L,411,03/test/ok/0370.bmp,0,0.15501637756824493,
A1_L,412,03/test/ok/0371.bmp,0,0.18691721558570862,
A1_L,413,03/test/ok/0372.bmp,0,0.14106838405132294,
A1_L,414,03/test/ok/0373.bmp,0,0.1286163479089737,
A1_L,415,03/test/ok/0374.bmp,0,0.1307244747877121,
A1_L,416,03/test/ok/0375.bmp,0,0.15390555560588837,
A1_L,417,03/test/ok/0376.bmp,0,0.11183464527130127,
A1_L,418,03/test/ok/0377.bmp,0,0.13314852118492126,
A1_L,419,03/test/ok/0378.bmp,0,0.2589295208454132,
A1_L,420,03/test/ok/0379.bmp,0,0.15209078788757324,
A1_L,421,03/test/ok/0380.bmp,0,0.1439056247472763,
A1_L,422,03/test/ok/0381.bmp,0,0.14506565034389496,
A1_L,423,03/test/ok/0382.bmp,0,0.11682748794555664,
A1_L,424,03/test/ok/0383.bmp,0,0.19778305292129517,
A1_L,425,03/test/ok/0384.bmp,0,0.18922895193099976,
A1_L,426,03/test/ok/0385.bmp,0,0.16767127811908722,
A1_L,427,03/test/ok/0386.bmp,0,0.15359804034233093,
A1_L,428,03/test/ok/0387.bmp,0,0.14515073597431183,
A1_L,429,03/test/ok/0388.bmp,0,0.12916593253612518,
A1_L,430,03/test/ok/0389.bmp,0,0.1839350461959839,
A1_L,431,03/test/ok/0390.bmp,0,0.14431557059288025,
A1_L,432,03/test/ok/0391.bmp,0,0.10688937455415726,
A1_L,433,03/test/ok/0392.bmp,0,0.10887881368398666,
A1_L,434,03/test/ok/0393.bmp,0,0.15627190470695496,
A1_L,435,03/test/ok/0394.bmp,0,0.11816653609275818,
A1_L,436,03/test/ok/0395.bmp,0,0.1379873901605606,
A1_L,437,03/test/ok/0396.bmp,0,0.12039158493280411,
A1_L,438,03/test/ok/0397.bmp,0,0.12526960670948029,
A1_L,439,03/test/ok/0398.bmp,0,0.12231744825839996,
A1_L,440,03/test/ok/0399.bmp,0,0.17311441898345947,
DUP_L,0,03/test/ko/0000.bmp,1,0.48470014333724976,0.7525086340727284
DUP_L,1,03/test/ko/0001.bmp,1,0.4667407274246216,0.8549209765516778
DUP_L,2,03/test/ko/0002.bmp,1,0.4921778440475464,0.7866272275052166
DUP_L,3,03/test/ko/0003.bmp,1,0.4954875409603119,0.8972338766401581
DUP_L,4,03/test/ko/0004.bmp,1,0.40556809306144714,0.8479225235186987
DUP_L,5,03/test/ko/0005.bmp,1,0.4803563356399536,0.8691356397707959
DUP_L,6,03/test/ko/0006.bmp,1,0.478450208902359,0.926134993849806
DUP_L,7,03/test/ko/0007.bmp,1,0.37059247493743896,0.8571228342748795
DUP_L,8,03/test/ko/0008.bmp,1,0.47585543990135193,0.9120265822121646
DUP_L,9,03/test/ko/0009.bmp,1,0.3192712068557739,0.22727612549852116
DUP_L,10,03/test/ko/0010.bmp,1,0.2895142138004303,0.5253159336996588
DUP_L,11,03/test/ko/0011.bmp,1,0.4349302053451538,0.9247266425195994
DUP_L,12,03/test/ko/0012.bmp,1,0.2756201922893524,0.49091760432253323
DUP_L,13,03/test/ko/0013.bmp,1,0.4061186909675598,0.7502650086043425
DUP_L,14,03/test/ko/0014.bmp,1,0.34398213028907776,0.8299483352925052
DUP_L,15,03/test/ko/0015.bmp,1,0.2350805699825287,0.8915370280343543
DUP_L,16,03/test/ko/0016.bmp,1,0.2831376791000366,0.7798453482894698
DUP_L,17,03/test/ko/0017.bmp,1,0.37890055775642395,0.8963458515694308
DUP_L,18,03/test/ko/0018.bmp,1,0.5096275210380554,0.9374119351831601
DUP_L,19,03/test/ko/0019.bmp,1,0.49031710624694824,0.9792920076385198
DUP_L,20,03/test/ko/0020.bmp,1,0.36377936601638794,0.20460336019587783
DUP_L,21,03/test/ko/0021.bmp,1,0.23245395720005035,0.09888703956782223
DUP_L,22,03/test/ko/0022.bmp,1,0.32281801104545593,0.6382663531670197
DUP_L,23,03/test/ko/0023.bmp,1,0.2990536093711853,0.23509631606560166
DUP_L,24,03/test/ko/0024.bmp,1,0.3785044550895691,0.9065694357980745
DUP_L,25,03/test/ko/0025.bmp,1,0.40632885694503784,0.8326074176112349
DUP_L,26,03/test/ko/0026.bmp,1,0.49239182472229004,0.9245046011739303
DUP_L,27,03/test/ko/0027.bmp,1,0.37936216592788696,0.8436385802988995
DUP_L,28,03/test/ko/0028.bmp,0,0.2224738746881485,
DUP_L,29,03/test/ko/0029.bmp,0,0.24094116687774658,
DUP_L,30,03/test/ko/0030.bmp,0,0.2264866977930069,
DUP_L,31,03/test/ko/0031.bmp,0,0.27250728011131287,
DUP_L,32,03/test/ko/0032.bmp,0,0.23482950031757355,
DUP_L,33,03/test/ko/0033.bmp,0,0.21565809845924377,
DUP_L,34,03/test/ko/0034.bmp,0,0.35083580017089844,
DUP_L,35,03/test/ko/0035.bmp,0,0.2350436896085739,
DUP_L,36,03/test/ko/0036.bmp,0,0.2049160897731781,
DUP_L,37,03/test/ko/0037.bmp,0,0.1996402144432068,
DUP_L,38,03/test/ko/0038.bmp,1,0.48566532135009766,0.9554750946691742
DUP_L,39,03/test/ko/0039.bmp,1,0.23734769225120544,0.2653745083429424
DUP_L,40,03/test/ko/0040.bmp,1,0.33613014221191406,0.8633017621620775
DUP_L,41,03/test/ok/0000.bmp,0,0.1638779193162918,
DUP_L,42,03/test/ok/0001.bmp,0,0.13715219497680664,
DUP_L,43,03/test/ok/0002.bmp,0,0.24882172048091888,
DUP_L,44,03/test/ok/0003.bmp,0,0.1461067497730255,
DUP_L,45,03/test/ok/0004.bmp,0,0.14330583810806274,
DUP_L,46,03/test/ok/0005.bmp,0,0.13614150881767273,
DUP_L,47,03/test/ok/0006.bmp,0,0.1895839422941208,
DUP_L,48,03/test/ok/0007.bmp,0,0.15959462523460388,
DUP_L,49,03/test/ok/0008.bmp,0,0.17934902012348175,
DUP_L,50,03/test/ok/0009.bmp,0,0.14623461663722992,
DUP_L,51,03/test/ok/0010.bmp,0,0.18193471431732178,
DUP_L,52,03/test/ok/0011.bmp,0,0.13042151927947998,
DUP_L,53,03/test/ok/0012.bmp,0,0.16637872159481049,
DUP_L,54,03/test/ok/0013.bmp,0,0.14968256652355194,
DUP_L,55,03/test/ok/0014.bmp,0,0.23171135783195496,
DUP_L,56,03/test/ok/0015.bmp,0,0.17157615721225739,
DUP_L,57,03/test/ok/0016.bmp,0,0.15643450617790222,
DUP_L,58,03/test/ok/0017.bmp,0,0.17511306703090668,
DUP_L,59,03/test/ok/0018.bmp,0,0.1767774075269699,
DUP_L,60,03/test/ok/0019.bmp,0,0.12624643743038177,
DUP_L,61,03/test/ok/0020.bmp,0,0.17357340455055237,
DUP_L,62,03/test/ok/0021.bmp,0,0.17495733499526978,
DUP_L,63,03/test/ok/0022.bmp,0,0.176243856549263,
DUP_L,64,03/test/ok/0023.bmp,0,0.110975481569767,
DUP_L,65,03/test/ok/0024.bmp,0,0.1531343311071396,
DUP_L,66,03/test/ok/0025.bmp,0,0.1327390819787979,
DUP_L,67,03/test/ok/0026.bmp,0,0.1619490534067154,
DUP_L,68,03/test/ok/0027.bmp,0,0.13638179004192352,
DUP_L,69,03/test/ok/0028.bmp,0,0.15640468895435333,
DUP_L,70,03/test/ok/0029.bmp,0,0.18761463463306427,
DUP_L,71,03/test/ok/0030.bmp,0,0.16911128163337708,
DUP_L,72,03/test/ok/0031.bmp,0,0.16769996285438538,
DUP_L,73,03/test/ok/0032.bmp,0,0.41413938999176025,
DUP_L,74,03/test/ok/0033.bmp,0,0.1373654007911682,
DUP_L,75,03/test/ok/0034.bmp,0,0.19868101179599762,
DUP_L,76,03/test/ok/0035.bmp,0,0.11161160469055176,
DUP_L,77,03/test/ok/0036.bmp,0,0.19195200502872467,
DUP_L,78,03/test/ok/0037.bmp,0,0.1593213975429535,
DUP_L,79,03/test/ok/0038.bmp,0,0.16911441087722778,
DUP_L,80,03/test/ok/0039.bmp,0,0.15709742903709412,
DUP_L,81,03/test/ok/0040.bmp,0,0.1590847223997116,
DUP_L,82,03/test/ok/0041.bmp,0,0.20112918317317963,
DUP_L,83,03/test/ok/0042.bmp,0,0.15218926966190338,
DUP_L,84,03/test/ok/0043.bmp,0,0.1566169261932373,
DUP_L,85,03/test/ok/0044.bmp,0,0.1612076461315155,
DUP_L,86,03/test/ok/0045.bmp,0,0.13548704981803894,
DUP_L,87,03/test/ok/0046.bmp,0,0.14984680712223053,
DUP_L,88,03/test/ok/0047.bmp,0,0.11403165012598038,
DUP_L,89,03/test/ok/0048.bmp,0,0.14864793419837952,
DUP_L,90,03/test/ok/0049.bmp,0,0.13874490559101105,
DUP_L,91,03/test/ok/0050.bmp,0,0.1610296070575714,
DUP_L,92,03/test/ok/0051.bmp,0,0.131097212433815,
DUP_L,93,03/test/ok/0052.bmp,0,0.1591932326555252,
DUP_L,94,03/test/ok/0053.bmp,0,0.1534940004348755,
DUP_L,95,03/test/ok/0054.bmp,0,0.21753805875778198,
DUP_L,96,03/test/ok/0055.bmp,0,0.17395465075969696,
DUP_L,97,03/test/ok/0056.bmp,0,0.17330951988697052,
DUP_L,98,03/test/ok/0057.bmp,0,0.13008928298950195,
DUP_L,99,03/test/ok/0058.bmp,0,0.14672455191612244,
DUP_L,100,03/test/ok/0059.bmp,0,0.1943085640668869,
DUP_L,101,03/test/ok/0060.bmp,0,0.1531706303358078,
DUP_L,102,03/test/ok/0061.bmp,0,0.1370125412940979,
DUP_L,103,03/test/ok/0062.bmp,0,0.1439797282218933,
DUP_L,104,03/test/ok/0063.bmp,0,0.12087918817996979,
DUP_L,105,03/test/ok/0064.bmp,0,0.1684071123600006,
DUP_L,106,03/test/ok/0065.bmp,0,0.13293245434761047,
DUP_L,107,03/test/ok/0066.bmp,0,0.16438880562782288,
DUP_L,108,03/test/ok/0067.bmp,0,0.12189418077468872,
DUP_L,109,03/test/ok/0068.bmp,0,0.20464321970939636,
DUP_L,110,03/test/ok/0069.bmp,0,0.22196348011493683,
DUP_L,111,03/test/ok/0070.bmp,0,0.23039326071739197,
DUP_L,112,03/test/ok/0071.bmp,0,0.2118726223707199,
DUP_L,113,03/test/ok/0072.bmp,0,0.12556761503219604,
DUP_L,114,03/test/ok/0073.bmp,0,0.1780732125043869,
DUP_L,115,03/test/ok/0074.bmp,0,0.17922858893871307,
DUP_L,116,03/test/ok/0075.bmp,0,0.1572076380252838,
DUP_L,117,03/test/ok/0076.bmp,0,0.13712066411972046,
DUP_L,118,03/test/ok/0077.bmp,0,0.20375464856624603,
DUP_L,119,03/test/ok/0078.bmp,0,0.165639266371727,
DUP_L,120,03/test/ok/0079.bmp,0,0.14818960428237915,
DUP_L,121,03/test/ok/0080.bmp,0,0.16107890009880066,
DUP_L,122,03/test/ok/0081.bmp,0,0.16433191299438477,
DUP_L,123,03/test/ok/0082.bmp,0,0.1488240659236908,
DUP_L,124,03/test/ok/0083.bmp,0,0.12712910771369934,
DUP_L,125,03/test/ok/0084.bmp,0,0.15178470313549042,
DUP_L,126,03/test/ok/0085.bmp,0,0.14758174121379852,
DUP_L,127,03/test/ok/0086.bmp,0,0.164753720164299,
DUP_L,128,03/test/ok/0087.bmp,0,0.15157906711101532,
DUP_L,129,03/test/ok/0088.bmp,0,0.16011673212051392,
DUP_L,130,03/test/ok/0089.bmp,0,0.13208837807178497,
DUP_L,131,03/test/ok/0090.bmp,0,0.16073787212371826,
DUP_L,132,03/test/ok/0091.bmp,0,0.18406608700752258,
DUP_L,133,03/test/ok/0092.bmp,0,0.18768295645713806,
DUP_L,134,03/test/ok/0093.bmp,0,0.13743266463279724,
DUP_L,135,03/test/ok/0094.bmp,0,0.13681381940841675,
DUP_L,136,03/test/ok/0095.bmp,0,0.11537324637174606,
DUP_L,137,03/test/ok/0096.bmp,0,0.18959492444992065,
DUP_L,138,03/test/ok/0097.bmp,0,0.1711294949054718,
DUP_L,139,03/test/ok/0098.bmp,0,0.15116333961486816,
DUP_L,140,03/test/ok/0099.bmp,0,0.14553239941596985,
DUP_L,141,03/test/ok/0100.bmp,0,0.14535045623779297,
DUP_L,142,03/test/ok/0101.bmp,0,0.1857667863368988,
DUP_L,143,03/test/ok/0102.bmp,0,0.20265065133571625,
DUP_L,144,03/test/ok/0103.bmp,0,0.12968312203884125,
DUP_L,145,03/test/ok/0104.bmp,0,0.1634649634361267,
DUP_L,146,03/test/ok/0105.bmp,0,0.14911331236362457,
DUP_L,147,03/test/ok/0106.bmp,0,0.18566811084747314,
DUP_L,148,03/test/ok/0107.bmp,0,0.14742034673690796,
DUP_L,149,03/test/ok/0108.bmp,0,0.17197749018669128,
DUP_L,150,03/test/ok/0109.bmp,0,0.1335974782705307,
DUP_L,151,03/test/ok/0110.bmp,0,0.23949769139289856,
DUP_L,152,03/test/ok/0111.bmp,0,0.14771242439746857,
DUP_L,153,03/test/ok/0112.bmp,0,0.15375129878520966,
DUP_L,154,03/test/ok/0113.bmp,0,0.1672496795654297,
DUP_L,155,03/test/ok/0114.bmp,0,0.14569948613643646,
DUP_L,156,03/test/ok/0115.bmp,0,0.11554062366485596,
DUP_L,157,03/test/ok/0116.bmp,0,0.15345242619514465,
DUP_L,158,03/test/ok/0117.bmp,0,0.1204698234796524,
DUP_L,159,03/test/ok/0118.bmp,0,0.14575621485710144,
DUP_L,160,03/test/ok/0119.bmp,0,0.12323012202978134,
DUP_L,161,03/test/ok/0120.bmp,0,0.14331582188606262,
DUP_L,162,03/test/ok/0121.bmp,0,0.16132308542728424,
DUP_L,163,03/test/ok/0122.bmp,0,0.15163737535476685,
DUP_L,164,03/test/ok/0123.bmp,0,0.20391568541526794,
DUP_L,165,03/test/ok/0124.bmp,0,0.14341942965984344,
DUP_L,166,03/test/ok/0125.bmp,0,0.1342521458864212,
DUP_L,167,03/test/ok/0126.bmp,0,0.14516586065292358,
DUP_L,168,03/test/ok/0127.bmp,0,0.12334570288658142,
DUP_L,169,03/test/ok/0128.bmp,0,0.14921706914901733,
DUP_L,170,03/test/ok/0129.bmp,0,0.14716298878192902,
DUP_L,171,03/test/ok/0130.bmp,0,0.14363142848014832,
DUP_L,172,03/test/ok/0131.bmp,0,0.15230688452720642,
DUP_L,173,03/test/ok/0132.bmp,0,0.14804624021053314,
DUP_L,174,03/test/ok/0133.bmp,0,0.13590966165065765,
DUP_L,175,03/test/ok/0134.bmp,0,0.1292218714952469,
DUP_L,176,03/test/ok/0135.bmp,0,0.1377655565738678,
DUP_L,177,03/test/ok/0136.bmp,0,0.16824236512184143,
DUP_L,178,03/test/ok/0137.bmp,0,0.13009189069271088,
DUP_L,179,03/test/ok/0138.bmp,0,0.14425383508205414,
DUP_L,180,03/test/ok/0139.bmp,0,0.14000289142131805,
DUP_L,181,03/test/ok/0140.bmp,0,0.1631128340959549,
DUP_L,182,03/test/ok/0141.bmp,0,0.13345079123973846,
DUP_L,183,03/test/ok/0142.bmp,0,0.16264304518699646,
DUP_L,184,03/test/ok/0143.bmp,0,0.15574957430362701,
DUP_L,185,03/test/ok/0144.bmp,0,0.14336921274662018,
DUP_L,186,03/test/ok/0145.bmp,0,0.1228080689907074,
DUP_L,187,03/test/ok/0146.bmp,0,0.15735040605068207,
DUP_L,188,03/test/ok/0147.bmp,0,0.1921742856502533,
DUP_L,189,03/test/ok/0148.bmp,0,0.1963513046503067,
DUP_L,190,03/test/ok/0149.bmp,0,0.1451079100370407,
DUP_L,191,03/test/ok/0150.bmp,0,0.16018147766590118,
DUP_L,192,03/test/ok/0151.bmp,0,0.1830044686794281,
DUP_L,193,03/test/ok/0152.bmp,0,0.13137361407279968,
DUP_L,194,03/test/ok/0153.bmp,0,0.15623821318149567,
DUP_L,195,03/test/ok/0154.bmp,0,0.16219288110733032,
DUP_L,196,03/test/ok/0155.bmp,0,0.20840704441070557,
DUP_L,197,03/test/ok/0156.bmp,0,0.13691671192646027,
DUP_L,198,03/test/ok/0157.bmp,0,0.13155879080295563,
DUP_L,199,03/test/ok/0158.bmp,0,0.15818533301353455,
DUP_L,200,03/test/ok/0159.bmp,0,0.1211131289601326,
DUP_L,201,03/test/ok/0160.bmp,0,0.15408578515052795,
DUP_L,202,03/test/ok/0161.bmp,0,0.14307618141174316,
DUP_L,203,03/test/ok/0162.bmp,0,0.14241863787174225,
DUP_L,204,03/test/ok/0163.bmp,0,0.1236649826169014,
DUP_L,205,03/test/ok/0164.bmp,0,0.1715153008699417,
DUP_L,206,03/test/ok/0165.bmp,0,0.14825695753097534,
DUP_L,207,03/test/ok/0166.bmp,0,0.20922544598579407,
DUP_L,208,03/test/ok/0167.bmp,0,0.13249731063842773,
DUP_L,209,03/test/ok/0168.bmp,0,0.17517229914665222,
DUP_L,210,03/test/ok/0169.bmp,0,0.15912623703479767,
DUP_L,211,03/test/ok/0170.bmp,0,0.1503860503435135,
DUP_L,212,03/test/ok/0171.bmp,0,0.1221158355474472,
DUP_L,213,03/test/ok/0172.bmp,0,0.18194501101970673,
DUP_L,214,03/test/ok/0173.bmp,0,0.1342116892337799,
DUP_L,215,03/test/ok/0174.bmp,0,0.15529221296310425,
DUP_L,216,03/test/ok/0175.bmp,0,0.11127014458179474,
DUP_L,217,03/test/ok/0176.bmp,0,0.14856021106243134,
DUP_L,218,03/test/ok/0177.bmp,0,0.15748703479766846,
DUP_L,219,03/test/ok/0178.bmp,0,0.15731856226921082,
DUP_L,220,03/test/ok/0179.bmp,0,0.1258203536272049,
DUP_L,221,03/test/ok/0180.bmp,0,0.19486016035079956,
DUP_L,222,03/test/ok/0181.bmp,0,0.13913452625274658,
DUP_L,223,03/test/ok/0182.bmp,0,0.2078332006931305,
DUP_L,224,03/test/ok/0183.bmp,0,0.12580078840255737,
DUP_L,225,03/test/ok/0184.bmp,0,0.19003695249557495,
DUP_L,226,03/test/ok/0185.bmp,0,0.13969826698303223,
DUP_L,227,03/test/ok/0186.bmp,0,0.15750758349895477,
DUP_L,228,03/test/ok/0187.bmp,0,0.1528429538011551,
DUP_L,229,03/test/ok/0188.bmp,0,0.147074893116951,
DUP_L,230,03/test/ok/0189.bmp,0,0.11420463025569916,
DUP_L,231,03/test/ok/0190.bmp,0,0.1445571780204773,
DUP_L,232,03/test/ok/0191.bmp,0,0.11207801103591919,
DUP_L,233,03/test/ok/0192.bmp,0,0.17694969475269318,
DUP_L,234,03/test/ok/0193.bmp,0,0.17116351425647736,
DUP_L,235,03/test/ok/0194.bmp,0,0.1831585168838501,
DUP_L,236,03/test/ok/0195.bmp,0,0.16299733519554138,
DUP_L,237,03/test/ok/0196.bmp,0,0.1349354237318039,
DUP_L,238,03/test/ok/0197.bmp,0,0.1195068508386612,
DUP_L,239,03/test/ok/0198.bmp,0,0.14870916306972504,
DUP_L,240,03/test/ok/0199.bmp,0,0.1427868902683258,
DUP_L,241,03/test/ok/0200.bmp,0,0.1430525928735733,
DUP_L,242,03/test/ok/0201.bmp,0,0.12671945989131927,
DUP_L,243,03/test/ok/0202.bmp,0,0.13491426408290863,
DUP_L,244,03/test/ok/0203.bmp,0,0.1504305750131607,
DUP_L,245,03/test/ok/0204.bmp,0,0.1660453975200653,
DUP_L,246,03/test/ok/0205.bmp,0,0.25303560495376587,
DUP_L,247,03/test/ok/0206.bmp,0,0.20395907759666443,
DUP_L,248,03/test/ok/0207.bmp,0,0.1432473063468933,
DUP_L,249,03/test/ok/0208.bmp,0,0.14881430566310883,
DUP_L,250,03/test/ok/0209.bmp,0,0.1413872241973877,
DUP_L,251,03/test/ok/0210.bmp,0,0.15953069925308228,
DUP_L,252,03/test/ok/0211.bmp,0,0.11784451454877853,
DUP_L,253,03/test/ok/0212.bmp,0,0.17366987466812134,
DUP_L,254,03/test/ok/0213.bmp,0,0.1443137675523758,
DUP_L,255,03/test/ok/0214.bmp,0,0.15782155096530914,
DUP_L,256,03/test/ok/0215.bmp,0,0.14429202675819397,
DUP_L,257,03/test/ok/0216.bmp,0,0.14851656556129456,
DUP_L,258,03/test/ok/0217.bmp,0,0.11740460991859436,
DUP_L,259,03/test/ok/0218.bmp,0,0.1549052745103836,
DUP_L,260,03/test/ok/0219.bmp,0,0.1528787761926651,
DUP_L,261,03/test/ok/0220.bmp,0,0.1609467715024948,
DUP_L,262,03/test/ok/0221.bmp,0,0.1354895383119583,
DUP_L,263,03/test/ok/0222.bmp,0,0.15481382608413696,
DUP_L,264,03/test/ok/0223.bmp,0,0.1225614845752716,
DUP_L,265,03/test/ok/0224.bmp,0,0.1485368013381958,
DUP_L,266,03/test/ok/0225.bmp,0,0.15637701749801636,
DUP_L,267,03/test/ok/0226.bmp,0,0.16409564018249512,
DUP_L,268,03/test/ok/0227.bmp,0,0.15632504224777222,
DUP_L,269,03/test/ok/0228.bmp,0,0.17496967315673828,
DUP_L,270,03/test/ok/0229.bmp,0,0.13137640058994293,
DUP_L,271,03/test/ok/0230.bmp,0,0.14909029006958008,
DUP_L,272,03/test/ok/0231.bmp,0,0.13512569665908813,
DUP_L,273,03/test/ok/0232.bmp,0,0.19530968368053436,
DUP_L,274,03/test/ok/0233.bmp,0,0.09876622259616852,
DUP_L,275,03/test/ok/0234.bmp,0,0.1996951550245285,
DUP_L,276,03/test/ok/0235.bmp,0,0.11976641416549683,
DUP_L,277,03/test/ok/0236.bmp,0,0.18520109355449677,
DUP_L,278,03/test/ok/0237.bmp,0,0.12575992941856384,
DUP_L,279,03/test/ok/0238.bmp,0,0.1439223736524582,
DUP_L,280,03/test/ok/0239.bmp,0,0.10652494430541992,
DUP_L,281,03/test/ok/0240.bmp,0,0.17635120451450348,
DUP_L,282,03/test/ok/0241.bmp,0,0.15712596476078033,
DUP_L,283,03/test/ok/0242.bmp,0,0.17511561512947083,
DUP_L,284,03/test/ok/0243.bmp,0,0.2882499396800995,
DUP_L,285,03/test/ok/0244.bmp,0,0.20891650021076202,
DUP_L,286,03/test/ok/0245.bmp,0,0.16038364171981812,
DUP_L,287,03/test/ok/0246.bmp,0,0.15785039961338043,
DUP_L,288,03/test/ok/0247.bmp,0,0.1392173171043396,
DUP_L,289,03/test/ok/0248.bmp,0,0.1478920727968216,
DUP_L,290,03/test/ok/0249.bmp,0,0.1394728124141693,
DUP_L,291,03/test/ok/0250.bmp,0,0.13053661584854126,
DUP_L,292,03/test/ok/0251.bmp,0,0.14290006458759308,
DUP_L,293,03/test/ok/0252.bmp,0,0.18932262063026428,
DUP_L,294,03/test/ok/0253.bmp,0,0.1286095380783081,
DUP_L,295,03/test/ok/0254.bmp,0,0.20093031227588654,
DUP_L,296,03/test/ok/0255.bmp,0,0.16451038420200348,
DUP_L,297,03/test/ok/0256.bmp,0,0.16537098586559296,
DUP_L,298,03/test/ok/0257.bmp,0,0.13885274529457092,
DUP_L,299,03/test/ok/0258.bmp,0,0.14714066684246063,
DUP_L,300,03/test/ok/0259.bmp,0,0.13171406090259552,
DUP_L,301,03/test/ok/0260.bmp,0,0.16675832867622375,
DUP_L,302,03/test/ok/0261.bmp,0,0.16849812865257263,
DUP_L,303,03/test/ok/0262.bmp,0,0.15784640610218048,
DUP_L,304,03/test/ok/0263.bmp,0,0.14428292214870453,
DUP_L,305,03/test/ok/0264.bmp,0,0.1665523499250412,
DUP_L,306,03/test/ok/0265.bmp,0,0.18086518347263336,
DUP_L,307,03/test/ok/0266.bmp,0,0.17486883699893951,
DUP_L,308,03/test/ok/0267.bmp,0,0.1398514211177826,
DUP_L,309,03/test/ok/0268.bmp,0,0.15561480820178986,
DUP_L,310,03/test/ok/0269.bmp,0,0.13885265588760376,
DUP_L,311,03/test/ok/0270.bmp,0,0.17198991775512695,
DUP_L,312,03/test/ok/0271.bmp,0,0.141687273979187,
DUP_L,313,03/test/ok/0272.bmp,0,0.1390576809644699,
DUP_L,314,03/test/ok/0273.bmp,0,0.12573568522930145,
DUP_L,315,03/test/ok/0274.bmp,0,0.15439076721668243,
DUP_L,316,03/test/ok/0275.bmp,0,0.12479069828987122,
DUP_L,317,03/test/ok/0276.bmp,0,0.1458885371685028,
DUP_L,318,03/test/ok/0277.bmp,0,0.13963069021701813,
DUP_L,319,03/test/ok/0278.bmp,0,0.1372150033712387,
DUP_L,320,03/test/ok/0279.bmp,0,0.13050197064876556,
DUP_L,321,03/test/ok/0280.bmp,0,0.18919461965560913,
DUP_L,322,03/test/ok/0281.bmp,0,0.16485470533370972,
DUP_L,323,03/test/ok/0282.bmp,0,0.15387026965618134,
DUP_L,324,03/test/ok/0283.bmp,0,0.2242436707019806,
DUP_L,325,03/test/ok/0284.bmp,0,0.1790858805179596,
DUP_L,326,03/test/ok/0285.bmp,0,0.11525776237249374,
DUP_L,327,03/test/ok/0286.bmp,0,0.16602806746959686,
DUP_L,328,03/test/ok/0287.bmp,0,0.17719943821430206,
DUP_L,329,03/test/ok/0288.bmp,0,0.1746980994939804,
DUP_L,330,03/test/ok/0289.bmp,0,0.17746980488300323,
DUP_L,331,03/test/ok/0290.bmp,0,0.1529543697834015,
DUP_L,332,03/test/ok/0291.bmp,0,0.15524069964885712,
DUP_L,333,03/test/ok/0292.bmp,0,0.16844193637371063,
DUP_L,334,03/test/ok/0293.bmp,0,0.12571865320205688,
DUP_L,335,03/test/ok/0294.bmp,0,0.16479545831680298,
DUP_L,336,03/test/ok/0295.bmp,0,0.12999875843524933,
DUP_L,337,03/test/ok/0296.bmp,0,0.17060990631580353,
DUP_L,338,03/test/ok/0297.bmp,0,0.1577806919813156,
DUP_L,339,03/test/ok/0298.bmp,0,0.20000840723514557,
DUP_L,340,03/test/ok/0299.bmp,0,0.13426090776920319,
DUP_L,341,03/test/ok/0300.bmp,0,0.15631437301635742,
DUP_L,342,03/test/ok/0301.bmp,0,0.14800210297107697,
DUP_L,343,03/test/ok/0302.bmp,0,0.1431080549955368,
DUP_L,344,03/test/ok/0303.bmp,0,0.16803039610385895,
DUP_L,345,03/test/ok/0304.bmp,0,0.18432295322418213,
DUP_L,346,03/test/ok/0305.bmp,0,0.1432555764913559,
DUP_L,347,03/test/ok/0306.bmp,0,0.18009597063064575,
DUP_L,348,03/test/ok/0307.bmp,0,0.18413923680782318,
DUP_L,349,03/test/ok/0308.bmp,0,0.14393025636672974,
DUP_L,350,03/test/ok/0309.bmp,0,0.21557274460792542,
DUP_L,351,03/test/ok/0310.bmp,0,0.22075192630290985,
DUP_L,352,03/test/ok/0311.bmp,0,0.18291275203227997,
DUP_L,353,03/test/ok/0312.bmp,0,0.16867515444755554,
DUP_L,354,03/test/ok/0313.bmp,0,0.16688184440135956,
DUP_L,355,03/test/ok/0314.bmp,0,0.16480599343776703,
DUP_L,356,03/test/ok/0315.bmp,0,0.18321581184864044,
DUP_L,357,03/test/ok/0316.bmp,0,0.14312529563903809,
DUP_L,358,03/test/ok/0317.bmp,0,0.16620184481143951,
DUP_L,359,03/test/ok/0318.bmp,0,0.15071630477905273,
DUP_L,360,03/test/ok/0319.bmp,0,0.13433492183685303,
DUP_L,361,03/test/ok/0320.bmp,0,0.14944779872894287,
DUP_L,362,03/test/ok/0321.bmp,0,0.14637000858783722,
DUP_L,363,03/test/ok/0322.bmp,0,0.16796788573265076,
DUP_L,364,03/test/ok/0323.bmp,0,0.15124540030956268,
DUP_L,365,03/test/ok/0324.bmp,0,0.1477648913860321,
DUP_L,366,03/test/ok/0325.bmp,0,0.17686690390110016,
DUP_L,367,03/test/ok/0326.bmp,0,0.15958799421787262,
DUP_L,368,03/test/ok/0327.bmp,0,0.15882542729377747,
DUP_L,369,03/test/ok/0328.bmp,0,0.1954057812690735,
DUP_L,370,03/test/ok/0329.bmp,0,0.1776597499847412,
DUP_L,371,03/test/ok/0330.bmp,0,0.13774345815181732,
DUP_L,372,03/test/ok/0331.bmp,0,0.22043845057487488,
DUP_L,373,03/test/ok/0332.bmp,0,0.1599617600440979,
DUP_L,374,03/test/ok/0333.bmp,0,0.15859340131282806,
DUP_L,375,03/test/ok/0334.bmp,0,0.1541639268398285,
DUP_L,376,03/test/ok/0335.bmp,0,0.14383119344711304,
DUP_L,377,03/test/ok/0336.bmp,0,0.130436509847641,
DUP_L,378,03/test/ok/0337.bmp,0,0.15014511346817017,
DUP_L,379,03/test/ok/0338.bmp,0,0.1633269339799881,
DUP_L,380,03/test/ok/0339.bmp,0,0.19169998168945312,
DUP_L,381,03/test/ok/0340.bmp,0,0.1471250206232071,
DUP_L,382,03/test/ok/0341.bmp,0,0.15336011350154877,
DUP_L,383,03/test/ok/0342.bmp,0,0.12761756777763367,
DUP_L,384,03/test/ok/0343.bmp,0,0.1564345359802246,
DUP_L,385,03/test/ok/0344.bmp,0,0.16532017290592194,
DUP_L,386,03/test/ok/0345.bmp,0,0.24316862225532532,
DUP_L,387,03/test/ok/0346.bmp,0,0.17389094829559326,
DUP_L,388,03/test/ok/0347.bmp,0,0.12036456912755966,
DUP_L,389,03/test/ok/0348.bmp,0,0.17893581092357635,
DUP_L,390,03/test/ok/0349.bmp,0,0.16449840366840363,
DUP_L,391,03/test/ok/0350.bmp,0,0.17029419541358948,
DUP_L,392,03/test/ok/0351.bmp,0,0.2240382879972458,
DUP_L,393,03/test/ok/0352.bmp,0,0.11409702152013779,
DUP_L,394,03/test/ok/0353.bmp,0,0.22547964751720428,
DUP_L,395,03/test/ok/0354.bmp,0,0.12279956042766571,
DUP_L,396,03/test/ok/0355.bmp,0,0.19767408072948456,
DUP_L,397,03/test/ok/0356.bmp,0,0.17596392333507538,
DUP_L,398,03/test/ok/0357.bmp,0,0.17798268795013428,
DUP_L,399,03/test/ok/0358.bmp,0,0.15983787178993225,
DUP_L,400,03/test/ok/0359.bmp,0,0.2111091911792755,
DUP_L,401,03/test/ok/0360.bmp,0,0.13581252098083496,
DUP_L,402,03/test/ok/0361.bmp,0,0.20263859629631042,
DUP_L,403,03/test/ok/0362.bmp,0,0.1674460768699646,
DUP_L,404,03/test/ok/0363.bmp,0,0.1746463179588318,
DUP_L,405,03/test/ok/0364.bmp,0,0.15886327624320984,
DUP_L,406,03/test/ok/0365.bmp,0,0.14883722364902496,
DUP_L,407,03/test/ok/0366.bmp,0,0.14257387816905975,
DUP_L,408,03/test/ok/0367.bmp,0,0.1527511030435562,
DUP_L,409,03/test/ok/0368.bmp,0,0.22057119011878967,
DUP_L,410,03/test/ok/0369.bmp,0,0.17144455015659332,
DUP_L,411,03/test/ok/0370.bmp,0,0.20087499916553497,
DUP_L,412,03/test/ok/0371.bmp,0,0.19430749118328094,
DUP_L,413,03/test/ok/0372.bmp,0,0.17692068219184875,
DUP_L,414,03/test/ok/0373.bmp,0,0.16661973297595978,
DUP_L,415,03/test/ok/0374.bmp,0,0.166190043091774,
DUP_L,416,03/test/ok/0375.bmp,0,0.19335603713989258,
DUP_L,417,03/test/ok/0376.bmp,0,0.13875943422317505,
DUP_L,418,03/test/ok/0377.bmp,0,0.16729876399040222,
DUP_L,419,03/test/ok/0378.bmp,0,0.2640833854675293,
DUP_L,420,03/test/ok/0379.bmp,0,0.19249172508716583,
DUP_L,421,03/test/ok/0380.bmp,0,0.18261729180812836,
DUP_L,422,03/test/ok/0381.bmp,0,0.1791919469833374,
DUP_L,423,03/test/ok/0382.bmp,0,0.14205285906791687,
DUP_L,424,03/test/ok/0383.bmp,0,0.25100165605545044,
DUP_L,425,03/test/ok/0384.bmp,0,0.17993642389774323,
DUP_L,426,03/test/ok/0385.bmp,0,0.16581937670707703,
DUP_L,427,03/test/ok/0386.bmp,0,0.19395357370376587,
DUP_L,428,03/test/ok/0387.bmp,0,0.18255817890167236,
DUP_L,429,03/test/ok/0388.bmp,0,0.15943650901317596,
DUP_L,430,03/test/ok/0389.bmp,0,0.1714470237493515,
DUP_L,431,03/test/ok/0390.bmp,0,0.1859256476163864,
DUP_L,432,03/test/ok/0391.bmp,0,0.13682542741298676,
DUP_L,433,03/test/ok/0392.bmp,0,0.13459324836730957,
DUP_L,434,03/test/ok/0393.bmp,0,0.1623777449131012,
DUP_L,435,03/test/ok/0394.bmp,0,0.1506938934326172,
DUP_L,436,03/test/ok/0395.bmp,0,0.15353745222091675,
DUP_L,437,03/test/ok/0396.bmp,0,0.1548464000225067,
DUP_L,438,03/test/ok/0397.bmp,0,0.1574556976556778,
DUP_L,439,03/test/ok/0398.bmp,0,0.15458035469055176,
DUP_L,440,03/test/ok/0399.bmp,0,0.16676250100135803,
TRI_L,0,03/test/ko/0000.bmp,1,0.4370875954627991,0.7371659986346304
TRI_L,1,03/test/ko/0001.bmp,1,0.45204398036003113,0.8407611759572832
TRI_L,2,03/test/ko/0002.bmp,1,0.4559601843357086,0.816383624933704
TRI_L,3,03/test/ko/0003.bmp,1,0.45397740602493286,0.8814487619507921
TRI_L,4,03/test/ko/0004.bmp,1,0.3295495808124542,0.7997022544310407
TRI_L,5,03/test/ko/0005.bmp,1,0.40520530939102173,0.8560459440298123
TRI_L,6,03/test/ko/0006.bmp,1,0.42792797088623047,0.9209250207007776
TRI_L,7,03/test/ko/0007.bmp,1,0.300048828125,0.8531584308415425
TRI_L,8,03/test/ko/0008.bmp,1,0.4249892830848694,0.9096243656061241
TRI_L,9,03/test/ko/0009.bmp,1,0.2584499418735504,0.23677108676524358
TRI_L,10,03/test/ko/0010.bmp,1,0.31706178188323975,0.8152045344615553
TRI_L,11,03/test/ko/0011.bmp,1,0.3734399378299713,0.9322923511633333
TRI_L,12,03/test/ko/0012.bmp,1,0.2691320776939392,0.5091168371361708
TRI_L,13,03/test/ko/0013.bmp,1,0.3938697278499603,0.7821431259519602
TRI_L,14,03/test/ko/0014.bmp,1,0.34939560294151306,0.8171513009633119
TRI_L,15,03/test/ko/0015.bmp,1,0.2327766716480255,0.9153104768078031
TRI_L,16,03/test/ko/0016.bmp,1,0.2576090395450592,0.7681211580205117
TRI_L,17,03/test/ko/0017.bmp,1,0.34340158104896545,0.9081404972776314
TRI_L,18,03/test/ko/0018.bmp,1,0.4768231511116028,0.9527118356097466
TRI_L,19,03/test/ko/0019.bmp,1,0.44404029846191406,0.974977368993496
TRI_L,20,03/test/ko/0020.bmp,1,0.3179982304573059,0.21599521503993166
TRI_L,21,03/test/ko/0021.bmp,1,0.21206288039684296,0.08863360968562223
TRI_L,22,03/test/ko/0022.bmp,1,0.3199925124645233,0.6492802768140786
TRI_L,23,03/test/ko/0023.bmp,1,0.2323489934206009,0.2622585208123442
TRI_L,24,03/test/ko/0024.bmp,1,0.292176753282547,0.9014813827878221
TRI_L,25,03/test/ko/0025.bmp,1,0.39660629630088806,0.8434493759682044
TRI_L,26,03/test/ko/0026.bmp,1,0.45721349120140076,0.9169094983057997
TRI_L,27,03/test/ko/0027.bmp,1,0.31657013297080994,0.8009387027954941
TRI_L,28,03/test/ko/0028.bmp,0,0.16922666132450104,
TRI_L,29,03/test/ko/0029.bmp,0,0.22338473796844482,
TRI_L,30,03/test/ko/0030.bmp,0,0.21250975131988525,
TRI_L,31,03/test/ko/0031.bmp,0,0.22148850560188293,
TRI_L,32,03/test/ko/0032.bmp,0,0.21520467102527618,
TRI_L,33,03/test/ko/0033.bmp,0,0.1712273210287094,
TRI_L,34,03/test/ko/0034.bmp,0,0.2852197289466858,
TRI_L,35,03/test/ko/0035.bmp,0,0.22200621664524078,
TRI_L,36,03/test/ko/0036.bmp,0,0.19078890979290009,
TRI_L,37,03/test/ko/0037.bmp,0,0.18417535722255707,
TRI_L,38,03/test/ko/0038.bmp,1,0.4538901150226593,0.9607142002570213
TRI_L,39,03/test/ko/0039.bmp,1,0.24177950620651245,0.2918573514807877
TRI_L,40,03/test/ko/0040.bmp,1,0.3177637755870819,0.8765564074920573
TRI_L,41,03/test/ok/0000.bmp,0,0.14671750366687775,
TRI_L,42,03/test/ok/0001.bmp,0,0.10870696604251862,
TRI_L,43,03/test/ok/0002.bmp,0,0.21566562354564667,
TRI_L,44,03/test/ok/0003.bmp,0,0.10520680993795395,
TRI_L,45,03/test/ok/0004.bmp,0,0.1274034082889557,
TRI_L,46,03/test/ok/0005.bmp,0,0.11033593118190765,
TRI_L,47,03/test/ok/0006.bmp,0,0.16450843214988708,
TRI_L,48,03/test/ok/0007.bmp,0,0.1444181203842163,
TRI_L,49,03/test/ok/0008.bmp,0,0.14657509326934814,
TRI_L,50,03/test/ok/0009.bmp,0,0.1292036473751068,
TRI_L,51,03/test/ok/0010.bmp,0,0.1376427859067917,
TRI_L,52,03/test/ok/0011.bmp,0,0.1146818995475769,
TRI_L,53,03/test/ok/0012.bmp,0,0.1297692209482193,
TRI_L,54,03/test/ok/0013.bmp,0,0.1229461058974266,
TRI_L,55,03/test/ok/0014.bmp,0,0.20371007919311523,
TRI_L,56,03/test/ok/0015.bmp,0,0.1292731761932373,
TRI_L,57,03/test/ok/0016.bmp,0,0.13892540335655212,
TRI_L,58,03/test/ok/0017.bmp,0,0.14525453746318817,
TRI_L,59,03/test/ok/0018.bmp,0,0.16430270671844482,
TRI_L,60,03/test/ok/0019.bmp,0,0.10668300837278366,
TRI_L,61,03/test/ok/0020.bmp,0,0.163010373711586,
TRI_L,62,03/test/ok/0021.bmp,0,0.14272359013557434,
TRI_L,63,03/test/ok/0022.bmp,0,0.13608787953853607,
TRI_L,64,03/test/ok/0023.bmp,0,0.09633468091487885,
TRI_L,65,03/test/ok/0024.bmp,0,0.14003705978393555,
TRI_L,66,03/test/ok/0025.bmp,0,0.11766356974840164,
TRI_L,67,03/test/ok/0026.bmp,0,0.1505041867494583,
TRI_L,68,03/test/ok/0027.bmp,0,0.1040756106376648,
TRI_L,69,03/test/ok/0028.bmp,0,0.11891640722751617,
TRI_L,70,03/test/ok/0029.bmp,0,0.13314658403396606,
TRI_L,71,03/test/ok/0030.bmp,0,0.14874392747879028,
TRI_L,72,03/test/ok/0031.bmp,0,0.13309457898139954,
TRI_L,73,03/test/ok/0032.bmp,0,0.38841503858566284,
TRI_L,74,03/test/ok/0033.bmp,0,0.12046552449464798,
TRI_L,75,03/test/ok/0034.bmp,0,0.1835150569677353,
TRI_L,76,03/test/ok/0035.bmp,0,0.11013683676719666,
TRI_L,77,03/test/ok/0036.bmp,0,0.16529132425785065,
TRI_L,78,03/test/ok/0037.bmp,0,0.11342620104551315,
TRI_L,79,03/test/ok/0038.bmp,0,0.15703745186328888,
TRI_L,80,03/test/ok/0039.bmp,0,0.12427007406949997,
TRI_L,81,03/test/ok/0040.bmp,0,0.15916545689105988,
TRI_L,82,03/test/ok/0041.bmp,0,0.1624354124069214,
TRI_L,83,03/test/ok/0042.bmp,0,0.1343875378370285,
TRI_L,84,03/test/ok/0043.bmp,0,0.14827792346477509,
TRI_L,85,03/test/ok/0044.bmp,0,0.13996253907680511,
TRI_L,86,03/test/ok/0045.bmp,0,0.11870930343866348,
TRI_L,87,03/test/ok/0046.bmp,0,0.1206773892045021,
TRI_L,88,03/test/ok/0047.bmp,0,0.0971594825387001,
TRI_L,89,03/test/ok/0048.bmp,0,0.12099666893482208,
TRI_L,90,03/test/ok/0049.bmp,0,0.11676734685897827,
TRI_L,91,03/test/ok/0050.bmp,0,0.14785002171993256,
TRI_L,92,03/test/ok/0051.bmp,0,0.10638710856437683,
TRI_L,93,03/test/ok/0052.bmp,0,0.1387643814086914,
TRI_L,94,03/test/ok/0053.bmp,0,0.15334004163742065,
TRI_L,95,03/test/ok/0054.bmp,0,0.18061189353466034,
TRI_L,96,03/test/ok/0055.bmp,0,0.1280449628829956,
TRI_L,97,03/test/ok/0056.bmp,0,0.13926708698272705,
TRI_L,98,03/test/ok/0057.bmp,0,0.10603763163089752,
TRI_L,99,03/test/ok/0058.bmp,0,0.11566469073295593,
TRI_L,100,03/test/ok/0059.bmp,0,0.16445894539356232,
TRI_L,101,03/test/ok/0060.bmp,0,0.1419958919286728,
TRI_L,102,03/test/ok/0061.bmp,0,0.12306331098079681,
TRI_L,103,03/test/ok/0062.bmp,0,0.11365397274494171,
TRI_L,104,03/test/ok/0063.bmp,0,0.10949733853340149,
TRI_L,105,03/test/ok/0064.bmp,0,0.15120048820972443,
TRI_L,106,03/test/ok/0065.bmp,0,0.11323568969964981,
TRI_L,107,03/test/ok/0066.bmp,0,0.13962897658348083,
TRI_L,108,03/test/ok/0067.bmp,0,0.10684305429458618,
TRI_L,109,03/test/ok/0068.bmp,0,0.1824570596218109,
TRI_L,110,03/test/ok/0069.bmp,0,0.18385592103004456,
TRI_L,111,03/test/ok/0070.bmp,0,0.1793575882911682,
TRI_L,112,03/test/ok/0071.bmp,0,0.15838342905044556,
TRI_L,113,03/test/ok/0072.bmp,0,0.11150692403316498,
TRI_L,114,03/test/ok/0073.bmp,0,0.13308614492416382,
TRI_L,115,03/test/ok/0074.bmp,0,0.1642785519361496,
TRI_L,116,03/test/ok/0075.bmp,0,0.1451977640390396,
TRI_L,117,03/test/ok/0076.bmp,0,0.12066369503736496,
TRI_L,118,03/test/ok/0077.bmp,0,0.1689036786556244,
TRI_L,119,03/test/ok/0078.bmp,0,0.13780759274959564,
TRI_L,120,03/test/ok/0079.bmp,0,0.1341909021139145,
TRI_L,121,03/test/ok/0080.bmp,0,0.13758285343647003,
TRI_L,122,03/test/ok/0081.bmp,0,0.13960999250411987,
TRI_L,123,03/test/ok/0082.bmp,0,0.1245529055595398,
TRI_L,124,03/test/ok/0083.bmp,0,0.09613237529993057,
TRI_L,125,03/test/ok/0084.bmp,0,0.14974196255207062,
TRI_L,126,03/test/ok/0085.bmp,0,0.11588285863399506,
TRI_L,127,03/test/ok/0086.bmp,0,0.12856872379779816,
TRI_L,128,03/test/ok/0087.bmp,0,0.14470310509204865,
TRI_L,129,03/test/ok/0088.bmp,0,0.1372462809085846,
TRI_L,130,03/test/ok/0089.bmp,0,0.12072445452213287,
TRI_L,131,03/test/ok/0090.bmp,0,0.14437438547611237,
TRI_L,132,03/test/ok/0091.bmp,0,0.14540816843509674,
TRI_L,133,03/test/ok/0092.bmp,0,0.16194285452365875,
TRI_L,134,03/test/ok/0093.bmp,0,0.11826488375663757,
TRI_L,135,03/test/ok/0094.bmp,0,0.1288209855556488,
TRI_L,136,03/test/ok/0095.bmp,0,0.09427711367607117,
TRI_L,137,03/test/ok/0096.bmp,0,0.15808320045471191,
TRI_L,138,03/test/ok/0097.bmp,0,0.1328328400850296,
TRI_L,139,03/test/ok/0098.bmp,0,0.1251952201128006,
TRI_L,140,03/test/ok/0099.bmp,0,0.12233573198318481,
TRI_L,141,03/test/ok/0100.bmp,0,0.11238797754049301,
TRI_L,142,03/test/ok/0101.bmp,0,0.1628633290529251,
TRI_L,143,03/test/ok/0102.bmp,0,0.1819429099559784,
TRI_L,144,03/test/ok/0103.bmp,0,0.10734966397285461,
TRI_L,145,03/test/ok/0104.bmp,0,0.14639855921268463,
TRI_L,146,03/test/ok/0105.bmp,0,0.11929186433553696,
TRI_L,147,03/test/ok/0106.bmp,0,0.16034433245658875,
TRI_L,148,03/test/ok/0107.bmp,0,0.12954677641391754,
TRI_L,149,03/test/ok/0108.bmp,0,0.13901852071285248,
TRI_L,150,03/test/ok/0109.bmp,0,0.11974692344665527,
TRI_L,151,03/test/ok/0110.bmp,0,0.21837209165096283,
TRI_L,152,03/test/ok/0111.bmp,0,0.12590543925762177,
TRI_L,153,03/test/ok/0112.bmp,0,0.14516393840312958,
TRI_L,154,03/test/ok/0113.bmp,0,0.16510114073753357,
TRI_L,155,03/test/ok/0114.bmp,0,0.12718066573143005,
TRI_L,156,03/test/ok/0115.bmp,0,0.10204744338989258,
TRI_L,157,03/test/ok/0116.bmp,0,0.13635481894016266,
TRI_L,158,03/test/ok/0117.bmp,0,0.10169216990470886,
TRI_L,159,03/test/ok/0118.bmp,0,0.13305671513080597,
TRI_L,160,03/test/ok/0119.bmp,0,0.10089719295501709,
TRI_L,161,03/test/ok/0120.bmp,0,0.1311955749988556,
TRI_L,162,03/test/ok/0121.bmp,0,0.15284258127212524,
TRI_L,163,03/test/ok/0122.bmp,0,0.11373303085565567,
TRI_L,164,03/test/ok/0123.bmp,0,0.13515225052833557,
TRI_L,165,03/test/ok/0124.bmp,0,0.12907728552818298,
TRI_L,166,03/test/ok/0125.bmp,0,0.11109929531812668,
TRI_L,167,03/test/ok/0126.bmp,0,0.11703991144895554,
TRI_L,168,03/test/ok/0127.bmp,0,0.10816450417041779,
TRI_L,169,03/test/ok/0128.bmp,0,0.11790923774242401,
TRI_L,170,03/test/ok/0129.bmp,0,0.113270603120327,
TRI_L,171,03/test/ok/0130.bmp,0,0.11800798773765564,
TRI_L,172,03/test/ok/0131.bmp,0,0.11004965752363205,
TRI_L,173,03/test/ok/0132.bmp,0,0.12709347903728485,
TRI_L,174,03/test/ok/0133.bmp,0,0.11267540603876114,
TRI_L,175,03/test/ok/0134.bmp,0,0.12405528873205185,
TRI_L,176,03/test/ok/0135.bmp,0,0.10859327763319016,
TRI_L,177,03/test/ok/0136.bmp,0,0.14262650907039642,
TRI_L,178,03/test/ok/0137.bmp,0,0.09977775812149048,
TRI_L,179,03/test/ok/0138.bmp,0,0.1313091665506363,
TRI_L,180,03/test/ok/0139.bmp,0,0.11543501913547516,
TRI_L,181,03/test/ok/0140.bmp,0,0.14907100796699524,
TRI_L,182,03/test/ok/0141.bmp,0,0.1227145865559578,
TRI_L,183,03/test/ok/0142.bmp,0,0.1439063996076584,
TRI_L,184,03/test/ok/0143.bmp,0,0.12554582953453064,
TRI_L,185,03/test/ok/0144.bmp,0,0.1391410529613495,
TRI_L,186,03/test/ok/0145.bmp,0,0.09889089316129684,
TRI_L,187,03/test/ok/0146.bmp,0,0.1498444527387619,
TRI_L,188,03/test/ok/0147.bmp,0,0.19216027855873108,
TRI_L,189,03/test/ok/0148.bmp,0,0.1750192940235138,
TRI_L,190,03/test/ok/0149.bmp,0,0.1121588870882988,
TRI_L,191,03/test/ok/0150.bmp,0,0.13734179735183716,
TRI_L,192,03/test/ok/0151.bmp,0,0.1605466902256012,
TRI_L,193,03/test/ok/0152.bmp,0,0.12340007722377777,
TRI_L,194,03/test/ok/0153.bmp,0,0.12919653952121735,
TRI_L,195,03/test/ok/0154.bmp,0,0.12552157044410706,
TRI_L,196,03/test/ok/0155.bmp,0,0.17519178986549377,
TRI_L,197,03/test/ok/0156.bmp,0,0.13585513830184937,
TRI_L,198,03/test/ok/0157.bmp,0,0.10888037830591202,
TRI_L,199,03/test/ok/0158.bmp,0,0.12778273224830627,
TRI_L,200,03/test/ok/0159.bmp,0,0.0949152410030365,
TRI_L,201,03/test/ok/0160.bmp,0,0.14192473888397217,
TRI_L,202,03/test/ok/0161.bmp,0,0.11044618487358093,
TRI_L,203,03/test/ok/0162.bmp,0,0.11587437987327576,
TRI_L,204,03/test/ok/0163.bmp,0,0.10747092217206955,
TRI_L,205,03/test/ok/0164.bmp,0,0.1451447457075119,
TRI_L,206,03/test/ok/0165.bmp,0,0.1132478192448616,
TRI_L,207,03/test/ok/0166.bmp,0,0.182573139667511,
TRI_L,208,03/test/ok/0167.bmp,0,0.10157030075788498,
TRI_L,209,03/test/ok/0168.bmp,0,0.15212780237197876,
TRI_L,210,03/test/ok/0169.bmp,0,0.11206293851137161,
TRI_L,211,03/test/ok/0170.bmp,0,0.12206204980611801,
TRI_L,212,03/test/ok/0171.bmp,0,0.11248300969600677,
TRI_L,213,03/test/ok/0172.bmp,0,0.1681283414363861,
TRI_L,214,03/test/ok/0173.bmp,0,0.11392644047737122,
TRI_L,215,03/test/ok/0174.bmp,0,0.12350916862487793,
TRI_L,216,03/test/ok/0175.bmp,0,0.09117212891578674,
TRI_L,217,03/test/ok/0176.bmp,0,0.13825058937072754,
TRI_L,218,03/test/ok/0177.bmp,0,0.13035471737384796,
TRI_L,219,03/test/ok/0178.bmp,0,0.12013430893421173,
TRI_L,220,03/test/ok/0179.bmp,0,0.09828797727823257,
TRI_L,221,03/test/ok/0180.bmp,0,0.16937339305877686,
TRI_L,222,03/test/ok/0181.bmp,0,0.13320763409137726,
TRI_L,223,03/test/ok/0182.bmp,0,0.19199469685554504,
TRI_L,224,03/test/ok/0183.bmp,0,0.1079104021191597,
TRI_L,225,03/test/ok/0184.bmp,0,0.16495779156684875,
TRI_L,226,03/test/ok/0185.bmp,0,0.11348947882652283,
TRI_L,227,03/test/ok/0186.bmp,0,0.12994620203971863,
TRI_L,228,03/test/ok/0187.bmp,0,0.12259993702173233,
TRI_L,229,03/test/ok/0188.bmp,0,0.13304999470710754,
TRI_L,230,03/test/ok/0189.bmp,0,0.09736363589763641,
TRI_L,231,03/test/ok/0190.bmp,0,0.120138019323349,
TRI_L,232,03/test/ok/0191.bmp,0,0.09835027903318405,
TRI_L,233,03/test/ok/0192.bmp,0,0.15729011595249176,
TRI_L,234,03/test/ok/0193.bmp,0,0.14173777401447296,
TRI_L,235,03/test/ok/0194.bmp,0,0.14045661687850952,
TRI_L,236,03/test/ok/0195.bmp,0,0.12571828067302704,
TRI_L,237,03/test/ok/0196.bmp,0,0.12265347689390182,
TRI_L,238,03/test/ok/0197.bmp,0,0.11742845177650452,
TRI_L,239,03/test/ok/0198.bmp,0,0.14392651617527008,
TRI_L,240,03/test/ok/0199.bmp,0,0.10171494632959366,
TRI_L,241,03/test/ok/0200.bmp,0,0.11232439428567886,
TRI_L,242,03/test/ok/0201.bmp,0,0.10888124257326126,
TRI_L,243,03/test/ok/0202.bmp,0,0.13400466740131378,
TRI_L,244,03/test/ok/0203.bmp,0,0.11947739124298096,
TRI_L,245,03/test/ok/0204.bmp,0,0.15283912420272827,
TRI_L,246,03/test/ok/0205.bmp,0,0.2125028669834137,
TRI_L,247,03/test/ok/0206.bmp,0,0.18466156721115112,
TRI_L,248,03/test/ok/0207.bmp,0,0.11613006144762039,
TRI_L,249,03/test/ok/0208.bmp,0,0.1339244544506073,
TRI_L,250,03/test/ok/0209.bmp,0,0.11997853964567184,
TRI_L,251,03/test/ok/0210.bmp,0,0.14339679479599,
TRI_L,252,03/test/ok/0211.bmp,0,0.09943798929452896,
TRI_L,253,03/test/ok/0212.bmp,0,0.14869365096092224,
TRI_L,254,03/test/ok/0213.bmp,0,0.12056758999824524,
TRI_L,255,03/test/ok/0214.bmp,0,0.12885351479053497,
TRI_L,256,03/test/ok/0215.bmp,0,0.1247134655714035,
TRI_L,257,03/test/ok/0216.bmp,0,0.13588853180408478,
TRI_L,258,03/test/ok/0217.bmp,0,0.10483298450708389,
TRI_L,259,03/test/ok/0218.bmp,0,0.1403665691614151,
TRI_L,260,03/test/ok/0219.bmp,0,0.12223044782876968,
TRI_L,261,03/test/ok/0220.bmp,0,0.14270681142807007,
TRI_L,262,03/test/ok/0221.bmp,0,0.09891847521066666,
TRI_L,263,03/test/ok/0222.bmp,0,0.13791072368621826,
TRI_L,264,03/test/ok/0223.bmp,0,0.10368243604898453,
TRI_L,265,03/test/ok/0224.bmp,0,0.1304473727941513,
TRI_L,266,03/test/ok/0225.bmp,0,0.11402317881584167,
TRI_L,267,03/test/ok/0226.bmp,0,0.14440660178661346,
TRI_L,268,03/test/ok/0227.bmp,0,0.1250704526901245,
TRI_L,269,03/test/ok/0228.bmp,0,0.15074726939201355,
TRI_L,270,03/test/ok/0229.bmp,0,0.10201356559991837,
TRI_L,271,03/test/ok/0230.bmp,0,0.1310458481311798,
TRI_L,272,03/test/ok/0231.bmp,0,0.11055535078048706,
TRI_L,273,03/test/ok/0232.bmp,0,0.1621829867362976,
TRI_L,274,03/test/ok/0233.bmp,0,0.0847654715180397,
TRI_L,275,03/test/ok/0234.bmp,0,0.17546549439430237,
TRI_L,276,03/test/ok/0235.bmp,0,0.09764070808887482,
TRI_L,277,03/test/ok/0236.bmp,0,0.17066840827465057,
TRI_L,278,03/test/ok/0237.bmp,0,0.10110463201999664,
TRI_L,279,03/test/ok/0238.bmp,0,0.12441206723451614,
TRI_L,280,03/test/ok/0239.bmp,0,0.09261051565408707,
TRI_L,281,03/test/ok/0240.bmp,0,0.16425342857837677,
TRI_L,282,03/test/ok/0241.bmp,0,0.13141906261444092,
TRI_L,283,03/test/ok/0242.bmp,0,0.14055302739143372,
TRI_L,284,03/test/ok/0243.bmp,0,0.2649856507778168,
TRI_L,285,03/test/ok/0244.bmp,0,0.1862514466047287,
TRI_L,286,03/test/ok/0245.bmp,0,0.12483076006174088,
TRI_L,287,03/test/ok/0246.bmp,0,0.14916080236434937,
TRI_L,288,03/test/ok/0247.bmp,0,0.11331235617399216,
TRI_L,289,03/test/ok/0248.bmp,0,0.1291840821504593,
TRI_L,290,03/test/ok/0249.bmp,0,0.11459002643823624,
TRI_L,291,03/test/ok/0250.bmp,0,0.11394832283258438,
TRI_L,292,03/test/ok/0251.bmp,0,0.11591609567403793,
TRI_L,293,03/test/ok/0252.bmp,0,0.16214042901992798,
TRI_L,294,03/test/ok/0253.bmp,0,0.11526687443256378,
TRI_L,295,03/test/ok/0254.bmp,0,0.18265008926391602,
TRI_L,296,03/test/ok/0255.bmp,0,0.14854128658771515,
TRI_L,297,03/test/ok/0256.bmp,0,0.12885373830795288,
TRI_L,298,03/test/ok/0257.bmp,0,0.1060904711484909,
TRI_L,299,03/test/ok/0258.bmp,0,0.14633460342884064,
TRI_L,300,03/test/ok/0259.bmp,0,0.09731568396091461,
TRI_L,301,03/test/ok/0260.bmp,0,0.15263347327709198,
TRI_L,302,03/test/ok/0261.bmp,0,0.15556366741657257,
TRI_L,303,03/test/ok/0262.bmp,0,0.12841637432575226,
TRI_L,304,03/test/ok/0263.bmp,0,0.12345077842473984,
TRI_L,305,03/test/ok/0264.bmp,0,0.15211212635040283,
TRI_L,306,03/test/ok/0265.bmp,0,0.14723731577396393,
TRI_L,307,03/test/ok/0266.bmp,0,0.15263937413692474,
TRI_L,308,03/test/ok/0267.bmp,0,0.10895330458879471,
TRI_L,309,03/test/ok/0268.bmp,0,0.1342555582523346,
TRI_L,310,03/test/ok/0269.bmp,0,0.10478810966014862,
TRI_L,311,03/test/ok/0270.bmp,0,0.15116220712661743,
TRI_L,312,03/test/ok/0271.bmp,0,0.11784647405147552,
TRI_L,313,03/test/ok/0272.bmp,0,0.12376607209444046,
TRI_L,314,03/test/ok/0273.bmp,0,0.10740535706281662,
TRI_L,315,03/test/ok/0274.bmp,0,0.15263631939888,
TRI_L,316,03/test/ok/0275.bmp,0,0.10985051095485687,
TRI_L,317,03/test/ok/0276.bmp,0,0.14870773255825043,
TRI_L,318,03/test/ok/0277.bmp,0,0.1364489495754242,
TRI_L,319,03/test/ok/0278.bmp,0,0.11434382945299149,
TRI_L,320,03/test/ok/0279.bmp,0,0.12213582545518875,
TRI_L,321,03/test/ok/0280.bmp,0,0.17492197453975677,
TRI_L,322,03/test/ok/0281.bmp,0,0.1383761614561081,
TRI_L,323,03/test/ok/0282.bmp,0,0.1523604840040207,
TRI_L,324,03/test/ok/0283.bmp,0,0.1938735544681549,
TRI_L,325,03/test/ok/0284.bmp,0,0.15819336473941803,
TRI_L,326,03/test/ok/0285.bmp,0,0.09566944092512131,
TRI_L,327,03/test/ok/0286.bmp,0,0.14889344573020935,
TRI_L,328,03/test/ok/0287.bmp,0,0.16677865386009216,
TRI_L,329,03/test/ok/0288.bmp,0,0.15405550599098206,
TRI_L,330,03/test/ok/0289.bmp,0,0.1464822143316269,
TRI_L,331,03/test/ok/0290.bmp,0,0.14187665283679962,
TRI_L,332,03/test/ok/0291.bmp,0,0.1304776966571808,
TRI_L,333,03/test/ok/0292.bmp,0,0.14575880765914917,
TRI_L,334,03/test/ok/0293.bmp,0,0.0956525206565857,
TRI_L,335,03/test/ok/0294.bmp,0,0.1615746021270752,
TRI_L,336,03/test/ok/0295.bmp,0,0.11022122204303741,
TRI_L,337,03/test/ok/0296.bmp,0,0.1665821671485901,
TRI_L,338,03/test/ok/0297.bmp,0,0.13714995980262756,
TRI_L,339,03/test/ok/0298.bmp,0,0.14397193491458893,
TRI_L,340,03/test/ok/0299.bmp,0,0.11907785385847092,
TRI_L,341,03/test/ok/0300.bmp,0,0.1238488256931305,
TRI_L,342,03/test/ok/0301.bmp,0,0.13653890788555145,
TRI_L,343,03/test/ok/0302.bmp,0,0.14186438918113708,
TRI_L,344,03/test/ok/0303.bmp,0,0.15372517704963684,
TRI_L,345,03/test/ok/0304.bmp,0,0.1665344089269638,
TRI_L,346,03/test/ok/0305.bmp,0,0.139844611287117,
TRI_L,347,03/test/ok/0306.bmp,0,0.14564280211925507,
TRI_L,348,03/test/ok/0307.bmp,0,0.15590187907218933,
TRI_L,349,03/test/ok/0308.bmp,0,0.12287072837352753,
TRI_L,350,03/test/ok/0309.bmp,0,0.16450490057468414,
TRI_L,351,03/test/ok/0310.bmp,0,0.17113295197486877,
TRI_L,352,03/test/ok/0311.bmp,0,0.12699167430400848,
TRI_L,353,03/test/ok/0312.bmp,0,0.1282525360584259,
TRI_L,354,03/test/ok/0313.bmp,0,0.13516825437545776,
TRI_L,355,03/test/ok/0314.bmp,0,0.1526884138584137,
TRI_L,356,03/test/ok/0315.bmp,0,0.13644246757030487,
TRI_L,357,03/test/ok/0316.bmp,0,0.12094084918498993,
TRI_L,358,03/test/ok/0317.bmp,0,0.14752839505672455,
TRI_L,359,03/test/ok/0318.bmp,0,0.14098697900772095,
TRI_L,360,03/test/ok/0319.bmp,0,0.10807957500219345,
TRI_L,361,03/test/ok/0320.bmp,0,0.14589083194732666,
TRI_L,362,03/test/ok/0321.bmp,0,0.11918704956769943,
TRI_L,363,03/test/ok/0322.bmp,0,0.1355942338705063,
TRI_L,364,03/test/ok/0323.bmp,0,0.14125357568264008,
TRI_L,365,03/test/ok/0324.bmp,0,0.1327705979347229,
TRI_L,366,03/test/ok/0325.bmp,0,0.13687926530838013,
TRI_L,367,03/test/ok/0326.bmp,0,0.1393193155527115,
TRI_L,368,03/test/ok/0327.bmp,0,0.14351306855678558,
TRI_L,369,03/test/ok/0328.bmp,0,0.1870494782924652,
TRI_L,370,03/test/ok/0329.bmp,0,0.1488889455795288,
TRI_L,371,03/test/ok/0330.bmp,0,0.11592093110084534,
TRI_L,372,03/test/ok/0331.bmp,0,0.1955518126487732,
TRI_L,373,03/test/ok/0332.bmp,0,0.13247628509998322,
TRI_L,374,03/test/ok/0333.bmp,0,0.12020115554332733,
TRI_L,375,03/test/ok/0334.bmp,0,0.15593068301677704,
TRI_L,376,03/test/ok/0335.bmp,0,0.11155720055103302,
TRI_L,377,03/test/ok/0336.bmp,0,0.12076359242200851,
TRI_L,378,03/test/ok/0337.bmp,0,0.12348892539739609,
TRI_L,379,03/test/ok/0338.bmp,0,0.1460002213716507,
TRI_L,380,03/test/ok/0339.bmp,0,0.14720852673053741,
TRI_L,381,03/test/ok/0340.bmp,0,0.1271556317806244,
TRI_L,382,03/test/ok/0341.bmp,0,0.13433782756328583,
TRI_L,383,03/test/ok/0342.bmp,0,0.1043660119175911,
TRI_L,384,03/test/ok/0343.bmp,0,0.17065441608428955,
TRI_L,385,03/test/ok/0344.bmp,0,0.14583371579647064,
TRI_L,386,03/test/ok/0345.bmp,0,0.20760294795036316,
TRI_L,387,03/test/ok/0346.bmp,0,0.1295245885848999,
TRI_L,388,03/test/ok/0347.bmp,0,0.10650269687175751,
TRI_L,389,03/test/ok/0348.bmp,0,0.13922590017318726,
TRI_L,390,03/test/ok/0349.bmp,0,0.12589555978775024,
TRI_L,391,03/test/ok/0350.bmp,0,0.171777606010437,
TRI_L,392,03/test/ok/0351.bmp,0,0.20197556912899017,
TRI_L,393,03/test/ok/0352.bmp,0,0.10227944701910019,
TRI_L,394,03/test/ok/0353.bmp,0,0.1787528693675995,
TRI_L,395,03/test/ok/0354.bmp,0,0.10532693564891815,
TRI_L,396,03/test/ok/0355.bmp,0,0.14170297980308533,
TRI_L,397,03/test/ok/0356.bmp,0,0.1749141365289688,
TRI_L,398,03/test/ok/0357.bmp,0,0.14131265878677368,
TRI_L,399,03/test/ok/0358.bmp,0,0.14715147018432617,
TRI_L,400,03/test/ok/0359.bmp,0,0.15239739418029785,
TRI_L,401,03/test/ok/0360.bmp,0,0.10542097687721252,
TRI_L,402,03/test/ok/0361.bmp,0,0.14792604744434357,
TRI_L,403,03/test/ok/0362.bmp,0,0.15244290232658386,
TRI_L,404,03/test/ok/0363.bmp,0,0.14049579203128815,
TRI_L,405,03/test/ok/0364.bmp,0,0.1334896683692932,
TRI_L,406,03/test/ok/0365.bmp,0,0.12273597717285156,
TRI_L,407,03/test/ok/0366.bmp,0,0.11104659736156464,
TRI_L,408,03/test/ok/0367.bmp,0,0.14004063606262207,
TRI_L,409,03/test/ok/0368.bmp,0,0.17447161674499512,
TRI_L,410,03/test/ok/0369.bmp,0,0.14436480402946472,
TRI_L,411,03/test/ok/0370.bmp,0,0.1538291722536087,
TRI_L,412,03/test/ok/0371.bmp,0,0.16220061480998993,
TRI_L,413,03/test/ok/0372.bmp,0,0.15985845029354095,
TRI_L,414,03/test/ok/0373.bmp,0,0.13982336223125458,
TRI_L,415,03/test/ok/0374.bmp,0,0.14736033976078033,
TRI_L,416,03/test/ok/0375.bmp,0,0.1488843560218811,
TRI_L,417,03/test/ok/0376.bmp,0,0.11721634864807129,
TRI_L,418,03/test/ok/0377.bmp,0,0.14827483892440796,
TRI_L,419,03/test/ok/0378.bmp,0,0.22224177420139313,
TRI_L,420,03/test/ok/0379.bmp,0,0.15998628735542297,
TRI_L,421,03/test/ok/0380.bmp,0,0.17128679156303406,
TRI_L,422,03/test/ok/0381.bmp,0,0.12648960947990417,
TRI_L,423,03/test/ok/0382.bmp,0,0.11295323073863983,
TRI_L,424,03/test/ok/0383.bmp,0,0.20993207395076752,
TRI_L,425,03/test/ok/0384.bmp,0,0.16630053520202637,
TRI_L,426,03/test/ok/0385.bmp,0,0.14396388828754425,
TRI_L,427,03/test/ok/0386.bmp,0,0.16701944172382355,
TRI_L,428,03/test/ok/0387.bmp,0,0.13440044224262238,
TRI_L,429,03/test/ok/0388.bmp,0,0.13512387871742249,
TRI_L,430,03/test/ok/0389.bmp,0,0.18382342159748077,
TRI_L,431,03/test/ok/0390.bmp,0,0.1708894819021225,
TRI_L,432,03/test/ok/0391.bmp,0,0.14153781533241272,
TRI_L,433,03/test/ok/0392.bmp,0,0.1026710793375969,
TRI_L,434,03/test/ok/0393.bmp,0,0.1356123387813568,
TRI_L,435,03/test/ok/0394.bmp,0,0.1543756127357483,
TRI_L,436,03/test/ok/0395.bmp,0,0.13534903526306152,
TRI_L,437,03/test/ok/0396.bmp,0,0.14421199262142181,
TRI_L,438,03/test/ok/0397.bmp,0,0.12000859528779984,
TRI_L,439,03/test/ok/0398.bmp,0,0.1210947185754776,
TRI_L,440,03/test/ok/0399.bmp,0,0.16517241299152374,
BAL_L,0,03/test/ko/0000.bmp,1,0.35202500224113464,0.7340534622832655
BAL_L,1,03/test/ko/0001.bmp,1,0.3783022463321686,0.8356498588803707
BAL_L,2,03/test/ko/0002.bmp,1,0.37381789088249207,0.821465479483391
BAL_L,3,03/test/ko/0003.bmp,1,0.36194875836372375,0.8955104760164926
BAL_L,4,03/test/ko/0004.bmp,1,0.26812297105789185,0.6870347508974296
BAL_L,5,03/test/ko/0005.bmp,1,0.34135934710502625,0.8669099997610494
BAL_L,6,03/test/ko/0006.bmp,1,0.36548957228660583,0.8976552703934406
BAL_L,7,03/test/ko/0007.bmp,1,0.24328751862049103,0.8595282619915372
BAL_L,8,03/test/ko/0008.bmp,1,0.36309245228767395,0.9294180674175377
BAL_L,9,03/test/ko/0009.bmp,1,0.20608840882778168,0.2674458185643104
BAL_L,10,03/test/ko/0010.bmp,1,0.25404760241508484,0.7958732542614179
BAL_L,11,03/test/ko/0011.bmp,1,0.29953673481941223,0.913056552013457
BAL_L,12,03/test/ko/0012.bmp,1,0.23686127364635468,0.22657563867256428
BAL_L,13,03/test/ko/0013.bmp,1,0.3101560175418854,0.8053997641519164
BAL_L,14,03/test/ko/0014.bmp,1,0.2844081223011017,0.8059766096654938
BAL_L,15,03/test/ko/0015.bmp,1,0.19005241990089417,0.915310476807803
BAL_L,16,03/test/ko/0016.bmp,1,0.20744188129901886,0.804018576629513
BAL_L,17,03/test/ko/0017.bmp,1,0.2789652347564697,0.8755706938282495
BAL_L,18,03/test/ko/0018.bmp,1,0.41559451818466187,0.9549660871062099
BAL_L,19,03/test/ko/0019.bmp,1,0.3721940219402313,0.973844395787738
BAL_L,20,03/test/ko/0020.bmp,1,0.2581258714199066,0.2089933909266389
BAL_L,21,03/test/ko/0021.bmp,1,0.16687561571598053,0.1039319679440461
BAL_L,22,03/test/ko/0022.bmp,1,0.263863742351532,0.6375056004053441
BAL_L,23,03/test/ko/0023.bmp,1,0.1888548731803894,0.29875708041625476
BAL_L,24,03/test/ko/0024.bmp,1,0.24922123551368713,0.8995325235599423
BAL_L,25,03/test/ko/0025.bmp,1,0.33470240235328674,0.8566238865280505
BAL_L,26,03/test/ko/0026.bmp,1,0.38567548990249634,0.9249465128395449
BAL_L,27,03/test/ko/0027.bmp,1,0.29459133744239807,0.804241085869157
BAL_L,28,03/test/ko/0028.bmp,0,0.13708648085594177,
BAL_L,29,03/test/ko/0029.bmp,0,0.17421728372573853,
BAL_L,30,03/test/ko/0030.bmp,0,0.23518405854701996,
BAL_L,31,03/test/ko/0031.bmp,0,0.1906273066997528,
BAL_L,32,03/test/ko/0032.bmp,0,0.1706402599811554,
BAL_L,33,03/test/ko/0033.bmp,0,0.1384836882352829,
BAL_L,34,03/test/ko/0034.bmp,0,0.2259960025548935,
BAL_L,35,03/test/ko/0035.bmp,0,0.23524488508701324,
BAL_L,36,03/test/ko/0036.bmp,0,0.15315374732017517,
BAL_L,37,03/test/ko/0037.bmp,0,0.15409888327121735,
BAL_L,38,03/test/ko/0038.bmp,1,0.3795287609100342,0.9563342061077674
BAL_L,39,03/test/ko/0039.bmp,1,0.2020895928144455,0.2909348085146506
BAL_L,40,03/test/ko/0040.bmp,1,0.2707425057888031,0.8911498452585702
BAL_L,41,03/test/ok/0000.bmp,0,0.11871270090341568,
BAL_L,42,03/test/ok/0001.bmp,0,0.08696428686380386,
BAL_L,43,03/test/ok/0002.bmp,0,0.23345817625522614,
BAL_L,44,03/test/ok/0003.bmp,0,0.08340352773666382,
BAL_L,45,03/test/ok/0004.bmp,0,0.14858564734458923,
BAL_L,46,03/test/ok/0005.bmp,0,0.092482790350914,
BAL_L,47,03/test/ok/0006.bmp,0,0.15889988839626312,
BAL_L,48,03/test/ok/0007.bmp,0,0.15746310353279114,
BAL_L,49,03/test/ok/0008.bmp,0,0.15200749039649963,
BAL_L,50,03/test/ok/0009.bmp,0,0.12159519642591476,
BAL_L,51,03/test/ok/0010.bmp,0,0.11042588204145432,
BAL_L,52,03/test/ok/0011.bmp,0,0.0949423685669899,
BAL_L,53,03/test/ok/0012.bmp,0,0.1044296845793724,
BAL_L,54,03/test/ok/0013.bmp,0,0.09980344772338867,
BAL_L,55,03/test/ok/0014.bmp,0,0.22615204751491547,
BAL_L,56,03/test/ok/0015.bmp,0,0.10562900453805923,
BAL_L,57,03/test/ok/0016.bmp,0,0.11315403133630753,
BAL_L,58,03/test/ok/0017.bmp,0,0.13579624891281128,
BAL_L,59,03/test/ok/0018.bmp,0,0.1313716173171997,
BAL_L,60,03/test/ok/0019.bmp,0,0.08823857456445694,
BAL_L,61,03/test/ok/0020.bmp,0,0.12822483479976654,
BAL_L,62,03/test/ok/0021.bmp,0,0.11395493894815445,
BAL_L,63,03/test/ok/0022.bmp,0,0.1084815040230751,
BAL_L,64,03/test/ok/0023.bmp,0,0.07621196657419205,
BAL_L,65,03/test/ok/0024.bmp,0,0.11027774959802628,
BAL_L,66,03/test/ok/0025.bmp,0,0.09360150992870331,
BAL_L,67,03/test/ok/0026.bmp,0,0.1701880395412445,
BAL_L,68,03/test/ok/0027.bmp,0,0.0822858214378357,
BAL_L,69,03/test/ok/0028.bmp,0,0.09442374855279922,
BAL_L,70,03/test/ok/0029.bmp,0,0.11655465513467789,
BAL_L,71,03/test/ok/0030.bmp,0,0.11623647063970566,
BAL_L,72,03/test/ok/0031.bmp,0,0.14832033216953278,
BAL_L,73,03/test/ok/0032.bmp,0,0.33117398619651794,
BAL_L,74,03/test/ok/0033.bmp,0,0.09529346972703934,
BAL_L,75,03/test/ok/0034.bmp,0,0.19728699326515198,
BAL_L,76,03/test/ok/0035.bmp,0,0.08799576759338379,
BAL_L,77,03/test/ok/0036.bmp,0,0.15453863143920898,
BAL_L,78,03/test/ok/0037.bmp,0,0.08907151967287064,
BAL_L,79,03/test/ok/0038.bmp,0,0.12430679798126221,
BAL_L,80,03/test/ok/0039.bmp,0,0.09963994473218918,
BAL_L,81,03/test/ok/0040.bmp,0,0.12644559144973755,
BAL_L,82,03/test/ok/0041.bmp,0,0.13268700242042542,
BAL_L,83,03/test/ok/0042.bmp,0,0.107761450111866,
BAL_L,84,03/test/ok/0043.bmp,0,0.16416293382644653,
BAL_L,85,03/test/ok/0044.bmp,0,0.10834801942110062,
BAL_L,86,03/test/ok/0045.bmp,0,0.09413478523492813,
BAL_L,87,03/test/ok/0046.bmp,0,0.09610957652330399,
BAL_L,88,03/test/ok/0047.bmp,0,0.07888816297054291,
BAL_L,89,03/test/ok/0048.bmp,0,0.09912461787462234,
BAL_L,90,03/test/ok/0049.bmp,0,0.10877744108438492,
BAL_L,91,03/test/ok/0050.bmp,0,0.11908962577581406,
BAL_L,92,03/test/ok/0051.bmp,0,0.10447000712156296,
BAL_L,93,03/test/ok/0052.bmp,0,0.10856497287750244,
BAL_L,94,03/test/ok/0053.bmp,0,0.168966606259346,
BAL_L,95,03/test/ok/0054.bmp,0,0.18892192840576172,
BAL_L,96,03/test/ok/0055.bmp,0,0.10073190182447433,
BAL_L,97,03/test/ok/0056.bmp,0,0.11556307971477509,
BAL_L,98,03/test/ok/0057.bmp,0,0.08577477186918259,
BAL_L,99,03/test/ok/0058.bmp,0,0.09362667053937912,
BAL_L,100,03/test/ok/0059.bmp,0,0.12949956953525543,
BAL_L,101,03/test/ok/0060.bmp,0,0.11070458590984344,
BAL_L,102,03/test/ok/0061.bmp,0,0.09836018085479736,
BAL_L,103,03/test/ok/0062.bmp,0,0.10057065635919571,
BAL_L,104,03/test/ok/0063.bmp,0,0.08840864151716232,
BAL_L,105,03/test/ok/0064.bmp,0,0.11914069205522537,
BAL_L,106,03/test/ok/0065.bmp,0,0.09459538012742996,
BAL_L,107,03/test/ok/0066.bmp,0,0.11367529630661011,
BAL_L,108,03/test/ok/0067.bmp,0,0.08704733848571777,
BAL_L,109,03/test/ok/0068.bmp,0,0.19662456214427948,
BAL_L,110,03/test/ok/0069.bmp,0,0.15449078381061554,
BAL_L,111,03/test/ok/0070.bmp,0,0.13959890604019165,
BAL_L,112,03/test/ok/0071.bmp,0,0.12560611963272095,
BAL_L,113,03/test/ok/0072.bmp,0,0.09016816318035126,
BAL_L,114,03/test/ok/0073.bmp,0,0.10618621110916138,
BAL_L,115,03/test/ok/0074.bmp,0,0.12907874584197998,
BAL_L,116,03/test/ok/0075.bmp,0,0.12678870558738708,
BAL_L,117,03/test/ok/0076.bmp,0,0.09260668605566025,
BAL_L,118,03/test/ok/0077.bmp,0,0.15351802110671997,
BAL_L,119,03/test/ok/0078.bmp,0,0.10988007485866547,
BAL_L,120,03/test/ok/0079.bmp,0,0.10791619122028351,
BAL_L,121,03/test/ok/0080.bmp,0,0.10743861645460129,
BAL_L,122,03/test/ok/0081.bmp,0,0.1129240170121193,
BAL_L,123,03/test/ok/0082.bmp,0,0.1141730546951294,
BAL_L,124,03/test/ok/0083.bmp,0,0.0765724629163742,
BAL_L,125,03/test/ok/0084.bmp,0,0.11825019121170044,
BAL_L,126,03/test/ok/0085.bmp,0,0.12815415859222412,
BAL_L,127,03/test/ok/0086.bmp,0,0.11520825326442719,
BAL_L,128,03/test/ok/0087.bmp,0,0.1138685867190361,
BAL_L,129,03/test/ok/0088.bmp,0,0.11011867225170135,
BAL_L,130,03/test/ok/0089.bmp,0,0.15004441142082214,
BAL_L,131,03/test/ok/0090.bmp,0,0.11367528885602951,
BAL_L,132,03/test/ok/0091.bmp,0,0.11698746681213379,
BAL_L,133,03/test/ok/0092.bmp,0,0.15995439887046814,
BAL_L,134,03/test/ok/0093.bmp,0,0.09504175186157227,
BAL_L,135,03/test/ok/0094.bmp,0,0.10016528517007828,
BAL_L,136,03/test/ok/0095.bmp,0,0.08117068558931351,
BAL_L,137,03/test/ok/0096.bmp,0,0.15586213767528534,
BAL_L,138,03/test/ok/0097.bmp,0,0.11257822811603546,
BAL_L,139,03/test/ok/0098.bmp,0,0.10139188170433044,
BAL_L,140,03/test/ok/0099.bmp,0,0.11901729553937912,
BAL_L,141,03/test/ok/0100.bmp,0,0.08982584625482559,
BAL_L,142,03/test/ok/0101.bmp,0,0.1309785693883896,
BAL_L,143,03/test/ok/0102.bmp,0,0.14361505210399628,
BAL_L,144,03/test/ok/0103.bmp,0,0.08894472569227219,
BAL_L,145,03/test/ok/0104.bmp,0,0.11572293192148209,
BAL_L,146,03/test/ok/0105.bmp,0,0.09447941184043884,
BAL_L,147,03/test/ok/0106.bmp,0,0.1282276213169098,
BAL_L,148,03/test/ok/0107.bmp,0,0.13309019804000854,
BAL_L,149,03/test/ok/0108.bmp,0,0.11262521892786026,
BAL_L,150,03/test/ok/0109.bmp,0,0.09582947939634323,
BAL_L,151,03/test/ok/0110.bmp,0,0.17209361493587494,
BAL_L,152,03/test/ok/0111.bmp,0,0.10002745687961578,
BAL_L,153,03/test/ok/0112.bmp,0,0.1144823431968689,
BAL_L,154,03/test/ok/0113.bmp,0,0.1918521523475647,
BAL_L,155,03/test/ok/0114.bmp,0,0.09862043708562851,
BAL_L,156,03/test/ok/0115.bmp,0,0.08326676487922668,
BAL_L,157,03/test/ok/0116.bmp,0,0.11151689291000366,
BAL_L,158,03/test/ok/0117.bmp,0,0.08672463148832321,
BAL_L,159,03/test/ok/0118.bmp,0,0.10620670765638351,
BAL_L,160,03/test/ok/0119.bmp,0,0.07995563745498657,
BAL_L,161,03/test/ok/0120.bmp,0,0.15310856699943542,
BAL_L,162,03/test/ok/0121.bmp,0,0.17458084225654602,
BAL_L,163,03/test/ok/0122.bmp,0,0.09298238158226013,
BAL_L,164,03/test/ok/0123.bmp,0,0.1059592142701149,
BAL_L,165,03/test/ok/0124.bmp,0,0.10208804160356522,
BAL_L,166,03/test/ok/0125.bmp,0,0.08678244054317474,
BAL_L,167,03/test/ok/0126.bmp,0,0.0936499610543251,
BAL_L,168,03/test/ok/0127.bmp,0,0.1220320537686348,
BAL_L,169,03/test/ok/0128.bmp,0,0.0929131954908371,
BAL_L,170,03/test/ok/0129.bmp,0,0.09035473316907883,
BAL_L,171,03/test/ok/0130.bmp,0,0.09519459307193756,
BAL_L,172,03/test/ok/0131.bmp,0,0.08814678341150284,
BAL_L,173,03/test/ok/0132.bmp,0,0.10267571359872818,
BAL_L,174,03/test/ok/0133.bmp,0,0.09251302480697632,
BAL_L,175,03/test/ok/0134.bmp,0,0.09949234873056412,
BAL_L,176,03/test/ok/0135.bmp,0,0.08836554735898972,
BAL_L,177,03/test/ok/0136.bmp,0,0.11188364028930664,
BAL_L,178,03/test/ok/0137.bmp,0,0.08160632103681564,
BAL_L,179,03/test/ok/0138.bmp,0,0.1031096875667572,
BAL_L,180,03/test/ok/0139.bmp,0,0.09427107870578766,
BAL_L,181,03/test/ok/0140.bmp,0,0.13112527132034302,
BAL_L,182,03/test/ok/0141.bmp,0,0.11643532663583755,
BAL_L,183,03/test/ok/0142.bmp,0,0.11456220597028732,
BAL_L,184,03/test/ok/0143.bmp,0,0.10565198957920074,
BAL_L,185,03/test/ok/0144.bmp,0,0.11074692010879517,
BAL_L,186,03/test/ok/0145.bmp,0,0.08173593133687973,
BAL_L,187,03/test/ok/0146.bmp,0,0.1177988350391388,
BAL_L,188,03/test/ok/0147.bmp,0,0.1486552506685257,
BAL_L,189,03/test/ok/0148.bmp,0,0.13469281792640686,
BAL_L,190,03/test/ok/0149.bmp,0,0.08938568830490112,
BAL_L,191,03/test/ok/0150.bmp,0,0.11724350601434708,
BAL_L,192,03/test/ok/0151.bmp,0,0.13182349503040314,
BAL_L,193,03/test/ok/0152.bmp,0,0.09859975427389145,
BAL_L,194,03/test/ok/0153.bmp,0,0.10334145277738571,
BAL_L,195,03/test/ok/0154.bmp,0,0.09976361691951752,
BAL_L,196,03/test/ok/0155.bmp,0,0.1416841447353363,
BAL_L,197,03/test/ok/0156.bmp,0,0.10752138495445251,
BAL_L,198,03/test/ok/0157.bmp,0,0.08788283169269562,
BAL_L,199,03/test/ok/0158.bmp,0,0.10148370265960693,
BAL_L,200,03/test/ok/0159.bmp,0,0.07549716532230377,
BAL_L,201,03/test/ok/0160.bmp,0,0.11307965219020844,
BAL_L,202,03/test/ok/0161.bmp,0,0.11190418154001236,
BAL_L,203,03/test/ok/0162.bmp,0,0.09116839617490768,
BAL_L,204,03/test/ok/0163.bmp,0,0.08724596351385117,
BAL_L,205,03/test/ok/0164.bmp,0,0.1317688673734665,
BAL_L,206,03/test/ok/0165.bmp,0,0.09132655709981918,
BAL_L,207,03/test/ok/0166.bmp,0,0.14210569858551025,
BAL_L,208,03/test/ok/0167.bmp,0,0.0806288942694664,
BAL_L,209,03/test/ok/0168.bmp,0,0.1269844025373459,
BAL_L,210,03/test/ok/0169.bmp,0,0.09030808508396149,
BAL_L,211,03/test/ok/0170.bmp,0,0.10267218202352524,
BAL_L,212,03/test/ok/0171.bmp,0,0.10844995826482773,
BAL_L,213,03/test/ok/0172.bmp,0,0.20789854228496552,
BAL_L,214,03/test/ok/0173.bmp,0,0.09572930634021759,
BAL_L,215,03/test/ok/0174.bmp,0,0.10511496663093567,
BAL_L,216,03/test/ok/0175.bmp,0,0.0729302316904068,
BAL_L,217,03/test/ok/0176.bmp,0,0.10868264734745026,
BAL_L,218,03/test/ok/0177.bmp,0,0.11693938076496124,
BAL_L,219,03/test/ok/0178.bmp,0,0.09801720082759857,
BAL_L,220,03/test/ok/0179.bmp,0,0.07833316177129745,
BAL_L,221,03/test/ok/0180.bmp,0,0.17248375713825226,
BAL_L,222,03/test/ok/0181.bmp,0,0.11685014516115189,
BAL_L,223,03/test/ok/0182.bmp,0,0.1498517394065857,
BAL_L,224,03/test/ok/0183.bmp,0,0.08548402041196823,
BAL_L,225,03/test/ok/0184.bmp,0,0.2022557109594345,
BAL_L,226,03/test/ok/0185.bmp,0,0.08758474141359329,
BAL_L,227,03/test/ok/0186.bmp,0,0.10266689211130142,
BAL_L,228,03/test/ok/0187.bmp,0,0.0988624319434166,
BAL_L,229,03/test/ok/0188.bmp,0,0.10527165234088898,
BAL_L,230,03/test/ok/0189.bmp,0,0.07841621339321136,
BAL_L,231,03/test/ok/0190.bmp,0,0.12471804022789001,
BAL_L,232,03/test/ok/0191.bmp,0,0.08090433478355408,
BAL_L,233,03/test/ok/0192.bmp,0,0.12716363370418549,
BAL_L,234,03/test/ok/0193.bmp,0,0.12576812505722046,
BAL_L,235,03/test/ok/0194.bmp,0,0.11157479882240295,
BAL_L,236,03/test/ok/0195.bmp,0,0.09936080873012543,
BAL_L,237,03/test/ok/0196.bmp,0,0.09843981266021729,
BAL_L,238,03/test/ok/0197.bmp,0,0.09823000431060791,
BAL_L,239,03/test/ok/0198.bmp,0,0.11535785347223282,
BAL_L,240,03/test/ok/0199.bmp,0,0.08033081889152527,
BAL_L,241,03/test/ok/0200.bmp,0,0.09271746873855591,
BAL_L,242,03/test/ok/0201.bmp,0,0.0860462337732315,
BAL_L,243,03/test/ok/0202.bmp,0,0.13773418962955475,
BAL_L,244,03/test/ok/0203.bmp,0,0.09426543861627579,
BAL_L,245,03/test/ok/0204.bmp,0,0.12079097330570221,
BAL_L,246,03/test/ok/0205.bmp,0,0.23340848088264465,
BAL_L,247,03/test/ok/0206.bmp,0,0.14400942623615265,
BAL_L,248,03/test/ok/0207.bmp,0,0.1146245002746582,
BAL_L,249,03/test/ok/0208.bmp,0,0.13787059485912323,
BAL_L,250,03/test/ok/0209.bmp,0,0.09645219147205353,
BAL_L,251,03/test/ok/0210.bmp,0,0.11247487366199493,
BAL_L,252,03/test/ok/0211.bmp,0,0.08237402141094208,
BAL_L,253,03/test/ok/0212.bmp,0,0.11514125019311905,
BAL_L,254,03/test/ok/0213.bmp,0,0.10154668241739273,
BAL_L,255,03/test/ok/0214.bmp,0,0.10226128995418549,
BAL_L,256,03/test/ok/0215.bmp,0,0.09951953589916229,
BAL_L,257,03/test/ok/0216.bmp,0,0.12203725427389145,
BAL_L,258,03/test/ok/0217.bmp,0,0.08655901998281479,
BAL_L,259,03/test/ok/0218.bmp,0,0.13900309801101685,
BAL_L,260,03/test/ok/0219.bmp,0,0.09799054265022278,
BAL_L,261,03/test/ok/0220.bmp,0,0.11170881986618042,
BAL_L,262,03/test/ok/0221.bmp,0,0.0787181556224823,
BAL_L,263,03/test/ok/0222.bmp,0,0.11184415966272354,
BAL_L,264,03/test/ok/0223.bmp,0,0.11748675256967545,
BAL_L,265,03/test/ok/0224.bmp,0,0.10486798733472824,
BAL_L,266,03/test/ok/0225.bmp,0,0.0921475738286972,
BAL_L,267,03/test/ok/0226.bmp,0,0.11107803136110306,
BAL_L,268,03/test/ok/0227.bmp,0,0.09956952184438705,
BAL_L,269,03/test/ok/0228.bmp,0,0.12988002598285675,
BAL_L,270,03/test/ok/0229.bmp,0,0.08048263192176819,
BAL_L,271,03/test/ok/0230.bmp,0,0.1042301133275032,
BAL_L,272,03/test/ok/0231.bmp,0,0.1041896864771843,
BAL_L,273,03/test/ok/0232.bmp,0,0.12592634558677673,
BAL_L,274,03/test/ok/0233.bmp,0,0.06651609390974045,
BAL_L,275,03/test/ok/0234.bmp,0,0.13606663048267365,
BAL_L,276,03/test/ok/0235.bmp,0,0.0758461058139801,
BAL_L,277,03/test/ok/0236.bmp,0,0.13819140195846558,
BAL_L,278,03/test/ok/0237.bmp,0,0.07878423482179642,
BAL_L,279,03/test/ok/0238.bmp,0,0.09879466146230698,
BAL_L,280,03/test/ok/0239.bmp,0,0.07425042241811752,
BAL_L,281,03/test/ok/0240.bmp,0,0.13497671484947205,
BAL_L,282,03/test/ok/0241.bmp,0,0.14494997262954712,
BAL_L,283,03/test/ok/0242.bmp,0,0.11750521510839462,
BAL_L,284,03/test/ok/0243.bmp,0,0.28615373373031616,
BAL_L,285,03/test/ok/0244.bmp,0,0.21531330049037933,
BAL_L,286,03/test/ok/0245.bmp,0,0.10087668895721436,
BAL_L,287,03/test/ok/0246.bmp,0,0.11981505155563354,
BAL_L,288,03/test/ok/0247.bmp,0,0.09481681138277054,
BAL_L,289,03/test/ok/0248.bmp,0,0.10035930573940277,
BAL_L,290,03/test/ok/0249.bmp,0,0.08879793435335159,
BAL_L,291,03/test/ok/0250.bmp,0,0.09078186750411987,
BAL_L,292,03/test/ok/0251.bmp,0,0.09195134788751602,
BAL_L,293,03/test/ok/0252.bmp,0,0.1288301646709442,
BAL_L,294,03/test/ok/0253.bmp,0,0.11217940598726273,
BAL_L,295,03/test/ok/0254.bmp,0,0.1434263288974762,
BAL_L,296,03/test/ok/0255.bmp,0,0.15732797980308533,
BAL_L,297,03/test/ok/0256.bmp,0,0.10108298063278198,
BAL_L,298,03/test/ok/0257.bmp,0,0.08296654373407364,
BAL_L,299,03/test/ok/0258.bmp,0,0.11582133173942566,
BAL_L,300,03/test/ok/0259.bmp,0,0.08011355996131897,
BAL_L,301,03/test/ok/0260.bmp,0,0.12322963029146194,
BAL_L,302,03/test/ok/0261.bmp,0,0.1252312958240509,
BAL_L,303,03/test/ok/0262.bmp,0,0.12289661169052124,
BAL_L,304,03/test/ok/0263.bmp,0,0.09850137680768967,
BAL_L,305,03/test/ok/0264.bmp,0,0.11993385851383209,
BAL_L,306,03/test/ok/0265.bmp,0,0.11839725077152252,
BAL_L,307,03/test/ok/0266.bmp,0,0.12342177331447601,
BAL_L,308,03/test/ok/0267.bmp,0,0.08607972413301468,
BAL_L,309,03/test/ok/0268.bmp,0,0.10651090741157532,
BAL_L,310,03/test/ok/0269.bmp,0,0.08308138698339462,
BAL_L,311,03/test/ok/0270.bmp,0,0.11974785476922989,
BAL_L,312,03/test/ok/0271.bmp,0,0.09445063024759293,
BAL_L,313,03/test/ok/0272.bmp,0,0.0987829864025116,
BAL_L,314,03/test/ok/0273.bmp,0,0.08509597927331924,
BAL_L,315,03/test/ok/0274.bmp,0,0.12949810922145844,
BAL_L,316,03/test/ok/0275.bmp,0,0.08759129047393799,
BAL_L,317,03/test/ok/0276.bmp,0,0.11920858919620514,
BAL_L,318,03/test/ok/0277.bmp,0,0.1366599202156067,
BAL_L,319,03/test/ok/0278.bmp,0,0.09025738388299942,
BAL_L,320,03/test/ok/0279.bmp,0,0.09710900485515594,
BAL_L,321,03/test/ok/0280.bmp,0,0.17866910994052887,
BAL_L,322,03/test/ok/0281.bmp,0,0.1593998372554779,
BAL_L,323,03/test/ok/0282.bmp,0,0.13785941898822784,
BAL_L,324,03/test/ok/0283.bmp,0,0.15556815266609192,
BAL_L,325,03/test/ok/0284.bmp,0,0.12567128241062164,
BAL_L,326,03/test/ok/0285.bmp,0,0.0763636901974678,
BAL_L,327,03/test/ok/0286.bmp,0,0.11965120583772659,
BAL_L,328,03/test/ok/0287.bmp,0,0.1603727787733078,
BAL_L,329,03/test/ok/0288.bmp,0,0.12196541577577591,
BAL_L,330,03/test/ok/0289.bmp,0,0.11742787063121796,
BAL_L,331,03/test/ok/0290.bmp,0,0.1107066348195076,
BAL_L,332,03/test/ok/0291.bmp,0,0.10035698115825653,
BAL_L,333,03/test/ok/0292.bmp,0,0.11631698906421661,
BAL_L,334,03/test/ok/0293.bmp,0,0.07657031714916229,
BAL_L,335,03/test/ok/0294.bmp,0,0.1298682987689972,
BAL_L,336,03/test/ok/0295.bmp,0,0.08595623821020126,
BAL_L,337,03/test/ok/0296.bmp,0,0.13157424330711365,
BAL_L,338,03/test/ok/0297.bmp,0,0.10826515406370163,
BAL_L,339,03/test/ok/0298.bmp,0,0.11276949197053909,
BAL_L,340,03/test/ok/0299.bmp,0,0.11569646000862122,
BAL_L,341,03/test/ok/0300.bmp,0,0.09781090915203094,
BAL_L,342,03/test/ok/0301.bmp,0,0.1355859935283661,
BAL_L,343,03/test/ok/0302.bmp,0,0.11269121617078781,
BAL_L,344,03/test/ok/0303.bmp,0,0.15362048149108887,
BAL_L,345,03/test/ok/0304.bmp,0,0.1302032768726349,
BAL_L,346,03/test/ok/0305.bmp,0,0.11055021733045578,
BAL_L,347,03/test/ok/0306.bmp,0,0.12278121709823608,
BAL_L,348,03/test/ok/0307.bmp,0,0.12278016656637192,
BAL_L,349,03/test/ok/0308.bmp,0,0.09708572924137115,
BAL_L,350,03/test/ok/0309.bmp,0,0.13240110874176025,
BAL_L,351,03/test/ok/0310.bmp,0,0.1339411586523056,
BAL_L,352,03/test/ok/0311.bmp,0,0.10165062546730042,
BAL_L,353,03/test/ok/0312.bmp,0,0.1013292446732521,
BAL_L,354,03/test/ok/0313.bmp,0,0.10901907086372375,
BAL_L,355,03/test/ok/0314.bmp,0,0.12166081368923187,
BAL_L,356,03/test/ok/0315.bmp,0,0.1095380112528801,
BAL_L,357,03/test/ok/0316.bmp,0,0.1168484017252922,
BAL_L,358,03/test/ok/0317.bmp,0,0.11429636180400848,
BAL_L,359,03/test/ok/0318.bmp,0,0.10949770361185074,
BAL_L,360,03/test/ok/0319.bmp,0,0.09118293970823288,
BAL_L,361,03/test/ok/0320.bmp,0,0.17318837344646454,
BAL_L,362,03/test/ok/0321.bmp,0,0.1006663590669632,
BAL_L,363,03/test/ok/0322.bmp,0,0.11032341420650482,
BAL_L,364,03/test/ok/0323.bmp,0,0.1384604573249817,
BAL_L,365,03/test/ok/0324.bmp,0,0.10608465224504471,
BAL_L,366,03/test/ok/0325.bmp,0,0.10727285593748093,
BAL_L,367,03/test/ok/0326.bmp,0,0.10921502113342285,
BAL_L,368,03/test/ok/0327.bmp,0,0.11386258155107498,
BAL_L,369,03/test/ok/0328.bmp,0,0.14569874107837677,
BAL_L,370,03/test/ok/0329.bmp,0,0.11811267584562302,
BAL_L,371,03/test/ok/0330.bmp,0,0.09326916188001633,
BAL_L,372,03/test/ok/0331.bmp,0,0.19082309305667877,
BAL_L,373,03/test/ok/0332.bmp,0,0.10708095133304596,
BAL_L,374,03/test/ok/0333.bmp,0,0.09652621299028397,
BAL_L,375,03/test/ok/0334.bmp,0,0.17687048017978668,
BAL_L,376,03/test/ok/0335.bmp,0,0.08925444632768631,
BAL_L,377,03/test/ok/0336.bmp,0,0.09385936707258224,
BAL_L,378,03/test/ok/0337.bmp,0,0.10058298707008362,
BAL_L,379,03/test/ok/0338.bmp,0,0.11655708402395248,
BAL_L,380,03/test/ok/0339.bmp,0,0.11638417840003967,
BAL_L,381,03/test/ok/0340.bmp,0,0.10227443277835846,
BAL_L,382,03/test/ok/0341.bmp,0,0.11568047851324081,
BAL_L,383,03/test/ok/0342.bmp,0,0.08550995588302612,
BAL_L,384,03/test/ok/0343.bmp,0,0.13206441700458527,
BAL_L,385,03/test/ok/0344.bmp,0,0.11516091972589493,
BAL_L,386,03/test/ok/0345.bmp,0,0.16383898258209229,
BAL_L,387,03/test/ok/0346.bmp,0,0.10406795144081116,
BAL_L,388,03/test/ok/0347.bmp,0,0.08445121347904205,
BAL_L,389,03/test/ok/0348.bmp,0,0.11276177316904068,
BAL_L,390,03/test/ok/0349.bmp,0,0.10231122374534607,
BAL_L,391,03/test/ok/0350.bmp,0,0.14151905477046967,
BAL_L,392,03/test/ok/0351.bmp,0,0.15666770935058594,
BAL_L,393,03/test/ok/0352.bmp,0,0.08316361904144287,
BAL_L,394,03/test/ok/0353.bmp,0,0.1561204344034195,
BAL_L,395,03/test/ok/0354.bmp,0,0.10054337233304977,
BAL_L,396,03/test/ok/0355.bmp,0,0.10965090245008469,
BAL_L,397,03/test/ok/0356.bmp,0,0.13660596311092377,
BAL_L,398,03/test/ok/0357.bmp,0,0.1108778789639473,
BAL_L,399,03/test/ok/0358.bmp,0,0.11686264723539352,
BAL_L,400,03/test/ok/0359.bmp,0,0.12039168924093246,
BAL_L,401,03/test/ok/0360.bmp,0,0.08892697840929031,
BAL_L,402,03/test/ok/0361.bmp,0,0.1197710707783699,
BAL_L,403,03/test/ok/0362.bmp,0,0.1200903132557869,
BAL_L,404,03/test/ok/0363.bmp,0,0.11496710777282715,
BAL_L,405,03/test/ok/0364.bmp,0,0.11811641603708267,
BAL_L,406,03/test/ok/0365.bmp,0,0.10133698582649231,
BAL_L,407,03/test/ok/0366.bmp,0,0.11132493615150452,
BAL_L,408,03/test/ok/0367.bmp,0,0.11008235812187195,
BAL_L,409,03/test/ok/0368.bmp,0,0.13901054859161377,
BAL_L,410,03/test/ok/0369.bmp,0,0.12057984620332718,
BAL_L,411,03/test/ok/0370.bmp,0,0.11994189769029617,
BAL_L,412,03/test/ok/0371.bmp,0,0.16283145546913147,
BAL_L,413,03/test/ok/0372.bmp,0,0.12611034512519836,
BAL_L,414,03/test/ok/0373.bmp,0,0.10860516875982285,
BAL_L,415,03/test/ok/0374.bmp,0,0.11671818792819977,
BAL_L,416,03/test/ok/0375.bmp,0,0.12065596878528595,
BAL_L,417,03/test/ok/0376.bmp,0,0.09562449902296066,
BAL_L,418,03/test/ok/0377.bmp,0,0.1166110411286354,
BAL_L,419,03/test/ok/0378.bmp,0,0.2278810292482376,
BAL_L,420,03/test/ok/0379.bmp,0,0.13136212527751923,
BAL_L,421,03/test/ok/0380.bmp,0,0.13451264798641205,
BAL_L,422,03/test/ok/0381.bmp,0,0.10235875844955444,
BAL_L,423,03/test/ok/0382.bmp,0,0.09543725848197937,
BAL_L,424,03/test/ok/0383.bmp,0,0.16631752252578735,
BAL_L,425,03/test/ok/0384.bmp,0,0.17919903993606567,
BAL_L,426,03/test/ok/0385.bmp,0,0.1591065227985382,
BAL_L,427,03/test/ok/0386.bmp,0,0.1333865523338318,
BAL_L,428,03/test/ok/0387.bmp,0,0.10886925458908081,
BAL_L,429,03/test/ok/0388.bmp,0,0.11101134121417999,
BAL_L,430,03/test/ok/0389.bmp,0,0.2039414346218109,
BAL_L,431,03/test/ok/0390.bmp,0,0.1329292505979538,
BAL_L,432,03/test/ok/0391.bmp,0,0.11109234392642975,
BAL_L,433,03/test/ok/0392.bmp,0,0.08501537144184113,
BAL_L,434,03/test/ok/0393.bmp,0,0.1446559727191925,
BAL_L,435,03/test/ok/0394.bmp,0,0.12129033356904984,
BAL_L,436,03/test/ok/0395.bmp,0,0.11920861899852753,
BAL_L,437,03/test/ok/0396.bmp,0,0.11217689514160156,
BAL_L,438,03/test/ok/0397.bmp,0,0.09717467427253723,
BAL_L,439,03/test/ok/0398.bmp,0,0.09837774187326431,
BAL_L,440,03/test/ok/0399.bmp,0,0.16287168860435486,
