method,image_index,sample_id,image_label,region,grid,boundary_count,patch_count,mean,p05,p25,median,p75,p95,min,max
A1_G,0,bracket_white/test/defective_painting/000.png,1,abnormal_normal,32x32,3,1021,0.009840912117196812,0.0007678568363189697,0.0030570030212402344,0.007162243127822876,0.013192176818847656,0.027691960334777832,0.0,0.11797887086868286
A1_G,0,bracket_white/test/defective_painting/000.png,1,defect,32x32,3,3,0.031827072302500405,0.003603240847587586,0.01710556447505951,0.033983469009399414,0.04762677848339081,0.05854142606258392,0.0002276599407196045,0.0612700879573822
A1_G,0,bracket_white/test/defective_painting/000.png,1,clean_defect,32x32,3,0,,,,,,,,
A1_G,0,bracket_white/test/defective_painting/000.png,1,boundary,32x32,3,3,0.031827072302500405,0.003603240847587586,0.01710556447505951,0.033983469009399414,0.04762677848339081,0.05854142606258392,0.0002276599407196045,0.0612700879573822
A1_G,1,bracket_white/test/defective_painting/001.png,1,abnormal_normal,32x32,3,1021,0.009697594149922998,0.0005669295787811279,0.003046393394470215,0.006813943386077881,0.013218939304351807,0.02820509672164917,0.0,0.12584781646728516
A1_G,1,bracket_white/test/defective_painting/001.png,1,defect,32x32,3,3,0.017441362142562866,0.012712585926055908,0.013808071613311768,0.015177428722381592,0.019942685961723328,0.023754891753196717,0.012438714504241943,0.024707943201065063
A1_G,1,bracket_white/test/defective_painting/001.png,1,clean_defect,32x32,3,0,,,,,,,,
A1_G,1,bracket_white/test/defective_painting/001.png,1,boundary,32x32,3,3,0.017441362142562866,0.012712585926055908,0.013808071613311768,0.015177428722381592,0.019942685961723328,0.023754891753196717,0.012438714504241943,0.024707943201065063
A1_G,2,bracket_white/test/defective_painting/002.png,1,abnormal_normal,32x32,3,1021,0.009913425312453223,0.0006214678287506104,0.0031861066818237305,0.007203161716461182,0.013086557388305664,0.029506593942642212,0.0,0.0630907416343689
A1_G,2,bracket_white/test/defective_painting/002.png,1,defect,32x32,3,3,0.015647749106089275,0.003023210167884827,0.0038255006074905396,0.004828363656997681,0.022060304880142212,0.035845857858657834,0.0028226375579833984,0.03929224610328674
A1_G,2,bracket_white/test/defective_painting/002.png,1,clean_defect,32x32,3,0,,,,,,,,
A1_G,2,bracket_white/test/defective_painting/002.png,1,boundary,32x32,3,3,0.015647749106089275,0.003023210167884827,0.0038255006074905396,0.004828363656997681,0.022060304880142212,0.035845857858657834,0.0028226375579833984,0.03929224610328674
A1_G,3,bracket_white/test/defective_painting/003.png,1,abnormal_normal,32x32,2,1022,0.011566080517498249,0.000748792290687561,0.003885425627231598,0.008588150143623352,0.015270739793777466,0.03405747413635254,0.0,0.09837031364440918
A1_G,3,bracket_white/test/defective_painting/003.png,1,defect,32x32,2,2,0.015372559428215027,0.0015372559428215027,0.007686279714107513,0.015372559428215027,0.02305883914232254,0.02920786291360855,0.0,0.030745118856430054
A1_G,3,bracket_white/test/defective_painting/003.png,1,clean_defect,32x32,2,0,,,,,,,,
A1_G,3,bracket_white/test/defective_painting/003.png,1,boundary,32x32,2,2,0.015372559428215027,0.0015372559428215027,0.007686279714107513,0.015372559428215027,0.02305883914232254,0.02920786291360855,0.0,0.030745118856430054
A1_G,4,bracket_white/test/defective_painting/004.png,1,abnormal_normal,32x32,2,1022,0.011370588217929386,0.0007637158036231994,0.0037584826350212097,0.008610963821411133,0.01551799476146698,0.03293006271123886,0.0,0.11514806747436523
A1_G,4,bracket_white/test/defective_painting/004.png,1,defect,32x32,2,2,0.02791982889175415,0.012439191341400146,0.019319474697113037,0.02791982889175415,0.036520183086395264,0.043400466442108154,0.010719120502471924,0.04512053728103638
A1_G,4,bracket_white/test/defective_painting/004.png,1,clean_defect,32x32,2,0,,,,,,,,
A1_G,4,bracket_white/test/defective_painting/004.png,1,boundary,32x32,2,2,0.02791982889175415,0.012439191341400146,0.019319474697113037,0.02791982889175415,0.036520183086395264,0.043400466442108154,0.010719120502471924,0.04512053728103638
A1_G,5,bracket_white/test/defective_painting/005.png,1,abnormal_normal,32x32,2,1022,0.010444375750136702,0.0007840082049369813,0.0031998008489608765,0.007316619157791138,0.01403200626373291,0.031056775152683253,0.0,0.07760024070739746
A1_G,5,bracket_white/test/defective_painting/005.png,1,defect,32x32,2,2,0.03339900076389313,0.030530364811420442,0.031805314123630524,0.03339900076389313,0.03499268740415573,0.03626763671636581,0.03021162748336792,0.036586374044418335
A1_G,5,bracket_white/test/defective_painting/005.png,1,clean_defect,32x32,2,0,,,,,,,,
A1_G,5,bracket_white/test/defective_painting/005.png,1,boundary,32x32,2,2,0.03339900076389313,0.030530364811420442,0.031805314123630524,0.03339900076389313,0.03499268740415573,0.03626763671636581,0.03021162748336792,0.036586374044418335
A1_G,6,bracket_white/test/defective_painting/006.png,1,abnormal_normal,32x32,3,1021,0.010599207165892747,0.0005022287368774414,0.003299504518508911,0.007696390151977539,0.01460254192352295,0.029267728328704834,0.0,0.08610880374908447
A1_G,6,bracket_white/test/defective_painting/006.png,1,defect,32x32,3,3,0.031548122564951576,0.024648630619049074,0.024864137172698975,0.025133520364761353,0.03502480685710907,0.04293783605098724,0.024594753980636597,0.04491609334945679
A1_G,6,bracket_white/test/defective_painting/006.png,1,clean_defect,32x32,3,0,,,,,,,,
A1_G,6,bracket_white/test/defective_painting/006.png,1,boundary,32x32,3,3,0.031548122564951576,0.024648630619049074,0.024864137172698975,0.025133520364761353,0.03502480685710907,0.04293783605098724,0.024594753980636597,0.04491609334945679
A1_G,7,bracket_white/test/defective_painting/007.png,1,abnormal_normal,32x32,5,1019,0.010040177681261237,0.000448867678642273,0.0029544085264205933,0.007130086421966553,0.013399958610534668,0.029147636890411378,0.0,0.07879534363746643
A1_G,7,bracket_white/test/defective_painting/007.png,1,defect,32x32,5,5,0.014746743440628051,0.005952465534210205,0.010754644870758057,0.012446284294128418,0.017306149005889893,0.026241004467010495,0.004751920700073242,0.02847471833229065
A1_G,7,bracket_white/test/defective_painting/007.png,1,clean_defect,32x32,5,0,,,,,,,,
A1_G,7,bracket_white/test/defective_painting/007.png,1,boundary,32x32,5,5,0.014746743440628051,0.005952465534210205,0.010754644870758057,0.012446284294128418,0.017306149005889893,0.026241004467010495,0.004751920700073242,0.02847471833229065
A1_G,8,bracket_white/test/defective_painting/008.png,1,abnormal_normal,32x32,6,1018,0.010322759363412388,0.0003933236002922058,0.002834692597389221,0.007083624601364136,0.013670876622200012,0.03175210952758789,0.0,0.07361015677452087
A1_G,8,bracket_white/test/defective_painting/008.png,1,defect,32x32,6,6,0.026727611819903057,0.009335190057754517,0.018535129725933075,0.02476663887500763,0.0332450345158577,0.04752454161643982,0.0068121254444122314,0.0514911413192749
A1_G,8,bracket_white/test/defective_painting/008.png,1,clean_defect,32x32,6,0,,,,,,,,
A1_G,8,bracket_white/test/defective_painting/008.png,1,boundary,32x32,6,6,0.026727611819903057,0.009335190057754517,0.018535129725933075,0.02476663887500763,0.0332450345158577,0.04752454161643982,0.0068121254444122314,0.0514911413192749
A1_G,9,bracket_white/test/defective_painting/009.png,1,abnormal_normal,32x32,4,1020,0.010181035539683173,0.00045275241136550904,0.002980634570121765,0.007000535726547241,0.013597950339317322,0.029550178349018075,0.0,0.11995556950569153
A1_G,9,bracket_white/test/defective_painting/009.png,1,defect,32x32,4,4,0.01909726858139038,0.0017652288079261782,0.0063402727246284485,0.02069145441055298,0.03344845026731491,0.034197448194026946,0.0006214678287506104,0.034384697675704956
A1_G,9,bracket_white/test/defective_painting/009.png,1,clean_defect,32x32,4,0,,,,,,,,
A1_G,9,bracket_white/test/defective_painting/009.png,1,boundary,32x32,4,4,0.01909726858139038,0.0017652288079261782,0.0063402727246284485,0.02069145441055298,0.03344845026731491,0.034197448194026946,0.0006214678287506104,0.034384697675704956
A1_G,10,bracket_white/test/defective_painting/010.png,1,abnormal_normal,32x32,2,1022,0.010037983262842182,0.0005921006202697755,0.003228604793548584,0.006999358534812927,0.013785101473331451,0.02790020853281021,0.0,0.07956653833389282
A1_G,10,bracket_white/test/defective_painting/010.png,1,defect,32x32,2,2,0.03282958269119263,0.02132481038570404,0.026438042521476746,0.03282958269119263,0.03922112286090851,0.04433435499668121,0.020046502351760864,0.04561266303062439
A1_G,10,bracket_white/test/defective_painting/010.png,1,clean_defect,32x32,2,0,,,,,,,,
A1_G,10,bracket_white/test/defective_painting/010.png,1,boundary,32x32,2,2,0.03282958269119263,0.02132481038570404,0.026438042521476746,0.03282958269119263,0.03922112286090851,0.04433435499668121,0.020046502351760864,0.04561266303062439
A1_G,11,bracket_white/test/defective_painting/011.png,1,abnormal_normal,32x32,3,1021,0.009832704744423054,0.0005722343921661377,0.002765268087387085,0.006805539131164551,0.012964248657226562,0.029855996370315552,0.0,0.10368779301643372
A1_G,11,bracket_white/test/defective_painting/011.png,1,defect,32x32,3,3,0.021504253149032593,0.007549282908439637,0.016874536871910095,0.02853110432624817,0.02964739501476288,0.030540427565574645,0.0052179694175720215,0.030763685703277588
A1_G,11,bracket_white/test/defective_painting/011.png,1,clean_defect,32x32,3,0,,,,,,,,
A1_G,11,bracket_white/test/defective_painting/011.png,1,boundary,32x32,3,3,0.021504253149032593,0.007549282908439637,0.016874536871910095,0.02853110432624817,0.02964739501476288,0.030540427565574645,0.0052179694175720215,0.030763685703277588
A1_G,12,bracket_white/test/defective_painting/012.png,1,abnormal_normal,32x32,5,1019,0.010524441584052703,0.0007813721895217898,0.003562912344932556,0.007927626371383667,0.014648407697677612,0.029627305269241323,0.0,0.08009660243988037
A1_G,12,bracket_white/test/defective_painting/012.png,1,defect,32x32,5,5,0.018721765279769896,0.0,0.0,0.023969531059265137,0.032686054706573486,0.036099803447723386,0.0,0.036953240633010864
A1_G,12,bracket_white/test/defective_painting/012.png,1,clean_defect,32x32,5,0,,,,,,,,
A1_G,12,bracket_white/test/defective_painting/012.png,1,boundary,32x32,5,5,0.018721765279769896,0.0,0.0,0.023969531059265137,0.032686054706573486,0.036099803447723386,0.0,0.036953240633010864
A1_G,13,bracket_white/test/good/000.png,0,normal_image,32x32,0,1024,0.008619255822850391,0.0,0.0015332400798797607,0.00516115128993988,0.011222079396247864,0.027900788187980644,0.0,0.10904884338378906
A1_G,14,bracket_white/test/good/001.png,0,normal_image,32x32,0,1024,0.008809884369838983,0.0,0.0021003857254981995,0.005457744002342224,0.0124596506357193,0.02837915718555449,0.0,0.0932125449180603
A1_G,15,bracket_white/test/good/002.png,0,normal_image,32x32,0,1024,0.01007986007607542,0.0003450438380241394,0.0024329572916030884,0.006689444184303284,0.014461830258369446,0.029174174368381486,0.0,0.08155015110969543
A1_G,16,bracket_white/test/good/003.png,0,normal_image,32x32,0,1024,0.009168000309728086,0.0,0.0019316747784614563,0.005704045295715332,0.013336144387722015,0.029416833817958826,0.0,0.06143036484718323
A1_G,17,bracket_white/test/good/004.png,0,normal_image,32x32,0,1024,0.00894868528121151,0.0,0.0014971643686294556,0.005409896373748779,0.012624025344848633,0.03040902912616727,0.0,0.11328211426734924
A1_G,18,bracket_white/test/good/005.png,0,normal_image,32x32,0,1024,0.00879827988683246,0.0,0.0019061267375946045,0.0056791603565216064,0.012652076780796051,0.027874293923377987,0.0,0.06192120909690857
A1_G,19,bracket_white/test/good/006.png,0,normal_image,32x32,0,1024,0.009038603195222095,0.0,0.0017843618988990784,0.005916491150856018,0.012881480157375336,0.02832791954278945,0.0,0.06303524971008301
A1_G,20,bracket_white/test/good/007.png,0,normal_image,32x32,0,1024,0.008355421741725877,0.0,0.001554057002067566,0.004710301756858826,0.011147752404212952,0.02712087780237195,0.0,0.08330202102661133
A1_G,21,bracket_white/test/good/008.png,0,normal_image,32x32,0,1024,0.010175055707804859,0.0,0.002295255661010742,0.006095975637435913,0.013951018452644348,0.033929944038391086,0.0,0.07987818121910095
A1_G,22,bracket_white/test/good/009.png,0,normal_image,32x32,0,1024,0.008848257217323408,0.0,0.0018406882882118225,0.005338907241821289,0.012188389897346497,0.031567090749740595,0.0,0.06989029049873352
A1_G,23,bracket_white/test/good/010.png,0,normal_image,32x32,0,1024,0.006170521752210334,0.0,0.0,0.0026931315660476685,0.008322186768054962,0.024327595531940457,0.0,0.09968644380569458
A1_G,24,bracket_white/test/good/011.png,0,normal_image,32x32,0,1024,0.00771425332641229,0.0,0.0015697702765464783,0.004770100116729736,0.010915525257587433,0.025737679004669146,0.0,0.07791680097579956
A1_G,25,bracket_white/test/good/012.png,0,normal_image,32x32,0,1024,0.009280348604079336,0.0,0.0022495314478874207,0.006107106804847717,0.012763187289237976,0.03037621080875394,0.0,0.06746780872344971
A1_G,26,bracket_white/test/good/013.png,0,normal_image,32x32,0,1024,0.007977273809956387,0.0,0.0003412887454032898,0.004052251577377319,0.011726878583431244,0.029012539982795696,0.0,0.07464122772216797
A1_G,27,bracket_white/test/good/014.png,0,normal_image,32x32,0,1024,0.007495612895581871,0.0,0.0010342448949813843,0.0038896650075912476,0.01032046228647232,0.026083099842071515,0.0,0.0792960524559021
A1_G,28,bracket_white/test/good/015.png,0,normal_image,32x32,0,1024,0.008253399631939828,0.0,0.0002642720937728882,0.0038063228130340576,0.011923253536224365,0.033077012002468105,0.0,0.09207281470298767
A1_G,29,bracket_white/test/good/016.png,0,normal_image,32x32,0,1024,0.007170786848291755,0.0,0.0007883161306381226,0.0036816000938415527,0.00942753255367279,0.027817851305007926,0.0,0.07152003049850464
A1_G,30,bracket_white/test/good/017.png,0,normal_image,32x32,0,1024,0.007739382621366531,0.0,0.001306585967540741,0.0044622719287872314,0.0105423703789711,0.02657059431076049,0.0,0.07524293661117554
A1_G,31,bracket_white/test/good/018.png,0,normal_image,32x32,0,1024,0.009107019955990836,0.0,0.001978926360607147,0.005832985043525696,0.012945994734764099,0.02708377242088311,0.0,0.08539339900016785
A1_G,32,bracket_white/test/good/019.png,0,normal_image,32x32,0,1024,0.00893586705205962,0.00012802481651306158,0.0021129772067070007,0.005893021821975708,0.01251375675201416,0.02817526459693905,0.0,0.07850760221481323
A1_G,33,bracket_white/test/good/020.png,0,normal_image,32x32,0,1024,0.009643473516916856,0.0,0.0021247491240501404,0.006076321005821228,0.013622187077999115,0.029067011177539823,0.0,0.08117187023162842
A1_G,34,bracket_white/test/good/021.png,0,normal_image,32x32,0,1024,0.008088106027571484,0.0,0.0012043267488479614,0.004669994115829468,0.011363811790943146,0.02705246806144714,0.0,0.0650675892829895
A1_G,35,bracket_white/test/good/022.png,0,normal_image,32x32,0,1024,0.010050874843727797,0.0,0.0022177621722221375,0.006047606468200684,0.014117807149887085,0.03298411816358561,0.0,0.07308033108711243
A1_G,36,bracket_white/test/good/023.png,0,normal_image,32x32,0,1024,0.008075011195614934,0.0,0.0015102475881576538,0.0048004984855651855,0.010857388377189636,0.02836589217185965,0.0,0.07900446653366089
A1_G,37,bracket_white/test/good/024.png,0,normal_image,32x32,0,1024,0.007070880266837776,0.0,0.0,0.0024944543838500977,0.009593628346920013,0.029505991935729937,0.0,0.11301174759864807
A1_G,38,bracket_white/test/good/025.png,0,normal_image,32x32,0,1024,0.009152755257673562,0.00020714998245239264,0.0021154657006263733,0.005937591195106506,0.012671545147895813,0.028035844862461086,0.0,0.07855847477912903
A1_G,39,bracket_white/test/good/026.png,0,normal_image,32x32,0,1024,0.008511565654771402,0.0,0.0004874765872955322,0.004762396216392517,0.013010352849960327,0.03028164803981781,0.0,0.05935826897621155
A1_G,40,bracket_white/test/good/027.png,0,normal_image,32x32,0,1024,0.010003960167523474,0.00015077888965606704,0.0023979544639587402,0.006684347987174988,0.013840965926647186,0.030623149871826134,0.0,0.10920679569244385
A1_G,41,bracket_white/test/good/028.png,0,normal_image,32x32,0,1024,0.007874919072492048,0.0,0.001150764524936676,0.004555031657218933,0.010790273547172546,0.027331504225730892,0.0,0.08701673150062561
A1_G,42,bracket_white/test/good/029.png,0,normal_image,32x32,0,1024,0.007400104572298005,0.0,0.0009513497352600098,0.004202395677566528,0.00971086323261261,0.025717493891715997,0.0,0.0676954984664917
A1_G,43,bracket_white/test/scratches/000.png,1,abnormal_normal,32x32,7,1017,0.008713325831742414,0.0,0.0019241273403167725,0.005508095026016235,0.012229770421981812,0.027291440963745087,0.0,0.08262616395950317
A1_G,43,bracket_white/test/scratches/000.png,1,defect,32x32,7,7,0.01697218418121338,0.011654737591743469,0.015658944845199585,0.017853528261184692,0.019069328904151917,0.020616260170936585,0.010612636804580688,0.02088257670402527
A1_G,43,bracket_white/test/scratches/000.png,1,clean_defect,32x32,7,0,,,,,,,,
A1_G,43,bracket_white/test/scratches/000.png,1,boundary,32x32,7,7,0.01697218418121338,0.011654737591743469,0.015658944845199585,0.017853528261184692,0.019069328904151917,0.020616260170936585,0.010612636804580688,0.02088257670402527
A1_G,44,bracket_white/test/scratches/001.png,1,abnormal_normal,32x32,5,1019,0.009187696697199543,0.00016439557075500499,0.0022621452808380127,0.005743086338043213,0.013188347220420837,0.02791230082511899,0.0,0.09257495403289795
A1_G,44,bracket_white/test/scratches/001.png,1,defect,32x32,5,5,0.020709478855133058,0.01729888916015625,0.019504427909851074,0.020839840173721313,0.022784531116485596,0.023493778705596925,0.016747504472732544,0.023671090602874756
A1_G,44,bracket_white/test/scratches/001.png,1,clean_defect,32x32,5,0,,,,,,,,
A1_G,44,bracket_white/test/scratches/001.png,1,boundary,32x32,5,5,0.020709478855133058,0.01729888916015625,0.019504427909851074,0.020839840173721313,0.022784531116485596,0.023493778705596925,0.016747504472732544,0.023671090602874756
A1_G,45,bracket_white/test/scratches/002.png,1,abnormal_normal,32x32,10,1014,0.009737712773815885,0.0,0.002484545111656189,0.00659613311290741,0.013490550220012665,0.02954550385475156,0.0,0.09030061960220337
A1_G,45,bracket_white/test/scratches/002.png,1,defect,32x32,10,10,0.02650677561759949,0.0050880700349807744,0.015992268919944763,0.03156714141368866,0.03517886996269226,0.043631665408611284,0.0,0.049434155225753784
A1_G,45,bracket_white/test/scratches/002.png,1,clean_defect,32x32,10,0,,,,,,,,
A1_G,45,bracket_white/test/scratches/002.png,1,boundary,32x32,10,10,0.02650677561759949,0.0050880700349807744,0.015992268919944763,0.03156714141368866,0.03517886996269226,0.043631665408611284,0.0,0.049434155225753784
A1_G,46,bracket_white/test/scratches/003.png,1,abnormal_normal,32x32,4,1020,0.010869412270246768,0.00038002431392669683,0.0028932392597198486,0.007837533950805664,0.015869975090026855,0.030474321544170364,0.0,0.08325621485710144
A1_G,46,bracket_white/test/scratches/003.png,1,defect,32x32,4,4,0.026913613080978394,0.01966444104909897,0.019947342574596405,0.026609957218170166,0.033576227724552155,0.034587903320789336,0.01959371566772461,0.03484082221984863
A1_G,46,bracket_white/test/scratches/003.png,1,clean_defect,32x32,4,0,,,,,,,,
A1_G,46,bracket_white/test/scratches/003.png,1,boundary,32x32,4,4,0.026913613080978394,0.01966444104909897,0.019947342574596405,0.026609957218170166,0.033576227724552155,0.034587903320789336,0.01959371566772461,0.03484082221984863
A1_G,47,bracket_white/test/scratches/004.png,1,abnormal_normal,32x32,6,1018,0.010171712147463515,0.0003126561641693116,0.0027093887329101562,0.007068023085594177,0.014289915561676025,0.03121751695871353,0.0,0.06319072842597961
A1_G,47,bracket_white/test/scratches/004.png,1,defect,32x32,6,6,0.027272780736287434,0.018397338688373566,0.02132190763950348,0.026087462902069092,0.029345840215682983,0.04011630266904831,0.017700940370559692,0.043595463037490845
A1_G,47,bracket_white/test/scratches/004.png,1,clean_defect,32x32,6,0,,,,,,,,
A1_G,47,bracket_white/test/scratches/004.png,1,boundary,32x32,6,6,0.027272780736287434,0.018397338688373566,0.02132190763950348,0.026087462902069092,0.029345840215682983,0.04011630266904831,0.017700940370559692,0.043595463037490845
A1_G,48,bracket_white/test/scratches/005.png,1,abnormal_normal,32x32,5,1019,0.01068241875234834,0.0003523796796798708,0.0028763264417648315,0.00769004225730896,0.015361398458480835,0.03136046826839443,0.0,0.0724383294582367
A1_G,48,bracket_white/test/scratches/005.png,1,defect,32x32,5,5,0.0336134135723114,0.027677756547927857,0.030867844820022583,0.030907154083251953,0.034800976514816284,0.042648881673812866,0.026880234479904175,0.04461085796356201
A1_G,48,bracket_white/test/scratches/005.png,1,clean_defect,32x32,5,0,,,,,,,,
A1_G,48,bracket_white/test/scratches/005.png,1,boundary,32x32,5,5,0.0336134135723114,0.027677756547927857,0.030867844820022583,0.030907154083251953,0.034800976514816284,0.042648881673812866,0.026880234479904175,0.04461085796356201
A1_G,49,bracket_white/test/scratches/006.png,1,abnormal_normal,32x32,6,1018,0.00945805027817462,0.000570666790008545,0.0026058927178382874,0.006580233573913574,0.013213306665420532,0.0261378526687622,0.0,0.07294994592666626
A1_G,49,bracket_white/test/scratches/006.png,1,defect,32x32,6,6,0.009568979342778524,0.004054270684719086,0.008597679436206818,0.00899478793144226,0.011871419847011566,0.014866150915622711,0.002567499876022339,0.015561193227767944
A1_G,49,bracket_white/test/scratches/006.png,1,clean_defect,32x32,6,0,,,,,,,,
A1_G,49,bracket_white/test/scratches/006.png,1,boundary,32x32,6,6,0.009568979342778524,0.004054270684719086,0.008597679436206818,0.00899478793144226,0.011871419847011566,0.014866150915622711,0.002567499876022339,0.015561193227767944
A1_G,50,bracket_white/test/scratches/007.png,1,abnormal_normal,32x32,6,1018,0.009170734372963372,0.0,0.002450011670589447,0.006386354565620422,0.013312555849552155,0.026199449598789216,0.0,0.07432913780212402
A1_G,50,bracket_white/test/scratches/007.png,1,defect,32x32,6,6,0.019989584883054096,0.0158599391579628,0.016418196260929108,0.017875224351882935,0.020246662199497223,0.028795525431632996,0.015812724828720093,0.03140467405319214
A1_G,50,bracket_white/test/scratches/007.png,1,clean_defect,32x32,6,0,,,,,,,,
A1_G,50,bracket_white/test/scratches/007.png,1,boundary,32x32,6,6,0.019989584883054096,0.0158599391579628,0.016418196260929108,0.017875224351882935,0.020246662199497223,0.028795525431632996,0.015812724828720093,0.03140467405319214
A1_G,51,bracket_white/test/scratches/008.png,1,abnormal_normal,32x32,6,1018,0.009060883012642327,0.0,0.002382248640060425,0.005919307470321655,0.01240595430135727,0.027093434333801267,0.0,0.08972746133804321
A1_G,51,bracket_white/test/scratches/008.png,1,defect,32x32,6,6,0.01410129169623057,0.008121989667415619,0.011000685393810272,0.01170128583908081,0.01504245400428772,0.02432022988796234,0.007233709096908569,0.02704814076423645
A1_G,51,bracket_white/test/scratches/008.png,1,clean_defect,32x32,6,0,,,,,,,,
A1_G,51,bracket_white/test/scratches/008.png,1,boundary,32x32,6,6,0.01410129169623057,0.008121989667415619,0.011000685393810272,0.01170128583908081,0.01504245400428772,0.02432022988796234,0.007233709096908569,0.02704814076423645
A1_G,52,bracket_white/test/scratches/009.png,1,abnormal_normal,32x32,6,1018,0.009391442731696169,9.914934635162354e-05,0.002594485878944397,0.006422117352485657,0.01288875937461853,0.028920184075832366,0.0,0.06682887673377991
A1_G,52,bracket_white/test/scratches/009.png,1,defect,32x32,6,6,0.017523835102717083,0.015025109052658081,0.015371806919574738,0.01666371524333954,0.01773829758167267,0.02231774479150772,0.014959901571273804,0.023818016052246094
A1_G,52,bracket_white/test/scratches/009.png,1,clean_defect,32x32,6,0,,,,,,,,
A1_G,52,bracket_white/test/scratches/009.png,1,boundary,32x32,6,6,0.017523835102717083,0.015025109052658081,0.015371806919574738,0.01666371524333954,0.01773829758167267,0.02231774479150772,0.014959901571273804,0.023818016052246094
A1_G,53,bracket_white/test/scratches/010.png,1,abnormal_normal,32x32,7,1017,0.009313339036005671,3.092288970947282e-05,0.0024087131023406982,0.006295830011367798,0.012698948383331299,0.028772199153900137,0.0,0.06622326374053955
A1_G,53,bracket_white/test/scratches/010.png,1,defect,32x32,7,7,0.026412312473569597,0.021158567070960997,0.021861940622329712,0.02363288402557373,0.030679091811180115,0.03413564264774322,0.02101302146911621,0.03515821695327759
A1_G,53,bracket_white/test/scratches/010.png,1,clean_defect,32x32,7,0,,,,,,,,
A1_G,53,bracket_white/test/scratches/010.png,1,boundary,32x32,7,7,0.026412312473569597,0.021158567070960997,0.021861940622329712,0.02363288402557373,0.030679091811180115,0.03413564264774322,0.02101302146911621,0.03515821695327759
A1_G,54,bracket_white/test/scratches/011.png,1,abnormal_normal,32x32,10,1014,0.009554486449888707,0.0,0.00257149338722229,0.006624281406402588,0.0127783864736557,0.029229484498500824,0.0,0.1138252317905426
A1_G,54,bracket_white/test/scratches/011.png,1,defect,32x32,10,10,0.020667430758476258,0.01307259202003479,0.016596786677837372,0.02092413604259491,0.024682730436325073,0.02763962596654892,0.011587560176849365,0.028049588203430176
A1_G,54,bracket_white/test/scratches/011.png,1,clean_defect,32x32,10,0,,,,,,,,
A1_G,54,bracket_white/test/scratches/011.png,1,boundary,32x32,10,10,0.020667430758476258,0.01307259202003479,0.016596786677837372,0.02092413604259491,0.024682730436325073,0.02763962596654892,0.011587560176849365,0.028049588203430176
A1_G,55,bracket_white/test/scratches/012.png,1,abnormal_normal,32x32,5,1019,0.009759102795379084,0.00016280412673950204,0.0027028322219848633,0.007095605134963989,0.013795390725135803,0.02891620099544525,0.0,0.06208592653274536
A1_G,55,bracket_white/test/scratches/012.png,1,defect,32x32,5,5,0.02945162057876587,0.019348251819610595,0.021856248378753662,0.02483096718788147,0.03739762306213379,0.043041133880615236,0.01872125267982483,0.044452011585235596
A1_G,55,bracket_white/test/scratches/012.png,1,clean_defect,32x32,5,0,,,,,,,,
A1_G,55,bracket_white/test/scratches/012.png,1,boundary,32x32,5,5,0.02945162057876587,0.019348251819610595,0.021856248378753662,0.02483096718788147,0.03739762306213379,0.043041133880615236,0.01872125267982483,0.044452011585235596
A1_G,56,bracket_white/test/scratches/013.png,1,abnormal_normal,32x32,6,1018,0.010148997361861417,0.00034039914608001713,0.002894192934036255,0.006973057985305786,0.013713330030441284,0.03178974092006683,0.0,0.0667107105255127
A1_G,56,bracket_white/test/scratches/013.png,1,defect,32x32,6,6,0.02904657522837321,0.006793022155761719,0.011777184903621674,0.019432097673416138,0.04707972705364227,0.0620078444480896,0.00548824667930603,0.06440585851669312
A1_G,56,bracket_white/test/scratches/013.png,1,clean_defect,32x32,6,0,,,,,,,,
A1_G,56,bracket_white/test/scratches/013.png,1,boundary,32x32,6,6,0.02904657522837321,0.006793022155761719,0.011777184903621674,0.019432097673416138,0.04707972705364227,0.0620078444480896,0.00548824667930603,0.06440585851669312
A1_G,57,bracket_white/test/scratches/014.png,1,abnormal_normal,32x32,11,1013,0.008895570792897668,0.0,0.0020133256912231445,0.005762934684753418,0.012107610702514648,0.027051919698715208,0.0,0.07217231392860413
A1_G,57,bracket_white/test/scratches/014.png,1,defect,32x32,11,11,0.028370421041141857,0.014216601848602295,0.019099369645118713,0.022146254777908325,0.029272645711898804,0.058957070112228394,0.01392221450805664,0.06856134533882141
A1_G,57,bracket_white/test/scratches/014.png,1,clean_defect,32x32,11,0,,,,,,,,
A1_G,57,bracket_white/test/scratches/014.png,1,boundary,32x32,11,11,0.028370421041141857,0.014216601848602295,0.019099369645118713,0.022146254777908325,0.029272645711898804,0.058957070112228394,0.01392221450805664,0.06856134533882141
A1_G,58,bracket_white/test/scratches/015.png,1,abnormal_normal,32x32,7,1017,0.008860371867698436,2.9861927032470723e-05,0.002027750015258789,0.006116896867752075,0.012578070163726807,0.027044069766998285,0.0,0.0680258572101593
A1_G,58,bracket_white/test/scratches/015.png,1,defect,32x32,7,7,0.019120982715061734,0.010318472981452942,0.01668211817741394,0.01768571138381958,0.019512474536895752,0.03139256238937377,0.007865101099014282,0.03590688109397888
A1_G,58,bracket_white/test/scratches/015.png,1,clean_defect,32x32,7,0,,,,,,,,
A1_G,58,bracket_white/test/scratches/015.png,1,boundary,32x32,7,7,0.019120982715061734,0.010318472981452942,0.01668211817741394,0.01768571138381958,0.019512474536895752,0.03139256238937377,0.007865101099014282,0.03590688109397888
A1_G,59,bracket_white/test/scratches/016.png,1,abnormal_normal,32x32,6,1018,0.009339929212521476,0.00010309666395187382,0.0024679750204086304,0.00623302161693573,0.012769132852554321,0.02911088317632675,0.0,0.07747143507003784
A1_G,59,bracket_white/test/scratches/016.png,1,defect,32x32,6,6,0.028839588165283203,0.0122758150100708,0.01381540298461914,0.020428001880645752,0.04123181104660034,0.05697152018547058,0.011914372444152832,0.060489535331726074
A1_G,59,bracket_white/test/scratches/016.png,1,clean_defect,32x32,6,0,,,,,,,,
A1_G,59,bracket_white/test/scratches/016.png,1,boundary,32x32,6,6,0.028839588165283203,0.0122758150100708,0.01381540298461914,0.020428001880645752,0.04123181104660034,0.05697152018547058,0.011914372444152832,0.060489535331726074
DUP_G,0,bracket_white/test/defective_painting/000.png,1,abnormal_normal,32x32,3,1021,0.008442381971554938,0.0005205869674682617,0.0022566691040992737,0.005821153521537781,0.011084794998168945,0.026957474648952484,0.0,0.09702138602733612
DUP_G,0,bracket_white/test/defective_painting/000.png,1,defect,32x32,3,3,0.021268635988235474,0.0025387465953826903,0.011479586362838745,0.022655636072158813,0.03175118565559387,0.03902762532234192,0.00030353665351867676,0.04084673523902893
DUP_G,0,bracket_white/test/defective_painting/000.png,1,clean_defect,32x32,3,0,,,,,,,,
DUP_G,0,bracket_white/test/defective_painting/000.png,1,boundary,32x32,3,3,0.021268635988235474,0.0025387465953826903,0.011479586362838745,0.022655636072158813,0.03175118565559387,0.03902762532234192,0.00030353665351867676,0.04084673523902893
DUP_G,1,bracket_white/test/defective_painting/001.png,1,abnormal_normal,32x32,3,1021,0.008239388796541909,0.0003781132400035858,0.0021950602531433105,0.005440056324005127,0.011255323886871338,0.024976685643196106,0.0,0.09810879081487656
DUP_G,1,bracket_white/test/defective_painting/001.png,1,defect,32x32,3,3,0.012443015972773233,0.008719703555107117,0.0104285329580307,0.01256456971168518,0.01451827585697174,0.01608124077320099,0.00829249620437622,0.0164719820022583
DUP_G,1,bracket_white/test/defective_painting/001.png,1,clean_defect,32x32,3,0,,,,,,,,
DUP_G,1,bracket_white/test/defective_painting/001.png,1,boundary,32x32,3,3,0.012443015972773233,0.008719703555107117,0.0104285329580307,0.01256456971168518,0.01451827585697174,0.01608124077320099,0.00829249620437622,0.0164719820022583
DUP_G,2,bracket_white/test/defective_painting/002.png,1,abnormal_normal,32x32,3,1021,0.008445732154583342,0.0004435405135154724,0.0023911744356155396,0.005375925451517105,0.011425215750932693,0.025448523461818695,0.0,0.073308065533638
DUP_G,2,bracket_white/test/defective_painting/002.png,1,defect,32x32,3,3,0.012552102406819662,0.002015462517738342,0.0025503188371658325,0.0032188892364501953,0.017887279391288757,0.029621991515159603,0.0018817484378814697,0.03255566954612732
DUP_G,2,bracket_white/test/defective_painting/002.png,1,clean_defect,32x32,3,0,,,,,,,,
DUP_G,2,bracket_white/test/defective_painting/002.png,1,boundary,32x32,3,3,0.012552102406819662,0.002015462517738342,0.0025503188371658325,0.0032188892364501953,0.017887279391288757,0.029621991515159603,0.0018817484378814697,0.03255566954612732
DUP_G,3,bracket_white/test/defective_painting/003.png,1,abnormal_normal,32x32,2,1022,0.009837348803280034,0.0005079898983240128,0.0028257742524147034,0.007016438990831375,0.012790288776159286,0.028608117066323744,0.0,0.11621859669685364
DUP_G,3,bracket_white/test/defective_painting/003.png,1,defect,32x32,2,2,0.010248377919197083,0.0010248377919197082,0.005124188959598541,0.010248377919197083,0.015372566878795624,0.019471918046474457,0.0,0.020496755838394165
DUP_G,3,bracket_white/test/defective_painting/003.png,1,clean_defect,32x32,2,0,,,,,,,,
DUP_G,3,bracket_white/test/defective_painting/003.png,1,boundary,32x32,2,2,0.010248377919197083,0.0010248377919197082,0.005124188959598541,0.010248377919197083,0.015372566878795624,0.019471918046474457,0.0,0.020496755838394165
DUP_G,4,bracket_white/test/defective_painting/004.png,1,abnormal_normal,32x32,2,1022,0.009815921738138696,0.0005119249224662781,0.0027566831558942795,0.006744313985109329,0.013388382270932198,0.030556199513375716,0.0,0.08190453052520752
DUP_G,4,bracket_white/test/defective_painting/004.png,1,defect,32x32,2,2,0.021838746964931488,0.014421305805444717,0.01771794632077217,0.021838746964931488,0.025959547609090805,0.02925618812441826,0.013597145676612854,0.030080348253250122
DUP_G,4,bracket_white/test/defective_painting/004.png,1,clean_defect,32x32,2,0,,,,,,,,
DUP_G,4,bracket_white/test/defective_painting/004.png,1,boundary,32x32,2,2,0.021838746964931488,0.014421305805444717,0.01771794632077217,0.021838746964931488,0.025959547609090805,0.02925618812441826,0.013597145676612854,0.030080348253250122
DUP_G,5,bracket_white/test/defective_painting/005.png,1,abnormal_normal,32x32,2,1022,0.00883316493970424,0.0005486764013767243,0.0023049768060445786,0.005785591900348663,0.012046753894537687,0.0282456126064062,0.0,0.06806333363056183
DUP_G,5,bracket_white/test/defective_painting/005.png,1,defect,32x32,2,2,0.024433404207229614,0.024395182728767395,0.02441217005252838,0.024433404207229614,0.024454638361930847,0.024471625685691833,0.02439093589782715,0.02447587251663208
DUP_G,5,bracket_white/test/defective_painting/005.png,1,clean_defect,32x32,2,0,,,,,,,,
DUP_G,5,bracket_white/test/defective_painting/005.png,1,boundary,32x32,2,2,0.024433404207229614,0.024395182728767395,0.02441217005252838,0.024433404207229614,0.024454638361930847,0.024471625685691833,0.02439093589782715,0.02447587251663208
DUP_G,6,bracket_white/test/defective_painting/006.png,1,abnormal_normal,32x32,3,1021,0.009162629593754813,0.00033481791615486145,0.0024219751358032227,0.00603795051574707,0.012804709374904633,0.02672743983566761,0.0,0.0810544341802597
DUP_G,6,bracket_white/test/defective_painting/006.png,1,defect,32x32,3,3,0.022253220280011494,0.016798777878284453,0.018407799303531647,0.020419076085090637,0.025181569159030914,0.028991563618183135,0.016396522521972656,0.02994406223297119
DUP_G,6,bracket_white/test/defective_painting/006.png,1,clean_defect,32x32,3,0,,,,,,,,
DUP_G,6,bracket_white/test/defective_painting/006.png,1,boundary,32x32,3,3,0.022253220280011494,0.016798777878284453,0.018407799303531647,0.020419076085090637,0.025181569159030914,0.028991563618183135,0.016396522521972656,0.02994406223297119
DUP_G,7,bracket_white/test/defective_painting/007.png,1,abnormal_normal,32x32,5,1019,0.008623953969003057,0.0002992428839206696,0.002097833901643753,0.005716942250728607,0.011119473725557327,0.027384365350008,0.0,0.08673892915248871
DUP_G,7,bracket_white/test/defective_painting/007.png,1,defect,32x32,5,5,0.017149269580841064,0.003968316316604614,0.007169753313064575,0.014367461204528809,0.023074865341186523,0.034988021850585936,0.003167957067489624,0.03796631097793579
DUP_G,7,bracket_white/test/defective_painting/007.png,1,clean_defect,32x32,5,0,,,,,,,,
DUP_G,7,bracket_white/test/defective_painting/007.png,1,boundary,32x32,5,5,0.017149269580841064,0.003968316316604614,0.007169753313064575,0.014367461204528809,0.023074865341186523,0.034988021850585936,0.003167957067489624,0.03796631097793579
DUP_G,8,bracket_white/test/defective_painting/008.png,1,abnormal_normal,32x32,6,1018,0.008993812311579764,0.00030662138015031816,0.002105376683175564,0.005814326927065849,0.011955439113080502,0.030603973194956773,0.0,0.07671156525611877
DUP_G,8,bracket_white/test/defective_painting/008.png,1,defect,32x32,6,6,0.02500098943710327,0.010047823190689087,0.019384711980819702,0.026978909969329834,0.03337704390287399,0.03580673038959503,0.007385224103927612,0.036299824714660645
DUP_G,8,bracket_white/test/defective_painting/008.png,1,clean_defect,32x32,6,0,,,,,,,,
DUP_G,8,bracket_white/test/defective_painting/008.png,1,boundary,32x32,6,6,0.02500098943710327,0.010047823190689087,0.019384711980819702,0.026978909969329834,0.03337704390287399,0.03580673038959503,0.007385224103927612,0.036299824714660645
DUP_G,9,bracket_white/test/defective_painting/009.png,1,abnormal_normal,32x32,4,1020,0.008701861212851809,0.0003540342673659325,0.002184933051466942,0.005521615967154503,0.011274909600615501,0.025779115222394466,0.0,0.09183019399642944
DUP_G,9,bracket_white/test/defective_painting/009.png,1,defect,32x32,4,4,0.014095939695835114,0.0022854924201965335,0.008112967014312744,0.016315996646881104,0.022298969328403473,0.022798307240009308,0.0008286237716674805,0.022923141717910767
DUP_G,9,bracket_white/test/defective_painting/009.png,1,clean_defect,32x32,4,0,,,,,,,,
DUP_G,9,bracket_white/test/defective_painting/009.png,1,boundary,32x32,4,4,0.014095939695835114,0.0022854924201965335,0.008112967014312744,0.016315996646881104,0.022298969328403473,0.022798307240009308,0.0008286237716674805,0.022923141717910767
DUP_G,10,bracket_white/test/defective_painting/010.png,1,abnormal_normal,32x32,2,1022,0.008604834929706416,0.00039832293987274175,0.002377837896347046,0.0055722203105688095,0.011539529077708721,0.02755020819604396,0.0,0.07573944330215454
DUP_G,10,bracket_white/test/defective_painting/010.png,1,defect,32x32,2,2,0.021886393427848816,0.014216549694538116,0.017625369131565094,0.021886393427848816,0.026147417724132538,0.029556237161159515,0.013364344835281372,0.03040844202041626
DUP_G,10,bracket_white/test/defective_painting/010.png,1,clean_defect,32x32,2,0,,,,,,,,
DUP_G,10,bracket_white/test/defective_painting/010.png,1,boundary,32x32,2,2,0.021886393427848816,0.014216549694538116,0.017625369131565094,0.021886393427848816,0.026147417724132538,0.029556237161159515,0.013364344835281372,0.03040844202041626
DUP_G,11,bracket_white/test/defective_painting/011.png,1,abnormal_normal,32x32,3,1021,0.008190979590925893,0.00042235851287841797,0.0020095519721508026,0.0052709802985191345,0.011082593351602554,0.026224710047245026,0.0,0.07953624427318573
DUP_G,11,bracket_white/test/defective_painting/011.png,1,defect,32x32,3,3,0.014914482831954956,0.005181694030761718,0.011993885040283203,0.02050912380218506,0.02063240110874176,0.02073102295398712,0.0034786462783813477,0.020755678415298462
DUP_G,11,bracket_white/test/defective_painting/011.png,1,clean_defect,32x32,3,0,,,,,,,,
DUP_G,11,bracket_white/test/defective_painting/011.png,1,boundary,32x32,3,3,0.014914482831954956,0.005181694030761718,0.011993885040283203,0.02050912380218506,0.02063240110874176,0.02073102295398712,0.0034786462783813477,0.020755678415298462
DUP_G,12,bracket_white/test/defective_painting/012.png,1,abnormal_normal,32x32,5,1019,0.008773060606004739,0.0005455251783132554,0.0026204176247119904,0.006124027073383331,0.01192019134759903,0.02579390779137611,0.0,0.06399338692426682
DUP_G,12,bracket_white/test/defective_painting/012.png,1,defect,32x32,5,5,0.015067166090011597,0.0,0.0,0.021790683269500732,0.02469739317893982,0.02801768183708191,0.0,0.02884775400161743
DUP_G,12,bracket_white/test/defective_painting/012.png,1,clean_defect,32x32,5,0,,,,,,,,
DUP_G,12,bracket_white/test/defective_painting/012.png,1,boundary,32x32,5,5,0.015067166090011597,0.0,0.0,0.021790683269500732,0.02469739317893982,0.02801768183708191,0.0,0.02884775400161743
DUP_G,13,bracket_white/test/good/000.png,0,normal_image,32x32,0,1024,0.0073044618598032685,0.0,0.001182248815894127,0.003920595161616802,0.009925172664225101,0.025938348472118337,0.0,0.07819613814353943
DUP_G,14,bracket_white/test/good/001.png,0,normal_image,32x32,0,1024,0.007471304081263952,0.0,0.0015659639611840248,0.004286220297217369,0.010163369122892618,0.024201426003128256,0.0,0.06618183851242065
DUP_G,15,bracket_white/test/good/002.png,0,normal_image,32x32,0,1024,0.008403933819408849,0.0002313496544957161,0.0017514526844024658,0.005206326022744179,0.01242086011916399,0.026110148802399608,0.0,0.07327944040298462
DUP_G,16,bracket_white/test/good/003.png,0,normal_image,32x32,0,1024,0.007734629690276051,0.0,0.001388038508594036,0.004542741924524307,0.011041819583624601,0.025349771231412854,0.0,0.06384482979774475
DUP_G,17,bracket_white/test/good/004.png,0,normal_image,32x32,0,1024,0.007593609505192944,0.0,0.0010587424039840698,0.004145335406064987,0.010549149010330439,0.026915931142866608,0.0,0.11033883690834045
DUP_G,18,bracket_white/test/good/005.png,0,normal_image,32x32,0,1024,0.0075045813377982995,0.0,0.001413270365446806,0.0044017452746629715,0.010663890279829502,0.025258954241871818,0.0,0.05998798459768295
DUP_G,19,bracket_white/test/good/006.png,0,normal_image,32x32,0,1024,0.007676310084661964,0.0,0.0012826640158891678,0.004664948210120201,0.011007528752088547,0.026112259551882705,0.0,0.07135340571403503
DUP_G,20,bracket_white/test/good/007.png,0,normal_image,32x32,0,1024,0.0070713287348098675,0.0,0.001073150895535946,0.0038061141967773438,0.009552419185638428,0.02386871594935654,0.0,0.06610238552093506
DUP_G,21,bracket_white/test/good/008.png,0,normal_image,32x32,0,1024,0.008654739370285824,0.0,0.0016883425414562225,0.004696289077401161,0.011996831744909286,0.029132663831114743,0.0,0.07954339683055878
DUP_G,22,bracket_white/test/good/009.png,0,normal_image,32x32,0,1024,0.007477260184714396,0.0,0.0013017063029110432,0.004138123244047165,0.010438431054353714,0.027653100341558427,0.0,0.056927863508462906
DUP_G,23,bracket_white/test/good/010.png,0,normal_image,32x32,0,1024,0.005103654605591146,0.0,0.0,0.0019142329692840576,0.006301915738731623,0.02087230691686271,0.0,0.07959842681884766
DUP_G,24,bracket_white/test/good/011.png,0,normal_image,32x32,0,1024,0.006465683501573949,0.0,0.001107141375541687,0.003676716238260269,0.008911123033612967,0.02294751964509486,0.0,0.07100638747215271
DUP_G,25,bracket_white/test/good/012.png,0,normal_image,32x32,0,1024,0.007682011065298866,0.0,0.0016089561395347118,0.0047423746436834335,0.010822385549545288,0.025249190255999535,0.0,0.05902853608131409
DUP_G,26,bracket_white/test/good/013.png,0,normal_image,32x32,0,1024,0.006561211613188789,0.0,0.0002275255974382162,0.0030067376792430878,0.009599651675671339,0.025028072763234373,0.0,0.05925305187702179
DUP_G,27,bracket_white/test/good/014.png,0,normal_image,32x32,0,1024,0.006196814283157437,0.0,0.0006975075230002403,0.002878270111978054,0.008470972999930382,0.023664430528879142,0.0,0.0826156958937645
DUP_G,28,bracket_white/test/good/015.png,0,normal_image,32x32,0,1024,0.007094108032561053,0.0,0.00017618108540773392,0.0028045065701007843,0.009571681264787912,0.02918222527951002,0.0,0.08628425747156143
DUP_G,29,bracket_white/test/good/016.png,0,normal_image,32x32,0,1024,0.005890530693704932,0.0,0.0005450637545436621,0.0027467403560876846,0.007862329250201583,0.024296367168426498,0.0,0.07403133809566498
DUP_G,30,bracket_white/test/good/017.png,0,normal_image,32x32,0,1024,0.006482490851794864,0.0,0.0009368564933538437,0.0034148497506976128,0.008661901578307152,0.024019468948244985,0.0,0.07450459897518158
DUP_G,31,bracket_white/test/good/018.png,0,normal_image,32x32,0,1024,0.00746822976589101,0.0,0.0014107124879956245,0.004580486565828323,0.010562498588114977,0.024228275567293164,0.0,0.09340284764766693
DUP_G,32,bracket_white/test/good/019.png,0,normal_image,32x32,0,1024,0.00760751299731055,9.127855300903321e-05,0.001464356668293476,0.004481585696339607,0.010257689282298088,0.02477326672524212,0.0,0.07576330751180649
DUP_G,33,bracket_white/test/good/020.png,0,normal_image,32x32,0,1024,0.008124950820274535,0.0,0.0014815479516983032,0.0049055591225624084,0.011442066170275211,0.02660333439707755,0.0,0.07120083272457123
DUP_G,34,bracket_white/test/good/021.png,0,normal_image,32x32,0,1024,0.006709401508032897,0.0,0.0008849413134157658,0.0036048777401447296,0.009912155568599701,0.022171938791871026,0.0,0.05753958225250244
DUP_G,35,bracket_white/test/good/022.png,0,normal_image,32x32,0,1024,0.008397961586069869,0.0,0.0017263051122426987,0.004780251532793045,0.011606574058532715,0.028650346584618083,0.0,0.08656424283981323
DUP_G,36,bracket_white/test/good/023.png,0,normal_image,32x32,0,1024,0.00684373110470915,0.0,0.0010817758738994598,0.0036741900257766247,0.00891127809882164,0.024310554191470105,0.0,0.07023458182811737
DUP_G,37,bracket_white/test/good/024.png,0,normal_image,32x32,0,1024,0.005858460732270032,0.0,0.0,0.001918921247124672,0.007165054325014353,0.02534015011042354,0.0,0.07613478600978851
DUP_G,38,bracket_white/test/good/025.png,0,normal_image,32x32,0,1024,0.007860043527671223,0.00014551766216754918,0.0015274137258529663,0.004527706652879715,0.011131031904369593,0.026241038553416723,0.0,0.06903235614299774
DUP_G,39,bracket_white/test/good/026.png,0,normal_image,32x32,0,1024,0.007132217871003377,0.0,0.0003376300446689129,0.0035919854417443275,0.01010590698570013,0.02742564659565687,0.0,0.06957767903804779
DUP_G,40,bracket_white/test/good/027.png,0,normal_image,32x32,0,1024,0.008536416950846615,0.00010051801800727853,0.0017173951491713524,0.005193609744310379,0.011540942825376987,0.029476790875196415,0.0,0.08331462740898132
DUP_G,41,bracket_white/test/good/028.png,0,normal_image,32x32,0,1024,0.006563933321558579,0.0,0.0008023134432733059,0.0034303683787584305,0.009012061869725585,0.02348246052861212,0.0,0.06631621718406677
DUP_G,42,bracket_white/test/good/029.png,0,normal_image,32x32,0,1024,0.006250701348108123,0.0,0.0006694803014397621,0.003110518679022789,0.008376408368349075,0.02334301173686981,0.0,0.06384482234716415
DUP_G,43,bracket_white/test/scratches/000.png,1,abnormal_normal,32x32,7,1017,0.007334786287766232,0.0,0.0014084167778491974,0.004350503906607628,0.010306401178240776,0.023626510798931105,0.0,0.07820510119199753
DUP_G,43,bracket_white/test/scratches/000.png,1,defect,32x32,7,7,0.01246120354958943,0.010144311189651489,0.012024074792861938,0.012387573719024658,0.01362583041191101,0.014081647247076034,0.009390860795974731,0.014150179922580719
DUP_G,43,bracket_white/test/scratches/000.png,1,clean_defect,32x32,7,0,,,,,,,,
DUP_G,43,bracket_white/test/scratches/000.png,1,boundary,32x32,7,7,0.01246120354958943,0.010144311189651489,0.012024074792861938,0.012387573719024658,0.01362583041191101,0.014081647247076034,0.009390860795974731,0.014150179922580719
DUP_G,44,bracket_white/test/scratches/001.png,1,abnormal_normal,32x32,5,1019,0.007909408288389094,0.0001174997538328171,0.0016027893871068954,0.004514135420322418,0.010760198347270489,0.025716931000351897,0.0,0.09150776267051697
DUP_G,44,bracket_white/test/scratches/001.png,1,defect,32x32,5,5,0.01507670283317566,0.014605987071990966,0.014840900897979736,0.015024900436401367,0.015189707279205322,0.01566253900527954,0.014547258615493774,0.015780746936798096
DUP_G,44,bracket_white/test/scratches/001.png,1,clean_defect,32x32,5,0,,,,,,,,
DUP_G,44,bracket_white/test/scratches/001.png,1,boundary,32x32,5,5,0.01507670283317566,0.014605987071990966,0.014840900897979736,0.015024900436401367,0.015189707279205322,0.01566253900527954,0.014547258615493774,0.015780746936798096
DUP_G,45,bracket_white/test/scratches/002.png,1,abnormal_normal,32x32,10,1014,0.008189446469621928,0.0,0.0017384747043251991,0.005016418173909187,0.011518523097038269,0.02699843011796472,0.0,0.0772615373134613
DUP_G,45,bracket_white/test/scratches/002.png,1,defect,32x32,10,10,0.01996357589960098,0.0033920422196388245,0.010661516338586807,0.021044746041297913,0.024867191910743713,0.04021572321653363,0.0,0.05033469200134277
DUP_G,45,bracket_white/test/scratches/002.png,1,clean_defect,32x32,10,0,,,,,,,,
DUP_G,45,bracket_white/test/scratches/002.png,1,boundary,32x32,10,10,0.01996357589960098,0.0033920422196388245,0.010661516338586807,0.021044746041297913,0.024867191910743713,0.04021572321653363,0.0,0.05033469200134277
DUP_G,46,bracket_white/test/scratches/003.png,1,abnormal_normal,32x32,4,1020,0.009188023383053495,0.0002533501945436001,0.002133237197995186,0.0061256978660821915,0.013121127150952816,0.027857965044677253,0.0,0.07301647216081619
DUP_G,46,bracket_white/test/scratches/003.png,1,defect,32x32,4,4,0.020895496010780334,0.01798376739025116,0.0182332843542099,0.020782247185707092,0.023444458842277527,0.02396577298641205,0.017921388149261475,0.02409610152244568
DUP_G,46,bracket_white/test/scratches/003.png,1,clean_defect,32x32,4,0,,,,,,,,
DUP_G,46,bracket_white/test/scratches/003.png,1,boundary,32x32,4,4,0.020895496010780334,0.01798376739025116,0.0182332843542099,0.020782247185707092,0.023444458842277527,0.02396577298641205,0.017921388149261475,0.02409610152244568
DUP_G,47,bracket_white/test/scratches/004.png,1,abnormal_normal,32x32,6,1018,0.008567787506956102,0.00020843669772148136,0.0019952813163399696,0.005650531500577927,0.011968117207288742,0.027160108648240564,0.0,0.0678841769695282
DUP_G,47,bracket_white/test/scratches/004.png,1,defect,32x32,6,6,0.021906758348147076,0.012264907360076904,0.01421460509300232,0.01739165186882019,0.024293974041938782,0.04035285860300064,0.011800646781921387,0.04510626196861267
DUP_G,47,bracket_white/test/scratches/004.png,1,clean_defect,32x32,6,0,,,,,,,,
DUP_G,47,bracket_white/test/scratches/004.png,1,boundary,32x32,6,6,0.021906758348147076,0.012264907360076904,0.01421460509300232,0.01739165186882019,0.024293974041938782,0.04035285860300064,0.011800646781921387,0.04510626196861267
DUP_G,48,bracket_white/test/scratches/005.png,1,abnormal_normal,32x32,5,1019,0.009162792632533594,0.0002349220216274263,0.002036662772297859,0.0059580206871032715,0.012850802391767502,0.0287740759551525,0.0,0.0891101211309433
DUP_G,48,bracket_white/test/scratches/005.png,1,defect,32x32,5,5,0.028539764881134033,0.02059253454208374,0.020648419857025146,0.020941197872161865,0.03994414210319519,0.0404580295085907,0.02057856321334839,0.040586501359939575
DUP_G,48,bracket_white/test/scratches/005.png,1,clean_defect,32x32,5,0,,,,,,,,
DUP_G,48,bracket_white/test/scratches/005.png,1,boundary,32x32,5,5,0.028539764881134033,0.02059253454208374,0.020648419857025146,0.020941197872161865,0.03994414210319519,0.0404580295085907,0.02057856321334839,0.040586501359939575
DUP_G,49,bracket_white/test/scratches/006.png,1,abnormal_normal,32x32,6,1018,0.007968999705714684,0.0003804448992013931,0.0019767023622989655,0.0053977370262146,0.011194060556590557,0.023868894577026366,0.0,0.05536156892776489
DUP_G,49,bracket_white/test/scratches/006.png,1,defect,32x32,6,6,0.010187690456708273,0.00321061909198761,0.008443012833595276,0.010895058512687683,0.013454347848892212,0.015324845910072327,0.0017116665840148926,0.015691250562667847
DUP_G,49,bracket_white/test/scratches/006.png,1,clean_defect,32x32,6,0,,,,,,,,
DUP_G,49,bracket_white/test/scratches/006.png,1,boundary,32x32,6,6,0.010187690456708273,0.00321061909198761,0.008443012833595276,0.010895058512687683,0.013454347848892212,0.015324845910072327,0.0017116665840148926,0.015691250562667847
DUP_G,50,bracket_white/test/scratches/007.png,1,abnormal_normal,32x32,6,1018,0.007809537652265171,0.0,0.001781722530722618,0.005073924548923969,0.011216690763831139,0.02431072946637869,0.0,0.06735487282276154
DUP_G,50,bracket_white/test/scratches/007.png,1,defect,32x32,6,6,0.017591844002405804,0.011333391070365906,0.013683848083019257,0.015024662017822266,0.017547190189361572,0.02948044240474701,0.010667741298675537,0.03320905566215515
DUP_G,50,bracket_white/test/scratches/007.png,1,clean_defect,32x32,6,0,,,,,,,,
DUP_G,50,bracket_white/test/scratches/007.png,1,boundary,32x32,6,6,0.017591844002405804,0.011333391070365906,0.013683848083019257,0.015024662017822266,0.017547190189361572,0.02948044240474701,0.010667741298675537,0.03320905566215515
DUP_G,51,bracket_white/test/scratches/008.png,1,abnormal_normal,32x32,6,1018,0.007782710761871109,0.0,0.001671463716775179,0.004764864221215248,0.010467824060469866,0.025903352163732046,0.0,0.07496881484985352
DUP_G,51,bracket_white/test/scratches/008.png,1,defect,32x32,6,6,0.012345917522907257,0.008263904601335526,0.01079615205526352,0.011794060468673706,0.01387719064950943,0.017084091901779175,0.0074202269315719604,0.018032073974609375
DUP_G,51,bracket_white/test/scratches/008.png,1,clean_defect,32x32,6,0,,,,,,,,
DUP_G,51,bracket_white/test/scratches/008.png,1,boundary,32x32,6,6,0.012345917522907257,0.008263904601335526,0.01079615205526352,0.011794060468673706,0.01387719064950943,0.017084091901779175,0.0074202269315719604,0.018032073974609375
DUP_G,52,bracket_white/test/scratches/009.png,1,abnormal_normal,32x32,6,1018,0.007864884347407869,8.25314782559872e-05,0.0019102799706161022,0.005147058516740799,0.01090430561453104,0.02425922015681863,0.0,0.057666778564453125
DUP_G,52,bracket_white/test/scratches/009.png,1,defect,32x32,6,6,0.013707354664802551,0.01027362048625946,0.011036112904548645,0.013713479042053223,0.015527866780757904,0.017701096832752228,0.0101814866065979,0.018359363079071045
DUP_G,52,bracket_white/test/scratches/009.png,1,clean_defect,32x32,6,0,,,,,,,,
DUP_G,52,bracket_white/test/scratches/009.png,1,boundary,32x32,6,6,0.013707354664802551,0.01027362048625946,0.011036112904548645,0.013713479042053223,0.015527866780757904,0.017701096832752228,0.0101814866065979,0.018359363079071045
DUP_G,53,bracket_white/test/scratches/010.png,1,abnormal_normal,32x32,7,1017,0.00792976861065043,2.0614266395568957e-05,0.001740235835313797,0.004868626594543457,0.010436832904815674,0.02540407627820968,0.0,0.06898927688598633
DUP_G,53,bracket_white/test/scratches/010.png,1,defect,32x32,7,7,0.01998299573149,0.015810900926589967,0.017839908599853516,0.020991206169128418,0.021738454699516296,0.02347760051488876,0.01575523614883423,0.023977801203727722
DUP_G,53,bracket_white/test/scratches/010.png,1,clean_defect,32x32,7,0,,,,,,,,
DUP_G,53,bracket_white/test/scratches/010.png,1,boundary,32x32,7,7,0.01998299573149,0.015810900926589967,0.017839908599853516,0.020991206169128418,0.021738454699516296,0.02347760051488876,0.01575523614883423,0.023977801203727722
DUP_G,54,bracket_white/test/scratches/011.png,1,abnormal_normal,32x32,10,1014,0.008007765641983385,0.0,0.0017833476886153221,0.005049092695116997,0.010716618970036507,0.025008736178278885,0.0,0.10120310634374619
DUP_G,54,bracket_white/test/scratches/011.png,1,defect,32x32,10,10,0.015312687307596207,0.008715076744556427,0.011064518243074417,0.014291331171989441,0.02080135978758335,0.021969105303287505,0.007725059986114502,0.02215990424156189
DUP_G,54,bracket_white/test/scratches/011.png,1,clean_defect,32x32,10,0,,,,,,,,
DUP_G,54,bracket_white/test/scratches/011.png,1,boundary,32x32,10,10,0.015312687307596207,0.008715076744556427,0.011064518243074417,0.014291331171989441,0.02080135978758335,0.021969105303287505,0.007725059986114502,0.02215990424156189
DUP_G,55,bracket_white/test/scratches/012.png,1,abnormal_normal,32x32,5,1019,0.008359671276523362,0.00010879784822463992,0.002028215676546097,0.005646444857120514,0.011708401143550873,0.02558363266289234,0.0,0.0694601982831955
DUP_G,55,bracket_white/test/scratches/012.png,1,defect,32x32,5,5,0.019743603467941285,0.012898850440979003,0.014570832252502441,0.01655396819114685,0.025477707386016846,0.02880326509475708,0.012480854988098145,0.02963465452194214
DUP_G,55,bracket_white/test/scratches/012.png,1,clean_defect,32x32,5,0,,,,,,,,
DUP_G,55,bracket_white/test/scratches/012.png,1,boundary,32x32,5,5,0.019743603467941285,0.012898850440979003,0.014570832252502441,0.01655396819114685,0.025477707386016846,0.02880326509475708,0.012480854988098145,0.02963465452194214
DUP_G,56,bracket_white/test/scratches/013.png,1,abnormal_normal,32x32,6,1018,0.008447909729522314,0.00026387795805931096,0.0020805737003684044,0.005630958825349808,0.011444268748164177,0.026897899620234964,0.0,0.07244978845119476
DUP_G,56,bracket_white/test/scratches/013.png,1,defect,32x32,6,6,0.024205940465132397,0.008402079343795776,0.012005429714918137,0.017305858433246613,0.03348647803068161,0.05000654608011246,0.007317662239074707,0.054187625646591187
DUP_G,56,bracket_white/test/scratches/013.png,1,clean_defect,32x32,6,0,,,,,,,,
DUP_G,56,bracket_white/test/scratches/013.png,1,boundary,32x32,6,6,0.024205940465132397,0.008402079343795776,0.012005429714918137,0.017305858433246613,0.03348647803068161,0.05000654608011246,0.007317662239074707,0.054187625646591187
DUP_G,57,bracket_white/test/scratches/014.png,1,abnormal_normal,32x32,11,1013,0.007513621161661505,0.0,0.0014076083898544312,0.004740534350275993,0.010062258690595627,0.02524491101503371,0.0,0.08107919245958328
DUP_G,57,bracket_white/test/scratches/014.png,1,defect,32x32,11,11,0.020421599799936466,0.011594913899898529,0.014962777495384216,0.01657429337501526,0.02147006243467331,0.0393047109246254,0.00967399775981903,0.045707568526268005
DUP_G,57,bracket_white/test/scratches/014.png,1,clean_defect,32x32,11,0,,,,,,,,
DUP_G,57,bracket_white/test/scratches/014.png,1,boundary,32x32,11,11,0.020421599799936466,0.011594913899898529,0.014962777495384216,0.01657429337501526,0.02147006243467331,0.0393047109246254,0.00967399775981903,0.045707568526268005
DUP_G,58,bracket_white/test/scratches/015.png,1,abnormal_normal,32x32,7,1017,0.007392241935920604,1.9907951354980482e-05,0.0014700479805469513,0.004842299968004227,0.01061183214187622,0.02460699304938316,0.0,0.062268972396850586
DUP_G,58,bracket_white/test/scratches/015.png,1,defect,32x32,7,7,0.013712470020566667,0.008845162391662598,0.011121407151222229,0.011790484189987183,0.014120817184448242,0.022726550698280328,0.008052229881286621,0.02566012740135193
DUP_G,58,bracket_white/test/scratches/015.png,1,clean_defect,32x32,7,0,,,,,,,,
DUP_G,58,bracket_white/test/scratches/015.png,1,boundary,32x32,7,7,0.013712470020566667,0.008845162391662598,0.011121407151222229,0.011790484189987183,0.014120817184448242,0.022726550698280328,0.008052229881286621,0.02566012740135193
DUP_G,59,bracket_white/test/scratches/016.png,1,abnormal_normal,32x32,6,1018,0.007901993185402514,6.87311636283994e-05,0.0018484396860003471,0.005030212923884392,0.010426735505461693,0.027015471085906025,0.0,0.08192679286003113
DUP_G,59,bracket_white/test/scratches/016.png,1,defect,32x32,6,6,0.020429184039433796,0.010581430047750473,0.011716119945049286,0.014771044254302979,0.027487877756357193,0.03798101469874382,0.01028202474117279,0.04032635688781738
DUP_G,59,bracket_white/test/scratches/016.png,1,clean_defect,32x32,6,0,,,,,,,,
DUP_G,59,bracket_white/test/scratches/016.png,1,boundary,32x32,6,6,0.020429184039433796,0.010581430047750473,0.011716119945049286,0.014771044254302979,0.027487877756357193,0.03798101469874382,0.01028202474117279,0.04032635688781738
TRI_G,0,bracket_white/test/defective_painting/000.png,1,abnormal_normal,32x32,3,1021,0.013489461380324301,0.0018702149391174316,0.006319165229797363,0.011318683624267578,0.017786424607038498,0.03280363604426384,1.862645149230957e-09,0.10160601139068604
TRI_G,0,bracket_white/test/defective_painting/000.png,1,defect,32x32,3,3,0.02531049648920695,0.0029160946607589724,0.013973340392112732,0.02779489755630493,0.03788985311985016,0.04596581757068634,0.00015178322792053223,0.047984808683395386
TRI_G,0,bracket_white/test/defective_painting/000.png,1,clean_defect,32x32,3,0,,,,,,,,
TRI_G,0,bracket_white/test/defective_painting/000.png,1,boundary,32x32,3,3,0.02531049648920695,0.0029160946607589724,0.013973340392112732,0.02779489755630493,0.03788985311985016,0.04596581757068634,0.00015178322792053223,0.047984808683395386
TRI_G,1,bracket_white/test/defective_painting/001.png,1,abnormal_normal,32x32,3,1021,0.013660492472638843,0.0012878775596618652,0.006326694041490555,0.011120721697807312,0.018464110791683197,0.033601149916648865,0.0,0.14055949449539185
TRI_G,1,bracket_white/test/defective_painting/001.png,1,defect,32x32,3,3,0.011951376994450888,0.008475062251091004,0.00920538604259491,0.010118290781974792,0.013780824840068817,0.016710852086544038,0.008292481303215027,0.017443358898162842
TRI_G,1,bracket_white/test/defective_painting/001.png,1,clean_defect,32x32,3,0,,,,,,,,
TRI_G,1,bracket_white/test/defective_painting/001.png,1,boundary,32x32,3,3,0.011951376994450888,0.008475062251091004,0.00920538604259491,0.010118290781974792,0.013780824840068817,0.016710852086544038,0.008292481303215027,0.017443358898162842
TRI_G,2,bracket_white/test/defective_painting/002.png,1,abnormal_normal,32x32,3,1021,0.013688879985139723,0.0016288794577121735,0.006198111921548843,0.011530362069606781,0.018360834568738937,0.032714471220970154,0.0,0.0669863373041153
TRI_G,2,bracket_white/test/defective_painting/002.png,1,defect,32x32,3,3,0.012670387824376425,0.002015465497970581,0.0025503337383270264,0.003218919038772583,0.0180647075176239,0.029941338300704952,0.0018817484378814697,0.03291049599647522
TRI_G,2,bracket_white/test/defective_painting/002.png,1,clean_defect,32x32,3,0,,,,,,,,
TRI_G,2,bracket_white/test/defective_painting/002.png,1,boundary,32x32,3,3,0.012670387824376425,0.002015465497970581,0.0025503337383270264,0.003218919038772583,0.0180647075176239,0.029941338300704952,0.0018817484378814697,0.03291049599647522
TRI_G,3,bracket_white/test/defective_painting/003.png,1,abnormal_normal,32x32,2,1022,0.015255661151843937,0.0020375151187181475,0.007875079289078712,0.013273658230900764,0.01977164577692747,0.03492132220417259,0.0,0.12250478565692902
TRI_G,3,bracket_white/test/defective_painting/003.png,1,defect,32x32,2,2,0.015416130423545837,0.003612801432609558,0.008858725428581238,0.015416130423545837,0.021973535418510437,0.027219459414482117,0.002301320433616638,0.028530940413475037
TRI_G,3,bracket_white/test/defective_painting/003.png,1,clean_defect,32x32,2,0,,,,,,,,
TRI_G,3,bracket_white/test/defective_painting/003.png,1,boundary,32x32,2,2,0.015416130423545837,0.003612801432609558,0.008858725428581238,0.015416130423545837,0.021973535418510437,0.027219459414482117,0.002301320433616638,0.028530940413475037
TRI_G,4,bracket_white/test/defective_painting/004.png,1,abnormal_normal,32x32,2,1022,0.0153262346150051,0.0022510500624775887,0.007548083551228046,0.0126677006483078,0.020502693951129913,0.03763384744524953,0.0,0.0839296355843544
TRI_G,4,bracket_white/test/defective_painting/004.png,1,defect,32x32,2,2,0.024145744740962982,0.009984023123979568,0.01627812162041664,0.024145744740962982,0.03201336786150932,0.03830746635794639,0.0084104984998703,0.039880990982055664
TRI_G,4,bracket_white/test/defective_painting/004.png,1,clean_defect,32x32,2,0,,,,,,,,
TRI_G,4,bracket_white/test/defective_painting/004.png,1,boundary,32x32,2,2,0.024145744740962982,0.009984023123979568,0.01627812162041664,0.024145744740962982,0.03201336786150932,0.03830746635794639,0.0084104984998703,0.039880990982055664
TRI_G,5,bracket_white/test/defective_painting/005.png,1,abnormal_normal,32x32,2,1022,0.014621780838985033,0.0017027806490659714,0.006520834751427174,0.011758867651224136,0.019613495096564293,0.03861899636685845,0.0,0.07772676646709442
TRI_G,5,bracket_white/test/defective_painting/005.png,1,defect,32x32,2,2,0.02668396383523941,0.021090974658727647,0.023576747626066208,0.02668396383523941,0.029791180044412613,0.032276953011751174,0.020469531416893005,0.032898396253585815
TRI_G,5,bracket_white/test/defective_painting/005.png,1,clean_defect,32x32,2,0,,,,,,,,
TRI_G,5,bracket_white/test/defective_painting/005.png,1,boundary,32x32,2,2,0.02668396383523941,0.021090974658727647,0.023576747626066208,0.02668396383523941,0.029791180044412613,0.032276953011751174,0.020469531416893005,0.032898396253585815
TRI_G,6,bracket_white/test/defective_painting/006.png,1,abnormal_normal,32x32,3,1021,0.014468132751746637,0.0018309131264686584,0.0066886357963085175,0.012246452271938324,0.019075855612754822,0.0350172221660614,0.0,0.10181275010108948
TRI_G,6,bracket_white/test/defective_painting/006.png,1,defect,32x32,3,3,0.03089568018913269,0.023556269705295563,0.026808686554431915,0.030874207615852356,0.0349719375371933,0.038250121474266055,0.022743165493011475,0.03906966745853424
TRI_G,6,bracket_white/test/defective_painting/006.png,1,clean_defect,32x32,3,0,,,,,,,,
TRI_G,6,bracket_white/test/defective_painting/006.png,1,boundary,32x32,3,3,0.03089568018913269,0.023556269705295563,0.026808686554431915,0.030874207615852356,0.0349719375371933,0.038250121474266055,0.022743165493011475,0.03906966745853424
TRI_G,7,bracket_white/test/defective_painting/007.png,1,abnormal_normal,32x32,5,1019,0.013845770754618342,0.001418054848909378,0.006142180413007736,0.011579059064388275,0.01765936240553856,0.03503970950841903,0.0,0.08288328349590302
TRI_G,7,bracket_white/test/defective_painting/007.png,1,defect,32x32,5,5,0.02075258791446686,0.006683531403541565,0.008297517895698547,0.009728759527206421,0.03839069604873657,0.04053088426589966,0.006280034780502319,0.04106593132019043
TRI_G,7,bracket_white/test/defective_painting/007.png,1,clean_defect,32x32,5,0,,,,,,,,
TRI_G,7,bracket_white/test/defective_painting/007.png,1,boundary,32x32,5,5,0.02075258791446686,0.006683531403541565,0.008297517895698547,0.009728759527206421,0.03839069604873657,0.04053088426589966,0.006280034780502319,0.04106593132019043
TRI_G,8,bracket_white/test/defective_painting/008.png,1,abnormal_normal,32x32,6,1018,0.014196362842719688,0.0015007477253675462,0.006503895856440067,0.011563532054424286,0.018515417352318764,0.0358101328834891,0.0,0.08738169074058533
TRI_G,8,bracket_white/test/defective_painting/008.png,1,defect,32x32,6,6,0.026618053515752155,0.006223469972610474,0.01280318945646286,0.027959927916526794,0.04239155352115631,0.04414135962724686,0.00454142689704895,0.044293999671936035
TRI_G,8,bracket_white/test/defective_painting/008.png,1,clean_defect,32x32,6,0,,,,,,,,
TRI_G,8,bracket_white/test/defective_painting/008.png,1,boundary,32x32,6,6,0.026618053515752155,0.006223469972610474,0.01280318945646286,0.027959927916526794,0.04239155352115631,0.04414135962724686,0.00454142689704895,0.044293999671936035
TRI_G,9,bracket_white/test/defective_painting/009.png,1,abnormal_normal,32x32,4,1020,0.014428909087334485,0.0015915441326797009,0.006466497667133808,0.011813614517450333,0.018604685552418232,0.03687570597976442,0.0,0.12978073954582214
TRI_G,9,bracket_white/test/defective_painting/009.png,1,defect,32x32,4,4,0.013648055493831635,0.0011768192052841187,0.004226848483085632,0.014910191297531128,0.02433139830827713,0.02435230165719986,0.00041431188583374023,0.024357527494430542
TRI_G,9,bracket_white/test/defective_painting/009.png,1,clean_defect,32x32,4,0,,,,,,,,
TRI_G,9,bracket_white/test/defective_painting/009.png,1,boundary,32x32,4,4,0.013648055493831635,0.0011768192052841187,0.004226848483085632,0.014910191297531128,0.02433139830827713,0.02435230165719986,0.00041431188583374023,0.024357527494430542
TRI_G,10,bracket_white/test/defective_painting/010.png,1,abnormal_normal,32x32,2,1022,0.013870049233834484,0.0018859080970287324,0.006387024186551571,0.01121821254491806,0.01841801404953003,0.03702316246926784,0.0,0.07420051097869873
TRI_G,10,bracket_white/test/defective_painting/010.png,1,defect,32x32,2,2,0.029239751398563385,0.01773986741900444,0.022850926965475082,0.029239751398563385,0.03562857583165169,0.04073963537812233,0.01646210253238678,0.04201740026473999
TRI_G,10,bracket_white/test/defective_painting/010.png,1,clean_defect,32x32,2,0,,,,,,,,
TRI_G,10,bracket_white/test/defective_painting/010.png,1,boundary,32x32,2,2,0.029239751398563385,0.01773986741900444,0.022850926965475082,0.029239751398563385,0.03562857583165169,0.04073963537812233,0.01646210253238678,0.04201740026473999
TRI_G,11,bracket_white/test/defective_painting/011.png,1,abnormal_normal,32x32,3,1021,0.013969127652960501,0.001977682113647461,0.006777230650186539,0.011309109628200531,0.017623960971832275,0.035688042640686035,0.0,0.08779390901327133
TRI_G,11,bracket_white/test/defective_painting/011.png,1,defect,32x32,3,3,0.02193055550257365,0.005767238140106202,0.014921605587005615,0.026364564895629883,0.0311565101146698,0.034990066289901735,0.0034786462783813477,0.03594845533370972
TRI_G,11,bracket_white/test/defective_painting/011.png,1,clean_defect,32x32,3,0,,,,,,,,
TRI_G,11,bracket_white/test/defective_painting/011.png,1,boundary,32x32,3,3,0.02193055550257365,0.005767238140106202,0.014921605587005615,0.026364564895629883,0.0311565101146698,0.034990066289901735,0.0034786462783813477,0.03594845533370972
TRI_G,12,bracket_white/test/defective_painting/012.png,1,abnormal_normal,32x32,5,1019,0.015165796404717246,0.0026908330619335175,0.007750818505883217,0.013118922710418701,0.01985228806734085,0.03441666662693023,0.0,0.07683591544628143
TRI_G,12,bracket_white/test/defective_painting/012.png,1,defect,32x32,5,5,0.01815509796142578,0.0,0.0,0.02562028169631958,0.02780061960220337,0.03544379472732544,0.0,0.03735458850860596
TRI_G,12,bracket_white/test/defective_painting/012.png,1,clean_defect,32x32,5,0,,,,,,,,
TRI_G,12,bracket_white/test/defective_painting/012.png,1,boundary,32x32,5,5,0.01815509796142578,0.0,0.0,0.02562028169631958,0.02780061960220337,0.03544379472732544,0.0,0.03735458850860596
TRI_G,13,bracket_white/test/good/000.png,0,normal_image,32x32,0,1024,0.010743965096708052,0.00015377355739474313,0.0030359430238604546,0.007669499143958092,0.014935703482478857,0.031145197339355928,0.0,0.08358249068260193
TRI_G,14,bracket_white/test/good/001.png,0,normal_image,32x32,0,1024,0.011410553721816541,0.00039744679816067235,0.004191726911813021,0.008794060908257961,0.015522420406341553,0.031139887496829017,0.0,0.06978438794612885
TRI_G,15,bracket_white/test/good/002.png,0,normal_image,32x32,0,1024,0.012333586847034894,0.0006772399647161365,0.004757472313940525,0.009921073913574219,0.017028365284204483,0.03239002283662555,0.0,0.07330157607793808
TRI_G,16,bracket_white/test/good/003.png,0,normal_image,32x32,0,1024,0.011729069041848561,0.0002172196283936502,0.0038052471354603767,0.00899832509458065,0.01669709011912346,0.032940033264458136,0.0,0.07138288766145706
TRI_G,17,bracket_white/test/good/004.png,0,normal_image,32x32,0,1024,0.011086192985430898,1.862645149230957e-09,0.002782290568575263,0.00841578096151352,0.015438635367900133,0.032466335967183096,0.0,0.10910438001155853
TRI_G,18,bracket_white/test/good/005.png,0,normal_image,32x32,0,1024,0.011379947071873175,0.0006431455723941327,0.004088485613465309,0.008963705971837044,0.0151698999106884,0.030818009749054905,0.0,0.10088874399662018
TRI_G,19,bracket_white/test/good/006.png,0,normal_image,32x32,0,1024,0.01146703305767005,0.000466720899567008,0.003799433819949627,0.008713256567716599,0.016543554607778788,0.03085032422095537,0.0,0.06762072443962097
TRI_G,20,bracket_white/test/good/007.png,0,normal_image,32x32,0,1024,0.009970815675615086,0.00021119685843586927,0.0025077706668525934,0.006833177991211414,0.01374738710001111,0.03176767528057097,0.0,0.07390524446964264
TRI_G,21,bracket_white/test/good/008.png,0,normal_image,32x32,0,1024,0.012416278683758719,0.0003337719477713109,0.003513716161251068,0.008719179779291153,0.01765301264822483,0.03638956043869253,0.0,0.0795060396194458
TRI_G,22,bracket_white/test/good/009.png,0,normal_image,32x32,0,1024,0.010704922304284992,0.0001807624474167824,0.0030772960744798183,0.007752705365419388,0.014748383313417435,0.033654279634356465,0.0,0.06250128895044327
TRI_G,23,bracket_white/test/good/010.png,0,normal_image,32x32,0,1024,0.006995140020080726,0.0,1.862645149230957e-09,0.0031433110125362873,0.010017098626121879,0.02640606807544827,0.0,0.08749991655349731
TRI_G,24,bracket_white/test/good/011.png,0,normal_image,32x32,0,1024,0.010099855439875682,0.00023359898477792745,0.0029227789491415024,0.007492175325751305,0.014066130854189396,0.028932581096887587,0.0,0.07044295966625214
TRI_G,25,bracket_white/test/good/012.png,0,normal_image,32x32,0,1024,0.01179097388876471,8.874461054801949e-05,0.004116610623896122,0.009106570854783058,0.016016204841434956,0.03210682161152361,0.0,0.07486598193645477
TRI_G,26,bracket_white/test/good/013.png,0,normal_image,32x32,0,1024,0.00917491552854699,0.0,0.000753678847104311,0.0057261306792497635,0.013558228965848684,0.03061507595703005,0.0,0.07848263531923294
TRI_G,27,bracket_white/test/good/014.png,0,normal_image,32x32,0,1024,0.008960715364082716,0.0,0.0016601146198809147,0.005534987896680832,0.012659262400120497,0.02853284021839499,0.0,0.09149067103862762
TRI_G,28,bracket_white/test/good/015.png,0,normal_image,32x32,0,1024,0.009628695363971929,0.0,0.0006410554051399231,0.005302867852151394,0.01386968931183219,0.033667051792144714,0.0,0.07418623566627502
TRI_G,29,bracket_white/test/good/016.png,0,normal_image,32x32,0,1024,0.008434092878360389,0.0,0.001283248420804739,0.0049582431092858315,0.010992754716426134,0.030499596334993814,0.0,0.0811292827129364
TRI_G,30,bracket_white/test/good/017.png,0,normal_image,32x32,0,1024,0.010017209792295034,0.00020910613238811493,0.002953039016574621,0.007040046155452728,0.013621564954519272,0.03127661049365997,0.0,0.059122029691934586
TRI_G,31,bracket_white/test/good/018.png,0,normal_image,32x32,0,1024,0.011522629578394117,0.0003288806416094304,0.0034532257122918963,0.008708775974810123,0.016022597439587116,0.03189518712460993,0.0,0.08432134985923767
TRI_G,32,bracket_white/test/good/019.png,0,normal_image,32x32,0,1024,0.01183753121040354,0.000644095242023468,0.004125935956835747,0.00935923308134079,0.016670864075422287,0.03212301135063169,0.0,0.0770547017455101
TRI_G,33,bracket_white/test/good/020.png,0,normal_image,32x32,0,1024,0.01171009170866455,3.725290298461914e-09,0.0032814177684485912,0.008626170456409454,0.0167961148545146,0.03290923181921243,0.0,0.07530146092176437
TRI_G,34,bracket_white/test/good/021.png,0,normal_image,32x32,0,1024,0.00988375192082458,0.00018621655181050314,0.0027540423907339573,0.00719006173312664,0.013972985092550516,0.026581242308020586,0.0,0.08964773267507553
TRI_G,35,bracket_white/test/good/022.png,0,normal_image,32x32,0,1024,0.012928084758186742,0.000438552536070347,0.004251981154084206,0.009451093152165413,0.01825355552136898,0.03553901705890894,0.0,0.08192013204097748
TRI_G,36,bracket_white/test/good/023.png,0,normal_image,32x32,0,1024,0.009780488089745631,2.142041921615611e-09,0.0024988604709506035,0.006522109732031822,0.013301686383783817,0.030543248821049907,0.0,0.07835698127746582
TRI_G,37,bracket_white/test/good/024.png,0,normal_image,32x32,0,1024,0.00764930682476006,0.0,0.00012105726636946201,0.0037878560833632946,0.010988480411469936,0.029203699529170978,0.0,0.07613478600978851
TRI_G,38,bracket_white/test/good/025.png,0,normal_image,32x32,0,1024,0.011704596936851885,0.0009138721972703934,0.004478660877794027,0.008725455962121487,0.015613209456205368,0.03367148488759984,0.0,0.07676854729652405
TRI_G,39,bracket_white/test/good/026.png,0,normal_image,32x32,0,1024,0.009819348579185316,0.0,0.0009958650916814804,0.0060989269986748695,0.014903770759701729,0.031244009360671034,0.0,0.06415784358978271
TRI_G,40,bracket_white/test/good/027.png,0,normal_image,32x32,0,1024,0.012953198483046435,0.0007087023928761482,0.004871513228863478,0.010268709622323513,0.017276132479310036,0.03485012613236903,0.0,0.10312193632125854
TRI_G,41,bracket_white/test/good/028.png,0,normal_image,32x32,0,1024,0.009197199126901978,0.0,0.0017858454957604408,0.006209652870893478,0.01332241902127862,0.029163850564509607,0.0,0.07283920049667358
TRI_G,42,bracket_white/test/good/029.png,0,normal_image,32x32,0,1024,0.008993490093189394,9.313225746154785e-10,0.001955772517248988,0.005963167175650597,0.012412941083312035,0.02760529611259698,0.0,0.09554913640022278
TRI_G,43,bracket_white/test/scratches/000.png,1,abnormal_normal,32x32,7,1017,0.011354830227755634,0.0004450328648090366,0.004013996571302414,0.009047627449035645,0.015769843012094498,0.031924238801002494,0.0,0.07041965425014496
TRI_G,43,bracket_white/test/scratches/000.png,1,defect,32x32,7,7,0.020994063466787338,0.01109231375157833,0.014953434467315674,0.01867985725402832,0.022525794804096222,0.036750456690788254,0.010922852903604507,0.04239727556705475
TRI_G,43,bracket_white/test/scratches/000.png,1,clean_defect,32x32,7,0,,,,,,,,
TRI_G,43,bracket_white/test/scratches/000.png,1,boundary,32x32,7,7,0.020994063466787338,0.01109231375157833,0.014953434467315674,0.01867985725402832,0.022525794804096222,0.036750456690788254,0.010922852903604507,0.04239727556705475
TRI_G,44,bracket_white/test/scratches/001.png,1,abnormal_normal,32x32,5,1019,0.01145366552629498,0.0006500443443655968,0.004171033389866352,0.00901087373495102,0.015403530560433865,0.03075074143707745,0.0,0.0815727561712265
TRI_G,44,bracket_white/test/scratches/001.png,1,defect,32x32,5,5,0.0286199688911438,0.025934475660324096,0.02594086527824402,0.02747023105621338,0.030553996562957764,0.03267229795455932,0.025932878255844116,0.03320187330245972
TRI_G,44,bracket_white/test/scratches/001.png,1,clean_defect,32x32,5,0,,,,,,,,
TRI_G,44,bracket_white/test/scratches/001.png,1,boundary,32x32,5,5,0.0286199688911438,0.025934475660324096,0.02594086527824402,0.02747023105621338,0.030553996562957764,0.03267229795455932,0.025932878255844116,0.03320187330245972
TRI_G,45,bracket_white/test/scratches/002.png,1,abnormal_normal,32x32,10,1014,0.012113387637204055,0.00038015572354197505,0.004355143755674362,0.009403766132891178,0.016596403904259205,0.03167651575058697,0.0,0.07634329795837402
TRI_G,45,bracket_white/test/scratches/002.png,1,defect,32x32,10,10,0.0244956586509943,0.012152988463640213,0.016460184007883072,0.024106144905090332,0.025630906224250793,0.044106275402009475,0.011220619082450867,0.04886383190751076
TRI_G,45,bracket_white/test/scratches/002.png,1,clean_defect,32x32,10,0,,,,,,,,
TRI_G,45,bracket_white/test/scratches/002.png,1,boundary,32x32,10,10,0.0244956586509943,0.012152988463640213,0.016460184007883072,0.024106144905090332,0.025630906224250793,0.044106275402009475,0.011220619082450867,0.04886383190751076
TRI_G,46,bracket_white/test/scratches/003.png,1,abnormal_normal,32x32,4,1020,0.013388971620074967,0.0010797057300806045,0.005198748083785176,0.011137032881379128,0.018470523878932,0.03555974140763283,0.0,0.07258505374193192
TRI_G,46,bracket_white/test/scratches/003.png,1,defect,32x32,4,4,0.03112652152776718,0.023833297193050385,0.025583617389202118,0.030486807227134705,0.03602971136569977,0.03931534588336944,0.02339571714401245,0.040136754512786865
TRI_G,46,bracket_white/test/scratches/003.png,1,clean_defect,32x32,4,0,,,,,,,,
TRI_G,46,bracket_white/test/scratches/003.png,1,boundary,32x32,4,4,0.03112652152776718,0.023833297193050385,0.025583617389202118,0.030486807227134705,0.03602971136569977,0.03931534588336944,0.02339571714401245,0.040136754512786865
TRI_G,47,bracket_white/test/scratches/004.png,1,abnormal_normal,32x32,6,1018,0.013767015594213264,0.0011923220939934255,0.005980891641229391,0.011302124708890915,0.018970487639307976,0.034593671932816504,0.0,0.09007194638252258
TRI_G,47,bracket_white/test/scratches/004.png,1,defect,32x32,6,6,0.029671403268973034,0.021420150995254517,0.025857821106910706,0.030495472252368927,0.03412951901555061,0.03653155267238617,0.02044054865837097,0.03694412112236023
TRI_G,47,bracket_white/test/scratches/004.png,1,clean_defect,32x32,6,0,,,,,,,,
TRI_G,47,bracket_white/test/scratches/004.png,1,boundary,32x32,6,6,0.029671403268973034,0.021420150995254517,0.025857821106910706,0.030495472252368927,0.03412951901555061,0.03653155267238617,0.02044054865837097,0.03694412112236023
TRI_G,48,bracket_white/test/scratches/005.png,1,abnormal_normal,32x32,5,1019,0.0138931730291436,0.0013132870197296142,0.006169343367218971,0.01141389086842537,0.01867160201072693,0.03518612459301947,0.0,0.07201738655567169
TRI_G,48,bracket_white/test/scratches/005.png,1,defect,32x32,5,5,0.030437478423118593,0.02156473994255066,0.02200832962989807,0.022161513566970825,0.04179912805557251,0.044171488285064696,0.021453842520713806,0.044764578342437744
TRI_G,48,bracket_white/test/scratches/005.png,1,clean_defect,32x32,5,0,,,,,,,,
TRI_G,48,bracket_white/test/scratches/005.png,1,boundary,32x32,5,5,0.030437478423118593,0.02156473994255066,0.02200832962989807,0.022161513566970825,0.04179912805557251,0.044171488285064696,0.021453842520713806,0.044764578342437744
TRI_G,49,bracket_white/test/scratches/006.png,1,abnormal_normal,32x32,6,1018,0.01188332598687521,0.001109619438648224,0.005012886598706245,0.009517314843833447,0.01575278304517269,0.032829711399972435,0.0,0.06116718798875809
TRI_G,49,bracket_white/test/scratches/006.png,1,defect,32x32,6,6,0.0424625463783741,0.007559502497315407,0.025401268154382706,0.055379703640937805,0.05837620049715042,0.06306065618991852,0.0048781707882881165,0.06435421109199524
TRI_G,49,bracket_white/test/scratches/006.png,1,clean_defect,32x32,6,0,,,,,,,,
TRI_G,49,bracket_white/test/scratches/006.png,1,boundary,32x32,6,6,0.0424625463783741,0.007559502497315407,0.025401268154382706,0.055379703640937805,0.05837620049715042,0.06306065618991852,0.0048781707882881165,0.06435421109199524
TRI_G,50,bracket_white/test/scratches/007.png,1,abnormal_normal,32x32,6,1018,0.011748118424872283,0.0003142324276268482,0.004216144327074289,0.009537273086607456,0.016119371633976698,0.03237052075564861,0.0,0.07034945487976074
TRI_G,50,bracket_white/test/scratches/007.png,1,defect,32x32,6,6,0.02049541473388672,0.013637632131576538,0.01424824446439743,0.01695181429386139,0.02062171697616577,0.03556797653436661,0.01352393627166748,0.040352851152420044
TRI_G,50,bracket_white/test/scratches/007.png,1,clean_defect,32x32,6,0,,,,,,,,
TRI_G,50,bracket_white/test/scratches/007.png,1,boundary,32x32,6,6,0.02049541473388672,0.013637632131576538,0.01424824446439743,0.01695181429386139,0.02062171697616577,0.03556797653436661,0.01352393627166748,0.040352851152420044
TRI_G,51,bracket_white/test/scratches/008.png,1,abnormal_normal,32x32,6,1018,0.011358591776171037,0.00039167832583189013,0.0041694543324410915,0.008748849853873253,0.015140226110816002,0.03207633439451456,0.0,0.07950352132320404
TRI_G,51,bracket_white/test/scratches/008.png,1,defect,32x32,6,6,0.03290465225776037,0.027841124683618546,0.029179099947214127,0.03285828232765198,0.03582152724266052,0.038561396300792694,0.027566730976104736,0.03938263654708862
TRI_G,51,bracket_white/test/scratches/008.png,1,clean_defect,32x32,6,0,,,,,,,,
TRI_G,51,bracket_white/test/scratches/008.png,1,boundary,32x32,6,6,0.03290465225776037,0.027841124683618546,0.029179099947214127,0.03285828232765198,0.03582152724266052,0.038561396300792694,0.027566730976104736,0.03938263654708862
TRI_G,52,bracket_white/test/scratches/009.png,1,abnormal_normal,32x32,6,1018,0.011766395263999613,0.0004488583654165268,0.00423573050647974,0.009127648547291756,0.016576429829001427,0.03245869781821965,0.0,0.06388942897319794
TRI_G,52,bracket_white/test/scratches/009.png,1,defect,32x32,6,6,0.01734991619984309,0.013701871037483215,0.014203637838363647,0.017247788608074188,0.02034134790301323,0.021220341324806213,0.013563185930252075,0.021479278802871704
TRI_G,52,bracket_white/test/scratches/009.png,1,clean_defect,32x32,6,0,,,,,,,,
TRI_G,52,bracket_white/test/scratches/009.png,1,boundary,32x32,6,6,0.01734991619984309,0.013701871037483215,0.014203637838363647,0.017247788608074188,0.02034134790301323,0.021220341324806213,0.013563185930252075,0.021479278802871704
TRI_G,53,bracket_white/test/scratches/010.png,1,abnormal_normal,32x32,7,1017,0.012153528254816168,0.0004805132746696474,0.0038763321936130524,0.00923224538564682,0.016292136162519455,0.03599863499402999,0.0,0.0753803700208664
TRI_G,53,bracket_white/test/scratches/010.png,1,defect,32x32,7,7,0.021316883819443837,0.01677962839603424,0.019237995147705078,0.020991265773773193,0.023144133388996124,0.026458655297756192,0.01594078540802002,0.027521878480911255
TRI_G,53,bracket_white/test/scratches/010.png,1,clean_defect,32x32,7,0,,,,,,,,
TRI_G,53,bracket_white/test/scratches/010.png,1,boundary,32x32,7,7,0.021316883819443837,0.01677962839603424,0.019237995147705078,0.020991265773773193,0.023144133388996124,0.026458655297756192,0.01594078540802002,0.027521878480911255
TRI_G,54,bracket_white/test/scratches/011.png,1,abnormal_normal,32x32,10,1014,0.012338874441400699,0.00030264873057603845,0.004267872776836157,0.009630761109292507,0.01732479687780142,0.03346509560942646,0.0,0.10651610046625137
TRI_G,54,bracket_white/test/scratches/011.png,1,defect,32x32,10,10,0.024555473029613493,0.016025411337614058,0.01746577024459839,0.026066936552524567,0.02917543426156044,0.033530555665493005,0.015828758478164673,0.035647690296173096
TRI_G,54,bracket_white/test/scratches/011.png,1,clean_defect,32x32,10,0,,,,,,,,
TRI_G,54,bracket_white/test/scratches/011.png,1,boundary,32x32,10,10,0.024555473029613493,0.016025411337614058,0.01746577024459839,0.026066936552524567,0.02917543426156044,0.033530555665493005,0.015828758478164673,0.035647690296173096
TRI_G,55,bracket_white/test/scratches/012.png,1,abnormal_normal,32x32,5,1019,0.01318985493021987,0.0011259538587182765,0.005781950429081917,0.010702691972255707,0.017632830888032913,0.033881019800901406,0.0,0.08489124476909637
TRI_G,55,bracket_white/test/scratches/012.png,1,defect,32x32,5,5,0.05280512571334839,0.041521203517913816,0.052784264087677,0.0530586838722229,0.056836217641830444,0.061480063199996944,0.03870543837547302,0.06264102458953857
TRI_G,55,bracket_white/test/scratches/012.png,1,clean_defect,32x32,5,0,,,,,,,,
TRI_G,55,bracket_white/test/scratches/012.png,1,boundary,32x32,5,5,0.05280512571334839,0.041521203517913816,0.052784264087677,0.0530586838722229,0.056836217641830444,0.061480063199996944,0.03870543837547302,0.06264102458953857
TRI_G,56,bracket_white/test/scratches/013.png,1,abnormal_normal,32x32,6,1018,0.013691568344626539,0.0014086004346609115,0.005777563899755478,0.01093100942671299,0.018726039677858353,0.034332392364740366,0.0,0.07132020592689514
TRI_G,56,bracket_white/test/scratches/013.png,1,defect,32x32,6,6,0.03011120731631915,0.0142383873462677,0.022765960544347763,0.02527714893221855,0.03495759703218937,0.05328966677188873,0.011434510350227356,0.05856512486934662
TRI_G,56,bracket_white/test/scratches/013.png,1,clean_defect,32x32,6,0,,,,,,,,
TRI_G,56,bracket_white/test/scratches/013.png,1,boundary,32x32,6,6,0.03011120731631915,0.0142383873462677,0.022765960544347763,0.02527714893221855,0.03495759703218937,0.05328966677188873,0.011434510350227356,0.05856512486934662
TRI_G,57,bracket_white/test/scratches/014.png,1,abnormal_normal,32x32,11,1013,0.011247819069605633,0.00022271499037742614,0.0037080664187669754,0.008234163746237755,0.015528123825788498,0.031222034990787503,0.0,0.06920182704925537
TRI_G,57,bracket_white/test/scratches/014.png,1,defect,32x32,11,11,0.028620425950397144,0.011758945882320404,0.01791055127978325,0.026216372847557068,0.03918430581688881,0.04971250146627426,0.011567890644073486,0.05908574163913727
TRI_G,57,bracket_white/test/scratches/014.png,1,clean_defect,32x32,11,0,,,,,,,,
TRI_G,57,bracket_white/test/scratches/014.png,1,boundary,32x32,11,11,0.028620425950397144,0.011758945882320404,0.01791055127978325,0.026216372847557068,0.03918430581688881,0.04971250146627426,0.011567890644073486,0.05908574163913727
TRI_G,58,bracket_white/test/scratches/015.png,1,abnormal_normal,32x32,7,1017,0.010918985196959772,0.0004687078297138215,0.003921231254935265,0.00843801349401474,0.015244666486978531,0.02911432459950445,0.0,0.06721674650907516
TRI_G,58,bracket_white/test/scratches/015.png,1,defect,32x32,7,7,0.02396025295768465,0.012853717803955078,0.01569986343383789,0.01842667907476425,0.02539229393005371,0.04648009240627287,0.012110531330108643,0.055000245571136475
TRI_G,58,bracket_white/test/scratches/015.png,1,clean_defect,32x32,7,0,,,,,,,,
TRI_G,58,bracket_white/test/scratches/015.png,1,boundary,32x32,7,7,0.02396025295768465,0.012853717803955078,0.01569986343383789,0.01842667907476425,0.02539229393005371,0.04648009240627287,0.012110531330108643,0.055000245571136475
TRI_G,59,bracket_white/test/scratches/016.png,1,abnormal_normal,32x32,6,1018,0.011920262573191747,0.0008503764867782594,0.004692775197327137,0.009171219542622566,0.015866595320403576,0.03160941619426012,0.0,0.1039823591709137
TRI_G,59,bracket_white/test/scratches/016.png,1,defect,32x32,6,6,0.020867004990577698,0.008343841880559921,0.010684765875339508,0.016916319727897644,0.028142046183347702,0.03993743285536766,0.007942944765090942,0.04293490946292877
TRI_G,59,bracket_white/test/scratches/016.png,1,clean_defect,32x32,6,0,,,,,,,,
TRI_G,59,bracket_white/test/scratches/016.png,1,boundary,32x32,6,6,0.020867004990577698,0.008343841880559921,0.010684765875339508,0.016916319727897644,0.028142046183347702,0.03993743285536766,0.007942944765090942,0.04293490946292877
BAL_G,0,bracket_white/test/defective_painting/000.png,1,abnormal_normal,32x32,3,1021,0.013379157246268345,0.0021510720252990723,0.00644625723361969,0.011273831129074097,0.017084971070289612,0.032889559864997864,0.0,0.11127282679080963
BAL_G,0,bracket_white/test/defective_painting/000.png,1,defect,32x32,3,3,0.02982007960478465,0.0038862362504005436,0.018975861370563507,0.03783789277076721,0.04467320442199707,0.05014145374298096,0.00011382997035980225,0.05150851607322693
BAL_G,0,bracket_white/test/defective_painting/000.png,1,clean_defect,32x32,3,0,,,,,,,,
BAL_G,0,bracket_white/test/defective_painting/000.png,1,boundary,32x32,3,3,0.02982007960478465,0.0038862362504005436,0.018975861370563507,0.03783789277076721,0.04467320442199707,0.05014145374298096,0.00011382997035980225,0.05150851607322693
BAL_G,1,bracket_white/test/defective_painting/001.png,1,abnormal_normal,32x32,3,1021,0.013459732247029416,0.0014184117317199707,0.006609469652175903,0.011005640029907227,0.017851144075393677,0.032901257276535034,0.0,0.11284340918064117
BAL_G,1,bracket_white/test/defective_painting/001.png,1,defect,32x32,3,3,0.016687408089637756,0.012529115378856658,0.012890718877315521,0.013342723250389099,0.018811754882335663,0.023186980187892912,0.012438714504241943,0.024280786514282227
BAL_G,1,bracket_white/test/defective_painting/001.png,1,clean_defect,32x32,3,0,,,,,,,,
BAL_G,1,bracket_white/test/defective_painting/001.png,1,boundary,32x32,3,3,0.016687408089637756,0.012529115378856658,0.012890718877315521,0.013342723250389099,0.018811754882335663,0.023186980187892912,0.012438714504241943,0.024280786514282227
BAL_G,2,bracket_white/test/defective_painting/002.png,1,abnormal_normal,32x32,3,1021,0.013607223575659293,0.002091020345687866,0.0065441131591796875,0.01115959882736206,0.018155142664909363,0.03359244763851166,0.0,0.06187674403190613
BAL_G,2,bracket_white/test/defective_painting/002.png,1,defect,32x32,3,3,0.01463744044303894,0.003023210167884827,0.0038255006074905396,0.004828363656997681,0.02054484188556671,0.033118024468421936,0.0028226375579833984,0.03626132011413574
BAL_G,2,bracket_white/test/defective_painting/002.png,1,clean_defect,32x32,3,0,,,,,,,,
BAL_G,2,bracket_white/test/defective_painting/002.png,1,boundary,32x32,3,3,0.01463744044303894,0.003023210167884827,0.0038255006074905396,0.004828363656997681,0.02054484188556671,0.033118024468421936,0.0028226375579833984,0.03626132011413574
BAL_G,3,bracket_white/test/defective_painting/003.png,1,abnormal_normal,32x32,2,1022,0.015161588890095279,0.002600233256816864,0.008079893887043,0.01263677328824997,0.019231237471103668,0.036600375920534126,0.0,0.10864907503128052
BAL_G,3,bracket_white/test/defective_painting/003.png,1,defect,32x32,2,2,0.013187631964683533,0.0035202264785766605,0.007816851139068604,0.013187631964683533,0.018558412790298462,0.022855037450790403,0.0024460703134536743,0.02392919361591339
BAL_G,3,bracket_white/test/defective_painting/003.png,1,clean_defect,32x32,2,0,,,,,,,,
BAL_G,3,bracket_white/test/defective_painting/003.png,1,boundary,32x32,2,2,0.013187631964683533,0.0035202264785766605,0.007816851139068604,0.013187631964683533,0.018558412790298462,0.022855037450790403,0.0024460703134536743,0.02392919361591339
BAL_G,4,bracket_white/test/defective_painting/004.png,1,abnormal_normal,32x32,2,1022,0.015283264759235419,0.002514220029115677,0.007782947272062302,0.012691505253314972,0.01972736045718193,0.03671798855066297,0.0,0.11525584757328033
BAL_G,4,bracket_white/test/defective_painting/004.png,1,defect,32x32,2,2,0.022989466786384583,0.008445161581039428,0.014909297227859497,0.022989466786384583,0.031069636344909668,0.037533771991729734,0.006829127669334412,0.03914980590343475
BAL_G,4,bracket_white/test/defective_painting/004.png,1,clean_defect,32x32,2,0,,,,,,,,
BAL_G,4,bracket_white/test/defective_painting/004.png,1,boundary,32x32,2,2,0.022989466786384583,0.008445161581039428,0.014909297227859497,0.022989466786384583,0.031069636344909668,0.037533771991729734,0.006829127669334412,0.03914980590343475
BAL_G,5,bracket_white/test/defective_painting/005.png,1,abnormal_normal,32x32,2,1022,0.014403748550177087,0.0021716959774494174,0.006734240800142288,0.011521473526954651,0.01886032149195671,0.03646302297711369,0.0,0.07360826432704926
BAL_G,5,bracket_white/test/defective_painting/005.png,1,defect,32x32,2,2,0.0264132022857666,0.019065290689468384,0.022331029176712036,0.0264132022857666,0.030495375394821167,0.03376111388206482,0.01824885606765747,0.03457754850387573
BAL_G,5,bracket_white/test/defective_painting/005.png,1,clean_defect,32x32,2,0,,,,,,,,
BAL_G,5,bracket_white/test/defective_painting/005.png,1,boundary,32x32,2,2,0.0264132022857666,0.019065290689468384,0.022331029176712036,0.0264132022857666,0.030495375394821167,0.03376111388206482,0.01824885606765747,0.03457754850387573
BAL_G,6,bracket_white/test/defective_painting/006.png,1,abnormal_normal,32x32,3,1021,0.01424865391065278,0.0023556798696517944,0.006730809807777405,0.011937081813812256,0.01867114007472992,0.03488478064537048,0.0,0.09496290981769562
BAL_G,6,bracket_white/test/defective_painting/006.png,1,defect,32x32,3,3,0.031931872169176735,0.019132503867149354,0.026386067271232605,0.03545302152633667,0.039238251745700836,0.04226643592119217,0.01731911301612854,0.043023481965065
BAL_G,6,bracket_white/test/defective_painting/006.png,1,clean_defect,32x32,3,0,,,,,,,,
BAL_G,6,bracket_white/test/defective_painting/006.png,1,boundary,32x32,3,3,0.031931872169176735,0.019132503867149354,0.026386067271232605,0.03545302152633667,0.039238251745700836,0.04226643592119217,0.01731911301612854,0.043023481965065
BAL_G,7,bracket_white/test/defective_painting/007.png,1,abnormal_normal,32x32,5,1019,0.0137480268944,0.0017729356884956362,0.006368093192577362,0.011407047510147095,0.01772155612707138,0.03563469946384428,0.0,0.07335656881332397
BAL_G,7,bracket_white/test/defective_painting/007.png,1,defect,32x32,5,5,0.0217802494764328,0.007247549295425415,0.00789383053779602,0.012673884630203247,0.04008908569812775,0.04094459116458893,0.007085978984832764,0.041158467531204224
BAL_G,7,bracket_white/test/defective_painting/007.png,1,clean_defect,32x32,5,0,,,,,,,,
BAL_G,7,bracket_white/test/defective_painting/007.png,1,boundary,32x32,5,5,0.0217802494764328,0.007247549295425415,0.00789383053779602,0.012673884630203247,0.04008908569812775,0.04094459116458893,0.007085978984832764,0.041158467531204224
BAL_G,8,bracket_white/test/defective_painting/008.png,1,abnormal_normal,32x32,6,1018,0.013937777687735079,0.0018769994378089905,0.006464798003435135,0.011188998818397522,0.01800757274031639,0.03612156882882118,0.0,0.07811504602432251
BAL_G,8,bracket_white/test/defective_painting/008.png,1,defect,32x32,6,6,0.025567961235841114,0.006466928869485855,0.014268599450588226,0.027236491441726685,0.03490448370575905,0.04403093457221985,0.004679292440414429,0.04684904217720032
BAL_G,8,bracket_white/test/defective_painting/008.png,1,clean_defect,32x32,6,0,,,,,,,,
BAL_G,8,bracket_white/test/defective_painting/008.png,1,boundary,32x32,6,6,0.025567961235841114,0.006466928869485855,0.014268599450588226,0.027236491441726685,0.03490448370575905,0.04403093457221985,0.004679292440414429,0.04684904217720032
BAL_G,9,bracket_white/test/defective_painting/009.png,1,abnormal_normal,32x32,4,1020,0.013976566464293237,0.0019101336598396303,0.006398946046829224,0.011065371334552765,0.018776722252368927,0.03571420758962631,0.0,0.11315193772315979
BAL_G,9,bracket_white/test/defective_painting/009.png,1,defect,32x32,4,4,0.01876135542988777,0.0009337238967418672,0.0034256838262081146,0.0196370929479599,0.03497276455163956,0.0353629544377327,0.0003107339143753052,0.03546050190925598
BAL_G,9,bracket_white/test/defective_painting/009.png,1,clean_defect,32x32,4,0,,,,,,,,
BAL_G,9,bracket_white/test/defective_painting/009.png,1,boundary,32x32,4,4,0.01876135542988777,0.0009337238967418672,0.0034256838262081146,0.0196370929479599,0.03497276455163956,0.0353629544377327,0.0003107339143753052,0.03546050190925598
BAL_G,10,bracket_white/test/defective_painting/010.png,1,abnormal_normal,32x32,2,1022,0.01384530754471945,0.0022922582924366003,0.006608668714761734,0.011270545423030853,0.01816648244857788,0.035880059748888006,0.0,0.07440902292728424
BAL_G,10,bracket_white/test/defective_painting/010.png,1,defect,32x32,2,2,0.02909214049577713,0.0162279911339283,0.021945390850305557,0.02909214049577713,0.0362388901412487,0.04195628985762596,0.014798641204833984,0.043385639786720276
BAL_G,10,bracket_white/test/defective_painting/010.png,1,clean_defect,32x32,2,0,,,,,,,,
BAL_G,10,bracket_white/test/defective_painting/010.png,1,boundary,32x32,2,2,0.02909214049577713,0.0162279911339283,0.021945390850305557,0.02909214049577713,0.0362388901412487,0.04195628985762596,0.014798641204833984,0.043385639786720276
BAL_G,11,bracket_white/test/defective_painting/011.png,1,abnormal_normal,32x32,3,1021,0.013766811465539848,0.002347201108932495,0.0066349804401397705,0.010831579566001892,0.017502963542938232,0.035721734166145325,0.0,0.110964834690094
BAL_G,11,bracket_white/test/defective_painting/011.png,1,defect,32x32,3,3,0.022707800070444744,0.007444003224372863,0.016348138451576233,0.027478307485580444,0.031452715396881104,0.03463224172592163,0.0052179694175720215,0.03542712330818176
BAL_G,11,bracket_white/test/defective_painting/011.png,1,clean_defect,32x32,3,0,,,,,,,,
BAL_G,11,bracket_white/test/defective_painting/011.png,1,boundary,32x32,3,3,0.022707800070444744,0.007444003224372863,0.016348138451576233,0.027478307485580444,0.031452715396881104,0.03463224172592163,0.0052179694175720215,0.03542712330818176
BAL_G,12,bracket_white/test/defective_painting/012.png,1,abnormal_normal,32x32,5,1019,0.014799725216785053,0.002824687957763672,0.007777377963066101,0.012949585914611816,0.019626423716545105,0.03330343067646024,0.0,0.06214219331741333
BAL_G,12,bracket_white/test/defective_painting/012.png,1,defect,32x32,5,5,0.017009899020195007,0.0,0.0,0.02080102264881134,0.031973063945770264,0.0322149395942688,0.0,0.03227540850639343
BAL_G,12,bracket_white/test/defective_painting/012.png,1,clean_defect,32x32,5,0,,,,,,,,
BAL_G,12,bracket_white/test/defective_painting/012.png,1,boundary,32x32,5,5,0.017009899020195007,0.0,0.0,0.02080102264881134,0.031973063945770264,0.0322149395942688,0.0,0.03227540850639343
BAL_G,13,bracket_white/test/good/000.png,0,normal_image,32x32,0,1024,0.010924937392701395,0.00022178143262863162,0.003256067633628845,0.008189387619495392,0.015327509492635727,0.03198853805661201,0.0,0.08830052614212036
BAL_G,14,bracket_white/test/good/001.png,0,normal_image,32x32,0,1024,0.011535271114553325,0.0005733370780944824,0.004472814500331879,0.008851811289787292,0.015504773706197739,0.031261800974607463,0.0,0.08433589339256287
BAL_G,15,bracket_white/test/good/002.png,0,normal_image,32x32,0,1024,0.012734800242469646,0.0009808272123336792,0.005016535520553589,0.009884297847747803,0.017574213445186615,0.03338617309927937,0.0,0.08204704523086548
BAL_G,16,bracket_white/test/good/003.png,0,normal_image,32x32,0,1024,0.011971758853178471,0.00030270665884017954,0.004010118544101715,0.009027495980262756,0.01730060577392578,0.03306491523981089,0.0,0.08238931000232697
BAL_G,17,bracket_white/test/good/004.png,0,normal_image,32x32,0,1024,0.011397848124033771,0.0,0.0031251050531864166,0.008774422109127045,0.0162949338555336,0.03222623765468594,0.0,0.09068162739276886
BAL_G,18,bracket_white/test/good/005.png,0,normal_image,32x32,0,1024,0.011357083611073904,0.0006342031061649324,0.004355490207672119,0.008594900369644165,0.01528802141547203,0.02977788299322128,0.0,0.08920435607433319
BAL_G,19,bracket_white/test/good/006.png,0,normal_image,32x32,0,1024,0.011652544926619157,0.0005429774522781374,0.004006054252386093,0.008922681212425232,0.016049250960350037,0.032741431146860116,0.0,0.07337148487567902
BAL_G,20,bracket_white/test/good/007.png,0,normal_image,32x32,0,1024,0.01020993544079829,0.00029290169477462773,0.0028926432132720947,0.007065825164318085,0.013428479433059692,0.03170719742774959,0.0,0.08423767983913422
BAL_G,21,bracket_white/test/good/008.png,0,normal_image,32x32,0,1024,0.012736267206491902,0.00028626918792724654,0.003886871039867401,0.009262919425964355,0.017679840326309204,0.038654898852109834,0.0,0.07802484929561615
BAL_G,22,bracket_white/test/good/009.png,0,normal_image,32x32,0,1024,0.011033378206775524,0.00027114152908325195,0.0033593028783798218,0.007909230887889862,0.015430815517902374,0.03412526622414586,0.0,0.06989029049873352
BAL_G,23,bracket_white/test/good/010.png,0,normal_image,32x32,0,1024,0.007563387669506483,0.0,0.0,0.0037868767976760864,0.010813642293214798,0.027524496614933013,0.0,0.08865566551685333
BAL_G,24,bracket_white/test/good/011.png,0,normal_image,32x32,0,1024,0.010281067996402271,0.0002721332013607026,0.0032029710710048676,0.007713347673416138,0.013938773423433304,0.02843092009425162,0.0,0.07887867093086243
BAL_G,25,bracket_white/test/good/012.png,0,normal_image,32x32,0,1024,0.011766648545744829,0.00013311058282852186,0.0044488683342933655,0.008971534669399261,0.016011957079172134,0.032179843634366975,0.0,0.07286131381988525
BAL_G,26,bracket_white/test/good/013.png,0,normal_image,32x32,0,1024,0.009683568161563016,0.0,0.0008887648582458496,0.006258435547351837,0.014259200543165207,0.03164395615458488,0.0,0.07700803875923157
BAL_G,27,bracket_white/test/good/014.png,0,normal_image,32x32,0,1024,0.00945241522276774,0.0,0.0020890235900878906,0.0060822442173957825,0.012992147356271744,0.029203112423419948,0.0,0.09088289737701416
BAL_G,28,bracket_white/test/good/015.png,0,normal_image,32x32,0,1024,0.010008068260503933,0.0,0.000765778124332428,0.005826875567436218,0.014676611870527267,0.03550954088568684,0.0,0.0900648981332779
BAL_G,29,bracket_white/test/good/016.png,0,normal_image,32x32,0,1024,0.008730444693355821,0.0,0.0015655122697353363,0.005483366549015045,0.01213088259100914,0.030012930929660758,0.0,0.07705725729465485
BAL_G,30,bracket_white/test/good/017.png,0,normal_image,32x32,0,1024,0.010230209038127214,0.0002801150083541871,0.0030853450298309326,0.007010459899902344,0.013842880725860596,0.031454612314700994,0.0,0.06546682119369507
BAL_G,31,bracket_white/test/good/018.png,0,normal_image,32x32,0,1024,0.01181736242142506,0.0004933163523674013,0.003921151161193848,0.009069554507732391,0.016609590500593185,0.03395460769534109,0.0,0.08304452896118164
BAL_G,32,bracket_white/test/good/019.png,0,normal_image,32x32,0,1024,0.01187011726142373,0.0008819833397865296,0.004557501524686813,0.009632885456085205,0.01662418618798256,0.030967274308204642,0.0,0.08045193552970886
BAL_G,33,bracket_white/test/good/020.png,0,normal_image,32x32,0,1024,0.012010572827421129,0.0,0.003807198256254196,0.008961223065853119,0.017357967793941498,0.03302662521600722,0.0,0.07876615226268768
BAL_G,34,bracket_white/test/good/021.png,0,normal_image,32x32,0,1024,0.010154177129152231,0.00018810704350471501,0.003040909767150879,0.007306933403015137,0.014357544481754303,0.028737910836935034,0.0,0.07178598642349243
BAL_G,35,bracket_white/test/good/022.png,0,normal_image,32x32,0,1024,0.013107647464494221,0.0004936881363391877,0.004559241235256195,0.009444467723369598,0.01816876232624054,0.03651834577322005,0.0,0.08310993015766144
BAL_G,36,bracket_white/test/good/023.png,0,normal_image,32x32,0,1024,0.010030551697127521,0.0,0.002846319228410721,0.0068047791719436646,0.013498112559318542,0.030693117529153807,0.0,0.0900578498840332
BAL_G,37,bracket_white/test/good/024.png,0,normal_image,32x32,0,1024,0.008201354270568117,0.0,0.00017852336168289185,0.004417166113853455,0.011958014219999313,0.02994393706321716,0.0,0.09810777008533478
BAL_G,38,bracket_white/test/good/025.png,0,normal_image,32x32,0,1024,0.011746652366127819,0.0011769935488700868,0.00451718270778656,0.008807927370071411,0.016182955354452133,0.031156790256500224,0.0,0.07592986524105072
BAL_G,39,bracket_white/test/good/026.png,0,normal_image,32x32,0,1024,0.01037487517169211,0.0,0.0012421011924743652,0.006832592189311981,0.016147539019584656,0.033742643892765045,0.0,0.06495726108551025
BAL_G,40,bracket_white/test/good/027.png,0,normal_image,32x32,0,1024,0.013136641951859929,0.0009467869997024537,0.005127374082803726,0.010321356356143951,0.017510157078504562,0.035160060226917235,0.0,0.10937921702861786
BAL_G,41,bracket_white/test/good/028.png,0,normal_image,32x32,0,1024,0.009656340553192422,0.0,0.002109568566083908,0.006557539105415344,0.013606090098619461,0.03019163534045217,0.0,0.08725063502788544
BAL_G,42,bracket_white/test/good/029.png,0,normal_image,32x32,0,1024,0.009250346309272572,0.0,0.0023095495998859406,0.006275780498981476,0.01279151439666748,0.028674102574586868,0.0,0.07655081152915955
BAL_G,43,bracket_white/test/scratches/000.png,1,abnormal_normal,32x32,7,1017,0.011586299101980503,0.0005609154701232913,0.00434952974319458,0.009215906262397766,0.015826284885406494,0.03132534623146057,0.0,0.08033324778079987
BAL_G,43,bracket_white/test/scratches/000.png,1,defect,32x32,7,7,0.022405847907066345,0.01013021618127823,0.014710232615470886,0.016556695103645325,0.025619052350521088,0.04493248909711836,0.008192136883735657,0.05143353343009949
BAL_G,43,bracket_white/test/scratches/000.png,1,clean_defect,32x32,7,0,,,,,,,,
BAL_G,43,bracket_white/test/scratches/000.png,1,boundary,32x32,7,7,0.022405847907066345,0.01013021618127823,0.014710232615470886,0.016556695103645325,0.025619052350521088,0.04493248909711836,0.008192136883735657,0.05143353343009949
BAL_G,44,bracket_white/test/scratches/001.png,1,abnormal_normal,32x32,5,1019,0.011673537303233871,0.0008076250553131105,0.004433624446392059,0.00910082459449768,0.015868499875068665,0.030740216374397198,0.0,0.07610179483890533
BAL_G,44,bracket_white/test/scratches/001.png,1,defect,32x32,5,5,0.028151816129684447,0.02375319004058838,0.0255659818649292,0.026950687170028687,0.030001699924468994,0.03395291566848755,0.023299992084503174,0.03494071960449219
BAL_G,44,bracket_white/test/scratches/001.png,1,clean_defect,32x32,5,0,,,,,,,,
BAL_G,44,bracket_white/test/scratches/001.png,1,boundary,32x32,5,5,0.028151816129684447,0.02375319004058838,0.0255659818649292,0.026950687170028687,0.030001699924468994,0.03395291566848755,0.023299992084503174,0.03494071960449219
BAL_G,45,bracket_white/test/scratches/002.png,1,abnormal_normal,32x32,10,1014,0.012426107196060158,0.0004971370100975037,0.004690211266279221,0.009873747825622559,0.017009366303682327,0.034068839997053145,0.0,0.08012630045413971
BAL_G,45,bracket_white/test/scratches/002.png,1,defect,32x32,10,10,0.0256766676902771,0.014641475677490235,0.017818987369537354,0.020384937524795532,0.02481313794851303,0.05154449790716171,0.013731375336647034,0.05313165485858917
BAL_G,45,bracket_white/test/scratches/002.png,1,clean_defect,32x32,10,0,,,,,,,,
BAL_G,45,bracket_white/test/scratches/002.png,1,boundary,32x32,10,10,0.0256766676902771,0.014641475677490235,0.017818987369537354,0.020384937524795532,0.02481313794851303,0.05154449790716171,0.013731375336647034,0.05313165485858917
BAL_G,46,bracket_white/test/scratches/003.png,1,abnormal_normal,32x32,4,1020,0.013641972912877214,0.001284749060869217,0.00558583065867424,0.011138960719108582,0.01862166076898575,0.03489732071757316,0.0,0.08330178260803223
BAL_G,46,bracket_white/test/scratches/003.png,1,defect,32x32,4,4,0.03209348022937775,0.023749905824661254,0.023951679468154907,0.030094295740127563,0.0382360965013504,0.043235912919044495,0.023699462413787842,0.04448586702346802
BAL_G,46,bracket_white/test/scratches/003.png,1,clean_defect,32x32,4,0,,,,,,,,
BAL_G,46,bracket_white/test/scratches/003.png,1,boundary,32x32,4,4,0.03209348022937775,0.023749905824661254,0.023951679468154907,0.030094295740127563,0.0382360965013504,0.043235912919044495,0.023699462413787842,0.04448586702346802
BAL_G,47,bracket_white/test/scratches/004.png,1,abnormal_normal,32x32,6,1018,0.013758280144342036,0.0012977473437786103,0.0062263645231723785,0.01095569133758545,0.01900603622198105,0.03492882922291755,0.0,0.07687541842460632
BAL_G,47,bracket_white/test/scratches/004.png,1,defect,32x32,6,6,0.02902759611606598,0.021887294948101044,0.026247430592775345,0.027684658765792847,0.03216367959976196,0.037497378885746,0.020448267459869385,0.03892295062541962
BAL_G,47,bracket_white/test/scratches/004.png,1,clean_defect,32x32,6,0,,,,,,,,
BAL_G,47,bracket_white/test/scratches/004.png,1,boundary,32x32,6,6,0.02902759611606598,0.021887294948101044,0.026247430592775345,0.027684658765792847,0.03216367959976196,0.037497378885746,0.020448267459869385,0.03892295062541962
BAL_G,48,bracket_white/test/scratches/005.png,1,abnormal_normal,32x32,5,1019,0.013920771566761605,0.0015640377998352051,0.0062200650572776794,0.01145818829536438,0.018918655812740326,0.035524035990238165,0.0,0.058312609791755676
BAL_G,48,bracket_white/test/scratches/005.png,1,defect,32x32,5,5,0.037843373417854306,0.026760634779930115,0.032563433051109314,0.03324227035045624,0.046293407678604126,0.050704938173294065,0.025309935212135315,0.05180782079696655
BAL_G,48,bracket_white/test/scratches/005.png,1,clean_defect,32x32,5,0,,,,,,,,
BAL_G,48,bracket_white/test/scratches/005.png,1,boundary,32x32,5,5,0.037843373417854306,0.026760634779930115,0.032563433051109314,0.03324227035045624,0.046293407678604126,0.050704938173294065,0.025309935212135315,0.05180782079696655
BAL_G,49,bracket_white/test/scratches/006.png,1,abnormal_normal,32x32,6,1018,0.012148405749109265,0.0014436125755310058,0.005365319550037384,0.009691879153251648,0.01608365774154663,0.03146798834204674,0.0,0.06435427069664001
BAL_G,49,bracket_white/test/scratches/006.png,1,defect,32x32,6,6,0.037977300584316254,0.007338561117649078,0.023331698030233383,0.049837738275527954,0.05157305300235748,0.055478762835264206,0.004942372441291809,0.05659811198711395
BAL_G,49,bracket_white/test/scratches/006.png,1,clean_defect,32x32,6,0,,,,,,,,
BAL_G,49,bracket_white/test/scratches/006.png,1,boundary,32x32,6,6,0.037977300584316254,0.007338561117649078,0.023331698030233383,0.049837738275527954,0.05157305300235748,0.055478762835264206,0.004942372441291809,0.05659811198711395
BAL_G,50,bracket_white/test/scratches/007.png,1,abnormal_normal,32x32,6,1018,0.011759944260120392,0.00043001770973205566,0.004458613693714142,0.009702667593955994,0.01676204428076744,0.030124443769454955,0.0,0.07631129026412964
BAL_G,50,bracket_white/test/scratches/007.png,1,defect,32x32,6,6,0.01873393605152766,0.010571077466011047,0.011887125670909882,0.0159233957529068,0.018726162612438202,0.0347454808652401,0.01053205132484436,0.03982265293598175
BAL_G,50,bracket_white/test/scratches/007.png,1,clean_defect,32x32,6,0,,,,,,,,
BAL_G,50,bracket_white/test/scratches/007.png,1,boundary,32x32,6,6,0.01873393605152766,0.010571077466011047,0.011887125670909882,0.0159233957529068,0.018726162612438202,0.0347454808652401,0.01053205132484436,0.03982265293598175
BAL_G,51,bracket_white/test/scratches/008.png,1,abnormal_normal,32x32,6,1018,0.011449791988712866,0.00044965445995330815,0.004439592361450195,0.00915525108575821,0.015336576849222183,0.03036149740219116,0.0,0.0711749792098999
BAL_G,51,bracket_white/test/scratches/008.png,1,defect,32x32,6,6,0.030043681462605793,0.022508561611175537,0.023761779069900513,0.02931492030620575,0.03589358180761337,0.03871702402830124,0.022289156913757324,0.039345890283584595
BAL_G,51,bracket_white/test/scratches/008.png,1,clean_defect,32x32,6,0,,,,,,,,
BAL_G,51,bracket_white/test/scratches/008.png,1,boundary,32x32,6,6,0.030043681462605793,0.022508561611175537,0.023761779069900513,0.02931492030620575,0.03589358180761337,0.03871702402830124,0.022289156913757324,0.039345890283584595
BAL_G,52,bracket_white/test/scratches/009.png,1,abnormal_normal,32x32,6,1018,0.011853080323379494,0.0005350492894649506,0.0046020932495594025,0.009431220591068268,0.015762079507112503,0.031432181596755975,0.0,0.06667764484882355
BAL_G,52,bracket_white/test/scratches/009.png,1,defect,32x32,6,6,0.017248526215553284,0.010758966207504272,0.011546581983566284,0.01646474003791809,0.02280726283788681,0.024747975170612335,0.010658442974090576,0.02507460117340088
BAL_G,52,bracket_white/test/scratches/009.png,1,clean_defect,32x32,6,0,,,,,,,,
BAL_G,52,bracket_white/test/scratches/009.png,1,boundary,32x32,6,6,0.017248526215553284,0.010758966207504272,0.011546581983566284,0.01646474003791809,0.02280726283788681,0.024747975170612335,0.010658442974090576,0.02507460117340088
BAL_G,53,bracket_white/test/scratches/010.png,1,abnormal_normal,32x32,7,1017,0.012344258959197248,0.0005842924118041994,0.004216492176055908,0.00958341360092163,0.017114683985710144,0.03543410003185271,0.0,0.0720212459564209
BAL_G,53,bracket_white/test/scratches/010.png,1,defect,32x32,7,7,0.030501048479761397,0.024498564004898072,0.027738846838474274,0.03148680925369263,0.033057719469070435,0.03560105860233306,0.02391117811203003,0.0365162193775177
BAL_G,53,bracket_white/test/scratches/010.png,1,clean_defect,32x32,7,0,,,,,,,,
BAL_G,53,bracket_white/test/scratches/010.png,1,boundary,32x32,7,7,0.030501048479761397,0.024498564004898072,0.027738846838474274,0.03148680925369263,0.033057719469070435,0.03560105860233306,0.02391117811203003,0.0365162193775177
BAL_G,54,bracket_white/test/scratches/011.png,1,abnormal_normal,32x32,10,1014,0.012480962103052723,0.00043215304613113413,0.004684429615736008,0.00995837152004242,0.017518285661935806,0.03216196149587631,0.0,0.10114212334156036
BAL_G,54,bracket_white/test/scratches/011.png,1,defect,32x32,10,10,0.027231548726558686,0.018723588436841965,0.021578863263130188,0.029549546539783478,0.03073413297533989,0.03522616773843765,0.017665356397628784,0.03723368048667908
BAL_G,54,bracket_white/test/scratches/011.png,1,clean_defect,32x32,10,0,,,,,,,,
BAL_G,54,bracket_white/test/scratches/011.png,1,boundary,32x32,10,10,0.027231548726558686,0.018723588436841965,0.021578863263130188,0.029549546539783478,0.03073413297533989,0.03522616773843765,0.017665356397628784,0.03723368048667908
BAL_G,55,bracket_white/test/scratches/012.png,1,abnormal_normal,32x32,5,1019,0.013068499096593399,0.0013775706291198734,0.006018847227096558,0.011027827858924866,0.01779089868068695,0.03250644356012342,0.0,0.08250385522842407
BAL_G,55,bracket_white/test/scratches/012.png,1,defect,32x32,5,5,0.055891144275665286,0.039659473299980166,0.04473857581615448,0.0628950297832489,0.06422564387321472,0.06821054816246033,0.038389697670936584,0.06920677423477173
BAL_G,55,bracket_white/test/scratches/012.png,1,clean_defect,32x32,5,0,,,,,,,,
BAL_G,55,bracket_white/test/scratches/012.png,1,boundary,32x32,5,5,0.055891144275665286,0.039659473299980166,0.04473857581615448,0.0628950297832489,0.06422564387321472,0.06821054816246033,0.038389697670936584,0.06920677423477173
BAL_G,56,bracket_white/test/scratches/013.png,1,abnormal_normal,32x32,6,1018,0.01370095883172247,0.0015964359045028687,0.005916669964790344,0.011116646230220795,0.01910535991191864,0.03438232764601707,0.0,0.06717248260974884
BAL_G,56,bracket_white/test/scratches/013.png,1,defect,32x32,6,6,0.03701326002677282,0.011257201433181763,0.021271485835313797,0.02786504477262497,0.04928312823176384,0.07575684040784836,0.008575871586799622,0.08227747678756714
BAL_G,56,bracket_white/test/scratches/013.png,1,clean_defect,32x32,6,0,,,,,,,,
BAL_G,56,bracket_white/test/scratches/013.png,1,boundary,32x32,6,6,0.03701326002677282,0.011257201433181763,0.021271485835313797,0.02786504477262497,0.04928312823176384,0.07575684040784836,0.008575871586799622,0.08227747678756714
BAL_G,57,bracket_white/test/scratches/014.png,1,abnormal_normal,32x32,11,1013,0.011370383887041475,0.0003152787685394287,0.004065155982971191,0.008906304836273193,0.016099274158477783,0.03143775165081024,0.0,0.07276880741119385
BAL_G,57,bracket_white/test/scratches/014.png,1,defect,32x32,11,11,0.03269391845573078,0.01021750271320343,0.020021632313728333,0.0309145450592041,0.03915690630674362,0.06353868544101715,0.009060680866241455,0.07137133181095123
BAL_G,57,bracket_white/test/scratches/014.png,1,clean_defect,32x32,11,0,,,,,,,,
BAL_G,57,bracket_white/test/scratches/014.png,1,boundary,32x32,11,11,0.03269391845573078,0.01021750271320343,0.020021632313728333,0.0309145450592041,0.03915690630674362,0.06353868544101715,0.009060680866241455,0.07137133181095123
BAL_G,58,bracket_white/test/scratches/015.png,1,abnormal_normal,32x32,7,1017,0.011265944942260563,0.0006134212017059326,0.004316553473472595,0.008904680609703064,0.015266284346580505,0.030139684677124003,0.0,0.07900664210319519
BAL_G,58,bracket_white/test/scratches/015.png,1,defect,32x32,7,7,0.02584212805543627,0.013041725754737854,0.015309825539588928,0.017089903354644775,0.030802428722381592,0.05096883624792097,0.012535959482192993,0.059044525027275085
BAL_G,58,bracket_white/test/scratches/015.png,1,clean_defect,32x32,7,0,,,,,,,,
BAL_G,58,bracket_white/test/scratches/015.png,1,boundary,32x32,7,7,0.02584212805543627,0.013041725754737854,0.015309825539588928,0.017089903354644775,0.030802428722381592,0.05096883624792097,0.012535959482192993,0.059044525027275085
BAL_G,59,bracket_white/test/scratches/016.png,1,abnormal_normal,32x32,6,1018,0.012202060936944658,0.001142360270023346,0.005141358822584152,0.00957951694726944,0.01608465239405632,0.03143871203064918,0.0,0.09298911690711975
BAL_G,59,bracket_white/test/scratches/016.png,1,defect,32x32,6,6,0.02765856683254242,0.009598210453987122,0.01312972605228424,0.022763825953006744,0.03539513796567917,0.05595763400197029,0.00906398892402649,0.06183582544326782
BAL_G,59,bracket_white/test/scratches/016.png,1,clean_defect,32x32,6,0,,,,,,,,
BAL_G,59,bracket_white/test/scratches/016.png,1,boundary,32x32,6,6,0.02765856683254242,0.009598210453987122,0.01312972605228424,0.022763825953006744,0.03539513796567917,0.05595763400197029,0.00906398892402649,0.06183582544326782
