method,image_index,sample_id,image_label,region,grid,boundary_count,patch_count,mean,p05,p25,median,p75,p95,min,max
A1_G,0,bracket_black/test/good/000.png,0,normal_image,32x32,0,1024,0.009295369411120191,0.0,0.0017690062522888184,0.005645528435707092,0.012332096695899963,0.031899739801883674,0.0,0.10235828161239624
A1_G,1,bracket_black/test/good/001.png,0,normal_image,32x32,0,1024,0.008688165515195578,0.0,0.0005252659320831299,0.00419163703918457,0.012394696474075317,0.03195218890905379,0.0,0.1028774082660675
A1_G,2,bracket_black/test/good/002.png,0,normal_image,32x32,0,1024,0.008291421690955758,0.0,0.0010719150304794312,0.004524514079093933,0.012017972767353058,0.029193210601806633,0.0,0.07945990562438965
A1_G,3,bracket_black/test/good/003.png,0,normal_image,32x32,0,1024,0.008254050859250128,0.0,0.0,0.0030873268842697144,0.011292047798633575,0.031678557395935024,0.0,0.08082130551338196
A1_G,4,bracket_black/test/good/004.png,0,normal_image,32x32,0,1024,0.007396426051855087,0.0,0.0,0.002720177173614502,0.011153168976306915,0.030258572101593002,0.0,0.06257233023643494
A1_G,5,bracket_black/test/good/005.png,0,normal_image,32x32,0,1024,0.007954766042530537,0.0,0.00032135099172592163,0.0037150830030441284,0.010471343994140625,0.031746780872344955,0.0,0.09520116448402405
A1_G,6,bracket_black/test/good/006.png,0,normal_image,32x32,0,1024,0.010165985266212374,0.0,0.001467786729335785,0.006210774183273315,0.014340750873088837,0.03515621423721313,0.0,0.09928721189498901
A1_G,7,bracket_black/test/good/007.png,0,normal_image,32x32,0,1024,0.013285688270116225,0.0003607362508773804,0.0032387524843215942,0.008167728781700134,0.018126949667930603,0.044430713355541225,0.0,0.13173943758010864
A1_G,8,bracket_black/test/good/008.png,0,normal_image,32x32,0,1024,0.010047794174170122,0.0,0.0026271790266036987,0.006769880652427673,0.013780809938907623,0.030873619019985192,0.0,0.08399629592895508
A1_G,9,bracket_black/test/good/009.png,0,normal_image,32x32,0,1024,0.009496392536675557,5.1246583461761575e-05,0.002238921821117401,0.005726441740989685,0.012167632579803467,0.03240714669227595,0.0,0.11835861206054688
A1_G,10,bracket_black/test/good/010.png,0,normal_image,32x32,0,1024,0.010611981386318803,0.0,0.00216829776763916,0.006456896662712097,0.014844290912151337,0.03574535548686976,0.0,0.11469271779060364
A1_G,11,bracket_black/test/good/011.png,0,normal_image,32x32,0,1024,0.011184950853930786,0.00040630400180816675,0.003105565905570984,0.007537215948104858,0.01579180359840393,0.0336120456457138,0.0,0.0944865345954895
A1_G,12,bracket_black/test/good/012.png,0,normal_image,32x32,0,1024,0.011483576643513516,5.3398311138153205e-05,0.002756282687187195,0.007918670773506165,0.015258409082889557,0.03662977814674376,0.0,0.10489654541015625
A1_G,13,bracket_black/test/good/013.png,0,normal_image,32x32,0,1024,0.01369877377874218,0.0007894247770309448,0.00354950875043869,0.009283050894737244,0.019751019775867462,0.04197674244642258,0.0,0.11723595857620239
A1_G,14,bracket_black/test/good/014.png,0,normal_image,32x32,0,1024,0.009624313388485461,0.00010708272457122808,0.0026379376649856567,0.006731882691383362,0.01346634328365326,0.028754314780235286,0.0,0.06733614206314087
A1_G,15,bracket_black/test/good/015.png,0,normal_image,32x32,0,1024,0.009408571844687685,0.0002988159656524661,0.0026201456785202026,0.0067174434661865234,0.01314099133014679,0.02728102654218673,0.0,0.0858895480632782
A1_G,16,bracket_black/test/good/016.png,0,normal_image,32x32,0,1024,0.009742573747644201,0.0002867758274078369,0.0025556087493896484,0.007064744830131531,0.01383383572101593,0.02928114980459212,0.0,0.06323423981666565
A1_G,17,bracket_black/test/good/017.png,0,normal_image,32x32,0,1024,0.01242660844582133,0.0007135793566703796,0.003786318004131317,0.00832819938659668,0.017606869339942932,0.0358796715736389,0.0,0.09947130084037781
A1_G,18,bracket_black/test/good/018.png,0,normal_image,32x32,0,1024,0.00905070491717197,0.0,0.002075091004371643,0.0053994059562683105,0.011939972639083862,0.03101895004510878,0.0,0.1191633939743042
A1_G,19,bracket_black/test/good/019.png,0,normal_image,32x32,0,1024,0.011523176450282335,0.0005524188280105591,0.0030399560928344727,0.007339119911193848,0.01589474081993103,0.03570444285869589,0.0,0.09851217269897461
A1_G,20,bracket_black/test/good/020.png,0,normal_image,32x32,0,1024,0.011737702938262373,7.678419351577764e-05,0.0031653717160224915,0.007917359471321106,0.016217544674873352,0.03575427234172819,0.0,0.0948440432548523
A1_G,21,bracket_black/test/good/021.png,0,normal_image,32x32,0,1024,0.011050674191210419,0.00018269866704940802,0.0025763586163520813,0.007507652044296265,0.015625715255737305,0.03464335203170776,0.0,0.07089900970458984
A1_G,22,bracket_black/test/good/022.png,0,normal_image,32x32,0,1024,0.012780037242919207,0.0007532373070716858,0.0036797896027565002,0.008905917406082153,0.017633497714996338,0.03718660324811931,0.0,0.11692601442337036
A1_G,23,bracket_black/test/good/023.png,0,normal_image,32x32,0,1024,0.010184955928707495,0.0001817002892494202,0.002933405339717865,0.006906032562255859,0.01410561054944992,0.03253385871648786,0.0,0.0744505226612091
A1_G,24,bracket_black/test/good/024.png,0,normal_image,32x32,0,1024,0.010702489438699558,0.0,0.0022712871432304382,0.006647422909736633,0.015275411307811737,0.03386082798242568,0.0,0.10509377717971802
A1_G,25,bracket_black/test/good/025.png,0,normal_image,32x32,0,1024,0.013239090680144727,0.0002968713641166689,0.0035895854234695435,0.00881059467792511,0.01764780282974243,0.04122177511453621,0.0,0.13611704111099243
A1_G,26,bracket_black/test/good/026.png,0,normal_image,32x32,0,1024,0.01128327494370751,0.000150144100189209,0.0029649659991264343,0.007869139313697815,0.015589050948619843,0.03447441905736923,0.0,0.08023470640182495
A1_G,27,bracket_black/test/good/027.png,0,normal_image,32x32,0,1024,0.010642275999998674,0.00014180392026901263,0.002719581127166748,0.006959199905395508,0.014532454311847687,0.03248745352029799,0.0,0.09440776705741882
A1_G,28,bracket_black/test/good/028.png,0,normal_image,32x32,0,1024,0.01211058275657706,0.0006803184747695924,0.0036147087812423706,0.008304774761199951,0.016831763088703156,0.035999956727027875,0.0,0.08541044592857361
A1_G,29,bracket_black/test/good/029.png,0,normal_image,32x32,0,1024,0.009347213373985142,0.0,0.002150490880012512,0.006137937307357788,0.01264883577823639,0.029100106656551356,0.0,0.10237598419189453
A1_G,30,bracket_black/test/good/030.png,0,normal_image,32x32,0,1024,0.01110985255218111,0.0004013806581497194,0.0031944140791893005,0.007832780480384827,0.015004530549049377,0.03359840065240859,0.0,0.1322457492351532
A1_G,31,bracket_black/test/good/031.png,0,normal_image,32x32,0,1024,0.009984897304093465,0.0,0.0023459717631340027,0.006823644042015076,0.013738133013248444,0.03168199807405471,0.0,0.08250999450683594
A1_G,32,bracket_black/test/hole/000.png,1,abnormal_normal,32x32,6,1017,0.009964597260354192,0.00026875734329223633,0.0026174187660217285,0.00673598051071167,0.013719946146011353,0.030453252792358387,0.0,0.06928843259811401
A1_G,32,bracket_black/test/hole/000.png,1,defect,32x32,6,7,0.010688636984143938,0.005460631847381592,0.0064036548137664795,0.006909698247909546,0.013442635536193848,0.02095340490341186,0.005058586597442627,0.02315959334373474
A1_G,32,bracket_black/test/hole/000.png,1,clean_defect,32x32,6,1,0.005058586597442627,0.005058586597442627,0.005058586597442627,0.005058586597442627,0.005058586597442627,0.005058586597442627,0.005058586597442627,0.005058586597442627
A1_G,32,bracket_black/test/hole/000.png,1,boundary,32x32,6,6,0.011626978715260824,0.006401196122169495,0.006533853709697723,0.00899466872215271,0.014624133706092834,0.02132110297679901,0.00639873743057251,0.02315959334373474
A1_G,33,bracket_black/test/hole/001.png,1,abnormal_normal,32x32,5,1018,0.009093279630121407,0.0002602189779281617,0.0022885799407958984,0.006184518337249756,0.012972034513950348,0.028374937176704397,0.0,0.0664496123790741
A1_G,33,bracket_black/test/hole/001.png,1,defect,32x32,5,6,0.010482614239056906,0.0030042827129364014,0.004873707890510559,0.008374825119972229,0.010049022734165192,0.024448364973068237,0.0026345252990722656,0.029197752475738525
A1_G,33,bracket_black/test/hole/001.png,1,clean_defect,32x32,5,1,0.004113554954528809,0.004113554954528809,0.004113554954528809,0.004113554954528809,0.004113554954528809,0.004113554954528809,0.004113554954528809,0.004113554954528809
A1_G,33,bracket_black/test/hole/001.png,1,boundary,32x32,5,5,0.011756426095962525,0.0035384535789489747,0.0071541666984558105,0.009595483541488647,0.010200202465057373,0.02539824247360229,0.0026345252990722656,0.029197752475738525
A1_G,34,bracket_black/test/hole/002.png,1,abnormal_normal,32x32,6,1017,0.009224378195249695,0.00019909143447875984,0.0025832653045654297,0.006872117519378662,0.013016074895858765,0.025866901874542218,0.0,0.057250797748565674
A1_G,34,bracket_black/test/hole/002.png,1,defect,32x32,6,7,0.01282029492514474,0.00339047908782959,0.008295997977256775,0.012626022100448608,0.014176875352859497,0.0261908859014511,0.001335442066192627,0.030834853649139404
A1_G,34,bracket_black/test/hole/002.png,1,clean_defect,32x32,6,1,0.00840643048286438,0.00840643048286438,0.00840643048286438,0.00840643048286438,0.00840643048286438,0.00840643048286438,0.00840643048286438,0.00840643048286438
A1_G,34,bracket_black/test/hole/002.png,1,boundary,32x32,6,6,0.013555938998858133,0.0030479729175567627,0.00929567962884903,0.012812405824661255,0.014765918254852295,0.026964880526065826,0.001335442066192627,0.030834853649139404
A1_G,35,bracket_black/test/hole/003.png,1,abnormal_normal,32x32,6,1018,0.011071116083497383,0.00041541457176208496,0.0029862597584724426,0.007524311542510986,0.015797235071659088,0.03461312353610992,0.0,0.0690736174583435
A1_G,35,bracket_black/test/hole/003.png,1,defect,32x32,6,6,0.019434943795204163,0.005036868155002594,0.008173242211341858,0.01620154082775116,0.030915558338165283,0.03745938092470169,0.004653215408325195,0.038235992193222046
A1_G,35,bracket_black/test/hole/003.png,1,clean_defect,32x32,6,0,,,,,,,,
A1_G,35,bracket_black/test/hole/003.png,1,boundary,32x32,6,6,0.019434943795204163,0.005036868155002594,0.008173242211341858,0.01620154082775116,0.030915558338165283,0.03745938092470169,0.004653215408325195,0.038235992193222046
A1_G,36,bracket_black/test/hole/004.png,1,abnormal_normal,32x32,2,1022,0.011208149260037567,0.0005142763257026673,0.003117777407169342,0.008167073130607605,0.014889955520629883,0.03370342999696729,0.0,0.09299200773239136
A1_G,36,bracket_black/test/hole/004.png,1,defect,32x32,2,2,0.017167091369628906,0.010095366835594177,0.01323835551738739,0.017167091369628906,0.021095827221870422,0.024238815903663634,0.009309619665145874,0.02502456307411194
A1_G,36,bracket_black/test/hole/004.png,1,clean_defect,32x32,2,0,,,,,,,,
A1_G,36,bracket_black/test/hole/004.png,1,boundary,32x32,2,2,0.017167091369628906,0.010095366835594177,0.01323835551738739,0.017167091369628906,0.021095827221870422,0.024238815903663634,0.009309619665145874,0.02502456307411194
A1_G,37,bracket_black/test/hole/005.png,1,abnormal_normal,32x32,5,1018,0.009619175041120039,0.0004026234149932861,0.0027294158935546875,0.006927773356437683,0.013274632394313812,0.02644098401069641,0.0,0.08110147714614868
A1_G,37,bracket_black/test/hole/005.png,1,defect,32x32,5,6,0.011619806289672852,0.004261873662471771,0.008723236620426178,0.010855942964553833,0.01443471759557724,0.01992335170507431,0.0029142796993255615,0.02145269513130188
A1_G,37,bracket_black/test/hole/005.png,1,clean_defect,32x32,5,1,0.015335321426391602,0.015335321426391602,0.015335321426391602,0.015335321426391602,0.015335321426391602,0.015335321426391602,0.015335321426391602,0.015335321426391602
A1_G,37,bracket_black/test/hole/005.png,1,boundary,32x32,5,5,0.010876703262329101,0.00399235486984253,0.0083046555519104,0.00997897982597351,0.011732906103134155,0.019508737325668334,0.0029142796993255615,0.02145269513130188
A1_G,38,bracket_black/test/hole/006.png,1,abnormal_normal,32x32,3,1020,0.010124278302286186,0.0003587067127227784,0.002827756106853485,0.006925791501998901,0.013940185308456421,0.030273866653442377,0.0,0.07409083843231201
A1_G,38,bracket_black/test/hole/006.png,1,defect,32x32,3,4,0.01578829437494278,0.0028204366564750674,0.014102183282375336,0.020292088389396667,0.02197819948196411,0.022450840473175047,0.0,0.022569000720977783
A1_G,38,bracket_black/test/hole/006.png,1,clean_defect,32x32,3,1,0.018802911043167114,0.018802911043167114,0.018802911043167114,0.018802911043167114,0.018802911043167114,0.018802911043167114,0.018802911043167114,0.018802911043167114
A1_G,38,bracket_black/test/hole/006.png,1,boundary,32x32,3,3,0.014783422152201334,0.002178126573562622,0.01089063286781311,0.02178126573562622,0.022175133228302002,0.02249022722244263,0.0,0.022569000720977783
A1_G,39,bracket_black/test/hole/007.png,1,abnormal_normal,32x32,5,1017,0.00958565155899513,0.00016359090805053713,0.0024446845054626465,0.006859272718429565,0.01303139328956604,0.02823565006256103,0.0,0.0793599784374237
A1_G,39,bracket_black/test/hole/007.png,1,defect,32x32,5,7,0.021539432661873952,0.005177426338195801,0.014433443546295166,0.022478342056274414,0.02641618251800537,0.038145780563354485,0.004388928413391113,0.042209506034851074
A1_G,39,bracket_black/test/hole/007.png,1,clean_defect,32x32,5,2,0.005703091621398926,0.004520344734191895,0.0050460100173950195,0.005703091621398926,0.006360173225402832,0.006885838508605957,0.004388928413391113,0.007017254829406738
A1_G,39,bracket_black/test/hole/007.png,1,boundary,32x32,5,5,0.027873969078063963,0.021975374221801756,0.022478342056274414,0.02416861057281494,0.0286637544631958,0.03950035572052002,0.021849632263183594,0.042209506034851074
A1_G,40,bracket_black/test/hole/008.png,1,abnormal_normal,32x32,6,1017,0.010629945448366238,0.0005544841289520264,0.0031825602054595947,0.0076901912689208984,0.014446139335632324,0.030881828069686888,0.0,0.09420725703239441
A1_G,40,bracket_black/test/hole/008.png,1,defect,32x32,6,7,0.018478265830448697,0.0056684881448745734,0.012961521744728088,0.01720970869064331,0.025290846824645996,0.03114492893218994,0.003345578908920288,0.0322878360748291
A1_G,40,bracket_black/test/hole/008.png,1,clean_defect,32x32,6,1,0.003345578908920288,0.003345578908920288,0.003345578908920288,0.003345578908920288,0.003345578908920288,0.003345578908920288,0.003345578908920288,0.003345578908920288
A1_G,40,bracket_black/test/hole/008.png,1,boundary,32x32,6,6,0.021000380317370098,0.01202506572008133,0.015428252518177032,0.019656628370285034,0.026884496212005615,0.031335413455963135,0.01108860969543457,0.0322878360748291
A1_G,41,bracket_black/test/hole/009.png,1,abnormal_normal,32x32,4,1019,0.011314792622527851,0.0005506336688995362,0.0031477361917495728,0.007833689451217651,0.016041353344917297,0.03515793681144711,0.0,0.06223741173744202
A1_G,41,bracket_black/test/hole/009.png,1,defect,32x32,4,5,0.02717430591583252,0.011692863702774049,0.027632862329483032,0.03154870867729187,0.0339847207069397,0.034794843196868895,0.007707864046096802,0.034997373819351196
A1_G,41,bracket_black/test/hole/009.png,1,clean_defect,32x32,4,1,0.007707864046096802,0.007707864046096802,0.007707864046096802,0.007707864046096802,0.007707864046096802,0.007707864046096802,0.007707864046096802,0.007707864046096802
A1_G,41,bracket_black/test/hole/009.png,1,boundary,32x32,4,4,0.03204091638326645,0.028220239281654357,0.03056974709033966,0.032766714692115784,0.03423788398504257,0.03484547585248947,0.027632862329483032,0.034997373819351196
A1_G,42,bracket_black/test/hole/010.png,1,abnormal_normal,32x32,6,1017,0.010499326440788652,0.0005271375179290772,0.0029378533363342285,0.007373422384262085,0.01461106538772583,0.032779055833816524,0.0,0.058785319328308105
A1_G,42,bracket_black/test/hole/010.png,1,defect,32x32,6,7,0.016557327338627408,0.002771642804145813,0.0062869638204574585,0.014307558536529541,0.026667609810829163,0.031654414534568784,0.0021167099475860596,0.033567875623703
A1_G,42,bracket_black/test/hole/010.png,1,clean_defect,32x32,6,1,0.0021167099475860596,0.0021167099475860596,0.0021167099475860596,0.0021167099475860596,0.0021167099475860596,0.0021167099475860596,0.0021167099475860596,0.0021167099475860596
A1_G,42,bracket_black/test/hole/010.png,1,boundary,32x32,6,6,0.018964096903800964,0.005293391644954681,0.009782470762729645,0.020226553082466125,0.02692864090204239,0.031973324716091156,0.004299819469451904,0.033567875623703
A1_G,43,bracket_black/test/hole/011.png,1,abnormal_normal,32x32,5,1018,0.010186332323696383,0.00038081258535385134,0.00290120393037796,0.006899967789649963,0.014021985232830048,0.03018340468406677,0.0,0.08304518461227417
A1_G,43,bracket_black/test/hole/011.png,1,defect,32x32,5,6,0.011134048302968344,0.0019356608390808105,0.007943131029605865,0.011783525347709656,0.01620236039161682,0.01832311600446701,0.0,0.01889893412590027
A1_G,43,bracket_black/test/hole/011.png,1,clean_defect,32x32,5,1,0.0,0.0,0.0,0.0,0.0,0.0,0.0,0.0
A1_G,43,bracket_black/test/hole/011.png,1,boundary,32x32,5,5,0.013360857963562012,0.00790303349494934,0.008544594049453735,0.015022456645965576,0.016595661640167236,0.018438279628753662,0.007742643356323242,0.01889893412590027
A1_G,44,bracket_black/test/scratches/000.png,1,abnormal_normal,32x32,6,1018,0.010119167637731331,0.0,0.0022429972887039185,0.006395936012268066,0.014535084366798401,0.03259902447462081,0.0,0.08359730243682861
A1_G,44,bracket_black/test/scratches/000.png,1,defect,32x32,6,6,0.022652899225552876,0.013222098350524902,0.014677777886390686,0.022274553775787354,0.027712665498256683,0.034468673169612885,0.013207942247390747,0.03648945689201355
A1_G,44,bracket_black/test/scratches/000.png,1,clean_defect,32x32,6,0,,,,,,,,
A1_G,44,bracket_black/test/scratches/000.png,1,boundary,32x32,6,6,0.022652899225552876,0.013222098350524902,0.014677777886390686,0.022274553775787354,0.027712665498256683,0.034468673169612885,0.013207942247390747,0.03648945689201355
A1_G,45,bracket_black/test/scratches/001.png,1,abnormal_normal,32x32,7,1017,0.008597416365510008,0.0,0.001497507095336914,0.005103439092636108,0.012196511030197144,0.02921915054321288,0.0,0.08379951119422913
A1_G,45,bracket_black/test/scratches/001.png,1,defect,32x32,7,7,0.008678372417177473,0.0010876625776290894,0.0018502622842788696,0.005499929189682007,0.014332905411720276,0.021233651041984557,0.0008418560028076172,0.022040486335754395
A1_G,45,bracket_black/test/scratches/001.png,1,clean_defect,32x32,7,0,,,,,,,,
A1_G,45,bracket_black/test/scratches/001.png,1,boundary,32x32,7,7,0.008678372417177473,0.0010876625776290894,0.0018502622842788696,0.005499929189682007,0.014332905411720276,0.021233651041984557,0.0008418560028076172,0.022040486335754395
A1_G,46,bracket_black/test/scratches/002.png,1,abnormal_normal,32x32,8,1016,0.009148964233051135,0.0,0.001961320638656616,0.005559876561164856,0.012223944067955017,0.0304395854473114,0.0,0.10716629028320312
A1_G,46,bracket_black/test/scratches/002.png,1,defect,32x32,8,8,0.01907484605908394,0.001893015205860138,0.009753771126270294,0.014567136764526367,0.030336372554302216,0.04028156250715255,0.0,0.043350547552108765
A1_G,46,bracket_black/test/scratches/002.png,1,clean_defect,32x32,8,0,,,,,,,,
A1_G,46,bracket_black/test/scratches/002.png,1,boundary,32x32,8,8,0.01907484605908394,0.001893015205860138,0.009753771126270294,0.014567136764526367,0.030336372554302216,0.04028156250715255,0.0,0.043350547552108765
A1_G,47,bracket_black/test/scratches/003.png,1,abnormal_normal,32x32,8,1016,0.01176435814246418,0.0004423782229423523,0.002922371029853821,0.007608696818351746,0.01579470932483673,0.03831998258829117,0.0,0.10067218542098999
A1_G,47,bracket_black/test/scratches/003.png,1,defect,32x32,8,8,0.013030968606472015,0.0055787965655326845,0.010293856263160706,0.014176562428474426,0.01584760844707489,0.019183550775051114,0.004858225584030151,0.02087533473968506
A1_G,47,bracket_black/test/scratches/003.png,1,clean_defect,32x32,8,0,,,,,,,,
A1_G,47,bracket_black/test/scratches/003.png,1,boundary,32x32,8,8,0.013030968606472015,0.0055787965655326845,0.010293856263160706,0.014176562428474426,0.01584760844707489,0.019183550775051114,0.004858225584030151,0.02087533473968506
A1_G,48,bracket_black/test/scratches/004.png,1,abnormal_normal,32x32,8,1014,0.01112120791064682,0.0004912272095680237,0.0028893575072288513,0.007365688681602478,0.015604235231876373,0.03467941135168073,0.0,0.08532902598381042
A1_G,48,bracket_black/test/scratches/004.png,1,defect,32x32,8,10,0.021112006902694703,0.007465361058712006,0.010782726109027863,0.02075083553791046,0.029779307544231415,0.037012997269630435,0.007422834634780884,0.03728070855140686
A1_G,48,bracket_black/test/scratches/004.png,1,clean_defect,32x32,8,2,0.025190770626068115,0.02043853998184204,0.022550642490386963,0.025190770626068115,0.027830898761749268,0.02994300127029419,0.01991051435470581,0.03047102689743042
A1_G,48,bracket_black/test/scratches/004.png,1,boundary,32x32,8,8,0.02009231597185135,0.007455910742282868,0.009602218866348267,0.01691526174545288,0.02994956076145172,0.03707248866558075,0.007422834634780884,0.03728070855140686
A1_G,49,bracket_black/test/scratches/005.png,1,abnormal_normal,32x32,8,1015,0.009985677596970732,0.00017129182815551762,0.0025798827409744263,0.0064990222454071045,0.01344268023967743,0.0315921515226364,0.0,0.08232542872428894
A1_G,49,bracket_black/test/scratches/005.png,1,defect,32x32,8,9,0.023138983382119074,0.003726941347122192,0.006174325942993164,0.023003041744232178,0.03543207049369812,0.04864232540130615,0.0028306543827056885,0.054388463497161865
A1_G,49,bracket_black/test/scratches/005.png,1,clean_defect,32x32,8,1,0.04002311825752258,0.04002311825752258,0.04002311825752258,0.04002311825752258,0.04002311825752258,0.04002311825752258,0.04002311825752258,0.04002311825752258
A1_G,49,bracket_black/test/scratches/005.png,1,boundary,32x32,8,8,0.021028466522693634,0.0036149054765701296,0.00589858740568161,0.018712803721427917,0.02903694659471512,0.047753725945949545,0.0028306543827056885,0.054388463497161865
A1_G,50,bracket_black/test/scratches/006.png,1,abnormal_normal,32x32,8,1016,0.010051214114183516,0.0004118680953979492,0.002643764019012451,0.00665012001991272,0.014035776257514954,0.030563950538635254,0.0,0.07760792970657349
A1_G,50,bracket_black/test/scratches/006.png,1,defect,32x32,8,8,0.018779851496219635,0.008962507545948028,0.013143859803676605,0.016677558422088623,0.022714607417583466,0.03266470730304718,0.007802069187164307,0.03511154651641846
A1_G,50,bracket_black/test/scratches/006.png,1,clean_defect,32x32,8,0,,,,,,,,
A1_G,50,bracket_black/test/scratches/006.png,1,boundary,32x32,8,8,0.018779851496219635,0.008962507545948028,0.013143859803676605,0.016677558422088623,0.022714607417583466,0.03266470730304718,0.007802069187164307,0.03511154651641846
A1_G,51,bracket_black/test/scratches/007.png,1,abnormal_normal,32x32,7,1017,0.010603225864140333,0.0002498388290405274,0.002936720848083496,0.007296860218048096,0.014814108610153198,0.031240475177764893,0.0,0.09612870216369629
A1_G,51,bracket_black/test/scratches/007.png,1,defect,32x32,7,7,0.01790068405015128,0.008720529079437257,0.010534971952438354,0.01664748787879944,0.02265360951423645,0.03211366534233093,0.008011102676391602,0.03426903486251831
A1_G,51,bracket_black/test/scratches/007.png,1,clean_defect,32x32,7,0,,,,,,,,
A1_G,51,bracket_black/test/scratches/007.png,1,boundary,32x32,7,7,0.01790068405015128,0.008720529079437257,0.010534971952438354,0.01664748787879944,0.02265360951423645,0.03211366534233093,0.008011102676391602,0.03426903486251831
A1_G,52,bracket_black/test/scratches/008.png,1,abnormal_normal,32x32,6,1017,0.009097355627615074,5.807876586914069e-05,0.0019514858722686768,0.006013154983520508,0.012535572052001953,0.027355468273162813,0.0,0.10100924968719482
A1_G,52,bracket_black/test/scratches/008.png,1,defect,32x32,6,7,0.021675952843257358,0.009201127290725707,0.014178618788719177,0.015705764293670654,0.024236276745796204,0.04482500255107878,0.007355302572250366,0.05184081196784973
A1_G,52,bracket_black/test/scratches/008.png,1,clean_defect,32x32,6,1,0.02845478057861328,0.02845478057861328,0.02845478057861328,0.02845478057861328,0.02845478057861328,0.02845478057861328,0.02845478057861328,0.02845478057861328
A1_G,52,bracket_black/test/scratches/008.png,1,boundary,32x32,6,6,0.02054614822069804,0.008893489837646484,0.013843335211277008,0.015277475118637085,0.018939770758152008,0.04388505220413208,0.007355302572250366,0.05184081196784973
A1_G,53,bracket_black/test/scratches/009.png,1,abnormal_normal,32x32,7,1016,0.009989232998194658,0.0,0.0022112876176834106,0.0070775896310806274,0.01400040090084076,0.0315878689289093,0.0,0.10777369141578674
A1_G,53,bracket_black/test/scratches/009.png,1,defect,32x32,7,8,0.024578556418418884,0.0067092180252075195,0.01134277880191803,0.020837143063545227,0.0318746343255043,0.05215889811515807,0.005794227123260498,0.056360721588134766
A1_G,53,bracket_black/test/scratches/009.png,1,clean_defect,32x32,7,1,0.04435551166534424,0.04435551166534424,0.04435551166534424,0.04435551166534424,0.04435551166534424,0.04435551166534424,0.04435551166534424,0.04435551166534424
A1_G,53,bracket_black/test/scratches/009.png,1,boundary,32x32,7,7,0.02175327709742955,0.006578505039215088,0.010364681482315063,0.015297025442123413,0.027045801281929016,0.047766807675361615,0.005794227123260498,0.056360721588134766
A1_G,54,bracket_black/test/scratches/010.png,1,abnormal_normal,32x32,7,1016,0.012353034822020943,4.155933856964111e-05,0.0026401057839393616,0.008188188076019287,0.017944730818271637,0.03706805408000946,0.0,0.08354786038398743
A1_G,54,bracket_black/test/scratches/010.png,1,defect,32x32,7,8,0.028637614101171494,0.013437582552433014,0.01961534470319748,0.02839888632297516,0.03838721662759781,0.043731348216533655,0.01273009181022644,0.04576250910758972
A1_G,54,bracket_black/test/scratches/010.png,1,clean_defect,32x32,7,1,0.03995919227600098,0.03995919227600098,0.03995919227600098,0.03995919227600098,0.03995919227600098,0.03995919227600098,0.03995919227600098,0.03995919227600098
A1_G,54,bracket_black/test/scratches/010.png,1,boundary,32x32,7,7,0.027020245790481567,0.013336512446403503,0.01799406111240387,0.023546427488327026,0.03555728495121002,0.04339272379875182,0.01273009181022644,0.04576250910758972
A1_G,55,bracket_black/test/scratches/011.png,1,abnormal_normal,32x32,5,1019,0.010837401562279879,0.0001820445060729982,0.002527981996536255,0.007130026817321777,0.015822425484657288,0.03164337277412414,0.0,0.09971451759338379
A1_G,55,bracket_black/test/scratches/011.png,1,defect,32x32,5,5,0.03991319537162781,0.03043704032897949,0.03297078609466553,0.034764111042022705,0.04943615198135376,0.051960289478302,0.029803603887557983,0.05259132385253906
A1_G,55,bracket_black/test/scratches/011.png,1,clean_defect,32x32,5,0,,,,,,,,
A1_G,55,bracket_black/test/scratches/011.png,1,boundary,32x32,5,5,0.03991319537162781,0.03043704032897949,0.03297078609466553,0.034764111042022705,0.04943615198135376,0.051960289478302,0.029803603887557983,0.05259132385253906
A1_G,56,bracket_black/test/scratches/012.png,1,abnormal_normal,32x32,5,1019,0.011344414756389315,0.0,0.0024552643299102783,0.0075674355030059814,0.01574893295764923,0.03522452116012573,0.0,0.08603501319885254
A1_G,56,bracket_black/test/scratches/012.png,1,defect,32x32,5,5,0.027595627307891845,0.01934877038002014,0.02188900113105774,0.02797168493270874,0.02816331386566162,0.03862500190734863,0.018713712692260742,0.041240423917770386
A1_G,56,bracket_black/test/scratches/012.png,1,clean_defect,32x32,5,0,,,,,,,,
A1_G,56,bracket_black/test/scratches/012.png,1,boundary,32x32,5,5,0.027595627307891845,0.01934877038002014,0.02188900113105774,0.02797168493270874,0.02816331386566162,0.03862500190734863,0.018713712692260742,0.041240423917770386
A1_G,57,bracket_black/test/scratches/013.png,1,abnormal_normal,32x32,5,1019,0.011153790006693727,0.00026786327362060563,0.00252455472946167,0.0067799389362335205,0.015276625752449036,0.03655592203140258,0.0,0.08043056726455688
A1_G,57,bracket_black/test/scratches/013.png,1,defect,32x32,5,5,0.030944013595581056,0.01376028060913086,0.019069671630859375,0.02701634168624878,0.03611913323402405,0.055289417505264275,0.01243293285369873,0.06008198857307434
A1_G,57,bracket_black/test/scratches/013.png,1,clean_defect,32x32,5,0,,,,,,,,
A1_G,57,bracket_black/test/scratches/013.png,1,boundary,32x32,5,5,0.030944013595581056,0.01376028060913086,0.019069671630859375,0.02701634168624878,0.03611913323402405,0.055289417505264275,0.01243293285369873,0.06008198857307434
A1_G,58,bracket_black/test/scratches/014.png,1,abnormal_normal,32x32,7,1015,0.009417200411481811,0.0,0.0016955584287643433,0.0057489871978759766,0.01336851716041565,0.029525768756866452,0.0,0.09262910485267639
A1_G,58,bracket_black/test/scratches/014.png,1,defect,32x32,7,9,0.00922601752811008,0.0006314873695373535,0.00251924991607666,0.006446868181228638,0.01537284255027771,0.023387712240219113,0.0,0.02849164605140686
A1_G,58,bracket_black/test/scratches/014.png,1,clean_defect,32x32,7,2,0.01424582302570343,0.001424582302570343,0.007122911512851715,0.01424582302570343,0.021368734538555145,0.027067063748836516,0.0,0.02849164605140686
A1_G,58,bracket_black/test/scratches/014.png,1,boundary,32x32,7,7,0.007791787385940552,0.0018608778715133666,0.0033265799283981323,0.006446868181228638,0.012065976858139038,0.015624120831489563,0.0015787184238433838,0.0157318115234375
A1_G,59,bracket_black/test/scratches/015.png,1,abnormal_normal,32x32,6,1017,0.007842344813407816,0.0,0.0010148882865905762,0.004137128591537476,0.010870188474655151,0.02908610701560974,0.0,0.10123690962791443
A1_G,59,bracket_black/test/scratches/015.png,1,defect,32x32,6,7,0.017629614898136685,0.0,0.00021860003471374512,0.009396791458129883,0.03091377019882202,0.05010544955730438,0.0,0.05174577236175537
A1_G,59,bracket_black/test/scratches/015.png,1,clean_defect,32x32,6,1,0.046278029680252075,0.046278029680252075,0.046278029680252075,0.046278029680252075,0.046278029680252075,0.046278029680252075,0.046278029680252075,0.046278029680252075
A1_G,59,bracket_black/test/scratches/015.png,1,boundary,32x32,6,6,0.012854879101117453,0.0,0.00010930001735687256,0.0049169957637786865,0.014011330902576447,0.04269670695066452,0.0,0.05174577236175537
A1_G,60,bracket_black/test/scratches/016.png,1,abnormal_normal,32x32,6,1017,0.008905564554790246,0.0,0.0016693472862243652,0.005410373210906982,0.012381672859191895,0.028697586059570287,0.0,0.07722640037536621
A1_G,60,bracket_black/test/scratches/016.png,1,defect,32x32,6,7,0.016319428171430315,0.0009279072284698487,0.0032142847776412964,0.014337807893753052,0.02961328625679016,0.03299769163131714,0.0006702542304992676,0.03357279300689697
A1_G,60,bracket_black/test/scratches/016.png,1,clean_defect,32x32,6,1,0.03165578842163086,0.03165578842163086,0.03165578842163086,0.03165578842163086,0.03165578842163086,0.03165578842163086,0.03165578842163086,0.03165578842163086
A1_G,60,bracket_black/test/scratches/016.png,1,boundary,32x32,6,6,0.013763368129730225,0.0008849650621414185,0.0023716911673545837,0.009618639945983887,0.02426254004240036,0.032072290778160095,0.0006702542304992676,0.03357279300689697
A1_G,61,bracket_black/test/scratches/017.png,1,abnormal_normal,32x32,5,1017,0.009394844021417399,0.0,0.0018738210201263428,0.005860656499862671,0.012871026992797852,0.03163143396377561,0.0,0.08420398831367493
A1_G,61,bracket_black/test/scratches/017.png,1,defect,32x32,5,7,0.023887830121176585,0.007892066240310669,0.011018887162208557,0.019914567470550537,0.03487032651901245,0.046576240658760065,0.007811456918716431,0.0477103590965271
A1_G,61,bracket_black/test/scratches/017.png,1,clean_defect,32x32,5,2,0.027895256876945496,0.010061664879322052,0.017987705767154694,0.027895256876945496,0.0378028079867363,0.04572884887456894,0.008080154657363892,0.0477103590965271
A1_G,61,bracket_black/test/scratches/017.png,1,boundary,32x32,5,5,0.02228485941886902,0.00904068946838379,0.013957619667053223,0.019914567470550537,0.025810688734054565,0.04030610918998718,0.007811456918716431,0.04392996430397034
A1_G,62,bracket_black/test/scratches/018.png,1,abnormal_normal,32x32,7,1016,0.009531142498095205,0.0,0.0019649118185043335,0.005783289670944214,0.013428926467895508,0.03057723492383957,0.0,0.06874147057533264
A1_G,62,bracket_black/test/scratches/018.png,1,defect,32x32,7,8,0.020404327660799026,0.008159153163433075,0.011104859411716461,0.02203845977783203,0.027951687574386597,0.03225430250167846,0.00785285234451294,0.03370910882949829
A1_G,62,bracket_black/test/scratches/018.png,1,clean_defect,32x32,7,1,0.011897146701812744,0.011897146701812744,0.011897146701812744,0.011897146701812744,0.011897146701812744,0.011897146701812744,0.011897146701812744,0.011897146701812744
A1_G,62,bracket_black/test/scratches/018.png,1,boundary,32x32,7,7,0.021619639226368496,0.008115395903587341,0.014503911137580872,0.02379709482192993,0.02848529815673828,0.032462131977081296,0.00785285234451294,0.03370910882949829
A1_G,63,bracket_black/test/scratches/019.png,1,abnormal_normal,32x32,4,1019,0.009575079303962326,0.0,0.0019327253103256226,0.005656927824020386,0.012787461280822754,0.03264726400375363,0.0,0.10647258162498474
A1_G,63,bracket_black/test/scratches/019.png,1,defect,32x32,4,5,0.023586863279342653,0.018116569519042967,0.019115567207336426,0.02350032329559326,0.02531445026397705,0.03077261447906494,0.017866820096969604,0.032137155532836914
A1_G,63,bracket_black/test/scratches/019.png,1,clean_defect,32x32,4,1,0.017866820096969604,0.017866820096969604,0.017866820096969604,0.017866820096969604,0.017866820096969604,0.017866820096969604,0.017866820096969604,0.017866820096969604
A1_G,63,bracket_black/test/scratches/019.png,1,boundary,32x32,4,4,0.025016874074935913,0.01977328062057495,0.022404134273529053,0.024407386779785156,0.027020126581192017,0.031113749742507933,0.019115567207336426,0.032137155532836914
A1_G,64,bracket_black/test/scratches/020.png,1,abnormal_normal,32x32,4,1019,0.009349899975193612,0.0,0.002130851149559021,0.005776554346084595,0.012919604778289795,0.031452524662017776,0.0,0.10327094793319702
A1_G,64,bracket_black/test/scratches/020.png,1,defect,32x32,4,5,0.04153995513916016,0.027841860055923463,0.030710846185684204,0.040743619203567505,0.045493900775909424,0.06000021696090698,0.027124613523483276,0.06362679600715637
A1_G,64,bracket_black/test/scratches/020.png,1,clean_defect,32x32,4,1,0.027124613523483276,0.027124613523483276,0.027124613523483276,0.027124613523483276,0.027124613523483276,0.027124613523483276,0.027124613523483276,0.027124613523483276
A1_G,64,bracket_black/test/scratches/020.png,1,boundary,32x32,4,4,0.045143790543079376,0.0322157621383667,0.03823542594909668,0.043118759989738464,0.05002712458372116,0.06090686172246933,0.030710846185684204,0.06362679600715637
A1_G,65,bracket_black/test/scratches/021.png,1,abnormal_normal,32x32,6,1017,0.009217431030676662,0.0,0.001737445592880249,0.005586206912994385,0.012572109699249268,0.029758435487747193,0.0,0.08537974953651428
A1_G,65,bracket_black/test/scratches/021.png,1,defect,32x32,6,7,0.029569251196725026,0.0065588831901550295,0.009825602173805237,0.015047013759613037,0.04157383739948273,0.07516598105430601,0.006332755088806152,0.08280611038208008
A1_G,65,bracket_black/test/scratches/021.png,1,clean_defect,32x32,6,1,0.025808662176132202,0.025808662176132202,0.025808662176132202,0.025808662176132202,0.025808662176132202,0.025808662176132202,0.025808662176132202,0.025808662176132202
A1_G,65,bracket_black/test/scratches/021.png,1,boundary,32x32,6,6,0.030196016033490498,0.00652119517326355,0.00845605880022049,0.013805851340293884,0.0467660129070282,0.07643933594226837,0.006332755088806152,0.08280611038208008
A1_G,66,bracket_black/test/scratches/022.png,1,abnormal_normal,32x32,4,1018,0.009286573248199958,0.0,0.0018323883414268494,0.0054456740617752075,0.01268574595451355,0.03109446614980697,0.0,0.07321012020111084
A1_G,66,bracket_black/test/scratches/022.png,1,defect,32x32,4,6,0.02219138542811076,0.002605713903903961,0.005513966083526611,0.018666476011276245,0.03514930605888367,0.048369117081165314,0.0016420185565948486,0.05239996314048767
A1_G,66,bracket_black/test/scratches/022.png,1,clean_defect,32x32,4,2,0.016704753041267395,0.003148292005062103,0.009173385798931122,0.016704753041267395,0.024236120283603668,0.030261214077472686,0.0016420185565948486,0.03176748752593994
A1_G,66,bracket_black/test/scratches/022.png,1,boundary,32x32,4,4,0.02493470162153244,0.0055070996284484865,0.005548298358917236,0.020921021699905396,0.0403074249625206,0.04998145550489425,0.005496799945831299,0.05239996314048767
A1_G,67,bracket_black/test/scratches/023.png,1,abnormal_normal,32x32,5,1019,0.009219802309182254,0.0,0.001642078161239624,0.0051975250244140625,0.012795910239219666,0.03257700204849242,0.0,0.07882428169250488
A1_G,67,bracket_black/test/scratches/023.png,1,defect,32x32,5,5,0.010536289215087891,0.0,0.0,0.003692924976348877,0.004993855953216553,0.03619450330734252,0.0,0.04399466514587402
A1_G,67,bracket_black/test/scratches/023.png,1,clean_defect,32x32,5,0,,,,,,,,
A1_G,67,bracket_black/test/scratches/023.png,1,boundary,32x32,5,5,0.010536289215087891,0.0,0.0,0.003692924976348877,0.004993855953216553,0.03619450330734252,0.0,0.04399466514587402
A1_G,68,bracket_black/test/scratches/024.png,1,abnormal_normal,32x32,5,1018,0.008434921854371407,0.0,0.0017923340201377869,0.00527617335319519,0.011816918849945068,0.02793745398521423,0.0,0.06400874257087708
A1_G,68,bracket_black/test/scratches/024.png,1,defect,32x32,5,6,0.011545692880948385,0.00047757476568222046,0.0030203834176063538,0.00827115774154663,0.011231750249862671,0.03232693672180176,0.0,0.039243102073669434
A1_G,68,bracket_black/test/scratches/024.png,1,clean_defect,32x32,5,1,0.0,0.0,0.0,0.0,0.0,0.0,0.0,0.0
A1_G,68,bracket_black/test/scratches/024.png,1,boundary,32x32,5,5,0.013854831457138062,0.0027983665466308595,0.0063506364822387695,0.010191679000854492,0.01157844066619873,0.03371016979217529,0.0019102990627288818,0.039243102073669434
A1_G,69,bracket_black/test/scratches/025.png,1,abnormal_normal,32x32,5,1018,0.009179236261221656,0.0,0.002235822379589081,0.006030544638633728,0.01262006163597107,0.029520080983638747,0.0,0.07876232266426086
A1_G,69,bracket_black/test/scratches/025.png,1,defect,32x32,5,6,0.014714807271957397,0.0023290514945983887,0.009490519762039185,0.01137763261795044,0.02199573814868927,0.029622837901115417,0.0,0.03113698959350586
A1_G,69,bracket_black/test/scratches/025.png,1,clean_defect,32x32,5,1,0.025080382823944092,0.025080382823944092,0.025080382823944092,0.025080382823944092,0.025080382823944092,0.025080382823944092,0.025080382823944092,0.025080382823944092
A1_G,69,bracket_black/test/scratches/025.png,1,boundary,32x32,5,5,0.012641692161560058,0.001863241195678711,0.009316205978393555,0.010013461112976074,0.012741804122924805,0.027457952499389645,0.0,0.03113698959350586
A1_G,70,bracket_black/test/scratches/026.png,1,abnormal_normal,32x32,4,1019,0.009215001620067113,3.693699836730957e-05,0.0020095258951187134,0.006102919578552246,0.012447580695152283,0.03008444309234614,0.0,0.09347617626190186
A1_G,70,bracket_black/test/scratches/026.png,1,defect,32x32,4,5,0.008052313327789306,0.0006081700325012208,0.0019460320472717285,0.0046280622482299805,0.015007495880126953,0.01772651672363281,0.00027370452880859375,0.018406271934509277
A1_G,70,bracket_black/test/scratches/026.png,1,clean_defect,32x32,4,1,0.00027370452880859375,0.00027370452880859375,0.00027370452880859375,0.00027370452880859375,0.00027370452880859375,0.00027370452880859375,0.00027370452880859375,0.00027370452880859375
A1_G,70,bracket_black/test/scratches/026.png,1,boundary,32x32,4,4,0.009996965527534485,0.0023483365774154665,0.0039575546979904175,0.009817779064178467,0.015857189893722534,0.017896455526351926,0.0019460320472717285,0.018406271934509277
A1_G,71,bracket_black/test/scratches/027.png,1,abnormal_normal,32x32,4,1019,0.009470006229833017,0.0,0.0018442720174789429,0.006206631660461426,0.01334257423877716,0.030421957373619024,0.0,0.09016135334968567
A1_G,71,bracket_black/test/scratches/027.png,1,defect,32x32,4,5,0.009699583053588867,0.0016977727413177491,0.008488863706588745,0.008665591478347778,0.011178314685821533,0.018367779254913327,0.0,0.02016514539718628
A1_G,71,bracket_black/test/scratches/027.png,1,clean_defect,32x32,4,1,0.0,0.0,0.0,0.0,0.0,0.0,0.0,0.0
A1_G,71,bracket_black/test/scratches/027.png,1,boundary,32x32,4,4,0.012124478816986084,0.0085153728723526,0.00862140953540802,0.009921953082084656,0.01342502236366272,0.018817120790481565,0.008488863706588745,0.02016514539718628
A1_G,72,bracket_black/test/scratches/028.png,1,abnormal_normal,32x32,4,1019,0.010153724324831902,0.00024329423904418946,0.002202063798904419,0.006327718496322632,0.013223975896835327,0.03471456170082088,0.0,0.0851593017578125
A1_G,72,bracket_black/test/scratches/028.png,1,defect,32x32,4,5,0.012764030694961548,0.0019317209720611573,0.009658604860305786,0.010074466466903687,0.019379109144210815,0.023642200231552123,0.0,0.02470797300338745
A1_G,72,bracket_black/test/scratches/028.png,1,clean_defect,32x32,4,1,0.0,0.0,0.0,0.0,0.0,0.0,0.0,0.0
A1_G,72,bracket_black/test/scratches/028.png,1,boundary,32x32,4,4,0.015955038368701935,0.00972098410129547,0.009970501065254211,0.014726787805557251,0.020711325109004974,0.023908643424510954,0.009658604860305786,0.02470797300338745
A1_G,73,bracket_black/test/scratches/029.png,1,abnormal_normal,32x32,6,1018,0.01063535358090766,0.0002887487411499024,0.0024540796875953674,0.006998375058174133,0.014059394598007202,0.03309010714292526,0.0,0.12134090065956116
A1_G,73,bracket_black/test/scratches/029.png,1,defect,32x32,6,6,0.02169455587863922,0.012215152382850647,0.014093548059463501,0.02009361982345581,0.02367132157087326,0.03679121285676956,0.012208938598632812,0.04081374406814575
A1_G,73,bracket_black/test/scratches/029.png,1,clean_defect,32x32,6,0,,,,,,,,
A1_G,73,bracket_black/test/scratches/029.png,1,boundary,32x32,6,6,0.02169455587863922,0.012215152382850647,0.014093548059463501,0.02009361982345581,0.02367132157087326,0.03679121285676956,0.012208938598632812,0.04081374406814575
A1_G,74,bracket_black/test/scratches/030.png,1,abnormal_normal,32x32,6,1018,0.011887433193989962,0.00033297985792160036,0.002530701458454132,0.008071333169937134,0.015909798443317413,0.03622628450393676,0.0,0.15154194831848145
A1_G,74,bracket_black/test/scratches/030.png,1,defect,32x32,6,6,0.03501256803671519,0.023201368749141693,0.028379619121551514,0.030133754014968872,0.0405610129237175,0.05323871970176697,0.021523505449295044,0.05645272135734558
A1_G,74,bracket_black/test/scratches/030.png,1,clean_defect,32x32,6,0,,,,,,,,
A1_G,74,bracket_black/test/scratches/030.png,1,boundary,32x32,6,6,0.03501256803671519,0.023201368749141693,0.028379619121551514,0.030133754014968872,0.0405610129237175,0.05323871970176697,0.021523505449295044,0.05645272135734558
A1_G,75,bracket_black/test/scratches/031.png,1,abnormal_normal,32x32,6,1018,0.009358029819893228,0.0,0.0018311887979507446,0.005535319447517395,0.012842588126659393,0.032539798319339744,0.0,0.06796792149543762
A1_G,75,bracket_black/test/scratches/031.png,1,defect,32x32,6,6,0.015453308820724487,0.003127053380012512,0.012986622750759125,0.01577727496623993,0.021972298622131348,0.024700067937374115,0.0001342296600341797,0.024937361478805542
A1_G,75,bracket_black/test/scratches/031.png,1,clean_defect,32x32,6,0,,,,,,,,
A1_G,75,bracket_black/test/scratches/031.png,1,boundary,32x32,6,6,0.015453308820724487,0.003127053380012512,0.012986622750759125,0.01577727496623993,0.021972298622131348,0.024700067937374115,0.0001342296600341797,0.024937361478805542
A1_G,76,bracket_black/test/scratches/032.png,1,abnormal_normal,32x32,3,1019,0.009059879157447253,0.0,0.0017339885234832764,0.005713373422622681,0.01244567334651947,0.03205604553222653,0.0,0.07323914766311646
A1_G,76,bracket_black/test/scratches/032.png,1,defect,32x32,3,5,0.022479140758514406,0.002739059925079346,0.010756194591522217,0.02655622363090515,0.029720187187194824,0.041646695137023924,0.0007347762584686279,0.0446283221244812
A1_G,76,bracket_black/test/scratches/032.png,1,clean_defect,32x32,3,2,0.035592272877693176,0.027459828555583952,0.031074248254299164,0.035592272877693176,0.04011029750108719,0.0437247171998024,0.02655622363090515,0.0446283221244812
A1_G,76,bracket_black/test/scratches/032.png,1,boundary,32x32,3,3,0.01373705267906189,0.001736918091773987,0.005745485424995422,0.010756194591522217,0.02023819088935852,0.02782378792762756,0.0007347762584686279,0.029720187187194824
A1_G,77,bracket_black/test/scratches/033.png,1,abnormal_normal,32x32,6,1018,0.012678755933971442,0.0003196358680725098,0.0027702897787094116,0.00751301646232605,0.01738721877336502,0.04071761518716812,0.0,0.14446091651916504
A1_G,77,bracket_black/test/scratches/033.png,1,defect,32x32,6,6,0.02615072826544444,0.0,0.006135955452919006,0.026994407176971436,0.03646489232778549,0.05778423696756363,0.0,0.06411069631576538
A1_G,77,bracket_black/test/scratches/033.png,1,clean_defect,32x32,6,0,,,,,,,,
A1_G,77,bracket_black/test/scratches/033.png,1,boundary,32x32,6,6,0.02615072826544444,0.0,0.006135955452919006,0.026994407176971436,0.03646489232778549,0.05778423696756363,0.0,0.06411069631576538
A1_G,78,bracket_black/test/scratches/034.png,1,abnormal_normal,32x32,7,1017,0.011378465441944794,0.00023984909057617188,0.0025239884853363037,0.006907373666763306,0.015273690223693848,0.037243390083312976,0.0,0.0846925675868988
A1_G,78,bracket_black/test/scratches/034.png,1,defect,32x32,7,7,0.04218238592147827,0.015509462356567385,0.030240103602409363,0.04460456967353821,0.05450877547264099,0.06761908829212188,0.01004648208618164,0.07112789154052734
A1_G,78,bracket_black/test/scratches/034.png,1,clean_defect,32x32,7,0,,,,,,,,
A1_G,78,bracket_black/test/scratches/034.png,1,boundary,32x32,7,7,0.04218238592147827,0.015509462356567385,0.030240103602409363,0.04460456967353821,0.05450877547264099,0.06761908829212188,0.01004648208618164,0.07112789154052734
DUP_G,0,bracket_black/test/good/000.png,0,normal_image,32x32,0,1024,0.007594250640977407,0.0,0.0012721798848360777,0.004434820264577866,0.010186421684920788,0.025470245629548992,0.0,0.13250626623630524
DUP_G,1,bracket_black/test/good/001.png,0,normal_image,32x32,0,1024,0.007078680213908228,0.0,0.0003501772880554199,0.003222396597266197,0.009844178333878517,0.0268543779850006,0.0,0.07526534795761108
DUP_G,2,bracket_black/test/good/002.png,0,normal_image,32x32,0,1024,0.0068068221821704356,0.0,0.0007297752890735865,0.0032931258901953697,0.00927345734089613,0.025925835967063875,0.0,0.07367552071809769
DUP_G,3,bracket_black/test/good/003.png,0,normal_image,32x32,0,1024,0.0066747765854415775,0.0,0.0,0.0022995490580797195,0.008930991403758526,0.028945865109562853,0.0,0.07232829928398132
DUP_G,4,bracket_black/test/good/004.png,0,normal_image,32x32,0,1024,0.006025423941991903,0.0,0.0,0.001888880506157875,0.008841458708047867,0.024944163672625995,0.0,0.0669507160782814
DUP_G,5,bracket_black/test/good/005.png,0,normal_image,32x32,0,1024,0.006451756355090765,0.0,0.00024219416081905365,0.002749484032392502,0.008289286866784096,0.025959736667573445,0.0,0.06582681089639664
DUP_G,6,bracket_black/test/good/006.png,0,normal_image,32x32,0,1024,0.008368339283606474,0.0,0.0011139782145619392,0.0045969802886247635,0.011391432955861092,0.03032599240541458,0.0,0.12514495849609375
DUP_G,7,bracket_black/test/good/007.png,0,normal_image,32x32,0,1024,0.0111418657129434,0.00024049049243330957,0.0023584896698594093,0.006747791543602943,0.015100937336683273,0.038721764460206004,0.0,0.10002971440553665
DUP_G,8,bracket_black/test/good/008.png,0,normal_image,32x32,0,1024,0.008356218881999666,0.0,0.0018942449241876602,0.005108874291181564,0.011426584795117378,0.02730999439954757,0.0,0.07049417495727539
DUP_G,9,bracket_black/test/good/009.png,0,normal_image,32x32,0,1024,0.007942318920868274,3.54120507836343e-05,0.0015873652882874012,0.004451911896467209,0.010245469398796558,0.02891962938010689,0.0,0.0792568176984787
DUP_G,10,bracket_black/test/good/010.png,0,normal_image,32x32,0,1024,0.008685425390922319,0.0,0.0015177782624959946,0.0049222614616155624,0.01175083126872778,0.028875885158777193,0.0,0.08842772245407104
DUP_G,11,bracket_black/test/good/011.png,0,normal_image,32x32,0,1024,0.009471450951423321,0.00029884893447160735,0.0022385399788618088,0.0059715621173381805,0.012844682671129704,0.030116824805736537,0.0,0.07802027463912964
DUP_G,12,bracket_black/test/good/012.png,0,normal_image,32x32,0,1024,0.009444778837860213,3.559887409210214e-05,0.0020763929933309555,0.006060253828763962,0.012752232141792774,0.030520995706319807,0.0,0.07364669442176819
DUP_G,13,bracket_black/test/good/013.png,0,normal_image,32x32,0,1024,0.011310497540307551,0.0005333054810762406,0.0025536157190799713,0.0072376299649477005,0.016028892248868942,0.03551617003977298,0.0,0.08134111762046814
DUP_G,14,bracket_black/test/good/014.png,0,normal_image,32x32,0,1024,0.008096599520285963,7.138848304748538e-05,0.0020161261782050133,0.005321364849805832,0.011180747300386429,0.02593061178922649,0.0,0.05748244374990463
DUP_G,15,bracket_black/test/good/015.png,0,normal_image,32x32,0,1024,0.007825942993804347,0.00022539161145687105,0.0018745940178632736,0.005126293748617172,0.010642722249031067,0.0238835286349058,0.0,0.0747404545545578
DUP_G,16,bracket_black/test/good/016.png,0,normal_image,32x32,0,1024,0.008144678220560309,0.00020207557827234276,0.0017885854467749596,0.005401702597737312,0.011490740813314915,0.025239592790603633,0.0,0.06576510518789291
DUP_G,17,bracket_black/test/good/017.png,0,normal_image,32x32,0,1024,0.010182539624111087,0.0004855951294302942,0.0026525016874074936,0.0064805541187524796,0.014172444120049477,0.03123492300510403,0.0,0.07122534513473511
DUP_G,18,bracket_black/test/good/018.png,0,normal_image,32x32,0,1024,0.007434394936353783,0.0,0.0014214087277650833,0.004009664058685303,0.009544122964143753,0.026320704165846105,0.0,0.07944226264953613
DUP_G,19,bracket_black/test/good/019.png,0,normal_image,32x32,0,1024,0.009212192037466593,0.00037574972957372683,0.0021786997094750404,0.005529820919036865,0.01253819651901722,0.030069792643189385,0.0,0.07913903892040253
DUP_G,20,bracket_black/test/good/020.png,0,normal_image,32x32,0,1024,0.009627274050671986,5.11940568685532e-05,0.0023473615292459726,0.006013650447130203,0.013257023878395557,0.033251933008432294,0.0,0.06801401078701019
DUP_G,21,bracket_black/test/good/021.png,0,normal_image,32x32,0,1024,0.009265208216220344,0.00013087224215269094,0.00186925008893013,0.005980413407087326,0.012628394179046154,0.030070544034242627,0.0,0.06368653476238251
DUP_G,22,bracket_black/test/good/022.png,0,normal_image,32x32,0,1024,0.010209966196725873,0.0005021592602133751,0.0025818394497036934,0.007028721272945404,0.013980934396386147,0.030776912346482277,0.0,0.07795067131519318
DUP_G,23,bracket_black/test/good/023.png,0,normal_image,32x32,0,1024,0.008550977413051442,0.00012112930417060854,0.002138453535735607,0.005322776734828949,0.011343690566718578,0.0277859944850206,0.0,0.06143486499786377
DUP_G,24,bracket_black/test/good/024.png,0,normal_image,32x32,0,1024,0.008929044650358264,0.0,0.0016525276005268097,0.005136478692293167,0.012451542541384697,0.030226198956370354,0.0,0.07565264403820038
DUP_G,25,bracket_black/test/good/025.png,0,normal_image,32x32,0,1024,0.01079489068069961,0.00019791387021541608,0.0024953968822956085,0.007077684625983238,0.014742676168680191,0.03426545187830922,0.0,0.09074470400810242
DUP_G,26,bracket_black/test/good/026.png,0,normal_image,32x32,0,1024,0.00947150821230025,0.00010009836405515672,0.0020669596269726753,0.006002593785524368,0.013525322079658508,0.030679541639983644,0.0,0.0672171488404274
DUP_G,27,bracket_black/test/good/027.png,0,normal_image,32x32,0,1024,0.009010206175389612,0.0001140337437391282,0.0019544726237654686,0.005404461175203323,0.012117519974708557,0.03013172596693038,0.0,0.07497870922088623
DUP_G,28,bracket_black/test/good/028.png,0,normal_image,32x32,0,1024,0.010051224328890385,0.0005086205899715423,0.002615104429423809,0.006625792011618614,0.014159087091684341,0.03044202774763104,0.0,0.08627720177173615
DUP_G,29,bracket_black/test/good/029.png,0,normal_image,32x32,0,1024,0.007763577920741227,0.0,0.0015994217246770859,0.004461527802050114,0.010454933159053326,0.025599595531821243,0.0,0.06932920217514038
DUP_G,30,bracket_black/test/good/030.png,0,normal_image,32x32,0,1024,0.00900333043819046,0.00029457081109285365,0.0023583052679896355,0.006187736988067627,0.012150352820754051,0.027748413756489735,0.0,0.09075140953063965
DUP_G,31,bracket_black/test/good/031.png,0,normal_image,32x32,0,1024,0.008410671319779794,0.0,0.0016685742884874344,0.0051585957407951355,0.011200063861906528,0.028071548417210563,0.0,0.09039852768182755
DUP_G,32,bracket_black/test/hole/000.png,1,abnormal_normal,32x32,6,1017,0.008142405982617373,0.00019709691405296335,0.0018726587295532227,0.0051664914935827255,0.01108163595199585,0.02650519311428068,0.0,0.05863403528928757
DUP_G,32,bracket_black/test/hole/000.png,1,defect,32x32,6,7,0.008554053093705858,0.003640424460172653,0.0050183311104774475,0.0064598917961120605,0.008961759507656097,0.018621259927749625,0.003372393548488617,0.022085905075073242
DUP_G,32,bracket_black/test/hole/000.png,1,clean_defect,32x32,6,1,0.003372393548488617,0.003372393548488617,0.003372393548488617,0.003372393548488617,0.003372393548488617,0.003372393548488617,0.003372393548488617,0.003372393548488617
DUP_G,32,bracket_black/test/hole/000.png,1,boundary,32x32,6,6,0.009417663017908732,0.004642080515623093,0.005943097174167633,0.006923161447048187,0.00974942371249199,0.019198700785636902,0.004265829920768738,0.022085905075073242
DUP_G,33,bracket_black/test/hole/001.png,1,abnormal_normal,32x32,5,1018,0.007387024519255125,0.00017347969114780428,0.001617133617401123,0.004784863442182541,0.010454533621668816,0.023619850724935526,0.0,0.044299736618995667
DUP_G,33,bracket_black/test/hole/001.png,1,defect,32x32,5,6,0.007160196701685588,0.0022605396807193756,0.004022181034088135,0.005583219230175018,0.0066993348300457,0.016298912465572357,0.0017563551664352417,0.01946517825126648
DUP_G,33,bracket_black/test/hole/001.png,1,clean_defect,32x32,5,1,0.0037730932235717773,0.0037730932235717773,0.0037730932235717773,0.0037730932235717773,0.0037730932235717773,0.0037730932235717773,0.0037730932235717773,0.0037730932235717773
DUP_G,33,bracket_black/test/hole/001.png,1,boundary,32x32,5,5,0.00783761739730835,0.0023589730262756348,0.004769444465637207,0.00639699399471283,0.00680011510848999,0.01693216562271118,0.0017563551664352417,0.01946517825126648
DUP_G,34,bracket_black/test/hole/002.png,1,abnormal_normal,32x32,6,1017,0.007679836864371655,0.00013272650539875036,0.0017804354429244995,0.005278229713439941,0.010482016950845718,0.023610380291938775,0.0,0.05525898188352585
DUP_G,34,bracket_black/test/hole/002.png,1,defect,32x32,6,7,0.009403822677476066,0.0022603124380111694,0.005530662834644318,0.008417338132858276,0.01006530225276947,0.02116846740245818,0.0008902847766876221,0.025327205657958984
DUP_G,34,bracket_black/test/hole/002.png,1,clean_defect,32x32,6,1,0.005604282021522522,0.005604282021522522,0.005604282021522522,0.005604282021522522,0.005604282021522522,0.005604282021522522,0.005604282021522522,0.005604282021522522
DUP_G,34,bracket_black/test/hole/002.png,1,boundary,32x32,6,6,0.010037079453468323,0.002031974494457245,0.006197117269039154,0.008541598916053772,0.010765023529529572,0.021861590445041656,0.0008902847766876221,0.025327205657958984
DUP_G,35,bracket_black/test/hole/003.png,1,abnormal_normal,32x32,6,1018,0.00931557392370329,0.00028874613344669346,0.002232101745903492,0.0060497913509607315,0.0133934635668993,0.03006875179708004,0.0,0.056787118315696716
DUP_G,35,bracket_black/test/hole/003.png,1,defect,32x32,6,6,0.01499179502328237,0.003357909619808197,0.005448833107948303,0.012201070785522461,0.02131040021777153,0.0320310965180397,0.003102138638496399,0.034901559352874756
DUP_G,35,bracket_black/test/hole/003.png,1,clean_defect,32x32,6,0,,,,,,,,
DUP_G,35,bracket_black/test/hole/003.png,1,boundary,32x32,6,6,0.01499179502328237,0.003357909619808197,0.005448833107948303,0.012201070785522461,0.02131040021777153,0.0320310965180397,0.003102138638496399,0.034901559352874756
DUP_G,36,bracket_black/test/hole/004.png,1,abnormal_normal,32x32,2,1022,0.009192942995249993,0.000342855602502823,0.0023126592859625816,0.006458830088376999,0.012620769441127777,0.028683365508913976,0.0,0.06392260640859604
DUP_G,36,bracket_black/test/hole/004.png,1,defect,32x32,2,2,0.013319186866283417,0.009321723133325577,0.011098373681306839,0.013319186866283417,0.015540000051259995,0.017316650599241257,0.008877560496330261,0.017760813236236572
DUP_G,36,bracket_black/test/hole/004.png,1,clean_defect,32x32,2,0,,,,,,,,
DUP_G,36,bracket_black/test/hole/004.png,1,boundary,32x32,2,2,0.013319186866283417,0.009321723133325577,0.011098373681306839,0.013319186866283417,0.015540000051259995,0.017316650599241257,0.008877560496330261,0.017760813236236572
DUP_G,37,bracket_black/test/hole/005.png,1,abnormal_normal,32x32,5,1018,0.007971585687974464,0.00026883222162723543,0.001999814063310623,0.005410395562648773,0.011422477662563324,0.024547568708658218,0.0,0.06661832332611084
DUP_G,37,bracket_black/test/hole/005.png,1,defect,32x32,5,6,0.008311890065670013,0.0030913129448890686,0.005857937037944794,0.007436215877532959,0.01001260057091713,0.015056248754262924,0.002257406711578369,0.016538262367248535
DUP_G,37,bracket_black/test/hole/005.png,1,clean_defect,32x32,5,1,0.010610207915306091,0.010610207915306091,0.010610207915306091,0.010610207915306091,0.010610207915306091,0.010610207915306091,0.010610207915306091,0.010610207915306091
DUP_G,37,bracket_black/test/hole/005.png,1,boundary,32x32,5,5,0.007852226495742798,0.0029245316982269287,0.005593031644821167,0.006652653217315674,0.008219778537750244,0.014874565601348876,0.002257406711578369,0.016538262367248535
DUP_G,38,bracket_black/test/hole/006.png,1,abnormal_normal,32x32,3,1020,0.008420442036517402,0.0002483198419213295,0.0020329151302576065,0.005366925150156021,0.01143490057438612,0.0269878927618265,0.0,0.07031198590993881
DUP_G,38,bracket_black/test/hole/006.png,1,defect,32x32,3,4,0.012995563447475433,0.0021781235933303836,0.010890617966651917,0.014783412218093872,0.01688835769891739,0.021310015022754668,0.0,0.02241542935371399
DUP_G,38,bracket_black/test/hole/006.png,1,clean_defect,32x32,3,1,0.02241542935371399,0.02241542935371399,0.02241542935371399,0.02241542935371399,0.02241542935371399,0.02241542935371399,0.02241542935371399,0.02241542935371399
DUP_G,38,bracket_black/test/hole/006.png,1,boundary,32x32,3,3,0.009855608145395914,0.001452082395553589,0.007260411977767944,0.014520823955535889,0.014783412218093872,0.014993482828140258,0.0,0.015046000480651855
DUP_G,39,bracket_black/test/hole/007.png,1,abnormal_normal,32x32,5,1017,0.007932710997492895,0.00011738389730453495,0.0017534680664539337,0.005200643092393875,0.01096777617931366,0.025351321697235082,0.0,0.0555741973221302
DUP_G,39,bracket_black/test/hole/007.png,1,defect,32x32,5,7,0.01611932260649545,0.003451620042324066,0.009831875562667847,0.017503410577774048,0.022301234304904938,0.027345764636993408,0.0029259473085403442,0.02813968062400818
DUP_G,39,bracket_black/test/hole/007.png,1,clean_defect,32x32,5,2,0.003802068531513214,0.003013559430837631,0.003364007920026779,0.003802068531513214,0.004240129142999649,0.004590577632188797,0.0029259473085403442,0.004678189754486084
DUP_G,39,bracket_black/test/hole/007.png,1,boundary,32x32,5,5,0.02104622423648834,0.015489131212234497,0.017503410577774048,0.019109174609184265,0.02549329400062561,0.027610403299331666,0.01498556137084961,0.02813968062400818
DUP_G,40,bracket_black/test/hole/008.png,1,abnormal_normal,32x32,6,1017,0.008646018645609843,0.000393541157245636,0.002329368144273758,0.005855821073055267,0.011449161916971207,0.025991173088550555,0.0,0.06513576209545135
DUP_G,40,bracket_black/test/hole/008.png,1,defect,32x32,6,7,0.013104023677962167,0.003778995573520661,0.008641019463539124,0.011473134160041809,0.01960868388414383,0.0211372435092926,0.0022303909063339233,0.02152523398399353
DUP_G,40,bracket_black/test/hole/008.png,1,clean_defect,32x32,6,1,0.0022303909063339233,0.0022303909063339233,0.0022303909063339233,0.0022303909063339233,0.0022303909063339233,0.0022303909063339233,0.0022303909063339233,0.0022303909063339233
DUP_G,40,bracket_black/test/hole/008.png,1,boundary,32x32,6,6,0.014916295806566874,0.008016712963581085,0.010285507887601852,0.015229284763336182,0.019920308142900467,0.021201908588409424,0.007392406463623047,0.02152523398399353
DUP_G,41,bracket_black/test/hole/009.png,1,abnormal_normal,32x32,4,1019,0.009307945144414843,0.000367090106010437,0.0022630207240581512,0.006188154220581055,0.01323222741484642,0.029384809732437085,0.0,0.061197228729724884
DUP_G,41,bracket_black/test/hole/009.png,1,defect,32x32,4,5,0.018637415766716004,0.007880774140357972,0.01884956657886505,0.021032467484474182,0.02265647053718567,0.024939292669296263,0.005138576030731201,0.025509998202323914
DUP_G,41,bracket_black/test/hole/009.png,1,clean_defect,32x32,4,1,0.005138576030731201,0.005138576030731201,0.005138576030731201,0.005138576030731201,0.005138576030731201,0.005138576030731201,0.005138576030731201,0.005138576030731201
DUP_G,41,bracket_black/test/hole/009.png,1,boundary,32x32,4,4,0.022012125700712204,0.01917700171470642,0.0204867422580719,0.021844469010829926,0.02336985245347023,0.025081969052553176,0.01884956657886505,0.025509998202323914
DUP_G,42,bracket_black/test/hole/010.png,1,abnormal_normal,32x32,6,1017,0.008674387196436041,0.0003609925508499146,0.002117972820997238,0.005643010139465332,0.01173081248998642,0.028116185963153833,0.0,0.06323584169149399
DUP_G,42,bracket_black/test/hole/010.png,1,defect,32x32,6,7,0.012584273304258074,0.0018477633595466614,0.004676803946495056,0.01305970549583435,0.019155502319335938,0.024432310461997984,0.001411139965057373,0.025954455137252808
DUP_G,42,bracket_black/test/hole/010.png,1,clean_defect,32x32,6,1,0.001411139965057373,0.001411139965057373,0.001411139965057373,0.001411139965057373,0.001411139965057373,0.001411139965057373,0.001411139965057373,0.001411139965057373
DUP_G,42,bracket_black/test/hole/010.png,1,boundary,32x32,6,6,0.014446462194124857,0.003771677613258362,0.008130218833684921,0.015245035290718079,0.020018070936203003,0.024686001241207123,0.0028665512800216675,0.025954455137252808
DUP_G,43,bracket_black/test/hole/011.png,1,abnormal_normal,32x32,5,1018,0.008317017009251243,0.0002565078437328339,0.00224950909614563,0.005359092727303505,0.011644698679447174,0.025512765347957607,0.0,0.07488422095775604
DUP_G,43,bracket_black/test/hole/011.png,1,defect,32x32,5,6,0.007539781431357066,0.001290440559387207,0.005471047013998032,0.008206933736801147,0.010801568627357483,0.01221540942788124,0.0,0.012599289417266846
DUP_G,43,bracket_black/test/hole/011.png,1,clean_defect,32x32,5,1,0.0,0.0,0.0,0.0,0.0,0.0,0.0,0.0
DUP_G,43,bracket_black/test/hole/011.png,1,boundary,32x32,5,5,0.00904773771762848,0.005409190058708191,0.006398901343345642,0.010014966130256653,0.011063769459724426,0.012292185425758361,0.005161762237548828,0.012599289417266846
DUP_G,44,bracket_black/test/scratches/000.png,1,abnormal_normal,32x32,6,1018,0.008196322580393265,0.0,0.0015605196822434664,0.004823923110961914,0.01122874766588211,0.026782845333218574,0.0,0.07425335049629211
DUP_G,44,bracket_black/test/scratches/000.png,1,defect,32x32,6,6,0.01984604944785436,0.010134302079677582,0.012774914503097534,0.018471144139766693,0.02419554814696312,0.03297627717256546,0.009429752826690674,0.03572440147399902
DUP_G,44,bracket_black/test/scratches/000.png,1,clean_defect,32x32,6,0,,,,,,,,
DUP_G,44,bracket_black/test/scratches/000.png,1,boundary,32x32,6,6,0.01984604944785436,0.010134302079677582,0.012774914503097534,0.018471144139766693,0.02419554814696312,0.03297627717256546,0.009429752826690674,0.03572440147399902
DUP_G,45,bracket_black/test/scratches/001.png,1,abnormal_normal,32x32,7,1017,0.006967629938347003,0.0,0.0011053476482629776,0.00386723130941391,0.009392956271767616,0.023989534750580764,0.0,0.05691230669617653
DUP_G,45,bracket_black/test/scratches/001.png,1,defect,32x32,7,7,0.005807901067393166,0.0007251024246215821,0.0012334994971752167,0.0037127137184143066,0.009610354900360107,0.014188811182975767,0.0005612373352050781,0.014693647623062134
DUP_G,45,bracket_black/test/scratches/001.png,1,clean_defect,32x32,7,0,,,,,,,,
DUP_G,45,bracket_black/test/scratches/001.png,1,boundary,32x32,7,7,0.005807901067393166,0.0007251024246215821,0.0012334994971752167,0.0037127137184143066,0.009610354900360107,0.014188811182975767,0.0005612373352050781,0.014693647623062134
DUP_G,46,bracket_black/test/scratches/002.png,1,abnormal_normal,32x32,8,1016,0.007616449316585891,0.0,0.0013927724212408066,0.0042166635394096375,0.010174763388931751,0.02708270028233528,0.0,0.08069941401481628
DUP_G,46,bracket_black/test/scratches/002.png,1,defect,32x32,8,8,0.013045592233538628,0.0012620031833648683,0.006502509117126465,0.009711429476737976,0.02219841629266739,0.026854381710290906,0.0,0.028900370001792908
DUP_G,46,bracket_black/test/scratches/002.png,1,clean_defect,32x32,8,0,,,,,,,,
DUP_G,46,bracket_black/test/scratches/002.png,1,boundary,32x32,8,8,0.013045592233538628,0.0012620031833648683,0.006502509117126465,0.009711429476737976,0.02219841629266739,0.026854381710290906,0.0,0.028900370001792908
DUP_G,47,bracket_black/test/scratches/003.png,1,abnormal_normal,32x32,8,1016,0.009839868738579996,0.0003053005784749985,0.0021367762237787247,0.005635358393192291,0.013245468959212303,0.03403465449810028,0.0,0.09038333594799042
DUP_G,47,bracket_black/test/scratches/003.png,1,defect,32x32,8,8,0.011155346408486366,0.0047697782516479496,0.007682956755161285,0.012925736606121063,0.014351755380630493,0.015463440120220185,0.0032388269901275635,0.01577785611152649
DUP_G,47,bracket_black/test/scratches/003.png,1,clean_defect,32x32,8,0,,,,,,,,
DUP_G,47,bracket_black/test/scratches/003.png,1,boundary,32x32,8,8,0.011155346408486366,0.0047697782516479496,0.007682956755161285,0.012925736606121063,0.014351755380630493,0.015463440120220185,0.0032388269901275635,0.01577785611152649
DUP_G,48,bracket_black/test/scratches/004.png,1,abnormal_normal,32x32,8,1014,0.009297515520517378,0.00034215487539768224,0.0020912978798151016,0.005777955055236816,0.012564281933009624,0.030334291420876944,0.0,0.07535011321306229
DUP_G,48,bracket_black/test/scratches/004.png,1,defect,32x32,8,10,0.016316771507263184,0.00497690737247467,0.007246248424053192,0.01784522831439972,0.024648793041706085,0.026707732677459715,0.004948556423187256,0.026893556118011475
DUP_G,48,bracket_black/test/scratches/004.png,1,clean_defect,32x32,8,2,0.021850809454917908,0.017683984339237215,0.019535906612873077,0.021850809454917908,0.024165712296962738,0.0260176345705986,0.017221003770828247,0.02648061513900757
DUP_G,48,bracket_black/test/scratches/004.png,1,boundary,32x32,8,8,0.014933262020349503,0.0049706071615219114,0.006401490420103073,0.013430021703243256,0.024238787591457367,0.026179639995098113,0.004948556423187256,0.026893556118011475
DUP_G,49,bracket_black/test/scratches/005.png,1,abnormal_normal,32x32,8,1015,0.008393990764568739,0.0001266583800315857,0.0018202867358922958,0.004934191703796387,0.011283474043011665,0.02933235988020895,0.0,0.07507437467575073
DUP_G,49,bracket_black/test/scratches/005.png,1,defect,32x32,8,9,0.015903993613190122,0.002484627068042755,0.0041162073612213135,0.01771080493927002,0.02362138032913208,0.032428222894668575,0.001887105405330658,0.036258965730667114
DUP_G,49,bracket_black/test/scratches/005.png,1,clean_defect,32x32,8,1,0.026682108640670776,0.026682108640670776,0.026682108640670776,0.026682108640670776,0.026682108640670776,0.026682108640670776,0.026682108640670776,0.026682108640670776
DUP_G,49,bracket_black/test/scratches/005.png,1,boundary,32x32,8,8,0.01455672923475504,0.002409936860203743,0.00393238291144371,0.014626219868659973,0.019357964396476746,0.03183581084012985,0.001887105405330658,0.036258965730667114
DUP_G,50,bracket_black/test/scratches/006.png,1,abnormal_normal,32x32,8,1016,0.008186765199373147,0.00027458276599645615,0.0018598176538944244,0.005296625196933746,0.010917235165834427,0.0271159540861845,0.0,0.06554759293794632
DUP_G,50,bracket_black/test/scratches/006.png,1,defect,32x32,8,8,0.0139755979180336,0.007928064465522766,0.009131386876106262,0.012147307395935059,0.015800416469573975,0.02504314184188842,0.0074117183685302734,0.02843332290649414
DUP_G,50,bracket_black/test/scratches/006.png,1,clean_defect,32x32,8,0,,,,,,,,
DUP_G,50,bracket_black/test/scratches/006.png,1,boundary,32x32,8,8,0.0139755979180336,0.007928064465522766,0.009131386876106262,0.012147307395935059,0.015800416469573975,0.02504314184188842,0.0074117183685302734,0.02843332290649414
DUP_G,51,bracket_black/test/scratches/007.png,1,abnormal_normal,32x32,7,1017,0.008799069007948378,0.0001665592193603516,0.0020501799881458282,0.0054285526275634766,0.012105420231819153,0.027693395316600797,0.0,0.09818853437900543
DUP_G,51,bracket_black/test/scratches/007.png,1,defect,32x32,7,7,0.012346751987934113,0.005813684314489365,0.007023319602012634,0.011098325252532959,0.01654776930809021,0.022057874500751494,0.005340732634067535,0.022846028208732605
DUP_G,51,bracket_black/test/scratches/007.png,1,clean_defect,32x32,7,0,,,,,,,,
DUP_G,51,bracket_black/test/scratches/007.png,1,boundary,32x32,7,7,0.012346751987934113,0.005813684314489365,0.007023319602012634,0.011098325252532959,0.01654776930809021,0.022057874500751494,0.005340732634067535,0.022846028208732605
DUP_G,52,bracket_black/test/scratches/008.png,1,abnormal_normal,32x32,6,1017,0.007577217244904858,3.871824592351918e-05,0.0013658590614795685,0.004525681957602501,0.010224536061286926,0.02469687014818191,0.0,0.08969781547784805
DUP_G,52,bracket_black/test/scratches/008.png,1,defect,32x32,6,7,0.015765781913484846,0.0061340779066085815,0.010480932891368866,0.013950884342193604,0.017991825938224792,0.030180110037326804,0.004903525114059448,0.03456054627895355
DUP_G,52,bracket_black/test/scratches/008.png,1,clean_defect,32x32,6,1,0.019959092140197754,0.019959092140197754,0.019959092140197754,0.019959092140197754,0.019959092140197754,0.019959092140197754,0.019959092140197754,0.019959092140197754
DUP_G,52,bracket_black/test/scratches/008.png,1,boundary,32x32,6,6,0.015066896875699362,0.005928985774517059,0.00974315032362938,0.012953691184520721,0.015506140887737274,0.029926549643278122,0.004903525114059448,0.03456054627895355
DUP_G,53,bracket_black/test/scratches/009.png,1,abnormal_normal,32x32,7,1016,0.008166615065190883,0.0,0.0016244826838374138,0.005249939858913422,0.011721615679562092,0.02732664905488491,0.0,0.07844002544879913
DUP_G,53,bracket_black/test/scratches/009.png,1,defect,32x32,7,8,0.01995459944009781,0.005646174401044845,0.007832206785678864,0.013891428709030151,0.025410007685422897,0.04684077054262161,0.0050857216119766235,0.0471796989440918
DUP_G,53,bracket_black/test/scratches/009.png,1,clean_defect,32x32,7,1,0.0471796989440918,0.0471796989440918,0.0471796989440918,0.0471796989440918,0.0471796989440918,0.0471796989440918,0.0471796989440918,0.0471796989440918
DUP_G,53,bracket_black/test/scratches/009.png,1,boundary,32x32,7,7,0.01606529951095581,0.005566109716892242,0.007450476288795471,0.010198026895523071,0.018030531704425812,0.03789080232381819,0.0050857216119766235,0.04621133208274841
DUP_G,54,bracket_black/test/scratches/010.png,1,abnormal_normal,32x32,7,1016,0.010224263237855273,4.874821752309799e-05,0.0018580202013254166,0.006706131622195244,0.014096299186348915,0.034639179706573486,0.0,0.08219879120588303
DUP_G,54,bracket_black/test/scratches/010.png,1,defect,32x32,7,8,0.02357081975787878,0.011208046227693558,0.014058118686079979,0.019614368677139282,0.030640296638011932,0.042491525411605835,0.009834334254264832,0.042854517698287964
DUP_G,54,bracket_black/test/scratches/010.png,1,clean_defect,32x32,7,1,0.04181739687919617,0.04181739687919617,0.04181739687919617,0.04181739687919617,0.04181739687919617,0.04181739687919617,0.04181739687919617,0.04181739687919617
DUP_G,54,bracket_black/test/scratches/010.png,1,boundary,32x32,7,7,0.020964165883404867,0.011011801660060883,0.013958487659692764,0.017061173915863037,0.024541079998016357,0.03807254135608672,0.009834334254264832,0.042854517698287964
DUP_G,55,bracket_black/test/scratches/011.png,1,abnormal_normal,32x32,5,1019,0.008784262927740783,0.0001291301101446152,0.0017627375200390816,0.005406990647315979,0.012291938066482544,0.026859391480684246,0.0,0.0785115584731102
DUP_G,55,bracket_black/test/scratches/011.png,1,defect,32x32,5,5,0.030885976552963258,0.020698994398117065,0.023836463689804077,0.035060882568359375,0.03570955991744995,0.03906859159469604,0.019914627075195312,0.03990834951400757
DUP_G,55,bracket_black/test/scratches/011.png,1,clean_defect,32x32,5,0,,,,,,,,
DUP_G,55,bracket_black/test/scratches/011.png,1,boundary,32x32,5,5,0.030885976552963258,0.020698994398117065,0.023836463689804077,0.035060882568359375,0.03570955991744995,0.03906859159469604,0.019914627075195312,0.03990834951400757
DUP_G,56,bracket_black/test/scratches/012.png,1,abnormal_normal,32x32,5,1019,0.00915150440702904,0.0,0.0017508342862129211,0.005903482437133789,0.013154013082385063,0.02846369482576846,0.0,0.08880356699228287
DUP_G,56,bracket_black/test/scratches/012.png,1,defect,32x32,5,5,0.025904297828674316,0.015470826625823974,0.018983423709869385,0.01961040496826172,0.028211265802383423,0.044141227006912226,0.014592677354812622,0.048123717308044434
DUP_G,56,bracket_black/test/scratches/012.png,1,clean_defect,32x32,5,0,,,,,,,,
DUP_G,56,bracket_black/test/scratches/012.png,1,boundary,32x32,5,5,0.025904297828674316,0.015470826625823974,0.018983423709869385,0.01961040496826172,0.028211265802383423,0.044141227006912226,0.014592677354812622,0.048123717308044434
DUP_G,57,bracket_black/test/scratches/013.png,1,abnormal_normal,32x32,5,1019,0.00909475983103136,0.00018147677183151246,0.001860419288277626,0.0053456611931324005,0.01223028264939785,0.02973557934165,0.0,0.0699397549033165
DUP_G,57,bracket_black/test/scratches/013.png,1,defect,32x32,5,5,0.02398601472377777,0.009173518419265747,0.012713104486465454,0.018010899424552917,0.02858179807662964,0.04758487939834594,0.00828862190246582,0.052335649728775024
DUP_G,57,bracket_black/test/scratches/013.png,1,clean_defect,32x32,5,0,,,,,,,,
DUP_G,57,bracket_black/test/scratches/013.png,1,boundary,32x32,5,5,0.02398601472377777,0.009173518419265747,0.012713104486465454,0.018010899424552917,0.02858179807662964,0.04758487939834594,0.00828862190246582,0.052335649728775024
DUP_G,58,bracket_black/test/scratches/014.png,1,abnormal_normal,32x32,7,1015,0.007599292778561415,0.0,0.001162409782409668,0.004306815564632416,0.01083693653345108,0.02639923896640538,0.0,0.06819987297058105
DUP_G,58,bracket_black/test/scratches/014.png,1,defect,32x32,7,9,0.008183478481239743,0.0006717994809150696,0.0018800050020217896,0.005511879920959473,0.0104878731071949,0.021562436223030085,0.0,0.02872103452682495
DUP_G,58,bracket_black/test/scratches/014.png,1,clean_defect,32x32,7,2,0.014360517263412476,0.0014360517263412476,0.007180258631706238,0.014360517263412476,0.021540775895118713,0.027284982800483703,0.0,0.02872103452682495
DUP_G,58,bracket_black/test/scratches/014.png,1,boundary,32x32,7,7,0.006418610257761819,0.0017396505922079087,0.0030889585614204407,0.005511879920959473,0.010368218645453453,0.01072353906929493,0.001679498702287674,0.010824538767337799
DUP_G,59,bracket_black/test/scratches/015.png,1,abnormal_normal,32x32,6,1017,0.006548807558840766,0.0,0.0006861686706542969,0.002957358956336975,0.008376143872737885,0.025265304744243613,0.0,0.08512676507234573
DUP_G,59,bracket_black/test/scratches/015.png,1,defect,32x32,6,7,0.011753075889178686,0.0,0.00014573335647583008,0.006264530122280121,0.020609181374311447,0.033403626084327696,0.0,0.03449717164039612
DUP_G,59,bracket_black/test/scratches/015.png,1,clean_defect,32x32,6,1,0.030852019786834717,0.030852019786834717,0.030852019786834717,0.030852019786834717,0.030852019786834717,0.030852019786834717,0.030852019786834717,0.030852019786834717
DUP_G,59,bracket_black/test/scratches/015.png,1,boundary,32x32,6,6,0.00856991857290268,0.0,7.286667823791504e-05,0.0032779984176158905,0.009340889751911163,0.028464464470744133,0.0,0.03449717164039612
DUP_G,60,bracket_black/test/scratches/016.png,1,abnormal_normal,32x32,6,1017,0.007346591224478175,0.0,0.001143474131822586,0.0042167119681835175,0.010139763355255127,0.025969839841127367,0.0,0.06458166241645813
DUP_G,60,bracket_black/test/scratches/016.png,1,defect,32x32,6,7,0.01154286733695439,0.0009313911199569702,0.0021428577601909637,0.009558528661727905,0.020381197333335876,0.024424391984939575,0.0008936747908592224,0.025299757719039917
DUP_G,60,bracket_black/test/scratches/016.png,1,clean_defect,32x32,6,1,0.025299757719039917,0.025299757719039917,0.025299757719039917,0.025299757719039917,0.025299757719039917,0.025299757719039917,0.025299757719039917,0.025299757719039917
DUP_G,60,bracket_black/test/scratches/016.png,1,boundary,32x32,6,6,0.009250052273273468,0.0009251050651073456,0.0015811268240213394,0.006412424147129059,0.016175024211406708,0.02138153463602066,0.0008936747908592224,0.022381871938705444
DUP_G,61,bracket_black/test/scratches/017.png,1,abnormal_normal,32x32,5,1017,0.0078636408941921,0.0,0.0013384446501731873,0.004484076052904129,0.010411739349365234,0.02669946700334548,0.0,0.0667334571480751
DUP_G,61,bracket_black/test/scratches/017.png,1,defect,32x32,5,7,0.019523984619549344,0.0064368672668933865,0.009589694440364838,0.013276368379592896,0.026555728167295456,0.040911123901605596,0.005207635462284088,0.04589304327964783
DUP_G,61,bracket_black/test/scratches/017.png,1,clean_defect,32x32,5,2,0.027883678674697876,0.01167525053024292,0.0188789963722229,0.027883678674697876,0.03688836097717285,0.04409210681915283,0.009874314069747925,0.04589304327964783
DUP_G,61,bracket_black/test/scratches/017.png,1,boundary,32x32,5,5,0.01618010699748993,0.006027123332023621,0.00930507481098175,0.013276368379592896,0.02382481098175049,0.028194278478622437,0.005207635462284088,0.029286645352840424
DUP_G,62,bracket_black/test/scratches/018.png,1,abnormal_normal,32x32,7,1016,0.007981329552249939,0.0,0.0014076875522732735,0.004277188330888748,0.011072727851569653,0.02889680676162243,0.0,0.06598425656557083
DUP_G,62,bracket_black/test/scratches/018.png,1,defect,32x32,7,8,0.015244823880493641,0.006178899854421616,0.00880797952413559,0.01616668701171875,0.018634455278515816,0.025991289317607875,0.005235239863395691,0.029377996921539307
DUP_G,62,bracket_black/test/scratches/018.png,1,clean_defect,32x32,7,1,0.007931411266326904,0.007931411266326904,0.007931411266326904,0.007931411266326904,0.007931411266326904,0.007931411266326904,0.007931411266326904,0.007931411266326904
DUP_G,62,bracket_black/test/scratches/018.png,1,boundary,32x32,7,7,0.016289597111088887,0.00639471858739853,0.012482449412345886,0.01646864414215088,0.018990200012922287,0.026475104689598076,0.005235239863395691,0.029377996921539307
DUP_G,63,bracket_black/test/scratches/019.png,1,abnormal_normal,32x32,4,1019,0.008098202698130136,0.0,0.0013527162373065948,0.004410188645124435,0.010903865098953247,0.0289641298353672,0.0,0.07488922029733658
DUP_G,63,bracket_black/test/scratches/019.png,1,defect,32x32,4,5,0.017916738986968994,0.012938785552978515,0.01371908187866211,0.017563194036483765,0.02142477035522461,0.023591303825378416,0.012743711471557617,0.02413293719291687
DUP_G,63,bracket_black/test/scratches/019.png,1,clean_defect,32x32,4,1,0.01371908187866211,0.01371908187866211,0.01371908187866211,0.01371908187866211,0.01371908187866211,0.01371908187866211,0.01371908187866211,0.01371908187866211
DUP_G,63,bracket_black/test/scratches/019.png,1,boundary,32x32,4,4,0.018966153264045715,0.01346663385629654,0.016358323395252228,0.019493982195854187,0.022101812064647675,0.02372671216726303,0.012743711471557617,0.02413293719291687
DUP_G,64,bracket_black/test/scratches/020.png,1,abnormal_normal,32x32,4,1019,0.007770865567035834,0.0,0.001498175784945488,0.004478853195905685,0.010414721444249153,0.02758996114134788,0.0,0.07479342818260193
DUP_G,64,bracket_black/test/scratches/020.png,1,defect,32x32,4,5,0.029070165753364564,0.02137259244918823,0.02496737241744995,0.027162402868270874,0.030329272150993347,0.04000016152858734,0.020473897457122803,0.04241788387298584
DUP_G,64,bracket_black/test/scratches/020.png,1,clean_defect,32x32,4,1,0.02496737241744995,0.02496737241744995,0.02496737241744995,0.02496737241744995,0.02496737241744995,0.02496737241744995,0.02496737241744995,0.02496737241744995
DUP_G,64,bracket_black/test/scratches/020.png,1,boundary,32x32,4,4,0.030095864087343216,0.021477173268795013,0.025490276515483856,0.02874583750963211,0.03335142508149147,0.04060459211468696,0.020473897457122803,0.04241788387298584
DUP_G,65,bracket_black/test/scratches/021.png,1,abnormal_normal,32x32,6,1017,0.007550437785428651,0.0,0.0011689066886901855,0.004335526376962662,0.01010473445057869,0.02639671117067334,0.0,0.06649231910705566
DUP_G,65,bracket_black/test/scratches/021.png,1,defect,32x32,6,7,0.025012085480349406,0.004372593015432358,0.006714671850204468,0.011245697736740112,0.03759653493762016,0.06346688047051428,0.0042218416929244995,0.07099464535713196
DUP_G,65,bracket_black/test/scratches/021.png,1,clean_defect,32x32,6,1,0.029290974140167236,0.029290974140167236,0.029290974140167236,0.029290974140167236,0.029290974140167236,0.029290974140167236,0.029290974140167236,0.029290974140167236
DUP_G,65,bracket_black/test/scratches/021.png,1,boundary,32x32,6,6,0.024298937370379765,0.004347467795014381,0.0057195089757442474,0.00997534766793251,0.037237996235489845,0.06472150795161724,0.0042218416929244995,0.07099464535713196
DUP_G,66,bracket_black/test/scratches/022.png,1,abnormal_normal,32x32,4,1018,0.007689593868487476,0.0,0.0013290569186210632,0.004181990399956703,0.010104699991643429,0.027612461894750594,0.0,0.07573775202035904
DUP_G,66,bracket_black/test/scratches/022.png,1,defect,32x32,4,6,0.017844367772340775,0.001737147569656372,0.004603559151291847,0.016188662499189377,0.029254792258143425,0.037103500217199326,0.0010946840047836304,0.03924217075109482
DUP_G,66,bracket_black/test/scratches/022.png,1,clean_defect,32x32,4,2,0.013025693595409393,0.002287784963846207,0.007060188800096512,0.013025693595409393,0.018991198390722275,0.023763602226972578,0.0010946840047836304,0.024956703186035156
DUP_G,66,bracket_black/test/scratches/022.png,1,boundary,32x32,4,4,0.020253704860806465,0.004227950796484947,0.006481600925326347,0.019054055213928223,0.03282615914940834,0.03795896843075752,0.003664538264274597,0.03924217075109482
DUP_G,67,bracket_black/test/scratches/023.png,1,abnormal_normal,32x32,5,1019,0.00751905743822353,0.0,0.0011666323989629745,0.003845691680908203,0.009930175729095936,0.027733319997787442,0.0,0.06303398311138153
DUP_G,67,bracket_black/test/scratches/023.png,1,defect,32x32,5,5,0.007516583800315857,0.0,0.0,0.003329232335090637,0.004923909902572632,0.024448603391647335,0.0,0.029329776763916016
DUP_G,67,bracket_black/test/scratches/023.png,1,clean_defect,32x32,5,0,,,,,,,,
DUP_G,67,bracket_black/test/scratches/023.png,1,boundary,32x32,5,5,0.007516583800315857,0.0,0.0,0.003329232335090637,0.004923909902572632,0.024448603391647335,0.0,0.029329776763916016
DUP_G,68,bracket_black/test/scratches/024.png,1,abnormal_normal,32x32,5,1018,0.006921361774583082,0.0,0.0012081707827746868,0.004015227779746056,0.009542611427605152,0.02421177327632904,0.0,0.06218647211790085
DUP_G,68,bracket_black/test/scratches/024.png,1,defect,32x32,5,6,0.0076971277594566345,0.0003183819353580475,0.0020135845988988876,0.005514103919267654,0.007487837225198746,0.021551290526986122,0.0,0.02616206556558609
DUP_G,68,bracket_black/test/scratches/024.png,1,clean_defect,32x32,5,1,0.0,0.0,0.0,0.0,0.0,0.0,0.0,0.0
DUP_G,68,bracket_black/test/scratches/024.png,1,boundary,32x32,5,5,0.009236553311347961,0.001865573227405548,0.004233755171298981,0.006794452667236328,0.007718965411186218,0.022473445534706114,0.00127352774143219,0.02616206556558609
DUP_G,69,bracket_black/test/scratches/025.png,1,abnormal_normal,32x32,5,1018,0.00747431554897434,0.0,0.001619148999452591,0.004590043798089027,0.00991712138056755,0.02543045990169048,0.0,0.0889238566160202
DUP_G,69,bracket_black/test/scratches/025.png,1,defect,32x32,5,6,0.010152113934357962,0.001668909564614296,0.006924806162714958,0.008379392325878143,0.014811817556619644,0.019748562946915627,0.0,0.020757995545864105
DUP_G,69,bracket_black/test/scratches/025.png,1,clean_defect,32x32,5,1,0.01672026515007019,0.01672026515007019,0.01672026515007019,0.01672026515007019,0.01672026515007019,0.01672026515007019,0.01672026515007019,0.01672026515007019
DUP_G,69,bracket_black/test/scratches/025.png,1,boundary,32x32,5,5,0.008838483691215515,0.001335127651691437,0.006675638258457184,0.007672309875488281,0.009086474776268005,0.018423691391944882,0.0,0.020757995545864105
DUP_G,70,bracket_black/test/scratches/026.png,1,abnormal_normal,32x32,4,1019,0.007540424994601556,2.4620257318019866e-05,0.001489611342549324,0.004439912736415863,0.010028274729847908,0.0264438010752201,0.0,0.09474605321884155
DUP_G,70,bracket_black/test/scratches/026.png,1,defect,32x32,4,5,0.005884988605976105,0.00040544271469116215,0.0012973546981811523,0.0030853748321533203,0.010004997253417969,0.013884800672531127,0.00018246471881866455,0.014854751527309418
DUP_G,70,bracket_black/test/scratches/026.png,1,clean_defect,32x32,4,1,0.00018246471881866455,0.00018246471881866455,0.00018246471881866455,0.00018246471881866455,0.00018246471881866455,0.00018246471881866455,0.00018246471881866455,0.00018246471881866455
DUP_G,70,bracket_black/test/scratches/026.png,1,boundary,32x32,4,4,0.007310619577765465,0.0015655577182769776,0.0026383697986602783,0.0065451860427856445,0.011217435821890831,0.014127288386225699,0.0012973546981811523,0.014854751527309418
DUP_G,71,bracket_black/test/scratches/027.png,1,abnormal_normal,32x32,4,1019,0.007761834733100412,0.0,0.001420140266418457,0.004934549331665039,0.01046934723854065,0.025142538547515858,0.0,0.07775621116161346
DUP_G,71,bracket_black/test/scratches/027.png,1,defect,32x32,4,5,0.00798380672931671,0.001490442454814911,0.0074522122740745544,0.008668661117553711,0.010354727506637573,0.012825691699981689,0.0,0.013443432748317719
DUP_G,71,bracket_black/test/scratches/027.png,1,clean_defect,32x32,4,1,0.0,0.0,0.0,0.0,0.0,0.0,0.0,0.0
DUP_G,71,bracket_black/test/scratches/027.png,1,boundary,32x32,4,4,0.00997975841164589,0.007634679600596428,0.008364548906683922,0.009511694312095642,0.01112690381705761,0.012980126962065696,0.0074522122740745544,0.013443432748317719
DUP_G,72,bracket_black/test/scratches/028.png,1,abnormal_normal,32x32,4,1019,0.008545451489998296,0.00016219587996602058,0.0015502609312534332,0.004866637289524078,0.011166207492351532,0.029085687547922123,0.0,0.0712338387966156
DUP_G,72,bracket_black/test/scratches/028.png,1,defect,32x32,4,5,0.009147028625011443,0.0012878134846687319,0.0064390674233436584,0.007135570049285889,0.015688523650169373,0.016315290331840517,0.0,0.0164719820022583
DUP_G,72,bracket_black/test/scratches/028.png,1,clean_defect,32x32,4,1,0.0,0.0,0.0,0.0,0.0,0.0,0.0,0.0
DUP_G,72,bracket_black/test/scratches/028.png,1,boundary,32x32,4,4,0.011433785781264305,0.006543542817234993,0.006961444392800331,0.01141204684972763,0.015884388238191605,0.01635446324944496,0.0064390674233436584,0.0164719820022583
DUP_G,73,bracket_black/test/scratches/029.png,1,abnormal_normal,32x32,6,1018,0.008718827721060845,0.00019702129065990448,0.0016974364407360554,0.005338575690984726,0.011405384866520762,0.0297004921361804,0.0,0.09910494834184647
DUP_G,73,bracket_black/test/scratches/029.png,1,defect,32x32,6,6,0.014949234823385874,0.008246418088674545,0.009769205003976822,0.01352488249540329,0.017466124147176743,0.025089222937822342,0.008139297366142273,0.027209162712097168
DUP_G,73,bracket_black/test/scratches/029.png,1,clean_defect,32x32,6,0,,,,,,,,
DUP_G,73,bracket_black/test/scratches/029.png,1,boundary,32x32,6,6,0.014949234823385874,0.008246418088674545,0.009769205003976822,0.01352488249540329,0.017466124147176743,0.025089222937822342,0.008139297366142273,0.027209162712097168
DUP_G,74,bracket_black/test/scratches/030.png,1,abnormal_normal,32x32,6,1018,0.009547958097901847,0.00022212155163288118,0.0018366877920925617,0.006098419427871704,0.013599539175629616,0.029333258606493464,0.0,0.1010279655456543
DUP_G,74,bracket_black/test/scratches/030.png,1,defect,32x32,6,6,0.027092700203259785,0.01556401327252388,0.01958410069346428,0.023728124797344208,0.028485111892223358,0.046624183654785156,0.014348998665809631,0.05247741937637329
DUP_G,74,bracket_black/test/scratches/030.png,1,clean_defect,32x32,6,0,,,,,,,,
DUP_G,74,bracket_black/test/scratches/030.png,1,boundary,32x32,6,6,0.027092700203259785,0.01556401327252388,0.01958410069346428,0.023728124797344208,0.028485111892223358,0.046624183654785156,0.014348998665809631,0.05247741937637329
DUP_G,75,bracket_black/test/scratches/031.png,1,abnormal_normal,32x32,6,1018,0.0076521446993336635,0.0,0.0012827441096305847,0.004162619821727276,0.009908808395266533,0.02779559902846813,0.0,0.061629340052604675
DUP_G,75,bracket_black/test/scratches/031.png,1,defect,32x32,6,6,0.010523392508427301,0.002416471019387245,0.009653100743889809,0.010518185794353485,0.014648200944066048,0.016466710716485977,8.946657180786133e-05,0.016624905169010162
DUP_G,75,bracket_black/test/scratches/031.png,1,clean_defect,32x32,6,0,,,,,,,,
DUP_G,75,bracket_black/test/scratches/031.png,1,boundary,32x32,6,6,0.010523392508427301,0.002416471019387245,0.009653100743889809,0.010518185794353485,0.014648200944066048,0.016466710716485977,8.946657180786133e-05,0.016624905169010162
DUP_G,76,bracket_black/test/scratches/032.png,1,abnormal_normal,32x32,3,1019,0.007402971102211759,0.0,0.0012008138000965118,0.004305681213736534,0.009409969672560692,0.02739356383681295,0.0,0.07078107446432114
DUP_G,76,bracket_black/test/scratches/032.png,1,defect,32x32,3,5,0.017033807933330536,0.002217914164066315,0.0071708038449287415,0.01981346309185028,0.027452856302261353,0.029292351007461546,0.000979691743850708,0.029752224683761597
DUP_G,76,bracket_black/test/scratches/032.png,1,clean_defect,32x32,3,2,0.028602540493011475,0.027567824721336363,0.028027698397636414,0.028602540493011475,0.029177382588386536,0.029637256264686586,0.027452856302261353,0.029752224683761597
DUP_G,76,bracket_black/test/scratches/032.png,1,boundary,32x32,3,3,0.00932131956020991,0.0015988029539585114,0.004075247794389725,0.0071708038449287415,0.013492133468389511,0.018549197167158124,0.000979691743850708,0.01981346309185028
DUP_G,77,bracket_black/test/scratches/033.png,1,abnormal_normal,32x32,6,1018,0.010200884028508059,0.00021835470106452705,0.001986316405236721,0.0058755092322826385,0.013834109529852867,0.03618673197925091,0.0,0.11072955280542374
DUP_G,77,bracket_black/test/scratches/033.png,1,defect,32x32,6,6,0.029097624123096466,0.0,0.004907499998807907,0.021710477769374847,0.04021063446998596,0.07553166151046753,0.0,0.08548092842102051
DUP_G,77,bracket_black/test/scratches/033.png,1,clean_defect,32x32,6,0,,,,,,,,
DUP_G,77,bracket_black/test/scratches/033.png,1,boundary,32x32,6,6,0.029097624123096466,0.0,0.004907499998807907,0.021710477769374847,0.04021063446998596,0.07553166151046753,0.0,0.08548092842102051
DUP_G,78,bracket_black/test/scratches/034.png,1,abnormal_normal,32x32,7,1017,0.00926840733260561,0.00017148256301879888,0.0017869845032691956,0.0053460001945495605,0.012782678008079529,0.0315572142601013,0.0,0.06748969852924347
DUP_G,78,bracket_black/test/scratches/034.png,1,defect,32x32,7,7,0.03806773253849575,0.015015797317028045,0.02377084270119667,0.04103313386440277,0.05249025672674179,0.05837137624621391,0.013377875089645386,0.059540919959545135
DUP_G,78,bracket_black/test/scratches/034.png,1,clean_defect,32x32,7,0,,,,,,,,
DUP_G,78,bracket_black/test/scratches/034.png,1,boundary,32x32,7,7,0.03806773253849575,0.015015797317028045,0.02377084270119667,0.04103313386440277,0.05249025672674179,0.05837137624621391,0.013377875089645386,0.059540919959545135
TRI_G,0,bracket_black/test/good/000.png,0,normal_image,32x32,0,1024,0.01168197169636187,0.0003367172554135323,0.003625707235187292,0.008870154619216919,0.015965700149536133,0.03130872100591659,0.0,0.10161907970905304
TRI_G,1,bracket_black/test/good/001.png,0,normal_image,32x32,0,1024,0.01029506627446608,0.0,0.000924613093957305,0.006530404090881348,0.014816459268331528,0.03612553067505354,0.0,0.10790026932954788
TRI_G,2,bracket_black/test/good/002.png,0,normal_image,32x32,0,1024,0.011003829660694464,0.0,0.0023800386115908623,0.007796147838234901,0.016500283032655716,0.03286351412534708,0.0,0.10094530880451202
TRI_G,3,bracket_black/test/good/003.png,0,normal_image,32x32,0,1024,0.009151976289558661,0.0,0.00013961410149931908,0.004072736948728561,0.01337154908105731,0.03614915497601031,0.0,0.07951352000236511
TRI_G,4,bracket_black/test/good/004.png,0,normal_image,32x32,0,1024,0.008271259935554554,0.0,1.862645149230957e-09,0.0038657980039715767,0.012669437564909458,0.030814974196255195,-1.862645149230957e-09,0.08129983395338058
TRI_G,5,bracket_black/test/good/005.png,0,normal_image,32x32,0,1024,0.010264334900057293,0.0,0.0007397113367915154,0.0056561799719929695,0.014799228869378567,0.03386409878730773,0.0,0.15867257118225098
TRI_G,6,bracket_black/test/good/006.png,0,normal_image,32x32,0,1024,0.012966654473984818,3.5366043448448235e-05,0.003595721907913685,0.009567998349666595,0.018400081433355808,0.03619083650410175,0.0,0.10756521672010422
TRI_G,7,bracket_black/test/good/007.png,0,normal_image,32x32,0,1024,0.01684938688777038,0.001193402335047722,0.00700143538415432,0.013255391269922256,0.02244920376688242,0.04329968690872191,0.0,0.11938683688640594
TRI_G,8,bracket_black/test/good/008.png,0,normal_image,32x32,0,1024,0.013694730790120957,0.0005245400592684748,0.0052430396899580956,0.011102549731731415,0.019221563823521137,0.035580085217952695,0.0,0.07590721547603607
TRI_G,9,bracket_black/test/good/009.png,0,normal_image,32x32,0,1024,0.012521309557996574,0.00040860865265131014,0.004074948839843273,0.008969277143478394,0.017329981550574303,0.03677965123206373,0.0,0.09931137412786484
TRI_G,10,bracket_black/test/good/010.png,0,normal_image,32x32,0,1024,0.014257081240430125,0.00048649702221155173,0.004547270014882088,0.010951312258839607,0.019655685871839523,0.03877419587224721,0.0,0.14452578127384186
TRI_G,11,bracket_black/test/good/011.png,0,normal_image,32x32,0,1024,0.015061498083923652,0.0012903740629553798,0.006396141834557056,0.012035394087433815,0.02017787005752325,0.03959843851625919,0.0,0.12206481397151947
TRI_G,12,bracket_black/test/good/012.png,0,normal_image,32x32,0,1024,0.014544627048962866,0.0006981414277106529,0.005685857497155666,0.011000892147421837,0.01892576925456524,0.040020548552274694,0.0,0.08661124110221863
TRI_G,13,bracket_black/test/good/013.png,0,normal_image,32x32,0,1024,0.01739869478615219,0.0019552044570446013,0.007859412580728531,0.01474623754620552,0.023461349308490753,0.04115588460117578,0.0,0.10638733208179474
TRI_G,14,bracket_black/test/good/014.png,0,normal_image,32x32,0,1024,0.013272427130232245,0.0007909320294857026,0.005419562570750713,0.011041177436709404,0.01838801894336939,0.0334846556186676,0.0,0.09304790198802948
TRI_G,15,bracket_black/test/good/015.png,0,normal_image,32x32,0,1024,0.013187868280056136,0.0009047657251358035,0.005584634840488434,0.011035781353712082,0.01795746572315693,0.03219378944486378,0.0,0.08773351460695267
TRI_G,16,bracket_black/test/good/016.png,0,normal_image,32x32,0,1024,0.013356182541883754,0.0009422384202480318,0.005516067612916231,0.010681210085749626,0.01899489015340805,0.03362049888819453,0.0,0.0655103251338005
TRI_G,17,bracket_black/test/good/017.png,0,normal_image,32x32,0,1024,0.016805403437956556,0.0019435860216617585,0.007813757285475731,0.013958428055047989,0.022695456631481647,0.040230292081832875,0.0,0.10204382985830307
TRI_G,18,bracket_black/test/good/018.png,0,normal_image,32x32,0,1024,0.011947318477723456,0.00011227680370211606,0.0038141757249832153,0.008990248665213585,0.01637716218829155,0.03537240792065847,0.0,0.07944226264953613
TRI_G,19,bracket_black/test/good/019.png,0,normal_image,32x32,0,1024,0.013886129437651107,0.0011776428669691091,0.005482658743858337,0.011338852345943451,0.018700764514505863,0.034621842950582495,0.0,0.09867438673973083
TRI_G,20,bracket_black/test/good/020.png,0,normal_image,32x32,0,1024,0.014791550850986823,0.0007348798215389253,0.00611940398812294,0.01175778266042471,0.020861235447227955,0.03928700238466262,0.0,0.10804064571857452
TRI_G,21,bracket_black/test/good/021.png,0,normal_image,32x32,0,1024,0.014501321043553617,0.0009815506637096407,0.006406444124877453,0.011947087943553925,0.019786142744123936,0.03777198418974876,0.0,0.06961548328399658
TRI_G,22,bracket_black/test/good/022.png,0,normal_image,32x32,0,1024,0.015647860820536152,0.0014892021194100383,0.006644413806498051,0.012646812945604324,0.021061991341412067,0.04145554993301629,0.0,0.07795067876577377
TRI_G,23,bracket_black/test/good/023.png,0,normal_image,32x32,0,1024,0.01389330048186821,0.0008294684812426571,0.005629595369100571,0.01125885546207428,0.019110849127173424,0.03620737753808498,0.0,0.08670943975448608
TRI_G,24,bracket_black/test/good/024.png,0,normal_image,32x32,0,1024,0.013651410528837005,0.0003747394308447838,0.004062308929860592,0.00999307818710804,0.018602793104946613,0.03994670584797858,0.0,0.1263272762298584
TRI_G,25,bracket_black/test/good/025.png,0,normal_image,32x32,0,1024,0.016356523835383996,0.0013072296977043154,0.006764017045497894,0.012975793331861496,0.021950962021946907,0.04422522410750385,0.0,0.11077593266963959
TRI_G,26,bracket_black/test/good/026.png,0,normal_image,32x32,0,1024,0.01453696560474782,0.0010527548380196098,0.005676334723830223,0.011856887489557266,0.020219914615154266,0.037214890122413635,0.0,0.08229366689920425
TRI_G,27,bracket_black/test/good/027.png,0,normal_image,32x32,0,1024,0.014079448563734331,0.0008852126076817514,0.005613676272332668,0.01145980879664421,0.01891816407442093,0.03625618852674958,0.0,0.10012441128492355
TRI_G,28,bracket_black/test/good/028.png,0,normal_image,32x32,0,1024,0.016483733723362093,0.002047082968056202,0.0077682798728346825,0.01384223997592926,0.022470412775874138,0.03870125114917755,0.0,0.11068427562713623
TRI_G,29,bracket_black/test/good/029.png,0,normal_image,32x32,0,1024,0.011941078803829441,0.0002614645287394525,0.004193742759525776,0.009279897436499596,0.016756786033511162,0.032326477952301494,0.0,0.08177801966667175
TRI_G,30,bracket_black/test/good/030.png,0,normal_image,32x32,0,1024,0.013476173478920828,0.0010364064946770668,0.00529099628329277,0.010731937363743782,0.01812911219894886,0.034267229959368685,0.0,0.14241871237754822
TRI_G,31,bracket_black/test/good/031.png,0,normal_image,32x32,0,1024,0.013603116652575409,0.0007261406630277637,0.005356860347092152,0.010439228266477585,0.01862133014947176,0.03640359882265329,0.0,0.09074502438306808
TRI_G,32,bracket_black/test/hole/000.png,1,abnormal_normal,32x32,6,1017,0.013311258804294828,0.0011579185724258428,0.005566954612731934,0.010684475302696228,0.01819104328751564,0.03543666750192641,0.0,0.11141788959503174
TRI_G,32,bracket_black/test/hole/000.png,1,defect,32x32,6,7,0.010072980608258928,0.005248166620731354,0.0064935386180877686,0.010488823056221008,0.012863576412200928,0.015363604575395581,0.005072638392448425,0.016235172748565674
TRI_G,32,bracket_black/test/hole/000.png,1,clean_defect,32x32,6,1,0.005072638392448425,0.005072638392448425,0.005072638392448425,0.005072638392448425,0.005072638392448425,0.005072638392448425,0.005072638392448425,0.005072638392448425
TRI_G,32,bracket_black/test/hole/000.png,1,boundary,32x32,6,6,0.010906370977560679,0.006075635552406311,0.008119214326143265,0.011443015187978745,0.013096760958433151,0.015508865937590599,0.0056577324867248535,0.016235172748565674
TRI_G,33,bracket_black/test/hole/001.png,1,abnormal_normal,32x32,5,1018,0.012459151926660849,0.0009942028671503067,0.005177787505090237,0.009772509336471558,0.017065460793673992,0.03262746632099151,0.0,0.06475324183702469
TRI_G,33,bracket_black/test/hole/001.png,1,defect,32x32,5,6,0.010199653605620066,0.004212494939565659,0.006095908582210541,0.010635554790496826,0.011547960340976715,0.017515219748020172,0.004026845097541809,0.01946517825126648
TRI_G,33,bracket_black/test/hole/001.png,1,clean_defect,32x32,5,1,0.004026845097541809,0.004026845097541809,0.004026845097541809,0.004026845097541809,0.004026845097541809,0.004026845097541809,0.004026845097541809,0.004026845097541809
TRI_G,33,bracket_black/test/hole/001.png,1,boundary,32x32,5,5,0.011434215307235717,0.005830615758895874,0.010075300931930542,0.01119580864906311,0.01166534423828125,0.017905211448669432,0.004769444465637207,0.01946517825126648
TRI_G,34,bracket_black/test/hole/002.png,1,abnormal_normal,32x32,6,1017,0.01383186050625692,0.0011356845498085022,0.006322130560874939,0.011627599596977234,0.018796846270561218,0.03317470625042914,0.0,0.06657543033361435
TRI_G,34,bracket_black/test/hole/002.png,1,defect,32x32,6,7,0.01526914962700435,0.002402390539646149,0.006325483322143555,0.014225155115127563,0.023725435137748718,0.03064438700675964,0.0008902996778488159,0.03166675567626953
TRI_G,34,bracket_black/test/hole/002.png,1,clean_defect,32x32,6,1,0.006720364093780518,0.006720364093780518,0.006720364093780518,0.006720364093780518,0.006720364093780518,0.006720364093780518,0.006720364093780518,0.006720364093780518
TRI_G,34,bracket_black/test/hole/002.png,1,boundary,32x32,6,6,0.01669394721587499,0.00215037539601326,0.008004240691661835,0.016708582639694214,0.025992147624492645,0.03081478178501129,0.0008902996778488159,0.03166675567626953
TRI_G,35,bracket_black/test/hole/003.png,1,abnormal_normal,32x32,6,1018,0.014695483880128514,0.001381765678524971,0.006454527378082275,0.011998912319540977,0.019950510933995247,0.037988938950002195,0.0,0.07516472786664963
TRI_G,35,bracket_black/test/hole/003.png,1,defect,32x32,6,6,0.023032866418361664,0.01222226768732071,0.01601012796163559,0.022008366882801056,0.02953537553548813,0.035385534167289734,0.011243805289268494,0.03688156604766846
TRI_G,35,bracket_black/test/hole/003.png,1,clean_defect,32x32,6,0,,,,,,,,
TRI_G,35,bracket_black/test/hole/003.png,1,boundary,32x32,6,6,0.023032866418361664,0.01222226768732071,0.01601012796163559,0.022008366882801056,0.02953537553548813,0.035385534167289734,0.011243805289268494,0.03688156604766846
TRI_G,36,bracket_black/test/hole/004.png,1,abnormal_normal,32x32,2,1022,0.014456676663703297,0.0015563551336526872,0.006776920519769192,0.01157260313630104,0.019204316660761833,0.03726217802613969,0.0,0.09492653608322144
TRI_G,36,bracket_black/test/hole/004.png,1,defect,32x32,2,2,0.017450734972953796,0.007330840826034546,0.011828571557998657,0.017450734972953796,0.023072898387908936,0.027570629119873045,0.006206408143043518,0.028695061802864075
TRI_G,36,bracket_black/test/hole/004.png,1,clean_defect,32x32,2,0,,,,,,,,
TRI_G,36,bracket_black/test/hole/004.png,1,boundary,32x32,2,2,0.017450734972953796,0.007330840826034546,0.011828571557998657,0.017450734972953796,0.023072898387908936,0.027570629119873045,0.006206408143043518,0.028695061802864075
TRI_G,37,bracket_black/test/hole/005.png,1,abnormal_normal,32x32,5,1018,0.013652787296822356,0.0012279374524950982,0.006286852061748505,0.011296961456537247,0.018104683607816696,0.033774241432547564,0.0,0.07941405475139618
TRI_G,37,bracket_black/test/hole/005.png,1,defect,32x32,5,6,0.01522028942902883,0.0041097067296504974,0.010759972035884857,0.012412779033184052,0.020078808069229126,0.02934083342552185,0.0019428730010986328,0.03171011805534363
TRI_G,37,bracket_black/test/hole/005.png,1,clean_defect,32x32,5,1,0.010610207915306091,0.010610207915306091,0.010610207915306091,0.010610207915306091,0.010610207915306091,0.010610207915306091,0.010610207915306091,0.010610207915306091
TRI_G,37,bracket_black/test/hole/005.png,1,boundary,32x32,5,5,0.016142305731773377,0.0037961512804031376,0.011209264397621155,0.013616293668746948,0.02223297953605652,0.029814690351486206,0.0019428730010986328,0.03171011805534363
TRI_G,38,bracket_black/test/hole/006.png,1,abnormal_normal,32x32,3,1020,0.013590126149538978,0.0011683903634548188,0.005608886480331421,0.010627489537000656,0.018787375651299953,0.03614929392933845,0.0,0.06858286261558533
TRI_G,38,bracket_black/test/hole/006.png,1,defect,32x32,3,4,0.02181098610162735,0.003844164311885834,0.01922082155942917,0.026552394032478333,0.029142558574676514,0.03313983678817749,0.0,0.034139156341552734
TRI_G,38,bracket_black/test/hole/006.png,1,clean_defect,32x32,3,1,0.02562776207923889,0.02562776207923889,0.02562776207923889,0.02562776207923889,0.02562776207923889,0.02562776207923889,0.02562776207923889,0.02562776207923889
TRI_G,38,bracket_black/test/hole/006.png,1,boundary,32x32,3,3,0.020538727442423504,0.0027477025985717775,0.013738512992858887,0.027477025985717773,0.030808091163635254,0.03347294330596924,0.0,0.034139156341552734
TRI_G,39,bracket_black/test/hole/007.png,1,abnormal_normal,32x32,5,1017,0.013232092609337826,0.0011174531653523445,0.005621075630187988,0.010544121265411377,0.018314044922590256,0.032384924590587595,0.0,0.0916924774646759
TRI_G,39,bracket_black/test/hole/007.png,1,defect,32x32,5,7,0.024725607463291714,0.011763504147529602,0.017214089632034302,0.024123698472976685,0.032208025455474854,0.037789696455001826,0.010382622480392456,0.03972870111465454
TRI_G,39,bracket_black/test/hole/007.png,1,clean_defect,32x32,5,2,0.021823987364768982,0.011526758968830108,0.01610330492258072,0.021823987364768982,0.027544669806957245,0.03212121576070785,0.010382622480392456,0.03326535224914551
TRI_G,39,bracket_black/test/hole/007.png,1,boundary,32x32,5,5,0.025886255502700805,0.015876972675323488,0.019442617893218994,0.024123698472976685,0.0311506986618042,0.03801310062408447,0.01498556137084961,0.03972870111465454
TRI_G,40,bracket_black/test/hole/008.png,1,abnormal_normal,32x32,6,1017,0.014256448446037642,0.0013307675719261172,0.006168685853481293,0.011344939470291138,0.019005518406629562,0.03833172172307965,0.0,0.11166179180145264
TRI_G,40,bracket_black/test/hole/008.png,1,defect,32x32,6,7,0.022209507014070238,0.003778995573520661,0.016151919960975647,0.025317102670669556,0.02880893647670746,0.03575633689761161,0.0022303909063339233,0.03799734264612198
TRI_G,40,bracket_black/test/hole/008.png,1,clean_defect,32x32,6,1,0.0022303909063339233,0.0022303909063339233,0.0022303909063339233,0.0022303909063339233,0.0022303909063339233,0.0022303909063339233,0.0022303909063339233,0.0022303909063339233
TRI_G,40,bracket_black/test/hole/008.png,1,boundary,32x32,6,6,0.02553935969869296,0.011772163212299347,0.025012850761413574,0.026203826069831848,0.029668129980564117,0.03612983785569668,0.007392406463623047,0.03799734264612198
TRI_G,41,bracket_black/test/hole/009.png,1,abnormal_normal,32x32,4,1019,0.01537624631356722,0.001851985976099968,0.007054654881358147,0.012765869498252869,0.02062886208295822,0.03797305300831792,0.0,0.09789957851171494
TRI_G,41,bracket_black/test/hole/009.png,1,defect,32x32,4,5,0.028039997816085814,0.008495956659317017,0.018849581480026245,0.025998950004577637,0.04276144504547119,0.045898258686065674,0.0059075504541397095,0.046682462096214294
TRI_G,41,bracket_black/test/hole/009.png,1,clean_defect,32x32,4,1,0.0059075504541397095,0.0059075504541397095,0.0059075504541397095,0.0059075504541397095,0.0059075504541397095,0.0059075504541397095,0.0059075504541397095,0.0059075504541397095
TRI_G,41,bracket_black/test/hole/009.png,1,boundary,32x32,4,4,0.03357310965657234,0.019921986758708952,0.02421160787343979,0.034380197525024414,0.04374169930815697,0.04609430953860283,0.018849581480026245,0.046682462096214294
TRI_G,42,bracket_black/test/hole/010.png,1,abnormal_normal,32x32,6,1017,0.013881236918713813,0.001244693994522095,0.005772754549980164,0.011295083910226822,0.018578752875328064,0.034913741052150726,0.0,0.0861642062664032
TRI_G,42,bracket_black/test/hole/010.png,1,defect,32x32,6,7,0.023179551320416585,0.009993326663970948,0.015124842524528503,0.023005664348602295,0.028461705893278122,0.03968896865844726,0.008722826838493347,0.043355271220207214
TRI_G,42,bracket_black/test/hole/010.png,1,clean_defect,32x32,6,1,0.008722826838493347,0.008722826838493347,0.008722826838493347,0.008722826838493347,0.008722826838493347,0.008722826838493347,0.008722826838493347,0.008722826838493347
TRI_G,42,bracket_black/test/hole/010.png,1,boundary,32x32,6,6,0.025589005400737126,0.014041334390640259,0.018720310181379318,0.024397406727075577,0.029797984287142754,0.04030001908540726,0.012957826256752014,0.043355271220207214
TRI_G,43,bracket_black/test/hole/011.png,1,abnormal_normal,32x32,5,1018,0.013189173115084354,0.0013110615313053132,0.004892405122518539,0.010630428791046143,0.017809343989938498,0.03363412450999021,0.0,0.08087237924337387
TRI_G,43,bracket_black/test/hole/011.png,1,defect,32x32,5,6,0.016580770413080852,0.004267383366823196,0.0052954331040382385,0.013468079268932343,0.026837125420570374,0.03321161866188049,0.003969252109527588,0.03471451997756958
TRI_G,43,bracket_black/test/hole/011.png,1,clean_defect,32x32,5,1,0.003969252109527588,0.003969252109527588,0.003969252109527588,0.003969252109527588,0.003969252109527588,0.003969252109527588,0.003969252109527588,0.003969252109527588
TRI_G,43,bracket_black/test/hole/011.png,1,boundary,32x32,5,5,0.019103074073791505,0.005268701910972595,0.005696401000022888,0.021239757537841797,0.028702914714813232,0.03351219892501831,0.005161777138710022,0.03471451997756958
TRI_G,44,bracket_black/test/scratches/000.png,1,abnormal_normal,32x32,6,1018,0.013270580034139466,0.00026062587276101115,0.004430856555700302,0.009969284757971764,0.01815229095518589,0.03757398277521133,0.0,0.08883999288082123
TRI_G,44,bracket_black/test/scratches/000.png,1,defect,32x32,6,6,0.031400332848230995,0.010774150490760803,0.016963616013526917,0.032445892691612244,0.04591606557369232,0.05075401812791824,0.009335756301879883,0.05196547508239746
TRI_G,44,bracket_black/test/scratches/000.png,1,clean_defect,32x32,6,0,,,,,,,,
TRI_G,44,bracket_black/test/scratches/000.png,1,boundary,32x32,6,6,0.031400332848230995,0.010774150490760803,0.016963616013526917,0.032445892691612244,0.04591606557369232,0.05075401812791824,0.009335756301879883,0.05196547508239746
TRI_G,45,bracket_black/test/scratches/001.png,1,abnormal_normal,32x32,7,1017,0.01099624049473433,0.00013736933469772348,0.0033801794052124023,0.008240420371294022,0.015107652172446251,0.032293401658535004,0.0,0.0792187973856926
TRI_G,45,bracket_black/test/scratches/001.png,1,defect,32x32,7,7,0.010385718728814806,0.0013774193823337555,0.003814496099948883,0.008238047361373901,0.011720411479473114,0.02651465386152266,0.0013595446944236755,0.03203262388706207
TRI_G,45,bracket_black/test/scratches/001.png,1,clean_defect,32x32,7,0,,,,,,,,
TRI_G,45,bracket_black/test/scratches/001.png,1,boundary,32x32,7,7,0.010385718728814806,0.0013774193823337555,0.003814496099948883,0.008238047361373901,0.011720411479473114,0.02651465386152266,0.0013595446944236755,0.03203262388706207
TRI_G,46,bracket_black/test/scratches/002.png,1,abnormal_normal,32x32,8,1016,0.011999446815741431,0.00037696026265621185,0.003585260361433029,0.00906740128993988,0.016595237888395786,0.03549036476761103,0.0,0.08519168943166733
TRI_G,46,bracket_black/test/scratches/002.png,1,defect,32x32,8,8,0.03199067525565624,0.00870242714881897,0.02661167085170746,0.032520830631256104,0.040951501578092575,0.0506873220205307,0.0,0.05176004767417908
TRI_G,46,bracket_black/test/scratches/002.png,1,clean_defect,32x32,8,0,,,,,,,,
TRI_G,46,bracket_black/test/scratches/002.png,1,boundary,32x32,8,8,0.03199067525565624,0.00870242714881897,0.02661167085170746,0.032520830631256104,0.040951501578092575,0.0506873220205307,0.0,0.05176004767417908
TRI_G,47,bracket_black/test/scratches/003.png,1,abnormal_normal,32x32,8,1016,0.015126090125532777,0.000977441668510437,0.005947353318333626,0.011822471395134926,0.02047627978026867,0.04096836969256401,0.0,0.12554551661014557
TRI_G,47,bracket_black/test/scratches/003.png,1,defect,32x32,8,8,0.019090263172984123,0.009813165664672852,0.015120703727006912,0.018015742301940918,0.023175403475761414,0.029686267673969265,0.00761297345161438,0.03274008631706238
TRI_G,47,bracket_black/test/scratches/003.png,1,clean_defect,32x32,8,0,,,,,,,,
TRI_G,47,bracket_black/test/scratches/003.png,1,boundary,32x32,8,8,0.019090263172984123,0.009813165664672852,0.015120703727006912,0.018015742301940918,0.023175403475761414,0.029686267673969265,0.00761297345161438,0.03274008631706238
TRI_G,48,bracket_black/test/scratches/004.png,1,abnormal_normal,32x32,8,1014,0.014248171468546405,0.0012043635360896587,0.005628766492009163,0.01099485345184803,0.01911488827317953,0.0378777116537094,0.0,0.14926958084106445
TRI_G,48,bracket_black/test/scratches/004.png,1,defect,32x32,8,10,0.024604445695877074,0.006428167223930359,0.013125088065862656,0.026551246643066406,0.035236213356256485,0.04140155017375946,0.005011558532714844,0.042680561542510986
TRI_G,48,bracket_black/test/scratches/004.png,1,clean_defect,32x32,8,2,0.024577662348747253,0.01893090158700943,0.021440573036670685,0.024577662348747253,0.027714751660823822,0.030224423110485076,0.018303483724594116,0.03085184097290039
TRI_G,48,bracket_black/test/scratches/004.png,1,boundary,32x32,8,8,0.02461114153265953,0.006113365292549133,0.010589111596345901,0.026551246643066406,0.03748283162713051,0.04168577492237091,0.005011558532714844,0.042680561542510986
TRI_G,49,bracket_black/test/scratches/005.png,1,abnormal_normal,32x32,8,1015,0.013326014587976808,0.0007195644080638886,0.00510362908244133,0.01029285043478012,0.01786109432578087,0.03531746603548525,0.0,0.10526488721370697
TRI_G,49,bracket_black/test/scratches/005.png,1,defect,32x32,8,9,0.020201107694043055,0.0050308525562286375,0.011282667517662048,0.021476492285728455,0.03120484948158264,0.03451643884181976,0.0041162073612213135,0.0364818274974823
TRI_G,49,bracket_black/test/scratches/005.png,1,clean_defect,32x32,8,1,0.02668207883834839,0.02668207883834839,0.02668207883834839,0.02668207883834839,0.02668207883834839,0.02668207883834839,0.02668207883834839,0.02668207883834839
TRI_G,49,bracket_black/test/scratches/005.png,1,boundary,32x32,8,8,0.019390986301004887,0.004916521906852722,0.010062705725431442,0.017035581171512604,0.03129572607576847,0.03476211242377758,0.0041162073612213135,0.0364818274974823
TRI_G,50,bracket_black/test/scratches/006.png,1,abnormal_normal,32x32,8,1016,0.013968625843367269,0.0009663179516792297,0.005341308191418648,0.011558335274457932,0.019134102389216423,0.03547308221459389,0.0,0.1060030609369278
TRI_G,50,bracket_black/test/scratches/006.png,1,defect,32x32,8,8,0.02026953548192978,0.010090687870979309,0.015347830951213837,0.017092980444431305,0.023553285747766495,0.03584302067756652,0.008886992931365967,0.038953572511672974
TRI_G,50,bracket_black/test/scratches/006.png,1,clean_defect,32x32,8,0,,,,,,,,
TRI_G,50,bracket_black/test/scratches/006.png,1,boundary,32x32,8,8,0.02026953548192978,0.010090687870979309,0.015347830951213837,0.017092980444431305,0.023553285747766495,0.03584302067756652,0.008886992931365967,0.038953572511672974
TRI_G,51,bracket_black/test/scratches/007.png,1,abnormal_normal,32x32,7,1017,0.014127362182962771,0.0010274097323417664,0.005341731011867523,0.011384688317775726,0.01952606812119484,0.037297196686267846,0.0,0.1046869084239006
TRI_G,51,bracket_black/test/scratches/007.png,1,defect,32x32,7,7,0.022112089608396803,0.006980887055397034,0.009113863110542297,0.023048818111419678,0.03255665302276611,0.03905568942427635,0.006917238235473633,0.04147753864526749
TRI_G,51,bracket_black/test/scratches/007.png,1,clean_defect,32x32,7,0,,,,,,,,
TRI_G,51,bracket_black/test/scratches/007.png,1,boundary,32x32,7,7,0.022112089608396803,0.006980887055397034,0.009113863110542297,0.023048818111419678,0.03255665302276611,0.03905568942427635,0.006917238235473633,0.04147753864526749
TRI_G,52,bracket_black/test/scratches/008.png,1,abnormal_normal,32x32,6,1017,0.01240176137219913,0.00042658075690269473,0.003929497674107552,0.009382490068674088,0.01717059314250946,0.03434911444783208,0.0,0.09362804889678955
TRI_G,52,bracket_black/test/scratches/008.png,1,defect,32x32,6,7,0.023391234023230418,0.007378721237182618,0.015553370118141174,0.020059525966644287,0.034315869212150574,0.03845357596874237,0.004903525114059448,0.039037108421325684
TRI_G,52,bracket_black/test/scratches/008.png,1,clean_defect,32x32,6,1,0.039037108421325684,0.039037108421325684,0.039037108421325684,0.039037108421325684,0.039037108421325684,0.039037108421325684,0.039037108421325684,0.039037108421325684
TRI_G,52,bracket_black/test/scratches/008.png,1,boundary,32x32,6,6,0.02078358829021454,0.006966188549995422,0.01435377448797226,0.019006043672561646,0.028669685125350952,0.035703934729099274,0.004903525114059448,0.037092000246047974
TRI_G,53,bracket_black/test/scratches/009.png,1,abnormal_normal,32x32,7,1016,0.013038561101471198,0.00021659815683960915,0.004115106537938118,0.010156689211726189,0.018536685034632683,0.035894161090254784,0.0,0.1129416972398758
TRI_G,53,bracket_black/test/scratches/009.png,1,defect,32x32,7,8,0.035116998478770256,0.007437781244516373,0.017376426607370377,0.03407905250787735,0.055693596601486206,0.06128445267677307,0.003862813115119934,0.061440080404281616
TRI_G,53,bracket_black/test/scratches/009.png,1,clean_defect,32x32,7,1,0.0609954297542572,0.0609954297542572,0.0609954297542572,0.0609954297542572,0.0609954297542572,0.0609954297542572,0.0609954297542572,0.0609954297542572
TRI_G,53,bracket_black/test/scratches/009.png,1,boundary,32x32,7,7,0.031420079725129266,0.006927071511745453,0.01627662032842636,0.029935404658317566,0.046074509620666504,0.05918595194816589,0.003862813115119934,0.061440080404281616
TRI_G,54,bracket_black/test/scratches/010.png,1,abnormal_normal,32x32,7,1016,0.014788768394927194,0.0005168933421373367,0.004862789995968342,0.011962246149778366,0.02195151150226593,0.04047088883817196,0.0,0.08985894918441772
TRI_G,54,bracket_black/test/scratches/010.png,1,defect,32x32,7,8,0.029088640585541725,0.017088459432125093,0.022815309464931488,0.028071530163288116,0.03454231470823288,0.043151439726352686,0.016936451196670532,0.044607967138290405
TRI_G,54,bracket_black/test/scratches/010.png,1,clean_defect,32x32,7,1,0.044607967138290405,0.044607967138290405,0.044607967138290405,0.044607967138290405,0.044607967138290405,0.044607967138290405,0.044607967138290405,0.044607967138290405
TRI_G,54,bracket_black/test/scratches/010.png,1,boundary,32x32,7,7,0.026871593935149058,0.017066743969917298,0.021000459790229797,0.025684446096420288,0.03151644021272659,0.038084802031517026,0.016936451196670532,0.040446460247039795
TRI_G,55,bracket_black/test/scratches/011.png,1,abnormal_normal,32x32,5,1019,0.013606877461938558,0.000559377670288086,0.004704266786575317,0.010863404721021652,0.018956437706947327,0.03588306084275245,0.0,0.07370685040950775
TRI_G,55,bracket_black/test/scratches/011.png,1,defect,32x32,5,5,0.035861194133758545,0.028953307867050172,0.036824434995651245,0.0369398295879364,0.03777700662612915,0.04017874002456665,0.026985526084899902,0.040779173374176025
TRI_G,55,bracket_black/test/scratches/011.png,1,clean_defect,32x32,5,0,,,,,,,,
TRI_G,55,bracket_black/test/scratches/011.png,1,boundary,32x32,5,5,0.035861194133758545,0.028953307867050172,0.036824434995651245,0.0369398295879364,0.03777700662612915,0.04017874002456665,0.026985526084899902,0.040779173374176025
TRI_G,56,bracket_black/test/scratches/012.png,1,abnormal_normal,32x32,5,1019,0.013923233520272494,0.0008120927959680557,0.0053625814616680145,0.011006951332092285,0.0189075730741024,0.03730199113488195,0.0,0.08080139756202698
TRI_G,56,bracket_black/test/scratches/012.png,1,defect,32x32,5,5,0.026320144534111023,0.019018620252609253,0.019759029150009155,0.02425195276737213,0.02897968888282776,0.03761716485023498,0.018833518028259277,0.03977653384208679
TRI_G,56,bracket_black/test/scratches/012.png,1,clean_defect,32x32,5,0,,,,,,,,
TRI_G,56,bracket_black/test/scratches/012.png,1,boundary,32x32,5,5,0.026320144534111023,0.019018620252609253,0.019759029150009155,0.02425195276737213,0.02897968888282776,0.03761716485023498,0.018833518028259277,0.03977653384208679
TRI_G,57,bracket_black/test/scratches/013.png,1,abnormal_normal,32x32,5,1019,0.014170127100072677,0.0006598614156246186,0.004461606964468956,0.010759018361568451,0.020054996013641357,0.03959543779492377,0.0,0.07591667026281357
TRI_G,57,bracket_black/test/scratches/013.png,1,defect,32x32,5,5,0.03169753849506378,0.014591503143310546,0.01989591121673584,0.02875368297100067,0.04309356212615967,0.051402020454406734,0.013265401124954224,0.053479135036468506
TRI_G,57,bracket_black/test/scratches/013.png,1,clean_defect,32x32,5,0,,,,,,,,
TRI_G,57,bracket_black/test/scratches/013.png,1,boundary,32x32,5,5,0.03169753849506378,0.014591503143310546,0.01989591121673584,0.02875368297100067,0.04309356212615967,0.051402020454406734,0.013265401124954224,0.053479135036468506
TRI_G,58,bracket_black/test/scratches/014.png,1,abnormal_normal,32x32,7,1015,0.011813053973661414,9.99538227915764e-05,0.0032439827919006348,0.008295737206935883,0.01612682454288006,0.03679062128067016,0.0,0.11000274121761322
TRI_G,58,bracket_black/test/scratches/014.png,1,defect,32x32,7,9,0.010123287224107318,0.00042100250720977783,0.0038952045142650604,0.008690543472766876,0.015011236071586609,0.024293062090873715,1.4901161193847656e-08,0.028721049427986145
TRI_G,58,bracket_black/test/scratches/014.png,1,clean_defect,32x32,7,2,0.01436053216457367,0.0014360666275024414,0.007180273532867432,0.01436053216457367,0.021540790796279907,0.027284997701644897,1.4901161193847656e-08,0.028721049427986145
TRI_G,58,bracket_black/test/scratches/014.png,1,boundary,32x32,7,7,0.008912645812545503,0.001905300095677376,0.004867305979132652,0.008690543472766876,0.012629900127649307,0.016859127581119536,0.0010524839162826538,0.017651081085205078
TRI_G,59,bracket_black/test/scratches/015.png,1,abnormal_normal,32x32,6,1017,0.010573452344070845,9.313225746154785e-10,0.002232082188129425,0.007250826805830002,0.014759846031665802,0.03196128383278844,0.0,0.10449467599391937
TRI_G,59,bracket_black/test/scratches/015.png,1,defect,32x32,6,7,0.012416550889611244,8.744131773710252e-05,0.002467893064022064,0.006264530122280121,0.020609183236956596,0.033403626084327696,1.862645149230957e-09,0.03449717164039612
TRI_G,59,bracket_black/test/scratches/015.png,1,clean_defect,32x32,6,1,0.030852019786834717,0.030852019786834717,0.030852019786834717,0.030852019786834717,0.030852019786834717,0.030852019786834717,0.030852019786834717,0.030852019786834717
TRI_G,59,bracket_black/test/scratches/015.png,1,boundary,32x32,6,6,0.009343972740074,7.286807522177696e-05,0.0013796798884868622,0.0054544247686862946,0.009340892545878887,0.028464465402066708,1.862645149230957e-09,0.03449717164039612
TRI_G,60,bracket_black/test/scratches/016.png,1,abnormal_normal,32x32,6,1017,0.012034792421914952,0.00020258724689483656,0.003998085856437683,0.008973997086286545,0.016304373741149902,0.03335085138678548,0.0,0.11065978556871414
TRI_G,60,bracket_black/test/scratches/016.png,1,defect,32x32,6,7,0.016143842467239926,0.004289164394140244,0.00910208746790886,0.01838052272796631,0.02434179186820984,0.024446654319763183,0.0032663196325302124,0.024472296237945557
TRI_G,60,bracket_black/test/scratches/016.png,1,clean_defect,32x32,6,1,0.024386823177337646,0.024386823177337646,0.024386823177337646,0.024386823177337646,0.024386823177337646,0.024386823177337646,0.024386823177337646,0.024386823177337646
TRI_G,60,bracket_black/test/scratches/016.png,1,boundary,32x32,6,6,0.014770012348890305,0.004118690267205238,0.007888944819569588,0.014954447746276855,0.0228177011013031,0.024428412318229675,0.0032663196325302124,0.024472296237945557
TRI_G,61,bracket_black/test/scratches/017.png,1,abnormal_normal,32x32,5,1017,0.01244273978343184,0.0004988990724086762,0.00408395379781723,0.009736280888319016,0.017217598855495453,0.03333165049552917,0.0,0.08688090741634369
TRI_G,61,bracket_black/test/scratches/017.png,1,defect,32x32,5,7,0.027350575796195438,0.006170307099819183,0.014975816011428833,0.029286645352840424,0.03989546746015549,0.04547990262508392,0.005386784672737122,0.04703803360462189
TRI_G,61,bracket_black/test/scratches/017.png,1,clean_defect,32x32,5,2,0.02166672796010971,0.00701477900147438,0.013526756316423416,0.02166672796010971,0.029806699603796005,0.03631867691874504,0.005386784672737122,0.0379466712474823
TRI_G,61,bracket_black/test/scratches/017.png,1,boundary,32x32,5,5,0.02962411493062973,0.010789442062377929,0.021953105926513672,0.029286645352840424,0.041844263672828674,0.04599927961826324,0.007998526096343994,0.04703803360462189
TRI_G,62,bracket_black/test/scratches/018.png,1,abnormal_normal,32x32,7,1016,0.01249121832862995,0.00044044433161616325,0.003967504482716322,0.009505403228104115,0.017718257382512093,0.03456860966980457,0.0,0.08123743534088135
TRI_G,62,bracket_black/test/scratches/018.png,1,defect,32x32,7,8,0.022101283073425293,0.007360020279884338,0.01468890905380249,0.019391536712646484,0.026361629366874695,0.04290935546159744,0.005313098430633545,0.047010719776153564
TRI_G,62,bracket_black/test/scratches/018.png,1,clean_defect,32x32,7,1,0.023384660482406616,0.023384660482406616,0.023384660482406616,0.023384660482406616,0.023384660482406616,0.023384660482406616,0.023384660482406616,0.023384660482406616
TRI_G,62,bracket_black/test/scratches/018.png,1,boundary,32x32,7,7,0.021917943443570818,0.0070676028728485114,0.01351308822631836,0.01908138394355774,0.02749711275100708,0.043495264649391165,0.005313098430633545,0.047010719776153564
TRI_G,63,bracket_black/test/scratches/019.png,1,abnormal_normal,32x32,4,1019,0.012577289057359962,0.0004189427942037583,0.0039079319685697556,0.009199537336826324,0.01715063489973545,0.036029044538736336,0.0,0.10025299340486526
TRI_G,63,bracket_black/test/scratches/019.png,1,defect,32x32,4,5,0.027076220512390135,0.02274632453918457,0.023443102836608887,0.02665889263153076,0.029872208833694458,0.03224225640296936,0.02257212996482849,0.032834768295288086
TRI_G,63,bracket_black/test/scratches/019.png,1,clean_defect,32x32,4,1,0.029872208833694458,0.029872208833694458,0.029872208833694458,0.029872208833694458,0.029872208833694458,0.029872208833694458,0.029872208833694458,0.029872208833694458
TRI_G,63,bracket_black/test/scratches/019.png,1,boundary,32x32,4,4,0.026377223432064056,0.02270277589559555,0.023225359618663788,0.025050997734069824,0.028202861547470093,0.03190838694572448,0.02257212996482849,0.032834768295288086
TRI_G,64,bracket_black/test/scratches/020.png,1,abnormal_normal,32x32,4,1019,0.012659103303445801,0.00029117278754711153,0.0042763520032167435,0.0096016526222229,0.017829371616244316,0.0363066840916872,0.0,0.08498867601156235
TRI_G,64,bracket_black/test/scratches/020.png,1,defect,32x32,4,5,0.037635335326194765,0.028653326630592345,0.03273613750934601,0.03552904725074768,0.04460236430168152,0.04706167578697205,0.02763262391090393,0.04767650365829468
TRI_G,64,bracket_black/test/scratches/020.png,1,clean_defect,32x32,4,1,0.04460236430168152,0.04460236430168152,0.04460236430168152,0.04460236430168152,0.04460236430168152,0.04460236430168152,0.04460236430168152,0.04460236430168152
TRI_G,64,bracket_black/test/scratches/020.png,1,boundary,32x32,4,4,0.035893578082323074,0.02839815095067024,0.03146025910973549,0.034132592380046844,0.03856591135263443,0.045854385197162624,0.02763262391090393,0.04767650365829468
TRI_G,65,bracket_black/test/scratches/021.png,1,abnormal_normal,32x32,6,1017,0.012436456896818902,5.405843257904056e-05,0.0037899017333984375,0.009450534358620644,0.017777543514966965,0.035141897201538076,0.0,0.09921205788850784
TRI_G,65,bracket_black/test/scratches/021.png,1,defect,32x32,6,7,0.029104208307606832,0.008647043257951736,0.011275719851255417,0.022042974829673767,0.044204048812389374,0.05769270956516265,0.008376464247703552,0.06235048174858093
TRI_G,65,bracket_black/test/scratches/021.png,1,clean_defect,32x32,6,1,0.04682457447052002,0.04682457447052002,0.04682457447052002,0.04682457447052002,0.04682457447052002,0.04682457447052002,0.04682457447052002,0.04682457447052002
TRI_G,65,bracket_black/test/scratches/021.png,1,boundary,32x32,6,6,0.026150813947121303,0.008601946756243706,0.010277057066559792,0.017658010125160217,0.03669838607311249,0.05715874210000038,0.008376464247703552,0.06235048174858093
TRI_G,66,bracket_black/test/scratches/022.png,1,abnormal_normal,32x32,4,1018,0.012098026644412889,3.868341445922852e-05,0.003725694492459297,0.009199313819408417,0.01685433555394411,0.03424558658152818,0.0,0.08344656229019165
TRI_G,66,bracket_black/test/scratches/022.png,1,defect,32x32,4,6,0.020813511063655216,0.0040858471766114235,0.009203925728797913,0.023126333951950073,0.029116181656718254,0.037047491408884525,0.0037103109061717987,0.03924216702580452
TRI_G,66,bracket_black/test/scratches/022.png,1,clean_defect,32x32,4,2,0.013195395469665527,0.0060107499361038205,0.009203925728797913,0.013195395469665527,0.017186865210533142,0.020380041003227232,0.005212455987930298,0.021178334951400757
TRI_G,66,bracket_black/test/scratches/022.png,1,boundary,32x32,4,4,0.024622568860650063,0.006914914213120938,0.019733327440917492,0.027768898755311966,0.03265814017504454,0.03792536165565252,0.0037103109061717987,0.03924216702580452
TRI_G,67,bracket_black/test/scratches/023.png,1,abnormal_normal,32x32,5,1019,0.011994679043959676,3.725290298461914e-09,0.00322121474891901,0.008731286972761154,0.01681326050311327,0.03476283438503742,0.0,0.10708074271678925
TRI_G,67,bracket_black/test/scratches/023.png,1,defect,32x32,5,5,0.01159069836139679,0.0007403627038002014,0.003701813519001007,0.004780910909175873,0.02014097571372986,0.027492028474807736,0.0,0.02932979166507721
TRI_G,67,bracket_black/test/scratches/023.png,1,clean_defect,32x32,5,0,,,,,,,,
TRI_G,67,bracket_black/test/scratches/023.png,1,boundary,32x32,5,5,0.01159069836139679,0.0007403627038002014,0.003701813519001007,0.004780910909175873,0.02014097571372986,0.027492028474807736,0.0,0.02932979166507721
TRI_G,68,bracket_black/test/scratches/024.png,1,abnormal_normal,32x32,5,1018,0.011641845571824985,0.0003402945585548878,0.0039025857113301754,0.009112369269132614,0.016684425994753838,0.03151443675160408,0.0,0.08989840000867844
TRI_G,68,bracket_black/test/scratches/024.png,1,defect,32x32,5,6,0.008409028872847557,0.00048251543194055557,0.002505985088646412,0.0061500184237957,0.009563077241182327,0.022137051448225975,0.0,0.02616206556558609
TRI_G,68,bracket_black/test/scratches/024.png,1,clean_defect,32x32,5,1,0.0,0.0,0.0,0.0,0.0,0.0,0.0,0.0
TRI_G,68,bracket_black/test/scratches/024.png,1,boundary,32x32,5,5,0.010090834647417068,0.002390800416469574,0.004233755171298981,0.00806628167629242,0.01006200909614563,0.022942054271697994,0.0019300617277622223,0.02616206556558609
TRI_G,69,bracket_black/test/scratches/025.png,1,abnormal_normal,32x32,5,1018,0.011935484888350448,0.00037802234292030337,0.003948618657886982,0.009423613548278809,0.01715565286576748,0.031046178378164768,0.0,0.06345526874065399
TRI_G,69,bracket_black/test/scratches/025.png,1,defect,32x32,5,6,0.010355033601323763,0.0017563560977578163,0.007404067553579807,0.008813269436359406,0.014811806380748749,0.019748564809560776,7.450580596923828e-09,0.020758002996444702
TRI_G,69,bracket_black/test/scratches/025.png,1,clean_defect,32x32,5,1,0.016720250248908997,0.016720250248908997,0.016720250248908997,0.016720250248908997,0.016720250248908997,0.016720250248908997,0.016720250248908997,0.016720250248908997
TRI_G,69,bracket_black/test/scratches/025.png,1,boundary,32x32,5,5,0.009081990271806718,0.0014050863683223724,0.0070254020392894745,0.008540064096450806,0.009086474776268005,0.01842369735240936,7.450580596923828e-09,0.020758002996444702
TRI_G,70,bracket_black/test/scratches/026.png,1,abnormal_normal,32x32,4,1019,0.011757815129674744,0.00039750412106513976,0.004209551960229874,0.008980244398117065,0.01611657813191414,0.03217513374984263,0.0,0.07574766874313354
TRI_G,70,bracket_black/test/scratches/026.png,1,defect,32x32,4,5,0.008900444209575652,0.00040544271469116215,0.0012973546981811523,0.011421248316764832,0.012423217296600342,0.017826992273330688,0.00018246471881866455,0.019177936017513275
TRI_G,70,bracket_black/test/scratches/026.png,1,clean_defect,32x32,4,1,0.00018246471881866455,0.00018246471881866455,0.00018246471881866455,0.00018246471881866455,0.00018246471881866455,0.00018246471881866455,0.00018246471881866455,0.00018246471881866455
TRI_G,70,bracket_black/test/scratches/026.png,1,boundary,32x32,4,4,0.0110799390822649,0.0028159387409687044,0.008890274912118912,0.011922232806682587,0.014111896976828575,0.018164728209376334,0.0012973546981811523,0.019177936017513275
TRI_G,71,bracket_black/test/scratches/027.png,1,abnormal_normal,32x32,4,1019,0.012565742792896158,0.00046628639101982145,0.00468295905739069,0.009895090013742447,0.017569832503795624,0.03283108174800871,0.0,0.10388491302728653
TRI_G,71,bracket_black/test/scratches/027.png,1,defect,32x32,4,5,0.012728752195835113,0.0011554121971130372,0.0057770609855651855,0.010369323194026947,0.01358148455619812,0.029849010705947872,0.0,0.033915892243385315
TRI_G,71,bracket_black/test/scratches/027.png,1,clean_defect,32x32,4,1,0.0,0.0,0.0,0.0,0.0,0.0,0.0,0.0
TRI_G,71,bracket_black/test/scratches/027.png,1,boundary,32x32,4,4,0.015910940244793892,0.006465900316834449,0.009221257641911507,0.011975403875112534,0.01866508647799492,0.030865731090307227,0.0057770609855651855,0.033915892243385315
TRI_G,72,bracket_black/test/scratches/028.png,1,abnormal_normal,32x32,4,1019,0.013484960904946301,0.0006456691771745682,0.004685712978243828,0.010541796684265137,0.018613742664456367,0.03615822307765477,0.0,0.0721486508846283
TRI_G,72,bracket_black/test/scratches/028.png,1,defect,32x32,4,5,0.009965594112873077,0.003986546397209167,0.006439074873924255,0.01062408834695816,0.012919403612613678,0.015761472284793854,0.0033734142780303955,0.016471989452838898
TRI_G,72,bracket_black/test/scratches/028.png,1,clean_defect,32x32,4,1,0.0033734142780303955,0.0033734142780303955,0.0033734142780303955,0.0033734142780303955,0.0033734142780303955,0.0033734142780303955,0.0033734142780303955,0.0033734142780303955
TRI_G,72,bracket_black/test/scratches/028.png,1,boundary,32x32,4,4,0.011613639071583748,0.007066826894879341,0.009577834978699684,0.01177174597978592,0.013807550072669983,0.015939101576805115,0.006439074873924255,0.016471989452838898
TRI_G,73,bracket_black/test/scratches/029.png,1,abnormal_normal,32x32,6,1018,0.014621558999423164,0.0008477507159113885,0.0057534570805728436,0.01157054491341114,0.01961201522499323,0.03920167908072471,0.0,0.14953124523162842
TRI_G,73,bracket_black/test/scratches/029.png,1,defect,32x32,6,6,0.020732721934715908,0.008143439888954163,0.009535973891615868,0.020442727953195572,0.02976193279027939,0.03510535508394241,0.008139297366142273,0.03660285472869873
TRI_G,73,bracket_black/test/scratches/029.png,1,clean_defect,32x32,6,0,,,,,,,,
TRI_G,73,bracket_black/test/scratches/029.png,1,boundary,32x32,6,6,0.020732721934715908,0.008143439888954163,0.009535973891615868,0.020442727953195572,0.02976193279027939,0.03510535508394241,0.008139297366142273,0.03660285472869873
TRI_G,74,bracket_black/test/scratches/030.png,1,abnormal_normal,32x32,6,1018,0.013595498413074404,0.0005497457692399621,0.004798258654773235,0.010546347126364708,0.0183958001434803,0.037072199210524556,0.0,0.10924167186021805
TRI_G,74,bracket_black/test/scratches/030.png,1,defect,32x32,6,6,0.03076525901754697,0.021860135719180107,0.02396787889301777,0.02901770919561386,0.02981492504477501,0.046874333173036575,0.02171345055103302,0.05247741937637329
TRI_G,74,bracket_black/test/scratches/030.png,1,clean_defect,32x32,6,0,,,,,,,,
TRI_G,74,bracket_black/test/scratches/030.png,1,boundary,32x32,6,6,0.03076525901754697,0.021860135719180107,0.02396787889301777,0.02901770919561386,0.02981492504477501,0.046874333173036575,0.02171345055103302,0.05247741937637329
TRI_G,75,bracket_black/test/scratches/031.png,1,abnormal_normal,32x32,6,1018,0.011795087154380143,0.00017703641206026077,0.003474876284599304,0.008782792836427689,0.015867468435317278,0.03570733331143856,0.0,0.0822988748550415
TRI_G,75,bracket_black/test/scratches/031.png,1,defect,32x32,6,6,0.01629960909485817,0.0026720985770225525,0.010758385062217712,0.01404404267668724,0.01753440871834755,0.035429563373327255,8.948147296905518e-05,0.04125905781984329
TRI_G,75,bracket_black/test/scratches/031.png,1,clean_defect,32x32,6,0,,,,,,,,
TRI_G,75,bracket_black/test/scratches/031.png,1,boundary,32x32,6,6,0.01629960909485817,0.0026720985770225525,0.010758385062217712,0.01404404267668724,0.01753440871834755,0.035429563373327255,8.948147296905518e-05,0.04125905781984329
TRI_G,76,bracket_black/test/scratches/032.png,1,abnormal_normal,32x32,3,1019,0.011626210745965095,2.2883340716362094e-05,0.003818076103925705,0.008558891713619232,0.015955043025314808,0.03393185287714003,0.0,0.07801605761051178
TRI_G,76,bracket_black/test/scratches/032.png,1,defect,32x32,3,5,0.015120941400527953,0.0018260374665260315,0.0071708038449287415,0.01837838441133499,0.01981346309185028,0.027764460444450377,0.000489845871925354,0.029752209782600403
TRI_G,76,bracket_black/test/scratches/032.png,1,clean_defect,32x32,3,2,0.024065297096967697,0.018947075679898263,0.021221840754151344,0.024065297096967697,0.02690875343978405,0.02918351851403713,0.01837838441133499,0.029752209782600403
TRI_G,76,bracket_black/test/scratches/032.png,1,boundary,32x32,3,3,0.009158037602901459,0.0011579416692256927,0.0038303248584270477,0.0071708038449287415,0.013492133468389511,0.018549197167158124,0.000489845871925354,0.01981346309185028
TRI_G,77,bracket_black/test/scratches/033.png,1,abnormal_normal,32x32,6,1018,0.01428035673893959,0.0006079160608351231,0.004379854537546635,0.0106203593313694,0.020419005304574966,0.04104217123240232,0.0,0.11264422535896301
TRI_G,77,bracket_black/test/scratches/033.png,1,defect,32x32,6,6,0.03178961699207624,0.006408721208572388,0.01993313431739807,0.03177669644355774,0.04494061507284641,0.056322576478123665,0.002001628279685974,0.059868812561035156
TRI_G,77,bracket_black/test/scratches/033.png,1,clean_defect,32x32,6,0,,,,,,,,
TRI_G,77,bracket_black/test/scratches/033.png,1,boundary,32x32,6,6,0.03178961699207624,0.006408721208572388,0.01993313431739807,0.03177669644355774,0.04494061507284641,0.056322576478123665,0.002001628279685974,0.059868812561035156
TRI_G,78,bracket_black/test/scratches/034.png,1,abnormal_normal,32x32,7,1017,0.01384678935209031,0.0005248874425888062,0.0045388974249362946,0.010162755846977234,0.01954013854265213,0.04126249998807904,0.0,0.1100149154663086
TRI_G,78,bracket_black/test/scratches/034.png,1,defect,32x32,7,7,0.03552144233669553,0.011787026375532151,0.021865617483854294,0.04103313386440277,0.048285625874996185,0.0574671022593975,0.007631808519363403,0.05968266725540161
TRI_G,78,bracket_black/test/scratches/034.png,1,clean_defect,32x32,7,0,,,,,,,,
TRI_G,78,bracket_black/test/scratches/034.png,1,boundary,32x32,7,7,0.03552144233669553,0.011787026375532151,0.021865617483854294,0.04103313386440277,0.048285625874996185,0.0574671022593975,0.007631808519363403,0.05968266725540161
BAL_G,0,bracket_black/test/good/000.png,0,normal_image,32x32,0,1024,0.012109882576623932,0.0004356756806373597,0.0038390830159187317,0.009048812091350555,0.016683287918567657,0.03542429208755492,0.0,0.08850577473640442
BAL_G,1,bracket_black/test/good/001.png,0,normal_image,32x32,0,1024,0.010717819546698593,0.0,0.0011319667100906372,0.006791621446609497,0.015493497252464294,0.037231992930173874,0.0,0.1150108277797699
BAL_G,2,bracket_black/test/good/002.png,0,normal_image,32x32,0,1024,0.011207004223251715,0.0,0.0027322694659233093,0.00813300907611847,0.016341116279363632,0.031973622739315026,0.0,0.08193531632423401
BAL_G,3,bracket_black/test/good/003.png,0,normal_image,32x32,0,1024,0.009919454256305471,0.0,0.00016444921493530273,0.004888787865638733,0.014445401728153229,0.03609691560268402,0.0,0.09015174210071564
BAL_G,4,bracket_black/test/good/004.png,0,normal_image,32x32,0,1024,0.008923146102461033,0.0,0.0,0.004338860511779785,0.01366470754146576,0.03307197839021682,0.0,0.07327310740947723
BAL_G,5,bracket_black/test/good/005.png,0,normal_image,32x32,0,1024,0.010614763697958551,0.0,0.0009233355522155762,0.006577111780643463,0.015592411160469055,0.035047790408134424,0.0,0.13530826568603516
BAL_G,6,bracket_black/test/good/006.png,0,normal_image,32x32,0,1024,0.0131300787179498,5.304217338562019e-05,0.003771234303712845,0.00999981164932251,0.018298953771591187,0.03580350130796431,0.0,0.0955168753862381
BAL_G,7,bracket_black/test/good/007.png,0,normal_image,32x32,0,1024,0.01689427439123392,0.0016045436263084412,0.007104769349098206,0.013107500970363617,0.02279486134648323,0.04329001754522322,0.0,0.1383063793182373
BAL_G,8,bracket_black/test/good/008.png,0,normal_image,32x32,0,1024,0.013717868147068657,0.0005498215556144716,0.005710698664188385,0.011245548725128174,0.018743425607681274,0.0349093236029148,0.0,0.09363088011741638
BAL_G,9,bracket_black/test/good/009.png,0,normal_image,32x32,0,1024,0.012632300436962396,0.0005426257848739625,0.004479706287384033,0.009207203984260559,0.016897954046726227,0.035743223130702974,0.0,0.11951743066310883
BAL_G,10,bracket_black/test/good/010.png,0,normal_image,32x32,0,1024,0.014602196417399682,0.0006171375513076782,0.004964932799339294,0.011250950396060944,0.019734051078557968,0.04092300087213516,0.0,0.1194063127040863
BAL_G,11,bracket_black/test/good/011.png,0,normal_image,32x32,0,1024,0.014908540251781233,0.0014668315649032596,0.006790712475776672,0.011811837553977966,0.01984003558754921,0.038321330398321134,0.0,0.0949876606464386
BAL_G,12,bracket_black/test/good/012.png,0,normal_image,32x32,0,1024,0.014869372054818086,0.0009235545992851259,0.005818154662847519,0.011424310505390167,0.019314676523208618,0.040663452446460725,0.0,0.10879336297512054
BAL_G,13,bracket_black/test/good/013.png,0,normal_image,32x32,0,1024,0.017635305965086445,0.0021760091185569768,0.00818188488483429,0.014614500105381012,0.023289259523153305,0.04388594403862953,0.0,0.12326999008655548
BAL_G,14,bracket_black/test/good/014.png,0,normal_image,32x32,0,1024,0.013211530196713284,0.000969614088535309,0.0057858191430568695,0.011092379689216614,0.01829751580953598,0.03322546854615208,0.0,0.07518085837364197
BAL_G,15,bracket_black/test/good/015.png,0,normal_image,32x32,0,1024,0.013126011603162624,0.00117301344871521,0.0059985145926475525,0.011012449860572815,0.017666727304458618,0.031310909986495966,0.0,0.10873959958553314
BAL_G,16,bracket_black/test/good/016.png,0,normal_image,32x32,0,1024,0.013414326487691142,0.0011487483978271484,0.005807232111692429,0.010905846953392029,0.0186225064098835,0.03284719139337539,0.0,0.0695839673280716
BAL_G,17,bracket_black/test/good/017.png,0,normal_image,32x32,0,1024,0.016675913750077598,0.0021489113569259644,0.00783585011959076,0.013809412717819214,0.022046145051717758,0.040537867695093134,0.0,0.08749781548976898
BAL_G,18,bracket_black/test/good/018.png,0,normal_image,32x32,0,1024,0.012079439693479799,0.0001543499529361725,0.004137326031923294,0.009356603026390076,0.016092240810394287,0.033603487163782114,0.0,0.1137622743844986
BAL_G,19,bracket_black/test/good/019.png,0,normal_image,32x32,0,1024,0.014477529228315689,0.0016491234302520752,0.006077520549297333,0.011541396379470825,0.019501525908708572,0.03726139515638346,0.0,0.09001550078392029
BAL_G,20,bracket_black/test/good/020.png,0,normal_image,32x32,0,1024,0.0151891999412328,0.0008165270090103152,0.0064025744795799255,0.012006208300590515,0.020290926098823547,0.04004402309656139,0.0,0.1126292496919632
BAL_G,21,bracket_black/test/good/021.png,0,normal_image,32x32,0,1024,0.014566743426257744,0.001251102983951569,0.006363093852996826,0.012408368289470673,0.019427571445703506,0.0366296850144863,0.0,0.07347908616065979
BAL_G,22,bracket_black/test/good/022.png,0,normal_image,32x32,0,1024,0.016141524480190128,0.0019202642142772675,0.006920758634805679,0.012924708425998688,0.021485663950443268,0.04186847433447837,0.0,0.11692601442337036
BAL_G,23,bracket_black/test/good/023.png,0,normal_image,32x32,0,1024,0.013902257080189884,0.0010356292128562929,0.006088811904191971,0.011623308062553406,0.018355224281549454,0.03512814193964004,0.0,0.08488911390304565
BAL_G,24,bracket_black/test/good/024.png,0,normal_image,32x32,0,1024,0.014082539593800902,0.0003734126687049867,0.004462406039237976,0.01015251874923706,0.019536089152097702,0.0397034280002117,0.0,0.10509377717971802
BAL_G,25,bracket_black/test/good/025.png,0,normal_image,32x32,0,1024,0.016882348019862548,0.0015361398458480836,0.007314089685678482,0.013125069439411163,0.022183213382959366,0.04518761932849884,0.0,0.1376013159751892
BAL_G,26,bracket_black/test/good/026.png,0,normal_image,32x32,0,1024,0.014660372049547732,0.0013787180185317995,0.006062906235456467,0.012115150690078735,0.020075760781764984,0.03771044239401816,0.0,0.08835303783416748
BAL_G,27,bracket_black/test/good/027.png,0,normal_image,32x32,0,1024,0.014055770370760001,0.001001311093568802,0.005863938480615616,0.01116769015789032,0.01849418133497238,0.03559646978974338,0.0,0.09128428995609283
BAL_G,28,bracket_black/test/good/028.png,0,normal_image,32x32,0,1024,0.016582441749051213,0.0024312660098075867,0.00794769823551178,0.01373746246099472,0.021567102521657944,0.04053405374288557,0.0,0.10845033824443817
BAL_G,29,bracket_black/test/good/029.png,0,normal_image,32x32,0,1024,0.012080311964382418,0.00038258433341979985,0.00464615598320961,0.009649328887462616,0.01636761799454689,0.03193477764725684,0.0,0.1017959862947464
BAL_G,30,bracket_black/test/good/030.png,0,normal_image,32x32,0,1024,0.013976427668239921,0.0013408504426479341,0.0056885965168476105,0.011232882738113403,0.01884761080145836,0.03640176206827156,0.0,0.12338989973068237
BAL_G,31,bracket_black/test/good/031.png,0,normal_image,32x32,0,1024,0.013589531707111746,0.0008614420890808109,0.005395073443651199,0.010499097406864166,0.018819604068994522,0.036288329958915705,0.0,0.0861230194568634
BAL_G,32,bracket_black/test/hole/000.png,1,abnormal_normal,32x32,6,1017,0.013467484314064243,0.001327359676361084,0.006017506122589111,0.010926991701126099,0.017987549304962158,0.03536671400070189,0.0,0.09060405194759369
BAL_G,32,bracket_black/test/hole/000.png,1,defect,32x32,6,7,0.012076497077941895,0.006315775215625763,0.007515072822570801,0.013380348682403564,0.015738748013973236,0.017983169853687284,0.006308063864707947,0.018339425325393677
BAL_G,32,bracket_black/test/hole/000.png,1,clean_defect,32x32,6,1,0.006333768367767334,0.006333768367767334,0.006333768367767334,0.006333768367767334,0.006333768367767334,0.006333768367767334,0.006333768367767334,0.006333768367767334
BAL_G,32,bracket_black/test/hole/000.png,1,boundary,32x32,6,6,0.013033618529637655,0.006905142217874527,0.009867370128631592,0.01385296881198883,0.016445327550172806,0.01804254576563835,0.006308063864707947,0.018339425325393677
BAL_G,33,bracket_black/test/hole/001.png,1,abnormal_normal,32x32,5,1018,0.012550465982180447,0.0013643808662891388,0.0055838413536548615,0.009944476187229156,0.017182491719722748,0.0314711645245552,0.0,0.06207452714443207
BAL_G,33,bracket_black/test/hole/001.png,1,defect,32x32,5,6,0.012274386982123056,0.004472315311431885,0.0075840577483177185,0.010109536349773407,0.012959059327840805,0.025272555649280548,0.003578364849090576,0.029197752475738525
BAL_G,33,bracket_black/test/hole/001.png,1,clean_defect,32x32,5,1,0.003578364849090576,0.003578364849090576,0.003578364849090576,0.003578364849090576,0.003578364849090576,0.003578364849090576,0.003578364849090576,0.003578364849090576
BAL_G,33,bracket_black/test/hole/001.png,1,boundary,32x32,5,5,0.014013591408729553,0.007498079538345337,0.008873730897903442,0.011345341801643372,0.013496965169906616,0.02605759501457214,0.0071541666984558105,0.029197752475738525
BAL_G,34,bracket_black/test/hole/002.png,1,abnormal_normal,32x32,6,1017,0.0135891184928729,0.001483362913131714,0.006476745009422302,0.011511564254760742,0.018203914165496826,0.03235090672969814,0.0,0.07022222876548767
BAL_G,34,bracket_black/test/hole/002.png,1,defect,32x32,6,7,0.016685400690351213,0.0034970298409461977,0.009282015264034271,0.013780489563941956,0.02652658522129059,0.029003809392452236,0.001335442066192627,0.030064672231674194
BAL_G,34,bracket_black/test/hole/002.png,1,clean_defect,32x32,6,1,0.010023295879364014,0.010023295879364014,0.010023295879364014,0.010023295879364014,0.010023295879364014,0.010023295879364014,0.010023295879364014,0.010023295879364014
BAL_G,34,bracket_black/test/hole/002.png,1,boundary,32x32,6,6,0.017795751492182415,0.0031367652118206024,0.009850673377513885,0.02015259861946106,0.0265275239944458,0.0291806198656559,0.001335442066192627,0.030064672231674194
BAL_G,35,bracket_black/test/hole/003.png,1,abnormal_normal,32x32,6,1018,0.01477972466374193,0.0018032737076282503,0.00653424859046936,0.012026473879814148,0.019778333604335785,0.03770387768745422,0.0,0.07575421035289764
BAL_G,35,bracket_black/test/hole/003.png,1,defect,32x32,6,6,0.02445382873217265,0.01168513298034668,0.01609421893954277,0.024808406829833984,0.033581268042325974,0.036296963691711426,0.01075945794582367,0.03665165603160858
BAL_G,35,bracket_black/test/hole/003.png,1,clean_defect,32x32,6,0,,,,,,,,
BAL_G,35,bracket_black/test/hole/003.png,1,boundary,32x32,6,6,0.02445382873217265,0.01168513298034668,0.01609421893954277,0.024808406829833984,0.033581268042325974,0.036296963691711426,0.01075945794582367,0.03665165603160858
BAL_G,36,bracket_black/test/hole/004.png,1,abnormal_normal,32x32,2,1022,0.014843813287651936,0.0016779370605945589,0.006932694464921951,0.012308567762374878,0.019245825707912445,0.037044040113687504,0.0,0.09847237169742584
BAL_G,36,bracket_black/test/hole/004.png,1,defect,32x32,2,2,0.017444297671318054,0.006719444692134857,0.011486046016216278,0.017444297671318054,0.02340254932641983,0.02816915065050125,0.005527794361114502,0.029360800981521606
BAL_G,36,bracket_black/test/hole/004.png,1,clean_defect,32x32,2,0,,,,,,,,
BAL_G,36,bracket_black/test/hole/004.png,1,boundary,32x32,2,2,0.017444297671318054,0.006719444692134857,0.011486046016216278,0.017444297671318054,0.02340254932641983,0.02816915065050125,0.005527794361114502,0.029360800981521606
BAL_G,37,bracket_black/test/hole/005.png,1,abnormal_normal,32x32,5,1018,0.013649081829605964,0.001518518477678299,0.006338108330965042,0.011057883501052856,0.017780911177396774,0.0333986923098564,0.0,0.08449053764343262
BAL_G,37,bracket_black/test/hole/005.png,1,defect,32x32,5,6,0.017161679764588673,0.005152370780706406,0.013429354876279831,0.014119625091552734,0.02515958994626999,0.029876329004764557,0.002447575330734253,0.030244410037994385
BAL_G,37,bracket_black/test/hole/005.png,1,clean_defect,32x32,5,1,0.013917148113250732,0.013917148113250732,0.013917148113250732,0.013917148113250732,0.013917148113250732,0.013917148113250732,0.013917148113250732,0.013917148113250732
BAL_G,37,bracket_black/test/hole/005.png,1,boundary,32x32,5,5,0.01781058609485626,0.004611411690711975,0.013266757130622864,0.014322102069854736,0.028772085905075073,0.029949945211410523,0.002447575330734253,0.030244410037994385
BAL_G,38,bracket_black/test/hole/006.png,1,abnormal_normal,32x32,3,1020,0.013462286150338603,0.0016365423798561096,0.005646325647830963,0.01069168746471405,0.018425263464450836,0.034839384257793427,0.0,0.06641386449337006
BAL_G,38,bracket_black/test/hole/006.png,1,defect,32x32,3,4,0.023233357816934586,0.00318182185292244,0.015909109264612198,0.026074804365634918,0.033399052917957306,0.03930686861276626,0.0,0.040783822536468506
BAL_G,38,bracket_black/test/hole/006.png,1,clean_defect,32x32,3,1,0.021212145686149597,0.021212145686149597,0.021212145686149597,0.021212145686149597,0.021212145686149597,0.021212145686149597,0.021212145686149597,0.021212145686149597
BAL_G,38,bracket_black/test/hole/006.png,1,boundary,32x32,3,3,0.023907095193862915,0.003093746304512024,0.01546873152256012,0.03093746304512024,0.03586064279079437,0.039799186587333675,0.0,0.040783822536468506
BAL_G,39,bracket_black/test/hole/007.png,1,abnormal_normal,32x32,5,1017,0.013300173753834053,0.0013506054878234866,0.005849123001098633,0.010561525821685791,0.017957717180252075,0.03372728526592254,0.0,0.11560419201850891
BAL_G,39,bracket_black/test/hole/007.png,1,defect,32x32,5,7,0.027539023331233432,0.016485415399074554,0.02132263034582138,0.028457611799240112,0.03181961178779602,0.03991380035877227,0.014907628297805786,0.04312343895435333
BAL_G,39,bracket_black/test/hole/007.png,1,clean_defect,32x32,5,2,0.02168262004852295,0.015585127472877502,0.018295124173164368,0.02168262004852295,0.02507011592388153,0.027780112624168397,0.014907628297805786,0.028457611799240112
BAL_G,39,bracket_black/test/hole/007.png,1,boundary,32x32,5,5,0.029881584644317626,0.02062920331954956,0.022478342056274414,0.031214579939842224,0.03242464363574982,0.040983679890632625,0.020166918635368347,0.04312343895435333
BAL_G,40,bracket_black/test/hole/008.png,1,abnormal_normal,32x32,6,1017,0.01446357400192272,0.0016050398349761964,0.006461828947067261,0.011436522006988525,0.019132345914840698,0.03738820850849151,0.0,0.10015612840652466
BAL_G,40,bracket_black/test/hole/008.png,1,defect,32x32,6,7,0.02370008613382067,0.005668492615222931,0.01714632660150528,0.026100769639015198,0.031263746321201324,0.0376354157924652,0.003345578908920288,0.039634108543395996
BAL_G,40,bracket_black/test/hole/008.png,1,clean_defect,32x32,6,1,0.003345578908920288,0.003345578908920288,0.003345578908920288,0.003345578908920288,0.003345578908920288,0.003345578908920288,0.003345578908920288,0.003345578908920288
BAL_G,40,bracket_black/test/hole/008.png,1,boundary,32x32,6,6,0.0270925040046374,0.014117475599050522,0.023928213864564896,0.02782823145389557,0.03211777284741402,0.037968531250953674,0.011088624596595764,0.039634108543395996
BAL_G,41,bracket_black/test/hole/009.png,1,abnormal_normal,32x32,4,1019,0.015383915399896735,0.002021203935146332,0.007187157869338989,0.012619465589523315,0.02070191502571106,0.03853002935647964,0.0,0.08765989542007446
BAL_G,41,bracket_black/test/hole/009.png,1,defect,32x32,4,5,0.033338552713394164,0.012021705508232117,0.026970192790031433,0.037829071283340454,0.04600560665130615,0.04728376865386963,0.008284583687782288,0.0476033091545105
BAL_G,41,bracket_black/test/hole/009.png,1,clean_defect,32x32,4,1,0.008284583687782288,0.008284583687782288,0.008284583687782288,0.008284583687782288,0.008284583687782288,0.008284583687782288,0.008284583687782288,0.008284583687782288
BAL_G,41,bracket_black/test/hole/009.png,1,boundary,32x32,4,4,0.039602044969797134,0.028599024564027787,0.0351143516600132,0.0419173389673233,0.04640503227710724,0.047363653779029846,0.026970192790031433,0.0476033091545105
BAL_G,42,bracket_black/test/hole/010.png,1,abnormal_normal,32x32,6,1017,0.014007261999119934,0.001553654670715332,0.0063389986753463745,0.011454746127128601,0.019272342324256897,0.034780532121658325,0.0,0.08124931156635284
BAL_G,42,bracket_black/test/hole/010.png,1,defect,32x32,6,7,0.026761333857263838,0.008880810439586639,0.014402978122234344,0.02691034972667694,0.03457055985927582,0.050054232776165,0.007600471377372742,0.054871439933776855
BAL_G,42,bracket_black/test/hole/010.png,1,clean_defect,32x32,6,1,0.007600471377372742,0.007600471377372742,0.007600471377372742,0.007600471377372742,0.007600471377372742,0.007600471377372742,0.007600471377372742,0.007600471377372742
BAL_G,42,bracket_black/test/hole/010.png,1,boundary,32x32,6,6,0.029954810937245686,0.013135623186826706,0.01943085342645645,0.028618693351745605,0.03669232130050659,0.05085710063576698,0.011868268251419067,0.054871439933776855
BAL_G,43,bracket_black/test/hole/011.png,1,abnormal_normal,32x32,5,1018,0.013453102752946918,0.0015481851994991302,0.005535159260034561,0.01091349869966507,0.01842726394534111,0.03349618464708328,0.0,0.06579682230949402
BAL_G,43,bracket_black/test/hole/011.png,1,defect,32x32,5,6,0.017910825709501903,0.004645787179470062,0.006339613348245621,0.01719251275062561,0.028138507157564163,0.0329095833003521,0.004237070679664612,0.03433370590209961
BAL_G,43,bracket_black/test/hole/011.png,1,clean_defect,32x32,5,1,0.004237070679664612,0.004237070679664612,0.004237070679664612,0.004237070679664612,0.004237070679664612,0.004237070679664612,0.004237070679664612,0.004237070679664612
BAL_G,43,bracket_black/test/hole/011.png,1,boundary,32x32,5,5,0.02064557671546936,0.0062460780143737795,0.007742643356323242,0.02664238214492798,0.028637215495109558,0.0331944078207016,0.005871936678886414,0.03433370590209961
BAL_G,44,bracket_black/test/scratches/000.png,1,abnormal_normal,32x32,6,1018,0.013545880163699564,0.0003646239638328552,0.004784964025020599,0.01022927463054657,0.018881935626268387,0.035308218002319335,0.0,0.0942951887845993
BAL_G,44,bracket_black/test/scratches/000.png,1,defect,32x32,6,6,0.030674365659554798,0.013701975345611572,0.01855958253145218,0.033146634697914124,0.039717234671115875,0.04681038483977318,0.01313742995262146,0.049010828137397766
BAL_G,44,bracket_black/test/scratches/000.png,1,clean_defect,32x32,6,0,,,,,,,,
BAL_G,44,bracket_black/test/scratches/000.png,1,boundary,32x32,6,6,0.030674365659554798,0.013701975345611572,0.01855958253145218,0.033146634697914124,0.039717234671115875,0.04681038483977318,0.01313742995262146,0.049010828137397766
BAL_G,45,bracket_black/test/scratches/001.png,1,abnormal_normal,32x32,7,1017,0.011353340164750023,0.0001142561435699463,0.0036403536796569824,0.008577525615692139,0.014996558427810669,0.03169032335281367,0.0,0.07783769071102142
BAL_G,45,bracket_black/test/scratches/001.png,1,defect,32x32,7,7,0.010753535798617772,0.0016514852643013,0.004582762718200684,0.009314775466918945,0.011497892439365387,0.026498170197010028,0.0014852732419967651,0.03231339156627655
BAL_G,45,bracket_black/test/scratches/001.png,1,clean_defect,32x32,7,0,,,,,,,,
BAL_G,45,bracket_black/test/scratches/001.png,1,boundary,32x32,7,7,0.010753535798617772,0.0016514852643013,0.004582762718200684,0.009314775466918945,0.011497892439365387,0.026498170197010028,0.0014852732419967651,0.03231339156627655
BAL_G,46,bracket_black/test/scratches/002.png,1,abnormal_normal,32x32,8,1016,0.012311860288339338,0.0005033686757087708,0.004318591207265854,0.009267963469028473,0.01624065637588501,0.03574100881814957,0.0,0.10536228120326996
BAL_G,46,bracket_black/test/scratches/002.png,1,defect,32x32,8,8,0.032061586156487465,0.008130641281604768,0.02525743842124939,0.03485482931137085,0.042852841317653656,0.04855987802147865,0.0,0.05045299232006073
BAL_G,46,bracket_black/test/scratches/002.png,1,clean_defect,32x32,8,0,,,,,,,,
BAL_G,46,bracket_black/test/scratches/002.png,1,boundary,32x32,8,8,0.032061586156487465,0.008130641281604768,0.02525743842124939,0.03485482931137085,0.042852841317653656,0.04855987802147865,0.0,0.05045299232006073
BAL_G,47,bracket_black/test/scratches/003.png,1,abnormal_normal,32x32,8,1016,0.015467560226757696,0.0012940242886543274,0.0063057541847229,0.012162983417510986,0.020566806197166443,0.04036799073219299,0.0,0.11643953621387482
BAL_G,47,bracket_black/test/scratches/003.png,1,defect,32x32,8,8,0.018965348601341248,0.011422228813171387,0.015935510396957397,0.01863408088684082,0.020851075649261475,0.028298996388912194,0.011419475078582764,0.031645774841308594
BAL_G,47,bracket_black/test/scratches/003.png,1,clean_defect,32x32,8,0,,,,,,,,
BAL_G,47,bracket_black/test/scratches/003.png,1,boundary,32x32,8,8,0.018965348601341248,0.011422228813171387,0.015935510396957397,0.01863408088684082,0.020851075649261475,0.028298996388912194,0.011419475078582764,0.031645774841308594
BAL_G,48,bracket_black/test/scratches/004.png,1,abnormal_normal,32x32,8,1014,0.014634284012651537,0.0015138447284698485,0.006167612969875336,0.01136520504951477,0.019889410585165024,0.0375861145555973,0.0,0.12905462086200714
BAL_G,48,bracket_black/test/scratches/004.png,1,defect,32x32,8,10,0.02737210988998413,0.009398223459720611,0.014230173081159592,0.027421481907367706,0.039123356342315674,0.046806231141090386,0.007517337799072266,0.04896634817123413
BAL_G,48,bracket_black/test/scratches/004.png,1,clean_defect,32x32,8,2,0.026544928550720215,0.02130461633205414,0.023633643984794617,0.026544928550720215,0.029456213116645813,0.03178524076938629,0.02072235941886902,0.03236749768257141
BAL_G,48,bracket_black/test/scratches/004.png,1,boundary,32x32,8,8,0.02757890522480011,0.008980248868465424,0.011973854154348373,0.027421481907367706,0.04207300394773483,0.047286257147789,0.007517337799072266,0.04896634817123413
BAL_G,49,bracket_black/test/scratches/005.png,1,abnormal_normal,32x32,8,1015,0.013414985704891788,0.0009709298610687256,0.00541425496339798,0.010491937398910522,0.01798081398010254,0.03532605171203613,0.0,0.10363131761550903
BAL_G,49,bracket_black/test/scratches/005.png,1,defect,32x32,8,9,0.023661184642050002,0.006639713048934936,0.00894978642463684,0.026209861040115356,0.03583136200904846,0.043162393569946285,0.006174325942993164,0.04525524377822876
BAL_G,49,bracket_black/test/scratches/005.png,1,clean_defect,32x32,8,1,0.04002311825752258,0.04002311825752258,0.04002311825752258,0.04002311825752258,0.04002311825752258,0.04002311825752258,0.04002311825752258,0.04002311825752258
BAL_G,49,bracket_black/test/scratches/005.png,1,boundary,32x32,8,8,0.02161594294011593,0.006581539660692215,0.00854678824543953,0.02071109414100647,0.029925473034381866,0.04195688515901565,0.006174325942993164,0.04525524377822876
BAL_G,50,bracket_black/test/scratches/006.png,1,abnormal_normal,32x32,8,1016,0.01408331280970198,0.0012632161378860474,0.005718942731618881,0.011755093932151794,0.019655443727970123,0.03480061888694763,0.0,0.0954163670539856
BAL_G,50,bracket_black/test/scratches/006.png,1,defect,32x32,8,8,0.02282494679093361,0.012929915636777877,0.016148976981639862,0.01887306571006775,0.025963839143514633,0.04056534022092819,0.012714222073554993,0.04269513487815857
BAL_G,50,bracket_black/test/scratches/006.png,1,clean_defect,32x32,8,0,,,,,,,,
BAL_G,50,bracket_black/test/scratches/006.png,1,boundary,32x32,8,8,0.02282494679093361,0.012929915636777877,0.016148976981639862,0.01887306571006775,0.025963839143514633,0.04056534022092819,0.012714222073554993,0.04269513487815857
BAL_G,51,bracket_black/test/scratches/007.png,1,abnormal_normal,32x32,7,1017,0.01429661903292263,0.001288771629333496,0.005793392658233643,0.011490464210510254,0.019004151225090027,0.038367822766304,0.0,0.10354249179363251
BAL_G,51,bracket_black/test/scratches/007.png,1,defect,32x32,7,7,0.023883540715490068,0.010471321642398834,0.013670779764652252,0.029040202498435974,0.03208004683256149,0.03571328967809677,0.01037585735321045,0.03626707196235657
BAL_G,51,bracket_black/test/scratches/007.png,1,clean_defect,32x32,7,0,,,,,,,,
BAL_G,51,bracket_black/test/scratches/007.png,1,boundary,32x32,7,7,0.023883540715490068,0.010471321642398834,0.013670779764652252,0.029040202498435974,0.03208004683256149,0.03571328967809677,0.01037585735321045,0.03626707196235657
BAL_G,52,bracket_black/test/scratches/008.png,1,abnormal_normal,32x32,6,1017,0.012632185232440045,0.000614398717880249,0.004344671964645386,0.009617254137992859,0.017809972167015076,0.03591638505458831,0.0,0.10777126252651215
BAL_G,52,bracket_black/test/scratches/008.png,1,defect,32x32,6,7,0.027995394808905467,0.009424227476119994,0.01717078685760498,0.020218461751937866,0.04015649855136871,0.05175687968730926,0.007355332374572754,0.05373939871788025
BAL_G,52,bracket_black/test/scratches/008.png,1,clean_defect,32x32,6,1,0.0471310019493103,0.0471310019493103,0.0471310019493103,0.0471310019493103,0.0471310019493103,0.0471310019493103,0.0471310019493103,0.0471310019493103
BAL_G,52,bracket_black/test/scratches/008.png,1,boundary,32x32,6,6,0.024806126952171326,0.009079411625862122,0.015711218118667603,0.0201541930437088,0.02994111180305481,0.04860004782676697,0.007355332374572754,0.05373939871788025
BAL_G,53,bracket_black/test/scratches/009.png,1,abnormal_normal,32x32,7,1016,0.013231849356547115,0.00027561187744140625,0.004551876336336136,0.010589994490146637,0.018620308488607407,0.03537313640117645,0.0,0.10129143297672272
BAL_G,53,bracket_black/test/scratches/009.png,1,defect,32x32,7,8,0.040258921682834625,0.009021442383527756,0.024965301156044006,0.0333990678191185,0.06439795345067978,0.0726027563214302,0.004877045750617981,0.0764031708240509
BAL_G,53,bracket_black/test/scratches/009.png,1,clean_defect,32x32,7,1,0.0764031708240509,0.0764031708240509,0.0764031708240509,0.0764031708240509,0.0764031708240509,0.0764031708240509,0.0764031708240509,0.0764031708240509
BAL_G,53,bracket_black/test/scratches/009.png,1,boundary,32x32,7,7,0.03509545751980373,0.008429385721683502,0.02221626043319702,0.03017161786556244,0.05032108724117279,0.06508608758449555,0.004877045750617981,0.06554484367370605
BAL_G,54,bracket_black/test/scratches/010.png,1,abnormal_normal,32x32,7,1016,0.015198910227558744,0.0006050467491149902,0.005138266831636429,0.011883445084095001,0.021457504481077194,0.04041063040494919,0.0,0.08408860862255096
BAL_G,54,bracket_black/test/scratches/010.png,1,defect,32x32,7,8,0.034994101151824,0.01729562133550644,0.030320744961500168,0.03520173579454422,0.040108926594257355,0.05217440277338028,0.015434399247169495,0.054624736309051514
BAL_G,54,bracket_black/test/scratches/010.png,1,clean_defect,32x32,7,1,0.054624736309051514,0.054624736309051514,0.054624736309051514,0.054624736309051514,0.054624736309051514,0.054624736309051514,0.054624736309051514,0.054624736309051514
BAL_G,54,bracket_black/test/scratches/010.png,1,boundary,32x32,7,7,0.0321897247007915,0.01702973246574402,0.027131222188472748,0.03509828448295593,0.03645458072423935,0.04461784064769744,0.015434399247169495,0.047623783349990845
BAL_G,55,bracket_black/test/scratches/011.png,1,abnormal_normal,32x32,5,1019,0.014040110199561414,0.0007276415824890137,0.005158059298992157,0.011011004447937012,0.01976524293422699,0.03637815564870834,0.0,0.08162708580493927
BAL_G,55,bracket_black/test/scratches/011.png,1,defect,32x32,5,5,0.040967196226119995,0.03126080632209778,0.03530505299568176,0.04312601685523987,0.04342615604400635,0.05086843967437744,0.030249744653701782,0.052729010581970215
BAL_G,55,bracket_black/test/scratches/011.png,1,clean_defect,32x32,5,0,,,,,,,,
BAL_G,55,bracket_black/test/scratches/011.png,1,boundary,32x32,5,5,0.040967196226119995,0.03126080632209778,0.03530505299568176,0.04312601685523987,0.04342615604400635,0.05086843967437744,0.030249744653701782,0.052729010581970215
BAL_G,56,bracket_black/test/scratches/012.png,1,abnormal_normal,32x32,5,1019,0.014416791798439063,0.0011872261762619022,0.0054967328906059265,0.01126660406589508,0.019795328378677368,0.03834887742996215,0.0,0.08306576311588287
BAL_G,56,bracket_black/test/scratches/012.png,1,defect,32x32,5,5,0.026854828000068665,0.021824783086776732,0.02182742953300476,0.022658228874206543,0.029133453965187073,0.03689141571521759,0.021824121475219727,0.03883090615272522
BAL_G,56,bracket_black/test/scratches/012.png,1,clean_defect,32x32,5,0,,,,,,,,
BAL_G,56,bracket_black/test/scratches/012.png,1,boundary,32x32,5,5,0.026854828000068665,0.021824783086776732,0.02182742953300476,0.022658228874206543,0.029133453965187073,0.03689141571521759,0.021824121475219727,0.03883090615272522
BAL_G,57,bracket_black/test/scratches/013.png,1,abnormal_normal,32x32,5,1019,0.014465540866856487,0.0008625894784927368,0.004968851804733276,0.011054962873458862,0.020106859505176544,0.03920793235301961,0.0,0.07758165895938873
BAL_G,57,bracket_black/test/scratches/013.png,1,defect,32x32,5,5,0.03256261944770813,0.01981479525566101,0.021138399839401245,0.035073429346084595,0.03568890690803528,0.048280555009841915,0.019483894109725952,0.05142846703529358
BAL_G,57,bracket_black/test/scratches/013.png,1,clean_defect,32x32,5,0,,,,,,,,
BAL_G,57,bracket_black/test/scratches/013.png,1,boundary,32x32,5,5,0.03256261944770813,0.01981479525566101,0.021138399839401245,0.035073429346084595,0.03568890690803528,0.048280555009841915,0.019483894109725952,0.05142846703529358
BAL_G,58,bracket_black/test/scratches/014.png,1,abnormal_normal,32x32,7,1015,0.012256981821482991,0.0001499295234680176,0.0036747828125953674,0.00894269347190857,0.01631106436252594,0.036789795756340025,0.0,0.097408726811409
BAL_G,58,bracket_black/test/scratches/014.png,1,defect,32x32,7,9,0.009925229681862725,0.00031574368476867677,0.004181027412414551,0.0065179020166397095,0.01537284255027771,0.02155744731426239,0.0,0.021859601140022278
BAL_G,58,bracket_black/test/scratches/014.png,1,clean_defect,32x32,7,2,0.010929800570011139,0.001092980057001114,0.0054649002850055695,0.010929800570011139,0.01639470085501671,0.020766621083021162,0.0,0.021859601140022278
BAL_G,58,bracket_black/test/scratches/014.png,1,boundary,32x32,7,7,0.009638209428106035,0.0018068596720695496,0.004600644111633301,0.0065179020166397095,0.014927349984645844,0.0193848043680191,0.0007893592119216919,0.02110421657562256
BAL_G,59,bracket_black/test/scratches/015.png,1,abnormal_normal,32x32,6,1017,0.010603022830324538,0.0,0.00281369686126709,0.007485061883926392,0.014431551098823547,0.033780092000961194,0.0,0.11361107230186462
BAL_G,59,bracket_black/test/scratches/015.png,1,defect,32x32,6,7,0.018127217888832092,0.0001311600208282471,0.0019602179527282715,0.009396791458129883,0.030913762748241425,0.05010544508695602,0.0,0.05174577236175537
BAL_G,59,bracket_black/test/scratches/015.png,1,clean_defect,32x32,6,1,0.04627801477909088,0.04627801477909088,0.04627801477909088,0.04627801477909088,0.04627801477909088,0.04627801477909088,0.04627801477909088,0.04627801477909088
BAL_G,59,bracket_black/test/scratches/015.png,1,boundary,32x32,6,6,0.013435418407122294,0.00010930001735687256,0.0011987090110778809,0.006440013647079468,0.014011330902576447,0.04269670695066452,0.0,0.05174577236175537
BAL_G,60,bracket_black/test/scratches/016.png,1,abnormal_normal,32x32,6,1017,0.01207024008475222,0.00024901628494262696,0.004100799560546875,0.008837670087814331,0.01694972813129425,0.03269497156143187,0.0,0.10107913613319397
BAL_G,60,bracket_black/test/scratches/016.png,1,defect,32x32,6,7,0.019436670201165334,0.0052059322595596315,0.007665917277336121,0.025523126125335693,0.027646660804748535,0.03282301723957061,0.004899471998214722,0.03500893712043762
BAL_G,60,bracket_black/test/scratches/016.png,1,clean_defect,32x32,6,1,0.027722537517547607,0.027722537517547607,0.027722537517547607,0.027722537517547607,0.027722537517547607,0.027722537517547607,0.027722537517547607,0.027722537517547607
BAL_G,60,bracket_black/test/scratches/016.png,1,boundary,32x32,6,6,0.018055692315101624,0.00515485554933548,0.006793461740016937,0.01746697723865509,0.02705886960029602,0.03314939886331558,0.004899471998214722,0.03500893712043762
BAL_G,61,bracket_black/test/scratches/017.png,1,abnormal_normal,32x32,5,1017,0.012702223136947804,0.0006957948207855226,0.00441490113735199,0.009686142206192017,0.0171147882938385,0.03480906188488006,0.0,0.08457733690738678
BAL_G,61,bracket_black/test/scratches/017.png,1,defect,32x32,5,7,0.027255937457084656,0.005324335396289825,0.013851270079612732,0.030846744775772095,0.0417989045381546,0.04342817217111587,0.004714503884315491,0.04392996430397034
BAL_G,61,bracket_black/test/scratches/017.png,1,clean_defect,32x32,5,2,0.017780624330043793,0.006021115928888321,0.011247564107179642,0.017780624330043793,0.024313684552907944,0.029540132731199265,0.004714503884315491,0.030846744775772095
BAL_G,61,bracket_black/test/scratches/017.png,1,boundary,32x32,5,5,0.031046062707901,0.009588873386383057,0.020955264568328857,0.04134048521518707,0.04225732386112213,0.0435954362154007,0.0067472755908966064,0.04392996430397034
BAL_G,62,bracket_black/test/scratches/018.png,1,abnormal_normal,32x32,7,1016,0.012618975039190196,0.000527799129486084,0.00421673059463501,0.009764544665813446,0.017992429435253143,0.035668037831783295,0.0,0.0742015689611435
BAL_G,62,bracket_black/test/scratches/018.png,1,defect,32x32,7,8,0.0244852714240551,0.009057048708200455,0.01477104052901268,0.022664308547973633,0.031869612634181976,0.04421370774507522,0.007911249995231628,0.047117531299591064
BAL_G,62,bracket_black/test/scratches/018.png,1,clean_defect,32x32,7,1,0.021531522274017334,0.021531522274017334,0.021531522274017334,0.021531522274017334,0.021531522274017334,0.021531522274017334,0.021531522274017334,0.021531522274017334
BAL_G,62,bracket_black/test/scratches/018.png,1,boundary,32x32,7,7,0.02490723558834621,0.008893363177776337,0.013575680553913116,0.02379709482192993,0.0341867059469223,0.044628539681434626,0.007911249995231628,0.047117531299591064
BAL_G,63,bracket_black/test/scratches/019.png,1,abnormal_normal,32x32,4,1019,0.012728067241075345,0.0005867958068847658,0.004196435213088989,0.009345829486846924,0.017061874270439148,0.03637897819280622,0.0,0.09276722371578217
BAL_G,63,bracket_black/test/scratches/019.png,1,defect,32x32,4,5,0.024879255890846254,0.02032288908958435,0.021637827157974243,0.022329717874526978,0.027203619480133057,0.032025492191314696,0.019994154572486877,0.03323096036911011
BAL_G,63,bracket_black/test/scratches/019.png,1,clean_defect,32x32,4,1,0.027203619480133057,0.027203619480133057,0.027203619480133057,0.027203619480133057,0.027203619480133057,0.027203619480133057,0.027203619480133057,0.027203619480133057
BAL_G,63,bracket_black/test/scratches/019.png,1,boundary,32x32,4,4,0.02429816499352455,0.020240705460309982,0.0212269090116024,0.02198377251625061,0.02505502849817276,0.03159577399492263,0.019994154572486877,0.03323096036911011
BAL_G,64,bracket_black/test/scratches/020.png,1,abnormal_normal,32x32,4,1019,0.012879130241330403,0.0004155293107032776,0.0045344531536102295,0.009970173239707947,0.017466552555561066,0.03490996062755584,0.0,0.10327094793319702
BAL_G,64,bracket_black/test/scratches/020.png,1,defect,32x32,4,5,0.05068004727363586,0.03907729983329773,0.0393466055393219,0.04729904234409332,0.060173869132995605,0.06609137058258056,0.03900997340679169,0.0675707459449768
BAL_G,64,bracket_black/test/scratches/020.png,1,clean_defect,32x32,4,1,0.060173869132995605,0.060173869132995605,0.060173869132995605,0.060173869132995605,0.060173869132995605,0.060173869132995605,0.060173869132995605,0.060173869132995605
BAL_G,64,bracket_black/test/scratches/020.png,1,boundary,32x32,4,4,0.04830659180879593,0.03906046822667122,0.039262447506189346,0.04332282394170761,0.052366968244314194,0.06452999040484428,0.03900997340679169,0.0675707459449768
BAL_G,65,bracket_black/test/scratches/021.png,1,abnormal_normal,32x32,6,1017,0.01278928549357689,8.108615875244145e-05,0.004324793815612793,0.010000377893447876,0.01757487654685974,0.03502803146839142,0.0,0.09978528320789337
BAL_G,65,bracket_black/test/scratches/021.png,1,defect,32x32,6,7,0.033819228410720825,0.008561572432518006,0.013654612004756927,0.019698604941368103,0.05214798450469971,0.07156810611486433,0.007020696997642517,0.07841010391712189
BAL_G,65,bracket_black/test/scratches/021.png,1,clean_defect,32x32,6,1,0.05560344457626343,0.05560344457626343,0.05560344457626343,0.05560344457626343,0.05560344457626343,0.05560344457626343,0.05560344457626343,0.05560344457626343
BAL_G,65,bracket_black/test/scratches/021.png,1,boundary,32x32,6,6,0.030188525716463726,0.008304759860038757,0.012905780225992203,0.01742544025182724,0.041444044560194016,0.07098070904612541,0.007020696997642517,0.07841010391712189
BAL_G,66,bracket_black/test/scratches/022.png,1,abnormal_normal,32x32,4,1018,0.012310036112259788,4.883855581283571e-05,0.003969430923461914,0.009631998836994171,0.01709609106183052,0.03485650047659873,0.0,0.07172033190727234
BAL_G,66,bracket_black/test/scratches/022.png,1,defect,32x32,4,6,0.02362796664237976,0.0032696351408958435,0.008936293423175812,0.024988219141960144,0.034186989068984985,0.04515443742275238,0.0027827322483062744,0.048169732093811035
BAL_G,66,bracket_black/test/scratches/022.png,1,clean_defect,32x32,4,2,0.016576319932937622,0.005914941430091858,0.010653331875801086,0.016576319932937622,0.022499307990074158,0.027237698435783386,0.004730343818664551,0.028422296047210693
BAL_G,66,bracket_black/test/scratches/022.png,1,boundary,32x32,4,4,0.02715378999710083,0.0055984437465667735,0.016861289739608765,0.028831347823143005,0.03912384808063507,0.04636055529117584,0.0027827322483062744,0.048169732093811035
BAL_G,67,bracket_black/test/scratches/023.png,1,abnormal_normal,32x32,5,1019,0.012260097326661466,0.0,0.0035463348031044006,0.009112119674682617,0.017144955694675446,0.03632797300815581,0.0,0.08379775285720825
BAL_G,67,bracket_black/test/scratches/023.png,1,defect,32x32,5,5,0.01370975375175476,0.00083501935005188,0.004175096750259399,0.005273282527923584,0.015105724334716797,0.038216876983642574,0.0,0.04399466514587402
BAL_G,67,bracket_black/test/scratches/023.png,1,clean_defect,32x32,5,0,,,,,,,,
BAL_G,67,bracket_black/test/scratches/023.png,1,boundary,32x32,5,5,0.01370975375175476,0.00083501935005188,0.004175096750259399,0.005273282527923584,0.015105724334716797,0.038216876983642574,0.0,0.04399466514587402
BAL_G,68,bracket_black/test/scratches/024.png,1,abnormal_normal,32x32,5,1018,0.01176084961544554,0.00041626691818237306,0.0043015256524086,0.0092335045337677,0.016293823719024658,0.031301924586296076,0.0,0.06909695267677307
BAL_G,68,bracket_black/test/scratches/024.png,1,defect,32x32,5,6,0.01160686711470286,0.0003618858754634857,0.0026733167469501495,0.008748091757297516,0.011377166956663132,0.032295919954776764,0.0,0.039243102073669434
BAL_G,68,bracket_black/test/scratches/024.png,1,clean_defect,32x32,5,1,0.0,0.0,0.0,0.0,0.0,0.0,0.0,0.0
BAL_G,68,bracket_black/test/scratches/024.png,1,boundary,32x32,5,5,0.013928240537643433,0.0024281620979309084,0.0063506364822387695,0.011145547032356262,0.011454373598098755,0.03368535637855529,0.0014475435018539429,0.039243102073669434
BAL_G,69,bracket_black/test/scratches/025.png,1,abnormal_normal,32x32,5,1018,0.012206107802498785,0.00043625980615615847,0.004521489143371582,0.009705506265163422,0.01706940308213234,0.03204059079289435,0.0,0.0713886022567749
BAL_G,69,bracket_black/test/scratches/025.png,1,defect,32x32,5,6,0.01504504680633545,0.0020659789443016052,0.009237758815288544,0.012894496321678162,0.02221771329641342,0.029622837901115417,0.0,0.03113698959350586
BAL_G,69,bracket_black/test/scratches/025.png,1,clean_defect,32x32,5,1,0.025080382823944092,0.025080382823944092,0.025080382823944092,0.025080382823944092,0.025080382823944092,0.025080382823944092,0.025080382823944092,0.025080382823944092
BAL_G,69,bracket_black/test/scratches/025.png,1,boundary,32x32,5,5,0.01303797960281372,0.0016527831554412843,0.008263915777206421,0.012159287929534912,0.013629704713821411,0.027635532617568966,0.0,0.03113698959350586
BAL_G,70,bracket_black/test/scratches/026.png,1,abnormal_normal,32x32,4,1019,0.011966577982411183,0.00048259198665618903,0.004590116441249847,0.009194031357765198,0.016626276075839996,0.03173599690198898,0.0,0.08810578286647797
BAL_G,70,bracket_black/test/scratches/026.png,1,defect,32x32,4,5,0.009443306922912597,0.0006081700325012208,0.0019460320472717285,0.013366296887397766,0.014485746622085571,0.016612952947616576,0.00027370452880859375,0.01714475452899933
BAL_G,70,bracket_black/test/scratches/026.png,1,clean_defect,32x32,4,1,0.00027370452880859375,0.00027370452880859375,0.00027370452880859375,0.00027370452880859375,0.00027370452880859375,0.00027370452880859375,0.00027370452880859375,0.00027370452880859375
BAL_G,70,bracket_black/test/scratches/026.png,1,boundary,32x32,4,4,0.011735707521438599,0.0036590717732906345,0.010511230677366257,0.013926021754741669,0.01515049859881401,0.016745903342962266,0.0019460320472717285,0.01714475452899933
BAL_G,71,bracket_black/test/scratches/027.png,1,abnormal_normal,32x32,4,1019,0.012734837661898523,0.0006994158029556279,0.00477416068315506,0.010323360562324524,0.017429351806640625,0.0328233927488327,0.0,0.08973129093647003
BAL_G,71,bracket_black/test/scratches/027.png,1,defect,32x32,4,5,0.013247236609458923,0.0010353446006774903,0.005176723003387451,0.013366147875785828,0.016957521438598633,0.027980136871337886,0.0,0.030735790729522705
BAL_G,71,bracket_black/test/scratches/027.png,1,clean_defect,32x32,4,1,0.0,0.0,0.0,0.0,0.0,0.0,0.0,0.0
BAL_G,71,bracket_black/test/scratches/027.png,1,boundary,32x32,4,4,0.016559045761823654,0.006405136734247208,0.011318791657686234,0.01516183465719223,0.02040208876132965,0.02866905033588409,0.005176723003387451,0.030735790729522705
BAL_G,72,bracket_black/test/scratches/028.png,1,abnormal_normal,32x32,4,1019,0.013313780281915748,0.000933516025543213,0.004918448626995087,0.010540008544921875,0.018235206604003906,0.03565397560596462,0.0,0.07292681932449341
BAL_G,72,bracket_black/test/scratches/028.png,1,defect,32x32,4,5,0.013377955555915833,0.003955775499343872,0.009658604860305786,0.01269085705280304,0.017302274703979492,0.023226833343505858,0.0025300681591033936,0.02470797300338745
BAL_G,72,bracket_black/test/scratches/028.png,1,clean_defect,32x32,4,1,0.0025300681591033936,0.0025300681591033936,0.0025300681591033936,0.0025300681591033936,0.0025300681591033936,0.0025300681591033936,0.0025300681591033936,0.0025300681591033936
BAL_G,72,bracket_black/test/scratches/028.png,1,boundary,32x32,4,4,0.016089927405118942,0.010113442689180374,0.011932794004678726,0.014996565878391266,0.019153699278831482,0.023597118258476255,0.009658604860305786,0.02470797300338745
BAL_G,73,bracket_black/test/scratches/029.png,1,abnormal_normal,32x32,6,1018,0.014633213460796709,0.001064903289079666,0.005898110568523407,0.01149558275938034,0.019799120724201202,0.03687315806746483,0.0,0.12542793154716492
BAL_G,73,bracket_black/test/scratches/029.png,1,defect,32x32,6,6,0.024338454008102417,0.01113833487033844,0.014285311102867126,0.025164321064949036,0.031377002596855164,0.038584791123867035,0.010781466960906982,0.04081374406814575
BAL_G,73,bracket_black/test/scratches/029.png,1,clean_defect,32x32,6,0,,,,,,,,
BAL_G,73,bracket_black/test/scratches/029.png,1,boundary,32x32,6,6,0.024338454008102417,0.01113833487033844,0.014285311102867126,0.025164321064949036,0.031377002596855164,0.038584791123867035,0.010781466960906982,0.04081374406814575
BAL_G,74,bracket_black/test/scratches/030.png,1,abnormal_normal,32x32,6,1018,0.014442537631290601,0.0007684335112571717,0.005413901060819626,0.011252008378505707,0.019687674939632416,0.03965464383363723,0.0,0.1548202782869339
BAL_G,74,bracket_black/test/scratches/030.png,1,defect,32x32,6,6,0.037574549516042076,0.026559535413980484,0.030124440789222717,0.03458442538976669,0.04193643480539322,0.05413685739040375,0.02560332417488098,0.057650238275527954
BAL_G,74,bracket_black/test/scratches/030.png,1,clean_defect,32x32,6,0,,,,,,,,
BAL_G,74,bracket_black/test/scratches/030.png,1,boundary,32x32,6,6,0.037574549516042076,0.026559535413980484,0.030124440789222717,0.03458442538976669,0.04193643480539322,0.05413685739040375,0.02560332417488098,0.057650238275527954
BAL_G,75,bracket_black/test/scratches/031.png,1,abnormal_normal,32x32,6,1018,0.012073276480312197,0.00025033652782440195,0.004067771136760712,0.008810490369796753,0.01626809686422348,0.036263614892959595,0.0,0.06615379452705383
BAL_G,75,bracket_black/test/scratches/031.png,1,defect,32x32,6,6,0.01978883147239685,0.003577638417482376,0.014338377863168716,0.01852402091026306,0.02352694422006607,0.038617197424173355,0.0001342296600341797,0.04341296851634979
BAL_G,75,bracket_black/test/scratches/031.png,1,clean_defect,32x32,6,0,,,,,,,,
BAL_G,75,bracket_black/test/scratches/031.png,1,boundary,32x32,6,6,0.01978883147239685,0.003577638417482376,0.014338377863168716,0.01852402091026306,0.02352694422006607,0.038617197424173355,0.0001342296600341797,0.04341296851634979
BAL_G,76,bracket_black/test/scratches/032.png,1,abnormal_normal,32x32,3,1019,0.01180618517356719,3.4323334693908835e-05,0.0039556026458740234,0.009173169732093811,0.016457505524158478,0.03341308683156967,0.0,0.0733693540096283
BAL_G,76,bracket_black/test/scratches/032.png,1,defect,32x32,3,5,0.020258912444114686,0.0024451494216918947,0.010756194591522217,0.01582247018814087,0.029720187187194824,0.041646695137023924,0.00036738812923431396,0.0446283221244812
BAL_G,76,bracket_black/test/scratches/032.png,1,clean_defect,32x32,3,2,0.030225396156311035,0.017262762784957884,0.023023933172225952,0.030225396156311035,0.03742685914039612,0.043188029527664186,0.01582247018814087,0.0446283221244812
BAL_G,76,bracket_black/test/scratches/032.png,1,boundary,32x32,3,3,0.013614589969317118,0.0014062687754631043,0.005561791360378265,0.010756194591522217,0.02023819088935852,0.02782378792762756,0.00036738812923431396,0.029720187187194824
BAL_G,77,bracket_black/test/scratches/033.png,1,abnormal_normal,32x32,6,1018,0.015299349935443556,0.0008852273225784302,0.005242239683866501,0.01129702478647232,0.021100930869579315,0.04344123676419257,0.0,0.10133722424507141
BAL_G,77,bracket_black/test/scratches/033.png,1,defect,32x32,6,6,0.027669270833333332,0.0050338879227638245,0.019085172563791275,0.03262357413768768,0.03800085186958313,0.04335964471101761,0.0015012174844741821,0.04490160942077637
BAL_G,77,bracket_black/test/scratches/033.png,1,clean_defect,32x32,6,0,,,,,,,,
BAL_G,77,bracket_black/test/scratches/033.png,1,boundary,32x32,6,6,0.027669270833333332,0.0050338879227638245,0.019085172563791275,0.03262357413768768,0.03800085186958313,0.04335964471101761,0.0015012174844741821,0.04490160942077637
BAL_G,78,bracket_black/test/scratches/034.png,1,abnormal_normal,32x32,7,1017,0.014210539889194972,0.000731724500656128,0.004900187253952026,0.010527998208999634,0.020165666937828064,0.0393425405025482,0.0,0.08745774626731873
BAL_G,78,bracket_black/test/scratches/034.png,1,defect,32x32,7,7,0.03192366659641266,0.010161375999450684,0.022017091512680054,0.03813531994819641,0.04141020029783249,0.049301032721996305,0.006574690341949463,0.05190107226371765
BAL_G,78,bracket_black/test/scratches/034.png,1,clean_defect,32x32,7,0,,,,,,,,
BAL_G,78,bracket_black/test/scratches/034.png,1,boundary,32x32,7,7,0.03192366659641266,0.010161375999450684,0.022017091512680054,0.03813531994819641,0.04141020029783249,0.049301032721996305,0.006574690341949463,0.05190107226371765
