method,image_index,sample_id,image_label,region,grid,boundary_count,patch_count,mean,p05,p25,median,p75,p95,min,max
A1_G,0,leather/test/color/000.png,1,abnormal_normal,32x32,5,1014,0.010558316693503475,0.0009589418768882753,0.004218719899654388,0.008123964071273804,0.01399412751197815,0.02729780524969101,0.0,0.12531304359436035
A1_G,0,leather/test/color/000.png,1,defect,32x32,5,10,0.0,0.0,0.0,0.0,0.0,0.0,0.0,0.0
A1_G,0,leather/test/color/000.png,1,clean_defect,32x32,5,5,0.0,0.0,0.0,0.0,0.0,0.0,0.0,0.0
A1_G,0,leather/test/color/000.png,1,boundary,32x32,5,5,0.0,0.0,0.0,0.0,0.0,0.0,0.0,0.0
A1_G,1,leather/test/color/001.png,1,abnormal_normal,32x32,8,1015,0.009486066649112796,0.0005687922239303589,0.0037281960248947144,0.00730663537979126,0.012760192155838013,0.026463273167610154,0.0,0.08531764149665833
A1_G,1,leather/test/color/001.png,1,defect,32x32,8,9,0.0017230974303351508,0.0,0.0,0.0,0.0,0.009304726123809809,0.0,0.015507876873016357
A1_G,1,leather/test/color/001.png,1,clean_defect,32x32,8,1,0.0,0.0,0.0,0.0,0.0,0.0,0.0,0.0
A1_G,1,leather/test/color/001.png,1,boundary,32x32,8,8,0.0019384846091270447,0.0,0.0,0.0,0.0,0.010080119967460624,0.0,0.015507876873016357
A1_G,2,leather/test/color/002.png,1,abnormal_normal,32x32,5,1014,0.010482600660483983,0.0006975501775741578,0.0042291060090065,0.007707372307777405,0.013935312628746033,0.030614650249481193,0.0,0.056648820638656616
A1_G,2,leather/test/color/002.png,1,defect,32x32,5,10,0.003996565937995911,0.0,0.0,0.0,0.00676475465297699,0.015842123329639426,0.0,0.019164294004440308
A1_G,2,leather/test/color/002.png,1,clean_defect,32x32,5,5,0.0,0.0,0.0,0.0,0.0,0.0,0.0,0.0
A1_G,2,leather/test/color/002.png,1,boundary,32x32,5,5,0.007993131875991821,0.0,0.0,0.009019672870635986,0.011781692504882812,0.017687773704528807,0.0,0.019164294004440308
A1_G,3,leather/test/color/003.png,1,abnormal_normal,32x32,12,1007,0.009902765106894409,0.0005588710308074952,0.0036242902278900146,0.00782802700996399,0.01315675675868988,0.028243070840835563,0.0,0.04867815971374512
A1_G,3,leather/test/color/003.png,1,defect,32x32,12,17,0.0061994580661549285,0.0,0.0,0.0,0.012757301330566406,0.02012577652931212,0.0,0.03442469239234924
A1_G,3,leather/test/color/003.png,1,clean_defect,32x32,12,5,0.003310209512710571,0.0,0.0,0.0,0.0,0.013240838050842283,0.0,0.016551047563552856
A1_G,3,leather/test/color/003.png,1,boundary,32x32,12,12,0.007403311630090077,0.0,0.0,0.0013393610715866089,0.012818023562431335,0.023564323782920824,0.0,0.03442469239234924
A1_G,4,leather/test/color/004.png,1,abnormal_normal,32x32,10,1007,0.010962444330753376,0.0006652295589447022,0.004016473889350891,0.008263051509857178,0.014693006873130798,0.02932092547416686,0.0,0.09702882170677185
A1_G,4,leather/test/color/004.png,1,defect,32x32,10,17,0.009909470291698681,0.0,0.0,0.004357784986495972,0.013735204935073853,0.03581159710884094,0.0,0.043297916650772095
A1_G,4,leather/test/color/004.png,1,clean_defect,32x32,10,7,0.005784209285463605,0.0,0.0,0.0,0.006867602467536926,0.022848543524742117,0.0,0.026754260063171387
A1_G,4,leather/test/color/004.png,1,boundary,32x32,10,10,0.012797152996063233,0.0,0.001089446246623993,0.00575941801071167,0.020447611808776855,0.03908686190843581,0.0,0.043297916650772095
A1_G,5,leather/test/color/005.png,1,abnormal_normal,32x32,6,1017,0.009909553543070191,0.00046634674072265636,0.003774285316467285,0.007902354001998901,0.013302028179168701,0.025758230686187728,0.0,0.06047159433364868
A1_G,5,leather/test/color/005.png,1,defect,32x32,6,7,0.0019885514463697162,0.0,0.0,0.0,0.001579880714416504,0.0084799975156784,0.0,0.010760098695755005
A1_G,5,leather/test/color/005.png,1,clean_defect,32x32,6,1,0.0,0.0,0.0,0.0,0.0,0.0,0.0,0.0
A1_G,5,leather/test/color/005.png,1,boundary,32x32,6,6,0.0023199766874313354,0.0,0.0,0.0,0.002369821071624756,0.008860014379024506,0.0,0.010760098695755005
A1_G,6,leather/test/color/006.png,1,abnormal_normal,32x32,4,1020,0.010058073494948593,0.0005219072103500367,0.003431648015975952,0.00754895806312561,0.0133371502161026,0.028321895003318772,0.0,0.0772322416305542
A1_G,6,leather/test/color/006.png,1,defect,32x32,4,4,0.007831931114196777,0.0,0.0,0.006166785955429077,0.013998717069625854,0.017995065450668334,0.0,0.018994152545928955
A1_G,6,leather/test/color/006.png,1,clean_defect,32x32,4,0,,,,,,,,
A1_G,6,leather/test/color/006.png,1,boundary,32x32,4,4,0.007831931114196777,0.0,0.0,0.006166785955429077,0.013998717069625854,0.017995065450668334,0.0,0.018994152545928955
A1_G,7,leather/test/color/007.png,1,abnormal_normal,32x32,9,1014,0.010233171298894186,0.0004924952983856202,0.004062771797180176,0.007962122559547424,0.0140158012509346,0.028581209480762478,0.0,0.07133516669273376
A1_G,7,leather/test/color/007.png,1,defect,32x32,9,10,0.00039660036563873293,0.0,0.0,0.0,0.0,0.0021759375929832417,0.0,0.0039123594760894775
A1_G,7,leather/test/color/007.png,1,clean_defect,32x32,9,1,0.0,0.0,0.0,0.0,0.0,0.0,0.0,0.0
A1_G,7,leather/test/color/007.png,1,boundary,32x32,9,9,0.0004406670729319255,0.0,0.0,0.0,0.0,0.0023688733577728258,0.0,0.0039123594760894775
A1_G,8,leather/test/color/008.png,1,abnormal_normal,32x32,11,1001,0.010739563258139642,0.0007842779159545898,0.0036916136741638184,0.007789641618728638,0.014203488826751709,0.03206157684326172,0.0,0.12489739060401917
A1_G,8,leather/test/color/008.png,1,defect,32x32,11,23,0.014915402816689533,0.0,0.0007910877466201782,0.009914785623550415,0.025962814688682556,0.033728241920471184,0.0,0.041259765625
A1_G,8,leather/test/color/008.png,1,clean_defect,32x32,11,12,0.021705038845539093,0.0,0.01718941330909729,0.023558318614959717,0.029789552092552185,0.03730245232582092,0.0,0.041259765625
A1_G,8,leather/test/color/008.png,1,boundary,32x32,11,11,0.007508527148853649,0.0,0.0,0.003143787384033203,0.008893758058547974,0.026869460940361023,0.0,0.029414832592010498
A1_G,9,leather/test/color/009.png,1,abnormal_normal,32x32,12,1007,0.009780629566669937,0.0005176782608032228,0.0037650465965270996,0.007800579071044922,0.013342335820198059,0.02659038007259369,0.0,0.11150741577148438
A1_G,9,leather/test/color/009.png,1,defect,32x32,12,17,0.002437290023354923,0.0,0.0,0.0,0.0,0.00828678607940671,0.0,0.04143393039703369
A1_G,9,leather/test/color/009.png,1,clean_defect,32x32,12,5,0.0,0.0,0.0,0.0,0.0,0.0,0.0,0.0
A1_G,9,leather/test/color/009.png,1,boundary,32x32,12,12,0.003452827533086141,0.0,0.0,0.0,0.0,0.01864526867866513,0.0,0.04143393039703369
A1_G,10,leather/test/color/010.png,1,abnormal_normal,32x32,5,1018,0.010147504523133014,0.000679662823677063,0.003543965518474579,0.00800834596157074,0.013946481049060822,0.02655098736286163,0.0,0.0508650541305542
A1_G,10,leather/test/color/010.png,1,defect,32x32,5,6,0.005061556895573934,0.0,0.0,0.0,0.0,0.022777006030082703,0.0,0.030369341373443604
A1_G,10,leather/test/color/010.png,1,clean_defect,32x32,5,1,0.0,0.0,0.0,0.0,0.0,0.0,0.0,0.0
A1_G,10,leather/test/color/010.png,1,boundary,32x32,5,5,0.006073868274688721,0.0,0.0,0.0,0.0,0.024295473098754877,0.0,0.030369341373443604
A1_G,11,leather/test/color/011.png,1,abnormal_normal,32x32,8,1015,0.009731380575396157,0.0005132973194122315,0.0033311694860458374,0.0072438716888427734,0.01354016363620758,0.029162421822547906,0.0,0.06031686067581177
A1_G,11,leather/test/color/011.png,1,defect,32x32,8,9,0.0013649894131554498,0.0,0.0,0.0,0.0,0.006376224756240844,0.0,0.007311314344406128
A1_G,11,leather/test/color/011.png,1,clean_defect,32x32,8,1,0.0,0.0,0.0,0.0,0.0,0.0,0.0,0.0
A1_G,11,leather/test/color/011.png,1,boundary,32x32,8,8,0.001535613089799881,0.0,0.0,0.0,0.00124339759349823,0.006493110954761504,0.0,0.007311314344406128
A1_G,12,leather/test/color/012.png,1,abnormal_normal,32x32,5,1017,0.01032035016146147,0.0005974054336547851,0.0037790238857269287,0.008059084415435791,0.01419040560722351,0.028639388084411594,0.0,0.0945248007774353
A1_G,12,leather/test/color/012.png,1,defect,32x32,5,7,0.002904832363128662,0.0,0.0,0.0,0.0,0.01423367857933043,0.0,0.020333826541900635
A1_G,12,leather/test/color/012.png,1,clean_defect,32x32,5,2,0.0,0.0,0.0,0.0,0.0,0.0,0.0,0.0
A1_G,12,leather/test/color/012.png,1,boundary,32x32,5,5,0.004066765308380127,0.0,0.0,0.0,0.0,0.016267061233520504,0.0,0.020333826541900635
A1_G,13,leather/test/color/013.png,1,abnormal_normal,32x32,10,1011,0.010103659006065949,0.0007292777299880981,0.003692716360092163,0.007842451333999634,0.013659939169883728,0.02752310037612915,0.0,0.0674077570438385
A1_G,13,leather/test/color/013.png,1,defect,32x32,10,13,0.0046744209069472095,0.0,0.0,0.0,0.009887903928756714,0.01863045692443847,0.0,0.02071535587310791
A1_G,13,leather/test/color/013.png,1,clean_defect,32x32,10,3,0.0,0.0,0.0,0.0,0.0,0.0,0.0,0.0
A1_G,13,leather/test/color/013.png,1,boundary,32x32,10,10,0.006076747179031372,0.0,0.0,0.0,0.01216474175453186,0.019151681661605833,0.0,0.02071535587310791
A1_G,14,leather/test/color/014.png,1,abnormal_normal,32x32,4,1018,0.009792860399763336,0.0006242588162422181,0.0036645010113716125,0.007678568363189697,0.013517603278160095,0.026639318466186522,0.0,0.07556647062301636
A1_G,14,leather/test/color/014.png,1,defect,32x32,4,6,0.0,0.0,0.0,0.0,0.0,0.0,0.0,0.0
A1_G,14,leather/test/color/014.png,1,clean_defect,32x32,4,2,0.0,0.0,0.0,0.0,0.0,0.0,0.0,0.0
A1_G,14,leather/test/color/014.png,1,boundary,32x32,4,4,0.0,0.0,0.0,0.0,0.0,0.0,0.0,0.0
A1_G,15,leather/test/color/015.png,1,abnormal_normal,32x32,12,1003,0.01053769186748227,0.0005807578563690186,0.004023298621177673,0.008104264736175537,0.014570847153663635,0.028401657938957197,0.0,0.09824734926223755
A1_G,15,leather/test/color/015.png,1,defect,32x32,12,21,0.005525536480404082,0.0,0.0,0.0,0.006168931722640991,0.02837499976158142,0.0,0.03689366579055786
A1_G,15,leather/test/color/015.png,1,clean_defect,32x32,12,9,0.005295475323994954,0.0,0.0,0.0,0.0027572214603424072,0.025339555740356436,0.0,0.03689366579055786
A1_G,15,leather/test/color/015.png,1,boundary,32x32,12,12,0.005698082347710927,0.0,0.0,0.002604663372039795,0.006424270570278168,0.02117954045534133,0.0,0.02837499976158142
A1_G,16,leather/test/color/016.png,1,abnormal_normal,32x32,6,1017,0.009906470130912908,0.0006286740303039553,0.0034469962120056152,0.0077104270458221436,0.013429701328277588,0.026598334312438947,0.0,0.07393637299537659
A1_G,16,leather/test/color/016.png,1,defect,32x32,6,7,0.0030378869601658414,0.0,0.0,0.0,0.0,0.014885646104812607,0.0,0.02126520872116089
A1_G,16,leather/test/color/016.png,1,clean_defect,32x32,6,1,0.0,0.0,0.0,0.0,0.0,0.0,0.0,0.0
A1_G,16,leather/test/color/016.png,1,boundary,32x32,6,6,0.003544201453526815,0.0,0.0,0.0,0.0,0.015948906540870667,0.0,0.02126520872116089
A1_G,17,leather/test/color/017.png,1,abnormal_normal,32x32,13,1004,0.01084109446204516,0.0006114363670349123,0.00376177579164505,0.008089244365692139,0.014750756323337555,0.030559754371643016,0.0,0.06643626093864441
A1_G,17,leather/test/color/017.png,1,defect,32x32,13,20,0.030306097865104676,0.009666320681571961,0.025718308985233307,0.033943355083465576,0.037427857518196106,0.0430842399597168,0.007282376289367676,0.04869583249092102
A1_G,17,leather/test/color/017.png,1,clean_defect,32x32,13,7,0.03519133159092495,0.017235708236694337,0.03537707030773163,0.03685846924781799,0.04011954367160797,0.046418002247810355,0.009791791439056396,0.04869583249092102
A1_G,17,leather/test/color/017.png,1,boundary,32x32,13,13,0.0276755873973553,0.009742426872253419,0.01650029420852661,0.03200829029083252,0.03411707282066345,0.04109684824943542,0.007282376289367676,0.04278889298439026
A1_G,18,leather/test/color/018.png,1,abnormal_normal,32x32,7,1017,0.010001132651181816,0.0006746530532836914,0.0037137269973754883,0.007578134536743164,0.01341208815574646,0.027168184518814083,0.0,0.06227347254753113
A1_G,18,leather/test/color/018.png,1,defect,32x32,7,7,0.016699441841670444,0.0,0.0,0.0021770596504211426,0.022846966981887817,0.05778335332870481,0.0,0.06902509927749634
A1_G,18,leather/test/color/018.png,1,clean_defect,32x32,7,0,,,,,,,,
A1_G,18,leather/test/color/018.png,1,boundary,32x32,7,7,0.016699441841670444,0.0,0.0,0.0021770596504211426,0.022846966981887817,0.05778335332870481,0.0,0.06902509927749634
A1_G,19,leather/test/cut/000.png,1,abnormal_normal,32x32,5,1018,0.010655909337557135,0.0006567746400833131,0.0036201179027557373,0.008399367332458496,0.014336295425891876,0.027996663749217988,0.0,0.08297458291053772
A1_G,19,leather/test/cut/000.png,1,defect,32x32,5,6,0.0,0.0,0.0,0.0,0.0,0.0,0.0,0.0
A1_G,19,leather/test/cut/000.png,1,clean_defect,32x32,5,1,0.0,0.0,0.0,0.0,0.0,0.0,0.0,0.0
A1_G,19,leather/test/cut/000.png,1,boundary,32x32,5,5,0.0,0.0,0.0,0.0,0.0,0.0,0.0,0.0
A1_G,20,leather/test/cut/001.png,1,abnormal_normal,32x32,9,1011,0.010464252220534901,0.0007761120796203613,0.003987610340118408,0.008241713047027588,0.014289766550064087,0.02874566614627838,0.0,0.06564322113990784
A1_G,20,leather/test/cut/001.png,1,defect,32x32,9,13,0.006275926644985492,0.0,0.0,0.0,0.0032221972942352295,0.02540459632873535,0.0,0.026161551475524902
A1_G,20,leather/test/cut/001.png,1,clean_defect,32x32,9,4,0.0005465224385261536,0.0,0.0,0.0,0.0005465224385261536,0.0018581762909889213,0.0,0.0021860897541046143
A1_G,20,leather/test/cut/001.png,1,boundary,32x32,9,9,0.008822328514522977,0.0,0.0,0.0008718669414520264,0.024245381355285645,0.025656914710998534,0.0,0.026161551475524902
A1_G,21,leather/test/cut/002.png,1,abnormal_normal,32x32,5,1019,0.009857073440869961,0.0006428688764572144,0.003878355026245117,0.007652699947357178,0.013201087713241577,0.027823871374130248,0.0,0.05467844009399414
A1_G,21,leather/test/cut/002.png,1,defect,32x32,5,5,0.0,0.0,0.0,0.0,0.0,0.0,0.0,0.0
A1_G,21,leather/test/cut/002.png,1,clean_defect,32x32,5,0,,,,,,,,
A1_G,21,leather/test/cut/002.png,1,boundary,32x32,5,5,0.0,0.0,0.0,0.0,0.0,0.0,0.0,0.0
A1_G,22,leather/test/cut/003.png,1,abnormal_normal,32x32,11,1001,0.009724833331741654,0.0006536543369293213,0.0038595497608184814,0.0077772438526153564,0.01355355978012085,0.025860846042633057,0.0,0.04825150966644287
A1_G,22,leather/test/cut/003.png,1,defect,32x32,11,23,0.0009592123653577721,0.0,0.0,0.0,0.0,0.006891477108001704,0.0,0.007418215274810791
A1_G,22,leather/test/cut/003.png,1,clean_defect,32x32,11,12,0.0006181846062342325,0.0,0.0,0.0,0.0,0.003338196873664851,0.0,0.007418215274810791
A1_G,22,leather/test/cut/003.png,1,boundary,32x32,11,11,0.0013312426480379972,0.0,0.0,0.0,0.001768648624420166,0.005553185939788818,0.0,0.007226049900054932
A1_G,23,leather/test/cut/004.png,1,abnormal_normal,32x32,23,997,0.010332964009482977,0.0005107760429382325,0.0038263797760009766,0.007878541946411133,0.013994842767715454,0.028235292434692374,0.0,0.07201901078224182
A1_G,23,leather/test/cut/004.png,1,defect,32x32,23,27,0.007213154324778804,9.852647781372071e-06,0.0025696158409118652,0.004559218883514404,0.00917726755142212,0.020406350493431084,0.0,0.03251081705093384
A1_G,23,leather/test/cut/004.png,1,clean_defect,32x32,23,4,0.005073092877864838,0.0006105050444602967,0.002921156585216522,0.00414632260799408,0.006298258900642395,0.010833159089088436,3.2842159271240234e-05,0.011966884136199951
A1_G,23,leather/test/cut/004.png,1,boundary,32x32,23,23,0.007585338924242103,9.354948997497567e-05,0.0025696158409118652,0.006783783435821533,0.00917726755142212,0.022451475262641893,0.0,0.03251081705093384
A1_G,24,leather/test/cut/005.png,1,abnormal_normal,32x32,6,1016,0.01028818220604123,0.0007864013314247131,0.0037625133991241455,0.007958725094795227,0.01428096741437912,0.027463100850582123,0.0,0.06227672100067139
A1_G,24,leather/test/cut/005.png,1,defect,32x32,6,8,0.004292026162147522,0.0,0.0,0.0006460994482040405,0.008667491376399994,0.013206478953361508,0.0,0.015404939651489258
A1_G,24,leather/test/cut/005.png,1,clean_defect,32x32,6,2,0.0,0.0,0.0,0.0,0.0,0.0,0.0,0.0
A1_G,24,leather/test/cut/005.png,1,boundary,32x32,6,6,0.005722701549530029,0.0,0.00032304972410202026,0.004903823137283325,0.008971579372882843,0.01383461058139801,0.0,0.015404939651489258
A1_G,25,leather/test/cut/006.png,1,abnormal_normal,32x32,14,1008,0.010084917621007041,0.0007653146982192993,0.003918878734111786,0.008388012647628784,0.013858065009117126,0.025226344168186185,0.0,0.06630584597587585
A1_G,25,leather/test/cut/006.png,1,defect,32x32,14,16,0.005779361352324486,0.0,0.0,8.969008922576904e-05,0.010852441191673279,0.017997317016124725,0.0,0.021816402673721313
A1_G,25,leather/test/cut/006.png,1,clean_defect,32x32,14,2,0.0,0.0,0.0,0.0,0.0,0.0,0.0,0.0
A1_G,25,leather/test/cut/006.png,1,boundary,32x32,14,14,0.006604984402656555,0.0,0.0,0.0038184523582458496,0.011364176869392395,0.0185065284371376,0.0,0.021816402673721313
A1_G,26,leather/test/cut/007.png,1,abnormal_normal,32x32,7,1013,0.009816695324642638,0.0005962431430816651,0.0038180649280548096,0.007931441068649292,0.013547241687774658,0.025343453884124754,0.0,0.08991721272468567
A1_G,26,leather/test/cut/007.png,1,defect,32x32,7,11,0.0017745142633264716,0.0,0.0,0.0,0.0,0.009759828448295593,0.0,0.012518882751464844
A1_G,26,leather/test/cut/007.png,1,clean_defect,32x32,7,4,0.0,0.0,0.0,0.0,0.0,0.0,0.0,0.0
A1_G,26,leather/test/cut/007.png,1,boundary,32x32,7,7,0.002788522413798741,0.0,0.0,0.0,0.0035003870725631714,0.010863450169563289,0.0,0.012518882751464844
A1_G,27,leather/test/cut/008.png,1,abnormal_normal,32x32,9,1012,0.01038114005044515,0.0007031098008155824,0.0038299188017845154,0.007934615015983582,0.014697670936584473,0.028580811619758607,0.0,0.05740469694137573
A1_G,27,leather/test/cut/008.png,1,defect,32x32,9,12,0.003953908880551656,0.0,0.0,0.0,0.0001267939805984497,0.023233252763748165,0.0,0.02583599090576172
A1_G,27,leather/test/cut/008.png,1,clean_defect,32x32,9,3,0.0,0.0,0.0,0.0,0.0,0.0,0.0,0.0
A1_G,27,leather/test/cut/008.png,1,boundary,32x32,9,9,0.005271878507402208,0.0,0.0,0.0,0.0005071759223937988,0.02394309043884277,0.0,0.02583599090576172
A1_G,28,leather/test/cut/009.png,1,abnormal_normal,32x32,5,1018,0.010627991470466194,0.0008304551243782044,0.003952875733375549,0.008002787828445435,0.014687016606330872,0.029473999142646787,0.0,0.0537949800491333
A1_G,28,leather/test/cut/009.png,1,defect,32x32,5,6,0.0,0.0,0.0,0.0,0.0,0.0,0.0,0.0
A1_G,28,leather/test/cut/009.png,1,clean_defect,32x32,5,1,0.0,0.0,0.0,0.0,0.0,0.0,0.0,0.0
A1_G,28,leather/test/cut/009.png,1,boundary,32x32,5,5,0.0,0.0,0.0,0.0,0.0,0.0,0.0,0.0
A1_G,29,leather/test/cut/010.png,1,abnormal_normal,32x32,4,1019,0.00985478995124772,0.000674065947532654,0.003780066967010498,0.007840842008590698,0.013463184237480164,0.026470842957496635,0.0,0.10186940431594849
A1_G,29,leather/test/cut/010.png,1,defect,32x32,4,5,0.008904993534088135,0.0,0.0,0.002978205680847168,0.016400814056396484,0.02339692115783691,0.0,0.02514594793319702
A1_G,29,leather/test/cut/010.png,1,clean_defect,32x32,4,1,0.0,0.0,0.0,0.0,0.0,0.0,0.0,0.0
A1_G,29,leather/test/cut/010.png,1,boundary,32x32,4,4,0.011131241917610168,0.0004467308521270753,0.002233654260635376,0.009689509868621826,0.01858709752559662,0.02383417785167694,0.0,0.02514594793319702
A1_G,30,leather/test/cut/011.png,1,abnormal_normal,32x32,2,1020,0.010235435413379295,0.0009173735976219177,0.003889329731464386,0.00798158347606659,0.013902515172958374,0.026940207183361046,0.0,0.08037644624710083
A1_G,30,leather/test/cut/011.png,1,defect,32x32,2,4,0.0,0.0,0.0,0.0,0.0,0.0,0.0,0.0
A1_G,30,leather/test/cut/011.png,1,clean_defect,32x32,2,2,0.0,0.0,0.0,0.0,0.0,0.0,0.0,0.0
A1_G,30,leather/test/cut/011.png,1,boundary,32x32,2,2,0.0,0.0,0.0,0.0,0.0,0.0,0.0,0.0
A1_G,31,leather/test/cut/012.png,1,abnormal_normal,32x32,8,1013,0.0102314065557124,0.0004767775535583496,0.0037946999073028564,0.0075733959674835205,0.014095306396484375,0.029862314462661743,0.0,0.05217552185058594
A1_G,31,leather/test/cut/012.png,1,defect,32x32,8,11,0.000992528416893699,0.0,0.0,0.0,0.0,0.005458906292915344,0.0,0.010529488325119019
A1_G,31,leather/test/cut/012.png,1,clean_defect,32x32,8,3,0.0,0.0,0.0,0.0,0.0,0.0,0.0,0.0
A1_G,31,leather/test/cut/012.png,1,boundary,32x32,8,8,0.001364726573228836,0.0,0.0,0.0,9.708106517791748e-05,0.006980080902576441,0.0,0.010529488325119019
A1_G,32,leather/test/cut/013.png,1,abnormal_normal,32x32,10,1007,0.010296801972649658,0.0005867838859558108,0.0038856863975524902,0.007871925830841064,0.014287129044532776,0.028540959954261758,0.0,0.055329978466033936
A1_G,32,leather/test/cut/013.png,1,defect,32x32,10,17,0.005249254843767951,0.0,0.0,0.0,0.0070015788078308105,0.02088509798049925,0.0,0.04335218667984009
A1_G,32,leather/test/cut/013.png,1,clean_defect,32x32,10,7,5.315882819039481e-05,0.0,0.0,0.0,0.0,0.0002604782581329343,0.0,0.00037211179733276367
A1_G,32,leather/test/cut/013.png,1,boundary,32x32,10,10,0.008886522054672242,0.0,0.0,0.005047351121902466,0.010620370507240295,0.030714449286460846,0.0,0.04335218667984009
A1_G,33,leather/test/cut/014.png,1,abnormal_normal,32x32,10,1011,0.010247550602600672,0.0005889981985092163,0.00358717143535614,0.007676899433135986,0.01369599997997284,0.02924323081970215,0.0,0.06269264221191406
A1_G,33,leather/test/cut/014.png,1,defect,32x32,10,13,0.005342951187720666,0.0,0.0,0.0,0.012115806341171265,0.020864748954772937,0.0,0.026489555835723877
A1_G,33,leather/test/cut/014.png,1,clean_defect,32x32,10,3,0.00017771124839782715,0.0,0.0,0.0,0.0002665668725967407,0.00047982037067413326,0.0,0.0005331337451934814
A1_G,33,leather/test/cut/014.png,1,boundary,32x32,10,10,0.0068925231695175174,0.0,0.0,0.0,0.01293269544839859,0.02227095067501067,0.0,0.026489555835723877
A1_G,34,leather/test/cut/015.png,1,abnormal_normal,32x32,5,1015,0.010322776715743718,0.000726836919784546,0.004008173942565918,0.008371561765670776,0.014470145106315613,0.027709254622459406,0.0,0.06327444314956665
A1_G,34,leather/test/cut/015.png,1,defect,32x32,5,9,0.0008743537796868219,0.0,0.0,0.0,0.0,0.0047215104103088355,0.0,0.007869184017181396
A1_G,34,leather/test/cut/015.png,1,clean_defect,32x32,5,4,0.0,0.0,0.0,0.0,0.0,0.0,0.0,0.0
A1_G,34,leather/test/cut/015.png,1,boundary,32x32,5,5,0.0015738368034362792,0.0,0.0,0.0,0.0,0.006295347213745116,0.0,0.007869184017181396
A1_G,35,leather/test/cut/016.png,1,abnormal_normal,32x32,5,1010,0.010265239571580792,0.0004729554057121277,0.004196681082248688,0.00801493227481842,0.013900019228458405,0.027172660827636717,0.0,0.05730670690536499
A1_G,35,leather/test/cut/016.png,1,defect,32x32,5,14,0.004353802118982587,0.0,0.0,0.0,0.00021266937255859375,0.029231467843055723,0.0,0.03248739242553711
A1_G,35,leather/test/cut/016.png,1,clean_defect,32x32,5,9,0.00362322727839152,0.0,0.0,0.0,0.0,0.019541096687316885,0.0,0.03248739242553711
A1_G,35,leather/test/cut/016.png,1,boundary,32x32,5,5,0.005668836832046509,0.0,0.0,0.00024300813674926758,0.0006228983402252197,0.022107201814651485,0.0,0.027478277683258057
A1_G,36,leather/test/cut/017.png,1,abnormal_normal,32x32,10,1007,0.010813332864757564,0.0008616864681243897,0.004415974020957947,0.00867682695388794,0.01451943814754486,0.027712234854698172,0.0,0.06679034233093262
A1_G,36,leather/test/cut/017.png,1,defect,32x32,10,17,0.006450397126814898,0.0,0.0,0.0039892494678497314,0.007969766855239868,0.019439458847045895,0.0,0.02188718318939209
A1_G,36,leather/test/cut/017.png,1,clean_defect,32x32,10,7,0.0006936958857945033,0.0,0.0,0.0,0.0009516626596450806,0.0026377797126770014,0.0,0.0029525458812713623
A1_G,36,leather/test/cut/017.png,1,boundary,32x32,10,10,0.010480087995529175,0.0023132577538490296,0.004702836275100708,0.007495686411857605,0.0180031880736351,0.020510338246822354,0.0009419918060302734,0.02188718318939209
A1_G,37,leather/test/cut/018.png,1,abnormal_normal,32x32,15,991,0.009951093483163658,0.0006891638040542603,0.003559693694114685,0.007450699806213379,0.013354673981666565,0.026683658361434937,0.0,0.0719464123249054
A1_G,37,leather/test/cut/018.png,1,defect,32x32,15,33,0.009099394083023071,0.0,0.0,0.0,0.016614854335784912,0.03577866554260253,0.0,0.05110752582550049
A1_G,37,leather/test/cut/018.png,1,clean_defect,32x32,15,18,0.003514796495437622,0.0,0.0,0.0,0.0001680627465248108,0.021265719830989824,0.0,0.02930966019630432
A1_G,37,leather/test/cut/018.png,1,boundary,32x32,15,15,0.01580091118812561,0.0,0.0,0.014249861240386963,0.026477336883544922,0.044688570499420155,0.0,0.05110752582550049
A1_G,38,leather/test/fold/000.png,1,abnormal_normal,32x32,11,1005,0.01096347060369615,0.0009459853172302246,0.004368215799331665,0.00805392861366272,0.014789879322052002,0.028295612335205077,0.0,0.08560630679130554
A1_G,38,leather/test/fold/000.png,1,defect,32x32,11,19,0.030390279857735885,0.007376879453659058,0.021789222955703735,0.0266706645488739,0.03708568215370178,0.06147274076938628,0.0026805996894836426,0.0642576515674591
A1_G,38,leather/test/fold/000.png,1,clean_defect,32x32,11,8,0.023963704705238342,0.008692337572574616,0.018812917172908783,0.02436736226081848,0.030758239328861237,0.037440618872642516,0.007898688316345215,0.0382688045501709
A1_G,38,leather/test/fold/000.png,1,boundary,32x32,11,11,0.035064152695915916,0.008899137377738953,0.023296624422073364,0.03490409255027771,0.04961572587490082,0.0627104789018631,0.0026805996894836426,0.0642576515674591
A1_G,39,leather/test/fold/001.png,1,abnormal_normal,32x32,9,1005,0.010091083411553606,0.0007809996604919435,0.004018843173980713,0.007811009883880615,0.013815045356750488,0.0266170859336853,0.0,0.057442814111709595
A1_G,39,leather/test/fold/001.png,1,defect,32x32,9,19,0.03347769379615784,0.013895058631896972,0.021033138036727905,0.03381654620170593,0.0431317538022995,0.05355255007743835,0.009832531213760376,0.05481785535812378
A1_G,39,leather/test/fold/001.png,1,clean_defect,32x32,9,10,0.040757137537002566,0.024159777164459228,0.034492552280426025,0.040123820304870605,0.051261335611343384,0.054185202717781066,0.020899444818496704,0.05481785535812378
A1_G,39,leather/test/fold/001.png,1,boundary,32x32,9,9,0.02538942297299703,0.011638098955154419,0.015588968992233276,0.021166831254959106,0.033301711082458496,0.043133115768432616,0.009832531213760376,0.04313856363296509
A1_G,40,leather/test/fold/002.png,1,abnormal_normal,32x32,12,1003,0.009827693164764588,0.0007696449756622314,0.003794059157371521,0.0077555179595947266,0.013758257031440735,0.02559640109539032,0.0,0.04858207702636719
A1_G,40,leather/test/fold/002.png,1,defect,32x32,12,21,0.025281531470162526,0.00807294249534607,0.01701304316520691,0.02482527494430542,0.03716912865638733,0.04725086688995361,0.0066070556640625,0.051287055015563965
A1_G,40,leather/test/fold/002.png,1,clean_defect,32x32,12,9,0.03060291541947259,0.007193410396575927,0.021575242280960083,0.029447048902511597,0.04683998227119446,0.04967257976531982,0.0066070556640625,0.051287055015563965
A1_G,40,leather/test/fold/002.png,1,boundary,32x32,12,12,0.02129049350817998,0.010628162324428559,0.015600688755512238,0.017299994826316833,0.02563701570034027,0.03832200914621353,0.01062735915184021,0.03973108530044556
A1_G,41,leather/test/fold/003.png,1,abnormal_normal,32x32,8,1003,0.00969272917312972,0.0005024850368499755,0.0037536025047302246,0.007535845041275024,0.013800546526908875,0.02680367231369018,0.0,0.04619601368904114
A1_G,41,leather/test/fold/003.png,1,defect,32x32,8,21,0.0029820814019157773,0.0,0.0,0.0,0.0038534998893737793,0.012574881315231323,0.0,0.01914888620376587
A1_G,41,leather/test/fold/003.png,1,clean_defect,32x32,8,13,0.001578844510591947,0.0,0.0,0.0,0.001593470573425293,0.008050531148910522,0.0,0.008112132549285889
A1_G,41,leather/test/fold/003.png,1,boundary,32x32,8,8,0.005262341350317001,0.0,0.0,0.0019267499446868896,0.00803481787443161,0.016847984492778776,0.0,0.01914888620376587
A1_G,42,leather/test/fold/004.png,1,abnormal_normal,32x32,24,959,0.010204546642999579,0.0005747526884078982,0.003954723477363586,0.007759034633636475,0.013987720012664795,0.027678114175796503,0.0,0.07184261083602905
A1_G,42,leather/test/fold/004.png,1,defect,32x32,24,65,0.022350748227192806,0.005691617727279663,0.013486683368682861,0.02094760537147522,0.028725773096084595,0.04131557941436767,0.0,0.04797297716140747
A1_G,42,leather/test/fold/004.png,1,clean_defect,32x32,24,41,0.023287703351276678,0.004131019115447998,0.014918357133865356,0.021717041730880737,0.030307531356811523,0.04353013634681702,0.0,0.04797297716140747
A1_G,42,leather/test/fold/004.png,1,boundary,32x32,24,24,0.02075011655688286,0.006682084500789643,0.013175182044506073,0.020834654569625854,0.024123556911945343,0.03969490528106689,0.005580902099609375,0.040065765380859375
A1_G,43,leather/test/fold/005.png,1,abnormal_normal,32x32,24,956,0.010043746569665406,0.0007263422012329102,0.004120193421840668,0.008129149675369263,0.013528704643249512,0.02609190344810486,0.0,0.06238865852355957
A1_G,43,leather/test/fold/005.png,1,defect,32x32,24,68,0.019596978583756614,0.006131298840045929,0.012301258742809296,0.021396934986114502,0.026053935289382935,0.03169713318347931,0.002661466598510742,0.036123692989349365
A1_G,43,leather/test/fold/005.png,1,clean_defect,32x32,24,44,0.023625902154228905,0.010034976899623871,0.02091115713119507,0.024198532104492188,0.028764694929122925,0.03448161631822586,0.006558150053024292,0.036123692989349365
A1_G,43,leather/test/fold/005.png,1,boundary,32x32,24,24,0.012210618704557419,0.003932791948318482,0.008066751062870026,0.011083811521530151,0.01596914976835251,0.023015768826007837,0.002661466598510742,0.023618429899215698
A1_G,44,leather/test/fold/006.png,1,abnormal_normal,32x32,14,989,0.009904170663098837,0.0008280754089355469,0.003816366195678711,0.007793009281158447,0.013621538877487183,0.02567449808120726,0.0,0.06669038534164429
A1_G,44,leather/test/fold/006.png,1,defect,32x32,14,35,0.019350168534687587,0.0020088702440261845,0.009485006332397461,0.020450562238693237,0.026878058910369873,0.038053527474403374,0.0,0.043329834938049316
A1_G,44,leather/test/fold/006.png,1,clean_defect,32x32,14,21,0.017873976911817278,0.0,0.007025718688964844,0.01984432339668274,0.024930864572525024,0.04024764895439148,0.0,0.043329834938049316
A1_G,44,leather/test/fold/006.png,1,boundary,32x32,14,14,0.021564455968993052,0.005144916474819183,0.01609872281551361,0.021248340606689453,0.028798319399356842,0.03538641333580017,0.004891633987426758,0.037113189697265625
A1_G,45,leather/test/fold/007.png,1,abnormal_normal,32x32,18,964,0.010718956064139164,0.0008536383509635925,0.0040167346596717834,0.008321374654769897,0.014324404299259186,0.027320951223373406,0.0,0.07869473099708557
A1_G,45,leather/test/fold/007.png,1,defect,32x32,18,60,0.012039457261562348,0.0,0.005044378340244293,0.012546077370643616,0.018976718187332153,0.024176254868507385,0.0,0.03320789337158203
A1_G,45,leather/test/fold/007.png,1,clean_defect,32x32,18,42,0.011389811833699545,0.0,0.004222981631755829,0.012546077370643616,0.017294876277446747,0.023560921847820278,0.0,0.02485513687133789
A1_G,45,leather/test/fold/007.png,1,boundary,32x32,18,18,0.01355529659324222,0.0,0.007635176181793213,0.012401267886161804,0.020689360797405243,0.02597452551126479,0.0,0.03320789337158203
A1_G,46,leather/test/fold/008.png,1,abnormal_normal,32x32,12,997,0.010295802456445416,0.0008681058883666992,0.0037382543087005615,0.008008480072021484,0.01428985595703125,0.02694540023803708,0.0,0.05556228756904602
A1_G,46,leather/test/fold/008.png,1,defect,32x32,12,27,0.020041413881160593,0.0061657667160034185,0.012808755040168762,0.01941591501235962,0.0289095938205719,0.03260880708694458,0.0,0.036808669567108154
A1_G,46,leather/test/fold/008.png,1,clean_defect,32x32,12,15,0.019251086314519248,0.008064723014831543,0.011002182960510254,0.017388850450515747,0.027532681822776794,0.03341343998908996,0.004741549491882324,0.036808669567108154
A1_G,46,leather/test/fold/008.png,1,boundary,32x32,12,12,0.02102932333946228,0.007670724391937256,0.01623348891735077,0.019961893558502197,0.028861068189144135,0.031217159330844877,0.0,0.03288757801055908
A1_G,47,leather/test/fold/009.png,1,abnormal_normal,32x32,20,934,0.010155883986638496,0.0006676852703094484,0.0038340985774993896,0.007379472255706787,0.013334453105926514,0.029019783437252013,0.0,0.09178370237350464
A1_G,47,leather/test/fold/009.png,1,defect,32x32,20,90,0.015605193045404222,0.0,0.006366245448589325,0.014909103512763977,0.02410745620727539,0.035585919022560114,0.0,0.05227917432785034
A1_G,47,leather/test/fold/009.png,1,clean_defect,32x32,20,70,0.015756381835256305,0.0,0.008324868977069855,0.01506611704826355,0.024167068302631378,0.035585919022560114,0.0,0.05227917432785034
A1_G,47,leather/test/fold/009.png,1,boundary,32x32,20,20,0.015076032280921936,0.001177164912223816,0.0059848353266716,0.013985425233840942,0.02356071025133133,0.03215993493795395,0.0,0.037068337202072144
A1_G,48,leather/test/fold/010.png,1,abnormal_normal,32x32,23,968,0.009637705396768476,0.0006773620843887329,0.0037161484360694885,0.007611468434333801,0.01322195678949356,0.02660189568996429,0.0,0.046901047229766846
A1_G,48,leather/test/fold/010.png,1,defect,32x32,23,56,0.018865068576165607,0.0,0.005131393671035767,0.017889007925987244,0.028834238648414612,0.04167059808969498,0.0,0.05640646815299988
A1_G,48,leather/test/fold/010.png,1,clean_defect,32x32,23,33,0.021533013293237396,0.0,0.008859723806381226,0.020554661750793457,0.029925227165222168,0.047355592250823954,0.0,0.05640646815299988
A1_G,48,leather/test/fold/010.png,1,boundary,32x32,23,23,0.015037147895149563,0.00014462471008300795,0.004282593727111816,0.013176679611206055,0.021875575184822083,0.0398782581090927,0.0,0.041746705770492554
A1_G,49,leather/test/fold/011.png,1,abnormal_normal,32x32,12,1000,0.010091692328453064,0.0005225807428359986,0.00337875634431839,0.008173182606697083,0.013617098331451416,0.027436962723731993,0.0,0.0774434506893158
A1_G,49,leather/test/fold/011.png,1,defect,32x32,12,24,0.019674790402253468,0.0,0.0,0.023230552673339844,0.033414267003536224,0.04130885154008865,0.0,0.04934406280517578
A1_G,49,leather/test/fold/011.png,1,clean_defect,32x32,12,12,0.016739532351493835,0.0,0.0,0.006564617156982422,0.036334872245788574,0.040635879337787624,0.0,0.04156121611595154
A1_G,49,leather/test/fold/011.png,1,boundary,32x32,12,12,0.022610048453013103,0.00023662447929382327,0.01418924331665039,0.02480044960975647,0.029000677168369293,0.04359678924083709,0.0,0.04934406280517578
A1_G,50,leather/test/fold/012.png,1,abnormal_normal,32x32,9,997,0.010310921171603494,0.0005382418632507326,0.003493189811706543,0.007753968238830566,0.014478027820587158,0.029053610563278195,0.0,0.060979604721069336
A1_G,50,leather/test/fold/012.png,1,defect,32x32,9,27,0.02295307649506463,0.0,0.015017479658126831,0.025368094444274902,0.031477928161621094,0.04238148331642151,0.0,0.051525115966796875
A1_G,50,leather/test/fold/012.png,1,clean_defect,32x32,9,18,0.020849160022205777,0.0,0.017135679721832275,0.024127840995788574,0.028023697435855865,0.036669142544269555,0.0,0.042542487382888794
A1_G,50,leather/test/fold/012.png,1,boundary,32x32,9,9,0.027160909440782335,0.005237352848052979,0.013260066509246826,0.032017797231674194,0.03390204906463623,0.047717392444610596,0.0,0.051525115966796875
A1_G,51,leather/test/fold/013.png,1,abnormal_normal,32x32,7,1008,0.009780763633667476,0.0008072823286056519,0.003624267876148224,0.007615089416503906,0.013213478028774261,0.026376706361770627,0.0,0.07040479779243469
A1_G,51,leather/test/fold/013.png,1,defect,32x32,7,16,0.028370073065161705,0.00864630937576294,0.016384638845920563,0.030993297696113586,0.037900201976299286,0.04782380163669586,0.007463634014129639,0.05469405651092529
A1_G,51,leather/test/fold/013.png,1,clean_defect,32x32,7,9,0.03321310546663073,0.008755791187286376,0.031224936246871948,0.036882221698760986,0.04071539640426636,0.05102992057800293,0.007463634014129639,0.05469405651092529
A1_G,51,leather/test/fold/013.png,1,boundary,32x32,7,7,0.022143317120415822,0.010892510414123535,0.015994355082511902,0.02065098285675049,0.02770952880382538,0.0357612520456314,0.009040534496307373,0.037903934717178345
A1_G,52,leather/test/fold/014.png,1,abnormal_normal,32x32,12,996,0.010092465513681313,0.0006076842546463013,0.004060432314872742,0.0078123509883880615,0.013463884592056274,0.02795177698135376,0.0,0.057710736989974976
A1_G,52,leather/test/fold/014.png,1,defect,32x32,12,28,0.01620088517665863,0.0,0.008996553719043732,0.01659536361694336,0.02368297427892685,0.030467681586742398,0.0,0.0384373664855957
A1_G,52,leather/test/fold/014.png,1,clean_defect,32x32,12,16,0.012551803141832352,0.0,0.0030841603875160217,0.012965723872184753,0.018635950982570648,0.029234081506729126,0.0,0.0384373664855957
A1_G,52,leather/test/fold/014.png,1,boundary,32x32,12,12,0.021066327889760334,0.00938592553138733,0.014920741319656372,0.021954268217086792,0.027298055589199066,0.03020843118429184,0.007409334182739258,0.030921369791030884
A1_G,53,leather/test/fold/015.png,1,abnormal_normal,32x32,26,966,0.01024843616638618,0.0010484755039215088,0.004473954439163208,0.008357971906661987,0.014049962162971497,0.02577069401741028,0.0,0.048750609159469604
A1_G,53,leather/test/fold/015.png,1,defect,32x32,26,58,0.018877828943318332,0.0017910823225975039,0.009239599108695984,0.017514854669570923,0.026403099298477173,0.040818913280963896,0.0,0.047071099281311035
A1_G,53,leather/test/fold/015.png,1,clean_defect,32x32,26,32,0.021024486050009727,0.003003799915313721,0.012930668890476227,0.019534364342689514,0.029490716755390167,0.0399933397769928,0.0,0.04651057720184326
A1_G,53,leather/test/fold/015.png,1,boundary,32x32,26,26,0.016235789427390464,0.002775132656097412,0.007747985422611237,0.012988820672035217,0.02055041491985321,0.04026907682418823,0.0003802180290222168,0.047071099281311035
A1_G,54,leather/test/fold/016.png,1,abnormal_normal,32x32,28,965,0.010368307297711545,0.0007822573184967042,0.0038073062896728516,0.008212953805923462,0.013937681913375854,0.026894021034240715,0.0,0.0897051990032196
A1_G,54,leather/test/fold/016.png,1,defect,32x32,28,59,0.016466378660525305,0.0033158153295516973,0.009808182716369629,0.015529125928878784,0.021009832620620728,0.035841760039329526,6.225705146789551e-05,0.05468565225601196
A1_G,54,leather/test/fold/016.png,1,clean_defect,32x32,28,31,0.0193327376919408,0.008296579122543335,0.012505665421485901,0.01841399073600769,0.021317332983016968,0.03716987371444702,0.007236510515213013,0.05468565225601196
A1_G,54,leather/test/fold/016.png,1,boundary,32x32,28,28,0.013292909732886724,0.0018991351127624512,0.004542827606201172,0.010836437344551086,0.018783219158649445,0.030078727006912227,6.225705146789551e-05,0.036111027002334595
A1_G,55,leather/test/glue/000.png,1,abnormal_normal,32x32,6,1000,0.010158210843801498,0.0006439253687858582,0.0039937421679496765,0.00778217613697052,0.014260217547416687,0.027165812253952024,0.0,0.11039811372756958
A1_G,55,leather/test/glue/000.png,1,defect,32x32,6,24,0.016695904235045116,0.0045665323734283446,0.009467944502830505,0.017527207732200623,0.02143121510744095,0.030729641020298,0.0006330013275146484,0.03116154670715332
A1_G,55,leather/test/glue/000.png,1,clean_defect,32x32,6,18,0.01656405793295966,0.0038030952215194706,0.00940299779176712,0.01818348467350006,0.0212467759847641,0.029869210720062253,0.0006330013275146484,0.03116154670715332
A1_G,55,leather/test/glue/000.png,1,boundary,32x32,6,6,0.017091443141301472,0.007518000900745392,0.010217517614364624,0.014634042978286743,0.0237654447555542,0.029665134847164154,0.00680425763130188,0.030921727418899536
A1_G,56,leather/test/glue/001.png,1,abnormal_normal,32x32,8,1009,0.010142290379530848,0.0007691144943237305,0.0035747289657592773,0.007809996604919434,0.013639062643051147,0.02711689472198486,0.0,0.06217682361602783
A1_G,56,leather/test/glue/001.png,1,defect,32x32,8,15,0.006388860940933228,0.0,0.0,0.002089858055114746,0.01040525734424591,0.020205783843994133,0.0,0.025433123111724854
A1_G,56,leather/test/glue/001.png,1,clean_defect,32x32,8,7,0.007365899426596505,0.0002790659666061402,0.0034002363681793213,0.00598481297492981,0.01040525734424591,0.01655996441841125,0.0,0.017965495586395264
A1_G,56,leather/test/glue/001.png,1,boundary,32x32,8,8,0.0055339522659778595,0.0,0.0,0.00022117793560028076,0.005643963813781738,0.0222387284040451,0.0,0.025433123111724854
A1_G,57,leather/test/glue/002.png,1,abnormal_normal,32x32,3,1015,0.010082243757294903,0.0004983663558959961,0.0038889050483703613,0.007910668849945068,0.013731405138969421,0.026935046911239612,0.0,0.06100112199783325
A1_G,57,leather/test/glue/002.png,1,defect,32x32,3,9,0.007851915227042304,0.0,0.0021837949752807617,0.0042806267738342285,0.01706087589263916,0.018772339820861815,0.0,0.019162416458129883
A1_G,57,leather/test/glue/002.png,1,clean_defect,32x32,3,6,0.007971420884132385,0.0005459487438201904,0.0027080029249191284,0.005198314785957336,0.014324657618999481,0.017905637621879578,0.0,0.018187224864959717
A1_G,57,leather/test/glue/002.png,1,boundary,32x32,3,3,0.007612903912862142,0.0003676295280456543,0.0018381476402282715,0.003676295280456543,0.011419355869293213,0.017613804340362547,0.0,0.019162416458129883
A1_G,58,leather/test/glue/003.png,1,abnormal_normal,32x32,13,989,0.010183280893235164,0.0005613386631011963,0.003611326217651367,0.00763016939163208,0.013708293437957764,0.02984708547592162,0.0,0.06525218486785889
A1_G,58,leather/test/glue/003.png,1,defect,32x32,13,35,0.02347667132105146,0.007582128047943115,0.015846341848373413,0.02423107624053955,0.033125534653663635,0.0361983448266983,0.004271328449249268,0.03666582703590393
A1_G,58,leather/test/glue/003.png,1,clean_defect,32x32,13,22,0.01877512444149364,0.007060065865516663,0.012849316000938416,0.020157739520072937,0.02434634417295456,0.03232631534337997,0.004271328449249268,0.03496056795120239
A1_G,58,leather/test/glue/003.png,1,boundary,32x32,13,13,0.03143313527107239,0.020003896951675416,0.029829204082489014,0.033944010734558105,0.035300880670547485,0.0366608738899231,0.019643962383270264,0.03666582703590393
A1_G,59,leather/test/glue/004.png,1,abnormal_normal,32x32,8,1016,0.01000936030168233,0.0006214603781700134,0.0040884241461753845,0.007692381739616394,0.013389818370342255,0.02702692151069641,0.0,0.07739841938018799
A1_G,59,leather/test/glue/004.png,1,defect,32x32,8,8,0.0010897591710090637,0.0,0.0,0.0,0.0,0.005666747689247126,0.0,0.00871807336807251
A1_G,59,leather/test/glue/004.png,1,clean_defect,32x32,8,0,,,,,,,,
A1_G,59,leather/test/glue/004.png,1,boundary,32x32,8,8,0.0010897591710090637,0.0,0.0,0.0,0.0,0.005666747689247126,0.0,0.00871807336807251
A1_G,60,leather/test/glue/005.png,1,abnormal_normal,32x32,7,1001,0.009901648217981512,0.000711590051651001,0.0036619603633880615,0.008242517709732056,0.01407042145729065,0.025906413793563843,0.0,0.07544258236885071
A1_G,60,leather/test/glue/005.png,1,defect,32x32,7,23,0.011549547962520433,0.0001427412033081056,0.005366921424865723,0.009702891111373901,0.01711924374103546,0.025106626749038696,0.0,0.032987505197525024
A1_G,60,leather/test/glue/005.png,1,clean_defect,32x32,7,16,0.012852808460593224,0.0034194812178611755,0.006374090909957886,0.012050390243530273,0.01800357550382614,0.027201689779758453,0.0,0.032987505197525024
A1_G,60,leather/test/glue/005.png,1,boundary,32x32,7,7,0.008570666824068342,0.0004282236099243165,0.0027248114347457886,0.0049707889556884766,0.012982875108718872,0.021404811739921564,0.0,0.023608505725860596
A1_G,61,leather/test/glue/006.png,1,abnormal_normal,32x32,6,1010,0.01056206468308326,0.0005544319748878479,0.0038668811321258545,0.008378058671951294,0.014782406389713287,0.027555587887763973,0.0,0.06585004925727844
A1_G,61,leather/test/glue/006.png,1,defect,32x32,6,14,0.011245418872152056,0.0,0.0013982057571411133,0.012233123183250427,0.018131256103515625,0.02342801988124847,0.0,0.02568507194519043
A1_G,61,leather/test/glue/006.png,1,clean_defect,32x32,6,8,0.016563784331083298,0.010337042808532714,0.01271028071641922,0.014194592833518982,0.021998532116413116,0.024469736218452453,0.009829938411712646,0.02568507194519043
A1_G,61,leather/test/glue/006.png,1,boundary,32x32,6,6,0.0041542649269104,0.0,0.0,0.0,0.00419461727142334,0.015897780656814575,0.0,0.01933276653289795
A1_G,62,leather/test/glue/007.png,1,abnormal_normal,32x32,10,1010,0.009568313295298284,0.0003880739212036134,0.0034526661038398743,0.007754459977149963,0.013191163539886475,0.025087803602218624,0.0,0.07511758804321289
A1_G,62,leather/test/glue/007.png,1,defect,32x32,10,14,0.007663639528410775,0.0,0.000751689076423645,0.00635237991809845,0.01284017413854599,0.018241667747497557,0.0,0.02068805694580078
A1_G,62,leather/test/glue/007.png,1,clean_defect,32x32,10,4,0.009505786001682281,0.0007709607481956483,0.003854803740978241,0.010549381375312805,0.016200363636016846,0.01677957773208618,0.0,0.016924381256103516
A1_G,62,leather/test/glue/007.png,1,boundary,32x32,10,10,0.006926780939102173,0.0,0.000751689076423645,0.005650058388710022,0.010895803570747375,0.017383427917957297,0.0,0.02068805694580078
A1_G,63,leather/test/glue/008.png,1,abnormal_normal,32x32,8,1008,0.010309182403106538,0.0007888495922088623,0.004126489162445068,0.00811295211315155,0.013948574662208557,0.027610416710376735,0.0,0.07543393969535828
A1_G,63,leather/test/glue/008.png,1,defect,32x32,8,16,0.013355456292629242,0.0,0.008752122521400452,0.014648139476776123,0.019582919776439667,0.021898522973060608,0.0,0.02355179190635681
A1_G,63,leather/test/glue/008.png,1,clean_defect,32x32,8,8,0.012445345520973206,0.003317332267761231,0.010525807738304138,0.014120221138000488,0.015318349003791809,0.018469783663749694,0.0,0.0194704532623291
A1_G,63,leather/test/glue/008.png,1,boundary,32x32,8,8,0.014265567064285278,0.002032047510147095,0.00638212263584137,0.017977848649024963,0.021004021167755127,0.022780266404151914,0.0,0.02355179190635681
A1_G,64,leather/test/glue/009.png,1,abnormal_normal,32x32,5,1016,0.009926510960098327,0.0005337297916412354,0.003505691885948181,0.007928416132926941,0.013180993497371674,0.027372106909751892,0.0,0.06419432163238525
A1_G,64,leather/test/glue/009.png,1,defect,32x32,5,8,0.0014935359358787537,0.0,0.0,0.0,0.0002986639738082886,0.007407990097999568,0.0,0.010753631591796875
A1_G,64,leather/test/glue/009.png,1,clean_defect,32x32,5,3,0.00039821863174438477,0.0,0.0,0.0,0.0005973279476165771,0.0010751903057098387,0.0,0.0011946558952331543
A1_G,64,leather/test/glue/009.png,1,boundary,32x32,5,5,0.002150726318359375,0.0,0.0,0.0,0.0,0.008602905273437498,0.0,0.010753631591796875
A1_G,65,leather/test/glue/010.png,1,abnormal_normal,32x32,6,1015,0.009826838118689401,0.0005425035953521729,0.0035794228315353394,0.007875889539718628,0.013329565525054932,0.026381421089172352,0.0,0.131751149892807
A1_G,65,leather/test/glue/010.png,1,defect,32x32,6,9,0.005699416001637776,0.0,0.0,0.0,0.00457116961479187,0.02609916329383849,0.0,0.03797754645347595
A1_G,65,leather/test/glue/010.png,1,clean_defect,32x32,6,3,0.0,0.0,0.0,0.0,0.0,0.0,0.0,0.0
A1_G,65,leather/test/glue/010.png,1,boundary,32x32,6,6,0.008549124002456665,0.0,0.00011610984802246094,0.002517804503440857,0.007353983819484711,0.030553556978702545,0.0,0.03797754645347595
A1_G,66,leather/test/glue/011.png,1,abnormal_normal,32x32,5,1017,0.010295700036436173,0.0008343219757080078,0.0038629472255706787,0.008128732442855835,0.014066964387893677,0.02737724781036376,0.0,0.06238740682601929
A1_G,66,leather/test/glue/011.png,1,defect,32x32,5,7,0.007990896701812744,0.0,0.0,0.0,0.014672785997390747,0.024581202864646906,0.0,0.026590704917907715
A1_G,66,leather/test/glue/011.png,1,clean_defect,32x32,5,2,0.0,0.0,0.0,0.0,0.0,0.0,0.0,0.0
A1_G,66,leather/test/glue/011.png,1,boundary,32x32,5,5,0.011187255382537842,0.0,0.0,0.00945320725440979,0.019892364740371704,0.02525103688240051,0.0,0.026590704917907715
A1_G,67,leather/test/glue/012.png,1,abnormal_normal,32x32,8,1011,0.010521729050239162,0.0007040798664093018,0.003892272710800171,0.008049577474594116,0.014155566692352295,0.02944992482662201,0.0,0.06564873456954956
A1_G,67,leather/test/glue/012.png,1,defect,32x32,8,13,0.009299936202856211,0.0,0.0,0.0031815171241760254,0.014221221208572388,0.03084515333175658,0.0,0.03487354516983032
A1_G,67,leather/test/glue/012.png,1,clean_defect,32x32,8,5,0.018980616331100465,0.002413934469223023,0.012069672346115112,0.019800305366516113,0.02815955877304077,0.03353074789047241,0.0,0.03487354516983032
A1_G,67,leather/test/glue/012.png,1,boundary,32x32,8,8,0.0032495111227035522,0.0,0.0,0.0,0.00453447550535202,0.01225146651268005,0.0,0.014221221208572388
A1_G,68,leather/test/glue/013.png,1,abnormal_normal,32x32,7,1001,0.009844047444445508,0.0005789399147033691,0.003748595714569092,0.00786009430885315,0.0138397216796875,0.025775521993637085,0.0,0.05450606346130371
A1_G,68,leather/test/glue/013.png,1,defect,32x32,7,23,0.012982838827630749,0.0012622743844985962,0.009979426860809326,0.013052582740783691,0.01509082317352295,0.025656959414482112,0.0,0.03081989288330078
A1_G,68,leather/test/glue/013.png,1,clean_defect,32x32,7,16,0.01412983052432537,0.005996569991111755,0.010153934359550476,0.012318402528762817,0.015914812684059143,0.027120210230350494,0.002435445785522461,0.03081989288330078
A1_G,68,leather/test/glue/013.png,1,boundary,32x32,7,7,0.010361143520900182,0.00033957660198211673,0.0037008821964263916,0.013630777597427368,0.01395435631275177,0.020704430341720575,0.0,0.023586750030517578
A1_G,69,leather/test/glue/014.png,1,abnormal_normal,32x32,5,1015,0.010096034011230094,0.000742754340171814,0.0037801116704940796,0.00791090726852417,0.013322725892066956,0.026845666766166686,0.0,0.06382283568382263
A1_G,69,leather/test/glue/014.png,1,defect,32x32,5,9,0.019512507650587294,0.0,0.0015847980976104736,0.020812273025512695,0.032997310161590576,0.04219425320625304,0.0,0.04776516556739807
A1_G,69,leather/test/glue/014.png,1,clean_defect,32x32,5,4,0.013091489672660828,0.00023771971464157108,0.0011885985732078552,0.009264037013053894,0.021166928112506866,0.03130369335412979,0.0,0.03383788466453552
A1_G,69,leather/test/glue/014.png,1,boundary,32x32,5,5,0.024649322032928467,0.00416245460510254,0.020812273025512695,0.02167186141014099,0.032997310161590576,0.04481159448623657,0.0,0.04776516556739807
A1_G,70,leather/test/glue/015.png,1,abnormal_normal,32x32,9,1010,0.009684666637146826,0.0005445912480354309,0.003974653780460358,0.007731109857559204,0.013206489384174347,0.025538350641727443,0.0,0.05335959792137146
A1_G,70,leather/test/glue/015.png,1,defect,32x32,9,14,0.005329936742782593,0.0,0.0,0.001123189926147461,0.009663976728916168,0.017001596093177793,0.0,0.019218742847442627
A1_G,70,leather/test/glue/015.png,1,clean_defect,32x32,9,5,0.004392892122268677,0.0,0.0,0.0010707974433898926,0.007809251546859741,0.012029379606246948,0.0,0.01308441162109375
A1_G,70,leather/test/glue/015.png,1,boundary,32x32,9,9,0.005850517087512546,0.0,0.0,0.0011755824089050293,0.01028221845626831,0.017854344844818112,0.0,0.019218742847442627
A1_G,71,leather/test/glue/016.png,1,abnormal_normal,32x32,13,1003,0.009981332723782996,0.00026117265224456787,0.0037889331579208374,0.0079517662525177,0.01379135251045227,0.025797492265701293,0.0,0.09280622005462646
A1_G,71,leather/test/glue/016.png,1,defect,32x32,13,21,0.018788377443949383,0.0,0.007016956806182861,0.01798182725906372,0.03053078055381775,0.0475805401802063,0.0,0.05782255530357361
A1_G,71,leather/test/glue/016.png,1,clean_defect,32x32,13,8,0.017618458718061447,0.0,0.0012206509709358215,0.00816585123538971,0.03240339457988739,0.04911437034606932,0.0,0.05782255530357361
A1_G,71,leather/test/glue/016.png,1,boundary,32x32,13,13,0.019508327429111186,0.006217777729034424,0.012226253747940063,0.018490910530090332,0.02186274528503418,0.03765017986297605,0.00518566370010376,0.0475805401802063
A1_G,72,leather/test/glue/017.png,1,abnormal_normal,32x32,15,992,0.010352006242159874,0.0006914794445037842,0.0037487447261810303,0.007957398891448975,0.014228932559490204,0.028500309586524927,0.0,0.058970630168914795
A1_G,72,leather/test/glue/017.png,1,defect,32x32,15,32,0.014468114823102951,1.6424059867858887e-05,0.009652681648731232,0.014782831072807312,0.018990933895111084,0.026816457509994507,0.0,0.033985435962677
A1_G,72,leather/test/glue/017.png,1,clean_defect,32x32,15,17,0.015554091509650736,0.003215444087982178,0.009817272424697876,0.015746116638183594,0.020315021276474,0.028677999973297116,2.9861927032470703e-05,0.033985435962677
A1_G,72,leather/test/glue/017.png,1,boundary,32x32,15,15,0.013237341245015462,0.0,0.010890766978263855,0.014401733875274658,0.016876578330993652,0.0224364548921585,0.0,0.026378989219665527
A1_G,73,leather/test/glue/018.png,1,abnormal_normal,32x32,4,1015,0.01026044834423535,0.0005413353443145753,0.004003927111625671,0.007899314165115356,0.014123454689979553,0.027308934926986692,0.0,0.0877966582775116
A1_G,73,leather/test/glue/018.png,1,defect,32x32,4,9,0.020197209384706285,0.011603599786758423,0.017061978578567505,0.02041226625442505,0.02080368995666504,0.03021100163459778,0.008096069097518921,0.032092541456222534
A1_G,73,leather/test/glue/018.png,1,clean_defect,32x32,4,5,0.0191403329372406,0.01690431237220764,0.017061978578567505,0.02041226625442505,0.020558834075927734,0.02075471878051758,0.016864895820617676,0.02080368995666504
A1_G,73,leather/test/glue/018.png,1,boundary,32x32,4,4,0.02151830494403839,0.009656046330928803,0.01589595526456833,0.022942304611206055,0.028564654290676117,0.03138696402311325,0.008096069097518921,0.032092541456222534
A1_G,74,leather/test/good/000.png,0,normal_image,32x32,0,1024,0.009969613078283146,0.0006426706910133362,0.003582797944545746,0.007947608828544617,0.013334475457668304,0.02676675021648405,0.0,0.054962605237960815
A1_G,75,leather/test/good/001.png,0,normal_image,32x32,0,1024,0.010124538996024057,0.0005784749984741211,0.003838472068309784,0.007893785834312439,0.013856403529644012,0.02633217126131057,0.0,0.13823115825653076
A1_G,76,leather/test/good/002.png,0,normal_image,32x32,0,1024,0.0102087976410985,0.000714874267578125,0.003772228956222534,0.007753342390060425,0.0138397216796875,0.028939881920814498,0.0,0.06593802571296692
A1_G,77,leather/test/good/003.png,0,normal_image,32x32,0,1024,0.010178001801250502,0.0004239618778228762,0.0037386417388916016,0.007653951644897461,0.01392565667629242,0.028168314695358267,0.0,0.10982900857925415
A1_G,78,leather/test/good/004.png,0,normal_image,32x32,0,1024,0.010473404108779505,0.0007946282625198365,0.004143610596656799,0.008258357644081116,0.013814136385917664,0.028838537633419016,0.0,0.062043994665145874
A1_G,79,leather/test/good/005.png,0,normal_image,32x32,0,1024,0.009956928319297731,0.0007021248340606691,0.00345698744058609,0.007557183504104614,0.013356663286685944,0.0278746217489242,0.0,0.06910786032676697
A1_G,80,leather/test/good/006.png,0,normal_image,32x32,0,1024,0.009506564965704456,0.000609751045703888,0.0036788657307624817,0.007231011986732483,0.01311597228050232,0.025079455971717825,0.0,0.0678107738494873
A1_G,81,leather/test/good/007.png,0,normal_image,32x32,0,1024,0.010048290248960257,0.0009546235203742982,0.0040521323680877686,0.0077386945486068726,0.013609588146209717,0.02784206420183182,0.0,0.05910494923591614
A1_G,82,leather/test/good/008.png,0,normal_image,32x32,0,1024,0.009972385421860963,0.00048194080591201793,0.0032801181077957153,0.007732406258583069,0.0139140784740448,0.02711629718542099,0.0,0.06623691320419312
A1_G,83,leather/test/good/009.png,0,normal_image,32x32,0,1024,0.009914395748637617,0.0006378054618835452,0.0035197585821151733,0.007648825645446777,0.013711124658584595,0.027714143693447067,0.0,0.06349989771842957
A1_G,84,leather/test/good/010.png,0,normal_image,32x32,0,1024,0.009899598284391686,0.00042467713356018097,0.0035176649689674377,0.007656872272491455,0.0137372687458992,0.026845410466194146,0.0,0.07687434554100037
A1_G,85,leather/test/good/011.png,0,normal_image,32x32,0,1024,0.009912621258990839,0.0005109578371047974,0.003392331302165985,0.007261797785758972,0.013667777180671692,0.02708294540643692,0.0,0.10348325967788696
A1_G,86,leather/test/good/012.png,0,normal_image,32x32,0,1024,0.010142414772417396,0.0004907995462417603,0.003463737666606903,0.00785006582736969,0.013657137751579285,0.028018265962600705,0.0,0.07227501273155212
A1_G,87,leather/test/good/013.png,0,normal_image,32x32,0,1024,0.010287038050591946,0.0005211934447288515,0.003412880003452301,0.007223635911941528,0.013956718146800995,0.030408349633216848,0.0,0.12033975124359131
A1_G,88,leather/test/good/014.png,0,normal_image,32x32,0,1024,0.010315377556253225,0.0005010366439819337,0.0035783350467681885,0.007632061839103699,0.0143003910779953,0.029434387385845178,0.0,0.07616230845451355
A1_G,89,leather/test/good/015.png,0,normal_image,32x32,0,1024,0.009919945325236768,0.00047028064727783203,0.0034030675888061523,0.0075281113386154175,0.013277746737003326,0.029478597640991203,0.0,0.07250213623046875
A1_G,90,leather/test/good/016.png,0,normal_image,32x32,0,1024,0.009964679833501577,0.0006369873881340028,0.0035327449440956116,0.007954716682434082,0.01424357295036316,0.026830174028873423,0.0,0.08107715845108032
A1_G,91,leather/test/good/017.png,0,normal_image,32x32,0,1024,0.009967087156837806,0.0003698870539665223,0.003247097134590149,0.0076400041580200195,0.013565339148044586,0.02786127179861068,0.0,0.08415842056274414
A1_G,92,leather/test/good/018.png,0,normal_image,32x32,0,1024,0.010116871999343857,0.0005980148911476136,0.003618985414505005,0.007633775472640991,0.013873495161533356,0.02908143252134322,0.0,0.09320026636123657
A1_G,93,leather/test/good/019.png,0,normal_image,32x32,0,1024,0.010620446089887992,0.0008981794118881226,0.004064030945301056,0.008387982845306396,0.01377587765455246,0.029188191890716475,0.0,0.07154133915901184
A1_G,94,leather/test/good/020.png,0,normal_image,32x32,0,1024,0.010528575396165252,0.0007804691791534425,0.0038786232471466064,0.008270442485809326,0.014394707977771759,0.027964308857917782,0.0,0.07811474800109863
A1_G,95,leather/test/good/021.png,0,normal_image,32x32,0,1024,0.010306041309377179,0.0007268637418746949,0.0035119429230690002,0.007664814591407776,0.014197960495948792,0.028963553905487036,0.0,0.076404869556427
A1_G,96,leather/test/good/022.png,0,normal_image,32x32,0,1024,0.010828506608959287,0.0005776166915893554,0.00399336963891983,0.008203268051147461,0.014839455485343933,0.030598342418670606,0.0,0.05769258737564087
A1_G,97,leather/test/good/023.png,0,normal_image,32x32,0,1024,0.010412162984721363,0.0005369767546653748,0.003362707793712616,0.008219853043556213,0.014757111668586731,0.028386037051677693,0.0,0.060862064361572266
A1_G,98,leather/test/good/024.png,0,normal_image,32x32,0,1024,0.010111668409081176,0.0007159590721130373,0.003888167440891266,0.007617861032485962,0.013484694063663483,0.0277668759226799,0.0,0.05836975574493408
A1_G,99,leather/test/good/025.png,0,normal_image,32x32,0,1024,0.01027985307155177,0.0007367059588432313,0.004199214279651642,0.008375018835067749,0.013980306684970856,0.027776031196117337,0.0,0.06761199235916138
A1_G,100,leather/test/good/026.png,0,normal_image,32x32,0,1024,0.010202923993347213,0.00030872076749801643,0.0037989094853401184,0.007982715964317322,0.01322239637374878,0.02983518987894049,0.0,0.09074452519416809
A1_G,101,leather/test/good/027.png,0,normal_image,32x32,0,1024,0.009674955304944888,0.0004499346017837526,0.003613613545894623,0.007460400462150574,0.013044804334640503,0.025278000533580758,0.0,0.092658132314682
A1_G,102,leather/test/good/028.png,0,normal_image,32x32,0,1024,0.009920335025526583,0.0004933178424835206,0.003420129418373108,0.007819920778274536,0.01362849771976471,0.026881043612956967,0.0,0.08281689882278442
A1_G,103,leather/test/good/029.png,0,normal_image,32x32,0,1024,0.009885069070151076,0.0003873154520988465,0.0034116581082344055,0.0075087398290634155,0.013534940779209137,0.026730149984359734,0.0,0.05814403295516968
A1_G,104,leather/test/good/030.png,0,normal_image,32x32,0,1024,0.009947861806722358,0.0006927192211151124,0.003422364592552185,0.007447481155395508,0.013484969735145569,0.028500805795192586,0.0,0.0727333128452301
A1_G,105,leather/test/good/031.png,0,normal_image,32x32,0,1024,0.009578867378877476,0.0006204456090927124,0.0034087449312210083,0.007242113351821899,0.013217121362686157,0.025841759145259824,0.0,0.06258949637413025
A1_G,106,leather/test/poke/000.png,1,abnormal_normal,32x32,4,1018,0.009845008667419374,0.0007357254624366761,0.003847666084766388,0.007826730608940125,0.01334623247385025,0.02622708529233932,0.0,0.09966292977333069
A1_G,106,leather/test/poke/000.png,1,defect,32x32,4,6,0.0002283702294031779,0.0,0.0,0.0,0.0,0.0010276660323143005,0.0,0.0013702213764190674
A1_G,106,leather/test/poke/000.png,1,clean_defect,32x32,4,2,0.0,0.0,0.0,0.0,0.0,0.0,0.0,0.0
A1_G,106,leather/test/poke/000.png,1,boundary,32x32,4,4,0.00034255534410476685,0.0,0.0,0.0,0.00034255534410476685,0.0011646881699562068,0.0,0.0013702213764190674
A1_G,107,leather/test/poke/001.png,1,abnormal_normal,32x32,6,1015,0.010343712127854671,0.0005586892366409303,0.0038861483335494995,0.008111685514450073,0.013856172561645508,0.028486087918281555,0.0,0.06217312812805176
A1_G,107,leather/test/poke/001.png,1,defect,32x32,6,9,0.009849531782997979,0.0,0.0,0.0,0.019069552421569824,0.03540547490119934,0.0,0.03787490725517273
A1_G,107,leather/test/poke/001.png,1,clean_defect,32x32,6,3,0.0,0.0,0.0,0.0,0.0,0.0,0.0,0.0
A1_G,107,leather/test/poke/001.png,1,boundary,32x32,6,6,0.01477429767449697,0.0,0.0,0.009534776210784912,0.0285433828830719,0.03633151203393936,0.0,0.03787490725517273
A1_G,108,leather/test/poke/002.png,1,abnormal_normal,32x32,6,1014,0.010264541329246537,0.0007992222905158997,0.0038684606552124023,0.008341982960700989,0.014131411910057068,0.026625347137451166,0.0,0.08004966378211975
A1_G,108,leather/test/poke/002.png,1,defect,32x32,6,10,0.002045878767967224,0.0,0.0,0.00041131675243377686,0.0013916417956352234,0.008995883166789998,0.0,0.01369786262512207
A1_G,108,leather/test/poke/002.png,1,clean_defect,32x32,6,4,0.0,0.0,0.0,0.0,0.0,0.0,0.0,0.0
A1_G,108,leather/test/poke/002.png,1,boundary,32x32,6,6,0.00340979794661204,0.00020565837621688843,0.0009296312928199768,0.001344636082649231,0.0027964264154434204,0.011085651814937592,0.0,0.01369786262512207
A1_G,109,leather/test/poke/003.png,1,abnormal_normal,32x32,3,1018,0.010478482294410526,0.0006710037589073182,0.004197143018245697,0.008190780878067017,0.014275304973125458,0.026929332315921782,0.0,0.05558145046234131
A1_G,109,leather/test/poke/003.png,1,defect,32x32,3,6,0.0,0.0,0.0,0.0,0.0,0.0,0.0,0.0
A1_G,109,leather/test/poke/003.png,1,clean_defect,32x32,3,3,0.0,0.0,0.0,0.0,0.0,0.0,0.0,0.0
A1_G,109,leather/test/poke/003.png,1,boundary,32x32,3,3,0.0,0.0,0.0,0.0,0.0,0.0,0.0,0.0
A1_G,110,leather/test/poke/004.png,1,abnormal_normal,32x32,4,1018,0.010018060390045226,0.0007102370262145997,0.003781817853450775,0.007847860455513,0.013740576803684235,0.02641663700342178,0.0,0.09009194374084473
A1_G,110,leather/test/poke/004.png,1,defect,32x32,4,6,0.0,0.0,0.0,0.0,0.0,0.0,0.0,0.0
A1_G,110,leather/test/poke/004.png,1,clean_defect,32x32,4,2,0.0,0.0,0.0,0.0,0.0,0.0,0.0,0.0
A1_G,110,leather/test/poke/004.png,1,boundary,32x32,4,4,0.0,0.0,0.0,0.0,0.0,0.0,0.0,0.0
A1_G,111,leather/test/poke/005.png,1,abnormal_normal,32x32,3,1019,0.010369090997669719,0.000709900259971619,0.0038969963788986206,0.00794270634651184,0.014139264822006226,0.028548198938369695,0.0,0.062135279178619385
A1_G,111,leather/test/poke/005.png,1,defect,32x32,3,5,0.0,0.0,0.0,0.0,0.0,0.0,0.0,0.0
A1_G,111,leather/test/poke/005.png,1,clean_defect,32x32,3,2,0.0,0.0,0.0,0.0,0.0,0.0,0.0,0.0
A1_G,111,leather/test/poke/005.png,1,boundary,32x32,3,3,0.0,0.0,0.0,0.0,0.0,0.0,0.0,0.0
A1_G,112,leather/test/poke/006.png,1,abnormal_normal,32x32,3,1018,0.010276270521647335,0.0006896108388900757,0.003834858536720276,0.007871270179748535,0.0141434445977211,0.02742636352777481,0.0,0.06878328323364258
A1_G,112,leather/test/poke/006.png,1,defect,32x32,3,6,0.0005724678436915079,0.0,0.0,0.0,0.0,0.002576105296611786,0.0,0.003434807062149048
A1_G,112,leather/test/poke/006.png,1,clean_defect,32x32,3,3,0.0,0.0,0.0,0.0,0.0,0.0,0.0,0.0
A1_G,112,leather/test/poke/006.png,1,boundary,32x32,3,3,0.0011449356873830159,0.0,0.0,0.0,0.001717403531074524,0.0030913263559341425,0.0,0.003434807062149048
A1_G,113,leather/test/poke/007.png,1,abnormal_normal,32x32,4,1018,0.011063251110097514,0.0006349071860313416,0.004344366490840912,0.008665859699249268,0.014769211411476135,0.028839288651943202,0.0,0.07649722695350647
A1_G,113,leather/test/poke/007.png,1,defect,32x32,4,6,0.0,0.0,0.0,0.0,0.0,0.0,0.0,0.0
A1_G,113,leather/test/poke/007.png,1,clean_defect,32x32,4,2,0.0,0.0,0.0,0.0,0.0,0.0,0.0,0.0
A1_G,113,leather/test/poke/007.png,1,boundary,32x32,4,4,0.0,0.0,0.0,0.0,0.0,0.0,0.0,0.0
A1_G,114,leather/test/poke/008.png,1,abnormal_normal,32x32,6,1016,0.010715996802557172,0.0005781501531600952,0.003968842327594757,0.0077750831842422485,0.014037273824214935,0.03180859237909317,0.0,0.10432273149490356
A1_G,114,leather/test/poke/008.png,1,defect,32x32,6,8,0.0020225979387760162,0.0,0.0,0.0,0.0,0.010517509281635275,0.0,0.01618078351020813
A1_G,114,leather/test/poke/008.png,1,clean_defect,32x32,6,2,0.0,0.0,0.0,0.0,0.0,0.0,0.0,0.0
A1_G,114,leather/test/poke/008.png,1,boundary,32x32,6,6,0.002696797251701355,0.0,0.0,0.0,0.0,0.012135587632656097,0.0,0.01618078351020813
A1_G,115,leather/test/poke/009.png,1,abnormal_normal,32x32,6,1016,0.010777732020053337,0.0006849020719528198,0.00414033979177475,0.008177980780601501,0.014683753252029419,0.029792122542858124,0.0,0.07124555110931396
A1_G,115,leather/test/poke/009.png,1,defect,32x32,6,8,0.004222307354211807,0.0,0.0,0.0,0.0046522244811058044,0.01691457629203796,0.0,0.019499540328979492
A1_G,115,leather/test/poke/009.png,1,clean_defect,32x32,6,2,0.001082494854927063,0.0001082494854927063,0.0005412474274635315,0.001082494854927063,0.0016237422823905945,0.0020567402243614197,0.0,0.002164989709854126
A1_G,115,leather/test/poke/009.png,1,boundary,32x32,6,6,0.005268911520640056,0.0,0.0,0.0,0.00908544659614563,0.01765313744544983,0.0,0.019499540328979492
A1_G,116,leather/test/poke/010.png,1,abnormal_normal,32x32,6,1017,0.01019757487898145,0.0004052162170410157,0.003574877977371216,0.007901817560195923,0.014242857694625854,0.02697802186012268,0.0,0.09227737784385681
A1_G,116,leather/test/poke/010.png,1,defect,32x32,6,7,0.008702835866383143,0.0,0.0,0.0,0.014969319105148315,0.030481258034706114,0.0,0.030981212854385376
A1_G,116,leather/test/poke/010.png,1,clean_defect,32x32,6,1,0.0006239414215087891,0.0006239414215087891,0.0006239414215087891,0.0006239414215087891,0.0006239414215087891,0.0006239414215087891,0.0006239414215087891,0.0006239414215087891
A1_G,116,leather/test/poke/010.png,1,boundary,32x32,6,6,0.010049318273862204,0.0,0.0,0.0,0.02198602259159088,0.030564583837985992,0.0,0.030981212854385376
A1_G,117,leather/test/poke/011.png,1,abnormal_normal,32x32,5,1016,0.010592606945300665,0.0007183775305747986,0.004100978374481201,0.008168607950210571,0.01408926397562027,0.03014063835144043,0.0,0.06122496724128723
A1_G,117,leather/test/poke/011.png,1,defect,32x32,5,8,0.005320623517036438,0.0,0.0,0.0,0.0,0.027667242288589453,0.0,0.042564988136291504
A1_G,117,leather/test/poke/011.png,1,clean_defect,32x32,5,3,0.0,0.0,0.0,0.0,0.0,0.0,0.0,0.0
A1_G,117,leather/test/poke/011.png,1,boundary,32x32,5,5,0.0085129976272583,0.0,0.0,0.0,0.0,0.034051990509033195,0.0,0.042564988136291504
A1_G,118,leather/test/poke/012.png,1,abnormal_normal,32x32,4,1016,0.010546696408996432,0.000604778528213501,0.003710426390171051,0.007624298334121704,0.014401257038116455,0.028975486755371094,0.0,0.06393057107925415
A1_G,118,leather/test/poke/012.png,1,defect,32x32,4,8,0.0072817131876945496,0.0,0.0,0.001628279685974121,0.014835178852081299,0.021546632051467892,0.0,0.02446204423904419
A1_G,118,leather/test/poke/012.png,1,clean_defect,32x32,4,4,0.0008141398429870605,0.0,0.0,0.0,0.0008141398429870605,0.0027680754661560045,0.0,0.003256559371948242
A1_G,118,leather/test/poke/012.png,1,boundary,32x32,4,4,0.013749286532402039,0.0021604210138320926,0.010802105069160461,0.015267550945281982,0.01821473240852356,0.02321258187294006,0.0,0.02446204423904419
A1_G,119,leather/test/poke/013.png,1,abnormal_normal,32x32,3,1018,0.01117104288988357,0.0008988574147224427,0.004206269979476929,0.00902944803237915,0.015392221510410309,0.03000002801418304,0.0,0.0699262022972107
A1_G,119,leather/test/poke/013.png,1,defect,32x32,3,6,0.002288326621055603,0.0,0.0,0.0,0.004825159907341003,0.007080696523189545,0.0,0.00729641318321228
A1_G,119,leather/test/poke/013.png,1,clean_defect,32x32,3,3,0.0,0.0,0.0,0.0,0.0,0.0,0.0,0.0
A1_G,119,leather/test/poke/013.png,1,boundary,32x32,3,3,0.004576653242111206,0.0006433546543121338,0.003216773271560669,0.006433546543121338,0.006864979863166809,0.007210126519203186,0.0,0.00729641318321228
A1_G,120,leather/test/poke/014.png,1,abnormal_normal,32x32,4,1018,0.009919411687579276,0.0010191798210144043,0.0037823840975761414,0.007535010576248169,0.013107717037200928,0.027284795045852656,0.0,0.05593591928482056
A1_G,120,leather/test/poke/014.png,1,defect,32x32,4,6,0.0006568729877471924,0.0,0.0,0.0,0.0,0.0029559284448623657,0.0,0.003941237926483154
A1_G,120,leather/test/poke/014.png,1,clean_defect,32x32,4,2,0.0,0.0,0.0,0.0,0.0,0.0,0.0,0.0
A1_G,120,leather/test/poke/014.png,1,boundary,32x32,4,4,0.0009853094816207886,0.0,0.0,0.0,0.0009853094816207886,0.0033500522375106796,0.0,0.003941237926483154
A1_G,121,leather/test/poke/015.png,1,abnormal_normal,32x32,4,1019,0.010661725499562123,0.0006127893924713137,0.0039328038692474365,0.008051633834838867,0.01458066701889038,0.029968747496604917,0.0,0.06410306692123413
A1_G,121,leather/test/poke/015.png,1,defect,32x32,4,5,0.0,0.0,0.0,0.0,0.0,0.0,0.0,0.0
A1_G,121,leather/test/poke/015.png,1,clean_defect,32x32,4,1,0.0,0.0,0.0,0.0,0.0,0.0,0.0,0.0
A1_G,121,leather/test/poke/015.png,1,boundary,32x32,4,4,0.0,0.0,0.0,0.0,0.0,0.0,0.0,0.0
A1_G,122,leather/test/poke/016.png,1,abnormal_normal,32x32,6,1016,0.010409075884133812,0.0005941390991210938,0.004014588892459869,0.008027583360671997,0.013937972486019135,0.02818615734577179,0.0,0.06319472193717957
A1_G,122,leather/test/poke/016.png,1,defect,32x32,6,8,0.0,0.0,0.0,0.0,0.0,0.0,0.0,0.0
A1_G,122,leather/test/poke/016.png,1,clean_defect,32x32,6,2,0.0,0.0,0.0,0.0,0.0,0.0,0.0,0.0
A1_G,122,leather/test/poke/016.png,1,boundary,32x32,6,6,0.0,0.0,0.0,0.0,0.0,0.0,0.0,0.0
A1_G,123,leather/test/poke/017.png,1,abnormal_normal,32x32,3,1019,0.01018391571522227,0.0006269991397857667,0.0037924349308013916,0.008307993412017822,0.014089331030845642,0.02747471332550049,0.0,0.053249090909957886
A1_G,123,leather/test/poke/017.png,1,defect,32x32,3,5,0.0022311687469482424,0.0,0.0,0.0,0.0,0.008924674987792966,0.0,0.011155843734741211
A1_G,123,leather/test/poke/017.png,1,clean_defect,32x32,3,2,0.0,0.0,0.0,0.0,0.0,0.0,0.0,0.0
A1_G,123,leather/test/poke/017.png,1,boundary,32x32,3,3,0.0037186145782470703,0.0,0.0,0.0,0.0055779218673706055,0.010040259361267088,0.0,0.011155843734741211
DUP_G,0,leather/test/color/000.png,1,abnormal_normal,32x32,5,1014,0.009239077867473489,0.0006426455453038216,0.0032241083681583405,0.006966419517993927,0.013225717470049858,0.025238451361656148,0.0,0.08354203402996063
DUP_G,0,leather/test/color/000.png,1,defect,32x32,5,10,0.0,0.0,0.0,0.0,0.0,0.0,0.0,0.0
DUP_G,0,leather/test/color/000.png,1,clean_defect,32x32,5,5,0.0,0.0,0.0,0.0,0.0,0.0,0.0,0.0
DUP_G,0,leather/test/color/000.png,1,boundary,32x32,5,5,0.0,0.0,0.0,0.0,0.0,0.0,0.0,0.0
DUP_G,1,leather/test/color/001.png,1,abnormal_normal,32x32,8,1015,0.00825555920600891,0.00043537914752960204,0.0027444111183285713,0.0060789212584495544,0.01108085922896862,0.02308842092752455,0.0,0.08500906825065613
DUP_G,1,leather/test/color/001.png,1,defect,32x32,8,9,0.00114873382780287,0.0,0.0,0.0,0.0,0.006203162670135495,0.0,0.01033860445022583
DUP_G,1,leather/test/color/001.png,1,clean_defect,32x32,8,1,0.0,0.0,0.0,0.0,0.0,0.0,0.0,0.0
DUP_G,1,leather/test/color/001.png,1,boundary,32x32,8,8,0.0012923255562782288,0.0,0.0,0.0,0.0,0.006720092892646784,0.0,0.01033860445022583
DUP_G,2,leather/test/color/002.png,1,abnormal_normal,32x32,5,1014,0.009169669336909374,0.0004925550892949105,0.0032967268489301205,0.006550095044076443,0.012081040069460869,0.026841908507049032,0.0,0.055130451917648315
DUP_G,2,leather/test/color/002.png,1,defect,32x32,5,10,0.004051133990287781,0.0,0.0,0.0,0.00901966542005539,0.014389196038246151,0.0,0.01570892333984375
DUP_G,2,leather/test/color/002.png,1,clean_defect,32x32,5,5,0.0,0.0,0.0,0.0,0.0,0.0,0.0,0.0
DUP_G,2,leather/test/color/002.png,1,boundary,32x32,5,5,0.008102267980575562,0.0,0.0,0.012026220560073853,0.012776196002960205,0.01512237787246704,0.0,0.01570892333984375
DUP_G,3,leather/test/color/003.png,1,abnormal_normal,32x32,12,1007,0.008710408794148913,0.0004086658358573915,0.0027210116386413574,0.006377458572387695,0.01205860823392868,0.02446068078279495,0.0,0.053936272859573364
DUP_G,3,leather/test/color/003.png,1,defect,32x32,12,17,0.006701280088985667,0.0,0.0,0.0,0.015067040920257568,0.024067467451095573,0.0,0.032065242528915405
DUP_G,3,leather/test/color/003.png,1,clean_defect,32x32,12,5,0.004413604736328125,0.0,0.0,0.0,0.0,0.017654418945312497,0.0,0.022068023681640625
DUP_G,3,leather/test/color/003.png,1,boundary,32x32,12,12,0.007654478152592977,0.0,0.0,0.0008929073810577393,0.015246555209159851,0.023412270843982685,0.0,0.032065242528915405
DUP_G,4,leather/test/color/004.png,1,abnormal_normal,32x32,10,1007,0.009674372612993495,0.00045560896396636965,0.003168053925037384,0.006999537348747253,0.013350239023566246,0.02771572619676589,0.0,0.07344813644886017
DUP_G,4,leather/test/color/004.png,1,defect,32x32,10,17,0.009165355387855978,0.0,0.0,0.005810379981994629,0.015644490718841553,0.03153694868087768,0.0,0.03232234716415405
DUP_G,4,leather/test/color/004.png,1,clean_defect,32x32,10,7,0.007093459367752075,0.0,0.0,0.0,0.009156808257102966,0.027432504296302784,0.0,0.031340599060058594
DUP_G,4,leather/test/color/004.png,1,boundary,32x32,10,10,0.010615682601928711,0.0,0.0014525949954986572,0.007597416639328003,0.01367264986038208,0.03101973235607147,0.0,0.03232234716415405
DUP_G,5,leather/test/color/005.png,1,abnormal_normal,32x32,6,1017,0.008531762964679194,0.0003108955919742585,0.00285438634455204,0.006381809711456299,0.012001216411590576,0.02311178892850875,0.0,0.05679440498352051
DUP_G,5,leather/test/color/005.png,1,defect,32x32,6,7,0.002350475106920515,0.0,0.0,0.0,0.0010532587766647339,0.010674721002578727,0.0,0.014346808195114136
DUP_G,5,leather/test/color/005.png,1,clean_defect,32x32,6,1,0.0,0.0,0.0,0.0,0.0,0.0,0.0,0.0
DUP_G,5,leather/test/color/005.png,1,boundary,32x32,6,6,0.002742220958073934,0.0,0.0,0.0,0.0015798881649971008,0.011286735534667969,0.0,0.014346808195114136
DUP_G,6,leather/test/color/006.png,1,abnormal_normal,32x32,4,1020,0.00871727215308769,0.0003524113446474075,0.002596832811832428,0.006067968904972076,0.012005254626274109,0.02577413525432348,0.0,0.06590819358825684
DUP_G,6,leather/test/color/006.png,1,defect,32x32,4,4,0.008386977016925812,0.0,0.0,0.004111185669898987,0.012498162686824799,0.022760061919689174,0.0,0.025325536727905273
DUP_G,6,leather/test/color/006.png,1,clean_defect,32x32,4,0,,,,,,,,
DUP_G,6,leather/test/color/006.png,1,boundary,32x32,4,4,0.008386977016925812,0.0,0.0,0.004111185669898987,0.012498162686824799,0.022760061919689174,0.0,0.025325536727905273
DUP_G,7,leather/test/color/007.png,1,abnormal_normal,32x32,9,1014,0.008771444136309906,0.0003493510186672212,0.003010321408510208,0.0066474564373493195,0.01209990307688713,0.024790551513433453,0.0,0.0637674480676651
DUP_G,7,leather/test/color/007.png,1,defect,32x32,9,10,0.0005288004875183105,0.0,0.0,0.0,0.0,0.0029012501239776556,0.0,0.005216479301452637
DUP_G,7,leather/test/color/007.png,1,clean_defect,32x32,9,1,0.0,0.0,0.0,0.0,0.0,0.0,0.0,0.0
DUP_G,7,leather/test/color/007.png,1,boundary,32x32,9,9,0.0005875560972425672,0.0,0.0,0.0,0.0,0.0031584978103637675,0.0,0.005216479301452637
DUP_G,8,leather/test/color/008.png,1,abnormal_normal,32x32,11,1001,0.009390200184031085,0.0005228519439697266,0.0027944818139076233,0.006343156099319458,0.01278398185968399,0.02830381691455841,0.0,0.08326493203639984
DUP_G,8,leather/test/color/008.png,1,defect,32x32,11,23,0.012111220022906427,0.0,0.0005274116992950439,0.013219714164733887,0.020062148571014404,0.02893394529819488,0.0,0.031080126762390137
DUP_G,8,leather/test/color/008.png,1,clean_defect,32x32,11,12,0.016409157464901607,0.0,0.012483518570661545,0.018142104148864746,0.02102772891521454,0.03000658005475998,0.0,0.031080126762390137
DUP_G,8,leather/test/color/008.png,1,boundary,32x32,11,11,0.007422560995275324,0.0,0.0,0.004191726446151733,0.011858344078063965,0.02422867715358734,0.0,0.027185440063476562
DUP_G,9,leather/test/color/009.png,1,abnormal_normal,32x32,12,1007,0.00852450225853695,0.0003451213240623475,0.0028445031493902206,0.006377175450325012,0.011700369417667389,0.02481002509593963,0.0,0.07433828711509705
DUP_G,9,leather/test/color/009.png,1,defect,32x32,12,17,0.0016438031897825353,0.0,0.0,0.0,0.0,0.0055889308452606,0.0,0.0279446542263031
DUP_G,9,leather/test/color/009.png,1,clean_defect,32x32,12,5,0.0,0.0,0.0,0.0,0.0,0.0,0.0,0.0
DUP_G,9,leather/test/color/009.png,1,boundary,32x32,12,12,0.0023287211855252585,0.0,0.0,0.0,0.0,0.012575094401836375,0.0,0.0279446542263031
DUP_G,10,leather/test/color/010.png,1,abnormal_normal,32x32,5,1018,0.008966978851610645,0.00048333778977394104,0.00269267987459898,0.006700852885842323,0.012577426619827747,0.025795102864503858,0.0,0.058566197752952576
DUP_G,10,leather/test/color/010.png,1,defect,32x32,5,6,0.003374372919400533,0.0,0.0,0.0,0.0,0.015184678137302399,0.0,0.020246237516403198
DUP_G,10,leather/test/color/010.png,1,clean_defect,32x32,5,1,0.0,0.0,0.0,0.0,0.0,0.0,0.0,0.0
DUP_G,10,leather/test/color/010.png,1,boundary,32x32,5,5,0.00404924750328064,0.0,0.0,0.0,0.0,0.016196990013122553,0.0,0.020246237516403198
DUP_G,11,leather/test/color/011.png,1,abnormal_normal,32x32,8,1015,0.00855074888966941,0.00035070143640041356,0.0025256089866161346,0.005904119461774826,0.01188778504729271,0.026554901897907254,0.0,0.05030900239944458
DUP_G,11,leather/test/color/011.png,1,defect,32x32,8,9,0.0010579658879174127,0.0,0.0,0.0,0.0,0.005049872398376464,0.0,0.0062059760093688965
DUP_G,11,leather/test/color/011.png,1,clean_defect,32x32,8,1,0.0,0.0,0.0,0.0,0.0,0.0,0.0,0.0
DUP_G,11,leather/test/color/011.png,1,boundary,32x32,8,8,0.0011902116239070892,0.0,0.0,0.0,0.0008289292454719543,0.005194385349750518,0.0,0.0062059760093688965
DUP_G,12,leather/test/color/012.png,1,abnormal_normal,32x32,5,1017,0.008976427962748936,0.0003995314240455628,0.002971053123474121,0.006476741284132004,0.012033184990286827,0.02539178729057312,0.0,0.06301654130220413
DUP_G,12,leather/test/color/012.png,1,defect,32x32,5,7,0.003873109817504883,0.0,0.0,0.0,0.0,0.018978238105773905,0.0,0.02711176872253418
DUP_G,12,leather/test/color/012.png,1,clean_defect,32x32,5,2,0.0,0.0,0.0,0.0,0.0,0.0,0.0,0.0
DUP_G,12,leather/test/color/012.png,1,boundary,32x32,5,5,0.005422353744506836,0.0,0.0,0.0,0.0,0.021689414978027337,0.0,0.02711176872253418
DUP_G,13,leather/test/color/013.png,1,abnormal_normal,32x32,10,1011,0.008831659348499174,0.0005327183753252029,0.002910258248448372,0.006795644760131836,0.011979900300502777,0.026313740760087967,0.0,0.044938504695892334
DUP_G,13,leather/test/color/013.png,1,defect,32x32,10,13,0.0031162786942261914,0.0,0.0,0.0,0.006591930985450745,0.012420296669006344,0.0,0.013810217380523682
DUP_G,13,leather/test/color/013.png,1,clean_defect,32x32,10,3,0.0,0.0,0.0,0.0,0.0,0.0,0.0,0.0
DUP_G,13,leather/test/color/013.png,1,boundary,32x32,10,10,0.004051162302494049,0.0,0.0,0.0,0.00810982659459114,0.01276777684688568,0.0,0.013810217380523682
DUP_G,14,leather/test/color/014.png,1,abnormal_normal,32x32,4,1018,0.008557328436530995,0.0004272662103176117,0.0028178924694657326,0.006336607038974762,0.011834938079118729,0.022766024991869926,0.0,0.054211653769016266
DUP_G,14,leather/test/color/014.png,1,defect,32x32,4,6,0.0,0.0,0.0,0.0,0.0,0.0,0.0,0.0
DUP_G,14,leather/test/color/014.png,1,clean_defect,32x32,4,2,0.0,0.0,0.0,0.0,0.0,0.0,0.0,0.0
DUP_G,14,leather/test/color/014.png,1,boundary,32x32,4,4,0.0,0.0,0.0,0.0,0.0,0.0,0.0,0.0
DUP_G,15,leather/test/color/015.png,1,abnormal_normal,32x32,12,1003,0.009150239901760164,0.0004259102046489716,0.0029701385647058487,0.00673796609044075,0.012702505104243755,0.025738555938005444,0.0,0.0654982402920723
DUP_G,15,leather/test/color/015.png,1,defect,32x32,12,21,0.004437902853602455,0.0,0.0,0.0,0.005338907241821289,0.020389795303344727,0.0,0.024595782160758972
DUP_G,15,leather/test/color/015.png,1,clean_defect,32x32,12,9,0.0035303152269787258,0.0,0.0,0.0,0.0018381476402282715,0.01689303219318389,0.0,0.024595782160758972
DUP_G,15,leather/test/color/015.png,1,boundary,32x32,12,12,0.0051185935735702515,0.0,0.0,0.0017364472150802612,0.006195366382598877,0.020022712647914886,0.0,0.020389795303344727
DUP_G,16,leather/test/color/016.png,1,abnormal_normal,32x32,6,1017,0.008801754935843285,0.0004649125039577488,0.002560734748840332,0.006403367966413498,0.012294545769691467,0.024880632758140557,0.0,0.06732512265443802
DUP_G,16,leather/test/color/016.png,1,defect,32x32,6,7,0.002025255135127476,0.0,0.0,0.0,0.0,0.009923750162124625,0.0,0.014176785945892334
DUP_G,16,leather/test/color/016.png,1,clean_defect,32x32,6,1,0.0,0.0,0.0,0.0,0.0,0.0,0.0,0.0
DUP_G,16,leather/test/color/016.png,1,boundary,32x32,6,6,0.002362797657648722,0.0,0.0,0.0,0.0,0.01063258945941925,0.0,0.014176785945892334
DUP_G,17,leather/test/color/017.png,1,abnormal_normal,32x32,13,1004,0.00927485355112954,0.0004264768213033677,0.0027648843824863434,0.006498655304312706,0.012795944698154926,0.026932219415903083,0.0,0.06077972799539566
DUP_G,17,leather/test/color/017.png,1,defect,32x32,13,20,0.02470317780971527,0.01278781145811081,0.020898565649986267,0.02506597340106964,0.02905295044183731,0.03756084442138672,0.0076971352100372314,0.03800976276397705
DUP_G,17,leather/test/color/017.png,1,clean_defect,32x32,13,7,0.026336350611277988,0.0160599946975708,0.02417336404323578,0.026090681552886963,0.02966204285621643,0.03585266470909118,0.013055741786956787,0.037537217140197754
DUP_G,17,leather/test/color/017.png,1,boundary,32x32,13,13,0.02382377707041227,0.012184828519821167,0.020660877227783203,0.0229150652885437,0.028378844261169434,0.034117501974105825,0.0076971352100372314,0.03800976276397705
DUP_G,18,leather/test/color/018.png,1,abnormal_normal,32x32,7,1017,0.008826778569756005,0.00047847181558609026,0.0028552785515785217,0.00648556649684906,0.011690415441989899,0.026759123802185057,0.0,0.05040491372346878
DUP_G,18,leather/test/color/018.png,1,defect,32x32,7,7,0.011132959808622087,0.0,0.0,0.0014513731002807617,0.015231311321258545,0.03852222859859465,0.0,0.04601672291755676
DUP_G,18,leather/test/color/018.png,1,clean_defect,32x32,7,0,,,,,,,,
DUP_G,18,leather/test/color/018.png,1,boundary,32x32,7,7,0.011132959808622087,0.0,0.0,0.0014513731002807617,0.015231311321258545,0.03852222859859465,0.0,0.04601672291755676
DUP_G,19,leather/test/cut/000.png,1,abnormal_normal,32x32,5,1018,0.009309423494579047,0.00043784957379102714,0.0028461143374443054,0.007047206163406372,0.012696355115622282,0.026362842321395873,0.0,0.07271862030029297
DUP_G,19,leather/test/cut/000.png,1,defect,32x32,5,6,0.0,0.0,0.0,0.0,0.0,0.0,0.0,0.0
DUP_G,19,leather/test/cut/000.png,1,clean_defect,32x32,5,1,0.0,0.0,0.0,0.0,0.0,0.0,0.0,0.0
DUP_G,19,leather/test/cut/000.png,1,boundary,32x32,5,5,0.0,0.0,0.0,0.0,0.0,0.0,0.0,0.0
DUP_G,20,leather/test/cut/001.png,1,abnormal_normal,32x32,9,1011,0.009148326703337133,0.0005730800330638885,0.0029991287738084793,0.00706791877746582,0.013007868081331253,0.02573808655142784,0.0,0.05272264778614044
DUP_G,20,leather/test/cut/001.png,1,defect,32x32,9,13,0.004532029995551476,0.0,0.0,0.0,0.004296243190765381,0.017358934879302977,0.0,0.01744106411933899
DUP_G,20,leather/test/cut/001.png,1,clean_defect,32x32,9,4,0.00036434829235076904,0.0,0.0,0.0,0.00036434829235076904,0.0012387841939926142,0.0,0.0014573931694030762
DUP_G,20,leather/test/cut/001.png,1,boundary,32x32,9,9,0.00638433297475179,0.0,0.0,0.0011625289916992188,0.01725497841835022,0.017386311292648317,0.0,0.01744106411933899
DUP_G,21,leather/test/cut/002.png,1,abnormal_normal,32x32,5,1019,0.008559462898598219,0.0004672735929489137,0.002903394401073456,0.006392400711774826,0.011580990627408028,0.024831112474203065,0.0,0.05997766554355621
DUP_G,21,leather/test/cut/002.png,1,defect,32x32,5,5,0.0,0.0,0.0,0.0,0.0,0.0,0.0,0.0
DUP_G,21,leather/test/cut/002.png,1,clean_defect,32x32,5,0,,,,,,,,
DUP_G,21,leather/test/cut/002.png,1,boundary,32x32,5,5,0.0,0.0,0.0,0.0,0.0,0.0,0.0,0.0
DUP_G,22,leather/test/cut/003.png,1,abnormal_normal,32x32,11,1001,0.008591173162737808,0.00043576955795288086,0.0030701011419296265,0.006336808204650879,0.012098997831344604,0.02507247030735016,0.0,0.04363057017326355
DUP_G,22,leather/test/cut/003.png,1,defect,32x32,11,23,0.0008011525091917619,0.0,0.0,0.0,0.0,0.004922550916671753,0.0,0.006177783012390137
DUP_G,22,leather/test/cut/003.png,1,clean_defect,32x32,11,12,0.00041212141513824463,0.0,0.0,0.0,0.0,0.0022254556417465174,0.0,0.0049454569816589355
DUP_G,22,leather/test/cut/003.png,1,boundary,32x32,11,11,0.0012255500663410533,0.0,0.0,0.0,0.0012934356927871704,0.005447089672088623,0.0,0.006177783012390137
DUP_G,23,leather/test/cut/004.png,1,abnormal_normal,32x32,23,997,0.008897287089194553,0.0003575414419174195,0.0030064210295677185,0.006490729749202728,0.012195050716400146,0.026429206132888787,0.0,0.06275784224271774
DUP_G,23,leather/test/cut/004.png,1,defect,32x32,23,27,0.005380353441944829,6.571412086486817e-06,0.001713082194328308,0.0030394792556762695,0.006765350699424744,0.013604226708412166,0.0,0.03581234812736511
DUP_G,23,leather/test/cut/004.png,1,clean_defect,32x32,23,4,0.003382064402103424,0.0004070118069648743,0.0019474402070045471,0.0027642250061035156,0.004198849201202393,0.007222092151641844,2.1904706954956055e-05,0.007977902889251709
DUP_G,23,leather/test/cut/004.png,1,boundary,32x32,23,23,0.005727881970612899,6.236433982849126e-05,0.001713082194328308,0.004522532224655151,0.006765350699424744,0.014967641234397878,0.0,0.03581234812736511
DUP_G,24,leather/test/cut/005.png,1,abnormal_normal,32x32,6,1016,0.008822576942171638,0.0005392599850893021,0.002913697622716427,0.006893336772918701,0.012700267136096954,0.024097532033920288,0.0,0.05504506826400757
DUP_G,24,leather/test/cut/005.png,1,defect,32x32,6,8,0.0035156048834323883,0.0,0.0,0.00043073296546936035,0.006505005061626434,0.011334425210952757,0.0,0.012597262859344482
DUP_G,24,leather/test/cut/005.png,1,clean_defect,32x32,6,2,0.0,0.0,0.0,0.0,0.0,0.0,0.0,0.0
DUP_G,24,leather/test/cut/005.png,1,boundary,32x32,6,6,0.004687473177909851,0.0,0.00021536648273468018,0.003269210457801819,0.008161105215549469,0.011695235967636108,0.0,0.012597262859344482
DUP_G,25,leather/test/cut/006.png,1,abnormal_normal,32x32,14,1008,0.008746442571651959,0.0006272533908486367,0.0030315089970827103,0.0069954730570316315,0.012322450056672096,0.023867952823638912,0.0,0.0568259060382843
DUP_G,25,leather/test/cut/006.png,1,defect,32x32,14,16,0.004888202995061874,0.0,0.0,5.9798359870910645e-05,0.007717348635196686,0.01623014360666275,0.0,0.01894277334213257
DUP_G,25,leather/test/cut/006.png,1,clean_defect,32x32,14,2,0.0,0.0,0.0,0.0,0.0,0.0,0.0,0.0
DUP_G,25,leather/test/cut/006.png,1,boundary,32x32,14,14,0.005586517708642142,0.0,0.0,0.0031417757272720337,0.009023301303386688,0.01659182757139206,0.0,0.01894277334213257
DUP_G,26,leather/test/cut/007.png,1,abnormal_normal,32x32,7,1013,0.008539999622818513,0.00044885426759719846,0.0028329938650131226,0.006765797734260559,0.012048661708831787,0.023161638528108593,0.0,0.05994480848312378
DUP_G,26,leather/test/cut/007.png,1,defect,32x32,7,11,0.0011830058964816008,0.0,0.0,0.0,0.0,0.006506532430648804,0.0,0.00834590196609497
DUP_G,26,leather/test/cut/007.png,1,clean_defect,32x32,7,4,0.0,0.0,0.0,0.0,0.0,0.0,0.0,0.0
DUP_G,26,leather/test/cut/007.png,1,boundary,32x32,7,7,0.0018590092658996582,0.0,0.0,0.0,0.0023335814476013184,0.007242280244827268,0.0,0.00834590196609497
DUP_G,27,leather/test/cut/008.png,1,abnormal_normal,32x32,9,1012,0.009148828738659857,0.0004816360771656036,0.0028804270550608635,0.006562553346157074,0.012494662776589394,0.026911480724811542,0.0,0.05176040530204773
DUP_G,27,leather/test/cut/008.png,1,defect,32x32,9,12,0.004064589738845825,0.0,0.0,0.0,0.00016905367374420166,0.023992025852203367,0.0,0.024623483419418335
DUP_G,27,leather/test/cut/008.png,1,clean_defect,32x32,9,3,0.0,0.0,0.0,0.0,0.0,0.0,0.0,0.0
DUP_G,27,leather/test/cut/008.png,1,boundary,32x32,9,9,0.005419452985127767,0.0,0.0,0.0,0.0006762146949768066,0.024164241552352906,0.0,0.024623483419418335
DUP_G,28,leather/test/cut/009.png,1,abnormal_normal,32x32,5,1018,0.009221698100768278,0.0005678065121173858,0.0028618834912776947,0.006480200216174126,0.013159229420125484,0.028502824902534484,0.0,0.05721370875835419
DUP_G,28,leather/test/cut/009.png,1,defect,32x32,5,6,0.0,0.0,0.0,0.0,0.0,0.0,0.0,0.0
DUP_G,28,leather/test/cut/009.png,1,clean_defect,32x32,5,1,0.0,0.0,0.0,0.0,0.0,0.0,0.0,0.0
DUP_G,28,leather/test/cut/009.png,1,boundary,32x32,5,5,0.0,0.0,0.0,0.0,0.0,0.0,0.0,0.0
DUP_G,29,leather/test/cut/010.png,1,abnormal_normal,32x32,4,1019,0.008597617084206146,0.0004737041890621187,0.0028314683586359024,0.0064490437507629395,0.012479424476623535,0.022116949409246432,0.0,0.06791293621063232
DUP_G,29,leather/test/cut/010.png,1,defect,32x32,4,5,0.007697558403015137,0.0,0.0,0.0019854605197906494,0.01801958680152893,0.01839011311531067,0.0,0.018482744693756104
DUP_G,29,leather/test/cut/010.png,1,clean_defect,32x32,4,1,0.0,0.0,0.0,0.0,0.0,0.0,0.0,0.0
DUP_G,29,leather/test/cut/010.png,1,boundary,32x32,4,4,0.009621948003768921,0.00029781907796859746,0.001489095389842987,0.01000252366065979,0.018135376274585724,0.018413271009922027,0.0,0.018482744693756104
DUP_G,30,leather/test/cut/011.png,1,abnormal_normal,32x32,2,1020,0.008979614637792111,0.0006148688495159149,0.0030570747330784798,0.00672626867890358,0.012532658874988556,0.023631182685494412,0.0,0.08151811361312866
DUP_G,30,leather/test/cut/011.png,1,defect,32x32,2,4,0.0,0.0,0.0,0.0,0.0,0.0,0.0,0.0
DUP_G,30,leather/test/cut/011.png,1,clean_defect,32x32,2,2,0.0,0.0,0.0,0.0,0.0,0.0,0.0,0.0
DUP_G,30,leather/test/cut/011.png,1,boundary,32x32,2,2,0.0,0.0,0.0,0.0,0.0,0.0,0.0,0.0
DUP_G,31,leather/test/cut/012.png,1,abnormal_normal,32x32,8,1013,0.008853446313447566,0.00032613277435302737,0.002898871898651123,0.006386004388332367,0.011895433068275452,0.027361641824245452,0.0,0.051043957471847534
DUP_G,31,leather/test/cut/012.png,1,defect,32x32,8,11,0.001323369416323575,0.0,0.0,0.0,0.0,0.007278531789779663,0.0,0.014039307832717896
DUP_G,31,leather/test/cut/012.png,1,clean_defect,32x32,8,3,0.0,0.0,0.0,0.0,0.0,0.0,0.0,0.0
DUP_G,31,leather/test/cut/012.png,1,boundary,32x32,8,8,0.0018196329474449158,0.0,0.0,0.0,0.00012943893671035767,0.009306764602661124,0.0,0.014039307832717896
DUP_G,32,leather/test/cut/013.png,1,abnormal_normal,32x32,10,1007,0.008943895604960849,0.00043888241052627566,0.0029309988021850586,0.006525814533233643,0.012318212538957596,0.026400080323219294,0.0,0.04507090151309967
DUP_G,32,leather/test/cut/013.png,1,defect,32x32,10,17,0.0043426454067230225,0.0,0.0,0.0,0.004667729139328003,0.0228974163532257,0.0,0.03305593132972717
DUP_G,32,leather/test/cut/013.png,1,clean_defect,32x32,10,7,3.543921879359654e-05,0.0,0.0,0.0,0.0,0.00017365217208862286,0.0,0.0002480745315551758
DUP_G,32,leather/test/cut/013.png,1,boundary,32x32,10,10,0.007357689738273621,0.0,0.0,0.0033649057149887085,0.007080264389514923,0.027341766655445084,0.0,0.03305593132972717
DUP_G,33,leather/test/cut/014.png,1,abnormal_normal,32x32,10,1011,0.008937067297885137,0.0003969147801399231,0.0026300130411982536,0.006610475480556488,0.012215394526720047,0.026366882026195526,0.0,0.06542222201824188
DUP_G,33,leather/test/cut/014.png,1,defect,32x32,10,13,0.0048815860198094295,0.0,0.0,0.0,0.009852826595306396,0.01926533579826355,0.0,0.01938435435295105
DUP_G,33,leather/test/cut/014.png,1,clean_defect,32x32,10,3,0.00011847416559855144,0.0,0.0,0.0,0.00017771124839782715,0.00031988024711608886,0.0,0.0003554224967956543
DUP_G,33,leather/test/cut/014.png,1,boundary,32x32,10,10,0.006310519576072693,0.0,0.0,0.0,0.013474725186824799,0.019295090436935426,0.0,0.01938435435295105
DUP_G,34,leather/test/cut/015.png,1,abnormal_normal,32x32,5,1015,0.00902725077358079,0.0005164451897144318,0.0030601155012845993,0.007086653262376785,0.01292659342288971,0.02324000671505928,0.0,0.045792125165462494
DUP_G,34,leather/test/cut/015.png,1,defect,32x32,5,9,0.0011658072471618652,0.0,0.0,0.0,0.0,0.006295359134674068,0.0,0.010492265224456787
DUP_G,34,leather/test/cut/015.png,1,clean_defect,32x32,5,4,0.0,0.0,0.0,0.0,0.0,0.0,0.0,0.0
DUP_G,34,leather/test/cut/015.png,1,boundary,32x32,5,5,0.0020984530448913572,0.0,0.0,0.0,0.0,0.008393812179565427,0.0,0.010492265224456787
DUP_G,35,leather/test/cut/016.png,1,abnormal_normal,32x32,5,1010,0.008748325124604278,0.0003209691494703293,0.0030040517449378967,0.0066121406853199005,0.012486477382481098,0.02371199876070022,0.0,0.05721595883369446
DUP_G,35,leather/test/cut/016.png,1,defect,32x32,5,14,0.0031590376581464496,0.0,0.0,0.0,0.00028355419635772705,0.021062788367271424,0.0,0.022761940956115723
DUP_G,35,leather/test/cut/016.png,1,clean_defect,32x32,5,9,0.0025471250216166177,0.0,0.0,0.0,0.0,0.01372203826904296,0.0,0.022761940956115723
DUP_G,35,leather/test/cut/016.png,1,boundary,32x32,5,5,0.0042604804039001465,0.0,0.0,0.00032401084899902344,0.000830531120300293,0.016284394264221187,0.0,0.020147860050201416
DUP_G,36,leather/test/cut/017.png,1,abnormal_normal,32x32,10,1007,0.009497333245856878,0.0005890250205993653,0.0034952349960803986,0.007101856172084808,0.01316850632429123,0.026063257455825797,0.0,0.060790374875068665
DUP_G,36,leather/test/cut/017.png,1,defect,32x32,10,17,0.006062197334626142,0.0,0.0,0.0026594996452331543,0.00936216115951538,0.018043333292007444,0.0,0.019089728593826294
DUP_G,36,leather/test/cut/017.png,1,clean_defect,32x32,10,7,0.00046246818133762905,0.0,0.0,0.0,0.0006344467401504517,0.0017585366964340205,0.0,0.0019683837890625
DUP_G,36,leather/test/cut/017.png,1,boundary,32x32,10,10,0.0099820077419281,0.001542171835899353,0.004009269177913666,0.009161040186882019,0.016115255653858185,0.01850113123655319,0.0006279945373535156,0.019089728593826294
DUP_G,37,leather/test/cut/018.png,1,abnormal_normal,32x32,15,991,0.008644725123700412,0.00046853721141815186,0.002788584679365158,0.0061363764107227325,0.01207030564546585,0.025797422975301743,0.0,0.05662775784730911
DUP_G,37,leather/test/cut/018.png,1,defect,32x32,15,33,0.009932413245692398,0.0,0.0,0.0,0.013487040996551514,0.0422497808933258,0.0,0.04901498556137085
DUP_G,37,leather/test/cut/018.png,1,clean_defect,32x32,15,18,0.004686398638619317,0.0,0.0,0.0,0.0002240985631942749,0.02835429310798643,0.0,0.03907954692840576
DUP_G,37,leather/test/cut/018.png,1,boundary,32x32,15,15,0.016227630774180095,0.0,0.0,0.009499907493591309,0.03496447205543518,0.044299820065498346,0.0,0.04901498556137085
DUP_G,38,leather/test/fold/000.png,1,abnormal_normal,32x32,11,1005,0.009494410775861337,0.0006666101515293121,0.0033119916915893555,0.006772786378860474,0.013276658952236176,0.026320362091064448,0.0,0.08596419543027878
DUP_G,38,leather/test/fold/000.png,1,defect,32x32,11,19,0.03259226366093284,0.0064571589231491085,0.026430949568748474,0.03405654430389404,0.04287618398666382,0.051337367296218864,0.0035741329193115234,0.05414783954620361
DUP_G,38,leather/test/fold/000.png,1,clean_defect,32x32,11,8,0.028112534433603287,0.008091422915458679,0.02058418095111847,0.02992495894432068,0.03522355854511261,0.046719920635223386,0.0067774951457977295,0.05102509260177612
DUP_G,38,leather/test/fold/000.png,1,boundary,32x32,11,11,0.035850248553536156,0.011865511536598206,0.03106217086315155,0.04035592079162598,0.044527724385261536,0.05034331977367401,0.0035741329193115234,0.05414783954620361
DUP_G,39,leather/test/fold/001.png,1,abnormal_normal,32x32,9,1005,0.008897529036473872,0.0005798980593681336,0.003133624792098999,0.006700914353132248,0.012411795556545258,0.024734829366207106,0.0,0.05373498797416687
DUP_G,39,leather/test/fold/001.png,1,defect,32x32,9,19,0.02747547077505212,0.00972282439470291,0.01906406879425049,0.02941364049911499,0.035731226205825806,0.04101436734199524,0.007710054516792297,0.04115673899650574
DUP_G,39,leather/test/fold/001.png,1,clean_defect,32x32,9,10,0.0321979284286499,0.019033971428871154,0.02648848295211792,0.03435230255126953,0.038949817419052124,0.04075714945793152,0.018763095140457153,0.04099854826927185
DUP_G,39,leather/test/fold/001.png,1,boundary,32x32,9,9,0.02222829560438792,0.008604618906974792,0.012848377227783203,0.02022293210029602,0.02941364049911499,0.0387626826763153,0.007710054516792297,0.04115673899650574
DUP_G,40,leather/test/fold/002.png,1,abnormal_normal,32x32,12,1003,0.008802577944199442,0.0005272053182125092,0.0029795169830322266,0.006678260862827301,0.01220766268670559,0.024397096037864684,0.0,0.05607472360134125
DUP_G,40,leather/test/fold/002.png,1,defect,32x32,12,21,0.025756386064347766,0.0075757503509521484,0.013458937406539917,0.02053314447402954,0.03926271200180054,0.05217871069908142,0.006941854953765869,0.053435057401657104
DUP_G,40,leather/test/fold/002.png,1,clean_defect,32x32,12,9,0.033957342306772866,0.007688868045806885,0.014383494853973389,0.03926271200180054,0.04999232292175293,0.052932518720626834,0.006941854953765869,0.053435057401657104
DUP_G,40,leather/test/fold/002.png,1,boundary,32x32,12,12,0.019605668882528942,0.00803467333316803,0.013206489384174347,0.01782490313053131,0.021560795605182648,0.03928922116756439,0.0075757503509521484,0.040598064661026
DUP_G,41,leather/test/fold/003.png,1,abnormal_normal,32x32,8,1003,0.008475431518727618,0.0003876585513353348,0.0027575697749853134,0.006108134984970093,0.012290716171264648,0.023179820924997326,0.0,0.05439211428165436
DUP_G,41,leather/test/fold/003.png,1,defect,32x32,8,21,0.002238606413205465,0.0,0.0,0.0,0.0025690197944641113,0.009607315063476562,0.0,0.012765944004058838
DUP_G,41,leather/test/fold/003.png,1,clean_defect,32x32,8,13,0.0014572980312200694,0.0,0.0,0.0,0.001419350504875183,0.007046717405319208,0.0,0.009607315063476562
DUP_G,41,leather/test/fold/003.png,1,boundary,32x32,8,8,0.003508232533931732,0.0,0.0,0.0012845098972320557,0.005356550216674805,0.011231999099254606,0.0,0.012765944004058838
DUP_G,42,leather/test/fold/004.png,1,abnormal_normal,32x32,24,959,0.008994108504917749,0.0003831639885902406,0.0030667781829833984,0.006821393966674805,0.01286814920604229,0.025023596733808506,0.0,0.04867783188819885
DUP_G,42,leather/test/fold/004.png,1,defect,32x32,24,65,0.016699683551604932,0.004169762134552002,0.009945571422576904,0.016222357749938965,0.02094966173171997,0.030040323734283447,0.0,0.042382270097732544
DUP_G,42,leather/test/fold/004.png,1,clean_defect,32x32,24,41,0.017355428236286816,0.00275401771068573,0.011286795139312744,0.01699545979499817,0.022693485021591187,0.031981974840164185,0.0,0.042382270097732544
DUP_G,42,leather/test/fold/004.png,1,boundary,32x32,24,24,0.015579453048606714,0.005470604076981545,0.00973435491323471,0.015236958861351013,0.02075810730457306,0.026463271677494047,0.0038934946060180664,0.02671051025390625
DUP_G,43,leather/test/fold/005.png,1,abnormal_normal,32x32,24,956,0.00871874968751205,0.0005098804831504822,0.0032214922830462456,0.006966061890125275,0.012084157206118107,0.02263808622956276,0.0,0.05968789756298065
DUP_G,43,leather/test/fold/005.png,1,defect,32x32,24,68,0.014680252136553036,0.004413655400276184,0.009003184735774994,0.015506163239479065,0.019763119518756866,0.025887574255466457,0.0017743110656738281,0.027367234230041504
DUP_G,43,leather/test/fold/005.png,1,clean_defect,32x32,24,44,0.01729612424969673,0.0079808309674263,0.014355957508087158,0.017090529203414917,0.020696640014648438,0.026555947959423065,0.004372119903564453,0.027367234230041504
DUP_G,43,leather/test/fold/005.png,1,boundary,32x32,24,24,0.009884486595789591,0.0029962003231048585,0.0058996230363845825,0.009182408452033997,0.013414457440376282,0.019325833022594444,0.0017743110656738281,0.02173095941543579
DUP_G,44,leather/test/fold/006.png,1,abnormal_normal,32x32,14,989,0.008551963338490925,0.0005630020052194596,0.0028990283608436584,0.006580568850040436,0.012181639671325684,0.024044553935527714,0.0,0.057920441031455994
DUP_G,44,leather/test/fold/006.png,1,defect,32x32,14,35,0.014820617863110133,0.0013392537832260134,0.007246285676956177,0.013633713126182556,0.021745145320892334,0.028274801373481737,0.0,0.033744215965270996
DUP_G,44,leather/test/fold/006.png,1,clean_defect,32x32,14,21,0.013409625916253953,0.0,0.004700899124145508,0.013229548931121826,0.020913392305374146,0.026889503002166748,0.0,0.03150716423988342
DUP_G,44,leather/test/fold/006.png,1,boundary,32x32,14,14,0.016937105783394406,0.00361848920583725,0.01196993887424469,0.01631825417280197,0.02346149832010269,0.029024890065193175,0.003520876169204712,0.033744215965270996
DUP_G,45,leather/test/fold/007.png,1,abnormal_normal,32x32,18,964,0.009378009580106657,0.0005718914791941643,0.0030621476471424103,0.006943894550204277,0.013102976605296135,0.02579448968172072,0.0,0.07897660881280899
DUP_G,45,leather/test/fold/007.png,1,defect,32x32,18,60,0.009562124808629354,0.0,0.003753095865249634,0.009393274784088135,0.014906033873558044,0.019744923710823054,0.0,0.025683879852294922
DUP_G,45,leather/test/fold/007.png,1,clean_defect,32x32,18,42,0.009126135990733192,0.0,0.0028153061866760254,0.00897437334060669,0.014745190739631653,0.019206424057483667,0.0,0.021253779530525208
DUP_G,45,leather/test/fold/007.png,1,boundary,32x32,18,18,0.010579432050387064,0.0,0.005407758057117462,0.009983301162719727,0.016722068190574646,0.02058556675910949,0.0,0.025683879852294922
DUP_G,46,leather/test/fold/008.png,1,abnormal_normal,32x32,12,997,0.008989992492655694,0.0005853727459907532,0.002837579697370529,0.006894797086715698,0.012682363390922546,0.025069785118103025,0.0,0.05265257507562637
DUP_G,46,leather/test/fold/008.png,1,defect,32x32,12,27,0.015539540184868706,0.006557312607765198,0.010249331593513489,0.015692710876464844,0.02023296058177948,0.025827187299728393,0.0,0.026623636484146118
DUP_G,46,leather/test/fold/008.png,1,clean_defect,32x32,12,15,0.015263356765111287,0.006870988011360169,0.00830569863319397,0.01448020339012146,0.020200997591018677,0.025060456991195676,0.00632205605506897,0.02640223503112793
DUP_G,46,leather/test/fold/008.png,1,boundary,32x32,12,12,0.01588476945956548,0.005113816261291504,0.013730429112911224,0.01607266068458557,0.020251668989658356,0.023794141411781308,0.0,0.026623636484146118
DUP_G,47,leather/test/fold/009.png,1,abnormal_normal,32x32,20,934,0.008940092407613674,0.00046869032084941866,0.002789592370390892,0.006215550005435944,0.011984286829829216,0.026923641562461836,0.0,0.0754082202911377
DUP_G,47,leather/test/fold/009.png,1,defect,32x32,20,90,0.01183878481388092,0.0,0.004813488572835922,0.011659979820251465,0.017805024981498718,0.02576939016580581,0.0,0.03940862417221069
DUP_G,47,leather/test/fold/009.png,1,clean_defect,32x32,20,70,0.011970984510013036,0.0,0.006828371435403824,0.011826440691947937,0.01827673614025116,0.025760726630687708,0.0,0.03940862417221069
DUP_G,47,leather/test/fold/009.png,1,boundary,32x32,20,20,0.011376085877418517,0.0007847860455513001,0.004139024764299393,0.010801732540130615,0.01641446352005005,0.024893736839294436,0.0,0.02834227681159973
DUP_G,48,leather/test/fold/010.png,1,abnormal_normal,32x32,23,968,0.008512134756123231,0.0004648368805646896,0.0027887653559446335,0.00622524693608284,0.011721160262823105,0.024085019528865808,0.0,0.0524139478802681
DUP_G,48,leather/test/fold/010.png,1,defect,32x32,23,56,0.015375337563455105,0.0,0.004363119602203369,0.014615960419178009,0.023863188922405243,0.0313861146569252,0.0,0.046999961137771606
DUP_G,48,leather/test/fold/010.png,1,clean_defect,32x32,23,33,0.017702414230866867,0.0,0.007230490446090698,0.01806432008743286,0.027742907404899597,0.03712340593338011,0.0,0.046999961137771606
DUP_G,48,leather/test/fold/010.png,1,boundary,32x32,23,23,0.012036488431951275,9.641647338867196e-05,0.0032728388905525208,0.00978037714958191,0.01798810064792633,0.030146825313568115,0.0,0.032651692628860474
DUP_G,49,leather/test/fold/011.png,1,abnormal_normal,32x32,12,1000,0.00866768703609705,0.00035285120829939845,0.0024818703532218933,0.006463915109634399,0.011887259781360626,0.024907290749251843,0.0,0.05173911154270172
DUP_G,49,leather/test/fold/011.png,1,defect,32x32,12,24,0.015124966700871786,0.0,0.0,0.017255276441574097,0.025677978992462158,0.0295418307185173,0.0,0.04313728213310242
DUP_G,49,leather/test/fold/011.png,1,clean_defect,32x32,12,12,0.012681799630324045,0.0,0.0,0.008752822875976562,0.026170790195465088,0.02809561789035797,0.0,0.028157413005828857
DUP_G,49,leather/test/fold/011.png,1,boundary,32x32,12,12,0.017568133771419525,0.0003154993057250977,0.011274181306362152,0.017402857542037964,0.023350827395915985,0.03579415380954742,0.0,0.04313728213310242
DUP_G,50,leather/test/fold/012.png,1,abnormal_normal,32x32,9,997,0.009018255694729155,0.00044055581092834474,0.0025900602340698242,0.006573040038347244,0.013007402420043945,0.026237785816192623,0.0,0.05587323009967804
DUP_G,50,leather/test/fold/012.png,1,defect,32x32,9,27,0.02451213338860759,0.0,0.014794647693634033,0.024164319038391113,0.03735573589801788,0.04706913828849792,0.0,0.05036717653274536
DUP_G,50,leather/test/fold/012.png,1,clean_defect,32x32,9,18,0.022831081102291744,0.0,0.014467000961303711,0.023033857345581055,0.035354338586330414,0.04626045823097229,0.0,0.047510236501693726
DUP_G,50,leather/test/fold/012.png,1,boundary,32x32,9,9,0.027874237961239286,0.0034915685653686525,0.016967207193374634,0.025249630212783813,0.043551117181777954,0.04788104295730591,0.0,0.05036717653274536
DUP_G,51,leather/test/fold/013.png,1,abnormal_normal,32x32,7,1008,0.008419186769363781,0.0005609925836324692,0.0027585625648498535,0.006553132086992264,0.011576009914278984,0.02291494384407997,0.0,0.05630612373352051
DUP_G,51,leather/test/fold/013.png,1,defect,32x32,7,16,0.019920650869607925,0.006590954959392548,0.01183636486530304,0.021170005202293396,0.0265774205327034,0.0325159877538681,0.004975751042366028,0.03646272420883179
DUP_G,51,leather/test/fold/013.png,1,clean_defect,32x32,7,9,0.02313608593410916,0.005837193131446839,0.02183222770690918,0.025265991687774658,0.030469238758087158,0.03435779809951782,0.004975751042366028,0.03646272420883179
DUP_G,51,leather/test/fold/013.png,1,boundary,32x32,7,7,0.015786520072392056,0.01045476198196411,0.01161867380142212,0.0141926109790802,0.018473029136657715,0.024343296885490414,0.010142534971237183,0.025987088680267334
DUP_G,52,leather/test/fold/014.png,1,abnormal_normal,32x32,12,996,0.008757757888845053,0.0004341118037700653,0.003012238070368767,0.006590597331523895,0.011704189702868462,0.025681686587631702,0.0,0.05035465955734253
DUP_G,52,leather/test/fold/014.png,1,defect,32x32,12,28,0.01606067589351109,0.0,0.0107651948928833,0.018173888325691223,0.022138729691505432,0.02861020714044571,0.0,0.03434816002845764
DUP_G,52,leather/test/fold/014.png,1,clean_defect,32x32,12,16,0.012734455987811089,0.0,0.0033973082900047302,0.012631982564926147,0.019166745245456696,0.027805738151073456,0.0,0.03434816002845764
DUP_G,52,leather/test/fold/014.png,1,boundary,32x32,12,12,0.02049563576777776,0.010736611485481263,0.017483912408351898,0.02116568386554718,0.02374255657196045,0.028511233627796173,0.005928099155426025,0.028783410787582397
DUP_G,53,leather/test/fold/015.png,1,abnormal_normal,32x32,26,966,0.009004101884121356,0.0007092095911502838,0.0033909138292074203,0.006993822753429413,0.012625698931515217,0.02369643747806549,0.0,0.04424068331718445
DUP_G,53,leather/test/fold/015.png,1,defect,32x32,26,58,0.015479090912588712,0.0012759685516357422,0.007830820977687836,0.01261208951473236,0.019727058708667755,0.03486407995223999,0.0,0.043888211250305176
DUP_G,53,leather/test/fold/015.png,1,clean_defect,32x32,26,32,0.01729074725881219,0.002002522349357605,0.010338306427001953,0.016891658306121826,0.022333040833473206,0.037511393427848816,0.0,0.043888211250305176
DUP_G,53,leather/test/fold/015.png,1,boundary,32x32,26,26,0.013249360024929047,0.0021234527230262756,0.006344202905893326,0.011440962553024292,0.016965217888355255,0.03180871158838272,0.00025346875190734863,0.03458067774772644
DUP_G,54,leather/test/fold/016.png,1,abnormal_normal,32x32,28,965,0.00905473950497536,0.0005542516708374024,0.003030102699995041,0.006797038018703461,0.01283760741353035,0.024844741821289058,0.0,0.07373292744159698
DUP_G,54,leather/test/fold/016.png,1,defect,32x32,28,59,0.012482315428176169,0.0022105515003204347,0.006937310099601746,0.011874794960021973,0.015565156936645508,0.025725942850112912,4.151463508605957e-05,0.04335269331932068
DUP_G,54,leather/test/fold/016.png,1,clean_defect,32x32,28,31,0.014173195727409856,0.006000548601150513,0.009274184703826904,0.014151722192764282,0.015565156936645508,0.024779915809631348,0.004824340343475342,0.04335269331932068
DUP_G,54,leather/test/fold/016.png,1,boundary,32x32,28,28,0.010610269382596016,0.0012660801410675048,0.003041505813598633,0.009374275803565979,0.015486478805541992,0.02428537011146545,4.151463508605957e-05,0.03377266228199005
DUP_G,55,leather/test/glue/000.png,1,abnormal_normal,32x32,6,1000,0.00906993919238448,0.00045547727495431905,0.0031035766005516052,0.006655227392911911,0.012874708510935307,0.02517182752490043,0.0,0.07359874248504639
DUP_G,55,leather/test/glue/000.png,1,defect,32x32,6,24,0.01308107686539491,0.003215700387954712,0.008814096450805664,0.01338563859462738,0.016825363039970398,0.020750385522842408,0.0004220008850097656,0.025287866592407227
DUP_G,55,leather/test/glue/000.png,1,clean_defect,32x32,6,18,0.012290796471966637,0.0027067422866821293,0.0077990032732486725,0.012866809964179993,0.01590779423713684,0.021451389789581294,0.0004220008850097656,0.025287866592407227
DUP_G,55,leather/test/glue/000.png,1,boundary,32x32,6,6,0.015451918045679728,0.009635791182518005,0.0124586820602417,0.01656004786491394,0.0182497501373291,0.020105496048927307,0.009072363376617432,0.02061450481414795
DUP_G,56,leather/test/glue/001.png,1,abnormal_normal,32x32,8,1009,0.008859959266695855,0.0005209133028984071,0.0029132813215255737,0.006651006639003754,0.012267246842384338,0.025706645846366834,0.0,0.051407672464847565
DUP_G,56,leather/test/glue/001.png,1,defect,32x32,8,15,0.005482121308644613,0.0,0.0,0.00145643949508667,0.009172812104225159,0.018303579092025755,0.0,0.020274043083190918
DUP_G,56,leather/test/glue/001.png,1,clean_defect,32x32,8,7,0.006106759820665632,0.00018603801727294924,0.0023050010204315186,0.00781470537185669,0.009172812104225159,0.011231502890586852,0.0,0.01197698712348938
DUP_G,56,leather/test/glue/001.png,1,boundary,32x32,8,8,0.004935562610626221,0.0,0.0,0.0001474618911743164,0.005457103252410889,0.019288811087608337,0.0,0.020274043083190918
DUP_G,57,leather/test/glue/002.png,1,abnormal_normal,32x32,3,1015,0.008824554583048585,0.0003654360771179199,0.002899840474128723,0.006568409502506256,0.012052904814481735,0.02556364983320236,0.0,0.06123755872249603
DUP_G,57,leather/test/glue/002.png,1,defect,32x32,3,9,0.010016189681159126,0.0,0.002911686897277832,0.004901766777038574,0.02274787425994873,0.025029802322387693,0.0,0.025549888610839844
DUP_G,57,leather/test/glue/002.png,1,clean_defect,32x32,3,6,0.009949008623758951,0.000727921724319458,0.003203094005584717,0.004892408847808838,0.018487781286239624,0.023874223232269287,0.0,0.024249672889709473
DUP_G,57,leather/test/glue/002.png,1,boundary,32x32,3,3,0.010150551795959473,0.0004901766777038575,0.002450883388519287,0.004901766777038574,0.015225827693939209,0.023485076427459714,0.0,0.025549888610839844
DUP_G,58,leather/test/glue/003.png,1,abnormal_normal,32x32,13,989,0.008854889739361282,0.0004051879048347474,0.002727426588535309,0.0064239501953125,0.012321457266807556,0.02445603311061857,0.0,0.05193178355693817
DUP_G,58,leather/test/glue/003.png,1,defect,32x32,13,35,0.021411932366234915,0.006409847736358643,0.013869404792785645,0.018615305423736572,0.029749378561973572,0.04136719703674316,0.0028475522994995117,0.04272949695587158
DUP_G,58,leather/test/glue/003.png,1,clean_defect,32x32,13,22,0.016036927700042725,0.005118465423583985,0.011777639389038086,0.015717417001724243,0.018608853220939636,0.0325010597705841,0.0028475522994995117,0.03325420618057251
DUP_G,58,leather/test/glue/003.png,1,boundary,32x32,13,13,0.0305080941090217,0.017912715673446655,0.023743391036987305,0.031158894300460815,0.03653189539909363,0.04231048226356506,0.013096004724502563,0.04272949695587158
DUP_G,59,leather/test/glue/004.png,1,abnormal_normal,32x32,8,1016,0.008837172596561393,0.0004804898053407669,0.003139195963740349,0.006608026102185249,0.011782756075263023,0.024163566529750824,0.0,0.07177271693944931
DUP_G,59,leather/test/glue/004.png,1,defect,32x32,8,8,0.0007265061140060425,0.0,0.0,0.0,0.0,0.003777831792831418,0.0,0.00581204891204834
DUP_G,59,leather/test/glue/004.png,1,clean_defect,32x32,8,0,,,,,,,,
DUP_G,59,leather/test/glue/004.png,1,boundary,32x32,8,8,0.0007265061140060425,0.0,0.0,0.0,0.0,0.003777831792831418,0.0,0.00581204891204834
DUP_G,60,leather/test/glue/005.png,1,abnormal_normal,32x32,7,1001,0.008717356039421423,0.0005114078521728516,0.0028070807456970215,0.006955623626708984,0.012048602104187012,0.024096369743347168,0.0,0.06940306723117828
DUP_G,60,leather/test/glue/005.png,1,defect,32x32,7,23,0.009393080421116041,9.516477584838876e-05,0.0051170289516448975,0.008345365524291992,0.014516860246658325,0.02169055938720703,0.0,0.022489845752716064
DUP_G,60,leather/test/glue/005.png,1,clean_defect,32x32,7,16,0.010180562734603882,0.0022796541452407837,0.005498453974723816,0.009460106492042542,0.014361962676048279,0.02211621403694153,0.0,0.022489845752716064
DUP_G,60,leather/test/glue/005.png,1,boundary,32x32,7,7,0.007593120847429548,0.0002854943275451661,0.002786397933959961,0.005441486835479736,0.011578500270843506,0.018292915821075437,0.0,0.018980562686920166
DUP_G,61,leather/test/glue/006.png,1,abnormal_normal,32x32,6,1010,0.009438920863857954,0.00038371011614799503,0.002969474997371435,0.00704946368932724,0.013225531205534935,0.026385808736085873,0.0,0.08014889061450958
DUP_G,61,leather/test/glue/006.png,1,defect,32x32,6,14,0.010568663477897644,0.0,0.0018642842769622803,0.009238049387931824,0.017607182264328003,0.023497015237808228,0.0,0.025777041912078857
DUP_G,61,leather/test/glue/006.png,1,clean_defect,32x32,6,8,0.01434088870882988,0.007964539527893066,0.009461261332035065,0.01404273509979248,0.018835902214050293,0.021437868475914,0.007519185543060303,0.02226930856704712
DUP_G,61,leather/test/glue/006.png,1,boundary,32x32,6,6,0.005539029836654663,0.0,0.0,0.0,0.005592852830886841,0.021197065711021423,0.0,0.025777041912078857
DUP_G,62,leather/test/glue/007.png,1,abnormal_normal,32x32,10,1010,0.008370292317675481,0.0002587236464023591,0.0024525215849280357,0.006368605419993401,0.011739961802959442,0.02319352477788925,0.0,0.05344581604003906
DUP_G,62,leather/test/glue/007.png,1,defect,32x32,10,14,0.006667007293019976,0.0,0.0005011260509490967,0.006153613328933716,0.012260891497135162,0.01517348289489746,0.0,0.015303969383239746
DUP_G,62,leather/test/glue/007.png,1,clean_defect,32x32,10,4,0.007655031979084015,0.0007015228271484376,0.0035076141357421875,0.007658079266548157,0.011805497109889984,0.014604274928569793,0.0,0.015303969383239746
DUP_G,62,leather/test/glue/007.png,1,boundary,32x32,10,10,0.0062717974185943605,0.0,0.0005011260509490967,0.005060255527496338,0.011825129389762878,0.014513188600540159,0.0,0.01510322093963623
DUP_G,63,leather/test/glue/008.png,1,abnormal_normal,32x32,8,1008,0.00903116115590646,0.0005259044468402862,0.0030860155820846558,0.006721764802932739,0.012513801455497742,0.024637082219123838,0.0,0.07040514051914215
DUP_G,63,leather/test/glue/008.png,1,defect,32x32,8,16,0.011690784245729446,0.0,0.008992403745651245,0.011335372924804688,0.01678091287612915,0.0207451730966568,0.0,0.02380204200744629
DUP_G,63,leather/test/glue/008.png,1,clean_defect,32x32,8,8,0.010050736367702484,0.003293320536613465,0.009426608681678772,0.0096607506275177,0.012961462140083313,0.015142723917961119,0.0,0.01630711555480957
DUP_G,63,leather/test/glue/008.png,1,boundary,32x32,8,8,0.013330832123756409,0.0015339970588684082,0.006901577115058899,0.016107290983200073,0.019016414880752563,0.022375503182411192,0.0,0.02380204200744629
DUP_G,64,leather/test/glue/009.png,1,abnormal_normal,32x32,5,1016,0.008471408030238207,0.0003763921558856964,0.002810007892549038,0.00642823800444603,0.011810367926955223,0.023542538285255432,0.0,0.08515425026416779
DUP_G,64,leather/test/glue/009.png,1,defect,32x32,5,8,0.0019913800060749054,0.0,0.0,0.0,0.00039821863174438477,0.00987731367349624,0.0,0.014338165521621704
DUP_G,64,leather/test/glue/009.png,1,clean_defect,32x32,5,3,0.0005309581756591797,0.0,0.0,0.0,0.0007964372634887695,0.001433587074279785,0.0,0.001592874526977539
DUP_G,64,leather/test/glue/009.png,1,boundary,32x32,5,5,0.002867633104324341,0.0,0.0,0.0,0.0,0.01147053241729736,0.0,0.014338165521621704
DUP_G,65,leather/test/glue/010.png,1,abnormal_normal,32x32,6,1015,0.008464068567077515,0.00037557855248451235,0.002855490893125534,0.006359301507472992,0.011925340630114079,0.024057845771312713,0.0,0.08783410489559174
DUP_G,65,leather/test/glue/010.png,1,defect,32x32,6,9,0.005603972408506606,0.0,0.0,0.0,0.005521059036254883,0.025358301401138296,0.0,0.038200587034225464
DUP_G,65,leather/test/glue/010.png,1,clean_defect,32x32,6,3,0.0,0.0,0.0,0.0,0.0,0.0,0.0,0.0
DUP_G,65,leather/test/glue/010.png,1,boundary,32x32,6,6,0.008405958612759909,0.0,0.0001548081636428833,0.003070145845413208,0.005951419472694397,0.03017415851354599,0.0,0.038200587034225464
DUP_G,66,leather/test/glue/011.png,1,abnormal_normal,32x32,5,1017,0.009102997838014933,0.0005562156438827515,0.002971053123474121,0.006562188267707825,0.012712795287370682,0.026494821906089778,0.0,0.05157384276390076
DUP_G,66,leather/test/glue/011.png,1,defect,32x32,5,7,0.008846001965659005,0.0,0.0,0.0,0.014584854245185852,0.027896246314048755,0.0,0.03275230526924133
DUP_G,66,leather/test/glue/011.png,1,clean_defect,32x32,5,2,0.0,0.0,0.0,0.0,0.0,0.0,0.0,0.0
DUP_G,66,leather/test/glue/011.png,1,boundary,32x32,5,5,0.012384402751922607,0.0,0.0,0.01260426640510559,0.016565442085266113,0.029514932632446287,0.0,0.03275230526924133
DUP_G,67,leather/test/glue/012.png,1,abnormal_normal,32x32,8,1011,0.00902477760166372,0.0004939846694469452,0.00293799489736557,0.00658203661441803,0.012774977833032608,0.026822570711374283,0.0,0.06357628107070923
DUP_G,67,leather/test/glue/012.png,1,defect,32x32,8,13,0.01068837596819951,0.0,0.0,0.004242002964019775,0.01896163821220398,0.030144256353378283,0.0,0.03576001524925232
DUP_G,67,leather/test/glue/012.png,1,clean_defect,32x32,8,5,0.020857489109039305,0.0032185792922973635,0.016092896461486816,0.026034116744995117,0.02640041708946228,0.03388809561729431,0.0,0.03576001524925232
DUP_G,67,leather/test/glue/012.png,1,boundary,32x32,8,8,0.004332680255174637,0.0,0.0,0.0,0.0060459524393081665,0.01633529514074325,0.0,0.01896163821220398
DUP_G,68,leather/test/glue/013.png,1,abnormal_normal,32x32,7,1001,0.00876135840736605,0.0003981590270996094,0.002858102321624756,0.006457827985286713,0.012538433074951172,0.02414366602897644,0.0,0.05630802363157272
DUP_G,68,leather/test/glue/013.png,1,defect,32x32,7,23,0.010353245812913647,0.0008415043354034425,0.00748695433139801,0.010157346725463867,0.014537960290908813,0.017223817110061646,0.0,0.02195870876312256
DUP_G,68,leather/test/glue/013.png,1,clean_defect,32x32,7,16,0.011080200783908367,0.004242062568664551,0.008442364633083344,0.010672569274902344,0.012849763035774231,0.018433168530464172,0.001623690128326416,0.02195870876312256
DUP_G,68,leather/test/glue/013.png,1,boundary,32x32,7,7,0.008691634450639998,0.00022637844085693362,0.0024672746658325195,0.009087204933166504,0.01531451940536499,0.01605140566825867,0.0,0.016190648078918457
DUP_G,69,leather/test/glue/014.png,1,abnormal_normal,32x32,5,1015,0.009041349881608499,0.0004991043359041215,0.0027965009212493896,0.0065384116023778915,0.012238191440701485,0.026438582688570012,0.0,0.0744575560092926
DUP_G,69,leather/test/glue/014.png,1,defect,32x32,5,9,0.02077020870314704,0.0,0.002113044261932373,0.02774965763092041,0.03321695327758789,0.03621727228164673,0.0,0.03635573387145996
DUP_G,69,leather/test/glue/014.png,1,clean_defect,32x32,5,4,0.014480270445346832,0.000316956639289856,0.0015847831964492798,0.01235206425189972,0.02524755150079727,0.03162307292222976,0.0,0.03321695327758789
DUP_G,69,leather/test/glue/014.png,1,boundary,32x32,5,5,0.02580215930938721,0.0055499315261840826,0.02774965763092041,0.028895825147628784,0.03600957989692688,0.036286503076553345,0.0,0.03635573387145996
DUP_G,70,leather/test/glue/015.png,1,abnormal_normal,32x32,9,1010,0.00855811595326603,0.0003809064626693727,0.0030527263879776,0.006640199571847916,0.011993106454610825,0.024304425716400145,0.0,0.05583211034536362
DUP_G,70,leather/test/glue/015.png,1,defect,32x32,9,14,0.006683717880930219,0.0,0.0,0.0011406391859054565,0.012338995933532715,0.022668781876564025,0.0,0.025624990463256836
DUP_G,70,leather/test/glue/015.png,1,clean_defect,32x32,9,5,0.004673177003860473,0.0,0.0,0.0007138550281524658,0.005206167697906494,0.014997923374176023,0.0,0.017445862293243408
DUP_G,70,leather/test/glue/015.png,1,boundary,32x32,9,9,0.007800685034857856,0.0,0.0,0.0015674233436584473,0.013709604740142822,0.023805785179138183,0.0,0.025624990463256836
DUP_G,71,leather/test/glue/016.png,1,abnormal_normal,32x32,13,1003,0.008578918244715702,0.00020502582192420964,0.002904791384935379,0.0066225528717041016,0.011772267520427704,0.022823815792798994,0.0,0.06349775940179825
DUP_G,71,leather/test/glue/016.png,1,defect,32x32,13,21,0.017066564588319687,0.0,0.009207814931869507,0.015260189771652222,0.02655714750289917,0.03429117798805237,0.0,0.038854509592056274
DUP_G,71,leather/test/glue/016.png,1,clean_defect,32x32,13,8,0.014659227803349495,0.0,0.0016275644302368164,0.008115209639072418,0.02828327566385269,0.036967012286186214,0.0,0.038854509592056274
DUP_G,71,leather/test/glue/016.png,1,boundary,32x32,13,13,0.018548002609839805,0.008290380239486694,0.011987894773483276,0.015887409448623657,0.02417871356010437,0.03347049355506897,0.006914228200912476,0.03429117798805237
DUP_G,72,leather/test/glue/017.png,1,abnormal_normal,32x32,15,992,0.008989735018281687,0.00046948045492172246,0.002803325653076172,0.006768709048628807,0.013266426511108875,0.024687785655260037,0.0,0.05305470526218414
DUP_G,72,leather/test/glue/017.png,1,defect,32x32,15,32,0.013471012003719807,2.1898746490478518e-05,0.008034326136112213,0.01387760043144226,0.018901169300079346,0.025032871961593626,0.0,0.02707141637802124
DUP_G,72,leather/test/glue/017.png,1,clean_defect,32x32,15,17,0.013892671641181497,0.0021475791931152345,0.006892085075378418,0.015601307153701782,0.020669519901275635,0.023239195346832272,3.981590270996094e-05,0.02707141637802124
DUP_G,72,leather/test/glue/017.png,1,boundary,32x32,15,15,0.012993131081263225,0.0,0.009414434432983398,0.012370407581329346,0.01751554012298584,0.024533426761627192,0.0,0.026864171028137207
DUP_G,73,leather/test/glue/018.png,1,abnormal_normal,32x32,4,1015,0.008884454751616628,0.0003608863800764085,0.003065936267375946,0.0064438581466674805,0.011978397145867348,0.024260738492012008,0.0,0.06472612917423248
DUP_G,73,leather/test/glue/018.png,1,defect,32x32,4,9,0.020954724815156724,0.010571271181106567,0.018042057752609253,0.018561750650405884,0.022486567497253418,0.03566479682922363,0.006907910108566284,0.039728641510009766
DUP_G,73,leather/test/glue/018.png,1,clean_defect,32x32,4,5,0.01876503825187683,0.016461461782455444,0.018042057752609253,0.01815617084503174,0.019074082374572754,0.021804070472717284,0.016066312789916992,0.022486567497253418
DUP_G,73,leather/test/glue/018.png,1,boundary,32x32,4,4,0.023691833019256592,0.008655986189842224,0.015648290514945984,0.02406539022922516,0.03210893273353577,0.03820469975471496,0.006907910108566284,0.039728641510009766
DUP_G,74,leather/test/good/000.png,0,normal_image,32x32,0,1024,0.008559748209336249,0.00043289829045534134,0.0026593077927827835,0.006321181543171406,0.011817757040262222,0.02437814064323902,0.0,0.06632688641548157
DUP_G,75,leather/test/good/001.png,0,normal_image,32x32,0,1024,0.009000019557788619,0.00038565248250961305,0.0029677306301891804,0.0063835009932518005,0.012154598720371723,0.02519543990492819,0.0,0.09710665792226791
DUP_G,76,leather/test/good/002.png,0,normal_image,32x32,0,1024,0.009000184527394595,0.00048536267131567013,0.0028750882484018803,0.006470004096627235,0.012077033519744873,0.026570689305663094,0.0,0.0666939839720726
DUP_G,77,leather/test/good/003.png,0,normal_image,32x32,0,1024,0.009073383915165323,0.00031082807108759883,0.0028026308864355087,0.006448488682508469,0.01249412726610899,0.027461861819028835,0.0,0.07321934401988983
DUP_G,78,leather/test/good/004.png,0,normal_image,32x32,0,1024,0.009116743818594841,0.0005515769124031069,0.0032250648364424706,0.006903758272528648,0.01236408669501543,0.025277175568044184,0.0,0.05575045570731163
DUP_G,79,leather/test/good/005.png,0,normal_image,32x32,0,1024,0.008687266397828353,0.0004967952147126199,0.002607535570859909,0.006224284879863262,0.012323512695729733,0.02576025649905205,0.0,0.05136992782354355
DUP_G,80,leather/test/good/006.png,0,normal_image,32x32,0,1024,0.008438776335424336,0.0004216800909489394,0.002758563496172428,0.006319066509604454,0.012125173583626747,0.022636105492711067,0.0,0.05499228090047836
DUP_G,81,leather/test/good/007.png,0,normal_image,32x32,0,1024,0.008914053186344972,0.0006736398674547673,0.0030502984300255775,0.006268165074288845,0.012111958116292953,0.024811421893537043,0.0,0.057453468441963196
DUP_G,82,leather/test/good/008.png,0,normal_image,32x32,0,1024,0.008822284962661797,0.00036232341080904017,0.0025944169610738754,0.006303579546511173,0.01231068093329668,0.025663105770945546,0.0,0.06918546557426453
DUP_G,83,leather/test/good/009.png,0,normal_image,32x32,0,1024,0.008724876069209131,0.00045362673699855804,0.0026673506945371628,0.006414622068405151,0.012208254542201757,0.025376369059085843,0.0,0.05183551833033562
DUP_G,84,leather/test/good/010.png,0,normal_image,32x32,0,1024,0.008712310517694277,0.00032419580966234216,0.002703682519495487,0.006256230175495148,0.011775213293731213,0.0261178771033883,0.0,0.0726127028465271
DUP_G,85,leather/test/good/011.png,0,normal_image,32x32,0,1024,0.00871869211550802,0.00034668622538447385,0.00267683994024992,0.006127744913101196,0.012090233154594898,0.02551203742623328,0.0,0.06898883730173111
DUP_G,86,leather/test/good/012.png,0,normal_image,32x32,0,1024,0.009037264142534696,0.00034577324986457826,0.0026347143575549126,0.00648251548409462,0.012743502389639616,0.027382346242666236,0.0,0.05527687072753906
DUP_G,87,leather/test/good/013.png,0,normal_image,32x32,0,1024,0.009184214889501163,0.0003474607132375242,0.0026256898418068886,0.005847502499818802,0.01264925766736269,0.027730487007647738,0.0,0.08022649586200714
DUP_G,88,leather/test/good/014.png,0,normal_image,32x32,0,1024,0.008999120669614058,0.0003509828820824626,0.002829113509505987,0.0064065121114254,0.012233758345246315,0.026385569386184166,0.0,0.07338903844356537
DUP_G,89,leather/test/good/015.png,0,normal_image,32x32,0,1024,0.008785935880951001,0.00032294783741235763,0.002597588114440441,0.006247391924262047,0.012139493599534035,0.026748369075357905,0.0,0.06339222192764282
DUP_G,90,leather/test/good/016.png,0,normal_image,32x32,0,1024,0.00861439028813038,0.0004574438557028772,0.002621714025735855,0.006453077308833599,0.011848425958305597,0.025738400965929005,0.0,0.06865343451499939
DUP_G,91,leather/test/good/017.png,0,normal_image,32x32,0,1024,0.008632970771941473,0.0002625280991196633,0.002531070727854967,0.006286680698394775,0.012188347056508064,0.025698721222579463,0.0,0.058833956718444824
DUP_G,92,leather/test/good/018.png,0,normal_image,32x32,0,1024,0.008895804640815186,0.0004059372469782831,0.002741931937634945,0.006366899237036705,0.012027984485030174,0.02646555900573727,0.0,0.062133513391017914
DUP_G,93,leather/test/good/019.png,0,normal_image,32x32,0,1024,0.009349048415970174,0.0006068233400583269,0.0031018322333693504,0.006790916435420513,0.012303326278924942,0.026928829029202458,0.0,0.0803675502538681
DUP_G,94,leather/test/good/020.png,0,normal_image,32x32,0,1024,0.00924874717657076,0.0005486560985445976,0.0029707765206694603,0.0071562062948942184,0.013059393502771854,0.025479488447308525,0.0,0.06347974389791489
DUP_G,95,leather/test/good/021.png,0,normal_image,32x32,0,1024,0.00912573239293124,0.0005120981484651566,0.0027999626472592354,0.006528953090310097,0.012211095541715622,0.02796395504847168,0.0,0.07975177466869354
DUP_G,96,leather/test/good/022.png,0,normal_image,32x32,0,1024,0.009431427002709825,0.00043188445270061495,0.002990374341607094,0.0069578662514686584,0.013177928049117327,0.028250586241483647,0.0,0.06321645528078079
DUP_G,97,leather/test/good/023.png,0,normal_image,32x32,0,1024,0.009206797162732983,0.00036119520664215095,0.002597521524876356,0.006861548870801926,0.013099689036607742,0.026158520393073537,0.0,0.061422571539878845
DUP_G,98,leather/test/good/024.png,0,normal_image,32x32,0,1024,0.009042881752975518,0.0005033568479120733,0.0028236303478479385,0.006211340427398682,0.01245888415724039,0.026932909712195394,0.0,0.07184706628322601
DUP_G,99,leather/test/good/025.png,0,normal_image,32x32,0,1024,0.009017284650326474,0.0005183778703212738,0.002977315802127123,0.006914079189300537,0.012733416631817818,0.024081058241426936,0.0,0.06612253189086914
DUP_G,100,leather/test/good/026.png,0,normal_image,32x32,0,1024,0.008978815997579659,0.00021311268210411074,0.0028277020901441574,0.00642290897667408,0.012042650952935219,0.02727267183363436,0.0,0.060496360063552856
DUP_G,101,leather/test/good/027.png,0,normal_image,32x32,0,1024,0.008564821255276911,0.00030269138514995593,0.002684301696717739,0.0061905886977910995,0.011483605019748211,0.025426344946026788,0.0,0.07781229168176651
DUP_G,102,leather/test/good/028.png,0,normal_image,32x32,0,1024,0.008791019636191777,0.00034720897674560546,0.0025368090718984604,0.006492257118225098,0.012315998785197735,0.025003010407090177,0.0,0.056780856102705
DUP_G,103,leather/test/good/029.png,0,normal_image,32x32,0,1024,0.008603742629929911,0.0002746994607150555,0.002616613171994686,0.006234506145119667,0.012491362169384956,0.023410856910049873,0.0,0.06370175629854202
DUP_G,104,leather/test/good/030.png,0,normal_image,32x32,0,1024,0.008636130759441585,0.00047925543040037164,0.0026603033766150475,0.006353046745061874,0.011870229616761208,0.02493972703814504,0.0,0.06368935853242874
DUP_G,105,leather/test/good/031.png,0,normal_image,32x32,0,1024,0.008352882155122643,0.0004411906003952027,0.0026062382385134697,0.005920945666730404,0.011840278282761574,0.02416289020329713,0.0,0.0599760003387928
DUP_G,106,leather/test/poke/000.png,1,abnormal_normal,32x32,4,1018,0.00850890021705323,0.0004942694678902626,0.0028020720928907394,0.006654264405369759,0.011815540492534637,0.02305728420615196,0.0,0.06644196063280106
DUP_G,106,leather/test/poke/000.png,1,defect,32x32,4,6,0.000304490327835083,0.0,0.0,0.0,0.0,0.0013702064752578735,0.0,0.001826941967010498
DUP_G,106,leather/test/poke/000.png,1,clean_defect,32x32,4,2,0.0,0.0,0.0,0.0,0.0,0.0,0.0,0.0
DUP_G,106,leather/test/poke/000.png,1,boundary,32x32,4,4,0.0004567354917526245,0.0,0.0,0.0,0.0004567354917526245,0.0015529006719589228,0.0,0.001826941967010498
DUP_G,107,leather/test/poke/001.png,1,abnormal_normal,32x32,6,1015,0.009076130707642715,0.00040343031287193304,0.002887256443500519,0.0068007707595825195,0.012635927647352219,0.025927070528268804,0.0,0.062149763107299805
DUP_G,107,leather/test/poke/001.png,1,defect,32x32,6,9,0.00807422399520874,0.0,0.0,0.0,0.02171650528907776,0.025485694408416748,0.0,0.025525450706481934
DUP_G,107,leather/test/poke/001.png,1,clean_defect,32x32,6,3,0.0,0.0,0.0,0.0,0.0,0.0,0.0,0.0
DUP_G,107,leather/test/poke/001.png,1,boundary,32x32,6,6,0.01211133599281311,0.0,0.0,0.01085825264453888,0.024498671293258667,0.025500603020191193,0.0,0.025525450706481934
DUP_G,108,leather/test/poke/002.png,1,abnormal_normal,32x32,6,1014,0.008814487084599407,0.0005403593182563782,0.00297662615776062,0.006843032315373421,0.01221410185098648,0.023238686099648458,0.0,0.06715644150972366
DUP_G,108,leather/test/poke/002.png,1,defect,32x32,6,10,0.0020662665367126463,0.0,0.0,0.00027421116828918457,0.0009277611970901489,0.009860163927078232,0.0,0.016155362129211426
DUP_G,108,leather/test/poke/002.png,1,clean_defect,32x32,6,4,0.0,0.0,0.0,0.0,0.0,0.0,0.0,0.0
DUP_G,108,leather/test/poke/002.png,1,boundary,32x32,6,6,0.003443777561187744,0.00013710558414459229,0.0006197541952133179,0.0008964240550994873,0.0018642991781234741,0.012658029794692993,0.0,0.016155362129211426
DUP_G,109,leather/test/poke/003.png,1,abnormal_normal,32x32,3,1018,0.009066335357403591,0.0005735695362091064,0.0033607883378863335,0.006952304393053055,0.013013781048357487,0.023914290219545362,0.0,0.059647805988788605
DUP_G,109,leather/test/poke/003.png,1,defect,32x32,3,6,0.0,0.0,0.0,0.0,0.0,0.0,0.0,0.0
DUP_G,109,leather/test/poke/003.png,1,clean_defect,32x32,3,3,0.0,0.0,0.0,0.0,0.0,0.0,0.0,0.0
DUP_G,109,leather/test/poke/003.png,1,boundary,32x32,3,3,0.0,0.0,0.0,0.0,0.0,0.0,0.0,0.0
DUP_G,110,leather/test/poke/004.png,1,abnormal_normal,32x32,4,1018,0.00871711351848363,0.00047349520027637485,0.002806946635246277,0.006599055603146553,0.012284161522984505,0.023427364230155946,0.0,0.08721716701984406
DUP_G,110,leather/test/poke/004.png,1,defect,32x32,4,6,0.0,0.0,0.0,0.0,0.0,0.0,0.0,0.0
DUP_G,110,leather/test/poke/004.png,1,clean_defect,32x32,4,2,0.0,0.0,0.0,0.0,0.0,0.0,0.0,0.0
DUP_G,110,leather/test/poke/004.png,1,boundary,32x32,4,4,0.0,0.0,0.0,0.0,0.0,0.0,0.0,0.0
DUP_G,111,leather/test/poke/005.png,1,abnormal_normal,32x32,3,1019,0.00915428977806973,0.0005065366625785827,0.003071647137403488,0.006845757365226746,0.012893825769424438,0.026425959169864614,0.0,0.05590064823627472
DUP_G,111,leather/test/poke/005.png,1,defect,32x32,3,5,0.0,0.0,0.0,0.0,0.0,0.0,0.0,0.0
DUP_G,111,leather/test/poke/005.png,1,clean_defect,32x32,3,2,0.0,0.0,0.0,0.0,0.0,0.0,0.0,0.0
DUP_G,111,leather/test/poke/005.png,1,boundary,32x32,3,3,0.0,0.0,0.0,0.0,0.0,0.0,0.0,0.0
DUP_G,112,leather/test/poke/006.png,1,abnormal_normal,32x32,3,1018,0.008985825622187148,0.0005027394741773606,0.0027713989838957787,0.006590157747268677,0.01252114586532116,0.02651249580085277,0.0,0.06830637156963348
DUP_G,112,leather/test/poke/006.png,1,defect,32x32,3,6,0.0007632871468861898,0.0,0.0,0.0,0.0,0.003434792160987854,0.0,0.004579722881317139
DUP_G,112,leather/test/poke/006.png,1,clean_defect,32x32,3,3,0.0,0.0,0.0,0.0,0.0,0.0,0.0,0.0
DUP_G,112,leather/test/poke/006.png,1,boundary,32x32,3,3,0.0015265742937723796,0.0,0.0,0.0,0.0022898614406585693,0.004121750593185425,0.0,0.004579722881317139
DUP_G,113,leather/test/poke/007.png,1,abnormal_normal,32x32,4,1018,0.009617347736826463,0.0004342980682849884,0.0032955780625343323,0.007223755121231079,0.013368815183639526,0.02758818231523037,0.0,0.062350496649742126
DUP_G,113,leather/test/poke/007.png,1,defect,32x32,4,6,0.0,0.0,0.0,0.0,0.0,0.0,0.0,0.0
DUP_G,113,leather/test/poke/007.png,1,clean_defect,32x32,4,2,0.0,0.0,0.0,0.0,0.0,0.0,0.0,0.0
DUP_G,113,leather/test/poke/007.png,1,boundary,32x32,4,4,0.0,0.0,0.0,0.0,0.0,0.0,0.0,0.0
DUP_G,114,leather/test/poke/008.png,1,abnormal_normal,32x32,6,1016,0.009229325966205536,0.0004011569544672966,0.0030309706926345825,0.006579253822565079,0.012536206282675266,0.027436436153948307,0.0,0.06954848766326904
DUP_G,114,leather/test/poke/008.png,1,defect,32x32,6,8,0.002696797251701355,0.0,0.0,0.0,0.0,0.014023345708847034,0.0,0.02157437801361084
DUP_G,114,leather/test/poke/008.png,1,clean_defect,32x32,6,2,0.0,0.0,0.0,0.0,0.0,0.0,0.0,0.0
DUP_G,114,leather/test/poke/008.png,1,boundary,32x32,6,6,0.00359572966893514,0.0,0.0,0.0,0.0,0.01618078351020813,0.0,0.02157437801361084
DUP_G,115,leather/test/poke/009.png,1,abnormal_normal,32x32,6,1016,0.009301535548700944,0.0005207657814025879,0.0029888609424233437,0.006809458136558533,0.013140927068889141,0.02667008712887764,0.0,0.04950740933418274
DUP_G,115,leather/test/poke/009.png,1,defect,32x32,6,8,0.005629748106002808,0.0,0.0,0.0,0.006202965974807739,0.02255279421806335,0.0,0.02599942684173584
DUP_G,115,leather/test/poke/009.png,1,clean_defect,32x32,6,2,0.001443326473236084,0.0001443326473236084,0.000721663236618042,0.001443326473236084,0.002164989709854126,0.0027423202991485596,0.0,0.002886652946472168
DUP_G,115,leather/test/poke/009.png,1,boundary,32x32,6,6,0.007025221983591716,0.0,0.0,0.0,0.01211392879486084,0.023537546396255493,0.0,0.02599942684173584
DUP_G,116,leather/test/poke/010.png,1,abnormal_normal,32x32,6,1017,0.008707277667264554,0.0002701438963413239,0.002729274332523346,0.006600335240364075,0.012595057487487793,0.023411497473716732,0.0,0.06151825189590454
DUP_G,116,leather/test/poke/010.png,1,defect,32x32,6,7,0.005968932594571795,0.0,0.0,0.0,0.00997956097126007,0.021139326691627502,0.0,0.021823406219482422
DUP_G,116,leather/test/poke/010.png,1,clean_defect,32x32,6,1,0.00041598081588745117,0.00041598081588745117,0.00041598081588745117,0.00041598081588745117,0.00041598081588745117,0.00041598081588745117,0.00041598081588745117,0.00041598081588745117
DUP_G,116,leather/test/poke/010.png,1,boundary,32x32,6,6,0.006894424557685852,0.0,0.0,0.0,0.014657355844974518,0.02125333994626999,0.0,0.021823406219482422
DUP_G,117,leather/test/poke/011.png,1,abnormal_normal,32x32,5,1016,0.00921725222334911,0.0004898998886346817,0.0031287353485822678,0.007067883387207985,0.012248557060956955,0.027149714529514313,0.0,0.060816630721092224
DUP_G,117,leather/test/poke/011.png,1,defect,32x32,5,8,0.004358205944299698,0.0,0.0,0.0,0.0,0.02266267091035841,0.0,0.03486564755439758
DUP_G,117,leather/test/poke/011.png,1,clean_defect,32x32,5,3,0.0,0.0,0.0,0.0,0.0,0.0,0.0,0.0
DUP_G,117,leather/test/poke/011.png,1,boundary,32x32,5,5,0.006973129510879516,0.0,0.0,0.0,0.0,0.027892518043518062,0.0,0.03486564755439758
DUP_G,118,leather/test/poke/012.png,1,abnormal_normal,32x32,4,1016,0.009190774927883753,0.00043171830475330353,0.002817906439304352,0.006770052015781403,0.013173066079616547,0.026128177531063557,0.0,0.0690285861492157
DUP_G,118,leather/test/poke/012.png,1,defect,32x32,4,8,0.008248768746852875,0.0,0.0,0.002171039581298828,0.01837162673473358,0.022548854351043698,0.0,0.02435004711151123
DUP_G,118,leather/test/poke/012.png,1,clean_defect,32x32,4,4,0.001085519790649414,0.0,0.0,0.0,0.001085519790649414,0.0036907672882080063,0.0,0.004342079162597656
DUP_G,118,leather/test/poke/012.png,1,boundary,32x32,4,4,0.015412017703056335,0.0027141362428665166,0.01357068121433258,0.018649011850357056,0.02049034833908081,0.023578107357025143,0.0,0.02435004711151123
DUP_G,119,leather/test/poke/013.png,1,abnormal_normal,32x32,3,1018,0.009589711383482797,0.0006609296426177025,0.003323569893836975,0.007611982524394989,0.013843614608049393,0.025346232950687407,0.0,0.06078426539897919
DUP_G,119,leather/test/poke/013.png,1,defect,32x32,3,6,0.0030510971943537393,0.0,0.0,0.0,0.006433546543121338,0.009440906345844269,0.0,0.00972852110862732
DUP_G,119,leather/test/poke/013.png,1,clean_defect,32x32,3,3,0.0,0.0,0.0,0.0,0.0,0.0,0.0,0.0
DUP_G,119,leather/test/poke/013.png,1,boundary,32x32,3,3,0.0061021943887074786,0.0008578062057495117,0.004289031028747559,0.008578062057495117,0.009153291583061218,0.0096134752035141,0.0,0.00972852110862732
DUP_G,120,leather/test/poke/014.png,1,abnormal_normal,32x32,4,1018,0.008655529042929119,0.0006888523697853088,0.0028831511735916138,0.0062506962567567825,0.011709019541740417,0.02563933730125427,0.0,0.05203813314437866
DUP_G,120,leather/test/poke/014.png,1,defect,32x32,4,6,0.0008758306503295898,0.0,0.0,0.0,0.0,0.003941237926483154,0.0,0.005254983901977539
DUP_G,120,leather/test/poke/014.png,1,clean_defect,32x32,4,2,0.0,0.0,0.0,0.0,0.0,0.0,0.0,0.0
DUP_G,120,leather/test/poke/014.png,1,boundary,32x32,4,4,0.0013137459754943848,0.0,0.0,0.0,0.0013137459754943848,0.004466736316680906,0.0,0.005254983901977539
DUP_G,121,leather/test/poke/015.png,1,abnormal_normal,32x32,4,1019,0.009121436212610332,0.0004743214696645738,0.0030413568019866943,0.0067299604415893555,0.012606311589479446,0.025682754069566726,0.0,0.05502025783061981
DUP_G,121,leather/test/poke/015.png,1,defect,32x32,4,5,0.0,0.0,0.0,0.0,0.0,0.0,0.0,0.0
DUP_G,121,leather/test/poke/015.png,1,clean_defect,32x32,4,1,0.0,0.0,0.0,0.0,0.0,0.0,0.0,0.0
DUP_G,121,leather/test/poke/015.png,1,boundary,32x32,4,4,0.0,0.0,0.0,0.0,0.0,0.0,0.0,0.0
DUP_G,122,leather/test/poke/016.png,1,abnormal_normal,32x32,6,1016,0.009084170885882743,0.0004012659192085266,0.0031168758869171143,0.006902875378727913,0.012618543580174446,0.025227338075637817,0.0,0.06977576017379761
DUP_G,122,leather/test/poke/016.png,1,defect,32x32,6,8,0.0,0.0,0.0,0.0,0.0,0.0,0.0,0.0
DUP_G,122,leather/test/poke/016.png,1,clean_defect,32x32,6,2,0.0,0.0,0.0,0.0,0.0,0.0,0.0,0.0
DUP_G,122,leather/test/poke/016.png,1,boundary,32x32,6,6,0.0,0.0,0.0,0.0,0.0,0.0,0.0,0.0
DUP_G,123,leather/test/poke/017.png,1,abnormal_normal,32x32,3,1019,0.008719285511365115,0.0004216521978378296,0.002748308703303337,0.006909511983394623,0.012332409620285034,0.023423307389020907,0.0,0.046435192227363586
DUP_G,123,leather/test/poke/017.png,1,defect,32x32,3,5,0.0014874458312988282,0.0,0.0,0.0,0.0,0.005949783325195311,0.0,0.007437229156494141
DUP_G,123,leather/test/poke/017.png,1,clean_defect,32x32,3,2,0.0,0.0,0.0,0.0,0.0,0.0,0.0,0.0
DUP_G,123,leather/test/poke/017.png,1,boundary,32x32,3,3,0.002479076385498047,0.0,0.0,0.0,0.0037186145782470703,0.006693506240844726,0.0,0.007437229156494141
TRI_G,0,leather/test/color/000.png,1,abnormal_normal,32x32,5,1014,0.013274867254763078,0.0019673812203109264,0.006079979240894318,0.010870316997170448,0.017488054931163788,0.032571649551391586,0.0,0.13169550895690918
TRI_G,0,leather/test/color/000.png,1,defect,32x32,5,10,8.940696716308593e-09,0.0,0.0,0.0,2.2351741790771484e-08,2.9802322387695312e-08,0.0,2.9802322387695312e-08
TRI_G,0,leather/test/color/000.png,1,clean_defect,32x32,5,5,1.1920928955078126e-08,0.0,0.0,0.0,2.9802322387695312e-08,2.9802322387695312e-08,0.0,2.9802322387695312e-08
TRI_G,0,leather/test/color/000.png,1,boundary,32x32,5,5,5.960464477539063e-09,0.0,0.0,0.0,0.0,2.3841857910156245e-08,0.0,2.9802322387695312e-08
TRI_G,1,leather/test/color/001.png,1,abnormal_normal,32x32,8,1015,0.012208617741031012,0.0014235381036996843,0.005636174231767654,0.009878210723400116,0.016158975660800934,0.03067930191755293,0.0,0.11684151738882065
TRI_G,1,leather/test/color/001.png,1,defect,32x32,8,9,0.0014235145515865749,-2.9802322387695312e-08,0.0,0.0,0.0,0.007687008380889888,-2.9802322387695312e-08,0.012811660766601562
TRI_G,1,leather/test/color/001.png,1,clean_defect,32x32,8,1,0.0,0.0,0.0,0.0,0.0,0.0,0.0,0.0
TRI_G,1,leather/test/color/001.png,1,boundary,32x32,8,8,0.0016014538705348969,-2.9802322387695312e-08,-7.450580596923828e-09,0.0,7.450580596923828e-09,0.008327589929103846,-2.9802322387695312e-08,0.012811660766601562
TRI_G,2,leather/test/color/002.png,1,abnormal_normal,32x32,5,1014,0.012726418817272553,0.0016190267167985439,0.005685972981154919,0.01015285775065422,0.01688227243721485,0.032155135273933405,0.0,0.09247423708438873
TRI_G,2,leather/test/color/002.png,1,defect,32x32,5,10,0.003967991471290589,0.0,0.0,1.4901161193847656e-08,0.005032174289226532,0.016856034100055685,0.0,0.02019408345222473
TRI_G,2,leather/test/color/002.png,1,clean_defect,32x32,5,5,1.7881393432617187e-08,0.0,0.0,0.0,2.9802322387695312e-08,5.364418029785156e-08,0.0,5.960464477539063e-08
TRI_G,2,leather/test/color/002.png,1,boundary,32x32,5,5,0.007935965061187744,0.0,0.0,0.006709545850753784,0.012776196002960205,0.018710505962371823,0.0,0.02019408345222473
TRI_G,3,leather/test/color/003.png,1,abnormal_normal,32x32,12,1007,0.013064249811736569,0.0018050022423267368,0.0061635542660951614,0.010868094861507416,0.017316564917564392,0.03260420486330983,0.0,0.06483456492424011
TRI_G,3,leather/test/color/003.png,1,defect,32x32,12,17,0.0161607984234305,1.788139343261719e-08,0.004766553640365601,0.016348421573638916,0.02534729242324829,0.03339999914169311,-2.9802322387695312e-08,0.04061692953109741
TRI_G,3,leather/test/color/003.png,1,clean_defect,32x32,12,5,0.00616602897644043,8.538961410522462e-05,0.00042682886123657227,0.0023744702339172363,0.004766553640365601,0.0195631206035614,2.9802322387695312e-08,0.02326226234436035
TRI_G,3,leather/test/color/003.png,1,boundary,32x32,12,12,0.020325285693009693,0.005563481152057648,0.013195842504501343,0.019124910235404968,0.027339331805706024,0.03565528988838195,-2.9802322387695312e-08,0.04061692953109741
TRI_G,4,leather/test/color/004.png,1,abnormal_normal,32x32,10,1007,0.013714191924628931,0.0020991317927837373,0.006128164008259773,0.010874215513467789,0.018261440098285675,0.03287293165922165,0.0,0.1138136088848114
TRI_G,4,leather/test/color/004.png,1,defect,32x32,10,17,0.008817548260969274,-2.9802322387695312e-08,2.9802322387695312e-08,0.0029051899909973145,0.00926324725151062,0.03455408215522766,-2.9802322387695312e-08,0.03629997372627258
TRI_G,4,leather/test/color/004.png,1,clean_defect,32x32,10,7,0.004106683390481132,-2.0861625671386717e-08,1.4901161193847656e-08,2.9802322387695312e-08,0.005455285310745239,0.015232375264167779,-2.9802322387695312e-08,0.017836183309555054
TRI_G,4,leather/test/color/004.png,1,boundary,32x32,10,10,0.012115153670310973,1.0430812835693362e-08,0.0024013370275497437,0.005805790424346924,0.020856201648712158,0.03531790971755981,-2.9802322387695312e-08,0.03629997372627258
TRI_G,5,leather/test/color/005.png,1,abnormal_normal,32x32,6,1017,0.013162601285869569,0.0019005924463272096,0.005846366286277771,0.010032199323177338,0.017865043133497238,0.032842876017093535,0.0,0.09745852649211884
TRI_G,5,leather/test/color/005.png,1,defect,32x32,6,7,0.0032349228858947754,0.0,0.0,2.9802322387695312e-08,0.005094960331916809,0.010508209466934199,0.0,0.012454509735107422
TRI_G,5,leather/test/color/005.png,1,clean_defect,32x32,6,1,0.0,0.0,0.0,0.0,0.0,0.0,0.0,0.0
TRI_G,5,leather/test/color/005.png,1,boundary,32x32,6,6,0.0037740767002105713,0.0,7.450580596923828e-09,0.0021115541458129883,0.005530901253223419,0.010832592844963074,0.0,0.012454509735107422
TRI_G,6,leather/test/color/006.png,1,abnormal_normal,32x32,4,1020,0.012908339387207639,0.0012608660385012628,0.005454453639686108,0.010128775611519814,0.016807968728244305,0.0333132892847061,0.0,0.16121751070022583
TRI_G,6,leather/test/color/006.png,1,defect,32x32,4,4,0.005221284925937653,-2.5331974029541015e-08,-7.450580596923828e-09,0.004111200571060181,0.00933249294757843,0.011996713280677794,-2.9802322387695312e-08,0.012662768363952637
TRI_G,6,leather/test/color/006.png,1,clean_defect,32x32,4,0,,,,,,,,
TRI_G,6,leather/test/color/006.png,1,boundary,32x32,4,4,0.005221284925937653,-2.5331974029541015e-08,-7.450580596923828e-09,0.004111200571060181,0.00933249294757843,0.011996713280677794,-2.9802322387695312e-08,0.012662768363952637
TRI_G,7,leather/test/color/007.png,1,abnormal_normal,32x32,9,1014,0.013629297011291251,0.001648645102977753,0.006629134528338909,0.011088704690337181,0.018965166062116623,0.0331830009818077,0.0,0.06331446766853333
TRI_G,7,leather/test/color/007.png,1,defect,32x32,9,10,0.0011825472116470336,0.0,2.9802322387695312e-08,4.470348358154297e-08,5.960464477539063e-08,0.006500279903411853,0.0,0.011789381504058838
TRI_G,7,leather/test/color/007.png,1,clean_defect,32x32,9,1,5.960464477539063e-08,5.960464477539063e-08,5.960464477539063e-08,5.960464477539063e-08,5.960464477539063e-08,5.960464477539063e-08,5.960464477539063e-08,5.960464477539063e-08
TRI_G,7,leather/test/color/007.png,1,boundary,32x32,9,9,0.0013139347235361736,0.0,2.9802322387695312e-08,2.9802322387695312e-08,5.960464477539063e-08,0.007087957859039302,0.0,0.011789381504058838
TRI_G,8,leather/test/color/008.png,1,abnormal_normal,32x32,11,1001,0.013380699497940657,0.00138833187520504,0.005974931642413139,0.010532498359680176,0.01757727563381195,0.03472944349050522,0.0,0.09290051460266113
TRI_G,8,leather/test/color/008.png,1,defect,32x32,11,23,0.026368452155071755,0.0174113005399704,0.022230014204978943,0.026965439319610596,0.030437469482421875,0.03582718670368194,0.012227267026901245,0.036441296339035034
TRI_G,8,leather/test/color/008.png,1,clean_defect,32x32,11,12,0.024577153225739796,0.015012980997562408,0.01903921365737915,0.025919169187545776,0.028564222157001495,0.03351473212242126,0.012227267026901245,0.036441296339035034
TRI_G,8,leather/test/color/008.png,1,boundary,32x32,11,11,0.02832259644161571,0.01991809904575348,0.02521875500679016,0.028941094875335693,0.031265705823898315,0.03548409044742584,0.019124716520309448,0.03591296076774597
TRI_G,9,leather/test/color/009.png,1,abnormal_normal,32x32,12,1007,0.012894776471277335,0.0015242338180541993,0.005721214227378368,0.01051940768957138,0.017398111522197723,0.03188686817884443,0.0,0.08692024648189545
TRI_G,9,leather/test/color/009.png,1,defect,32x32,12,17,0.012588066213271198,0.0,0.003574162721633911,0.0111161470413208,0.01588943600654602,0.03305587172508239,0.0,0.039439767599105835
TRI_G,9,leather/test/color/009.png,1,clean_defect,32x32,12,5,0.0070967614650726315,5.960464477539063e-09,2.9802322387695312e-08,5.960464477539063e-08,0.009905815124511719,0.022443485260009763,0.0,0.025577902793884277
TRI_G,9,leather/test/color/009.png,1,boundary,32x32,12,12,0.014876109858353933,0.0019657894968986515,0.00988008826971054,0.011379420757293701,0.01761768013238907,0.035050839185714715,0.0,0.039439767599105835
TRI_G,10,leather/test/color/010.png,1,abnormal_normal,32x32,5,1018,0.012895736226735156,0.0014266164973378182,0.005870388820767403,0.010600421577692032,0.01701646577566862,0.03179270401597023,0.0,0.0652608573436737
TRI_G,10,leather/test/color/010.png,1,defect,32x32,5,6,0.0053936441739400225,0.0,0.0,1.4901161193847656e-08,2.9802322387695312e-08,0.024271361529827118,0.0,0.03236180543899536
TRI_G,10,leather/test/color/010.png,1,clean_defect,32x32,5,1,0.0,0.0,0.0,0.0,0.0,0.0,0.0,0.0
TRI_G,10,leather/test/color/010.png,1,boundary,32x32,5,5,0.006472373008728027,0.0,0.0,2.9802322387695312e-08,2.9802322387695312e-08,0.02588945031166076,0.0,0.03236180543899536
TRI_G,11,leather/test/color/011.png,1,abnormal_normal,32x32,8,1015,0.01337832551210972,0.0012210346758365631,0.005710512399673462,0.011014360934495926,0.01858939230442047,0.03215139731764793,0.0,0.08773388713598251
TRI_G,11,leather/test/color/011.png,1,defect,32x32,8,9,0.0013537108898162842,0.0,2.9802322387695312e-08,2.9802322387695312e-08,5.960464477539063e-08,0.006646788120269774,0.0,0.008867502212524414
TRI_G,11,leather/test/color/011.png,1,clean_defect,32x32,8,1,5.960464477539063e-08,5.960464477539063e-08,5.960464477539063e-08,5.960464477539063e-08,5.960464477539063e-08,5.960464477539063e-08,5.960464477539063e-08,5.960464477539063e-08
TRI_G,11,leather/test/color/011.png,1,boundary,32x32,8,8,0.0015229173004627228,0.0,2.2351741790771484e-08,2.9802322387695312e-08,0.0008289515972137451,0.006924377381801602,0.0,0.008867502212524414
TRI_G,12,leather/test/color/012.png,1,abnormal_normal,32x32,5,1017,0.01349165336931291,0.0015585944056510927,0.005887927487492561,0.010277315974235535,0.018437646329402924,0.034514480829238844,0.0,0.11037668585777283
TRI_G,12,leather/test/color/012.png,1,defect,32x32,5,7,0.007743690695081439,0.0,0.0,2.9802322387695312e-08,0.011578351259231567,0.0286813735961914,0.0,0.031049102544784546
TRI_G,12,leather/test/color/012.png,1,clean_defect,32x32,5,2,0.011578351259231567,0.0011578619480133057,0.0057891905307769775,0.011578351259231567,0.017367511987686157,0.02199884057044983,2.9802322387695312e-08,0.023156672716140747
TRI_G,12,leather/test/color/012.png,1,boundary,32x32,5,5,0.006209826469421387,0.0,0.0,0.0,2.9802322387695312e-08,0.02483928799629211,0.0,0.031049102544784546
TRI_G,13,leather/test/color/013.png,1,abnormal_normal,32x32,10,1011,0.012895681343523143,0.0015299171209335327,0.006010802462697029,0.010936658829450607,0.01711822673678398,0.0304209403693676,0.0,0.08228999376296997
TRI_G,13,leather/test/color/013.png,1,defect,32x32,10,13,0.004124313592910767,0.0,0.0,2.9802322387695312e-08,0.008615821599960327,0.01577646136283873,0.0,0.022200673818588257
TRI_G,13,leather/test/color/013.png,1,clean_defect,32x32,10,3,2.9802322387695312e-08,2.9802322387695314e-09,1.4901161193847656e-08,2.9802322387695312e-08,4.470348358154297e-08,5.662441253662109e-08,0.0,5.960464477539063e-08
TRI_G,13,leather/test/color/013.png,1,boundary,32x32,10,10,0.00536159873008728,0.0,0.0,2.9802322387695312e-08,0.010633289813995361,0.017382514476776113,0.0,0.022200673818588257
TRI_G,14,leather/test/color/014.png,1,abnormal_normal,32x32,4,1018,0.013070051201522234,0.001567455753684044,0.00623447448015213,0.010593391954898834,0.017078092321753502,0.03206496872007846,0.0,0.12111636996269226
TRI_G,14,leather/test/color/014.png,1,defect,32x32,4,6,9.934107462565104e-09,0.0,0.0,0.0,2.2351741790771484e-08,2.9802322387695312e-08,0.0,2.9802322387695312e-08
TRI_G,14,leather/test/color/014.png,1,clean_defect,32x32,4,2,1.4901161193847656e-08,1.4901161193847657e-09,7.450580596923828e-09,1.4901161193847656e-08,2.2351741790771484e-08,2.8312206268310546e-08,0.0,2.9802322387695312e-08
TRI_G,14,leather/test/color/014.png,1,boundary,32x32,4,4,7.450580596923828e-09,0.0,0.0,0.0,7.450580596923828e-09,2.5331974029541005e-08,0.0,2.9802322387695312e-08
TRI_G,15,leather/test/color/015.png,1,abnormal_normal,32x32,12,1003,0.013565630495087693,0.0015157748013734818,0.00637022964656353,0.011180803179740906,0.018152697011828423,0.03172326423227787,0.0,0.11711131036281586
TRI_G,15,leather/test/color/015.png,1,defect,32x32,12,21,0.008687423808234078,0.0,2.9802322387695312e-08,0.0018382072448730469,0.008109122514724731,0.03370818495750427,0.0,0.034380584955215454
TRI_G,15,leather/test/color/015.png,1,clean_defect,32x32,12,9,0.005516820483737522,0.0,2.9802322387695312e-08,0.0006568431854248047,0.005338937044143677,0.023468559980392448,0.0,0.03370818495750427
TRI_G,15,leather/test/color/015.png,1,boundary,32x32,12,12,0.011065376301606497,0.0,2.9802322387695312e-08,0.003917694091796875,0.02457360178232193,0.0333714559674263,0.0,0.034380584955215454
TRI_G,16,leather/test/color/016.png,1,abnormal_normal,32x32,6,1017,0.01331823902715624,0.0016627207398414614,0.006034616380929947,0.010568797588348389,0.01799851655960083,0.033163030445575704,0.0,0.09223859757184982
TRI_G,16,leather/test/color/016.png,1,defect,32x32,6,7,0.002025267907551357,0.0,0.0,0.0,4.470348358154297e-08,0.009923768043518057,0.0,0.014176785945892334
TRI_G,16,leather/test/color/016.png,1,clean_defect,32x32,6,1,0.0,0.0,0.0,0.0,0.0,0.0,0.0,0.0
TRI_G,16,leather/test/color/016.png,1,boundary,32x32,6,6,0.002362812558809916,0.0,0.0,1.4901161193847656e-08,5.21540641784668e-08,0.010632604360580444,0.0,0.014176785945892334
TRI_G,17,leather/test/color/017.png,1,abnormal_normal,32x32,13,1004,0.013358830789705197,0.0012708138674497607,0.005820026621222496,0.010528869926929474,0.017804893665015697,0.03506845943629741,0.0,0.10486660897731781
TRI_G,17,leather/test/color/017.png,1,defect,32x32,13,20,0.03262917473912239,0.014952762424945832,0.026614204049110413,0.03397827595472336,0.04060324281454086,0.04549584686756134,0.007114499807357788,0.047153979539871216
TRI_G,17,leather/test/color/017.png,1,clean_defect,32x32,13,7,0.03455132033143725,0.01395871937274933,0.03300211578607559,0.03736633062362671,0.043050557374954224,0.04496460258960724,0.007114499807357788,0.0452730655670166
TRI_G,17,leather/test/color/017.png,1,boundary,32x32,13,13,0.03159417326633747,0.01656230092048645,0.026326537132263184,0.030569791793823242,0.03825652599334717,0.046106737852096555,0.015365302562713623,0.047153979539871216
TRI_G,18,leather/test/color/018.png,1,abnormal_normal,32x32,7,1017,0.012934140172386826,0.0018692977726459503,0.005886437371373177,0.010368883609771729,0.01731996238231659,0.03243179321289062,0.0,0.06633351743221283
TRI_G,18,leather/test/color/018.png,1,defect,32x32,7,7,0.011132968323571342,0.0,1.4901161193847656e-08,0.0014514029026031494,0.015231311321258545,0.03852222859859465,0.0,0.04601672291755676
TRI_G,18,leather/test/color/018.png,1,clean_defect,32x32,7,0,,,,,,,,
TRI_G,18,leather/test/color/018.png,1,boundary,32x32,7,7,0.011132968323571342,0.0,1.4901161193847656e-08,0.0014514029026031494,0.015231311321258545,0.03852222859859465,0.0,0.04601672291755676
TRI_G,19,leather/test/cut/000.png,1,abnormal_normal,32x32,5,1018,0.013144668400258352,0.0016737066209316254,0.006076921708881855,0.010501042008399963,0.017250346951186657,0.032949458435177804,0.0,0.07055443525314331
TRI_G,19,leather/test/cut/000.png,1,defect,32x32,5,6,9.934107462565104e-09,0.0,0.0,0.0,2.2351741790771484e-08,2.9802322387695312e-08,0.0,2.9802322387695312e-08
TRI_G,19,leather/test/cut/000.png,1,clean_defect,32x32,5,1,0.0,0.0,0.0,0.0,0.0,0.0,0.0,0.0
TRI_G,19,leather/test/cut/000.png,1,boundary,32x32,5,5,1.1920928955078126e-08,0.0,0.0,0.0,2.9802322387695312e-08,2.9802322387695312e-08,0.0,2.9802322387695312e-08
TRI_G,20,leather/test/cut/001.png,1,abnormal_normal,32x32,9,1011,0.012902434786337656,0.00183970108628273,0.006429932080209255,0.010897897183895111,0.017298750579357147,0.030871346592903137,0.0,0.05355367064476013
TRI_G,20,leather/test/cut/001.png,1,defect,32x32,9,13,0.005037362758929913,-2.9802322387695312e-08,0.0,2.9802322387695312e-08,0.002148151397705078,0.02110578417778014,-2.9802322387695312e-08,0.026602864265441895
TRI_G,20,leather/test/cut/001.png,1,clean_defect,32x32,9,4,0.0003643408417701721,-2.9802322387695312e-08,-2.9802322387695312e-08,-1.4901161193847656e-08,0.00036435574293136597,0.0012388095259666437,-2.9802322387695312e-08,0.0014574229717254639
TRI_G,20,leather/test/cut/001.png,1,boundary,32x32,9,9,0.0071142613887786865,-1.7881393432617187e-08,0.0,0.0005812942981719971,0.01725497841835022,0.02293814420700073,-2.9802322387695312e-08,0.026602864265441895
TRI_G,21,leather/test/cut/002.png,1,abnormal_normal,32x32,5,1019,0.013365659862756729,0.0015755187720060348,0.006131570786237717,0.010567136108875275,0.01744067668914795,0.03350637666881081,0.0,0.08695843070745468
TRI_G,21,leather/test/cut/002.png,1,defect,32x32,5,5,1.1920928955078126e-08,0.0,0.0,0.0,2.9802322387695312e-08,2.9802322387695312e-08,0.0,2.9802322387695312e-08
TRI_G,21,leather/test/cut/002.png,1,clean_defect,32x32,5,0,,,,,,,,
TRI_G,21,leather/test/cut/002.png,1,boundary,32x32,5,5,1.1920928955078126e-08,0.0,0.0,0.0,2.9802322387695312e-08,2.9802322387695312e-08,0.0,2.9802322387695312e-08
TRI_G,22,leather/test/cut/003.png,1,abnormal_normal,32x32,11,1001,0.013004085914297895,0.001535613089799881,0.006131842732429504,0.011051595211029053,0.01821935921907425,0.029951483011245728,0.0,0.06610807776451111
TRI_G,22,leather/test/cut/003.png,1,defect,32x32,11,23,0.008378231007119884,0.0,2.9802322387695312e-08,0.0042389631271362305,0.013222575187683105,0.02919531166553497,-2.9802322387695312e-08,0.030841171741485596
TRI_G,22,leather/test/cut/003.png,1,clean_defect,32x32,11,12,0.009450542430082956,-1.341104507446289e-08,2.9802322387695312e-08,0.0011608153581619263,0.018746517598628998,0.03006463497877121,-2.9802322387695312e-08,0.030841171741485596
TRI_G,22,leather/test/cut/003.png,1,boundary,32x32,11,11,0.007208436727523804,0.0,0.0016549080610275269,0.006181299686431885,0.008520439267158508,0.020934611558914185,0.0,0.02708953619003296
TRI_G,23,leather/test/cut/004.png,1,abnormal_normal,32x32,23,997,0.013201433819613103,0.0014812037348747255,0.005637764930725098,0.010999053716659546,0.018255509436130524,0.03381097614765167,0.0,0.057256899774074554
TRI_G,23,leather/test/cut/004.png,1,defect,32x32,23,27,0.008186902160997744,0.0002024650573730469,0.0025919824838638306,0.00453639030456543,0.014832884073257446,0.02066015601158142,2.9802322387695312e-08,0.03222349286079407
TRI_G,23,leather/test/cut/004.png,1,clean_defect,32x32,23,4,0.003382071852684021,0.00040703713893890385,0.001947447657585144,0.0027642250061035156,0.004198849201202393,0.007222092151641844,2.193450927734375e-05,0.007977902889251709
TRI_G,23,leather/test/cut/004.png,1,boundary,32x32,23,23,0.009022524823313173,0.0007135152816772462,0.0026015788316726685,0.004804402589797974,0.015493229031562805,0.021037536859512325,2.9802322387695312e-08,0.03222349286079407
TRI_G,24,leather/test/cut/005.png,1,abnormal_normal,32x32,6,1016,0.0131672705325672,0.0017483155243098736,0.006068473216146231,0.010959338396787643,0.018456298857927322,0.031440695747733116,0.0,0.08367540687322617
TRI_G,24,leather/test/cut/005.png,1,defect,32x32,6,8,0.004110533744096756,0.0,2.2351741790771484e-08,0.0004307478666305542,0.006825216114521027,0.014043763279914852,0.0,0.01607578992843628
TRI_G,24,leather/test/cut/005.png,1,clean_defect,32x32,6,2,0.0,0.0,0.0,0.0,0.0,0.0,0.0,0.0
TRI_G,24,leather/test/cut/005.png,1,boundary,32x32,6,6,0.005480711658795674,2.9802322387695312e-08,0.00021538883447647095,0.003269210457801819,0.009121738374233246,0.014624342322349548,2.9802322387695312e-08,0.01607578992843628
TRI_G,25,leather/test/cut/006.png,1,abnormal_normal,32x32,14,1008,0.012796728310012629,0.0019215533509850504,0.006295425817370415,0.010963911190629005,0.017085153609514236,0.02850005850195884,0.0,0.09683045744895935
TRI_G,25,leather/test/cut/006.png,1,defect,32x32,14,16,0.006063884124159813,0.0,2.9802322387695312e-08,0.0021136999130249023,0.00985407829284668,0.021505586802959442,0.0,0.027881264686584473
TRI_G,25,leather/test/cut/006.png,1,clean_defect,32x32,14,2,4.470348358154297e-08,3.129243850708008e-08,3.725290298461914e-08,4.470348358154297e-08,5.21540641784668e-08,5.811452865600586e-08,2.9802322387695312e-08,5.960464477539063e-08
TRI_G,25,leather/test/cut/006.png,1,boundary,32x32,14,14,0.006930146898542132,0.0,2.9802322387695312e-08,0.004539772868156433,0.010209739208221436,0.022355677187442777,0.0,0.027881264686584473
TRI_G,26,leather/test/cut/007.png,1,abnormal_normal,32x32,7,1013,0.012494295436488088,0.0017918229103088378,0.00611993670463562,0.0104902982711792,0.01667816936969757,0.030606901645660392,-2.9802322387695312e-08,0.06670345366001129
TRI_G,26,leather/test/cut/007.png,1,defect,32x32,7,11,0.001494410363110629,-2.9802322387695312e-08,0.0,0.0,2.9802322387695312e-08,0.008219242095947266,-2.9802322387695312e-08,0.01177126169204712
TRI_G,26,leather/test/cut/007.png,1,clean_defect,32x32,7,4,7.450580596923828e-09,-2.5331974029541015e-08,-7.450580596923828e-09,1.4901161193847656e-08,2.9802322387695312e-08,2.9802322387695312e-08,-2.9802322387695312e-08,2.9802322387695312e-08
TRI_G,26,leather/test/cut/007.png,1,boundary,32x32,7,7,0.0023483548845563617,-2.0861625671386717e-08,0.0,0.0,0.0023336261510849,0.009640049934387203,-2.9802322387695312e-08,0.01177126169204712
TRI_G,27,leather/test/cut/008.png,1,abnormal_normal,32x32,9,1012,0.013354071964447206,0.001917955651879311,0.005858428776264191,0.011412296444177628,0.018379585817456245,0.03208677619695662,0.0,0.06496211886405945
TRI_G,27,leather/test/cut/008.png,1,defect,32x32,9,12,0.0026359533270200095,-1.341104507446289e-08,0.0,1.4901161193847656e-08,8.456408977508545e-05,0.015488862991333006,-2.9802322387695312e-08,0.017224043607711792
TRI_G,27,leather/test/cut/008.png,1,clean_defect,32x32,9,3,0.0,-2.6822090148925782e-08,-1.4901161193847656e-08,0.0,1.4901161193847656e-08,2.682209014892578e-08,-2.9802322387695312e-08,2.9802322387695312e-08
TRI_G,27,leather/test/cut/008.png,1,boundary,32x32,9,9,0.0035146044360266793,0.0,0.0,2.9802322387695312e-08,0.0003381669521331787,0.01596209406852722,0.0,0.017224043607711792
TRI_G,28,leather/test/cut/009.png,1,abnormal_normal,32x32,5,1018,0.013122785574809625,0.0015575235709547996,0.00585174560546875,0.010602794587612152,0.018542824313044548,0.033273994177579876,0.0,0.06258296221494675
TRI_G,28,leather/test/cut/009.png,1,defect,32x32,5,6,9.934107462565104e-09,-2.2351741790771484e-08,0.0,1.4901161193847656e-08,2.9802322387695312e-08,2.9802322387695312e-08,-2.9802322387695312e-08,2.9802322387695312e-08
TRI_G,28,leather/test/cut/009.png,1,clean_defect,32x32,5,1,0.0,0.0,0.0,0.0,0.0,0.0,0.0,0.0
TRI_G,28,leather/test/cut/009.png,1,boundary,32x32,5,5,1.1920928955078126e-08,-2.384185791015625e-08,0.0,2.9802322387695312e-08,2.9802322387695312e-08,2.9802322387695312e-08,-2.9802322387695312e-08,2.9802322387695312e-08
TRI_G,29,leather/test/cut/010.png,1,abnormal_normal,32x32,4,1019,0.012865487586659351,0.0017576560378074649,0.006064525805413723,0.010716203600168228,0.016843441873788834,0.030616350471973405,0.0,0.13212797045707703
TRI_G,29,leather/test/cut/010.png,1,defect,32x32,4,5,0.005936682224273682,-1.7881393432617187e-08,2.9802322387695312e-08,0.001985490322113037,0.010933905839920044,0.01559799313545227,-2.9802322387695312e-08,0.016764014959335327
TRI_G,29,leather/test/cut/010.png,1,clean_defect,32x32,4,1,2.9802322387695312e-08,2.9802322387695312e-08,2.9802322387695312e-08,2.9802322387695312e-08,2.9802322387695312e-08,2.9802322387695312e-08,2.9802322387695312e-08,2.9802322387695312e-08
TRI_G,29,leather/test/cut/010.png,1,boundary,32x32,4,4,0.007420845329761505,0.00029779821634292605,0.001489110291004181,0.0064596980810165405,0.012391433119773865,0.015889498591423034,-2.9802322387695312e-08,0.016764014959335327
TRI_G,30,leather/test/cut/011.png,1,abnormal_normal,32x32,2,1020,0.013151742945260862,0.0018937941640615463,0.006374564953148365,0.010434547439217567,0.016612637788057327,0.0334831342101097,0.0,0.10833903402090073
TRI_G,30,leather/test/cut/011.png,1,defect,32x32,2,4,7.450580596923828e-09,0.0,0.0,0.0,7.450580596923828e-09,2.5331974029541005e-08,0.0,2.9802322387695312e-08
TRI_G,30,leather/test/cut/011.png,1,clean_defect,32x32,2,2,1.4901161193847656e-08,1.4901161193847657e-09,7.450580596923828e-09,1.4901161193847656e-08,2.2351741790771484e-08,2.8312206268310546e-08,0.0,2.9802322387695312e-08
TRI_G,30,leather/test/cut/011.png,1,boundary,32x32,2,2,0.0,0.0,0.0,0.0,0.0,0.0,0.0,0.0
TRI_G,31,leather/test/cut/012.png,1,abnormal_normal,32x32,8,1013,0.013139540765357276,0.001632840931415558,0.005801782011985779,0.010483458638191223,0.017671525478363037,0.03466583639383316,0.0,0.06451992690563202
TRI_G,31,leather/test/cut/012.png,1,defect,32x32,8,11,0.0006616982546719638,-1.4901161193847656e-08,0.0,2.9802322387695312e-08,4.470348358154297e-08,0.0036392807960510254,-2.9802322387695312e-08,0.007019668817520142
TRI_G,31,leather/test/cut/012.png,1,clean_defect,32x32,8,3,9.934107462565104e-09,-2.384185791015625e-08,0.0,2.9802322387695312e-08,2.9802322387695312e-08,2.9802322387695312e-08,-2.9802322387695312e-08,2.9802322387695312e-08
TRI_G,31,leather/test/cut/012.png,1,boundary,32x32,8,8,0.0009098313748836517,0.0,0.0,1.4901161193847656e-08,6.476789712905884e-05,0.004653397202491756,0.0,0.007019668817520142
TRI_G,32,leather/test/cut/013.png,1,abnormal_normal,32x32,10,1007,0.013069832322022175,0.001724907010793686,0.006070231087505817,0.011007804423570633,0.017901510000228882,0.032813636213541005,-2.9802322387695312e-08,0.0748019739985466
TRI_G,32,leather/test/cut/013.png,1,defect,32x32,10,17,0.007909303202348597,-5.960464477539061e-09,0.0,2.9802322387695312e-08,0.017969757318496704,0.029304468631744376,-2.9802322387695312e-08,0.04053229093551636
TRI_G,32,leather/test/cut/013.png,1,clean_defect,32x32,10,7,3.543921879359654e-05,-2.0861625671386717e-08,0.0,0.0,1.4901161193847656e-08,0.00017366111278533918,-2.9802322387695312e-08,0.0002480745315551758
TRI_G,32,leather/test/cut/013.png,1,boundary,32x32,10,10,0.013421007990837097,1.3411045074462891e-08,0.00017952919006347656,0.010015934705734253,0.024249069392681122,0.03421664088964461,0.0,0.04053229093551636
TRI_G,33,leather/test/cut/014.png,1,abnormal_normal,32x32,10,1011,0.01251104811775755,0.0015507861971855164,0.005642727017402649,0.010294049978256226,0.016258247196674347,0.030571121722459793,0.0,0.09144830703735352
TRI_G,33,leather/test/cut/014.png,1,defect,32x32,10,13,0.005005726447472205,-2.9802322387695312e-08,0.0,2.9802322387695312e-08,0.008603662252426147,0.02237478494644163,-2.9802322387695312e-08,0.030061960220336914
TRI_G,33,leather/test/cut/014.png,1,clean_defect,32x32,10,3,0.00011849403381347656,2.9802322387695312e-08,2.9802322387695312e-08,2.9802322387695312e-08,0.000177726149559021,0.0003198832273483276,2.9802322387695312e-08,0.0003554224967956543
TRI_G,33,leather/test/cut/014.png,1,boundary,32x32,10,10,0.006471896171569824,-2.9802322387695312e-08,0.0,1.4901161193847656e-08,0.008753441274166107,0.024296578764915453,-2.9802322387695312e-08,0.030061960220336914
TRI_G,34,leather/test/cut/015.png,1,abnormal_normal,32x32,5,1015,0.012782910726780962,0.00166129544377327,0.006238589994609356,0.010816842317581177,0.017105702310800552,0.029770784452557562,0.0,0.09632978588342667
TRI_G,34,leather/test/cut/015.png,1,defect,32x32,5,9,0.0008499787913428412,-1.7881393432617187e-08,0.0,2.9802322387695312e-08,5.960464477539063e-08,0.004109120368957518,-2.9802322387695312e-08,0.005246162414550781
TRI_G,34,leather/test/cut/015.png,1,clean_defect,32x32,5,4,0.0006009116768836975,4.4703483581542975e-09,2.2351741790771484e-08,4.470348358154297e-08,0.0006009340286254883,0.0020430326461791984,0.0,0.002403557300567627
TRI_G,34,leather/test/cut/015.png,1,boundary,32x32,5,5,0.0010492324829101563,-2.384185791015625e-08,0.0,0.0,2.9802322387695312e-08,0.004196935892105101,-2.9802322387695312e-08,0.005246162414550781
TRI_G,35,leather/test/cut/016.png,1,abnormal_normal,32x32,5,1010,0.013221532945511955,0.0020624682307243346,0.006597322411835194,0.011164635419845581,0.01798269711434841,0.030335309356451033,0.0,0.06583381444215775
TRI_G,35,leather/test/cut/016.png,1,defect,32x32,5,14,0.005625658801623753,-1.0430812835693359e-08,2.9802322387695312e-08,8.103251457214355e-05,0.004199951887130737,0.03097211718559265,-2.9802322387695312e-08,0.031731635332107544
TRI_G,35,leather/test/cut/016.png,1,clean_defect,32x32,5,9,0.0046997831927405465,-1.7881393432617187e-08,2.9802322387695312e-08,2.9802322387695312e-08,0.0030974745750427246,0.021586829423904413,-2.9802322387695312e-08,0.030563145875930786
TRI_G,35,leather/test/cut/016.png,1,boundary,32x32,5,5,0.007292234897613525,2.9802322387695312e-08,2.9802322387695312e-08,0.00016203522682189941,0.004567444324493408,0.026298797130584712,2.9802322387695312e-08,0.031731635332107544
TRI_G,36,leather/test/cut/017.png,1,abnormal_normal,32x32,10,1007,0.013357624911001209,0.0017465975135564805,0.00654836930334568,0.011653266847133636,0.018318545073270798,0.031565293669700616,0.0,0.05143777281045914
TRI_G,36,leather/test/cut/017.png,1,defect,32x32,10,17,0.010809575810151942,-5.960464477539061e-09,2.9802322387695312e-08,0.007073312997817993,0.01911589503288269,0.030794918537139893,-2.9802322387695312e-08,0.03137773275375366
TRI_G,36,leather/test/cut/017.png,1,clean_defect,32x32,10,7,0.00046247243881225586,-2.0861625671386717e-08,0.0,2.9802322387695312e-08,0.0006344616413116455,0.0017585366964340205,-2.9802322387695312e-08,0.0019683837890625
TRI_G,36,leather/test/cut/017.png,1,boundary,32x32,10,10,0.01805254817008972,0.005040581524372101,0.010156944394111633,0.015833795070648193,0.027532726526260376,0.031049899756908417,0.0033774375915527344,0.03137773275375366
TRI_G,37,leather/test/cut/018.png,1,abnormal_normal,32x32,15,991,0.012910955105311454,0.002105504274368286,0.005983751267194748,0.010634876787662506,0.017148777842521667,0.031105712056159973,0.0,0.10408622026443481
TRI_G,37,leather/test/cut/018.png,1,defect,32x32,15,33,0.016954182223840195,0.0,2.9802322387695312e-08,0.008122950792312622,0.03305962681770325,0.046829098463058466,-2.9802322387695312e-08,0.04921853542327881
TRI_G,37,leather/test/cut/018.png,1,clean_defect,32x32,15,18,0.0123344577021069,-4.470348358154294e-09,0.0,2.9802322387695312e-08,0.022521838545799255,0.04348406046628951,-2.9802322387695312e-08,0.04921853542327881
TRI_G,37,leather/test/cut/018.png,1,boundary,32x32,15,15,0.022497851649920145,2.9802322387695312e-08,0.006466194987297058,0.01803112030029297,0.0437057763338089,0.046459797024726864,2.9802322387695312e-08,0.049044907093048096
TRI_G,38,leather/test/fold/000.png,1,abnormal_normal,32x32,11,1005,0.014160586893558503,0.001836834102869034,0.006378155201673508,0.011365793645381927,0.019218087196350098,0.0352956622838974,0.0,0.0865696370601654
TRI_G,38,leather/test/fold/000.png,1,defect,32x32,11,19,0.04088731031668814,0.019321605563163757,0.036155954003334045,0.04106563329696655,0.0519879013299942,0.05649180114269256,0.015677958726882935,0.06003829836845398
TRI_G,38,leather/test/fold/000.png,1,clean_defect,32x32,11,8,0.03413733094930649,0.0170949324965477,0.02475881576538086,0.03700849413871765,0.04184245318174362,0.049262098968029015,0.015677958726882935,0.0520024299621582
TRI_G,38,leather/test/fold/000.png,1,boundary,32x32,11,11,0.045796386220238426,0.02909904718399048,0.03780624270439148,0.047571152448654175,0.05359089374542236,0.05806802213191986,0.022083818912506104,0.06003829836845398
TRI_G,39,leather/test/fold/001.png,1,abnormal_normal,32x32,9,1005,0.013274502231558757,0.0018459837883710861,0.006190083920955658,0.010586299002170563,0.017648905515670776,0.033340732753276814,0.0,0.08516691625118256
TRI_G,39,leather/test/fold/001.png,1,defect,32x32,9,19,0.04024808971505416,0.020928788185119628,0.02912096679210663,0.03724825382232666,0.05175851285457611,0.06091847717761993,0.00838613510131836,0.06265410780906677
TRI_G,39,leather/test/fold/001.png,1,clean_defect,32x32,9,10,0.04800239503383637,0.030362848937511445,0.038051001727581024,0.05175851285457611,0.057501234114170074,0.06178629249334335,0.025614440441131592,0.06265410780906677
TRI_G,39,leather/test/fold/001.png,1,boundary,32x32,9,9,0.031632194916407265,0.013960647583007812,0.025293201208114624,0.029552578926086426,0.03724825382232666,0.04979944825172424,0.00838613510131836,0.04991081357002258
TRI_G,40,leather/test/fold/002.png,1,abnormal_normal,32x32,12,1003,0.012745209054971264,0.0017317309975624084,0.006084175780415535,0.010406352579593658,0.016630016267299652,0.031294440478086466,0.0,0.07422783225774765
TRI_G,40,leather/test/fold/002.png,1,defect,32x32,12,21,0.034147546404883974,0.017452597618103027,0.023146063089370728,0.034309059381484985,0.043140292167663574,0.05371919274330139,0.01486101746559143,0.055040836334228516
TRI_G,40,leather/test/fold/002.png,1,clean_defect,32x32,12,9,0.03724386956956652,0.01589764952659607,0.021734297275543213,0.03551068902015686,0.05216401815414429,0.054512178897857665,0.01486101746559143,0.055040836334228516
TRI_G,40,leather/test/fold/002.png,1,boundary,32x32,12,12,0.03182530403137207,0.01894824355840683,0.023904770612716675,0.031463414430618286,0.03837331384420395,0.047820465266704554,0.01834404468536377,0.0535406768321991
TRI_G,41,leather/test/fold/003.png,1,abnormal_normal,32x32,8,1003,0.01282425696477814,0.002066431939601898,0.005929222330451012,0.01055038720369339,0.01700884848833084,0.029934428632259365,0.0,0.07899386435747147
TRI_G,41,leather/test/fold/003.png,1,defect,32x32,8,21,0.010066316241309756,2.9802322387695312e-08,0.004347681999206543,0.005399763584136963,0.01711401343345642,0.028208166360855103,0.0,0.04524904489517212
TRI_G,41,leather/test/fold/003.png,1,clean_defect,32x32,8,13,0.010386581604297344,1.788139343261719e-08,6.347894668579102e-05,0.0053396522998809814,0.018578320741653442,0.03502451777458188,0.0,0.04524904489517212
TRI_G,41,leather/test/fold/003.png,1,boundary,32x32,8,8,0.009545885026454926,0.00446573793888092,0.005147688090801239,0.007573246955871582,0.012940272688865662,0.017834827303886414,0.004347681999206543,0.018222957849502563
TRI_G,42,leather/test/fold/004.png,1,abnormal_normal,32x32,24,959,0.013280314277775967,0.0022002086043357853,0.0062524061650037766,0.011573612689971924,0.018391795456409454,0.030344734340906142,0.0,0.0692494735121727
TRI_G,42,leather/test/fold/004.png,1,defect,32x32,24,65,0.027982538136152122,0.010549134016036988,0.01743495464324951,0.02840748429298401,0.0377689003944397,0.045734006166458126,1.4901161193847656e-08,0.055663883686065674
TRI_G,42,leather/test/fold/004.png,1,clean_defect,32x32,24,41,0.03001700050947143,0.01147739589214325,0.02225586771965027,0.030073434114456177,0.039360642433166504,0.0465947687625885,1.4901161193847656e-08,0.055663883686065674
TRI_G,42,leather/test/fold/004.png,1,boundary,32x32,24,24,0.024506998248398304,0.010534933581948281,0.016006097197532654,0.024410486221313477,0.03173232823610306,0.04072018265724182,0.00979556143283844,0.04370373487472534
TRI_G,43,leather/test/fold/005.png,1,abnormal_normal,32x32,24,956,0.012928128846488487,0.0015768446028232574,0.006297738291323185,0.011002320796251297,0.017786584794521332,0.028831569477915764,0.0,0.0976223573088646
TRI_G,43,leather/test/fold/005.png,1,defect,32x32,24,68,0.02381812540047309,0.010193049907684326,0.017021380364894867,0.023035526275634766,0.030333928763866425,0.03934863805770874,0.008085131645202637,0.052755206823349
TRI_G,43,leather/test/fold/005.png,1,clean_defect,32x32,24,44,0.027430644766850906,0.015240181982517243,0.019799254834651947,0.02684439718723297,0.03284234553575516,0.04058726727962494,0.01113206148147583,0.052755206823349
TRI_G,43,leather/test/fold/005.png,1,boundary,32x32,24,24,0.01719517322878043,0.008530236780643463,0.012660346925258636,0.016406670212745667,0.02080705761909485,0.0291504219174385,0.008085131645202637,0.032216161489486694
TRI_G,44,leather/test/fold/006.png,1,abnormal_normal,32x32,14,989,0.013079951412757317,0.0017324425280094147,0.006271108984947205,0.010821368545293808,0.017180457711219788,0.031163889169692982,0.0,0.17638522386550903
TRI_G,44,leather/test/fold/006.png,1,defect,32x32,14,35,0.024166622757911684,0.0028046458959579473,0.0159483402967453,0.026763588190078735,0.032647475600242615,0.03640620112419128,2.9802322387695312e-08,0.04167360067367554
TRI_G,44,leather/test/fold/006.png,1,clean_defect,32x32,14,21,0.024711325055076963,2.9802322387695312e-08,0.01888522505760193,0.026763588190078735,0.033717334270477295,0.03649419546127319,2.9802322387695312e-08,0.04167360067367554
TRI_G,44,leather/test/fold/006.png,1,boundary,32x32,14,14,0.02334956931216376,0.008900138735771179,0.015032663941383362,0.026101678609848022,0.030881498008966446,0.03481923341751098,0.004006624221801758,0.036368489265441895
TRI_G,45,leather/test/fold/007.png,1,abnormal_normal,32x32,18,964,0.013867464919354287,0.0020102858543396,0.0064606694504618645,0.011839885264635086,0.018248705193400383,0.032768537849187825,0.0,0.09699994325637817
TRI_G,45,leather/test/fold/007.png,1,defect,32x32,18,60,0.016754116614659628,0.0,0.009194180369377136,0.016971752047538757,0.024653702974319458,0.030625927448272704,0.0,0.03506329655647278
TRI_G,45,leather/test/fold/007.png,1,clean_defect,32x32,18,42,0.014964206587700616,0.0,0.0072207972407341,0.014699339866638184,0.022852741181850433,0.029897435009479518,0.0,0.031214594841003418
TRI_G,45,leather/test/fold/007.png,1,boundary,32x32,18,18,0.020930573344230652,0.004315301775932312,0.011036306619644165,0.023723632097244263,0.029121413826942444,0.03351579159498214,0.0,0.03506329655647278
TRI_G,46,leather/test/fold/008.png,1,abnormal_normal,32x32,12,997,0.013537112158258915,0.0017482437193393709,0.006304960697889328,0.01128511130809784,0.018500249832868576,0.031409099698066704,0.0,0.06830897182226181
TRI_G,46,leather/test/fold/008.png,1,defect,32x32,12,27,0.02436712273844966,0.007800698280334473,0.018730267882347107,0.027099043130874634,0.031625598669052124,0.036414921283721924,0.0,0.0390910804271698
TRI_G,46,leather/test/fold/008.png,1,clean_defect,32x32,12,15,0.026436026891072592,0.008548140525817871,0.023545116186141968,0.028528839349746704,0.03245055675506592,0.037206524610519404,0.007240116596221924,0.0390910804271698
TRI_G,46,leather/test/fold/008.png,1,boundary,32x32,12,12,0.021780992547671,0.007383893430233002,0.018263638019561768,0.022093504667282104,0.02841322124004364,0.032604129612445826,0.0,0.03642180562019348
TRI_G,47,leather/test/fold/009.png,1,abnormal_normal,32x32,20,934,0.013384851509390092,0.001519506797194481,0.006135263480246067,0.010786125436425209,0.01791545655578375,0.034020882472395896,0.0,0.07269524037837982
TRI_G,47,leather/test/fold/009.png,1,defect,32x32,20,90,0.017980418685409758,0.0,0.009294172748923302,0.01736287772655487,0.02582230418920517,0.04093691855669021,0.0,0.047332435846328735
TRI_G,47,leather/test/fold/009.png,1,clean_defect,32x32,20,70,0.01829652658530644,0.0,0.008826887235045433,0.018056079745292664,0.02582230418920517,0.04093691855669021,0.0,0.047332435846328735
TRI_G,47,leather/test/fold/009.png,1,boundary,32x32,20,20,0.01687404103577137,0.0007847875356674195,0.010424252599477768,0.016995713114738464,0.024271570146083832,0.030148250609636315,2.9802322387695312e-08,0.043285071849823
TRI_G,48,leather/test/fold/010.png,1,abnormal_normal,32x32,23,968,0.01316212081496627,0.001534280925989151,0.005969615653157234,0.011166879907250404,0.017936309799551964,0.03345751278102397,0.0,0.0597701296210289
TRI_G,48,leather/test/fold/010.png,1,defect,32x32,23,56,0.02598005879138197,2.60770320892334e-08,0.01248503103852272,0.02430550754070282,0.03728439658880234,0.054583221673965454,0.0,0.059464216232299805
TRI_G,48,leather/test/fold/010.png,1,clean_defect,32x32,23,33,0.02864546622290756,2.384185791015625e-08,0.014848947525024414,0.030400127172470093,0.03987202048301697,0.056349897384643556,0.0,0.059464216232299805
TRI_G,48,leather/test/fold/010.png,1,boundary,32x32,23,23,0.022155778563540916,0.002366854250431061,0.010308220982551575,0.019148796796798706,0.032057732343673706,0.04810295701026916,0.0,0.05358773469924927
TRI_G,49,leather/test/fold/011.png,1,abnormal_normal,32x32,12,1000,0.012794474706053733,0.0012595184147357942,0.005621838383376598,0.01006336323916912,0.01769420877099037,0.03149824887514114,0.0,0.06647800654172897
TRI_G,49,leather/test/fold/011.png,1,defect,32x32,12,24,0.02546410635113716,0.0,0.014244474470615387,0.030189305543899536,0.03782974183559418,0.04536943584680556,0.0,0.04970046877861023
TRI_G,49,leather/test/fold/011.png,1,clean_defect,32x32,12,12,0.0249395618836085,0.0,0.014364346861839294,0.03018397092819214,0.03838106244802475,0.04393476396799087,0.0,0.045907437801361084
TRI_G,49,leather/test/fold/011.png,1,boundary,32x32,12,12,0.02598865081866582,0.0001577630639076233,0.014244474470615387,0.03085651993751526,0.03589663654565811,0.044209685921669,2.9802322387695312e-08,0.04970046877861023
TRI_G,50,leather/test/fold/012.png,1,abnormal_normal,32x32,9,997,0.01344740796000991,0.0014480546116828919,0.0064735449850559235,0.01146349310874939,0.018373191356658936,0.03251127004623413,0.0,0.06885368376970291
TRI_G,50,leather/test/fold/012.png,1,defect,32x32,9,27,0.02954990968660072,8.940696716308595e-09,0.01694522798061371,0.03142741322517395,0.044479623436927795,0.053405043482780454,0.0,0.05499890446662903
TRI_G,50,leather/test/fold/012.png,1,clean_defect,32x32,9,18,0.028661053627729416,2.5331974029541018e-08,0.016596965491771698,0.029607653617858887,0.044508375227451324,0.05285951793193817,0.0,0.05499890446662903
TRI_G,50,leather/test/fold/012.png,1,boundary,32x32,9,9,0.03132762180434333,0.006046807765960694,0.030271410942077637,0.03156834840774536,0.03861883282661438,0.05126798152923584,0.0,0.05380064249038696
TRI_G,51,leather/test/fold/013.png,1,abnormal_normal,32x32,7,1008,0.012531900687867569,0.0019058730453252793,0.005788019392639399,0.010550074279308319,0.016968069598078728,0.02969539612531662,0.0,0.08490002900362015
TRI_G,51,leather/test/fold/013.png,1,defect,32x32,7,16,0.025248778983950615,0.009642571210861206,0.018719203770160675,0.024098768830299377,0.03435755521059036,0.040835000574588776,0.008142679929733276,0.04742521047592163
TRI_G,51,leather/test/fold/013.png,1,clean_defect,32x32,7,9,0.03105353315671285,0.0181132048368454,0.02458813786506653,0.03383097052574158,0.03685864806175232,0.04391043186187744,0.017420634627342224,0.04742521047592163
TRI_G,51,leather/test/fold/013.png,1,boundary,32x32,7,7,0.017785523618970598,0.008742636442184449,0.010742142796516418,0.0205078125,0.02322123944759369,0.026627805829048154,0.008142679929733276,0.027921408414840698
TRI_G,52,leather/test/fold/014.png,1,abnormal_normal,32x32,12,996,0.012743708847771328,0.0014425646513700485,0.006054280325770378,0.010690402239561081,0.016955509781837463,0.02964523434638977,0.0,0.06806259602308273
TRI_G,52,leather/test/fold/014.png,1,defect,32x32,12,28,0.018850114196538925,4.0233135223388675e-08,0.009906381368637085,0.020544469356536865,0.028100259602069855,0.03633933514356613,2.9802322387695312e-08,0.03789162635803223
TRI_G,52,leather/test/fold/014.png,1,clean_defect,32x32,12,16,0.01322905533015728,2.9802322387695312e-08,0.006603427231311798,0.011068090796470642,0.021642513573169708,0.028100259602069855,2.9802322387695312e-08,0.02870771288871765
TRI_G,52,leather/test/fold/014.png,1,boundary,32x32,12,12,0.02634485935171445,0.00879584476351738,0.023336492478847504,0.028860017657279968,0.03221995383501053,0.03737975955009461,0.006315901875495911,0.03789162635803223
TRI_G,53,leather/test/fold/015.png,1,abnormal_normal,32x32,26,966,0.01361031661207323,0.0019445773214101791,0.0066235242411494255,0.011677619069814682,0.018185706809163094,0.031092701479792595,0.0,0.09454464912414551
TRI_G,53,leather/test/fold/015.png,1,defect,32x32,26,58,0.026236866054863764,0.0046177908778190615,0.01748325675725937,0.027379289269447327,0.03446280211210251,0.05018985569477081,0.0,0.05324551463127136
TRI_G,53,leather/test/fold/015.png,1,clean_defect,32x32,26,32,0.030756530351936817,0.007051819562911988,0.02540946751832962,0.031104400753974915,0.03628287464380264,0.05201623141765595,0.0,0.05324551463127136
TRI_G,53,leather/test/fold/015.png,1,boundary,32x32,26,26,0.02067420230462001,0.005499795079231262,0.013838984072208405,0.01941925287246704,0.027935393154621124,0.03545860946178436,0.004124552011489868,0.04116755723953247
TRI_G,54,leather/test/fold/016.png,1,abnormal_normal,32x32,28,965,0.01332224436451734,0.0017607331275939942,0.0061258673667907715,0.01108153909444809,0.017877638339996338,0.03162850588560104,0.0,0.11190525442361832
TRI_G,54,leather/test/fold/016.png,1,defect,32x32,28,59,0.02170381985478482,0.009988683462142945,0.014457032084465027,0.02085253596305847,0.027098074555397034,0.03734672367572783,0.0048111677169799805,0.05921337008476257
TRI_G,54,leather/test/fold/016.png,1,clean_defect,32x32,28,31,0.024940819509567752,0.013756543397903442,0.01772966980934143,0.02365046739578247,0.02944377064704895,0.04109695553779602,0.012937486171722412,0.05921337008476257
TRI_G,54,leather/test/fold/016.png,1,boundary,32x32,28,28,0.018119998808418,0.00862995833158493,0.011764861643314362,0.01666879653930664,0.021816596388816833,0.03210070133209229,0.0048111677169799805,0.039048612117767334
TRI_G,55,leather/test/glue/000.png,1,abnormal_normal,32x32,6,1000,0.012412331908941268,0.0021055564284324646,0.006051458418369293,0.010417601093649864,0.01704431138932705,0.028987126797437666,0.0,0.07662903517484665
TRI_G,55,leather/test/glue/000.png,1,defect,32x32,6,24,0.01635716234644254,0.006468524038791656,0.01105046272277832,0.01691295951604843,0.020254477858543396,0.02660228312015533,0.005453348159790039,0.027918130159378052
TRI_G,55,leather/test/glue/000.png,1,clean_defect,32x32,6,18,0.01638909677664439,0.006456013023853302,0.01181425154209137,0.016243882477283478,0.01951274275779724,0.027080731093883512,0.005453348159790039,0.027918130159378052
TRI_G,55,leather/test/glue/000.png,1,boundary,32x32,6,6,0.016261359055836994,0.00681169331073761,0.010590791702270508,0.018593400716781616,0.02095375955104828,0.023642420768737793,0.006439507007598877,0.02427804470062256
TRI_G,56,leather/test/glue/001.png,1,abnormal_normal,32x32,8,1009,0.012884269534020405,0.0015433989465236664,0.005737185478210449,0.010580543428659439,0.01702030748128891,0.030502882599830618,0.0,0.13208362460136414
TRI_G,56,leather/test/glue/001.png,1,defect,32x32,8,15,0.006872789065043131,0.0,2.9802322387695312e-08,0.005476117134094238,0.012816697359085083,0.017950996756553646,0.0,0.020274043083190918
TRI_G,56,leather/test/glue/001.png,1,clean_defect,32x32,8,7,0.009167743580681937,0.0016428351402282717,0.007023990154266357,0.008853614330291748,0.012816697359085083,0.015309232473373412,0.0,0.01563921570777893
TRI_G,56,leather/test/glue/001.png,1,boundary,32x32,8,8,0.004864703863859177,0.0,2.2351741790771484e-08,0.00014744699001312256,0.0052837952971458435,0.019112519919872284,0.0,0.020274043083190918
TRI_G,57,leather/test/glue/002.png,1,abnormal_normal,32x32,3,1015,0.012403701970656517,0.001160343736410141,0.005934165790677071,0.009806454181671143,0.016207098960876465,0.031437557935714705,0.0,0.11755530536174774
TRI_G,57,leather/test/glue/002.png,1,defect,32x32,3,9,0.008696032894982232,0.0005823373794555664,0.002450883388519287,0.007688343524932861,0.012774944305419922,0.018653488159179686,0.0,0.018725156784057617
TRI_G,57,leather/test/glue/002.png,1,clean_defect,32x32,3,6,0.007385551929473877,0.000363960862159729,0.00211121141910553,0.005882829427719116,0.011331453919410706,0.017045944929122925,0.0,0.018545985221862793
TRI_G,57,leather/test/glue/002.png,1,boundary,32x32,3,3,0.011316994825998941,0.0034832894802093507,0.0076129138469696045,0.012774944305419922,0.01575005054473877,0.01813013553619385,0.002450883388519287,0.018725156784057617
TRI_G,58,leather/test/glue/003.png,1,abnormal_normal,32x32,13,989,0.013011738023258316,0.0016958337277173997,0.005920961499214172,0.010606706142425537,0.017753764986991882,0.03258697986602783,0.0,0.060567453503608704
TRI_G,58,leather/test/glue/003.png,1,defect,32x32,13,35,0.027359052215303693,0.017209172248840332,0.02190569043159485,0.028442203998565674,0.032645612955093384,0.036960127949714656,0.01583164930343628,0.041588544845581055
TRI_G,58,leather/test/glue/003.png,1,clean_defect,32x32,13,22,0.025512966242703525,0.01637929677963257,0.020686447620391846,0.025555670261383057,0.02994208037853241,0.03353905975818634,0.01583164930343628,0.03519326448440552
TRI_G,58,leather/test/glue/003.png,1,boundary,32x32,13,13,0.030483197707396287,0.01843017339706421,0.02849528193473816,0.03248658776283264,0.034149616956710815,0.03948624730110168,0.018166154623031616,0.041588544845581055
TRI_G,59,leather/test/glue/004.png,1,abnormal_normal,32x32,8,1016,0.013337024219891452,0.0016764122992753983,0.006025570444762707,0.010853978805243969,0.018154550343751907,0.03224626649171114,0.0,0.0923113152384758
TRI_G,59,leather/test/glue/004.png,1,defect,32x32,8,8,0.0029483772814273834,-1.937150955200195e-08,2.2351741790771484e-08,2.9802322387695312e-08,3.725290298461914e-08,0.015331485867500293,-2.9802322387695312e-08,0.02358686923980713
TRI_G,59,leather/test/glue/004.png,1,clean_defect,32x32,8,0,,,,,,,,
TRI_G,59,leather/test/glue/004.png,1,boundary,32x32,8,8,0.0029483772814273834,-1.937150955200195e-08,2.2351741790771484e-08,2.9802322387695312e-08,3.725290298461914e-08,0.015331485867500293,-2.9802322387695312e-08,0.02358686923980713
TRI_G,60,leather/test/glue/005.png,1,abnormal_normal,32x32,7,1001,0.012259862635965709,0.0018639583140611649,0.006359916180372238,0.010315917432308197,0.01628880202770233,0.029667526483535767,0.0,0.06174153834581375
TRI_G,60,leather/test/glue/005.png,1,defect,32x32,7,23,0.014064111139463343,0.0011265873908996584,0.008155405521392822,0.015033096075057983,0.019099578261375427,0.027444267272949213,0.0,0.028926968574523926
TRI_G,60,leather/test/glue/005.png,1,clean_defect,32x32,7,16,0.0157976895570755,0.004004336893558502,0.010678187012672424,0.016339614987373352,0.02002721279859543,0.028133347630500793,0.0,0.028926968574523926
TRI_G,60,leather/test/glue/005.png,1,boundary,32x32,7,7,0.010101646184921265,0.0014764666557312012,0.003007441759109497,0.009990930557250977,0.015860751271247864,0.020429313182830807,0.0009516477584838867,0.022032558917999268
TRI_G,61,leather/test/glue/006.png,1,abnormal_normal,32x32,6,1010,0.012866020776183889,0.0015436548739671708,0.005985420197248459,0.011065546423196793,0.017940372228622437,0.030677159130573266,0.0,0.06232830882072449
TRI_G,61,leather/test/glue/006.png,1,defect,32x32,6,14,0.014632738062313624,0.0,0.0018798187375068665,0.01318255066871643,0.0262991264462471,0.03157088905572891,0.0,0.035083234310150146
TRI_G,61,leather/test/glue/006.png,1,clean_defect,32x32,6,8,0.019199952483177185,0.007761681079864502,0.008984237909317017,0.018238484859466553,0.02796010673046112,0.033191971480846405,0.007519185543060303,0.035083234310150146
TRI_G,61,leather/test/glue/006.png,1,boundary,32x32,6,6,0.008543118834495544,0.0,7.450580596923828e-09,2.9802322387695312e-08,0.0182173028588295,0.0262991264462471,0.0,0.026968926191329956
TRI_G,62,leather/test/glue/007.png,1,abnormal_normal,32x32,10,1010,0.012383316138224437,0.0015094436705112458,0.005609290674328804,0.010452184826135635,0.016801834106445312,0.02972547188401222,0.0,0.06174954026937485
TRI_G,62,leather/test/glue/007.png,1,defect,32x32,10,14,0.012629176889147078,3.874301910400391e-08,0.0021259039640426636,0.01040126383304596,0.01881590485572815,0.03194267451763153,0.0,0.033897995948791504
TRI_G,62,leather/test/glue/007.png,1,clean_defect,32x32,10,4,0.02085181325674057,0.008669719099998474,0.012808367609977722,0.022441193461418152,0.030484639108181,0.03080877512693405,0.007635056972503662,0.030889809131622314
TRI_G,62,leather/test/glue/007.png,1,boundary,32x32,10,10,0.00934012234210968,2.6822090148925782e-08,0.0005011707544326782,0.004445403814315796,0.01493837684392929,0.027604138851165756,0.0,0.033897995948791504
TRI_G,63,leather/test/glue/008.png,1,abnormal_normal,32x32,8,1008,0.013147316237408963,0.0019536575302481654,0.006297124549746513,0.010978922247886658,0.01738346926867962,0.03125021532177925,0.0,0.1035357192158699
TRI_G,63,leather/test/glue/008.png,1,defect,32x32,8,16,0.0174983162432909,2.9802322387695312e-08,0.012945324182510376,0.0167713463306427,0.023972652852535248,0.030153833329677582,2.9802322387695312e-08,0.033447831869125366
TRI_G,63,leather/test/glue/008.png,1,clean_defect,32x32,8,8,0.01681957021355629,0.004550816118717194,0.014527469873428345,0.0167713463306427,0.022627949714660645,0.025714892148971557,2.9802322387695312e-08,0.02593773603439331
TRI_G,63,leather/test/glue/008.png,1,boundary,32x32,8,8,0.018177062273025513,0.002599211037158966,0.011437416076660156,0.019591107964515686,0.02491135150194168,0.0319106325507164,2.9802322387695312e-08,0.033447831869125366
TRI_G,64,leather/test/glue/009.png,1,abnormal_normal,32x32,5,1016,0.012702781034222855,0.0016584433615207672,0.005580498371273279,0.010369706898927689,0.016623016446828842,0.031974149867892265,0.0,0.10744145512580872
TRI_G,64,leather/test/glue/009.png,1,defect,32x32,5,8,0.0010202117264270782,0.0,0.0,1.4901161193847656e-08,0.0003461688756942749,0.004938696324825284,0.0,0.007169127464294434
TRI_G,64,leather/test/glue/009.png,1,clean_defect,32x32,5,3,0.0002654890219370524,0.0,0.0,0.0,0.0003982335329055786,0.0007168203592300414,0.0,0.0007964670658111572
TRI_G,64,leather/test/glue/009.png,1,boundary,32x32,5,5,0.0014730453491210937,0.0,0.0,2.9802322387695312e-08,0.00019606947898864746,0.005774515867233275,0.0,0.007169127464294434
TRI_G,65,leather/test/glue/010.png,1,abnormal_normal,32x32,6,1015,0.01247175400480261,0.0014887556433677673,0.005805622786283493,0.01039048284292221,0.01654009148478508,0.030506064742803568,0.0,0.08783410489559174
TRI_G,65,leather/test/glue/010.png,1,defect,32x32,6,9,0.004150138960944282,0.0,2.9802322387695312e-08,2.9802322387695312e-08,0.003047466278076172,0.01866129636764526,0.0,0.025318384170532227
TRI_G,65,leather/test/glue/010.png,1,clean_defect,32x32,6,3,1.9868214925130207e-08,2.9802322387695314e-09,1.4901161193847656e-08,2.9802322387695312e-08,2.9802322387695312e-08,2.9802322387695312e-08,0.0,2.9802322387695312e-08
TRI_G,65,leather/test/glue/010.png,1,boundary,32x32,6,6,0.00622519850730896,7.450580596923828e-09,7.743388414382935e-05,0.001678556203842163,0.0072686150670051575,0.021157704293727875,0.0,0.025318384170532227
TRI_G,66,leather/test/glue/011.png,1,abnormal_normal,32x32,5,1017,0.012702534171215083,0.0018408998847007753,0.005668323487043381,0.010236606001853943,0.01717516779899597,0.03161128759384155,3.725290298461914e-09,0.07292409986257553
TRI_G,66,leather/test/glue/011.png,1,defect,32x32,5,7,0.010357022285461426,2.9802322387695312e-08,2.9802322387695312e-08,0.003530144691467285,0.019632115960121155,0.02775694131851196,2.9802322387695312e-08,0.029704689979553223
TRI_G,66,leather/test/glue/011.png,1,clean_defect,32x32,5,2,0.0017650872468948364,0.00017653554677963257,0.0008825585246086121,0.0017650872468948364,0.002647615969181061,0.00335363894701004,2.9802322387695312e-08,0.003530144691467285
TRI_G,66,leather/test/glue/011.png,1,boundary,32x32,5,5,0.013793796300888062,2.9802322387695312e-08,2.9802322387695312e-08,0.016052037477493286,0.023212194442749023,0.028406190872192382,2.9802322387695312e-08,0.029704689979553223
TRI_G,67,leather/test/glue/012.png,1,abnormal_normal,32x32,8,1011,0.012488751816835059,0.0015321802347898483,0.005988491699099541,0.010409992188215256,0.016179950907826424,0.03025558590888977,0.0,0.06052013486623764
TRI_G,67,leather/test/glue/012.png,1,defect,32x32,8,13,0.02237899028337919,0.00226438045501709,0.009534209966659546,0.02583494782447815,0.032203108072280884,0.04389541149139404,0.0013122856616973877,0.046832501888275146
TRI_G,67,leather/test/glue/012.png,1,clean_defect,32x32,8,5,0.03192333579063415,0.021763604879379273,0.031224578619003296,0.032203108072280884,0.03485327959060669,0.040520536899566646,0.019398361444473267,0.04193735122680664
TRI_G,67,leather/test/glue/012.png,1,boundary,32x32,8,8,0.016413774341344833,0.0018676742911338806,0.004782155156135559,0.009747236967086792,0.026757970452308655,0.0407755896449089,0.0013122856616973877,0.046832501888275146
TRI_G,68,leather/test/glue/013.png,1,abnormal_normal,32x32,7,1001,0.012399042579722214,0.0016521364450454712,0.006128588691353798,0.010439574718475342,0.016256630420684814,0.031189285218715668,-5.960464477539063e-08,0.10065417736768723
TRI_G,68,leather/test/glue/013.png,1,defect,32x32,7,23,0.013980835676193237,0.001050040125846863,0.008663162589073181,0.014561265707015991,0.01830834150314331,0.026650810241699217,5.960464477539063e-08,0.03144264221191406
TRI_G,68,leather/test/glue/013.png,1,clean_defect,32x32,7,16,0.016016710549592972,0.004788011312484741,0.010634645819664001,0.017015881836414337,0.01997818797826767,0.027908921241760254,0.003708779811859131,0.03144264221191406
TRI_G,68,leather/test/glue/013.png,1,boundary,32x32,7,7,0.009327407394136702,0.0002264291048049927,0.0024672597646713257,0.009286463260650635,0.01633569598197937,0.01834477186203003,5.960464477539063e-08,0.018399417400360107
TRI_G,69,leather/test/glue/014.png,1,abnormal_normal,32x32,5,1015,0.012909706498454944,0.0014499962329864503,0.005984596908092499,0.010424166917800903,0.017092466354370117,0.033603895455598824,0.0,0.09781858325004578
TRI_G,69,leather/test/glue/014.png,1,defect,32x32,5,9,0.013269070121977065,2.384185791015625e-08,0.0010565519332885742,0.013874828815460205,0.021998196840286255,0.028572469949722287,0.0,0.032581716775894165
TRI_G,69,leather/test/glue/014.png,1,clean_defect,32x32,5,4,0.009129747748374939,0.00015853345394134524,0.0007924288511276245,0.0069801658391952515,0.015317484736442566,0.02111037671566009,5.960464477539063e-08,0.022558599710464478
TRI_G,69,leather/test/glue/014.png,1,boundary,32x32,5,5,0.016580528020858763,0.0027749657630920413,0.013874828815460205,0.014447897672653198,0.021998196840286255,0.03046501278877258,0.0,0.032581716775894165
TRI_G,70,leather/test/glue/015.png,1,abnormal_normal,32x32,9,1010,0.01225616860729043,0.0016888488084077836,0.005895349197089672,0.010164320468902588,0.016288911923766136,0.029463178291916838,0.0,0.06580638885498047
TRI_G,70,leather/test/glue/015.png,1,defect,32x32,9,14,0.01060910097190312,3.874301910400391e-08,0.0016161948442459106,0.010143458843231201,0.015919163823127747,0.024105922877788538,0.0,0.030789732933044434
TRI_G,70,leather/test/glue/015.png,1,clean_defect,32x32,9,5,0.016266834735870362,0.008928048610687255,0.009748399257659912,0.012955993413925171,0.019117087125778198,0.028455203771591185,0.008722960948944092,0.030789732933044434
TRI_G,70,leather/test/glue/015.png,1,boundary,32x32,9,9,0.007465915547476875,2.384185791015625e-08,0.000301361083984375,0.004113554954528809,0.014585256576538086,0.01884968876838684,0.0,0.020506948232650757
TRI_G,71,leather/test/glue/016.png,1,abnormal_normal,32x32,13,1003,0.013125997640244507,0.0017707571387290955,0.006271245889365673,0.010770067572593689,0.016878504306077957,0.032713016122579576,0.0,0.07675080001354218
TRI_G,71,leather/test/glue/016.png,1,defect,32x32,13,21,0.024533010664440337,0.008535593748092651,0.01798170804977417,0.024008363485336304,0.0314619243144989,0.03467822074890137,0.0060634613037109375,0.05089598894119263
TRI_G,71,leather/test/glue/016.png,1,clean_defect,32x32,13,8,0.022304095327854156,0.00837777704000473,0.015391863882541656,0.0217219740152359,0.024268269538879395,0.04184918850660323,0.0060634613037109375,0.05089598894119263
TRI_G,71,leather/test/glue/016.png,1,boundary,32x32,13,13,0.025904650871570293,0.012640661001205445,0.02333042025566101,0.02815815806388855,0.032358527183532715,0.034142512083053585,0.008535593748092651,0.03467822074890137
TRI_G,72,leather/test/glue/017.png,1,abnormal_normal,32x32,15,992,0.01287180929812753,0.0016965068876743318,0.006228072568774223,0.010699979960918427,0.017316225916147232,0.031276125460863086,0.0,0.061528488993644714
TRI_G,72,leather/test/glue/017.png,1,defect,32x32,15,32,0.017764804884791374,0.0007808938622474671,0.011768735945224762,0.017025500535964966,0.023329243063926697,0.03278994113206863,0.0,0.04614493250846863
TRI_G,72,leather/test/glue/017.png,1,clean_defect,32x32,15,17,0.018310191000209135,0.005519866943359375,0.011812388896942139,0.015603184700012207,0.022819846868515015,0.03710574507713317,0.0014197826385498047,0.04614493250846863
TRI_G,72,leather/test/glue/017.png,1,boundary,32x32,15,15,0.017146700620651247,2.086162567138672e-08,0.012266501784324646,0.018447816371917725,0.025122657418251038,0.030768877267837523,0.0,0.03110775351524353
TRI_G,73,leather/test/glue/018.png,1,abnormal_normal,32x32,4,1015,0.012831907093598337,0.0018768709152936936,0.006088638678193092,0.010820955038070679,0.016599884256720543,0.03142074048519134,0.0,0.06361430883407593
TRI_G,73,leather/test/glue/018.png,1,defect,32x32,4,9,0.0190524160861969,0.007735753059387207,0.013608187437057495,0.015279769897460938,0.026227563619613647,0.03210052251815795,0.005397379398345947,0.03449428081512451
TRI_G,73,leather/test/glue/018.png,1,clean_defect,32x32,4,5,0.01801455020904541,0.011716288328170777,0.013608187437057495,0.015164732933044434,0.021546632051467896,0.02711723446846008,0.011243313550949097,0.02850988507270813
TRI_G,73,leather/test/glue/018.png,1,boundary,32x32,4,4,0.02034974843263626,0.006879737973213196,0.01280917227268219,0.020753666758537292,0.028294242918491364,0.03325427323579788,0.005397379398345947,0.03449428081512451
TRI_G,74,leather/test/good/000.png,0,normal_image,32x32,0,1024,0.012787637364453985,0.001765377447009087,0.005845934618264437,0.010201089084148407,0.01692422339692712,0.03273832723498343,0.0,0.061934489756822586
TRI_G,75,leather/test/good/001.png,0,normal_image,32x32,0,1024,0.012719993481368874,0.0018513651564717295,0.00602800864726305,0.010486450046300888,0.017205038107931614,0.030327344872057436,0.0,0.12328114360570908
TRI_G,76,leather/test/good/002.png,0,normal_image,32x32,0,1024,0.013053224191025947,0.001663865521550179,0.005759608931839466,0.010396730154752731,0.01778073003515601,0.031049704365432227,0.0,0.12337322533130646
TRI_G,77,leather/test/good/003.png,0,normal_image,32x32,0,1024,0.012544497079034045,0.0013864061795175076,0.0053773182444274426,0.010039559565484524,0.016584389843046665,0.032159373164176934,0.0,0.10377508401870728
TRI_G,78,leather/test/good/004.png,0,normal_image,32x32,0,1024,0.012976796635484789,0.0019865320064127445,0.005951350554823875,0.010290585458278656,0.016612615436315536,0.03350982666015623,0.0,0.0706087201833725
TRI_G,79,leather/test/good/005.png,0,normal_image,32x32,0,1024,0.012509804026194615,0.0014898147433996202,0.006057745311409235,0.01005626656115055,0.01670224592089653,0.029927158169448353,0.0,0.09314081072807312
TRI_G,80,leather/test/good/006.png,0,normal_image,32x32,0,1024,0.012098167827389261,0.0017313064076006413,0.005336782895028591,0.009835107252001762,0.01625368371605873,0.029468584619462453,0.0,0.06571205705404282
TRI_G,81,leather/test/good/007.png,0,normal_image,32x32,0,1024,0.01285742384243349,0.0015987563878297807,0.005718406289815903,0.010271940380334854,0.01708924025297165,0.03240052405744778,0.0,0.07688423991203308
TRI_G,82,leather/test/good/008.png,0,normal_image,32x32,0,1024,0.01267850688600447,0.0014010105282068258,0.0059365746565163136,0.010188687592744827,0.016618321649730206,0.032419198751449566,0.0,0.07420238852500916
TRI_G,83,leather/test/good/009.png,0,normal_image,32x32,0,1024,0.012473441847760114,0.0013301017694175243,0.0058669038116931915,0.010159594938158989,0.017091771587729454,0.030312860757112474,0.0,0.07589491456747055
TRI_G,84,leather/test/good/010.png,0,normal_image,32x32,0,1024,0.013125131126798806,0.0016053795814514166,0.006206894293427467,0.010522861033678055,0.016980635933578014,0.03370713144540785,0.0,0.07169684022665024
TRI_G,85,leather/test/good/011.png,0,normal_image,32x32,0,1024,0.01240453235732275,0.001425840426236391,0.005461878143250942,0.010001507587730885,0.016412818804383278,0.031618370674550506,0.0,0.09903557598590851
TRI_G,86,leather/test/good/012.png,0,normal_image,32x32,0,1024,0.012746697026159381,0.0017154450528323651,0.005476921796798706,0.010328439995646477,0.01641260925680399,0.03390464708209036,0.0,0.14796343445777893
TRI_G,87,leather/test/good/013.png,0,normal_image,32x32,0,1024,0.012772508778652991,0.0012850462459027775,0.005224571097642183,0.00974667351692915,0.01730339787900448,0.033583835884928644,0.0,0.1524079442024231
TRI_G,88,leather/test/good/014.png,0,normal_image,32x32,0,1024,0.012640334455682023,0.0014265425503253938,0.005576726980507374,0.010332404635846615,0.016900897957384586,0.03259350266307592,0.0,0.09621991962194443
TRI_G,89,leather/test/good/015.png,0,normal_image,32x32,0,1024,0.012486891725529858,0.001434721518307925,0.005557160824537277,0.009941089898347855,0.01759683806449175,0.03126567546278235,0.0,0.07899308204650879
TRI_G,90,leather/test/good/016.png,0,normal_image,32x32,0,1024,0.01267019402803271,0.001375951059162617,0.0056429775431752205,0.010060819797217846,0.016786564141511917,0.031496834941208356,0.0,0.0984143540263176
TRI_G,91,leather/test/good/017.png,0,normal_image,32x32,0,1024,0.012849970620663953,0.0013368953950703144,0.005555344745516777,0.010290904901921749,0.01755210291594267,0.030808737315237505,0.0,0.10215434432029724
TRI_G,92,leather/test/good/018.png,0,normal_image,32x32,0,1024,0.012562619232085126,0.0015156093984842302,0.005343007855117321,0.010380766354501247,0.0167130995541811,0.0328101435676217,0.0,0.08455591648817062
TRI_G,93,leather/test/good/019.png,0,normal_image,32x32,0,1024,0.01304283852550725,0.0015513739548623563,0.00604449026286602,0.01019701361656189,0.01669044978916645,0.03398440089076757,0.0,0.10424423217773438
TRI_G,94,leather/test/good/020.png,0,normal_image,32x32,0,1024,0.012679537640906346,0.0016291419044137001,0.005761070642620325,0.01023396011441946,0.017073306255042553,0.029950389452278573,0.0,0.08308237791061401
TRI_G,95,leather/test/good/021.png,0,normal_image,32x32,0,1024,0.012486448963500152,0.0016256140545010567,0.005636866204440594,0.01024998165667057,0.01632393477484584,0.03180729337036608,0.0,0.08776213973760605
TRI_G,96,leather/test/good/022.png,0,normal_image,32x32,0,1024,0.012945337460223527,0.0014470957219600681,0.005842085462063551,0.010308464989066124,0.017323780804872513,0.03442557752132414,0.0,0.06288333982229233
TRI_G,97,leather/test/good/023.png,0,normal_image,32x32,0,1024,0.012663372748647816,0.0010313313454389577,0.005713470280170441,0.010214690119028091,0.01683523040264845,0.032147672399878494,0.0,0.07407886534929276
TRI_G,98,leather/test/good/024.png,0,normal_image,32x32,0,1024,0.0132022480120213,0.0018779284320771695,0.0062561240047216415,0.010592879727482796,0.01787238847464323,0.032580353692173936,0.0,0.06399799883365631
TRI_G,99,leather/test/good/025.png,0,normal_image,32x32,0,1024,0.012867739845205506,0.0018006611615419387,0.00588606484234333,0.010766707360744476,0.016946901567280293,0.02893597949296236,0.0,0.10960955172777176
TRI_G,100,leather/test/good/026.png,0,normal_image,32x32,0,1024,0.012778223306668224,0.0015634475275874144,0.0059190550819039345,0.010293334722518921,0.01635196339339018,0.03302312325686213,0.0,0.07755168527364731
TRI_G,101,leather/test/good/027.png,0,normal_image,32x32,0,1024,0.012151516253652517,0.0016879961825907231,0.005458022002130747,0.010104244574904442,0.016092658042907715,0.03052866980433464,0.0,0.0778122991323471
TRI_G,102,leather/test/good/028.png,0,normal_image,32x32,0,1024,0.01219251822658407,0.0012359977699816227,0.00546662975102663,0.0097880894318223,0.016228306107223034,0.03173012286424636,0.0,0.08335905522108078
TRI_G,103,leather/test/good/029.png,0,normal_image,32x32,0,1024,0.012293261495869956,0.0013100971467792989,0.005391896236687899,0.010073970071971416,0.016574149951338768,0.03083036746829747,0.0,0.0766901820898056
TRI_G,104,leather/test/good/030.png,0,normal_image,32x32,0,1024,0.012370984648441663,0.0015175245702266694,0.005725358612835407,0.00984027236700058,0.01687788311392069,0.031039195321500297,0.0,0.09804322570562363
TRI_G,105,leather/test/good/031.png,0,normal_image,32x32,0,1024,0.012169256375273108,0.001411532983183861,0.00546744791790843,0.010196637362241745,0.01666143536567688,0.031011495180428016,0.0,0.06575238704681396
TRI_G,106,leather/test/poke/000.png,1,abnormal_normal,32x32,4,1018,0.01262384946759944,0.0013804182410240174,0.00558050349354744,0.010613307356834412,0.016894198954105377,0.031126521527767178,0.0,0.07031747698783875
TRI_G,106,leather/test/poke/000.png,1,defect,32x32,4,6,0.0001522749662399292,7.450580596923828e-09,2.9802322387695312e-08,2.9802322387695312e-08,5.21540641784668e-08,0.0006851404905319214,0.0,0.0009135007858276367
TRI_G,106,leather/test/poke/000.png,1,clean_defect,32x32,4,2,1.4901161193847656e-08,1.4901161193847657e-09,7.450580596923828e-09,1.4901161193847656e-08,2.2351741790771484e-08,2.8312206268310546e-08,0.0,2.9802322387695312e-08
TRI_G,106,leather/test/poke/000.png,1,boundary,32x32,4,4,0.00022840499877929688,2.9802322387695312e-08,2.9802322387695312e-08,4.470348358154297e-08,0.00022841989994049072,0.0007764846086502072,2.9802322387695312e-08,0.0009135007858276367
TRI_G,107,leather/test/poke/001.png,1,abnormal_normal,32x32,6,1015,0.013066510358834502,0.0018163256347179413,0.006418442353606224,0.010865569114685059,0.017003919929265976,0.03282892256975172,0.0,0.0621497705578804
TRI_G,107,leather/test/poke/001.png,1,defect,32x32,6,9,0.006596979167726304,-1.7881393432617187e-08,0.0,2.9802322387695312e-08,0.012713044881820679,0.02376897931098938,-2.9802322387695312e-08,0.02552548050880432
TRI_G,107,leather/test/poke/001.png,1,clean_defect,32x32,6,3,2.9802322387695312e-08,2.9802322387695312e-08,2.9802322387695312e-08,2.9802322387695312e-08,2.9802322387695312e-08,2.9802322387695312e-08,2.9802322387695312e-08,2.9802322387695312e-08
TRI_G,107,leather/test/poke/001.png,1,boundary,32x32,6,6,0.009895453850428263,-2.2351741790771484e-08,0.0,0.006356522440910339,0.019028931856155396,0.024427667260169983,-2.9802322387695312e-08,0.02552548050880432
TRI_G,108,leather/test/poke/002.png,1,abnormal_normal,32x32,6,1014,0.01307925693433607,0.001770136319100857,0.006493629887700081,0.010867685079574585,0.017731793224811554,0.03061604276299471,0.0,0.0770430788397789
TRI_G,108,leather/test/poke/002.png,1,defect,32x32,6,10,0.0013639450073242188,2.16066837310791e-08,2.9802322387695312e-08,0.0002742484211921692,0.0009277686476707458,0.005997280776500694,1.4901161193847656e-08,0.009131938219070435
TRI_G,108,leather/test/poke/002.png,1,clean_defect,32x32,6,4,2.60770320892334e-08,1.7136335372924803e-08,2.60770320892334e-08,2.9802322387695312e-08,2.9802322387695312e-08,2.9802322387695312e-08,1.4901161193847656e-08,2.9802322387695312e-08
TRI_G,108,leather/test/poke/002.png,1,boundary,32x32,6,6,0.0022732242941856384,0.0001371540129184723,0.0006197728216648102,0.0008964389562606812,0.0018642991781234741,0.00739046186208725,5.960464477539063e-08,0.009131938219070435
TRI_G,109,leather/test/poke/003.png,1,abnormal_normal,32x32,3,1018,0.013526924088055703,0.0020804088562726974,0.006383311003446579,0.011025674641132355,0.018221793696284294,0.033668445050716395,0.0,0.07521243393421173
TRI_G,109,leather/test/poke/003.png,1,defect,32x32,3,6,0.002190167705217997,0.0,0.0,1.4901161193847656e-08,5.21540641784668e-08,0.009855702519416809,0.0,0.01314091682434082
TRI_G,109,leather/test/poke/003.png,1,clean_defect,32x32,3,3,1.9868214925130207e-08,0.0,0.0,0.0,2.9802322387695312e-08,5.364418029785156e-08,0.0,5.960464477539063e-08
TRI_G,109,leather/test/poke/003.png,1,boundary,32x32,3,3,0.004380315542221069,2.9802322387695314e-09,1.4901161193847656e-08,2.9802322387695312e-08,0.006570473313331604,0.011826828122138975,0.0,0.01314091682434082
TRI_G,110,leather/test/poke/004.png,1,abnormal_normal,32x32,4,1018,0.012688586276119724,0.0014340702444314956,0.005986073985695839,0.010602476075291634,0.01685340516269207,0.03060896396636962,0.0,0.11864598095417023
TRI_G,110,leather/test/poke/004.png,1,defect,32x32,4,6,0.0,-2.2351741790771484e-08,0.0,0.0,0.0,2.2351741790771484e-08,-2.9802322387695312e-08,2.9802322387695312e-08
TRI_G,110,leather/test/poke/004.png,1,clean_defect,32x32,4,2,-1.4901161193847656e-08,-2.8312206268310546e-08,-2.2351741790771484e-08,-1.4901161193847656e-08,-7.450580596923828e-09,-1.490116119384767e-09,-2.9802322387695312e-08,0.0
TRI_G,110,leather/test/poke/004.png,1,boundary,32x32,4,4,7.450580596923828e-09,0.0,0.0,0.0,7.450580596923828e-09,2.5331974029541005e-08,0.0,2.9802322387695312e-08
TRI_G,111,leather/test/poke/005.png,1,abnormal_normal,32x32,3,1019,0.013638357159346196,0.002070743590593338,0.006546340882778168,0.011703651398420334,0.01820380426943302,0.03226474151015279,0.0,0.07524757832288742
TRI_G,111,leather/test/poke/005.png,1,defect,32x32,3,5,1.1920928955078126e-08,0.0,0.0,0.0,2.9802322387695312e-08,2.9802322387695312e-08,0.0,2.9802322387695312e-08
TRI_G,111,leather/test/poke/005.png,1,clean_defect,32x32,3,2,1.4901161193847656e-08,1.4901161193847657e-09,7.450580596923828e-09,1.4901161193847656e-08,2.2351741790771484e-08,2.8312206268310546e-08,0.0,2.9802322387695312e-08
TRI_G,111,leather/test/poke/005.png,1,boundary,32x32,3,3,9.934107462565104e-09,0.0,0.0,0.0,1.4901161193847656e-08,2.682209014892578e-08,0.0,2.9802322387695312e-08
TRI_G,112,leather/test/poke/006.png,1,abnormal_normal,32x32,3,1018,0.013218176457847968,0.001634361781179905,0.006260016933083534,0.01095023937523365,0.01759856753051281,0.031706422567367554,0.0,0.17992031574249268
TRI_G,112,leather/test/poke/006.png,1,defect,32x32,3,6,0.0021412819623947144,-2.2351741790771484e-08,0.0,0.0,0.0017174184322357178,0.008490845561027527,-2.9802322387695312e-08,0.010557830333709717
TRI_G,112,leather/test/poke/006.png,1,clean_defect,32x32,3,3,0.003519276777903239,0.0,0.0,0.0,0.005278915166854858,0.009502047300338745,0.0,0.010557830333709717
TRI_G,112,leather/test/poke/006.png,1,boundary,32x32,3,3,0.0007632871468861898,-2.6822090148925782e-08,-1.4901161193847656e-08,0.0,0.0011449456214904785,0.002060902118682861,-2.9802322387695312e-08,0.002289891242980957
TRI_G,113,leather/test/poke/007.png,1,abnormal_normal,32x32,4,1018,0.013657058064033568,0.0018456794321537017,0.0064450763165950775,0.010895771905779839,0.018874017521739006,0.03303577601909637,0.0,0.06683655828237534
TRI_G,113,leather/test/poke/007.png,1,defect,32x32,4,6,4.967053731282552e-09,0.0,0.0,0.0,0.0,2.2351741790771484e-08,0.0,2.9802322387695312e-08
TRI_G,113,leather/test/poke/007.png,1,clean_defect,32x32,4,2,0.0,0.0,0.0,0.0,0.0,0.0,0.0,0.0
TRI_G,113,leather/test/poke/007.png,1,boundary,32x32,4,4,7.450580596923828e-09,0.0,0.0,0.0,7.450580596923828e-09,2.5331974029541005e-08,0.0,2.9802322387695312e-08
TRI_G,114,leather/test/poke/008.png,1,abnormal_normal,32x32,6,1016,0.01329471623363692,0.0015719588845968246,0.006205223500728607,0.010323526337742805,0.017524633556604385,0.03375572711229324,0.0,0.1645997166633606
TRI_G,114,leather/test/poke/008.png,1,defect,32x32,6,8,0.007087823003530502,0.0,0.0,0.002374127507209778,0.006676137447357178,0.027052846550941454,0.0,0.03560096025466919
TRI_G,114,leather/test/poke/008.png,1,clean_defect,32x32,6,2,0.0,0.0,0.0,0.0,0.0,0.0,0.0,0.0
TRI_G,114,leather/test/poke/008.png,1,boundary,32x32,6,6,0.009450430671374003,0.0003802254796028137,0.0019475147128105164,0.00420147180557251,0.009677231311798096,0.02949516475200653,0.0,0.03560096025466919
TRI_G,115,leather/test/poke/009.png,1,abnormal_normal,32x32,6,1016,0.013694375755236023,0.0018327245488762856,0.005992717109620571,0.011080831289291382,0.018513420596718788,0.034701935946941376,0.0,0.0646417886018753
TRI_G,115,leather/test/poke/009.png,1,defect,32x32,6,8,0.007092081010341644,-2.9802322387695312e-08,-7.450580596923828e-09,0.0003477632999420166,0.007886014878749847,0.02732439637184143,-2.9802322387695312e-08,0.027383893728256226
TRI_G,115,leather/test/poke/009.png,1,clean_defect,32x32,6,2,0.0007216930389404297,7.216930389404297e-05,0.00036084651947021484,0.0007216930389404297,0.0010825395584106445,0.0013712167739868162,0.0,0.0014433860778808594
TRI_G,115,leather/test/poke/009.png,1,boundary,32x32,6,6,0.009215543667475382,-2.9802322387695312e-08,-1.4901161193847656e-08,0.0003477632999420166,0.02058430016040802,0.027341395616531372,-2.9802322387695312e-08,0.027383893728256226
TRI_G,116,leather/test/poke/010.png,1,abnormal_normal,32x32,6,1017,0.01295818905863497,0.0017907366156578064,0.005760058760643005,0.010737359523773193,0.01754552125930786,0.0307961270213127,0.0,0.06646029651165009
TRI_G,116,leather/test/poke/010.png,1,defect,32x32,6,7,0.01047704475266593,0.00012481510639190675,0.0029624849557876587,0.006336480379104614,0.016349926590919495,0.02596479654312133,2.9802322387695312e-08,0.02837797999382019
TRI_G,116,leather/test/poke/010.png,1,clean_defect,32x32,6,1,0.00041598081588745117,0.00041598081588745117,0.00041598081588745117,0.00041598081588745117,0.00041598081588745117,0.00041598081588745117,0.00041598081588745117,0.00041598081588745117
TRI_G,116,leather/test/poke/010.png,1,boundary,32x32,6,6,0.012153888742129007,0.0013772696256637573,0.005715861916542053,0.009351149201393127,0.01834198087453842,0.02636699378490448,2.9802322387695312e-08,0.02837797999382019
TRI_G,117,leather/test/poke/011.png,1,abnormal_normal,32x32,5,1016,0.01308086544722612,0.0016146665439009666,0.00597828533500433,0.010938655585050583,0.01701522246003151,0.033642034977674484,-2.9802322387695312e-08,0.06504807621240616
TRI_G,117,leather/test/poke/011.png,1,defect,32x32,5,8,0.004753265529870987,0.0,0.0,1.4901161193847656e-08,2.9802322387695312e-08,0.02471693307161329,0.0,0.03802603483200073
TRI_G,117,leather/test/poke/011.png,1,clean_defect,32x32,5,3,9.934107462565104e-09,0.0,0.0,0.0,1.4901161193847656e-08,2.682209014892578e-08,0.0,2.9802322387695312e-08
TRI_G,117,leather/test/poke/011.png,1,boundary,32x32,5,5,0.007605218887329101,0.0,0.0,2.9802322387695312e-08,2.9802322387695312e-08,0.030420833826065058,0.0,0.03802603483200073
TRI_G,118,leather/test/poke/012.png,1,abnormal_normal,32x32,4,1016,0.013565264378241666,0.0015422943979501724,0.006006296724081039,0.01099603995680809,0.017763000912964344,0.03366079740226269,0.0,0.133096843957901
TRI_G,118,leather/test/poke/012.png,1,defect,32x32,4,8,0.008702702820301056,2.9802322387695312e-08,5.21540641784668e-08,0.005886480212211609,0.012974381446838379,0.024721015989780423,2.9802322387695312e-08,0.02746078372001648
TRI_G,118,leather/test/poke/012.png,1,clean_defect,32x32,4,4,0.007407985627651215,3.427267074584961e-08,5.21540641784668e-08,0.0010855644941329956,0.008493497967720032,0.02366732656955718,2.9802322387695312e-08,0.02746078372001648
TRI_G,118,leather/test/poke/012.png,1,boundary,32x32,4,4,0.009997420012950897,0.00144030898809433,0.007201425731182098,0.01017838716506958,0.012974381446838379,0.018301177024841304,2.9802322387695312e-08,0.01963287591934204
TRI_G,119,leather/test/poke/013.png,1,abnormal_normal,32x32,3,1018,0.013654572865422559,0.0017605861648917198,0.006652665324509144,0.01166687160730362,0.018565108999609947,0.0313448742032051,0.0,0.05809677392244339
TRI_G,119,leather/test/poke/013.png,1,defect,32x32,3,6,0.001525561014811198,-2.2351741790771484e-08,7.450580596923828e-09,2.9802322387695312e-08,0.0032168030738830566,0.004720471799373627,-2.9802322387695312e-08,0.0048642754554748535
TRI_G,119,leather/test/poke/013.png,1,clean_defect,32x32,3,3,1.9868214925130207e-08,2.9802322387695314e-09,1.4901161193847656e-08,2.9802322387695312e-08,2.9802322387695312e-08,2.9802322387695312e-08,0.0,2.9802322387695312e-08
TRI_G,119,leather/test/poke/013.png,1,boundary,32x32,3,3,0.0030511021614074707,0.00042887926101684574,0.0021445155143737793,0.004289060831069946,0.0045766681432724,0.004806753993034363,-2.9802322387695312e-08,0.0048642754554748535
TRI_G,120,leather/test/poke/014.png,1,abnormal_normal,32x32,4,1018,0.013105203148731431,0.0017352777533233166,0.0060051437467336655,0.010560736991465092,0.017347886227071285,0.031589940562844275,-5.960464477539063e-08,0.10078805685043335
TRI_G,120,leather/test/poke/014.png,1,defect,32x32,4,6,0.00043793519337972003,0.0,7.450580596923828e-09,2.9802322387695312e-08,2.9802322387695312e-08,0.001970648765563965,0.0,0.0026275217533111572
TRI_G,120,leather/test/poke/014.png,1,clean_defect,32x32,4,2,1.4901161193847656e-08,1.4901161193847657e-09,7.450580596923828e-09,1.4901161193847656e-08,2.2351741790771484e-08,2.8312206268310546e-08,0.0,2.9802322387695312e-08
TRI_G,120,leather/test/poke/014.png,1,boundary,32x32,4,4,0.0006568953394889832,4.4703483581542975e-09,2.2351741790771484e-08,2.9802322387695312e-08,0.0006569027900695801,0.0022333979606628408,0.0,0.0026275217533111572
TRI_G,121,leather/test/poke/015.png,1,abnormal_normal,32x32,4,1019,0.01280779081878414,0.0015470251441001893,0.005801767110824585,0.010255642235279083,0.0174851194024086,0.03066235855221746,0.0,0.08163510262966156
TRI_G,121,leather/test/poke/015.png,1,defect,32x32,4,5,1.7881393432617187e-08,0.0,0.0,2.9802322387695312e-08,2.9802322387695312e-08,2.9802322387695312e-08,0.0,2.9802322387695312e-08
TRI_G,121,leather/test/poke/015.png,1,clean_defect,32x32,4,1,2.9802322387695312e-08,2.9802322387695312e-08,2.9802322387695312e-08,2.9802322387695312e-08,2.9802322387695312e-08,2.9802322387695312e-08,2.9802322387695312e-08,2.9802322387695312e-08
TRI_G,121,leather/test/poke/015.png,1,boundary,32x32,4,4,1.4901161193847656e-08,0.0,0.0,1.4901161193847656e-08,2.9802322387695312e-08,2.9802322387695312e-08,0.0,2.9802322387695312e-08
TRI_G,122,leather/test/poke/016.png,1,abnormal_normal,32x32,6,1016,0.013623531156138876,0.0017764726653695107,0.006498223170638084,0.011018713936209679,0.01750585250556469,0.03221799433231354,0.0,0.17735174298286438
TRI_G,122,leather/test/poke/016.png,1,defect,32x32,6,8,0.0016792863607406616,-1.937150955200195e-08,0.0,2.9802322387695312e-08,3.725290298461914e-08,0.008732232451438896,-2.9802322387695312e-08,0.013434171676635742
TRI_G,122,leather/test/poke/016.png,1,clean_defect,32x32,6,2,1.4901161193847656e-08,-2.5331974029541015e-08,-7.450580596923828e-09,1.4901161193847656e-08,3.725290298461914e-08,5.5134296417236324e-08,-2.9802322387695312e-08,5.960464477539063e-08
TRI_G,122,leather/test/poke/016.png,1,boundary,32x32,6,6,0.0022390435139338174,0.0,7.450580596923828e-09,2.9802322387695312e-08,2.9802322387695312e-08,0.010075636208057404,0.0,0.013434171676635742
TRI_G,123,leather/test/poke/017.png,1,abnormal_normal,32x32,3,1019,0.013375743996933235,0.0014903608709573746,0.006160415709018707,0.011246923357248306,0.018002815544605255,0.03259756490588185,-2.9802322387695312e-08,0.10089486092329025
TRI_G,123,leather/test/poke/017.png,1,defect,32x32,3,5,0.003586900234222412,-2.384185791015625e-08,0.0,0.0,0.0,0.014347624778747556,-2.9802322387695312e-08,0.017934530973434448
TRI_G,123,leather/test/poke/017.png,1,clean_defect,32x32,3,2,0.0,0.0,0.0,0.0,0.0,0.0,0.0,0.0
TRI_G,123,leather/test/poke/017.png,1,boundary,32x32,3,3,0.0059781670570373535,-2.6822090148925782e-08,-1.4901161193847656e-08,0.0,0.008967265486717224,0.016141077876091002,-2.9802322387695312e-08,0.017934530973434448
BAL_G,0,leather/test/color/000.png,1,abnormal_normal,32x32,5,1014,0.013205733275154874,0.0023053750395774842,0.0062712207436561584,0.01086261123418808,0.017000891268253326,0.03024691268801689,0.0,0.12531304359436035
BAL_G,0,leather/test/color/000.png,1,defect,32x32,5,10,0.0,0.0,0.0,0.0,0.0,0.0,0.0,0.0
BAL_G,0,leather/test/color/000.png,1,clean_defect,32x32,5,5,0.0,0.0,0.0,0.0,0.0,0.0,0.0,0.0
BAL_G,0,leather/test/color/000.png,1,boundary,32x32,5,5,0.0,0.0,0.0,0.0,0.0,0.0,0.0,0.0
BAL_G,1,leather/test/color/001.png,1,abnormal_normal,32x32,8,1015,0.012123733318497983,0.0017790600657463075,0.005818314850330353,0.01012982428073883,0.015628643333911896,0.028962960839271534,0.0,0.10775651037693024
BAL_G,1,leather/test/color/001.png,1,defect,32x32,8,9,0.0019291871123843724,0.0,0.0,0.0,0.0,0.010417610406875603,0.0,0.01736268401145935
BAL_G,1,leather/test/color/001.png,1,clean_defect,32x32,8,1,0.0,0.0,0.0,0.0,0.0,0.0,0.0,0.0
BAL_G,1,leather/test/color/001.png,1,boundary,32x32,8,8,0.002170335501432419,0.0,0.0,0.0,0.0,0.011285744607448567,0.0,0.01736268401145935
BAL_G,2,leather/test/color/002.png,1,abnormal_normal,32x32,5,1014,0.01288070617871877,0.0017384812235832219,0.006003398448228836,0.010227859020233154,0.017052393406629562,0.031874693185091015,0.0,0.11161375045776367
BAL_G,2,leather/test/color/002.png,1,defect,32x32,5,10,0.003934204578399658,0.0,0.0,0.0,0.0037741363048553467,0.01735587120056152,0.0,0.019164323806762695
BAL_G,2,leather/test/color/002.png,1,clean_defect,32x32,5,5,0.0,0.0,0.0,0.0,0.0,0.0,0.0,0.0
BAL_G,2,leather/test/color/002.png,1,boundary,32x32,5,5,0.007868409156799316,0.0,0.0,0.005032181739807129,0.015145540237426758,0.01836056709289551,0.0,0.019164323806762695
BAL_G,3,leather/test/color/003.png,1,abnormal_normal,32x32,12,1007,0.012839371776864924,0.0019914865493774413,0.006268948316574097,0.010788321495056152,0.016993917524814606,0.03151350319385528,0.0,0.060887157917022705
BAL_G,3,leather/test/color/003.png,1,defect,32x32,12,17,0.015213564914815566,0.0,0.0035749077796936035,0.01326104998588562,0.01990649104118347,0.038147634267807,0.0,0.04977080225944519
BAL_G,3,leather/test/color/003.png,1,clean_defect,32x32,12,5,0.004624509811401367,6.402134895324708e-05,0.00032010674476623535,0.001780867576599121,0.0035749077796936035,0.01467231512069702,0.0,0.017446666955947876
BAL_G,3,leather/test/color/003.png,1,boundary,32x32,12,12,0.019625671207904816,0.004172629117965699,0.01211913675069809,0.01589566469192505,0.02438279241323471,0.04177987426519393,0.0,0.04977080225944519
BAL_G,4,leather/test/color/004.png,1,abnormal_normal,32x32,10,1007,0.013577920219157161,0.002304385602474213,0.00626721978187561,0.010765492916107178,0.017972424626350403,0.033211591839790326,0.0,0.1169327050447464
BAL_G,4,leather/test/color/004.png,1,defect,32x32,10,17,0.009910860482384177,0.0,0.0,0.002178877592086792,0.012642532587051392,0.044661295413970944,0.0,0.04749208688735962
BAL_G,4,leather/test/color/004.png,1,clean_defect,32x32,10,7,0.0030800061566489084,0.0,0.0,0.0,0.0040914565324783325,0.011424276232719417,0.0,0.013377130031585693
BAL_G,4,leather/test/color/004.png,1,boundary,32x32,10,10,0.014692458510398864,0.0,0.0018010213971138,0.004354327917098999,0.025865957140922546,0.04589976668357849,0.0,0.04749208688735962
BAL_G,5,leather/test/color/005.png,1,abnormal_normal,32x32,6,1017,0.013051937448708827,0.0020981967449188238,0.006063476204872131,0.010579556226730347,0.017490923404693604,0.030778566002845762,0.0,0.07413023710250854
BAL_G,5,leather/test/color/005.png,1,defect,32x32,6,7,0.002651878765651158,0.0,0.0,0.0,0.0046111345291137695,0.008355116844177245,0.0,0.009340882301330566
BAL_G,5,leather/test/color/005.png,1,clean_defect,32x32,6,1,0.0,0.0,0.0,0.0,0.0,0.0,0.0,0.0
BAL_G,5,leather/test/color/005.png,1,boundary,32x32,6,6,0.003093858559926351,0.0,0.0,0.0015836358070373535,0.005333065986633301,0.008519411087036133,0.0,0.009340882301330566
BAL_G,6,leather/test/color/006.png,1,abnormal_normal,32x32,4,1020,0.0128660160975129,0.0015825971961021426,0.005952984094619751,0.01023460179567337,0.016731560230255127,0.03134195804595947,0.0,0.1522490233182907
BAL_G,6,leather/test/color/006.png,1,defect,32x32,4,4,0.005457654595375061,0.0,0.0,0.004748523235321045,0.010206177830696106,0.011908093094825744,0.0,0.012333571910858154
BAL_G,6,leather/test/color/006.png,1,clean_defect,32x32,4,0,,,,,,,,
BAL_G,6,leather/test/color/006.png,1,boundary,32x32,4,4,0.005457654595375061,0.0,0.0,0.004748523235321045,0.010206177830696106,0.011908093094825744,0.0,0.012333571910858154
BAL_G,7,leather/test/color/007.png,1,abnormal_normal,32x32,9,1014,0.013614615392402784,0.0017978683114051818,0.006700675934553146,0.011195771396160126,0.01832430064678192,0.03291012346744537,0.0,0.06487378478050232
BAL_G,7,leather/test/color/007.png,1,defect,32x32,9,10,0.0008868843317031861,0.0,0.0,0.0,0.0,0.004875181615352621,0.0,0.008842021226882935
BAL_G,7,leather/test/color/007.png,1,clean_defect,32x32,9,1,0.0,0.0,0.0,0.0,0.0,0.0,0.0,0.0
BAL_G,7,leather/test/color/007.png,1,boundary,32x32,9,9,0.0009854270352257623,0.0,0.0,0.0,0.0,0.005315941572189328,0.0,0.008842021226882935
BAL_G,8,leather/test/color/008.png,1,abnormal_normal,32x32,11,1001,0.013571178341483497,0.0018597543239593506,0.006312012672424316,0.010531127452850342,0.017336785793304443,0.0348382443189621,0.0,0.12489739060401917
BAL_G,8,leather/test/color/008.png,1,defect,32x32,11,23,0.025827017167340153,0.014350989460945129,0.020646534860134125,0.024890393018722534,0.03270596265792847,0.035130289196968076,0.009170442819595337,0.04036647081375122
BAL_G,8,leather/test/color/008.png,1,clean_defect,32x32,11,12,0.026865200450023014,0.01205681562423706,0.022615011781454086,0.030965372920036316,0.03325005620718002,0.03493581563234329,0.009170442819595337,0.035173505544662476
BAL_G,8,leather/test/color/008.png,1,boundary,32x32,11,11,0.02469445358623158,0.01493854820728302,0.020290762186050415,0.02310025691986084,0.02866266667842865,0.03708922863006592,0.014343500137329102,0.04036647081375122
BAL_G,9,leather/test/color/009.png,1,abnormal_normal,32x32,12,1007,0.0128083198877882,0.0018696576356887818,0.005833961069583893,0.010450750589370728,0.016705453395843506,0.03077251613140106,0.0,0.12517617642879486
BAL_G,9,leather/test/color/009.png,1,defect,32x32,12,17,0.010593566824408138,0.0,0.0026806294918060303,0.0083371102809906,0.011917054653167725,0.03230144381523131,0.0,0.0431879460811615
BAL_G,9,leather/test/color/009.png,1,clean_defect,32x32,12,5,0.005322545766830444,0.0,0.0,0.0,0.007429331541061401,0.016832584142684934,0.0,0.01918339729309082
BAL_G,9,leather/test/color/009.png,1,boundary,32x32,12,12,0.012789825598398844,0.0014743462204933168,0.007410019636154175,0.008534550666809082,0.01321323961019516,0.03570347577333449,0.0,0.0431879460811615
BAL_G,10,leather/test/color/010.png,1,abnormal_normal,32x32,5,1018,0.012843850831737218,0.001720639318227768,0.006098855286836624,0.010770447552204132,0.017277654260396957,0.030903570353984826,0.0,0.06702366471290588
BAL_G,10,leather/test/color/010.png,1,defect,32x32,5,6,0.0065760066111882525,0.0,0.0,0.0,0.0,0.029592029750347137,0.0,0.03945603966712952
BAL_G,10,leather/test/color/010.png,1,clean_defect,32x32,5,1,0.0,0.0,0.0,0.0,0.0,0.0,0.0,0.0
BAL_G,10,leather/test/color/010.png,1,boundary,32x32,5,5,0.007891207933425903,0.0,0.0,0.0,0.0,0.031564831733703606,0.0,0.03945603966712952
BAL_G,11,leather/test/color/011.png,1,abnormal_normal,32x32,8,1015,0.013098968925147222,0.0014995366334915163,0.005823954939842224,0.010862588882446289,0.01791653037071228,0.032543966174125666,0.0,0.07801380753517151
BAL_G,11,leather/test/color/011.png,1,defect,32x32,8,9,0.002030538188086616,0.0,0.0,0.0,0.0,0.009970188140869137,0.0,0.013301253318786621
BAL_G,11,leather/test/color/011.png,1,clean_defect,32x32,8,1,0.0,0.0,0.0,0.0,0.0,0.0,0.0,0.0
BAL_G,11,leather/test/color/011.png,1,boundary,32x32,8,8,0.0022843554615974426,0.0,0.0,0.0,0.00124339759349823,0.010386571288108822,0.0,0.013301253318786621
BAL_G,12,leather/test/color/012.png,1,abnormal_normal,32x32,5,1017,0.013486477946578694,0.0018052756786346436,0.00615084171295166,0.010723844170570374,0.017667710781097412,0.034902676939964294,0.0,0.11350761353969574
BAL_G,12,leather/test/color/012.png,1,defect,32x32,5,7,0.008094919579369681,0.0,0.0,0.0,0.008683726191520691,0.03271812498569487,0.0,0.03929698467254639
BAL_G,12,leather/test/color/012.png,1,clean_defect,32x32,5,2,0.008683726191520691,0.0008683726191520691,0.0043418630957603455,0.008683726191520691,0.013025589287281036,0.016499079763889313,0.0,0.017367452383041382
BAL_G,12,leather/test/color/012.png,1,boundary,32x32,5,5,0.007859396934509277,0.0,0.0,0.0,0.0,0.03143758773803711,0.0,0.03929698467254639
BAL_G,13,leather/test/color/013.png,1,abnormal_normal,32x32,10,1011,0.012890014521092265,0.001948237419128418,0.00632079690694809,0.010711327195167542,0.01681036502122879,0.029872864484786987,0.0,0.07638652622699738
BAL_G,13,leather/test/color/013.png,1,defect,32x32,10,13,0.0053710364378415625,0.0,0.0,0.0,0.012651115655899048,0.021147584915161118,0.0,0.02700817584991455
BAL_G,13,leather/test/color/013.png,1,clean_defect,32x32,10,3,0.0,0.0,0.0,0.0,0.0,0.0,0.0,0.0
BAL_G,13,leather/test/color/013.png,1,boundary,32x32,10,10,0.006982347369194031,0.0,0.0,0.0,0.012855522334575653,0.022612732648849478,0.0,0.02700817584991455
BAL_G,14,leather/test/color/014.png,1,abnormal_normal,32x32,4,1018,0.012791343047951435,0.0015113085508346557,0.006304215639829636,0.010700531303882599,0.016406532377004623,0.030987291783094405,0.0,0.09657001495361328
BAL_G,14,leather/test/color/014.png,1,defect,32x32,4,6,0.0,0.0,0.0,0.0,0.0,0.0,0.0,0.0
BAL_G,14,leather/test/color/014.png,1,clean_defect,32x32,4,2,0.0,0.0,0.0,0.0,0.0,0.0,0.0,0.0
BAL_G,14,leather/test/color/014.png,1,boundary,32x32,4,4,0.0,0.0,0.0,0.0,0.0,0.0,0.0,0.0
BAL_G,15,leather/test/color/015.png,1,abnormal_normal,32x32,12,1003,0.0135973293040828,0.0018593832850456239,0.0063547492027282715,0.011050119996070862,0.018044471740722656,0.033638781309127806,0.0,0.09824734926223755
BAL_G,15,leather/test/color/015.png,1,defect,32x32,12,21,0.008998819759913854,0.0,0.0,0.0027572214603424072,0.008008390665054321,0.03401568531990051,0.0,0.037573933601379395
BAL_G,15,leather/test/color/015.png,1,clean_defect,32x32,12,9,0.005499452352523804,0.0,0.0,0.0004926323890686035,0.006081819534301758,0.022496360540390004,0.0,0.032155007123947144
BAL_G,15,leather/test/color/015.png,1,boundary,32x32,12,12,0.01162334531545639,0.0,0.0,0.005057543516159058,0.021952055394649506,0.03561689704656601,0.0,0.037573933601379395
BAL_G,16,leather/test/color/016.png,1,abnormal_normal,32x32,6,1017,0.013091128293860744,0.0018523752689361573,0.006131529808044434,0.010468855500221252,0.017561092972755432,0.03205264508724213,0.0,0.08208861947059631
BAL_G,16,leather/test/color/016.png,1,defect,32x32,6,7,0.0030378869601658414,0.0,0.0,0.0,0.0,0.014885646104812607,0.0,0.02126520872116089
BAL_G,16,leather/test/color/016.png,1,clean_defect,32x32,6,1,0.0,0.0,0.0,0.0,0.0,0.0,0.0,0.0
BAL_G,16,leather/test/color/016.png,1,boundary,32x32,6,6,0.003544201453526815,0.0,0.0,0.0,0.0,0.015948906540870667,0.0,0.02126520872116089
BAL_G,17,leather/test/color/017.png,1,abnormal_normal,32x32,13,1004,0.013602257680251778,0.0015789419412612917,0.0061517134308815,0.010560266673564911,0.01806313544511795,0.03517054915428159,0.0,0.08070428669452667
BAL_G,17,leather/test/color/017.png,1,defect,32x32,13,20,0.036002767831087114,0.011214587092399598,0.02360685169696808,0.0383152961730957,0.04744263365864754,0.05441543608903885,0.005335897207260132,0.055469244718551636
BAL_G,17,leather/test/color/017.png,1,clean_defect,32x32,13,7,0.038164954100336344,0.010543745756149293,0.030636444687843323,0.04698231816291809,0.049047164618968964,0.053974288702011104,0.005335897207260132,0.055469244718551636
BAL_G,17,leather/test/color/017.png,1,boundary,32x32,13,13,0.034838513686106756,0.016133779287338258,0.02391067147254944,0.03398516774177551,0.046231210231781006,0.051032656431198115,0.011523991823196411,0.05435997247695923
BAL_G,18,leather/test/color/018.png,1,abnormal_normal,32x32,7,1017,0.012864614541082842,0.0020966053009033206,0.0061727166175842285,0.010512679815292358,0.01680523157119751,0.03171901702880859,0.0,0.07582041621208191
BAL_G,18,leather/test/color/018.png,1,defect,32x32,7,7,0.016699441841670444,0.0,0.0,0.0021770596504211426,0.022846966981887817,0.05778335332870481,0.0,0.06902509927749634
BAL_G,18,leather/test/color/018.png,1,clean_defect,32x32,7,0,,,,,,,,
BAL_G,18,leather/test/color/018.png,1,boundary,32x32,7,7,0.016699441841670444,0.0,0.0,0.0021770596504211426,0.022846966981887817,0.05778335332870481,0.0,0.06902509927749634
BAL_G,19,leather/test/cut/000.png,1,abnormal_normal,32x32,5,1018,0.013188957933826859,0.0021905869245529173,0.00646480917930603,0.010580837726593018,0.017304297536611557,0.03257821127772331,0.0,0.07350757718086243
BAL_G,19,leather/test/cut/000.png,1,defect,32x32,5,6,0.0,0.0,0.0,0.0,0.0,0.0,0.0,0.0
BAL_G,19,leather/test/cut/000.png,1,clean_defect,32x32,5,1,0.0,0.0,0.0,0.0,0.0,0.0,0.0,0.0
BAL_G,19,leather/test/cut/000.png,1,boundary,32x32,5,5,0.0,0.0,0.0,0.0,0.0,0.0,0.0,0.0
BAL_G,20,leather/test/cut/001.png,1,abnormal_normal,32x32,9,1011,0.01303444428389669,0.0023309215903282166,0.006701372563838959,0.010960489511489868,0.01746504008769989,0.031877532601356506,0.0,0.06628598272800446
BAL_G,20,leather/test/cut/001.png,1,defect,32x32,9,13,0.006268329345262968,0.0,0.0,0.0,0.0021860897541046143,0.026725757122039794,0.0,0.027572065591812134
BAL_G,20,leather/test/cut/001.png,1,clean_defect,32x32,9,4,0.0005465224385261536,0.0,0.0,0.0,0.0005465224385261536,0.0018581762909889213,0.0,0.0021860897541046143
BAL_G,20,leather/test/cut/001.png,1,boundary,32x32,9,9,0.008811354637145996,0.0,0.0,0.00043594837188720703,0.023521512746810913,0.027007859945297242,0.0,0.027572065591812134
BAL_G,21,leather/test/cut/002.png,1,abnormal_normal,32x32,5,1019,0.013104569119372944,0.0020421758294105535,0.006433896720409393,0.010695859789848328,0.01707906275987625,0.032391446828842145,0.0,0.0708848387002945
BAL_G,21,leather/test/cut/002.png,1,defect,32x32,5,5,0.0,0.0,0.0,0.0,0.0,0.0,0.0,0.0
BAL_G,21,leather/test/cut/002.png,1,clean_defect,32x32,5,0,,,,,,,,
BAL_G,21,leather/test/cut/002.png,1,boundary,32x32,5,5,0.0,0.0,0.0,0.0,0.0,0.0,0.0,0.0
BAL_G,22,leather/test/cut/003.png,1,abnormal_normal,32x32,11,1001,0.01282068268283383,0.0017908066511154175,0.006355941295623779,0.010760188102722168,0.01755303144454956,0.0300329327583313,0.0,0.05335515737533569
BAL_G,22,leather/test/cut/003.png,1,defect,32x32,11,23,0.0066272629343945046,0.0,0.0,0.003179222345352173,0.009916916489601135,0.02189647555351257,0.0,0.0268399715423584
BAL_G,22,leather/test/cut/003.png,1,clean_defect,32x32,11,12,0.007396986087163289,0.0,0.0,0.0008705854415893555,0.014059886336326599,0.024217563867568966,0.0,0.0268399715423584
BAL_G,22,leather/test/cut/003.png,1,boundary,32x32,11,11,0.005787564949555831,0.0,0.0012411624193191528,0.005623728036880493,0.007043272256851196,0.01570095121860504,0.0,0.020317137241363525
BAL_G,23,leather/test/cut/004.png,1,abnormal_normal,32x32,23,997,0.013335013326814206,0.0015929967164993288,0.006161332130432129,0.010942786931991577,0.01788674294948578,0.03436925113201139,0.0,0.0662207305431366
BAL_G,23,leather/test/cut/004.png,1,defect,32x32,23,27,0.009595188829633925,0.00030363798141479497,0.0038879364728927612,0.006783783435821533,0.014210984110832214,0.022724002599716187,0.0,0.03342235088348389
BAL_G,23,leather/test/cut/004.png,1,clean_defect,32x32,23,4,0.005073092877864838,0.0006105050444602967,0.002921156585216522,0.00414632260799408,0.006298258900642395,0.010833159089088436,3.2842159271240234e-05,0.011966884136199951
BAL_G,23,leather/test/cut/004.png,1,boundary,32x32,23,23,0.01038164029950681,0.001001507043838501,0.0039023160934448242,0.006804525852203369,0.016881048679351807,0.023224025964736935,0.0,0.03342235088348389
BAL_G,24,leather/test/cut/005.png,1,abnormal_normal,32x32,6,1016,0.013206748423848565,0.0020562484860420227,0.006499238312244415,0.011027395725250244,0.0178254172205925,0.03155844658613205,0.0,0.07338115572929382
BAL_G,24,leather/test/cut/005.png,1,defect,32x32,6,8,0.005143165588378906,0.0,0.0,0.0006460994482040405,0.009731754660606384,0.016355288028717038,0.0,0.01795700192451477
BAL_G,24,leather/test/cut/005.png,1,clean_defect,32x32,6,2,0.0,0.0,0.0,0.0,0.0,0.0,0.0,0.0
BAL_G,24,leather/test/cut/005.png,1,boundary,32x32,6,6,0.006857554117838542,0.0,0.00032304972410202026,0.004903823137283325,0.012164369225502014,0.016812920570373535,0.0,0.01795700192451477
BAL_G,25,leather/test/cut/006.png,1,abnormal_normal,32x32,14,1008,0.01291507732359663,0.002240680903196335,0.006563529372215271,0.010895200073719025,0.016907963901758194,0.030357165634632106,0.0,0.0757550597190857
BAL_G,25,leather/test/cut/006.png,1,defect,32x32,14,16,0.006878433749079704,0.0,0.0,0.0016301274299621582,0.01257641613483429,0.022767476737499237,0.0,0.02940082550048828
BAL_G,25,leather/test/cut/006.png,1,clean_defect,32x32,14,2,0.0,0.0,0.0,0.0,0.0,0.0,0.0,0.0
BAL_G,25,leather/test/cut/006.png,1,boundary,32x32,14,14,0.007861067141805376,0.0,0.0,0.004822105169296265,0.01258675754070282,0.023651923239231105,0.0,0.02940082550048828
BAL_G,26,leather/test/cut/007.png,1,abnormal_normal,32x32,7,1013,0.01250022348211407,0.0020365774631500243,0.0062721967697143555,0.01073436439037323,0.016197726130485535,0.029716339707374567,0.0,0.09098204970359802
BAL_G,26,leather/test/cut/007.png,1,defect,32x32,7,11,0.002008058808066628,0.0,0.0,0.0,0.0,0.011044323444366455,0.0,0.015087872743606567
BAL_G,26,leather/test/cut/007.png,1,clean_defect,32x32,7,4,0.0,0.0,0.0,0.0,0.0,0.0,0.0,0.0
BAL_G,26,leather/test/cut/007.png,1,boundary,32x32,7,7,0.0031555209841047016,0.0,0.0,0.0,0.0035003870725631714,0.012661743164062494,0.0,0.015087872743606567
BAL_G,27,leather/test/cut/008.png,1,abnormal_normal,32x32,9,1012,0.013224014666358473,0.0020335674285888675,0.006054047495126724,0.011344321072101593,0.017918556928634644,0.03127897977828977,0.0,0.0579797625541687
BAL_G,27,leather/test/cut/008.png,1,defect,32x32,9,12,0.001976956923802694,0.0,0.0,0.0,6.340444087982178e-05,0.011616626381874082,0.0,0.01291799545288086
BAL_G,27,leather/test/cut/008.png,1,clean_defect,32x32,9,3,0.0,0.0,0.0,0.0,0.0,0.0,0.0,0.0
BAL_G,27,leather/test/cut/008.png,1,boundary,32x32,9,9,0.0026359425650702584,0.0,0.0,0.0,0.0002536177635192871,0.011971545219421386,0.0,0.01291799545288086
BAL_G,28,leather/test/cut/009.png,1,abnormal_normal,32x32,5,1018,0.013200909104234812,0.002092096209526062,0.006140317767858505,0.01084946095943451,0.01759273186326027,0.033264842629432675,0.0,0.05748225748538971
BAL_G,28,leather/test/cut/009.png,1,defect,32x32,5,6,0.0,0.0,0.0,0.0,0.0,0.0,0.0,0.0
BAL_G,28,leather/test/cut/009.png,1,clean_defect,32x32,5,1,0.0,0.0,0.0,0.0,0.0,0.0,0.0,0.0
BAL_G,28,leather/test/cut/009.png,1,boundary,32x32,5,5,0.0,0.0,0.0,0.0,0.0,0.0,0.0,0.0
BAL_G,29,leather/test/cut/010.png,1,abnormal_normal,32x32,4,1019,0.012770467054855602,0.0020660802721977236,0.006285607814788818,0.010745853185653687,0.016394443809986115,0.03021229356527328,0.0,0.1016119122505188
BAL_G,29,leather/test/cut/010.png,1,defect,32x32,4,5,0.004960286617279053,0.0,0.0,0.002978205680847168,0.008200407028198242,0.012538337707519531,0.0,0.013622820377349854
BAL_G,29,leather/test/cut/010.png,1,clean_defect,32x32,4,1,0.0,0.0,0.0,0.0,0.0,0.0,0.0,0.0
BAL_G,29,leather/test/cut/010.png,1,boundary,32x32,4,4,0.006200358271598816,0.0004467308521270753,0.002233654260635376,0.005589306354522705,0.009556010365486145,0.01280945837497711,0.0,0.013622820377349854
BAL_G,30,leather/test/cut/011.png,1,abnormal_normal,32x32,2,1020,0.013089556787528244,0.002076940983533859,0.0066438764333724976,0.010323233902454376,0.01694345474243164,0.032305447012186045,0.0,0.09795142710208893
BAL_G,30,leather/test/cut/011.png,1,defect,32x32,2,4,0.0,0.0,0.0,0.0,0.0,0.0,0.0,0.0
BAL_G,30,leather/test/cut/011.png,1,clean_defect,32x32,2,2,0.0,0.0,0.0,0.0,0.0,0.0,0.0,0.0
BAL_G,30,leather/test/cut/011.png,1,boundary,32x32,2,2,0.0,0.0,0.0,0.0,0.0,0.0,0.0,0.0
BAL_G,31,leather/test/cut/012.png,1,abnormal_normal,32x32,8,1013,0.013201781198279408,0.0019010931253433227,0.00590553879737854,0.010685056447982788,0.017699018120765686,0.03517953455448151,0.0,0.060325875878334045
BAL_G,31,leather/test/cut/012.png,1,defect,32x32,8,11,0.0004962628537958318,0.0,0.0,0.0,0.0,0.002729445695877075,0.0,0.005264729261398315
BAL_G,31,leather/test/cut/012.png,1,clean_defect,32x32,8,3,0.0,0.0,0.0,0.0,0.0,0.0,0.0,0.0
BAL_G,31,leather/test/cut/012.png,1,boundary,32x32,8,8,0.0006823614239692688,0.0,0.0,0.0,4.854053258895874e-05,0.0034900307655334447,0.0,0.005264729261398315
BAL_G,32,leather/test/cut/013.png,1,abnormal_normal,32x32,10,1007,0.013041882774799085,0.0019937440752983097,0.006441153585910797,0.010988324880599976,0.016898252069950104,0.032045991718769075,0.0,0.06464414298534393
BAL_G,32,leather/test/cut/013.png,1,defect,32x32,10,17,0.008171978242257062,0.0,0.0,0.0,0.01808863878250122,0.030634331703186017,0.0,0.05222427845001221
BAL_G,32,leather/test/cut/013.png,1,clean_defect,32x32,10,7,5.315882819039481e-05,0.0,0.0,0.0,0.0,0.0002604782581329343,0.0,0.00037211179733276367
BAL_G,32,leather/test/cut/013.png,1,boundary,32x32,10,10,0.01385515183210373,0.0,0.00013462454080581665,0.010590881109237671,0.019779104739427567,0.040079933404922455,0.0,0.05222427845001221
BAL_G,33,leather/test/cut/014.png,1,abnormal_normal,32x32,10,1011,0.012691019491672988,0.001689031720161438,0.006043188273906708,0.010239779949188232,0.016672156751155853,0.032808899879455566,0.0,0.08578671514987946
BAL_G,33,leather/test/cut/014.png,1,defect,32x32,10,13,0.005099500601108258,0.0,0.0,0.0,0.008795976638793945,0.021446764469146708,0.0,0.03012263774871826
BAL_G,33,leather/test/cut/014.png,1,clean_defect,32x32,10,3,0.00017771124839782715,0.0,0.0,0.0,0.0002665668725967407,0.00047982037067413326,0.0,0.0005331337451934814
BAL_G,33,leather/test/cut/014.png,1,boundary,32x32,10,10,0.006576037406921387,0.0,0.0,0.0,0.010583177208900452,0.023615732789039598,0.0,0.03012263774871826
BAL_G,34,leather/test/cut/015.png,1,abnormal_normal,32x32,5,1015,0.012842412300297779,0.002033628523349762,0.006305411458015442,0.01120893657207489,0.01683918386697769,0.030296577513217914,0.0,0.10129423439502716
BAL_G,34,leather/test/cut/015.png,1,defect,32x32,5,9,0.0006374683645036486,0.0,0.0,0.0,0.0,0.003081804513931274,0.0,0.003934592008590698
BAL_G,34,leather/test/cut/015.png,1,clean_defect,32x32,5,4,0.00045065581798553467,0.0,0.0,0.0,0.00045065581798553467,0.0015322297811508172,0.0,0.0018026232719421387
BAL_G,34,leather/test/cut/015.png,1,boundary,32x32,5,5,0.0007869184017181396,0.0,0.0,0.0,0.0,0.003147673606872558,0.0,0.003934592008590698
BAL_G,35,leather/test/cut/016.png,1,abnormal_normal,32x32,5,1010,0.01327490487901291,0.0023158714175224304,0.006897766143083572,0.011160328984260559,0.01789618283510208,0.032006366550922385,0.0,0.053553566336631775
BAL_G,35,leather/test/cut/016.png,1,defect,32x32,5,14,0.006096537624086652,0.0,0.0,6.0752034187316895e-05,0.003149949014186859,0.03537686616182327,0.0,0.04025110602378845
BAL_G,35,leather/test/cut/016.png,1,clean_defect,32x32,5,9,0.004617038700315688,0.0,0.0,0.0,0.0023230910301208496,0.0220880627632141,0.0,0.032752275466918945
BAL_G,35,leather/test/cut/016.png,1,boundary,32x32,5,5,0.008759635686874389,0.0,0.0,0.00012150406837463379,0.0034255683422088623,0.03288599848747253,0.0,0.04025110602378845
BAL_G,36,leather/test/cut/017.png,1,abnormal_normal,32x32,10,1007,0.013442360182859691,0.0021473571658134462,0.007047347724437714,0.011416897177696228,0.018120795488357544,0.031800203025341034,0.0,0.057935506105422974
BAL_G,36,leather/test/cut/017.png,1,defect,32x32,10,17,0.010889523169573615,0.0,0.0,0.0057759881019592285,0.021042168140411377,0.03232780694961548,0.0,0.03722637891769409
BAL_G,36,leather/test/cut/017.png,1,clean_defect,32x32,10,7,0.0006936958857945033,0.0,0.0,0.0,0.0009516626596450806,0.0026377797126770014,0.0,0.0029525458812713623
BAL_G,36,leather/test/cut/017.png,1,boundary,32x32,10,10,0.018026602268218995,0.0050894394516944885,0.010231003165245056,0.017308056354522705,0.022767186164855957,0.034470932185649866,0.00452771782875061,0.03722637891769409
BAL_G,37,leather/test/cut/018.png,1,abnormal_normal,32x32,15,991,0.012824534001552493,0.0024344027042388916,0.006205543875694275,0.010527998208999634,0.016645312309265137,0.0313691571354866,0.0,0.09464816749095917
BAL_G,37,leather/test/cut/018.png,1,defect,32x32,15,33,0.015548717794996319,0.0,0.0,0.0060922205448150635,0.026789575815200806,0.04503834843635558,0.0,0.06301715970039368
BAL_G,37,leather/test/cut/018.png,1,clean_defect,32x32,15,18,0.009967065519756742,0.0,0.0,0.0,0.01689136028289795,0.03454683274030683,0.0,0.049806028604507446
BAL_G,37,leather/test/cut/018.png,1,boundary,32x32,15,15,0.022246700525283814,0.0,0.0051573216915130615,0.02074757218360901,0.03816024959087372,0.0482070744037628,0.0,0.06301715970039368
BAL_G,38,leather/test/fold/000.png,1,abnormal_normal,32x32,11,1005,0.014138499955039713,0.0020856678485870364,0.006640896201133728,0.011279746890068054,0.018672078847885132,0.03407979607582092,0.0,0.08560630679130554
BAL_G,38,leather/test/fold/000.png,1,defect,32x32,11,19,0.03627785569743106,0.01638604700565338,0.027240678668022156,0.03312966227531433,0.043023332953453064,0.06287994682788847,0.01479482650756836,0.06796056032180786
BAL_G,38,leather/test/fold/000.png,1,clean_defect,32x32,11,8,0.028482288122177124,0.015511193871498108,0.02471025288105011,0.02948939800262451,0.034291863441467285,0.03857364803552628,0.01479482650756836,0.03900182247161865
BAL_G,38,leather/test/fold/000.png,1,boundary,32x32,11,11,0.041947359388524834,0.021824270486831665,0.028354674577713013,0.03689661622047424,0.05558362603187561,0.06513799726963043,0.016562849283218384,0.06796056032180786
BAL_G,39,leather/test/fold/001.png,1,abnormal_normal,32x32,9,1005,0.013120789121632552,0.002140486240386963,0.006429210305213928,0.010728597640991211,0.017530813813209534,0.031918013095855714,0.0,0.06438057124614716
BAL_G,39,leather/test/fold/001.png,1,defect,32x32,9,19,0.03899193045340086,0.02054853141307831,0.029104530811309814,0.03805947303771973,0.052174001932144165,0.05793332457542418,0.010339587926864624,0.0633516013622284
BAL_G,39,leather/test/fold/001.png,1,clean_defect,32x32,9,10,0.045500907301902774,0.028129386901855468,0.038398802280426025,0.04512032866477966,0.05500539392232895,0.06064246296882629,0.02168285846710205,0.0633516013622284
BAL_G,39,leather/test/fold/001.png,1,boundary,32x32,9,9,0.03175973395506541,0.015264284610748292,0.02316376566886902,0.02986907958984375,0.033681005239486694,0.05242472290992737,0.010339587926864624,0.05338659882545471
BAL_G,40,leather/test/fold/002.png,1,abnormal_normal,32x32,12,1003,0.012496969293977542,0.002035623788833618,0.006390102207660675,0.0103396475315094,0.016294509172439575,0.030266572535037988,0.0,0.05835209786891937
BAL_G,40,leather/test/fold/002.png,1,defect,32x32,12,21,0.03162097292287009,0.019367516040802002,0.023168951272964478,0.028319835662841797,0.03881871700286865,0.05038297176361084,0.011145740747451782,0.05376917123794556
BAL_G,40,leather/test/fold/002.png,1,clean_defect,32x32,12,9,0.03320386012395223,0.015971237421035768,0.025620609521865845,0.026633024215698242,0.046338051557540894,0.05169532299041748,0.011145740747451782,0.05376917123794556
BAL_G,40,leather/test/fold/002.png,1,boundary,32x32,12,12,0.030433807522058487,0.019876760244369508,0.021842386573553085,0.028643697500228882,0.03789733350276947,0.04444728046655654,0.019367516040802002,0.05038297176361084
BAL_G,41,leather/test/fold/003.png,1,abnormal_normal,32x32,8,1003,0.012681634333411813,0.0020976796746253966,0.006471551954746246,0.010589540004730225,0.016770973801612854,0.029699917137622833,0.0,0.09060382843017578
BAL_G,41,leather/test/fold/003.png,1,defect,32x32,8,21,0.008594601636841184,0.0,0.0034899115562438965,0.005440503358840942,0.012835502624511719,0.02222062647342682,0.0,0.03427723050117493
BAL_G,41,leather/test/fold/003.png,1,clean_defect,32x32,8,13,0.008206056860777048,0.0,4.7594308853149414e-05,0.004049837589263916,0.013933718204498291,0.027043268084526045,0.0,0.03427723050117493
BAL_G,41,leather/test/fold/003.png,1,boundary,32x32,8,8,0.009225986897945404,0.004360027611255646,0.005348481237888336,0.007591605186462402,0.012640036642551422,0.016663642227649687,0.0039764344692230225,0.018724948167800903
BAL_G,42,leather/test/fold/004.png,1,abnormal_normal,32x32,24,959,0.013092248544205714,0.0023188456892967225,0.006613932549953461,0.011184841394424438,0.018039166927337646,0.028537818789482115,0.0,0.07184261083602905
BAL_G,42,leather/test/fold/004.png,1,defect,32x32,24,65,0.029386166425851675,0.01014067530632019,0.02065560221672058,0.030541017651557922,0.037154972553253174,0.047653913497924805,0.0,0.0508081316947937
BAL_G,42,leather/test/fold/004.png,1,clean_defect,32x32,24,41,0.03147538551470128,0.010673552751541138,0.023988991975784302,0.03200069069862366,0.04032668471336365,0.04807373881340027,0.0,0.0508081316947937
BAL_G,42,leather/test/fold/004.png,1,boundary,32x32,24,24,0.025817083815733593,0.01045256406068802,0.017706885933876038,0.025102950632572174,0.03396832197904587,0.04153348505496978,0.00849480926990509,0.04488322138786316
BAL_G,43,leather/test/fold/005.png,1,abnormal_normal,32x32,24,956,0.012788254549438485,0.0019485242664813995,0.006735671311616898,0.011075899004936218,0.01665779948234558,0.028395771980285645,0.0,0.07567395269870758
BAL_G,43,leather/test/fold/005.png,1,defect,32x32,24,68,0.02519548377569984,0.011399994790554046,0.01773475855588913,0.026169687509536743,0.03195449709892273,0.03929292410612106,0.006887853145599365,0.04534974694252014
BAL_G,43,leather/test/fold/005.png,1,clean_defect,32x32,24,44,0.029341366480697285,0.017346830666065217,0.02450927346944809,0.029420465230941772,0.03499540686607361,0.040263766050338747,0.011998206377029419,0.04534974694252014
BAL_G,43,leather/test/fold/005.png,1,boundary,32x32,24,24,0.017594698816537857,0.008902212232351303,0.013622023165225983,0.016990087926387787,0.022099502384662628,0.0268767312169075,0.006887853145599365,0.0321384072303772
BAL_G,44,leather/test/fold/006.png,1,abnormal_normal,32x32,14,989,0.012942131778227187,0.0020650625228881836,0.006416290998458862,0.010762959718704224,0.016653388738632202,0.031041127443313585,0.0,0.1486997753381729
BAL_G,44,leather/test/fold/006.png,1,defect,32x32,14,35,0.02535538503101894,0.0036003410816192634,0.01734563708305359,0.02686917781829834,0.032252341508865356,0.04328695237636566,0.0,0.045029133558273315
BAL_G,44,leather/test/fold/006.png,1,clean_defect,32x32,14,21,0.025550796872093565,0.0,0.01811710000038147,0.02686917781829834,0.03404363989830017,0.04291379451751709,0.0,0.04415765404701233
BAL_G,44,leather/test/fold/006.png,1,boundary,32x32,14,14,0.025062267269407,0.009139938652515412,0.01688656210899353,0.026984259486198425,0.031883761286735535,0.03935779482126236,0.005143344402313232,0.045029133558273315
BAL_G,45,leather/test/fold/007.png,1,abnormal_normal,32x32,18,964,0.013670875772030027,0.002321813255548477,0.006801962852478027,0.011521808803081512,0.017697304487228394,0.03267292231321331,0.0,0.09036967158317566
BAL_G,45,leather/test/fold/007.png,1,defect,32x32,18,60,0.01766903301080068,0.0,0.00956805795431137,0.019177109003067017,0.02511385828256607,0.03396500200033188,0.0,0.03631815314292908
BAL_G,45,leather/test/fold/007.png,1,clean_defect,32x32,18,42,0.016058439300173803,0.0,0.005484454333782196,0.01765163242816925,0.023497849702835083,0.02977895736694336,0.0,0.034714698791503906
BAL_G,45,leather/test/fold/007.png,1,boundary,32x32,18,18,0.021427085002263386,0.006472927331924439,0.011937998235225677,0.02427390217781067,0.02975662797689438,0.03436916172504425,0.0,0.03631815314292908
BAL_G,46,leather/test/fold/008.png,1,abnormal_normal,32x32,12,997,0.013515294076447023,0.002021920680999756,0.00667998194694519,0.011256545782089233,0.018135353922843933,0.033231735229492174,0.0,0.0629584789276123
BAL_G,46,leather/test/fold/008.png,1,defect,32x32,12,27,0.023842354615529377,0.006445285677909851,0.018439143896102905,0.024325907230377197,0.03032892942428589,0.03975789546966552,0.0,0.04468032717704773
BAL_G,46,leather/test/fold/008.png,1,clean_defect,32x32,12,15,0.02492937445640564,0.007798942923545838,0.018999159336090088,0.026538997888565063,0.031185775995254517,0.041529950499534604,0.005430042743682861,0.04468032717704773
BAL_G,46,leather/test/fold/008.png,1,boundary,32x32,12,12,0.02248357981443405,0.008694572746753693,0.018663756549358368,0.021118491888046265,0.028929829597473145,0.034829211235046384,0.0,0.03877347707748413
BAL_G,47,leather/test/fold/009.png,1,abnormal_normal,32x32,20,934,0.013194907815604446,0.0017411321401596073,0.006482016295194626,0.010682746767997742,0.017612401396036148,0.03304738476872444,0.0,0.06483069062232971
BAL_G,47,leather/test/fold/009.png,1,defect,32x32,20,90,0.01985361029704412,0.0,0.009831055998802185,0.01961497962474823,0.02882535755634308,0.04668375328183174,0.0,0.052805930376052856
BAL_G,47,leather/test/fold/009.png,1,clean_defect,32x32,20,70,0.020447585838181633,0.0,0.010730158537626266,0.02069927006959915,0.02889178693294525,0.04668375328183174,0.0,0.052805930376052856
BAL_G,47,leather/test/fold/009.png,1,boundary,32x32,20,20,0.01777469590306282,0.001177164912223816,0.009554669260978699,0.016386307775974274,0.026549335569143295,0.03253151252865793,0.0,0.05115750432014465
BAL_G,48,leather/test/fold/010.png,1,abnormal_normal,32x32,23,968,0.012927588321699584,0.001730867475271225,0.006216824054718018,0.011042021214962006,0.017164107412099838,0.03053430393338203,0.0,0.0554397851228714
BAL_G,48,leather/test/fold/010.png,1,defect,32x32,23,56,0.025934557297400067,0.0,0.013162590563297272,0.027983658015727997,0.03835152089595795,0.05201245844364166,0.0,0.06201121211051941
BAL_G,48,leather/test/fold/010.png,1,clean_defect,32x32,23,33,0.02819338756980318,0.0,0.013219892978668213,0.03064948320388794,0.03975823521614075,0.052910459041595456,0.0,0.06201121211051941
BAL_G,48,leather/test/fold/010.png,1,boundary,32x32,23,23,0.022693626906560814,0.0034250110387802125,0.011873878538608551,0.019986867904663086,0.03470446914434433,0.043966868519783014,0.0,0.051849424839019775
BAL_G,49,leather/test/fold/011.png,1,abnormal_normal,32x32,12,1000,0.012875226438045501,0.0015239492058753967,0.005933985114097595,0.010379545390605927,0.017571203410625458,0.030764127522706956,0.0,0.059830158948898315
BAL_G,49,leather/test/fold/011.png,1,defect,32x32,12,24,0.027453426271677017,0.0,0.01416362076997757,0.0340908020734787,0.042023807764053345,0.05041924566030502,0.0,0.06023189425468445
BAL_G,49,leather/test/fold/011.png,1,clean_defect,32x32,12,12,0.02429448316494624,0.0,0.010773248970508575,0.022637993097305298,0.042023807764053345,0.04775422960519791,0.0,0.04890340566635132
BAL_G,49,leather/test/fold/011.png,1,boundary,32x32,12,12,0.030612369378407795,0.00011831223964691164,0.01639796793460846,0.03465829789638519,0.04154589772224426,0.05498206317424773,0.0,0.06023189425468445
BAL_G,50,leather/test/fold/012.png,1,abnormal_normal,32x32,9,997,0.013245556305499827,0.0017644047737121584,0.0065312981605529785,0.011079937219619751,0.01790161430835724,0.03082255125045774,0.0,0.07836680114269257
BAL_G,50,leather/test/fold/012.png,1,defect,32x32,9,27,0.02779750912277787,0.0,0.021649405360221863,0.03316694498062134,0.03933259844779968,0.043749719858169556,0.0,0.0513346791267395
BAL_G,50,leather/test/fold/012.png,1,clean_defect,32x32,9,18,0.025524413420094386,0.0,0.021108709275722504,0.02447645366191864,0.039177700877189636,0.04166737049818039,0.0,0.04403725266456604
BAL_G,50,leather/test/fold/012.png,1,boundary,32x32,9,9,0.032343700528144836,0.0071537792682647705,0.031137585639953613,0.03659793734550476,0.040350496768951416,0.0480323314666748,0.0,0.0513346791267395
BAL_G,51,leather/test/fold/013.png,1,abnormal_normal,32x32,7,1008,0.01251952699016011,0.0022557787597179413,0.006245903670787811,0.010382108390331268,0.016855616122484207,0.028534112870693205,0.0,0.07199923694133759
BAL_G,51,leather/test/fold/013.png,1,defect,32x32,7,16,0.029047305695712566,0.009181283414363861,0.017939891666173935,0.029233716428279877,0.03922899812459946,0.049661122262477875,0.00610700249671936,0.054859936237335205
BAL_G,51,leather/test/fold/013.png,1,clean_defect,32x32,7,9,0.03563048938910166,0.01745502054691315,0.02901393175125122,0.038025617599487305,0.04454946517944336,0.052087235450744625,0.016900882124900818,0.054859936237335205
BAL_G,51,leather/test/fold/013.png,1,boundary,32x32,7,7,0.02058321237564087,0.00733671486377716,0.012215115129947662,0.02171403169631958,0.026238270103931427,0.03638432770967483,0.00610700249671936,0.039354681968688965
BAL_G,52,leather/test/fold/014.png,1,abnormal_normal,32x32,12,996,0.012758807694337454,0.001645408570766449,0.0061285048723220825,0.010611757636070251,0.01739909127354622,0.030084379017353058,0.0,0.05887340009212494
BAL_G,52,leather/test/fold/014.png,1,defect,32x32,12,28,0.01829434186220169,0.0,0.007668454200029373,0.017117589712142944,0.029245417565107346,0.03831368535757065,0.0,0.03888440132141113
BAL_G,52,leather/test/fold/014.png,1,clean_defect,32x32,12,16,0.012801730073988438,0.0,0.004952572286128998,0.00830104947090149,0.019667133688926697,0.031582675874233246,0.0,0.03732365369796753
BAL_G,52,leather/test/fold/014.png,1,boundary,32x32,12,12,0.025617824246486027,0.007930348068475724,0.019144974648952484,0.027026906609535217,0.03401169180870056,0.038711079955101015,0.00770018994808197,0.03888440132141113
BAL_G,53,leather/test/fold/015.png,1,abnormal_normal,32x32,26,966,0.013488861730256683,0.002251043915748596,0.007026955485343933,0.011605300009250641,0.018298953771591187,0.0295095257461071,0.0,0.08194231986999512
BAL_G,53,leather/test/fold/015.png,1,defect,32x32,26,58,0.026832980842425906,0.005810059607028961,0.018214203417301178,0.025824084877967834,0.035085394978523254,0.0459008514881134,0.0,0.05147656798362732
BAL_G,53,leather/test/fold/015.png,1,clean_defect,32x32,26,32,0.03131449921056628,0.0075951933860778816,0.025027945637702942,0.03151637315750122,0.04023639112710953,0.04860340356826782,0.0,0.05147656798362732
BAL_G,53,leather/test/fold/015.png,1,boundary,32x32,26,26,0.021317265927791595,0.006974801421165466,0.016244377940893173,0.02361464500427246,0.025867991149425507,0.037577562034130096,0.0036749541759490967,0.045252859592437744
BAL_G,54,leather/test/fold/016.png,1,abnormal_normal,32x32,28,965,0.013259180700840728,0.0021678298711776734,0.006409883499145508,0.01093001663684845,0.01725676655769348,0.03148015141487121,0.0,0.10296159982681274
BAL_G,54,leather/test/fold/016.png,1,defect,32x32,28,59,0.023758544760235284,0.008225105702877045,0.016899466514587402,0.023203909397125244,0.028884783387184143,0.03822366893291473,0.004741787910461426,0.06396651268005371
BAL_G,54,leather/test/fold/016.png,1,clean_defect,32x32,28,31,0.028222679130492673,0.017771944403648376,0.021957173943519592,0.02684113383293152,0.033964261412620544,0.042966365814208984,0.014572978019714355,0.06396651268005371
BAL_G,54,leather/test/fold/016.png,1,boundary,32x32,28,28,0.018816110278878893,0.006714513897895813,0.011217504739761353,0.01721663773059845,0.026107672601938248,0.03299536556005477,0.004741787910461426,0.0346527099609375
BAL_G,55,leather/test/glue/000.png,1,abnormal_normal,32x32,6,1000,0.012455703258514405,0.00235128253698349,0.006076522171497345,0.010361827909946442,0.016551900655031204,0.028259619325399395,0.0,0.11267082393169403
BAL_G,55,leather/test/glue/000.png,1,defect,32x32,6,24,0.018186093618472416,0.005953429639339447,0.01288999617099762,0.02027180790901184,0.023412182927131653,0.027537468075752254,0.005649983882904053,0.031194955110549927
BAL_G,55,leather/test/glue/000.png,1,clean_defect,32x32,6,18,0.018409487273957994,0.007688093185424805,0.01370055228471756,0.01940983533859253,0.022830694913864136,0.028349667787551876,0.005649983882904053,0.031194955110549927
BAL_G,55,leather/test/glue/000.png,1,boundary,32x32,6,6,0.017515912652015686,0.005958236753940582,0.00997626781463623,0.022146016359329224,0.02352277934551239,0.024693652987480164,0.005946218967437744,0.024955838918685913
BAL_G,56,leather/test/glue/001.png,1,abnormal_normal,32x32,8,1009,0.012730617264453672,0.0018880963325500488,0.006096363067626953,0.010682821273803711,0.016393005847930908,0.029909276962280223,0.0,0.10039420425891876
BAL_G,56,leather/test/glue/001.png,1,defect,32x32,8,15,0.006764596700668335,0.0,0.0,0.006840050220489502,0.012222975492477417,0.017441064119338986,0.0,0.01930755376815796
BAL_G,56,leather/test/glue/001.png,1,clean_defect,32x32,8,7,0.009565715278897966,0.002052015066146851,0.006969764828681946,0.011369556188583374,0.01250489056110382,0.015632915496826168,0.0,0.01664113998413086
BAL_G,56,leather/test/glue/001.png,1,boundary,32x32,8,8,0.004313617944717407,0.0,0.0,0.00022117793560028076,0.00471099466085434,0.01700070649385452,0.0,0.01930755376815796
BAL_G,57,leather/test/glue/002.png,1,abnormal_normal,32x32,3,1015,0.012472303630095985,0.0014467328786849976,0.006100915372371674,0.009830206632614136,0.016098879277706146,0.03168990612030029,0.0,0.09877210855484009
BAL_G,57,leather/test/glue/002.png,1,defect,32x32,3,9,0.006861799293094211,0.00043675899505615237,0.0018381476402282715,0.006116002798080444,0.009581208229064941,0.01399010419845581,0.0,0.014043867588043213
BAL_G,57,leather/test/glue/002.png,1,clean_defect,32x32,3,6,0.006048828363418579,0.0002729743719100952,0.0022604912519454956,0.005941137671470642,0.008586004376411438,0.012784428894519806,0.0,0.013909459114074707
BAL_G,57,leather/test/glue/002.png,1,boundary,32x32,3,3,0.008487741152445475,0.0026124536991119383,0.0057096779346466064,0.009581208229064941,0.011812537908554077,0.013597601652145385,0.0018381476402282715,0.014043867588043213
BAL_G,58,leather/test/glue/003.png,1,abnormal_normal,32x32,13,989,0.012949154609616534,0.0020887434482574465,0.006176978349685669,0.010933741927146912,0.016662508249282837,0.03321393132209777,0.0,0.06520117819309235
BAL_G,58,leather/test/glue/003.png,1,defect,32x32,13,35,0.029070684739521572,0.01555609107017517,0.023034274578094482,0.028893321752548218,0.0362682044506073,0.03996881544589996,0.01400938630104065,0.04118692874908447
BAL_G,58,leather/test/glue/003.png,1,clean_defect,32x32,13,22,0.0258577899499373,0.014644771814346313,0.022326581180095673,0.025120407342910767,0.02905327081680298,0.035283294320106504,0.01400938630104065,0.03641483187675476
BAL_G,58,leather/test/glue/003.png,1,boundary,32x32,13,13,0.03450789130651034,0.019557499885559083,0.03578653931617737,0.03716030716896057,0.03880080580711365,0.04095377326011658,0.01606091856956482,0.04118692874908447
BAL_G,59,leather/test/glue/004.png,1,abnormal_normal,32x32,8,1016,0.013250660532572138,0.001979447901248932,0.0063475631177425385,0.010809406638145447,0.017702315002679825,0.031270742416381836,0.0,0.08831717073917389
BAL_G,59,leather/test/glue/004.png,1,defect,32x32,8,8,0.002249889075756073,0.0,0.0,0.0,0.0,0.01169942319393157,0.0,0.017999112606048584
BAL_G,59,leather/test/glue/004.png,1,clean_defect,32x32,8,0,,,,,,,,
BAL_G,59,leather/test/glue/004.png,1,boundary,32x32,8,8,0.002249889075756073,0.0,0.0,0.0,0.0,0.01169942319393157,0.0,0.017999112606048584
BAL_G,60,leather/test/glue/005.png,1,abnormal_normal,32x32,7,1001,0.012341246797845557,0.002090826630592346,0.006222635507583618,0.010433822870254517,0.01658940315246582,0.02777622640132904,0.0,0.05817846953868866
BAL_G,60,leather/test/glue/005.png,1,defect,32x32,7,23,0.014105206598406252,0.0015428811311721802,0.008744224905967712,0.016126275062561035,0.01802508533000946,0.027075102925300593,0.0,0.028540432453155518
BAL_G,60,leather/test/glue/005.png,1,clean_defect,32x32,7,16,0.015503321774303913,0.0060065388679504395,0.010376587510108948,0.016872823238372803,0.019054077565670013,0.025148160755634308,0.0,0.02737155556678772
BAL_G,60,leather/test/glue/005.png,1,boundary,32x32,7,7,0.010909514767783028,0.0017738193273544312,0.002978593111038208,0.007493138313293457,0.016474217176437378,0.02502495050430297,0.0014274120330810547,0.028540432453155518
BAL_G,61,leather/test/glue/006.png,1,abnormal_normal,32x32,6,1010,0.012964653629477662,0.0016863003373146059,0.00635528564453125,0.011083148419857025,0.017596568912267685,0.030458109825849514,0.0,0.07112105190753937
BAL_G,61,leather/test/glue/006.png,1,defect,32x32,6,14,0.01363555874143328,0.0,0.001539759337902069,0.012060672044754028,0.024214021861553192,0.03225404769182205,0.0,0.03321400284767151
BAL_G,61,leather/test/glue/006.png,1,clean_defect,32x32,6,8,0.018308449536561966,0.006429299712181091,0.010191909968852997,0.013678833842277527,0.030276574194431305,0.032697103917598724,0.006159037351608276,0.03321400284767151
BAL_G,61,leather/test/glue/006.png,1,boundary,32x32,6,6,0.007405037681261699,0.0,0.0,0.0,0.013662971556186676,0.024214021861553192,0.0,0.02621293067932129
BAL_G,62,leather/test/glue/007.png,1,abnormal_normal,32x32,10,1010,0.012375872456791377,0.0017800435423851013,0.005944244563579559,0.01059916615486145,0.01647612825036049,0.0301307015120983,0.0,0.061698779463768005
BAL_G,62,leather/test/glue/007.png,1,defect,32x32,10,14,0.011293202638626099,0.0,0.0031888410449028015,0.00868639349937439,0.016718946397304535,0.029399797320365906,0.0,0.03074166178703308
BAL_G,62,leather/test/glue/007.png,1,clean_defect,32x32,10,4,0.018228724598884583,0.006747099757194519,0.010830387473106384,0.018223479390144348,0.025621816515922546,0.029717692732810972,0.005726277828216553,0.03074166178703308
BAL_G,62,leather/test/glue/007.png,1,boundary,32x32,10,10,0.008518993854522705,0.0,0.000751689076423645,0.0042678117752075195,0.015322476625442505,0.023321688175201402,0.0,0.028677254915237427
BAL_G,63,leather/test/glue/008.png,1,abnormal_normal,32x32,8,1008,0.01318201869134865,0.002273114025592804,0.006400760263204575,0.01073746383190155,0.017110023647546768,0.030515967309474944,0.0,0.0819791704416275
BAL_G,63,leather/test/glue/008.png,1,defect,32x32,8,16,0.01764022558927536,0.0,0.013563856482505798,0.01949845254421234,0.021779365837574005,0.030457645654678345,0.0,0.036016881465911865
BAL_G,63,leather/test/glue/008.png,1,clean_defect,32x32,8,8,0.01768495887517929,0.004743391275405884,0.014645881950855255,0.01949845254421234,0.021455824375152588,0.027364437282085416,0.0,0.028604567050933838
BAL_G,63,leather/test/glue/008.png,1,boundary,32x32,8,8,0.01759549230337143,0.0019493937492370606,0.011568143963813782,0.01939113438129425,0.02204955369234085,0.03256070464849471,0.0,0.036016881465911865
BAL_G,64,leather/test/glue/009.png,1,abnormal_normal,32x32,5,1016,0.012627871340419363,0.0017637908458709717,0.005893446505069733,0.010698489844799042,0.016420070081949234,0.03163524717092514,0.0,0.08555029332637787
BAL_G,64,leather/test/glue/009.png,1,defect,32x32,5,8,0.0007651485502719879,0.0,0.0,0.0,0.0002596154808998108,0.003703995048999784,0.0,0.0053768157958984375
BAL_G,64,leather/test/glue/009.png,1,clean_defect,32x32,5,3,0.00019910931587219238,0.0,0.0,0.0,0.0002986639738082886,0.0005375951528549193,0.0,0.0005973279476165771
BAL_G,64,leather/test/glue/009.png,1,boundary,32x32,5,5,0.0011047720909118652,0.0,0.0,0.0,0.00014704465866088867,0.004330861568450927,0.0,0.0053768157958984375
BAL_G,65,leather/test/glue/010.png,1,abnormal_normal,32x32,6,1015,0.012507158708689835,0.001727256178855896,0.005966514348983765,0.010560020804405212,0.016614362597465515,0.02971189469099044,0.0,0.131751149892807
BAL_G,65,leather/test/glue/010.png,1,defect,32x32,6,9,0.0036233001285129124,0.0,0.0,0.0,0.002285569906234741,0.01583452224731445,0.0,0.01898878812789917
BAL_G,65,leather/test/glue/010.png,1,clean_defect,32x32,6,3,0.0,0.0,0.0,0.0,0.0,0.0,0.0,0.0
BAL_G,65,leather/test/glue/010.png,1,boundary,32x32,6,6,0.005434950192769368,0.0,5.805492401123047e-05,0.0012588948011398315,0.008898735046386719,0.017017371952533722,0.0,0.01898878812789917
BAL_G,66,leather/test/glue/011.png,1,abnormal_normal,32x32,5,1017,0.012662445476155951,0.002113538980484009,0.005940854549407959,0.010024696588516235,0.01693129539489746,0.03078184127807616,0.0,0.06356190145015717
BAL_G,66,leather/test/glue/011.png,1,defect,32x32,5,7,0.008316538163593836,0.0,0.0,0.002647608518600464,0.016644835472106934,0.021970140933990478,0.0,0.02227848768234253
BAL_G,66,leather/test/glue/011.png,1,clean_defect,32x32,5,2,0.001323804259300232,0.0001323804259300232,0.000661902129650116,0.001323804259300232,0.001985706388950348,0.0025152280926704403,0.0,0.002647608518600464
BAL_G,66,leather/test/glue/011.png,1,boundary,32x32,5,5,0.011113631725311279,0.0,0.0,0.012039005756378174,0.021250665187835693,0.022072923183441163,0.0,0.02227848768234253
BAL_G,67,leather/test/glue/012.png,1,abnormal_normal,32x32,8,1011,0.012699470911488217,0.0020042136311531067,0.006240345537662506,0.0104503333568573,0.01647409051656723,0.03145074099302292,0.0,0.05616647005081177
BAL_G,67,leather/test/glue/012.png,1,defect,32x32,8,13,0.021141373194181003,0.0016982853412628174,0.0071506500244140625,0.01937618851661682,0.035124361515045166,0.047313821315765364,0.00098419189453125,0.053144872188568115
BAL_G,67,leather/test/glue/012.png,1,clean_defect,32x32,8,5,0.035271060466766355,0.016867011785507202,0.026139944791793823,0.03909525275230408,0.043426454067230225,0.05120118856430054,0.014548778533935547,0.053144872188568115
BAL_G,67,leather/test/glue/012.png,1,boundary,32x32,8,8,0.012310318648815155,0.0014007464051246643,0.003586597740650177,0.007310405373573303,0.020068466663360596,0.030581690371036523,0.00098419189453125,0.035124361515045166
BAL_G,68,leather/test/glue/013.png,1,abnormal_normal,32x32,7,1001,0.01216155881588752,0.0018364191055297852,0.006342574954032898,0.010289683938026428,0.01594594120979309,0.028436139225959778,0.0,0.07565416395664215
BAL_G,68,leather/test/glue/013.png,1,defect,32x32,7,23,0.0154029105020606,0.0013267606496810914,0.008955463767051697,0.01678168773651123,0.021648719906806946,0.027903333306312558,0.0,0.031527042388916016
BAL_G,68,leather/test/glue/013.png,1,clean_defect,32x32,7,16,0.0175243578851223,0.0044740960001945496,0.011717423796653748,0.01765914261341095,0.02230416238307953,0.02897728979587555,0.003080308437347412,0.031527042388916016
BAL_G,68,leather/test/glue/013.png,1,boundary,32x32,7,7,0.010553887912205287,0.00033957660198211673,0.0037008821964263916,0.007007628679275513,0.01706048846244812,0.023886284232139583,0.0,0.025346845388412476
BAL_G,69,leather/test/glue/014.png,1,abnormal_normal,32x32,5,1015,0.012839317365820184,0.0018104836344718933,0.006429053843021393,0.010628625750541687,0.01659931242465973,0.03196251392364501,0.0,0.07894532382488251
BAL_G,69,leather/test/glue/014.png,1,defect,32x32,5,9,0.00995179017384847,0.0,0.000792384147644043,0.010406136512756348,0.0164986252784729,0.02142934203147888,0.0,0.024436265230178833
BAL_G,69,leather/test/glue/014.png,1,clean_defect,32x32,5,4,0.006847292184829712,0.00011885762214660647,0.0005942881107330322,0.005235105752944946,0.011488109827041626,0.015832787752151488,0.0,0.016918957233428955
BAL_G,69,leather/test/glue/014.png,1,boundary,32x32,5,5,0.012435388565063477,0.00208122730255127,0.010406136512756348,0.010835915803909302,0.0164986252784729,0.022848737239837644,0.0,0.024436265230178833
BAL_G,70,leather/test/glue/015.png,1,abnormal_normal,32x32,9,1010,0.012310312570321677,0.002036906033754349,0.006176527589559555,0.010456942021846771,0.016191117465496063,0.03012787401676177,0.0,0.05735088884830475
BAL_G,70,leather/test/glue/015.png,1,defect,32x32,9,14,0.008599181260381426,0.0,0.0012121349573135376,0.007607579231262207,0.013929814100265503,0.019282364845275873,0.0,0.02598467469215393
BAL_G,70,leather/test/glue/015.png,1,clean_defect,32x32,9,5,0.013998746871948242,0.006696021556854248,0.00731128454208374,0.01448214054107666,0.015673428773880005,0.023922425508499143,0.006542205810546875,0.02598467469215393
BAL_G,70,leather/test/glue/015.png,1,boundary,32x32,9,9,0.00559942258728875,0.0,0.00022596120834350586,0.0030851662158966064,0.010938942432403564,0.014137274026870726,0.0,0.015380233526229858
BAL_G,71,leather/test/glue/016.png,1,abnormal_normal,32x32,13,1003,0.013055173849179999,0.00203140527009964,0.006492719054222107,0.01083672046661377,0.017001017928123474,0.03172813653945923,0.0,0.09524664282798767
BAL_G,71,leather/test/glue/016.png,1,defect,32x32,13,21,0.024432917435963947,0.006401687860488892,0.016111910343170166,0.022206872701644897,0.03391522169113159,0.050188422203063965,0.004547566175460815,0.05413621664047241
BAL_G,71,leather/test/glue/016.png,1,clean_defect,32x32,13,8,0.019445892423391342,0.006283316016197205,0.011543922126293182,0.016291454434394836,0.019645795226097107,0.04378607571125029,0.004547566175460815,0.05413621664047241
BAL_G,71,leather/test/glue/016.png,1,boundary,32x32,13,13,0.0275018559052394,0.009480488300323487,0.021118611097335815,0.02578437328338623,0.03781667351722717,0.04651957154273986,0.006401687860488892,0.050188422203063965
BAL_G,72,leather/test/glue/017.png,1,abnormal_normal,32x32,15,992,0.01305477534450831,0.0019588842988014226,0.00622500479221344,0.0106905996799469,0.01770884543657303,0.03274451047182081,0.0,0.051423266530036926
BAL_G,72,leather/test/glue/017.png,1,defect,32x32,15,32,0.016865241341292858,0.0005856603384017944,0.010405190289020538,0.015008091926574707,0.022792823612689972,0.03486257791519164,0.0,0.04303455352783203
BAL_G,72,leather/test/glue/017.png,1,clean_defect,32x32,15,17,0.018809230888591093,0.0068644404411315925,0.010427802801132202,0.014854073524475098,0.026321619749069214,0.04082846641540527,0.0010648369789123535,0.04303455352783203
BAL_G,72,leather/test/glue/017.png,1,boundary,32x32,15,15,0.014662053187688191,0.0,0.009590670466423035,0.015462487936019897,0.021821781992912292,0.02397757768630981,0.0,0.026333898305892944
BAL_G,73,leather/test/glue/018.png,1,abnormal_normal,32x32,4,1015,0.01284579794688765,0.002267332375049591,0.006490394473075867,0.011063292622566223,0.016750723123550415,0.030692851543426512,0.0,0.08315211534500122
BAL_G,73,leather/test/glue/018.png,1,defect,32x32,4,9,0.01882128914197286,0.0058018088340759276,0.01380246877670288,0.02207091450691223,0.025585591793060303,0.028386026620864868,0.004048049449920654,0.02918139100074768
BAL_G,73,leather/test/glue/018.png,1,clean_defect,32x32,4,5,0.019354820251464844,0.010146212577819825,0.01700127124786377,0.02207091450691223,0.02207648754119873,0.026169681549072264,0.008432447910308838,0.02719298005104065
BAL_G,73,leather/test/glue/018.png,1,boundary,32x32,4,4,0.01815437525510788,0.0055112123489379885,0.011363863945007324,0.019694030284881592,0.026484541594982147,0.028642021119594574,0.004048049449920654,0.02918139100074768
BAL_G,74,leather/test/good/000.png,0,normal_image,32x32,0,1024,0.01268961007008329,0.0018322363495826724,0.005860812962055206,0.01044958084821701,0.016530953347682953,0.03292394056916233,0.0,0.06231442093849182
BAL_G,75,leather/test/good/001.png,0,normal_image,32x32,0,1024,0.012589245307026431,0.0019598871469497683,0.006259448826313019,0.010517574846744537,0.01628977432847023,0.030196580290794355,0.0,0.10285855829715729
BAL_G,76,leather/test/good/002.png,0,normal_image,32x32,0,1024,0.013025769629166462,0.0019752368330955505,0.006183374673128128,0.010721370577812195,0.017367489635944366,0.03082269728183744,0.0,0.09617917239665985
BAL_G,77,leather/test/good/003.png,0,normal_image,32x32,0,1024,0.012478409291361459,0.001741425693035126,0.005562011152505875,0.010169625282287598,0.01634252816438675,0.029736837744712825,0.0,0.10982900857925415
BAL_G,78,leather/test/good/004.png,0,normal_image,32x32,0,1024,0.01288853056030348,0.002305407822132111,0.006475493311882019,0.010346665978431702,0.016322720795869827,0.0317863792181015,0.0,0.07682996988296509
BAL_G,79,leather/test/good/005.png,0,normal_image,32x32,0,1024,0.012428582675056532,0.0017829984426498417,0.00600866973400116,0.01024993509054184,0.0164354108273983,0.030003339797258374,0.0,0.0864667296409607
BAL_G,80,leather/test/good/006.png,0,normal_image,32x32,0,1024,0.011986790865194052,0.0019511885941028595,0.005735661834478378,0.010028168559074402,0.015826568007469177,0.02963847368955612,0.0,0.062327057123184204
BAL_G,81,leather/test/good/007.png,0,normal_image,32x32,0,1024,0.01283818761294242,0.0017743952572345735,0.006145361810922623,0.010320447385311127,0.01673029735684395,0.03247837647795677,0.0,0.07986816763877869
BAL_G,82,leather/test/good/008.png,0,normal_image,32x32,0,1024,0.012554827320855111,0.0017171822488307956,0.0061397552490234375,0.010206557810306549,0.016245801001787186,0.03177641928195952,0.0,0.06914986670017242
BAL_G,83,leather/test/good/009.png,0,normal_image,32x32,0,1024,0.012370181400910951,0.0017233669757843024,0.005968756973743439,0.010254107415676117,0.01691184565424919,0.029114708304405178,0.0,0.08610926568508148
BAL_G,84,leather/test/good/010.png,0,normal_image,32x32,0,1024,0.012907124139019288,0.0019562862813472747,0.00624527782201767,0.010690562427043915,0.01685931533575058,0.03232503011822696,0.0,0.07805308699607849
BAL_G,85,leather/test/good/011.png,0,normal_image,32x32,0,1024,0.012377427992760204,0.001750725507736206,0.0058054327964782715,0.009977519512176514,0.01566223055124283,0.03155004531145091,0.0,0.10348325967788696
BAL_G,86,leather/test/good/012.png,0,normal_image,32x32,0,1024,0.012611569371074438,0.002092492580413818,0.005699679255485535,0.010248005390167236,0.016234688460826874,0.03205236047506332,0.0,0.12775865197181702
BAL_G,87,leather/test/good/013.png,0,normal_image,32x32,0,1024,0.012695966739556752,0.0016072511672973633,0.005572408437728882,0.010010667145252228,0.016891956329345703,0.03306881338357925,0.0,0.13941189646720886
BAL_G,88,leather/test/good/014.png,0,normal_image,32x32,0,1024,0.012647760057006963,0.001609268039464951,0.005717020481824875,0.010270372033119202,0.01670016720890999,0.03227385357022281,0.0,0.07973165810108185
BAL_G,89,leather/test/good/015.png,0,normal_image,32x32,0,1024,0.012425758497556672,0.0016090378165245058,0.005721189081668854,0.010039277374744415,0.016517274081707,0.03180826380848884,0.0,0.07547777891159058
BAL_G,90,leather/test/good/016.png,0,normal_image,32x32,0,1024,0.01267348721739836,0.001716400682926178,0.005851071327924728,0.010310351848602295,0.016850560903549194,0.031669969111680955,0.0,0.09691181778907776
BAL_G,91,leather/test/good/017.png,0,normal_image,32x32,0,1024,0.012819978277548216,0.0014899373054504399,0.0058504752814769745,0.010436497628688812,0.01717698574066162,0.030506397038698188,0.0,0.08895188570022583
BAL_G,92,leather/test/good/018.png,0,normal_image,32x32,0,1024,0.012573063359013759,0.0017146050930023195,0.005683034658432007,0.010022416710853577,0.01668688654899597,0.03166571855545042,0.0,0.08193647861480713
BAL_G,93,leather/test/good/019.png,0,normal_image,32x32,0,1024,0.012955611280631274,0.0018069036304950714,0.006257414817810059,0.010433018207550049,0.01666225865483284,0.03219069465994834,0.0,0.0808204710483551
BAL_G,94,leather/test/good/020.png,0,normal_image,32x32,0,1024,0.012752713708323427,0.0018943369388580323,0.006095621734857559,0.010332465171813965,0.017051178961992264,0.030419664829969398,0.0,0.08453667163848877
BAL_G,95,leather/test/good/021.png,0,normal_image,32x32,0,1024,0.01257822455954738,0.0019180871546268464,0.005840383470058441,0.010411761701107025,0.016456689685583115,0.03078273311257362,0.0,0.08513951301574707
BAL_G,96,leather/test/good/022.png,0,normal_image,32x32,0,1024,0.012980404309928417,0.0015467546880245213,0.00611819326877594,0.010334670543670654,0.017512328922748566,0.03370938971638669,0.0,0.058713555335998535
BAL_G,97,leather/test/good/023.png,0,normal_image,32x32,0,1024,0.012636139712412842,0.0013341136276721955,0.005891527980566025,0.010220646858215332,0.016842085868120193,0.03219385296106338,0.0,0.07325239479541779
BAL_G,98,leather/test/good/024.png,0,normal_image,32x32,0,1024,0.012823440658394247,0.0021809324622154235,0.006289813667535782,0.010708242654800415,0.016799326986074448,0.030927639454603178,0.0,0.05972789227962494
BAL_G,99,leather/test/good/025.png,0,normal_image,32x32,0,1024,0.012793550078640692,0.001980816572904587,0.006421729922294617,0.010783389210700989,0.016644969582557678,0.030277162045240395,0.0,0.1055215448141098
BAL_G,100,leather/test/good/026.png,0,normal_image,32x32,0,1024,0.012721522303763777,0.002022732794284821,0.005998656153678894,0.01044192910194397,0.016444161534309387,0.031753209233283994,0.0,0.0860702395439148
BAL_G,101,leather/test/good/027.png,0,normal_image,32x32,0,1024,0.01206932334753219,0.0019476294517517092,0.005677606910467148,0.009956151247024536,0.015578459948301315,0.028744129836559273,0.0,0.09134230017662048
BAL_G,102,leather/test/good/028.png,0,normal_image,32x32,0,1024,0.012140474136685953,0.001554691791534424,0.00560007244348526,0.010044507682323456,0.016311611980199814,0.029105480015277855,0.0,0.08281689882278442
BAL_G,103,leather/test/good/029.png,0,normal_image,32x32,0,1024,0.012350565870292485,0.0016444198787212373,0.005619604140520096,0.01022443175315857,0.016922686249017715,0.030146527290344213,0.0,0.07185357809066772
BAL_G,104,leather/test/good/030.png,0,normal_image,32x32,0,1024,0.012479070428526029,0.0017126463353633883,0.005863960832357407,0.009951040148735046,0.016779515892267227,0.03163364678621288,0.0,0.09621457755565643
BAL_G,105,leather/test/good/031.png,0,normal_image,32x32,0,1024,0.012014095525955781,0.0015102446079254155,0.005728814750909805,0.009934864938259125,0.016417421400547028,0.029051769524812678,0.0,0.060134246945381165
BAL_G,106,leather/test/poke/000.png,1,abnormal_normal,32x32,4,1018,0.012666575918029006,0.0018083289265632629,0.006134882569313049,0.01081550121307373,0.016512125730514526,0.03021457493305206,0.0,0.09029839932918549
BAL_G,106,leather/test/poke/000.png,1,defect,32x32,4,6,0.00011418759822845459,0.0,0.0,0.0,0.0,0.0005138441920280457,0.0,0.0006851255893707275
BAL_G,106,leather/test/poke/000.png,1,clean_defect,32x32,4,2,0.0,0.0,0.0,0.0,0.0,0.0,0.0,0.0
BAL_G,106,leather/test/poke/000.png,1,boundary,32x32,4,4,0.00017128139734268188,0.0,0.0,0.0,0.00017128139734268188,0.0005823567509651181,0.0,0.0006851255893707275
BAL_G,107,leather/test/poke/001.png,1,abnormal_normal,32x32,6,1015,0.013013212184600642,0.001892511546611786,0.0065835341811180115,0.010794118046760559,0.016847997903823853,0.03215740174055099,0.0,0.05795085430145264
BAL_G,107,leather/test/poke/001.png,1,defect,32x32,6,9,0.00502434704038832,0.0,0.0,0.0,0.009534776210784912,0.01824047565460205,0.0,0.019833683967590332
BAL_G,107,leather/test/poke/001.png,1,clean_defect,32x32,6,3,0.0,0.0,0.0,0.0,0.0,0.0,0.0,0.0
BAL_G,107,leather/test/poke/001.png,1,boundary,32x32,6,6,0.0075365205605824786,0.0,0.0,0.004767388105392456,0.01427169144153595,0.018837928771972656,0.0,0.019833683967590332
BAL_G,108,leather/test/poke/002.png,1,abnormal_normal,32x32,6,1014,0.013058738786675756,0.0021848961710929874,0.006599590182304382,0.011175066232681274,0.016985569149255753,0.029446039348840703,0.0,0.07414233684539795
BAL_G,108,leather/test/poke/002.png,1,defect,32x32,6,10,0.0013609856367111206,0.0,0.0,0.00041131675243377686,0.0013916417956352234,0.0052289709448814356,0.0,0.006848931312561035
BAL_G,108,leather/test/poke/002.png,1,clean_defect,32x32,6,4,0.0,0.0,0.0,0.0,0.0,0.0,0.0,0.0
BAL_G,108,leather/test/poke/002.png,1,boundary,32x32,6,6,0.002268309394518534,0.00020565837621688843,0.0009296312928199768,0.001344636082649231,0.0027964264154434204,0.005948953330516815,0.0,0.006848931312561035
BAL_G,109,leather/test/poke/003.png,1,abnormal_normal,32x32,3,1018,0.013534237131154373,0.0025807343423366546,0.006763741374015808,0.011154718697071075,0.018201619386672974,0.03222588449716568,0.0,0.06503446400165558
BAL_G,109,leather/test/poke/003.png,1,defect,32x32,3,6,0.0016426146030426025,0.0,0.0,0.0,0.0,0.007391765713691711,0.0,0.009855687618255615
BAL_G,109,leather/test/poke/003.png,1,clean_defect,32x32,3,3,0.0,0.0,0.0,0.0,0.0,0.0,0.0,0.0
BAL_G,109,leather/test/poke/003.png,1,boundary,32x32,3,3,0.003285229206085205,0.0,0.0,0.0,0.004927843809127808,0.008870118856430053,0.0,0.009855687618255615
BAL_G,110,leather/test/poke/004.png,1,abnormal_normal,32x32,4,1018,0.012685124394584498,0.0017241232097148895,0.006408229470252991,0.010364629328250885,0.016365978866815567,0.031188166886568065,0.0,0.0909697413444519
BAL_G,110,leather/test/poke/004.png,1,defect,32x32,4,6,0.0,0.0,0.0,0.0,0.0,0.0,0.0,0.0
BAL_G,110,leather/test/poke/004.png,1,clean_defect,32x32,4,2,0.0,0.0,0.0,0.0,0.0,0.0,0.0,0.0
BAL_G,110,leather/test/poke/004.png,1,boundary,32x32,4,4,0.0,0.0,0.0,0.0,0.0,0.0,0.0,0.0
BAL_G,111,leather/test/poke/005.png,1,abnormal_normal,32x32,3,1019,0.0134450922682662,0.0023432120680809024,0.006725914776325226,0.01130165159702301,0.01802489161491394,0.03150186687707901,0.0,0.061030566692352295
BAL_G,111,leather/test/poke/005.png,1,defect,32x32,3,5,0.0,0.0,0.0,0.0,0.0,0.0,0.0,0.0
BAL_G,111,leather/test/poke/005.png,1,clean_defect,32x32,3,2,0.0,0.0,0.0,0.0,0.0,0.0,0.0,0.0
BAL_G,111,leather/test/poke/005.png,1,boundary,32x32,3,3,0.0,0.0,0.0,0.0,0.0,0.0,0.0,0.0
BAL_G,112,leather/test/poke/006.png,1,abnormal_normal,32x32,3,1018,0.013131539631920385,0.001963944733142853,0.006347138434648514,0.011029735207557678,0.01738199219107628,0.029892032593488695,0.0,0.1501617431640625
BAL_G,112,leather/test/poke/006.png,1,defect,32x32,3,6,0.0016059577465057373,0.0,0.0,0.0,0.0012880414724349976,0.006368115544319153,0.0,0.007918357849121094
BAL_G,112,leather/test/poke/006.png,1,clean_defect,32x32,3,3,0.0026394526163736978,0.0,0.0,0.0,0.003959178924560547,0.007126522064208983,0.0,0.007918357849121094
BAL_G,112,leather/test/poke/006.png,1,boundary,32x32,3,3,0.0005724628766377767,0.0,0.0,0.0,0.000858694314956665,0.001545649766921997,0.0,0.00171738862991333
BAL_G,113,leather/test/poke/007.png,1,abnormal_normal,32x32,4,1018,0.013707751302096137,0.0020400479435920714,0.006858948618173599,0.011125773191452026,0.018347006291151047,0.03199831396341323,0.0,0.07049086689949036
BAL_G,113,leather/test/poke/007.png,1,defect,32x32,4,6,0.0,0.0,0.0,0.0,0.0,0.0,0.0,0.0
BAL_G,113,leather/test/poke/007.png,1,clean_defect,32x32,4,2,0.0,0.0,0.0,0.0,0.0,0.0,0.0,0.0
BAL_G,113,leather/test/poke/007.png,1,boundary,32x32,4,4,0.0,0.0,0.0,0.0,0.0,0.0,0.0,0.0
BAL_G,114,leather/test/poke/008.png,1,abnormal_normal,32x32,6,1016,0.013410220699986136,0.0018742270767688751,0.006429459899663925,0.010395213961601257,0.017037231475114822,0.03391303867101669,0.0,0.1440470814704895
BAL_G,114,leather/test/poke/008.png,1,defect,32x32,6,8,0.005315862596035004,0.0,0.0,0.001780584454536438,0.0050070807337760925,0.020289644598960866,0.0,0.026700735092163086
BAL_G,114,leather/test/poke/008.png,1,clean_defect,32x32,6,2,0.0,0.0,0.0,0.0,0.0,0.0,0.0,0.0
BAL_G,114,leather/test/poke/008.png,1,boundary,32x32,6,6,0.007087816794713338,0.0002851635217666626,0.0014606192708015442,0.0031510889530181885,0.007257916033267975,0.022121384739875793,0.0,0.026700735092163086
BAL_G,115,leather/test/poke/009.png,1,abnormal_normal,32x32,6,1016,0.013874743397780291,0.0018830448389053345,0.006311230361461639,0.011328093707561493,0.0184251070022583,0.03581830859184265,0.0,0.07124555110931396
BAL_G,115,leather/test/poke/009.png,1,defect,32x32,6,8,0.005319047719240189,0.0,0.0,0.0002608001232147217,0.005914472043514252,0.020493268966674805,0.0,0.020537912845611572
BAL_G,115,leather/test/poke/009.png,1,clean_defect,32x32,6,2,0.0005412548780441284,5.4125487804412845e-05,0.0002706274390220642,0.0005412548780441284,0.0008118823170661926,0.001028384268283844,0.0,0.0010825097560882568
BAL_G,115,leather/test/poke/009.png,1,boundary,32x32,6,6,0.006911645332972209,0.0,0.0,0.0002608001232147217,0.015438169240951538,0.02050602436065674,0.0,0.020537912845611572
BAL_G,116,leather/test/poke/010.png,1,abnormal_normal,32x32,6,1017,0.013024628660554614,0.0019795089960098267,0.005974188446998596,0.010783270001411438,0.01719382405281067,0.031475317478179894,0.0,0.09227737784385681
BAL_G,116,leather/test/poke/010.png,1,defect,32x32,6,7,0.011456442730767387,0.00018718242645263675,0.002377837896347046,0.00475233793258667,0.017394989728927612,0.03278266787528991,0.0,0.03589710593223572
BAL_G,116,leather/test/poke/010.png,1,clean_defect,32x32,6,1,0.0006239414215087891,0.0006239414215087891,0.0006239414215087891,0.0006239414215087891,0.0006239414215087891,0.0006239414215087891,0.0006239414215087891,0.0006239414215087891
BAL_G,116,leather/test/poke/010.png,1,boundary,32x32,6,6,0.01326185961564382,0.0010329335927963257,0.0042868852615356445,0.007013335824012756,0.021455317735671997,0.033301740884780884,0.0,0.03589710593223572
BAL_G,117,leather/test/poke/011.png,1,abnormal_normal,32x32,5,1016,0.013189364767332715,0.0018492750823497772,0.006454985588788986,0.01142069697380066,0.01717664673924446,0.03339036926627159,0.0,0.07150456309318542
BAL_G,117,leather/test/poke/011.png,1,defect,32x32,5,8,0.005747530609369278,0.0,0.0,0.0,0.0,0.029887159168720222,0.0,0.045980244874954224
BAL_G,117,leather/test/poke/011.png,1,clean_defect,32x32,5,3,0.0,0.0,0.0,0.0,0.0,0.0,0.0,0.0
BAL_G,117,leather/test/poke/011.png,1,boundary,32x32,5,5,0.009196048974990845,0.0,0.0,0.0,0.0,0.03678419589996337,0.0,0.045980244874954224
BAL_G,118,leather/test/poke/012.png,1,abnormal_normal,32x32,4,1016,0.013489587760464413,0.001896832138299942,0.006332144141197205,0.010605432093143463,0.017366301268339157,0.033986203372478485,0.0,0.10442385077476501
BAL_G,118,leather/test/poke/012.png,1,defect,32x32,4,8,0.007279757410287857,0.0,0.0,0.004414841532707214,0.00973077118396759,0.022455056011676782,0.0,0.026617586612701416
BAL_G,118,leather/test/poke/012.png,1,clean_defect,32x32,4,4,0.007061466574668884,0.0,0.0,0.0008141398429870605,0.007875606417655945,0.022869190573692313,0.0,0.026617586612701416
BAL_G,118,leather/test/poke/012.png,1,boundary,32x32,4,4,0.00749804824590683,0.0010802105069160463,0.005401052534580231,0.007633775472640991,0.00973077118396759,0.013725867867469784,0.0,0.014724642038345337
BAL_G,119,leather/test/poke/013.png,1,abnormal_normal,32x32,3,1018,0.013734957221566108,0.0022098615765571597,0.006908107548952103,0.011663533747196198,0.018127158284187317,0.03291698768734932,0.0,0.07406172156333923
BAL_G,119,leather/test/poke/013.png,1,defect,32x32,3,6,0.0011441558599472046,0.0,0.0,0.0,0.002412557601928711,0.00354032963514328,0.0,0.0036481916904449463
BAL_G,119,leather/test/poke/013.png,1,clean_defect,32x32,3,3,0.0,0.0,0.0,0.0,0.0,0.0,0.0,0.0
BAL_G,119,leather/test/poke/013.png,1,boundary,32x32,3,3,0.002288311719894409,0.00032167434692382814,0.0016083717346191406,0.0032167434692382812,0.0034324675798416138,0.00360504686832428,0.0,0.0036481916904449463
BAL_G,120,leather/test/poke/014.png,1,abnormal_normal,32x32,4,1018,0.013062671280680097,0.00212702602148056,0.006388802081346512,0.010526135563850403,0.017187166959047318,0.03288931995630264,0.0,0.10013613104820251
BAL_G,120,leather/test/poke/014.png,1,defect,32x32,4,6,0.00032844146092732746,0.0,0.0,0.0,0.0,0.0014779865741729736,0.0,0.001970648765563965
BAL_G,120,leather/test/poke/014.png,1,clean_defect,32x32,4,2,0.0,0.0,0.0,0.0,0.0,0.0,0.0,0.0
BAL_G,120,leather/test/poke/014.png,1,boundary,32x32,4,4,0.0004926621913909912,0.0,0.0,0.0,0.0004926621913909912,0.0016750514507293695,0.0,0.001970648765563965
BAL_G,121,leather/test/poke/015.png,1,abnormal_normal,32x32,4,1019,0.013073378035083955,0.0017810940742492675,0.0061891451478004456,0.010360226035118103,0.017426274716854095,0.033244553208351124,0.0,0.06486831605434418
BAL_G,121,leather/test/poke/015.png,1,defect,32x32,4,5,0.0,0.0,0.0,0.0,0.0,0.0,0.0,0.0
BAL_G,121,leather/test/poke/015.png,1,clean_defect,32x32,4,1,0.0,0.0,0.0,0.0,0.0,0.0,0.0,0.0
BAL_G,121,leather/test/poke/015.png,1,boundary,32x32,4,4,0.0,0.0,0.0,0.0,0.0,0.0,0.0,0.0
BAL_G,122,leather/test/poke/016.png,1,abnormal_normal,32x32,6,1016,0.013514118063754924,0.0020524263381958008,0.006852481514215469,0.010882005095481873,0.017151866108179092,0.033911723643541336,0.0,0.1420554518699646
BAL_G,122,leather/test/poke/016.png,1,defect,32x32,6,8,0.0012594498693943024,0.0,0.0,0.0,0.0,0.006549139320850367,0.0,0.010075598955154419
BAL_G,122,leather/test/poke/016.png,1,clean_defect,32x32,6,2,0.0,0.0,0.0,0.0,0.0,0.0,0.0,0.0
BAL_G,122,leather/test/poke/016.png,1,boundary,32x32,6,6,0.0016792664925257366,0.0,0.0,0.0,0.0,0.007556699216365814,0.0,0.010075598955154419
BAL_G,123,leather/test/poke/017.png,1,abnormal_normal,32x32,3,1019,0.013417252950860194,0.00196397602558136,0.006330065429210663,0.011288285255432129,0.017629258334636688,0.03269897252321242,0.0,0.0967671126127243
BAL_G,123,leather/test/poke/017.png,1,defect,32x32,3,5,0.0034930586814880373,0.0,0.0,0.0,0.0,0.013972234725952146,0.0,0.017465293407440186
BAL_G,123,leather/test/poke/017.png,1,clean_defect,32x32,3,2,0.0,0.0,0.0,0.0,0.0,0.0,0.0,0.0
BAL_G,123,leather/test/poke/017.png,1,boundary,32x32,3,3,0.0058217644691467285,0.0,0.0,0.0,0.008732646703720093,0.015718764066696166,0.0,0.017465293407440186
