method,image_index,sample_id,image_label,region,grid,boundary_count,patch_count,mean,p05,p25,median,p75,p95,min,max
A1_G,0,tile/test/crack/000.png,1,abnormal_normal,32x32,60,939,0.0110799782255841,0.001026296615600586,0.004754126071929932,0.009393066167831421,0.015057191252708435,0.027587562799453732,0.0,0.05702662467956543
A1_G,0,tile/test/crack/000.png,1,defect,32x32,60,85,0.015606874227523803,0.006136411428451539,0.009497582912445068,0.01407364010810852,0.01979541778564453,0.028923016786575318,0.002333015203475952,0.04425245523452759
A1_G,0,tile/test/crack/000.png,1,clean_defect,32x32,60,25,0.017008148431777954,0.0070727884769439696,0.011572182178497314,0.017171770334243774,0.02367541193962097,0.028737461566925044,0.005674123764038086,0.031837254762649536
A1_G,0,tile/test/crack/000.png,1,boundary,32x32,60,60,0.01502300997575124,0.005924305319786072,0.00932350754737854,0.013302043080329895,0.019018560647964478,0.02885961532592772,0.002333015203475952,0.04425245523452759
A1_G,1,tile/test/crack/001.png,1,abnormal_normal,32x32,91,933,0.011274949530696562,0.001336967945098877,0.004939287900924683,0.009486109018325806,0.01529163122177124,0.028082871437072752,0.0,0.06114119291305542
A1_G,1,tile/test/crack/001.png,1,defect,32x32,91,91,0.00944940270958366,0.0006065070629119873,0.0046296268701553345,0.00875931978225708,0.012793496251106262,0.02194836735725403,0.0,0.03082481026649475
A1_G,1,tile/test/crack/001.png,1,clean_defect,32x32,91,0,,,,,,,,
A1_G,1,tile/test/crack/001.png,1,boundary,32x32,91,91,0.00944940270958366,0.0006065070629119873,0.0046296268701553345,0.00875931978225708,0.012793496251106262,0.02194836735725403,0.0,0.03082481026649475
A1_G,2,tile/test/crack/002.png,1,abnormal_normal,32x32,76,926,0.011110651956521151,0.0013296306133270264,0.0048115551471710205,0.009372055530548096,0.015573181211948395,0.026321135461330414,0.0,0.06316453218460083
A1_G,2,tile/test/crack/002.png,1,defect,32x32,76,98,0.011985088489493546,0.0023866847157478334,0.0061093345284461975,0.010671108961105347,0.015523150563240051,0.02867718189954756,0.00033587217330932617,0.03832647204399109
A1_G,2,tile/test/crack/002.png,1,clean_defect,32x32,76,22,0.011227259581739252,0.0021077960729598997,0.0051815807819366455,0.010891526937484741,0.018309615552425385,0.020092366635799407,0.0006622672080993652,0.02133786678314209
A1_G,2,tile/test/crack/002.png,1,boundary,32x32,76,76,0.012204460015422419,0.002495810389518738,0.007287628948688507,0.010611280798912048,0.014941073954105377,0.03072235733270645,0.00033587217330932617,0.03832647204399109
A1_G,3,tile/test/crack/003.png,1,abnormal_normal,32x32,64,938,0.01137129508101864,0.00132969468832016,0.00534096360206604,0.00973866879940033,0.014887623488903046,0.027076241374015805,0.0,0.05337744951248169
A1_G,3,tile/test/crack/003.png,1,defect,32x32,64,86,0.015027759380118792,0.0033593475818634033,0.009830199182033539,0.01429949700832367,0.019562147557735443,0.028684161603450775,0.001412034034729004,0.035756915807724
A1_G,3,tile/test/crack/003.png,1,clean_defect,32x32,64,22,0.016916625879027626,0.008592355251312255,0.01293887197971344,0.015553206205368042,0.019512198865413666,0.029406519234180452,0.0035235583782196045,0.03271260857582092
A1_G,3,tile/test/crack/003.png,1,boundary,32x32,64,64,0.01437846152111888,0.0032979965209960936,0.009070880711078644,0.013944119215011597,0.019491560757160187,0.027129673957824705,0.001412034034729004,0.035756915807724
A1_G,4,tile/test/crack/004.png,1,abnormal_normal,32x32,35,987,0.010772479582944056,0.00105283260345459,0.0046998560428619385,0.009000927209854126,0.014572754502296448,0.026684468984603877,0.0,0.07228657603263855
A1_G,4,tile/test/crack/004.png,1,defect,32x32,35,37,0.011519639878659635,0.003573542833328247,0.008426278829574585,0.011774837970733643,0.014455527067184448,0.01918126344680785,0.0,0.0240803062915802
A1_G,4,tile/test/crack/004.png,1,clean_defect,32x32,35,2,0.015646755695343018,0.008056560158729553,0.011429980397224426,0.015646755695343018,0.01986353099346161,0.02323695123195648,0.007213205099105835,0.0240803062915802
A1_G,4,tile/test/crack/004.png,1,boundary,32x32,35,35,0.01128380468913487,0.003524908423423767,0.008974283933639526,0.011774837970733643,0.01411999762058258,0.018451762199401853,0.0,0.020875275135040283
A1_G,5,tile/test/crack/005.png,1,abnormal_normal,32x32,19,990,0.011484664136713202,0.001038101315498352,0.00476403534412384,0.009359776973724365,0.015501126646995544,0.029654976725578305,0.0,0.06276577711105347
A1_G,5,tile/test/crack/005.png,1,defect,32x32,19,34,0.011385585455333485,0.0026999503374099732,0.00782773643732071,0.012506932020187378,0.015318483114242554,0.018159683048725127,0.0,0.0183732807636261
A1_G,5,tile/test/crack/005.png,1,clean_defect,32x32,19,15,0.013335901498794555,0.004280322790145874,0.010620743036270142,0.015110254287719727,0.01698586344718933,0.018357884883880616,0.0029211044311523438,0.0183732807636261
A1_G,5,tile/test/crack/005.png,1,boundary,32x32,19,19,0.009845862263127378,0.002060312032699585,0.007030770182609558,0.011462926864624023,0.012988805770874023,0.016059112548828126,0.0,0.016199499368667603
A1_G,6,tile/test/crack/006.png,1,abnormal_normal,32x32,68,925,0.011031534671783447,0.0010969042778015137,0.005447119474411011,0.00978747010231018,0.014581620693206787,0.02557399272918701,0.0,0.050610095262527466
A1_G,6,tile/test/crack/006.png,1,defect,32x32,68,99,0.012805154227247142,0.0033208191394805907,0.007478758692741394,0.01118457317352295,0.016049891710281372,0.029782795906066892,0.0,0.03924137353897095
A1_G,6,tile/test/crack/006.png,1,clean_defect,32x32,68,31,0.01171206082067182,0.004563435912132263,0.006199508905410767,0.009854108095169067,0.014121413230895996,0.027560219168663025,0.0005477368831634521,0.030136525630950928
A1_G,6,tile/test/crack/006.png,1,boundary,32x32,68,68,0.013303476221421185,0.0031516939401626588,0.008533820509910583,0.0118589848279953,0.01666811853647232,0.030243664979934692,0.0,0.03924137353897095
A1_G,7,tile/test/crack/007.png,1,abnormal_normal,32x32,51,944,0.011206523373217906,0.0012882545590400696,0.005729854106903076,0.010039478540420532,0.015234425663948059,0.025122876465320583,0.0,0.05172470211982727
A1_G,7,tile/test/crack/007.png,1,defect,32x32,51,80,0.011801719292998314,0.0028412222862243654,0.007676653563976288,0.011016368865966797,0.014893367886543274,0.021701267361640925,0.0,0.030672520399093628
A1_G,7,tile/test/crack/007.png,1,clean_defect,32x32,51,29,0.013514004904648354,0.006987255811691284,0.010220587253570557,0.01202017068862915,0.015572816133499146,0.02602929472923277,0.006456136703491211,0.030672520399093628
A1_G,7,tile/test/crack/007.png,1,boundary,32x32,51,51,0.010828066690295351,0.001826852560043335,0.006822898983955383,0.010355055332183838,0.014578387141227722,0.02042423188686371,0.0,0.025413841009140015
A1_G,8,tile/test/crack/008.png,1,abnormal_normal,32x32,59,952,0.01184154411449152,0.0010515302419662478,0.005572572350502014,0.010290250182151794,0.01589493453502655,0.02877213507890698,0.0,0.0583859384059906
A1_G,8,tile/test/crack/008.png,1,defect,32x32,59,72,0.01172403742869695,0.003274832665920258,0.005790591239929199,0.010833203792572021,0.014947675168514252,0.02531380504369736,0.0,0.035573601722717285
A1_G,8,tile/test/crack/008.png,1,clean_defect,32x32,59,13,0.008839604946283193,0.002105975151062012,0.00376775860786438,0.007347583770751953,0.01134154200553894,0.022399032115936277,0.0008083581924438477,0.02276027202606201
A1_G,8,tile/test/crack/008.png,1,boundary,32x32,59,59,0.012359590348550829,0.003447660803794861,0.006353795528411865,0.011342287063598633,0.015311852097511292,0.025839748978614803,0.0,0.035573601722717285
A1_G,9,tile/test/crack/009.png,1,abnormal_normal,32x32,83,930,0.011680781905369092,0.0009951889514923096,0.004870496690273285,0.009727716445922852,0.01577618718147278,0.029867258667945852,0.0,0.06736579537391663
A1_G,9,tile/test/crack/009.png,1,defect,32x32,83,94,0.012876709407948434,0.004244311153888703,0.007917053997516632,0.012941092252731323,0.017012521624565125,0.021837872266769406,1.4513731002807617e-05,0.030092298984527588
A1_G,9,tile/test/crack/009.png,1,clean_defect,32x32,83,11,0.010806809772144665,0.0055999755859375,0.006637990474700928,0.00876396894454956,0.013124316930770874,0.021653518080711365,0.005267977714538574,0.021987497806549072
A1_G,9,tile/test/crack/009.png,1,boundary,32x32,83,83,0.013151033456067005,0.0037408858537673955,0.008085831999778748,0.013969480991363525,0.01701223850250244,0.021740823984146118,1.4513731002807617e-05,0.030092298984527588
A1_G,10,tile/test/crack/010.png,1,abnormal_normal,32x32,80,923,0.01121390944312479,0.001645568013191223,0.005267813801765442,0.009651243686676025,0.01466207206249237,0.02737292647361755,0.0,0.057975947856903076
A1_G,10,tile/test/crack/010.png,1,defect,32x32,80,101,0.01439192832106411,0.00546950101852417,0.00960153341293335,0.013573497533798218,0.017157703638076782,0.02798330783843994,0.0022648870944976807,0.03796881437301636
A1_G,10,tile/test/crack/010.png,1,clean_defect,32x32,80,21,0.014729779391061692,0.0052793920040130615,0.010452210903167725,0.012358605861663818,0.019765526056289673,0.026162058115005493,0.004917651414871216,0.034451961517333984
A1_G,10,tile/test/crack/010.png,1,boundary,32x32,80,80,0.014303242415189743,0.005478107929229736,0.009562358260154724,0.013588473200798035,0.01707107573747635,0.027983762323856354,0.0022648870944976807,0.03796881437301636
A1_G,11,tile/test/crack/011.png,1,abnormal_normal,32x32,69,955,0.012321562791994105,0.00157124400138855,0.005441769957542419,0.009924381971359253,0.016680553555488586,0.030601611733436583,0.0,0.07319390773773193
A1_G,11,tile/test/crack/011.png,1,defect,32x32,69,69,0.011164542557536692,0.0028937697410583497,0.005713850259780884,0.01084369421005249,0.013744115829467773,0.023000711202621454,0.0008788704872131348,0.029692500829696655
A1_G,11,tile/test/crack/011.png,1,clean_defect,32x32,69,0,,,,,,,,
A1_G,11,tile/test/crack/011.png,1,boundary,32x32,69,69,0.011164542557536692,0.0028937697410583497,0.005713850259780884,0.01084369421005249,0.013744115829467773,0.023000711202621454,0.0008788704872131348,0.029692500829696655
A1_G,12,tile/test/crack/012.png,1,abnormal_normal,32x32,51,943,0.011024668259686402,0.0014480650424957275,0.005139991641044617,0.009126126766204834,0.01507095992565155,0.02750059068202972,0.0,0.06484866142272949
A1_G,12,tile/test/crack/012.png,1,defect,32x32,51,81,0.012942651171743133,0.006309241056442261,0.009473472833633423,0.013527512550354004,0.016047120094299316,0.020666688680648804,0.0030514001846313477,0.02365538477897644
A1_G,12,tile/test/crack/012.png,1,clean_defect,32x32,51,30,0.01386474072933197,0.007407806813716888,0.011192940175533295,0.013895407319068909,0.01683075726032257,0.020061017572879786,0.005194991827011108,0.02365538477897644
A1_G,12,tile/test/crack/012.png,1,boundary,32x32,51,51,0.012400245549632054,0.005571320652961731,0.008833199739456177,0.013026058673858643,0.01577235758304596,0.01986469328403473,0.0030514001846313477,0.02125614881515503
A1_G,13,tile/test/crack/013.png,1,abnormal_normal,32x32,90,929,0.011568803673026637,0.001195824146270752,0.004738450050354004,0.009553998708724976,0.015741348266601562,0.029293775558471676,0.0,0.06646719574928284
A1_G,13,tile/test/crack/013.png,1,defect,32x32,90,95,0.011464240676478336,0.0026029646396636963,0.006417125463485718,0.010620564222335815,0.014692887663841248,0.025218546390533447,0.00016519427299499512,0.027492880821228027
A1_G,13,tile/test/crack/013.png,1,clean_defect,32x32,90,5,0.017190605401992798,0.005100250244140625,0.0076105594635009766,0.023610204458236694,0.024286389350891113,0.025635838508605957,0.004472672939300537,0.025973200798034668
A1_G,13,tile/test/crack/013.png,1,boundary,32x32,90,90,0.011146109302838643,0.002414017915725708,0.006402596831321716,0.010570883750915527,0.014161266386508942,0.025000898540019988,0.00016519427299499512,0.027492880821228027
A1_G,14,tile/test/crack/014.png,1,abnormal_normal,32x32,52,965,0.010966048617437095,0.0011462807655334474,0.004914641380310059,0.008981913328170776,0.014811694622039795,0.027436810731887813,0.0,0.06246444582939148
A1_G,14,tile/test/crack/014.png,1,defect,32x32,52,59,0.013258875931723643,0.003139212727546692,0.008240222930908203,0.013203948736190796,0.017083868384361267,0.024148365855216954,0.0016091763973236084,0.03160375356674194
A1_G,14,tile/test/crack/014.png,1,clean_defect,32x32,52,7,0.018115835530417308,0.010174736380577087,0.01380862295627594,0.01983433961868286,0.021247446537017822,0.026368224620819086,0.008876502513885498,0.02798786759376526
A1_G,14,tile/test/crack/014.png,1,boundary,32x32,52,52,0.012605054447284112,0.003131754696369171,0.007398732006549835,0.011899992823600769,0.016329169273376465,0.023054678738117212,0.0016091763973236084,0.03160375356674194
A1_G,15,tile/test/crack/015.png,1,abnormal_normal,32x32,40,984,0.011267945170402527,0.0011684387922286988,0.004884935915470123,0.009627282619476318,0.015545256435871124,0.027649156749248453,0.0,0.06998449563980103
A1_G,15,tile/test/crack/015.png,1,defect,32x32,40,40,0.013679496198892593,0.004151350259780884,0.009521186351776123,0.013647526502609253,0.017552152276039124,0.02355963140726089,0.002203911542892456,0.027204960584640503
A1_G,15,tile/test/crack/015.png,1,clean_defect,32x32,40,0,,,,,,,,
A1_G,15,tile/test/crack/015.png,1,boundary,32x32,40,40,0.013679496198892593,0.004151350259780884,0.009521186351776123,0.013647526502609253,0.017552152276039124,0.02355963140726089,0.002203911542892456,0.027204960584640503
A1_G,16,tile/test/crack/016.png,1,abnormal_normal,32x32,81,936,0.010738709384304846,0.0013029128313064575,0.004802718758583069,0.008876070380210876,0.014618828892707825,0.025674447417259216,0.0,0.05659747123718262
A1_G,16,tile/test/crack/016.png,1,defect,32x32,81,88,0.01203471693125638,0.0036842659115791324,0.008381754159927368,0.011720135807991028,0.01574249565601349,0.02105392217636108,0.000478208065032959,0.026650965213775635
A1_G,16,tile/test/crack/016.png,1,clean_defect,32x32,81,7,0.010682570082800729,0.006598779559135437,0.008452489972114563,0.010370314121246338,0.012945607304573059,0.015217041969299315,0.006110072135925293,0.015501409769058228
A1_G,16,tile/test/crack/016.png,1,boundary,32x32,81,81,0.012151569128036499,0.0035143792629241943,0.008396416902542114,0.011734485626220703,0.016406536102294922,0.021100401878356934,0.000478208065032959,0.026650965213775635
A1_G,17,tile/test/glue_strip/000.png,1,abnormal_normal,32x32,24,936,0.011668368664562192,0.0012798011302947998,0.005244329571723938,0.009363457560539246,0.015024460852146149,0.03223402798175812,0.0,0.06946626305580139
A1_G,17,tile/test/glue_strip/000.png,1,defect,32x32,24,88,0.01851292902773077,0.006520380079746246,0.013148695230484009,0.018597140908241272,0.02341124415397644,0.031142136454582213,0.001000434160232544,0.03968322277069092
A1_G,17,tile/test/glue_strip/000.png,1,clean_defect,32x32,24,64,0.01911123702302575,0.006754523515701294,0.0142999067902565,0.01938207447528839,0.02341124415397644,0.03128446638584137,0.001000434160232544,0.03968322277069092
A1_G,17,tile/test/glue_strip/000.png,1,boundary,32x32,24,24,0.01691744104027748,0.006664995849132538,0.011107519268989563,0.01596108078956604,0.02276652306318283,0.027771653234958647,0.006106585264205933,0.031243503093719482
A1_G,18,tile/test/glue_strip/001.png,1,abnormal_normal,32x32,29,912,0.01194750252915056,0.0015934020280838012,0.005609750747680664,0.010331913828849792,0.01613406091928482,0.0288321554660797,0.0,0.05744156241416931
A1_G,18,tile/test/glue_strip/001.png,1,defect,32x32,29,112,0.016981936725122587,0.006152684986591339,0.01125335693359375,0.015727832913398743,0.021606221795082092,0.029796266555786134,0.0014983713626861572,0.03565341234207153
A1_G,18,tile/test/glue_strip/001.png,1,clean_defect,32x32,29,83,0.018712971224842303,0.009198382496833801,0.013360679149627686,0.018353402614593506,0.02275046706199646,0.03238539993762968,0.0014983713626861572,0.03565341234207153
A1_G,18,tile/test/glue_strip/001.png,1,boundary,32x32,29,29,0.012027596605235133,0.005927443504333496,0.008004337549209595,0.010350018739700317,0.014055788516998291,0.024632978439331047,0.003214120864868164,0.02643236517906189
A1_G,19,tile/test/glue_strip/002.png,1,abnormal_normal,32x32,11,932,0.011318245830709842,0.001188449561595917,0.005064420402050018,0.009379997849464417,0.015496797859668732,0.02829644829034805,0.0,0.05422583222389221
A1_G,19,tile/test/glue_strip/002.png,1,defect,32x32,11,92,0.01545803313669951,0.004099448025226593,0.011417292058467865,0.015784919261932373,0.018436454236507416,0.027473895251750948,0.00034987926483154297,0.03704226016998291
A1_G,19,tile/test/glue_strip/002.png,1,clean_defect,32x32,11,81,0.015640202863716784,0.0037856698036193848,0.011371403932571411,0.015797197818756104,0.019709467887878418,0.027957618236541748,0.00034987926483154297,0.03704226016998291
A1_G,19,tile/test/glue_strip/002.png,1,boundary,32x32,11,11,0.014116601510481401,0.008624553680419922,0.011745467782020569,0.014513581991195679,0.017283976078033447,0.017710000276565552,0.006502360105514526,0.01785212755203247
A1_G,20,tile/test/glue_strip/003.png,1,abnormal_normal,32x32,55,606,0.012492593168818912,0.001736372709274292,0.006347924470901489,0.010672122240066528,0.017368420958518982,0.028953999280929565,0.0,0.04408842325210571
A1_G,20,tile/test/glue_strip/003.png,1,defect,32x32,55,418,0.014924188193522002,0.0024688079953193664,0.007482096552848816,0.013052910566329956,0.02066170424222946,0.03300391435623169,0.0,0.06367647647857666
A1_G,20,tile/test/glue_strip/003.png,1,clean_defect,32x32,55,363,0.015015741353521005,0.002401423454284668,0.007372826337814331,0.012801051139831543,0.020809069275856018,0.03373759388923644,0.0,0.06367647647857666
A1_G,20,tile/test/glue_strip/003.png,1,boundary,32x32,55,55,0.014319937337528576,0.005604782700538635,0.009028375148773193,0.013802409172058105,0.01863826811313629,0.025091198086738587,0.004979819059371948,0.03300192952156067
A1_G,21,tile/test/glue_strip/004.png,1,abnormal_normal,32x32,37,797,0.012216447923832585,0.0017584741115570068,0.0053487420082092285,0.01013273000717163,0.01647043228149414,0.029640918970108013,0.0,0.08910530805587769
A1_G,21,tile/test/glue_strip/004.png,1,defect,32x32,37,227,0.013378683165831714,0.002785271406173706,0.007942304015159607,0.012469351291656494,0.01724366843700409,0.029110828042030332,0.0,0.038906633853912354
A1_G,21,tile/test/glue_strip/004.png,1,clean_defect,32x32,37,190,0.013400003784581234,0.002744266390800476,0.007885485887527466,0.012286409735679626,0.017590515315532684,0.029105959832668303,0.0,0.038906633853912354
A1_G,21,tile/test/glue_strip/004.png,1,boundary,32x32,37,37,0.013269198907388223,0.004347646236419677,0.009033262729644775,0.01280781626701355,0.01537439227104187,0.026746112108230576,0.0,0.03312027454376221
A1_G,22,tile/test/glue_strip/005.png,1,abnormal_normal,32x32,17,947,0.011147657253926004,0.001097783446311951,0.004885345697402954,0.008899301290512085,0.01484629511833191,0.030082583427429196,0.0,0.06353282928466797
A1_G,22,tile/test/glue_strip/005.png,1,defect,32x32,17,77,0.01605943851656728,0.0040705263614654544,0.01069188117980957,0.015858083963394165,0.02146819233894348,0.02691828012466432,0.0010963678359985352,0.034939318895339966
A1_G,22,tile/test/glue_strip/005.png,1,clean_defect,32x32,17,60,0.016367741425832114,0.004433351755142212,0.01070576161146164,0.015432611107826233,0.021811269223690033,0.026267115771770464,0.0010963678359985352,0.034939318895339966
A1_G,22,tile/test/glue_strip/005.png,1,boundary,32x32,17,17,0.014971310601514928,0.0030363798141479492,0.005713015794754028,0.016508549451828003,0.02026355266571045,0.026133090257644646,0.0012416839599609375,0.033642321825027466
A1_G,23,tile/test/glue_strip/006.png,1,abnormal_normal,32x32,35,807,0.012190783555622881,0.001301148533821106,0.0054292380809783936,0.010353416204452515,0.016265854239463806,0.030452921986579895,0.0,0.06600514054298401
A1_G,23,tile/test/glue_strip/006.png,1,defect,32x32,35,217,0.015348818582323839,0.003427743911743164,0.009480953216552734,0.014063894748687744,0.02006387710571289,0.03196788430213927,0.0,0.04289507865905762
A1_G,23,tile/test/glue_strip/006.png,1,clean_defect,32x32,35,182,0.015580446674273564,0.003332972526550293,0.009488500654697418,0.013979598879814148,0.020348362624645233,0.033702126145362846,0.0,0.04289507865905762
A1_G,23,tile/test/glue_strip/006.png,1,boundary,32x32,35,35,0.014144352504185267,0.0038358986377716067,0.009465634822845459,0.01406395435333252,0.01801060140132904,0.028816354274749753,0.002291381359100342,0.031016141176223755
A1_G,24,tile/test/glue_strip/007.png,1,abnormal_normal,32x32,33,847,0.011453392021489959,0.0011533886194229127,0.004881307482719421,0.009193122386932373,0.01555490493774414,0.028832873702049254,0.0,0.07430851459503174
A1_G,24,tile/test/glue_strip/007.png,1,defect,32x32,33,177,0.015351332850375418,0.003310388326644898,0.009114891290664673,0.01440495252609253,0.02134627103805542,0.029265850782394402,0.0,0.045566022396087646
A1_G,24,tile/test/glue_strip/007.png,1,clean_defect,32x32,33,144,0.015593976610236697,0.0031601816415786745,0.0099530890583992,0.015198111534118652,0.021477587521076202,0.02713639885187149,0.0,0.045566022396087646
A1_G,24,tile/test/glue_strip/007.png,1,boundary,32x32,33,33,0.014292523716435288,0.004251307249069214,0.007371693849563599,0.012172877788543701,0.019741952419281006,0.030075401067733765,0.0,0.032812297344207764
A1_G,25,tile/test/glue_strip/008.png,1,abnormal_normal,32x32,36,858,0.011187960634698402,0.0014639094471931458,0.004738382995128632,0.009076431393623352,0.015001274645328522,0.02899504005908966,0.0,0.06848564743995667
A1_G,25,tile/test/glue_strip/008.png,1,defect,32x32,36,166,0.020543215145547706,0.0056296661496162415,0.01222151517868042,0.01963762938976288,0.026116065680980682,0.03992985934019089,0.0016766488552093506,0.04985395073890686
A1_G,25,tile/test/glue_strip/008.png,1,clean_defect,32x32,36,130,0.020853081345558168,0.0054408848285675045,0.011682450771331787,0.020424604415893555,0.02755626291036606,0.039858780801296234,0.0016766488552093506,0.04985395073890686
A1_G,25,tile/test/glue_strip/008.png,1,boundary,32x32,36,36,0.019424253867732152,0.008805565536022186,0.013242319226264954,0.018484801054000854,0.02252698689699173,0.035645127296447754,0.003230154514312744,0.046876877546310425
A1_G,26,tile/test/glue_strip/009.png,1,abnormal_normal,32x32,23,953,0.010831385975994819,0.0011100351810455322,0.004497706890106201,0.00877147912979126,0.015363603830337524,0.02721769213676452,0.0,0.06647813320159912
A1_G,26,tile/test/glue_strip/009.png,1,defect,32x32,23,71,0.01496412888379164,0.002659723162651062,0.006465092301368713,0.01543775200843811,0.02213330566883087,0.028071150183677673,0.0,0.03186982870101929
A1_G,26,tile/test/glue_strip/009.png,1,clean_defect,32x32,23,48,0.017409975330034893,0.003921858966350555,0.00944366306066513,0.01883046329021454,0.024035319685935974,0.03035737425088882,0.0022801458835601807,0.03186982870101929
A1_G,26,tile/test/glue_strip/009.png,1,boundary,32x32,23,23,0.009859753691631815,0.000532713532447815,0.003861069679260254,0.009315937757492065,0.01401229202747345,0.02393992543220519,0.0,0.02605295181274414
A1_G,27,tile/test/glue_strip/010.png,1,abnormal_normal,32x32,27,825,0.011448269685109456,0.0012761831283569336,0.005237460136413574,0.009429693222045898,0.015474438667297363,0.028116601705551147,0.0,0.05754891037940979
A1_G,27,tile/test/glue_strip/010.png,1,defect,32x32,27,199,0.014397585212285794,0.001355549693107605,0.007045581936836243,0.01316329836845398,0.01981937885284424,0.030661410093307494,0.0,0.046630412340164185
A1_G,27,tile/test/glue_strip/010.png,1,clean_defect,32x32,27,172,0.014619446944358737,0.0015187427401542664,0.007097326219081879,0.013467580080032349,0.02046467363834381,0.030716505646705625,0.0,0.046630412340164185
A1_G,27,tile/test/glue_strip/010.png,1,boundary,32x32,27,27,0.012984243807969269,0.0021908074617385865,0.007517099380493164,0.011452078819274902,0.018593937158584595,0.026438179612159725,0.00023502111434936523,0.033671438694000244
A1_G,28,tile/test/glue_strip/011.png,1,abnormal_normal,32x32,17,904,0.010946381210753349,0.0009824767708778383,0.004437625408172607,0.008675709366798401,0.01460304856300354,0.02788159847259521,0.0,0.05794757604598999
A1_G,28,tile/test/glue_strip/011.png,1,defect,32x32,17,120,0.015579068660736084,0.0034422025084495547,0.011135272681713104,0.015039652585983276,0.01840195059776306,0.030394294857978812,0.0,0.05029478669166565
A1_G,28,tile/test/glue_strip/011.png,1,clean_defect,32x32,17,103,0.015576783314491938,0.003003022074699402,0.01113004982471466,0.01557070016860962,0.018407106399536133,0.032499971985816924,0.0,0.05029478669166565
A1_G,28,tile/test/glue_strip/011.png,1,boundary,32x32,17,17,0.015592915170332965,0.007488054037094116,0.011225491762161255,0.014587044715881348,0.018266648054122925,0.027249443531036373,0.005473583936691284,0.030263960361480713
A1_G,29,tile/test/glue_strip/012.png,1,abnormal_normal,32x32,28,886,0.011528536172806544,0.0008272305130958557,0.005073755979537964,0.00915159285068512,0.015960074961185455,0.02869313955307007,0.0,0.057409048080444336
A1_G,29,tile/test/glue_strip/012.png,1,defect,32x32,28,138,0.016829212938529858,0.004103118181228638,0.010240055620670319,0.01535293459892273,0.02192912995815277,0.033483685553073884,0.002525418996810913,0.04258739948272705
A1_G,29,tile/test/glue_strip/012.png,1,clean_defect,32x32,28,110,0.01756732003255324,0.005277647078037262,0.010116592049598694,0.016053244471549988,0.023293867707252502,0.03364028334617615,0.002764970064163208,0.04258739948272705
A1_G,29,tile/test/glue_strip/012.png,1,boundary,32x32,28,28,0.013929506497723716,0.0032338127493858337,0.011122666299343109,0.013999134302139282,0.018708057701587677,0.023010767996311184,0.002525418996810913,0.027491331100463867
A1_G,30,tile/test/glue_strip/013.png,1,abnormal_normal,32x32,14,989,0.011673008075739183,0.0008644223213195805,0.004646867513656616,0.009324878454208374,0.016539692878723145,0.030215746164321898,0.0,0.06845360994338989
A1_G,30,tile/test/glue_strip/013.png,1,defect,32x32,14,35,0.018621383394513812,0.0010549843311309815,0.006891816854476929,0.020651400089263916,0.029022574424743652,0.03713691830635069,0.0004813671112060547,0.04505729675292969
A1_G,30,tile/test/glue_strip/013.png,1,clean_defect,32x32,14,21,0.0247346716267722,0.00394776463508606,0.020651400089263916,0.02506890892982483,0.030393362045288086,0.04056832194328308,0.002545297145843506,0.04505729675292969
A1_G,30,tile/test/glue_strip/013.png,1,boundary,32x32,14,14,0.00945145104612623,0.0005956009030342102,0.0028041228652000427,0.006891816854476929,0.014150798320770264,0.025922979414463043,0.0004813671112060547,0.029275238513946533
A1_G,31,tile/test/glue_strip/014.png,1,abnormal_normal,32x32,23,953,0.011137229979726226,0.0012777626514434814,0.004791676998138428,0.009168744087219238,0.015251994132995605,0.02808328866958618,0.0,0.06317311525344849
A1_G,31,tile/test/glue_strip/014.png,1,defect,32x32,23,71,0.020222024178840746,0.007281750440597534,0.012708812952041626,0.01852700114250183,0.02756194770336151,0.03819344937801361,0.002553313970565796,0.0475841760635376
A1_G,31,tile/test/glue_strip/014.png,1,clean_defect,32x32,23,48,0.020748710880676906,0.006822918355464935,0.012903928756713867,0.01887856423854828,0.028447426855564117,0.03910283893346786,0.002553313970565796,0.0475841760635376
A1_G,31,tile/test/glue_strip/014.png,1,boundary,32x32,23,23,0.019122851931530495,0.010807690024375916,0.012734875082969666,0.016206681728363037,0.022838056087493896,0.03654570281505584,0.00787341594696045,0.03823727369308472
A1_G,32,tile/test/glue_strip/015.png,1,abnormal_normal,32x32,20,955,0.011440907910232145,0.0011070877313613893,0.004856526851654053,0.009367585182189941,0.01549769937992096,0.03052717447280882,0.0,0.06223568320274353
A1_G,32,tile/test/glue_strip/015.png,1,defect,32x32,20,69,0.01435806267503379,0.0030576586723327637,0.007316023111343384,0.013562917709350586,0.020887941122055054,0.027178263664245597,0.0006988942623138428,0.03142675757408142
A1_G,32,tile/test/glue_strip/015.png,1,clean_defect,32x32,20,49,0.01525198987552098,0.0034727811813354496,0.00826042890548706,0.015037506818771362,0.02214929461479187,0.027178263664245597,0.0011850297451019287,0.030271410942077637
A1_G,32,tile/test/glue_strip/015.png,1,boundary,32x32,20,20,0.012167941033840179,0.003071287274360657,0.006940007209777832,0.008850380778312683,0.01792524755001068,0.026029630005359655,0.0006988942623138428,0.03142675757408142
A1_G,33,tile/test/glue_strip/016.png,1,abnormal_normal,32x32,20,970,0.01158180964976242,0.0010065272450447082,0.0050018951296806335,0.00980105996131897,0.016010411083698273,0.02946912795305251,0.0,0.06077876687049866
A1_G,33,tile/test/glue_strip/016.png,1,defect,32x32,20,54,0.01740969827881566,0.005004703998565675,0.011900864541530609,0.01717647910118103,0.021628543734550476,0.030212722718715664,0.001358121633529663,0.05548509955406189
A1_G,33,tile/test/glue_strip/016.png,1,clean_defect,32x32,20,34,0.01981227801126592,0.00898309499025345,0.013496235013008118,0.019358932971954346,0.024253807961940765,0.03079048544168472,0.0013601481914520264,0.05548509955406189
A1_G,33,tile/test/glue_strip/016.png,1,boundary,32x32,20,20,0.013325312733650207,0.003024040162563324,0.007250577211380005,0.014842674136161804,0.018228478729724884,0.023104479908943182,0.001358121633529663,0.03043830394744873
A1_G,34,tile/test/glue_strip/017.png,1,abnormal_normal,32x32,29,833,0.012022399852255812,0.0011920154094696045,0.005604296922683716,0.010521948337554932,0.015980124473571777,0.02927137613296508,0.0,0.06449142098426819
A1_G,34,tile/test/glue_strip/017.png,1,defect,32x32,29,191,0.01634448126972658,0.0030969232320785522,0.009942099452018738,0.01542431116104126,0.02175271511077881,0.03378687798976898,0.0,0.04447066783905029
A1_G,34,tile/test/glue_strip/017.png,1,clean_defect,32x32,29,162,0.016617752703619593,0.0027661651372909548,0.009285055100917816,0.016468465328216553,0.02245386689901352,0.03420790135860443,0.0,0.04447066783905029
A1_G,34,tile/test/glue_strip/017.png,1,boundary,32x32,29,29,0.014817930501082847,0.007917028665542603,0.011914193630218506,0.014205127954483032,0.017908304929733276,0.02091347575187683,0.0067743659019470215,0.027471870183944702
A1_G,35,tile/test/good/000.png,0,normal_image,32x32,0,1024,0.01175330684054643,0.0013345003128051758,0.004921808838844299,0.00968104600906372,0.01581282913684845,0.029482914507389067,0.0,0.07713037729263306
A1_G,36,tile/test/good/001.png,0,normal_image,32x32,0,1024,0.011628351494437084,0.001078920066356659,0.0049994587898254395,0.009455382823944092,0.015549741685390472,0.03017594218254089,0.0,0.057455748319625854
A1_G,37,tile/test/good/002.png,0,normal_image,32x32,0,1024,0.011372665059752762,0.00149623304605484,0.005096152424812317,0.009434118866920471,0.01537785679101944,0.02694165855646133,0.0,0.07752364873886108
A1_G,38,tile/test/good/003.png,0,normal_image,32x32,0,1024,0.01101440584170632,0.0011398002505302429,0.004797890782356262,0.009101107716560364,0.015244007110595703,0.02807485908269882,0.0,0.054387062788009644
A1_G,39,tile/test/good/004.png,0,normal_image,32x32,0,1024,0.011363322497345507,0.0009537771344184878,0.004834622144699097,0.00935642421245575,0.015819601714611053,0.029442133009433744,0.0,0.06446629762649536
A1_G,40,tile/test/good/005.png,0,normal_image,32x32,0,1024,0.011556930985534564,0.0007682546973228455,0.004776380956172943,0.00968092679977417,0.01582413911819458,0.02836407274007797,0.0,0.0842302143573761
A1_G,41,tile/test/good/006.png,0,normal_image,32x32,0,1024,0.011531676136655733,0.000978910923004151,0.0044085681438446045,0.009272411465644836,0.01585705578327179,0.03004436045885084,0.0,0.066264808177948
A1_G,42,tile/test/good/007.png,0,normal_image,32x32,0,1024,0.011037001357180998,0.0012569457292556764,0.004986502230167389,0.008992955088615417,0.014577239751815796,0.027334336936473823,0.0,0.05495208501815796
A1_G,43,tile/test/good/008.png,0,normal_image,32x32,0,1024,0.01074123554280959,0.0010311409831047058,0.004910200834274292,0.008751586079597473,0.014626361429691315,0.027568069100379924,0.0,0.052276670932769775
A1_G,44,tile/test/good/009.png,0,normal_image,32x32,0,1024,0.011418416048400104,0.0009440228343009949,0.00439048558473587,0.008767932653427124,0.015523143112659454,0.030658756196498868,0.0,0.09197229146957397
A1_G,45,tile/test/good/010.png,0,normal_image,32x32,0,1024,0.012059637781931087,0.0010489076375961304,0.005475848913192749,0.009784281253814697,0.016156695783138275,0.030712413787841782,0.0,0.06153920292854309
A1_G,46,tile/test/good/011.png,0,normal_image,32x32,0,1024,0.010920343571342528,0.0010238111019134522,0.004550017416477203,0.008401885628700256,0.01469191163778305,0.02843196988105768,0.0,0.07330095767974854
A1_G,47,tile/test/good/012.png,0,normal_image,32x32,0,1024,0.011684091645292938,0.0009405493736267095,0.005025692284107208,0.00900392234325409,0.016140274703502655,0.030201183259487147,0.0,0.05773651599884033
A1_G,48,tile/test/good/013.png,0,normal_image,32x32,0,1024,0.011103158991318196,0.000955401360988617,0.004378713667392731,0.00912921130657196,0.015284635126590729,0.02807985991239547,0.0,0.05142530798912048
A1_G,49,tile/test/good/014.png,0,normal_image,32x32,0,1024,0.011228196177398786,0.0012852922081947327,0.004847489297389984,0.009585097432136536,0.015350468456745148,0.02724534720182418,0.0,0.051404744386672974
A1_G,50,tile/test/good/015.png,0,normal_image,32x32,0,1024,0.011356191127561033,0.0012662693858146669,0.004725009202957153,0.008919686079025269,0.015711478888988495,0.029138383269309995,0.0,0.054249584674835205
A1_G,51,tile/test/good/016.png,0,normal_image,32x32,0,1024,0.011186858988367021,0.0009221777319908145,0.004632025957107544,0.009100571274757385,0.0153956338763237,0.029110212624073022,0.0,0.051495373249053955
A1_G,52,tile/test/good/017.png,0,normal_image,32x32,0,1024,0.011367919098120183,0.0013971149921417237,0.004995040595531464,0.009505674242973328,0.015551142394542694,0.026481252908706662,0.0,0.06774291396141052
A1_G,53,tile/test/good/018.png,0,normal_image,32x32,0,1024,0.010988764726789668,0.0009184271097183231,0.004588648676872253,0.008925005793571472,0.014714464545249939,0.027804952859878534,0.0,0.052647680044174194
A1_G,54,tile/test/good/019.png,0,normal_image,32x32,0,1024,0.011963941738940775,0.0009225547313690187,0.0051719024777412415,0.009666398167610168,0.016650378704071045,0.02980368882417678,0.0,0.07702815532684326
A1_G,55,tile/test/good/020.png,0,normal_image,32x32,0,1024,0.01113685657037422,0.0011728897690773013,0.004567265510559082,0.008921772241592407,0.015268921852111816,0.028545996546745295,0.0,0.08454665541648865
A1_G,56,tile/test/good/021.png,0,normal_image,32x32,0,1024,0.011552011768799275,0.001182401180267335,0.004697546362876892,0.009442538022994995,0.015717312693595886,0.02883027493953705,0.0,0.057602643966674805
A1_G,57,tile/test/good/022.png,0,normal_image,32x32,0,1024,0.011851670074975118,0.0012261182069778444,0.005207225680351257,0.00941111147403717,0.01588626205921173,0.030967126786708793,0.0,0.06834542751312256
A1_G,58,tile/test/good/023.png,0,normal_image,32x32,0,1024,0.011360858188709244,0.0012315765023231508,0.004650332033634186,0.009215563535690308,0.015412583947181702,0.030298680067062374,0.0,0.05312356352806091
A1_G,59,tile/test/good/024.png,0,normal_image,32x32,0,1024,0.01186884762137197,0.0013708442449569705,0.005470588803291321,0.009992092847824097,0.016019359230995178,0.02860653847455978,0.0,0.057251572608947754
A1_G,60,tile/test/good/025.png,0,normal_image,32x32,0,1024,0.011614176124567166,0.0011523455381393438,0.005062788724899292,0.00949065387248993,0.01575891673564911,0.02969683557748794,0.0,0.06190106272697449
A1_G,61,tile/test/good/026.png,0,normal_image,32x32,0,1024,0.01155003477470018,0.0013370007276535035,0.004857733845710754,0.009142473340034485,0.015569910407066345,0.029526007175445554,0.0,0.0673837959766388
A1_G,62,tile/test/good/027.png,0,normal_image,32x32,0,1024,0.011642003810266033,0.0010256111621856692,0.004818394780158997,0.009160801768302917,0.016075626015663147,0.030452986061573022,0.0,0.060944974422454834
A1_G,63,tile/test/good/028.png,0,normal_image,32x32,0,1024,0.010769881220767274,0.001213023066520691,0.004748024046421051,0.008774131536483765,0.014862671494483948,0.02659456729888914,0.0,0.054728686809539795
A1_G,64,tile/test/good/029.png,0,normal_image,32x32,0,1024,0.011354820657288656,0.0012225553393363953,0.004646077752113342,0.009278178215026855,0.015326820313930511,0.029408101737499203,0.0,0.06444370746612549
A1_G,65,tile/test/good/030.png,0,normal_image,32x32,0,1024,0.01104023223160766,0.0008465275168418886,0.004559621214866638,0.008560612797737122,0.015384629368782043,0.027998298406600928,0.0,0.07395586371421814
A1_G,66,tile/test/good/031.png,0,normal_image,32x32,0,1024,0.011575001204619184,0.001031048595905304,0.004792436957359314,0.009182527661323547,0.015691429376602173,0.03000688552856442,0.0,0.07743385434150696
A1_G,67,tile/test/good/032.png,0,normal_image,32x32,0,1024,0.011364330362994224,0.001068544387817383,0.00482679158449173,0.00960986316204071,0.015314072370529175,0.02777651697397228,0.0,0.07926243543624878
A1_G,68,tile/test/gray_stroke/000.png,1,abnormal_normal,32x32,13,994,0.012566740663958267,0.0014877825975418092,0.00518181174993515,0.010027214884757996,0.016917407512664795,0.03137680292129515,0.0,0.08472028374671936
A1_G,68,tile/test/gray_stroke/000.png,1,defect,32x32,13,30,0.01728474199771881,0.008964556455612182,0.012868396937847137,0.01654738187789917,0.022215306758880615,0.02986958473920822,0.0033702850341796875,0.030283063650131226
A1_G,68,tile/test/gray_stroke/000.png,1,clean_defect,32x32,13,17,0.018097002716625437,0.007994771003723145,0.014992177486419678,0.017756879329681396,0.023394078016281128,0.029735350608825685,0.0033702850341796875,0.030042171478271484
A1_G,68,tile/test/gray_stroke/000.png,1,boundary,32x32,13,13,0.01622255490376399,0.009294342994689942,0.011120527982711792,0.014133244752883911,0.017811685800552368,0.027444159984588615,0.008812099695205688,0.030283063650131226
A1_G,69,tile/test/gray_stroke/001.png,1,abnormal_normal,32x32,28,959,0.011399471691427937,0.0009555876255035401,0.004793867468833923,0.00924217700958252,0.015690043568611145,0.02859955728054045,0.0,0.07399031519889832
A1_G,69,tile/test/gray_stroke/001.png,1,defect,32x32,28,65,0.016313080604259785,0.004260599613189697,0.012054026126861572,0.016146540641784668,0.021264106035232544,0.026168400049209596,0.0,0.03030991554260254
A1_G,69,tile/test/gray_stroke/001.png,1,clean_defect,32x32,28,37,0.01720868010778685,0.008944958448410034,0.013901740312576294,0.017508983612060547,0.021474748849868774,0.024077278375625604,0.0,0.03030991554260254
A1_G,69,tile/test/gray_stroke/001.png,1,boundary,32x32,28,28,0.015129609831741877,0.003737717866897583,0.009469553828239441,0.014274656772613525,0.020883679389953613,0.026558925211429597,0.0033275187015533447,0.02930384874343872
A1_G,70,tile/test/gray_stroke/002.png,1,abnormal_normal,32x32,4,993,0.011884559797496353,0.0015750646591186524,0.005281209945678711,0.009748756885528564,0.015789061784744263,0.031007587909698486,0.0,0.05827564001083374
A1_G,70,tile/test/gray_stroke/002.png,1,defect,32x32,4,31,0.019896916804775115,0.008726924657821655,0.01397775113582611,0.019883066415786743,0.02735017240047455,0.032588183879852295,0.00276029109954834,0.034568578004837036
A1_G,70,tile/test/gray_stroke/002.png,1,clean_defect,32x32,4,27,0.02118765866314923,0.009425365924835205,0.0158378928899765,0.02071407437324524,0.028748705983161926,0.033208799362182614,0.008327066898345947,0.034568578004837036
A1_G,70,tile/test/gray_stroke/002.png,1,boundary,32x32,4,4,0.011184409260749817,0.0038539260625839234,0.008228465914726257,0.010234758257865906,0.013190701603889465,0.01984440386295318,0.00276029109954834,0.021507829427719116
A1_G,71,tile/test/gray_stroke/003.png,1,abnormal_normal,32x32,31,942,0.011630866083369893,0.0013863950967788698,0.0051299408078193665,0.009624838829040527,0.01555449515581131,0.029053486883640282,0.0,0.08436530828475952
A1_G,71,tile/test/gray_stroke/003.png,1,defect,32x32,31,82,0.012960115220488571,0.0021892204880714417,0.006078213453292847,0.011914059519767761,0.01883377879858017,0.02736838757991791,0.00013881921768188477,0.03478863835334778
A1_G,71,tile/test/gray_stroke/003.png,1,clean_defect,32x32,31,51,0.012072876972310683,0.0016188770532608032,0.005442395806312561,0.011773645877838135,0.015898078680038452,0.026720181107521057,0.00013881921768188477,0.03478863835334778
A1_G,71,tile/test/gray_stroke/003.png,1,boundary,32x32,31,31,0.014419765241684453,0.004109054803848267,0.007801324129104614,0.011954009532928467,0.02167445421218872,0.027240872383117676,0.0018991529941558838,0.030262410640716553
A1_G,72,tile/test/gray_stroke/004.png,1,abnormal_normal,32x32,16,958,0.011320727198756065,0.0010622233152389527,0.004870474338531494,0.00921507179737091,0.015423022210597992,0.028609223663806912,0.0,0.06334558129310608
A1_G,72,tile/test/gray_stroke/004.png,1,defect,32x32,16,66,0.008818112087972237,0.0012906938791275024,0.0042182207107543945,0.007666528224945068,0.012752391397953033,0.017992354929447174,0.0,0.029095172882080078
A1_G,72,tile/test/gray_stroke/004.png,1,clean_defect,32x32,16,50,0.0082674241065979,0.0010464027523994447,0.0038282424211502075,0.007489234209060669,0.011690445244312286,0.017315840721130363,0.0,0.029095172882080078
A1_G,72,tile/test/gray_stroke/004.png,1,boundary,32x32,16,16,0.010539012029767036,0.003690570592880249,0.006792083382606506,0.00917111337184906,0.013572439551353455,0.018737822771072388,0.0024155378341674805,0.025437623262405396
A1_G,73,tile/test/gray_stroke/005.png,1,abnormal_normal,32x32,30,952,0.011973129225378278,0.001339876651763916,0.005083546042442322,0.009646743535995483,0.01644565910100937,0.030747973918914775,0.0,0.07055020332336426
A1_G,73,tile/test/gray_stroke/005.png,1,defect,32x32,30,72,0.019278171575731702,0.0066325455904006955,0.01441194862127304,0.019679874181747437,0.024963639676570892,0.030212506651878357,0.001329958438873291,0.04315635561943054
A1_G,73,tile/test/gray_stroke/005.png,1,clean_defect,32x32,30,42,0.02014177824769701,0.00998215526342392,0.01571093499660492,0.021197453141212463,0.025213249027729034,0.02781380861997604,0.006602942943572998,0.03222981095314026
A1_G,73,tile/test/gray_stroke/005.png,1,boundary,32x32,30,30,0.018069122234980264,0.004598961770534515,0.009066887199878693,0.018702730536460876,0.023746855556964874,0.03189530074596404,0.001329958438873291,0.04315635561943054
A1_G,74,tile/test/gray_stroke/006.png,1,abnormal_normal,32x32,18,957,0.011924237293135784,0.0009620487689971925,0.004829764366149902,0.009879082441329956,0.01614663004875183,0.030044215917587255,0.0,0.05689716339111328
A1_G,74,tile/test/gray_stroke/006.png,1,defect,32x32,18,67,0.019479367715209278,0.00734497606754303,0.013760000467300415,0.018830418586730957,0.02403227984905243,0.035130587220191946,0.002424776554107666,0.04068616032600403
A1_G,74,tile/test/gray_stroke/006.png,1,clean_defect,32x32,18,49,0.019166933638708934,0.008440840244293214,0.014438599348068237,0.018458545207977295,0.02386435866355896,0.03494266271591186,0.002424776554107666,0.0381486713886261
A1_G,74,tile/test/gray_stroke/006.png,1,boundary,32x32,18,18,0.020329882701237995,0.006672029197216034,0.013224221765995026,0.02238546311855316,0.024434149265289307,0.033738334476947775,0.004886656999588013,0.04068616032600403
A1_G,75,tile/test/gray_stroke/007.png,1,abnormal_normal,32x32,25,940,0.011079892230794785,0.0014236479997634887,0.0045951008796691895,0.009166225790977478,0.014981292188167572,0.027070780098438253,0.0,0.0622810423374176
A1_G,75,tile/test/gray_stroke/007.png,1,defect,32x32,25,84,0.015658242716675715,0.00560557246208191,0.011248297989368439,0.014348506927490234,0.019061990082263947,0.027839130163192744,0.0006034970283508301,0.03674766421318054
A1_G,75,tile/test/gray_stroke/007.png,1,clean_defect,32x32,25,59,0.0160668143781565,0.005654829740524293,0.01135215163230896,0.01610267162322998,0.019949913024902344,0.025991612672805784,0.0006034970283508301,0.03674766421318054
A1_G,75,tile/test/gray_stroke/007.png,1,boundary,32x32,25,25,0.014694013595581056,0.0061164677143096926,0.010994940996170044,0.012888073921203613,0.01443663239479065,0.03148411512374877,0.0035302937030792236,0.034254103899002075
A1_G,76,tile/test/gray_stroke/008.png,1,abnormal_normal,32x32,9,988,0.01184742041083,0.0014598339796066285,0.004971891641616821,0.009762585163116455,0.01612813025712967,0.02956711649894714,0.0,0.06620541214942932
A1_G,76,tile/test/gray_stroke/008.png,1,defect,32x32,9,36,0.02118814902173148,0.011731140315532684,0.015514172613620758,0.020789429545402527,0.026032879948616028,0.03235086798667908,0.007537245750427246,0.04103291034698486
A1_G,76,tile/test/gray_stroke/008.png,1,clean_defect,32x32,9,27,0.02014863270300406,0.010447153449058532,0.014897406101226807,0.020293354988098145,0.024858132004737854,0.029446029663085935,0.007537245750427246,0.03203335404396057
A1_G,76,tile/test/gray_stroke/008.png,1,boundary,32x32,9,9,0.024306697977913752,0.014185118675231933,0.017732232809066772,0.02145838737487793,0.029042035341262817,0.03794111013412475,0.013240993022918701,0.04103291034698486
A1_G,77,tile/test/gray_stroke/009.png,1,abnormal_normal,32x32,23,958,0.011507021516001548,0.0011944681406021117,0.004627630114555359,0.009254440665245056,0.015457600355148315,0.029395994544029237,0.0,0.08322510123252869
A1_G,77,tile/test/gray_stroke/009.png,1,defect,32x32,23,66,0.016008672840667492,0.005002923309803009,0.01117657870054245,0.01589733362197876,0.02071889489889145,0.026900433003902435,0.0034320056438446045,0.03165167570114136
A1_G,77,tile/test/gray_stroke/009.png,1,clean_defect,32x32,23,43,0.01634509896123132,0.006066444516181946,0.011866554617881775,0.015307605266571045,0.021282166242599487,0.02892644107341766,0.0052950382232666016,0.03165167570114136
A1_G,77,tile/test/gray_stroke/009.png,1,boundary,32x32,23,23,0.015379702267439468,0.004156917333602905,0.010454952716827393,0.017380177974700928,0.02014876902103424,0.02496279776096344,0.0034320056438446045,0.025472700595855713
A1_G,78,tile/test/gray_stroke/010.png,1,abnormal_normal,32x32,27,934,0.012430969569871973,0.0014188244938850402,0.005408346652984619,0.010258272290229797,0.017066963016986847,0.03166702687740324,0.0,0.05680018663406372
A1_G,78,tile/test/gray_stroke/010.png,1,defect,32x32,27,90,0.014911700288454692,0.004906544089317321,0.01062466949224472,0.013833686709403992,0.01867648959159851,0.027478267252445218,0.0020562410354614258,0.04015287756919861
A1_G,78,tile/test/gray_stroke/010.png,1,clean_defect,32x32,27,63,0.014874597863545494,0.0045697659254074095,0.010648921132087708,0.01373562216758728,0.018646836280822754,0.027824625372886654,0.0020562410354614258,0.04015287756919861
A1_G,78,tile/test/gray_stroke/010.png,1,boundary,32x32,27,27,0.014998272613242821,0.005778643488883972,0.010572656989097595,0.013931751251220703,0.01913703978061676,0.026736795902252197,0.004952669143676758,0.03398248553276062
A1_G,79,tile/test/gray_stroke/011.png,1,abnormal_normal,32x32,26,926,0.01119751938604639,0.0009568482637405396,0.004880212247371674,0.009141042828559875,0.01541348546743393,0.027427397668361664,0.0,0.05891382694244385
A1_G,79,tile/test/gray_stroke/011.png,1,defect,32x32,26,98,0.015948067818369185,0.004212920367717744,0.010132648050785065,0.014781385660171509,0.022824399173259735,0.028580757975578307,0.0017981231212615967,0.03494367003440857
A1_G,79,tile/test/gray_stroke/011.png,1,clean_defect,32x32,26,72,0.01596530733837022,0.004525008797645569,0.010061144828796387,0.014744162559509277,0.022915668785572052,0.028131332993507386,0.0017981231212615967,0.033917367458343506
A1_G,79,tile/test/gray_stroke/011.png,1,boundary,32x32,26,26,0.015900327609135553,0.0030383318662643433,0.010329730808734894,0.01529771089553833,0.021461717784404755,0.03208336979150772,0.0026663541793823242,0.03494367003440857
A1_G,80,tile/test/gray_stroke/012.png,1,abnormal_normal,32x32,9,989,0.012235937634420829,0.0009316861629486084,0.0050001442432403564,0.009968221187591553,0.01672917604446411,0.03139967322349547,0.0,0.0636330246925354
A1_G,80,tile/test/gray_stroke/012.png,1,defect,32x32,9,35,0.02140830499785287,0.009549495577812196,0.016944050788879395,0.019339770078659058,0.025311097502708435,0.03681817948818206,0.0,0.04388439655303955
A1_G,80,tile/test/gray_stroke/012.png,1,clean_defect,32x32,9,26,0.023252682043955877,0.014360710978507996,0.017952628433704376,0.020479947328567505,0.02542414516210556,0.038274846971035004,0.010889887809753418,0.04388439655303955
A1_G,80,tile/test/gray_stroke/012.png,1,boundary,32x32,9,9,0.016080104642444186,0.0035464525222778324,0.009842365980148315,0.013585895299911499,0.019162684679031372,0.030803358554840087,0.0,0.030885696411132812
A1_G,81,tile/test/gray_stroke/013.png,1,abnormal_normal,32x32,11,981,0.011989581748979902,0.0015690624713897705,0.005084306001663208,0.009477078914642334,0.016346722841262817,0.030171900987625122,0.0,0.0755770206451416
A1_G,81,tile/test/gray_stroke/013.png,1,defect,32x32,11,43,0.01956520732059035,0.0041969001293182375,0.013494983315467834,0.018468081951141357,0.0268733948469162,0.03632708191871643,0.0005680620670318604,0.039409130811691284
A1_G,81,tile/test/gray_stroke/013.png,1,clean_defect,32x32,11,32,0.019808106124401093,0.003650657832622528,0.014715030789375305,0.01850016415119171,0.02597634494304657,0.03768617063760757,0.0005680620670318604,0.039409130811691284
A1_G,81,tile/test/gray_stroke/013.png,1,boundary,32x32,11,11,0.01885859261859547,0.004960179328918457,0.009744733572006226,0.015118539333343506,0.027807950973510742,0.03371645510196686,0.004270017147064209,0.03632780909538269
A1_G,82,tile/test/gray_stroke/014.png,1,abnormal_normal,32x32,16,933,0.011939430032384613,0.0013371109962463379,0.005358219146728516,0.009856104850769043,0.01577618718147278,0.029015332460403442,0.0,0.06913802027702332
A1_G,82,tile/test/gray_stroke/014.png,1,defect,32x32,16,91,0.011631817608089238,0.0007123798131942749,0.00567270815372467,0.010399192571640015,0.01697409152984619,0.025850430130958557,0.0,0.03516837954521179
A1_G,82,tile/test/gray_stroke/014.png,1,clean_defect,32x32,16,75,0.010957059462865194,0.0006548553705215454,0.005416303873062134,0.009712159633636475,0.01483909785747528,0.02393159568309783,0.0,0.03516837954521179
A1_G,82,tile/test/gray_stroke/014.png,1,boundary,32x32,16,16,0.014794746413826942,0.0035347789525985718,0.009662307798862457,0.01529163122177124,0.021414846181869507,0.025774255394935608,0.0021678805351257324,0.026255935430526733
A1_G,83,tile/test/gray_stroke/015.png,1,abnormal_normal,32x32,11,993,0.011697520992426954,0.0011572897434234618,0.004922717809677124,0.009750336408615112,0.015649855136871338,0.029852730035781854,0.0,0.07370373606681824
A1_G,83,tile/test/gray_stroke/015.png,1,defect,32x32,11,31,0.019176255310735395,0.005677863955497742,0.014136210083961487,0.017075717449188232,0.024296358227729797,0.036797985434532166,0.002974778413772583,0.04184180498123169
A1_G,83,tile/test/gray_stroke/015.png,1,clean_defect,32x32,11,20,0.019214750826358797,0.011916658282279969,0.014487788081169128,0.01647418737411499,0.022122353315353394,0.034460829198360445,0.007550179958343506,0.03939482569694519
A1_G,83,tile/test/gray_stroke/015.png,1,boundary,32x32,11,11,0.019106263464147396,0.0039200931787490845,0.010413676500320435,0.017843037843704224,0.027617424726486206,0.03675541281700134,0.002974778413772583,0.04184180498123169
A1_G,84,tile/test/oil/000.png,1,abnormal_normal,32x32,35,759,0.012034158461649899,0.0016211092472076416,0.005388528108596802,0.009420812129974365,0.01581054925918579,0.03172954618930817,0.0,0.05975544452667236
A1_G,84,tile/test/oil/000.png,1,defect,32x32,35,265,0.015141182013277738,0.00447961688041687,0.009837627410888672,0.014761239290237427,0.018903881311416626,0.027209442853927606,0.0013205409049987793,0.04258173704147339
A1_G,84,tile/test/oil/000.png,1,clean_defect,32x32,35,230,0.015652964296548263,0.005204066634178162,0.010537706315517426,0.01545649766921997,0.019902527332305908,0.02668904811143874,0.0013205409049987793,0.04258173704147339
A1_G,84,tile/test/oil/000.png,1,boundary,32x32,35,35,0.011778041294642856,0.0028808444738388063,0.005558684468269348,0.010687708854675293,0.014498531818389893,0.02922500669956206,0.0017264485359191895,0.03605306148529053
A1_G,85,tile/test/oil/001.png,1,abnormal_normal,32x32,27,864,0.01132629532366991,0.0013331145048141482,0.00500449538230896,0.009356915950775146,0.015066787600517273,0.02814058512449263,0.0,0.05980944633483887
A1_G,85,tile/test/oil/001.png,1,defect,32x32,27,160,0.018514451570808887,0.004621295630931855,0.011590056121349335,0.01775580644607544,0.02461758255958557,0.03625450581312179,0.0,0.04303652048110962
A1_G,85,tile/test/oil/001.png,1,clean_defect,32x32,27,133,0.018348134998092076,0.004064381122589111,0.01124638319015503,0.018110156059265137,0.024412989616394043,0.03627856969833374,0.0,0.04303652048110962
A1_G,85,tile/test/oil/001.png,1,boundary,32x32,27,27,0.019333714688265766,0.006314012408256531,0.012923270463943481,0.01672866940498352,0.025671839714050293,0.03543063998222351,0.004647880792617798,0.04090890288352966
A1_G,86,tile/test/oil/002.png,1,abnormal_normal,32x32,28,809,0.011463701725006104,0.0014801740646362305,0.004850864410400391,0.009499788284301758,0.015564024448394775,0.029003846645355155,0.0,0.07593852281570435
A1_G,86,tile/test/oil/002.png,1,defect,32x32,28,215,0.0142663789349933,0.004311022162437439,0.009455651044845581,0.014386951923370361,0.018467560410499573,0.02436087429523467,0.0017877817153930664,0.0395030677318573
A1_G,86,tile/test/oil/002.png,1,clean_defect,32x32,28,187,0.014386850404229394,0.004364964365959167,0.009847655892372131,0.014631032943725586,0.018586009740829468,0.023746430873870846,0.0017877817153930664,0.0395030677318573
A1_G,86,tile/test/oil/002.png,1,boundary,32x32,28,28,0.013461801622595106,0.003682668507099152,0.008716531097888947,0.011176928877830505,0.017565272748470306,0.02696401327848434,0.002549886703491211,0.030488967895507812
A1_G,87,tile/test/oil/003.png,1,abnormal_normal,32x32,25,854,0.011303967174657335,0.001427103579044342,0.005048930644989014,0.009418889880180359,0.015226803719997406,0.02930013686418533,0.0,0.05601245164871216
A1_G,87,tile/test/oil/003.png,1,defect,32x32,25,170,0.01686659402707044,0.0046467214822769175,0.012089557945728302,0.016447708010673523,0.021029628813266754,0.02835930734872818,6.139278411865234e-05,0.03598853945732117
A1_G,87,tile/test/oil/003.png,1,clean_defect,32x32,25,145,0.016507946828315998,0.0039180278778076175,0.01210513710975647,0.016307681798934937,0.020891696214675903,0.02761096954345702,6.139278411865234e-05,0.03528541326522827
A1_G,87,tile/test/oil/003.png,1,boundary,32x32,25,25,0.01894674777984619,0.006038177013397218,0.011985033750534058,0.017753958702087402,0.024243563413619995,0.03496702909469604,0.005019336938858032,0.03598853945732117
A1_G,88,tile/test/oil/004.png,1,abnormal_normal,32x32,23,866,0.011278513741548287,0.0013163164258003235,0.005000442266464233,0.009443849325180054,0.01510196179151535,0.028618022799491882,0.0,0.0527515709400177
A1_G,88,tile/test/oil/004.png,1,defect,32x32,23,158,0.01514083712915831,0.004754924774169922,0.010087668895721436,0.01464894413948059,0.019288599491119385,0.027272607386112216,0.0018046796321868896,0.03836989402770996
A1_G,88,tile/test/oil/004.png,1,clean_defect,32x32,23,135,0.014679700798458524,0.0043183863162994385,0.00977487862110138,0.014608383178710938,0.01881672441959381,0.025875630974769588,0.0018046796321868896,0.033381253480911255
A1_G,88,tile/test/oil/004.png,1,boundary,32x32,23,23,0.01784750689630923,0.007040482759475708,0.01158607006072998,0.016018956899642944,0.02490772306919098,0.02846265435218811,0.0059137046337127686,0.03836989402770996
A1_G,89,tile/test/oil/005.png,1,abnormal_normal,32x32,23,874,0.01105055744915314,0.0014151379466056824,0.005399815738201141,0.009436115622520447,0.015290364623069763,0.02695273011922836,0.0,0.0565340518951416
A1_G,89,tile/test/oil/005.png,1,defect,32x32,23,150,0.018352201382319133,0.00531044602394104,0.013031825423240662,0.01817212998867035,0.023850522935390472,0.03072483539581296,0.0014999210834503174,0.04375430941581726
A1_G,89,tile/test/oil/005.png,1,clean_defect,32x32,23,127,0.01769794511982775,0.005198061466217042,0.012876585125923157,0.017944514751434326,0.023253947496414185,0.02918755114078521,0.0024797022342681885,0.03998655080795288
A1_G,89,tile/test/oil/005.png,1,boundary,32x32,23,23,0.021964833788249805,0.012605130672454834,0.015278205275535583,0.02067151665687561,0.027857676148414612,0.03908345103263854,0.0014999210834503174,0.04375430941581726
A1_G,90,tile/test/oil/006.png,1,abnormal_normal,32x32,17,861,0.011409724250210841,0.001365363597869873,0.004776895046234131,0.00905454158782959,0.015098035335540771,0.03075745701789856,0.0,0.06517523527145386
A1_G,90,tile/test/oil/006.png,1,defect,32x32,17,163,0.01948909964298178,0.00535944402217865,0.012392759323120117,0.020093977451324463,0.026152297854423523,0.033194315433502194,0.0,0.04081696271896362
A1_G,90,tile/test/oil/006.png,1,clean_defect,32x32,17,146,0.01899230133180749,0.005223549902439117,0.012003310024738312,0.018532991409301758,0.02571014314889908,0.032952919602394104,0.0,0.04081696271896362
A1_G,90,tile/test/oil/006.png,1,boundary,32x32,17,17,0.02375572043306687,0.006610947847366333,0.021186381578445435,0.024393588304519653,0.028444260358810425,0.03423822522163391,0.00623658299446106,0.03809860348701477
A1_G,91,tile/test/oil/007.png,1,abnormal_normal,32x32,33,826,0.011952740697248797,0.0015407055616378784,0.005119599401950836,0.009570911526679993,0.015998125076293945,0.02946212887763977,0.0,0.07532218098640442
A1_G,91,tile/test/oil/007.png,1,defect,32x32,33,198,0.014790656741219337,0.0038539543747901917,0.010312706232070923,0.014648526906967163,0.019485697150230408,0.02558786571025847,4.225969314575195e-05,0.031780630350112915
A1_G,91,tile/test/oil/007.png,1,clean_defect,32x32,33,165,0.015025603590589581,0.005267632007598877,0.010831654071807861,0.0147227942943573,0.01946258544921875,0.025156855583190914,4.225969314575195e-05,0.031780630350112915
A1_G,91,tile/test/oil/007.png,1,boundary,32x32,33,33,0.01361592249436812,0.0020033717155456543,0.0082111656665802,0.013088732957839966,0.020629405975341797,0.02664520740509033,0.0019073486328125,0.027832239866256714
A1_G,92,tile/test/oil/008.png,1,abnormal_normal,32x32,28,857,0.011734570616741024,0.0014538347721099855,0.005129784345626831,0.009818106889724731,0.01589137315750122,0.028201395273208616,0.0,0.058402419090270996
A1_G,92,tile/test/oil/008.png,1,defect,32x32,28,167,0.015196449028517672,0.004919710755348206,0.01049274206161499,0.015286564826965332,0.01868356764316559,0.025304436683654785,0.0010024607181549072,0.04091867804527283
A1_G,92,tile/test/oil/008.png,1,clean_defect,32x32,28,139,0.014410478820046075,0.004393661022186279,0.010185658931732178,0.014964878559112549,0.018274039030075073,0.02305672466754913,0.0010024607181549072,0.026094436645507812
A1_G,92,tile/test/oil/008.png,1,boundary,32x32,28,28,0.019098229706287384,0.008781325817108155,0.012696005403995514,0.017349332571029663,0.024925164878368378,0.03576691150665283,0.0071375370025634766,0.04091867804527283
A1_G,93,tile/test/oil/009.png,1,abnormal_normal,32x32,30,847,0.012203812352881944,0.0014508098363876345,0.00564950704574585,0.010282456874847412,0.0167558491230011,0.028619876503944378,0.0,0.0545390248298645
A1_G,93,tile/test/oil/009.png,1,defect,32x32,30,177,0.016555598731768335,0.005954498052597046,0.011152923107147217,0.015763550996780396,0.021237492561340332,0.029146134853363027,0.00180816650390625,0.03696516156196594
A1_G,93,tile/test/oil/009.png,1,clean_defect,32x32,30,147,0.016902592717384805,0.006886419653892517,0.01146368682384491,0.015945136547088623,0.021339192986488342,0.029638245701789846,0.00451621413230896,0.03696516156196594
A1_G,93,tile/test/oil/009.png,1,boundary,32x32,30,30,0.014855328202247619,0.0023966491222381595,0.008701443672180176,0.014264851808547974,0.01993206888437271,0.027158543467521667,0.00180816650390625,0.031467556953430176
A1_G,94,tile/test/oil/010.png,1,abnormal_normal,32x32,27,864,0.010706494320873861,0.00103834867477417,0.004824645817279816,0.009190171957015991,0.014439254999160767,0.02582926154136657,0.0,0.05099406838417053
A1_G,94,tile/test/oil/010.png,1,defect,32x32,27,160,0.018322426080703735,0.004752856492996216,0.011130839586257935,0.01790599524974823,0.024074606597423553,0.03455214947462081,0.0,0.04336044192314148
A1_G,94,tile/test/oil/010.png,1,clean_defect,32x32,27,133,0.017855047283316015,0.004081523418426514,0.010783344507217407,0.01756909489631653,0.023953139781951904,0.033910048007965085,0.0,0.04336044192314148
A1_G,94,tile/test/oil/010.png,1,boundary,32x32,27,27,0.020624699415983976,0.009528037905693055,0.012274593114852905,0.019163966178894043,0.02741682529449463,0.04087873101234436,0.0074256956577301025,0.0416809618473053
A1_G,95,tile/test/oil/011.png,1,abnormal_normal,32x32,20,880,0.012086370451883837,0.0011963441967964173,0.005382247269153595,0.010053455829620361,0.016851112246513367,0.029939079284667967,0.0,0.06064942479133606
A1_G,95,tile/test/oil/011.png,1,defect,32x32,20,144,0.016985604539513588,0.005926747620105743,0.011074379086494446,0.016806766390800476,0.02252832055091858,0.029540058970451352,0.0027361512184143066,0.03500571846961975
A1_G,95,tile/test/oil/011.png,1,clean_defect,32x32,20,124,0.017147279795139067,0.006207521259784699,0.011733181774616241,0.01726733148097992,0.022689886391162872,0.029540058970451352,0.0027361512184143066,0.03500571846961975
A1_G,95,tile/test/oil/011.png,1,boundary,32x32,20,20,0.01598321795463562,0.005385071039199829,0.009307630360126495,0.015624046325683594,0.022486083209514618,0.0289881706237793,0.004601955413818359,0.03291258215904236
A1_G,96,tile/test/oil/012.png,1,abnormal_normal,32x32,21,872,0.012449579022893119,0.0012117817997932437,0.005105406045913696,0.010129421949386597,0.01689482480287552,0.03289754837751384,0.0,0.06509438157081604
A1_G,96,tile/test/oil/012.png,1,defect,32x32,21,152,0.015868889069870898,0.003578406572341919,0.010093294084072113,0.015178501605987549,0.021300874650478363,0.030237559974193556,0.0006934106349945068,0.043009161949157715
A1_G,96,tile/test/oil/012.png,1,clean_defect,32x32,21,131,0.015211126049056308,0.003360241651535034,0.009762942790985107,0.014780551195144653,0.019762367010116577,0.027561336755752563,0.0006934106349945068,0.03336888551712036
A1_G,96,tile/test/oil/012.png,1,boundary,32x32,21,21,0.019972077437809536,0.005134463310241699,0.013934135437011719,0.01698651909828186,0.026548683643341064,0.033536314964294434,0.003738909959793091,0.043009161949157715
A1_G,97,tile/test/oil/013.png,1,abnormal_normal,32x32,17,872,0.011399643854537142,0.0009991437196731569,0.005065888166427612,0.009602129459381104,0.015491753816604614,0.02813659012317657,0.0,0.06094086170196533
A1_G,97,tile/test/oil/013.png,1,defect,32x32,17,152,0.016174609331708206,0.003709027171134949,0.010523729026317596,0.016546979546546936,0.02112705260515213,0.027289213240146624,0.0,0.035143643617630005
A1_G,97,tile/test/oil/013.png,1,clean_defect,32x32,17,135,0.016216521351425737,0.003716742992401123,0.010667428374290466,0.01650625467300415,0.02116812765598297,0.02809191346168518,0.0,0.035143643617630005
A1_G,97,tile/test/oil/013.png,1,boundary,32x32,17,17,0.01584177858689252,0.003806072473526001,0.01039433479309082,0.01785755157470703,0.020900309085845947,0.026022881269454956,0.0011593401432037354,0.026025861501693726
A1_G,98,tile/test/oil/014.png,1,abnormal_normal,32x32,33,820,0.011317516645280327,0.0010456249117851257,0.005514077842235565,0.009677886962890625,0.015280529856681824,0.02644469887018203,0.0,0.054178714752197266
A1_G,98,tile/test/oil/014.png,1,defect,32x32,33,204,0.017041196425755818,0.00625079870223999,0.011895351111888885,0.016316205263137817,0.02208014577627182,0.029704669117927546,0.0,0.03953409194946289
A1_G,98,tile/test/oil/014.png,1,clean_defect,32x32,33,171,0.01695228860392208,0.006874024868011475,0.012198716402053833,0.01658812165260315,0.021328598260879517,0.027653470635414124,0.0,0.03953409194946289
A1_G,98,tile/test/oil/014.png,1,boundary,32x32,33,33,0.01750190059343974,0.0030038058757781982,0.009278655052185059,0.015933185815811157,0.024767756462097168,0.034650915861129755,0.0024763941764831543,0.03733369708061218
A1_G,99,tile/test/oil/015.png,1,abnormal_normal,32x32,44,737,0.012290346007819416,0.0013130187988281252,0.0055342018604278564,0.010092347860336304,0.016550272703170776,0.02921264767646789,0.0,0.052490442991256714
A1_G,99,tile/test/oil/015.png,1,defect,32x32,44,287,0.014495936835684427,0.0029794782400131225,0.008752405643463135,0.014361143112182617,0.018596366047859192,0.028344869613647457,0.0,0.0403439998626709
A1_G,99,tile/test/oil/015.png,1,clean_defect,32x32,44,243,0.014752623598271437,0.0033411592245101932,0.009428560733795166,0.01456516981124878,0.018608003854751587,0.02765548825263977,0.0,0.0403439998626709
A1_G,99,tile/test/oil/015.png,1,boundary,32x32,44,44,0.013078325851397081,0.0027446568012237547,0.005394041538238525,0.012041732668876648,0.01770768314599991,0.030193933844566347,0.0009337067604064941,0.03239321708679199
A1_G,100,tile/test/oil/016.png,1,abnormal_normal,32x32,46,751,0.012089602083721744,0.001487627625465393,0.005400046706199646,0.0103701651096344,0.016719907522201538,0.02944941818714142,0.0,0.05863425135612488
A1_G,100,tile/test/oil/016.png,1,defect,32x32,46,273,0.015647478374369417,0.004478836059570312,0.010970711708068848,0.01521289348602295,0.0201261043548584,0.026675480604171745,0.0008675456047058105,0.034682244062423706
A1_G,100,tile/test/oil/016.png,1,clean_defect,32x32,46,227,0.015746958192749697,0.004689508676528931,0.011504516005516052,0.01557934284210205,0.02005504071712494,0.02639884650707245,0.0008675456047058105,0.03393399715423584
A1_G,100,tile/test/oil/016.png,1,boundary,32x32,46,46,0.015156567096710205,0.004330053925514221,0.009316116571426392,0.012870386242866516,0.020355433225631714,0.027079269289970398,0.0020624399185180664,0.034682244062423706
A1_G,101,tile/test/oil/017.png,1,abnormal_normal,32x32,52,770,0.011681720691841918,0.0014554291963577272,0.005353204905986786,0.00956706702709198,0.015454895794391632,0.02788522690534591,0.0,0.09173145890235901
A1_G,101,tile/test/oil/017.png,1,defect,32x32,52,254,0.014990930247494556,0.004488417506217956,0.00949355959892273,0.014367952942848206,0.020095571875572205,0.028186266124248502,0.0010372698307037354,0.04617971181869507
A1_G,101,tile/test/oil/017.png,1,clean_defect,32x32,52,202,0.01577168894876348,0.004559937119483948,0.010512575507164001,0.015604496002197266,0.020721592009067535,0.02733126878738403,0.0010372698307037354,0.0330047607421875
A1_G,101,tile/test/oil/017.png,1,boundary,32x32,52,52,0.011957982984872965,0.004114267230033875,0.007276035845279694,0.009584948420524597,0.014014042913913727,0.02932680845260619,0.0024573206901550293,0.04617971181869507
A1_G,102,tile/test/rough/000.png,1,abnormal_normal,32x32,15,964,0.010571035699478324,0.000966702401638031,0.003995344042778015,0.00851006805896759,0.01487470418214798,0.027546000480651794,0.0,0.053966671228408813
A1_G,102,tile/test/rough/000.png,1,defect,32x32,15,60,0.02371304084857305,0.009230498969554902,0.01719650626182556,0.022516876459121704,0.031292885541915894,0.04140883982181549,0.0009340941905975342,0.04990306496620178
A1_G,102,tile/test/rough/000.png,1,clean_defect,32x32,15,45,0.023579929934607613,0.009008955955505372,0.014449089765548706,0.02270960807800293,0.03064855933189392,0.04160736799240112,0.0009340941905975342,0.04990306496620178
A1_G,102,tile/test/rough/000.png,1,boundary,32x32,15,15,0.02411237359046936,0.011459445953369141,0.018944740295410156,0.02232414484024048,0.03200472891330719,0.03641188144683838,0.009247779846191406,0.0372471809387207
A1_G,103,tile/test/rough/001.png,1,abnormal_normal,32x32,27,900,0.012381195459100935,0.0013922974467277527,0.005216427147388458,0.010213136672973633,0.016881063580513,0.03022832721471784,0.0,0.07554835081100464
A1_G,103,tile/test/rough/001.png,1,defect,32x32,27,124,0.019801238371479894,0.0034338533878326416,0.010821864008903503,0.020177066326141357,0.02744637429714203,0.03827858716249466,0.001231461763381958,0.04374927282333374
A1_G,103,tile/test/rough/001.png,1,clean_defect,32x32,27,97,0.02248959443003861,0.006978261470794679,0.015110433101654053,0.022380799055099487,0.03020453453063965,0.03901104331016539,0.001231461763381958,0.04374927282333374
A1_G,103,tile/test/rough/001.png,1,boundary,32x32,27,27,0.010143070309250444,0.003266507387161255,0.003977850079536438,0.00809788703918457,0.014378577470779419,0.02378566265106201,0.0013883411884307861,0.02456042170524597
A1_G,104,tile/test/rough/002.png,1,abnormal_normal,32x32,43,856,0.011056031335458577,0.0009392425417900085,0.004515469074249268,0.008893698453903198,0.015028700232505798,0.02727600932121277,0.0,0.07036623358726501
A1_G,104,tile/test/rough/002.png,1,defect,32x32,43,168,0.02001483277195976,0.0036035269498825074,0.01083395630121231,0.018981054425239563,0.027101553976535797,0.0416942670941353,0.00022876262664794922,0.058608055114746094
A1_G,104,tile/test/rough/002.png,1,clean_defect,32x32,43,125,0.021969441652297975,0.004353952407836914,0.012202143669128418,0.02220115065574646,0.029200583696365356,0.04454485177993774,0.002165555953979492,0.058608055114746094
A1_G,104,tile/test/rough/002.png,1,boundary,32x32,43,43,0.014332830212837043,0.002258214354515076,0.005570843815803528,0.012048274278640747,0.02004052698612213,0.03412625789642333,0.00022876262664794922,0.04242560267448425
A1_G,105,tile/test/rough/003.png,1,abnormal_normal,32x32,39,776,0.012134979104565591,0.0014948546886444092,0.005448885262012482,0.009962037205696106,0.016140073537826538,0.03067348152399063,0.0,0.06054219603538513
A1_G,105,tile/test/rough/003.png,1,defect,32x32,39,248,0.012930556050231379,0.0028442427515983585,0.006502903997898102,0.010847032070159912,0.018037304282188416,0.02677541673183441,0.0001665055751800537,0.05549851059913635
A1_G,105,tile/test/rough/003.png,1,clean_defect,32x32,39,209,0.013083472063666895,0.002854520082473755,0.006532400846481323,0.011059969663619995,0.018072128295898438,0.026647496223449706,0.0001665055751800537,0.05549851059913635
A1_G,105,tile/test/rough/003.png,1,boundary,32x32,39,39,0.012111083055153871,0.0028369426727294926,0.006187811493873596,0.00973576307296753,0.015885353088378906,0.03138676881790162,0.0002733469009399414,0.037388741970062256
A1_G,106,tile/test/rough/004.png,1,abnormal_normal,32x32,15,667,0.012082007379903607,0.001298204064369202,0.005788594484329224,0.010527849197387695,0.01629061996936798,0.027848926186561568,0.0,0.06192171573638916
A1_G,106,tile/test/rough/004.png,1,defect,32x32,15,357,0.013939653958927016,0.0024963438510894774,0.006541788578033447,0.011376440525054932,0.018972665071487427,0.03313310742378235,6.976723670959473e-05,0.09291315078735352
A1_G,106,tile/test/rough/004.png,1,clean_defect,32x32,15,342,0.014116782019709983,0.002479736506938934,0.006724201142787933,0.011431977152824402,0.019101716578006744,0.033157537877559665,6.976723670959473e-05,0.09291315078735352
A1_G,106,tile/test/rough/004.png,1,boundary,32x32,15,15,0.009901134173075359,0.002831268310546875,0.004351034760475159,0.007944256067276001,0.01577785611152649,0.019478648900985714,0.0027582943439483643,0.020803987979888916
A1_G,107,tile/test/rough/005.png,1,abnormal_normal,32x32,11,914,0.01173110221486123,0.0010547906160354615,0.004601225256919861,0.009345099329948425,0.015829600393772125,0.03061499148607253,0.0,0.07281330227851868
A1_G,107,tile/test/rough/005.png,1,defect,32x32,11,110,0.017628829045729204,0.00428054928779602,0.010255664587020874,0.01642496883869171,0.02201751619577408,0.04058279991149901,0.0008787810802459717,0.06268641352653503
A1_G,107,tile/test/rough/005.png,1,clean_defect,32x32,11,99,0.018149048692048197,0.004547321796417237,0.010660052299499512,0.01701962947845459,0.022543832659721375,0.042237722873687746,0.0008787810802459717,0.06268641352653503
A1_G,107,tile/test/rough/005.png,1,boundary,32x32,11,11,0.012946852228858254,0.0031589865684509277,0.00539243221282959,0.010511338710784912,0.01745915412902832,0.029347345232963562,0.0014964640140533447,0.038583457469940186
A1_G,108,tile/test/rough/006.png,1,abnormal_normal,32x32,9,932,0.01210374532211492,0.0007619813084602359,0.004789374768733978,0.009485676884651184,0.016530565917491913,0.03163606673479079,0.0,0.06854113936424255
A1_G,108,tile/test/rough/006.png,1,defect,32x32,9,92,0.014749546413836271,0.0029960766434669493,0.007116243243217468,0.012967005372047424,0.01971103996038437,0.030799815058708196,0.0,0.054841071367263794
A1_G,108,tile/test/rough/006.png,1,clean_defect,32x32,9,83,0.01443726506577917,0.0027235239744186407,0.007054716348648071,0.01287803053855896,0.019586846232414246,0.029398199915885916,0.0,0.054841071367263794
A1_G,108,tile/test/rough/006.png,1,boundary,32x32,9,9,0.017629474401474,0.00459701418876648,0.010013431310653687,0.01442331075668335,0.02218252420425415,0.037172621488571166,0.0042562782764434814,0.04065433144569397
A1_G,109,tile/test/rough/007.png,1,abnormal_normal,32x32,15,889,0.011114921592620145,0.0007403194904327394,0.00471833348274231,0.008963465690612793,0.015515446662902832,0.028165251016616814,0.0,0.06738951802253723
A1_G,109,tile/test/rough/007.png,1,defect,32x32,15,135,0.014816416413695724,0.003016841411590576,0.006892800331115723,0.012039870023727417,0.021170690655708313,0.035544696450233455,0.0,0.042658329010009766
A1_G,109,tile/test/rough/007.png,1,clean_defect,32x32,15,120,0.014671661208073299,0.0030086994171142577,0.006926089525222778,0.01210591197013855,0.020953819155693054,0.03542498797178268,0.0,0.042658329010009766
A1_G,109,tile/test/rough/007.png,1,boundary,32x32,15,15,0.01597445805867513,0.005299231410026551,0.006379947066307068,0.011607080698013306,0.025188356637954712,0.031407451629638664,0.0051867663860321045,0.03597205877304077
A1_G,110,tile/test/rough/008.png,1,abnormal_normal,32x32,15,850,0.010989567777689765,0.0011655673384666446,0.004718512296676636,0.008976474404335022,0.014510929584503174,0.028224450349807733,0.0,0.05994895100593567
A1_G,110,tile/test/rough/008.png,1,defect,32x32,15,174,0.014603045651282388,0.003302910923957825,0.00836431235074997,0.012473195791244507,0.019857190549373627,0.03258978128433226,0.0,0.05388832092285156
A1_G,110,tile/test/rough/008.png,1,clean_defect,32x32,15,159,0.01478760928477881,0.003673839569091797,0.008366987109184265,0.012459933757781982,0.019855380058288574,0.03442494571208953,0.0,0.05388832092285156
A1_G,110,tile/test/rough/008.png,1,boundary,32x32,15,15,0.012646671136220295,0.0013964146375656128,0.008549854159355164,0.012670189142227173,0.01709645986557007,0.025957944989204406,0.0008782744407653809,0.025963932275772095
A1_G,111,tile/test/rough/009.png,1,abnormal_normal,32x32,37,695,0.011176378220962964,0.0012744396924972534,0.005393579602241516,0.009162575006484985,0.01479513943195343,0.029224148392677306,0.0,0.048312485218048096
A1_G,111,tile/test/rough/009.png,1,defect,32x32,37,329,0.012491135249384269,0.002355360984802246,0.007133185863494873,0.011428147554397583,0.0174390971660614,0.02580437660217284,0.0,0.03786042332649231
A1_G,111,tile/test/rough/009.png,1,clean_defect,32x32,37,292,0.012253343242488494,0.0023590132594108583,0.007007203996181488,0.011325240135192871,0.01736365258693695,0.02374324649572372,0.0,0.03744703531265259
A1_G,111,tile/test/rough/009.png,1,boundary,32x32,37,37,0.014367764060561722,0.002484619617462158,0.007213175296783447,0.01158595085144043,0.019616246223449707,0.029147070646285973,0.00010070204734802246,0.03786042332649231
A1_G,112,tile/test/rough/010.png,1,abnormal_normal,32x32,29,871,0.012100370414768925,0.0015065371990203857,0.00520913302898407,0.009872257709503174,0.0165366530418396,0.03120379149913788,0.0,0.06483912467956543
A1_G,112,tile/test/rough/010.png,1,defect,32x32,29,153,0.02054572085929073,0.003299856185913086,0.00990903377532959,0.01955467462539673,0.028926730155944824,0.0434293270111084,0.0,0.053674906492233276
A1_G,112,tile/test/rough/010.png,1,clean_defect,32x32,29,124,0.02189157037965713,0.004944750666618348,0.011191517114639282,0.020738601684570312,0.029777400195598602,0.04354830086231231,0.0,0.053674906492233276
A1_G,112,tile/test/rough/010.png,1,boundary,32x32,29,29,0.014791053944620592,0.0026591002941131594,0.005645304918289185,0.010054677724838257,0.020741164684295654,0.04064373970031737,0.002229839563369751,0.04402974247932434
A1_G,113,tile/test/rough/011.png,1,abnormal_normal,32x32,20,899,0.011465467719798358,0.0012071877717971802,0.004899218678474426,0.009095817804336548,0.01558491587638855,0.030019342899322503,0.0,0.06711822748184204
A1_G,113,tile/test/rough/011.png,1,defect,32x32,20,125,0.018821601390838622,0.003333258628845215,0.011249780654907227,0.018063485622406006,0.026190459728240967,0.036164009571075434,0.00042304396629333496,0.05675193667411804
A1_G,113,tile/test/rough/011.png,1,clean_defect,32x32,20,105,0.020070052430743262,0.005185168981552124,0.012083590030670166,0.019899070262908936,0.02713140845298767,0.0375517725944519,0.0028835535049438477,0.05675193667411804
A1_G,113,tile/test/rough/011.png,1,boundary,32x32,20,20,0.012267233431339264,0.0022180378437042236,0.004593580961227417,0.01141364872455597,0.01602042466402054,0.0296430379152298,0.00042304396629333496,0.032866835594177246
A1_G,114,tile/test/rough/012.png,1,abnormal_normal,32x32,21,789,0.011470976249044538,0.0011268079280853272,0.005096226930618286,0.009516119956970215,0.015655070543289185,0.02954624891281125,0.0,0.06203988194465637
A1_G,114,tile/test/rough/012.png,1,defect,32x32,21,235,0.01508675255673997,0.002131214737892151,0.006995081901550293,0.013090848922729492,0.02189229428768158,0.03231049478054047,0.0,0.06281810998916626
A1_G,114,tile/test/rough/012.png,1,clean_defect,32x32,21,214,0.015093260697115248,0.002133500576019287,0.007090315222740173,0.012819737195968628,0.02190660685300827,0.03231204599142075,0.0,0.06281810998916626
A1_G,114,tile/test/rough/012.png,1,boundary,32x32,21,21,0.015020431507201422,0.0017232894897460938,0.005868136882781982,0.014159321784973145,0.021793007850646973,0.02557957172393799,0.0013595521450042725,0.04309302568435669
A1_G,115,tile/test/rough/013.png,1,abnormal_normal,32x32,57,701,0.012022368748075782,0.0012912452220916748,0.006146788597106934,0.010107219219207764,0.01661887764930725,0.027786463499069214,0.0,0.046285152435302734
A1_G,115,tile/test/rough/013.png,1,defect,32x32,57,323,0.014098087608260637,0.0024627596139907837,0.007231026887893677,0.012169718742370605,0.019438311457633972,0.03301740288734436,0.0,0.05289474129676819
A1_G,115,tile/test/rough/013.png,1,clean_defect,32x32,57,266,0.014624904533077899,0.002489805221557617,0.007806569337844849,0.012279585003852844,0.01980147510766983,0.03354115039110184,0.0,0.05289474129676819
A1_G,115,tile/test/rough/013.png,1,boundary,32x32,57,57,0.011639608625780073,0.0022904574871063237,0.0060356855392456055,0.009714305400848389,0.017189472913742065,0.024005931615829465,0.0004157423973083496,0.041257500648498535
A1_G,116,tile/test/rough/014.png,1,abnormal_normal,32x32,14,869,0.01162244196042367,0.0012112438678741455,0.004892468452453613,0.00968971848487854,0.015823781490325928,0.029732012748718256,0.0,0.04661467671394348
A1_G,116,tile/test/rough/014.png,1,defect,32x32,14,155,0.014209208373100527,0.002739393711090088,0.007658660411834717,0.013170480728149414,0.019419148564338684,0.02909753918647765,0.0,0.05661898851394653
A1_G,116,tile/test/rough/014.png,1,clean_defect,32x32,14,141,0.014140002905054296,0.0027980804443359375,0.007626444101333618,0.013083815574645996,0.01972821354866028,0.028901755809783936,0.0,0.05661898851394653
A1_G,116,tile/test/rough/014.png,1,boundary,32x32,14,14,0.014906206301280431,0.004596444964408875,0.009627275168895721,0.01521696150302887,0.017665423452854156,0.029172693192958832,0.0026024580001831055,0.030913203954696655
DUP_G,0,tile/test/crack/000.png,1,abnormal_normal,32x32,60,939,0.009648169322421376,0.0006841883063316346,0.003786824643611908,0.007894754409790039,0.013394266366958618,0.024367559701204296,0.0,0.053296759724617004
DUP_G,0,tile/test/crack/000.png,1,defect,32x32,60,85,0.01236762334318722,0.004469430446624756,0.007356882095336914,0.011129975318908691,0.016569852828979492,0.022446084022521972,0.001555323600769043,0.03192698955535889
DUP_G,0,tile/test/crack/000.png,1,clean_defect,32x32,60,25,0.013272552490234376,0.005805540084838867,0.008159518241882324,0.013309895992279053,0.017693758010864258,0.021689665317535394,0.0037827491760253906,0.022790193557739258
DUP_G,0,tile/test/crack/000.png,1,boundary,32x32,60,60,0.011990569531917572,0.004441410303115845,0.007311403751373291,0.010934576392173767,0.016017451882362366,0.02259065210819244,0.001555323600769043,0.03192698955535889
DUP_G,1,tile/test/crack/001.png,1,abnormal_normal,32x32,91,933,0.009877921887628519,0.0009581118822097779,0.003764629364013672,0.007995158433914185,0.01363670825958252,0.025461077690124508,0.0,0.06374076753854752
DUP_G,1,tile/test/crack/001.png,1,defect,32x32,91,91,0.007312481547449972,0.00040435791015625,0.0031819045543670654,0.006422758102416992,0.010014772415161133,0.017685920000076294,0.0,0.021317124366760254
DUP_G,1,tile/test/crack/001.png,1,clean_defect,32x32,91,0,,,,,,,,
DUP_G,1,tile/test/crack/001.png,1,boundary,32x32,91,91,0.007312481547449972,0.00040435791015625,0.0031819045543670654,0.006422758102416992,0.010014772415161133,0.017685920000076294,0.0,0.021317124366760254
DUP_G,2,tile/test/crack/002.png,1,abnormal_normal,32x32,76,926,0.009777626835340815,0.0009341947734355927,0.003926645964384079,0.00802939385175705,0.013954538851976395,0.02380611002445221,0.0,0.05313210189342499
DUP_G,2,tile/test/crack/002.png,1,defect,32x32,76,98,0.009148306232325884,0.0015911206603050232,0.004658341407775879,0.007780313491821289,0.011842936277389526,0.02435419261455535,0.00022390484809875488,0.0318145751953125
DUP_G,2,tile/test/crack/002.png,1,clean_defect,32x32,76,22,0.0083556744185361,0.0014052361249923706,0.0037798136472702026,0.008740425109863281,0.01250089704990387,0.015971091389656064,0.00044149160385131836,0.017243504524230957
DUP_G,2,tile/test/crack/002.png,1,boundary,32x32,76,76,0.009377752283686086,0.0016638711094856262,0.0049197860062122345,0.007543772459030151,0.010691255331039429,0.02558101713657379,0.00022390484809875488,0.0318145751953125
DUP_G,3,tile/test/crack/003.png,1,abnormal_normal,32x32,64,938,0.00995316229927451,0.0009368233382701874,0.00409378856420517,0.008230280131101608,0.01325862854719162,0.024732728302478788,0.0,0.07116992026567459
DUP_G,3,tile/test/crack/003.png,1,defect,32x32,64,86,0.012751982309097467,0.0022516772150993347,0.006866380572319031,0.011346951127052307,0.01697447896003723,0.02758997678756714,0.001709073781967163,0.042488813400268555
DUP_G,3,tile/test/crack/003.png,1,clean_defect,32x32,64,22,0.01391383870081468,0.005767793953418731,0.009395703673362732,0.012132078409194946,0.01725982129573822,0.026833868026733397,0.0023490190505981445,0.02780783176422119
DUP_G,3,tile/test/crack/003.png,1,boundary,32x32,64,64,0.012352594174444675,0.0021986350417137145,0.00671762228012085,0.010679259896278381,0.016798198223114014,0.027597796916961653,0.001709073781967163,0.042488813400268555
DUP_G,4,tile/test/crack/004.png,1,abnormal_normal,32x32,35,987,0.00928756481238472,0.0007188767194747925,0.0036613941192626953,0.007313773036003113,0.012381147593259811,0.02409064695239067,0.0,0.062263742089271545
DUP_G,4,tile/test/crack/004.png,1,defect,32x32,35,37,0.008254515158163535,0.0023823440074920653,0.0056517720222473145,0.008147776126861572,0.010642051696777344,0.014829695224761961,0.0,0.016620159149169922
DUP_G,4,tile/test/crack/004.png,1,clean_defect,32x32,35,2,0.011135965585708618,0.006200191378593445,0.008393868803977966,0.011135965585708618,0.01387806236743927,0.01607173979282379,0.0056517720222473145,0.016620159149169922
DUP_G,4,tile/test/crack/004.png,1,boundary,32x32,35,35,0.008089860848018101,0.002349922060966492,0.005982875823974609,0.008147776126861572,0.010145097970962524,0.014354920387268065,0.0,0.01525813341140747
DUP_G,5,tile/test/crack/005.png,1,abnormal_normal,32x32,19,990,0.00993264334257504,0.0007752574980258942,0.003896762616932392,0.007704896852374077,0.013687724247574806,0.02697811089456081,0.0,0.05550000071525574
DUP_G,5,tile/test/crack/005.png,1,defect,32x32,19,34,0.00937427843318266,0.0017999634146690369,0.006796017289161682,0.00987158715724945,0.012267090380191803,0.017818932235240934,0.0,0.02014702558517456
DUP_G,5,tile/test/crack/005.png,1,clean_defect,32x32,19,15,0.010801492134730022,0.002853548526763916,0.008823037147521973,0.010972380638122559,0.012815967202186584,0.01828656494617462,0.0019474029541015625,0.02014702558517456
DUP_G,5,tile/test/crack/005.png,1,boundary,32x32,19,19,0.008247530774066323,0.0013735324144363403,0.005602523684501648,0.008301019668579102,0.010259747505187988,0.013466075062751758,0.0,0.018431246280670166
DUP_G,6,tile/test/crack/006.png,1,abnormal_normal,32x32,68,925,0.009786879037683074,0.0007529318332672119,0.00411243736743927,0.008543312549591064,0.01355774700641632,0.023979814350604995,0.0,0.052845001220703125
DUP_G,6,tile/test/crack/006.png,1,defect,32x32,68,99,0.009617237731663867,0.002213898301124573,0.005025744438171387,0.008078157901763916,0.012434586882591248,0.022088831663131706,0.0,0.028644323348999023
DUP_G,6,tile/test/crack/006.png,1,clean_defect,32x32,68,31,0.008902717982569048,0.003338143229484558,0.004132986068725586,0.007277548313140869,0.01106235384941101,0.02171449363231659,0.00036516785621643066,0.023428261280059814
DUP_G,6,tile/test/crack/006.png,1,boundary,32x32,68,68,0.009942974676104152,0.0021011427044868468,0.006101340055465698,0.00890609622001648,0.012510180473327637,0.022687867283821102,0.0,0.028644323348999023
DUP_G,7,tile/test/crack/007.png,1,abnormal_normal,32x32,51,944,0.009758572129658976,0.0008730564266443256,0.0043272823095321655,0.008295275270938873,0.013463964685797691,0.02367216423153875,0.0,0.052672311663627625
DUP_G,7,tile/test/crack/007.png,1,defect,32x32,51,80,0.009087523072957992,0.001940460503101349,0.005434498190879822,0.00845995545387268,0.011477440595626831,0.018056991696357726,0.0,0.029311776161193848
DUP_G,7,tile/test/crack/007.png,1,clean_defect,32x32,51,29,0.010715154738261783,0.004658150672912598,0.007690012454986572,0.009530246257781982,0.012460708618164062,0.020707595348358147,0.004304111003875732,0.029311776161193848
DUP_G,7,tile/test/crack/007.png,1,boundary,32x32,51,51,0.008162007027981328,0.0015840083360671997,0.0049904584884643555,0.007159054279327393,0.011281818151473999,0.016534864902496338,0.0,0.019112825393676758
DUP_G,8,tile/test/crack/008.png,1,abnormal_normal,32x32,59,952,0.010056054927878269,0.0007181920111179352,0.004097163677215576,0.008545275777578354,0.01378009282052517,0.025292215496301642,0.0,0.053068891167640686
DUP_G,8,tile/test/crack/008.png,1,defect,32x32,59,72,0.00848243675298161,0.0021832294762134555,0.004097633063793182,0.0074052512645721436,0.010565496981143951,0.01822603344917298,0.0,0.026476144790649414
DUP_G,8,tile/test/crack/008.png,1,clean_defect,32x32,59,13,0.006475423391048725,0.0014039874076843262,0.0029110312461853027,0.004982590675354004,0.009601712226867676,0.014932715892791748,0.0005388855934143066,0.015173524618148804
DUP_G,8,tile/test/crack/008.png,1,boundary,32x32,59,59,0.008924660036119364,0.002430495619773865,0.00437512993812561,0.007910281419754028,0.011064723134040833,0.01929617226123808,0.0,0.026476144790649414
DUP_G,9,tile/test/crack/009.png,1,abnormal_normal,32x32,83,930,0.01009529383993277,0.0007004328072071075,0.0038110651075839996,0.007929455488920212,0.013898979872465134,0.02588854506611824,0.0,0.061151474714279175
DUP_G,9,tile/test/crack/009.png,1,defect,32x32,83,94,0.009667370389116572,0.0030430957674980165,0.006027005612850189,0.009511828422546387,0.012370891869068146,0.018720030784606927,9.655952453613281e-06,0.02305486798286438
DUP_G,9,tile/test/crack/009.png,1,clean_defect,32x32,83,11,0.007646939971230247,0.003733307123184204,0.005172818899154663,0.006018161773681641,0.009715229272842407,0.014435678720474243,0.003511965274810791,0.014658331871032715
DUP_G,9,tile/test/crack/009.png,1,boundary,32x32,83,83,0.009935138275824398,0.002526786923408509,0.00634273886680603,0.009785771369934082,0.01249895989894867,0.019381582736968984,9.655952453613281e-06,0.02305486798286438
DUP_G,10,tile/test/crack/010.png,1,abnormal_normal,32x32,80,923,0.009792559470412274,0.0011352643370628357,0.004082895815372467,0.007938653230667114,0.012837924063205719,0.02426968514919281,0.0,0.06130144000053406
DUP_G,10,tile/test/crack/010.png,1,defect,32x32,80,101,0.010794197495030885,0.003646343946456909,0.007036447525024414,0.00969618558883667,0.01374170184135437,0.019549459218978882,0.0018740296363830566,0.03507104516029358
DUP_G,10,tile/test/crack/010.png,1,clean_defect,32x32,80,21,0.010589730171930222,0.003519594669342041,0.006968140602111816,0.008324682712554932,0.013426631689071655,0.017441391944885254,0.0032784342765808105,0.03507104516029358
DUP_G,10,tile/test/crack/010.png,1,boundary,32x32,80,80,0.010847870167344809,0.0036520630121231077,0.007338806986808777,0.010335549712181091,0.01382029801607132,0.019568096101284026,0.0018740296363830566,0.026436179876327515
DUP_G,11,tile/test/crack/011.png,1,abnormal_normal,32x32,69,955,0.010437313947065962,0.0011350318789482116,0.00402667373418808,0.008415177464485168,0.014652244746685028,0.026338645815849302,0.0,0.05899496376514435
DUP_G,11,tile/test/crack/011.png,1,defect,32x32,69,69,0.007789875070254008,0.0019291937351226807,0.0038092434406280518,0.0073850154876708984,0.010220468044281006,0.01580119729042053,0.0005859136581420898,0.01979506015777588
DUP_G,11,tile/test/crack/011.png,1,clean_defect,32x32,69,0,,,,,,,,
DUP_G,11,tile/test/crack/011.png,1,boundary,32x32,69,69,0.007789875070254008,0.0019291937351226807,0.0038092434406280518,0.0073850154876708984,0.010220468044281006,0.01580119729042053,0.0005859136581420898,0.01979506015777588
DUP_G,12,tile/test/crack/012.png,1,abnormal_normal,32x32,51,943,0.009410276214966465,0.0011006355285644533,0.003826841711997986,0.007469683885574341,0.012864138931035995,0.024675641953945157,0.0,0.05382430553436279
DUP_G,12,tile/test/crack/012.png,1,defect,32x32,51,81,0.01033861604001787,0.004542946815490723,0.007381916046142578,0.009469747543334961,0.012708485126495361,0.018428146839141846,0.0020912885665893555,0.02034538984298706
DUP_G,12,tile/test/crack/012.png,1,clean_defect,32x32,51,30,0.010628334681193034,0.0052909329533576965,0.00861254334449768,0.010210931301116943,0.012028999626636505,0.017073708772659298,0.004179477691650391,0.01956641674041748
DUP_G,12,tile/test/crack/012.png,1,boundary,32x32,51,51,0.010168193309914832,0.004442006349563599,0.006492525339126587,0.009149521589279175,0.01324513554573059,0.018467843532562256,0.0020912885665893555,0.02034538984298706
DUP_G,13,tile/test/crack/013.png,1,abnormal_normal,32x32,90,929,0.009999686581422489,0.0008410289883613586,0.0034755095839500427,0.007953926920890808,0.014132335782051086,0.027289432287216156,0.0,0.05855882167816162
DUP_G,13,tile/test/crack/013.png,1,defect,32x32,90,95,0.00841549885900397,0.0021826118230819703,0.004877999424934387,0.007617145776748657,0.010548412799835205,0.017922741174697873,0.00011011958122253418,0.02248603105545044
DUP_G,13,tile/test/crack/013.png,1,clean_defect,32x32,90,5,0.013343077898025513,0.005498647689819336,0.005610942840576172,0.01583239436149597,0.017315447330474854,0.02145191431045532,0.005470573902130127,0.02248603105545044
DUP_G,13,tile/test/crack/013.png,1,boundary,32x32,90,90,0.008141744467947219,0.0018968895077705384,0.004808977246284485,0.007538691163063049,0.00989454984664917,0.017459550499916075,0.00011011958122253418,0.0203399658203125
DUP_G,14,tile/test/crack/014.png,1,abnormal_normal,32x32,52,965,0.009523769251886426,0.0007800817489624024,0.003693297505378723,0.007700920104980469,0.0129757821559906,0.025137284398078916,0.0,0.049623407423496246
DUP_G,14,tile/test/crack/014.png,1,defect,32x32,52,59,0.011026886560149112,0.0022022783756256103,0.006874889135360718,0.010825157165527344,0.015217304229736328,0.01983295679092407,0.0011693239212036133,0.024680137634277344
DUP_G,14,tile/test/crack/014.png,1,clean_defect,32x32,52,7,0.014469563961029053,0.007025027275085449,0.010999023914337158,0.013270556926727295,0.01771026849746704,0.02333087921142578,0.005917668342590332,0.024680137634277344
DUP_G,14,tile/test/crack/014.png,1,boundary,32x32,52,52,0.010563449217722965,0.00215473473072052,0.006834357976913452,0.010447025299072266,0.015115812420845032,0.019043679535388942,0.0011693239212036133,0.021329939365386963
DUP_G,15,tile/test/crack/015.png,1,abnormal_normal,32x32,40,984,0.00973610814312488,0.000798219069838524,0.0036981329321861267,0.007638357579708099,0.013835836201906204,0.024821263365447505,0.0,0.04785598814487457
DUP_G,15,tile/test/crack/015.png,1,defect,32x32,40,40,0.010137579590082168,0.002932804822921753,0.0071641504764556885,0.010315865278244019,0.01321447640657425,0.017571084201335907,0.0017091035842895508,0.01820361614227295
DUP_G,15,tile/test/crack/015.png,1,clean_defect,32x32,40,0,,,,,,,,
DUP_G,15,tile/test/crack/015.png,1,boundary,32x32,40,40,0.010137579590082168,0.002932804822921753,0.0071641504764556885,0.010315865278244019,0.01321447640657425,0.017571084201335907,0.0017091035842895508,0.01820361614227295
DUP_G,16,tile/test/crack/016.png,1,abnormal_normal,32x32,81,936,0.00929744243542226,0.0009057559072971344,0.003643576055765152,0.007142629474401474,0.012782730162143707,0.02375701442360878,0.0,0.05996040999889374
DUP_G,16,tile/test/crack/016.png,1,defect,32x32,81,88,0.009408200667663054,0.0024561971426010133,0.006337165832519531,0.008685111999511719,0.011634111404418945,0.019223025441169737,0.00031882524490356445,0.020841777324676514
DUP_G,16,tile/test/crack/016.png,1,clean_defect,32x32,81,7,0.009406251566750663,0.006198340654373169,0.008251696825027466,0.009702324867248535,0.011310562491416931,0.01156182587146759,0.005436897277832031,0.011580020189285278
DUP_G,16,tile/test/crack/016.png,1,boundary,32x32,81,81,0.009408369108482643,0.0023429393768310547,0.006095588207244873,0.008678555488586426,0.012813419103622437,0.019311249256134033,0.00031882524490356445,0.020841777324676514
DUP_G,17,tile/test/glue_strip/000.png,1,abnormal_normal,32x32,24,936,0.010032377858510893,0.0008532069623470306,0.003970050252974033,0.007567325606942177,0.013217992149293423,0.028353001922369003,0.0,0.07344593107700348
DUP_G,17,tile/test/glue_strip/000.png,1,defect,32x32,24,88,0.01572778533128175,0.00548136979341507,0.01075907051563263,0.015282854437828064,0.02058354765176773,0.027591603994369503,0.0006669461727142334,0.032897889614105225
DUP_G,17,tile/test/glue_strip/000.png,1,clean_defect,32x32,24,64,0.01611122931353748,0.0050495147705078135,0.011985845863819122,0.015552505850791931,0.02045392245054245,0.027713578939437863,0.0006669461727142334,0.032897889614105225
DUP_G,17,tile/test/glue_strip/000.png,1,boundary,32x32,24,24,0.01470526804526647,0.005721062421798706,0.009553149342536926,0.011984497308731079,0.020862765610218048,0.02658231556415557,0.005390673875808716,0.030927181243896484
DUP_G,18,tile/test/glue_strip/001.png,1,abnormal_normal,32x32,29,912,0.010557854560350901,0.0010708019137382508,0.004543516784906387,0.008590109646320343,0.014014305546879768,0.02636079043149948,0.0,0.059486567974090576
DUP_G,18,tile/test/glue_strip/001.png,1,defect,32x32,29,112,0.014089420437812805,0.004101800918579102,0.009710751473903656,0.01279422640800476,0.017864421010017395,0.027325657010078427,0.001997828483581543,0.029840290546417236
DUP_G,18,tile/test/glue_strip/001.png,1,clean_defect,32x32,29,83,0.015394640615187496,0.0064746618270874025,0.011101558804512024,0.014040052890777588,0.019031256437301636,0.027647307515144347,0.001997828483581543,0.029840290546417236
DUP_G,18,tile/test/glue_strip/001.png,1,boundary,32x32,29,29,0.010353790274981794,0.003951621055603027,0.005532383918762207,0.00992611050605774,0.011867880821228027,0.023346346616744982,0.0021427571773529053,0.027236580848693848
DUP_G,19,tile/test/glue_strip/002.png,1,abnormal_normal,32x32,11,932,0.00960643922254571,0.0008186928927898407,0.003942938521504402,0.007379431277513504,0.01342104747891426,0.026187900826334938,0.0,0.04475820064544678
DUP_G,19,tile/test/glue_strip/002.png,1,defect,32x32,11,92,0.012275671991317169,0.0028609603643417357,0.00871565192937851,0.011562913656234741,0.016215965151786804,0.022129017114639285,0.0002332627773284912,0.02746787667274475
DUP_G,19,tile/test/glue_strip/002.png,1,clean_defect,32x32,11,81,0.012529556582003464,0.002808213233947754,0.00867915153503418,0.011871159076690674,0.016572684049606323,0.022778570652008057,0.0002332627773284912,0.02746787667274475
DUP_G,19,tile/test/glue_strip/002.png,1,boundary,32x32,11,11,0.01040615818717263,0.005978316068649292,0.0092974454164505,0.01130250096321106,0.011525467038154602,0.013533234596252441,0.004334926605224609,0.015354543924331665
DUP_G,20,tile/test/glue_strip/003.png,1,abnormal_normal,32x32,55,606,0.010574618225345517,0.0011891163885593414,0.004699010401964188,0.00900760293006897,0.014706768095493317,0.025594361126422882,0.0,0.049451544880867004
DUP_G,20,tile/test/glue_strip/003.png,1,defect,32x32,55,418,0.01219438224068384,0.0017015136778354646,0.005730368196964264,0.010168798267841339,0.017069831490516663,0.02880290448665618,0.0,0.050032079219818115
DUP_G,20,tile/test/glue_strip/003.png,1,clean_defect,32x32,55,363,0.01219006052071398,0.001623867452144623,0.005539696663618088,0.009871438145637512,0.017199911177158356,0.0290334403514862,0.0,0.050032079219818115
DUP_G,20,tile/test/glue_strip/003.png,1,boundary,32x32,55,55,0.012222905592484908,0.00394345223903656,0.007135674357414246,0.010806471109390259,0.015345484018325806,0.022279486060142496,0.0033198893070220947,0.03702089190483093
DUP_G,21,tile/test/glue_strip/004.png,1,abnormal_normal,32x32,37,797,0.010676575885382171,0.0012384414672851564,0.0041771382093429565,0.00864555686712265,0.014961585402488708,0.027328395843505847,0.0,0.08439603447914124
DUP_G,21,tile/test/glue_strip/004.png,1,defect,32x32,37,227,0.010873729043069914,0.0019483447074890136,0.006801530718803406,0.010027766227722168,0.01388782262802124,0.022596742212772365,0.0,0.042277008295059204
DUP_G,21,tile/test/glue_strip/004.png,1,clean_defect,32x32,37,190,0.010862950353245986,0.0019206389784812926,0.006740055978298187,0.01026637852191925,0.013845652341842651,0.022161836922168728,0.0,0.042277008295059204
DUP_G,21,tile/test/glue_strip/004.png,1,boundary,32x32,37,37,0.010929079071895496,0.00289841890335083,0.007146626710891724,0.009118616580963135,0.013912975788116455,0.022815680503845213,0.0,0.03263536095619202
DUP_G,22,tile/test/glue_strip/005.png,1,abnormal_normal,32x32,17,947,0.009663148331746002,0.0007670663297176364,0.003806203603744507,0.007389172911643982,0.013050226494669914,0.026865863054990755,0.0,0.051082730293273926
DUP_G,22,tile/test/glue_strip/005.png,1,defect,32x32,17,77,0.014103670592431897,0.0027900278568267823,0.009341776371002197,0.014032423496246338,0.01957087218761444,0.025853055715560916,0.0007309317588806152,0.030098915100097656
DUP_G,22,tile/test/glue_strip/005.png,1,clean_defect,32x32,17,60,0.01428302749991417,0.0029555857181549072,0.009540684521198273,0.013246819376945496,0.019624415785074234,0.02576535642147064,0.0007309317588806152,0.030098915100097656
DUP_G,22,tile/test/glue_strip/005.png,1,boundary,32x32,17,17,0.013470646213082707,0.0023407220840454103,0.0056577324867248535,0.014095574617385864,0.0185125470161438,0.025510019063949584,0.000827789306640625,0.02844652533531189
DUP_G,23,tile/test/glue_strip/006.png,1,abnormal_normal,32x32,35,807,0.010874280542172168,0.000919958204030991,0.004083581268787384,0.008574262261390686,0.014953620731830597,0.028409323096275283,0.0,0.058730799704790115
DUP_G,23,tile/test/glue_strip/006.png,1,defect,32x32,35,217,0.012388261060835579,0.002491942048072815,0.007049530744552612,0.011412262916564941,0.01716172695159912,0.02556633353233337,0.0,0.035507649183273315
DUP_G,23,tile/test/glue_strip/006.png,1,clean_defect,32x32,35,182,0.012469915857354363,0.002530916035175324,0.0070294588804244995,0.011555299162864685,0.017439350485801697,0.02591835111379623,0.0,0.03187885880470276
DUP_G,23,tile/test/glue_strip/006.png,1,boundary,32x32,35,35,0.0119636561189379,0.0025572657585144045,0.008728161454200745,0.011173784732818604,0.015197068452835083,0.021096318960189816,0.0015276074409484863,0.035507649183273315
DUP_G,24,tile/test/glue_strip/007.png,1,abnormal_normal,32x32,33,847,0.010023490254192172,0.0007734030485153199,0.0038243085145950317,0.00797136127948761,0.013613596558570862,0.026555776596069336,0.0,0.061548054218292236
DUP_G,24,tile/test/glue_strip/007.png,1,defect,32x32,33,177,0.012533067436204791,0.002639073133468628,0.007308244705200195,0.011570930480957031,0.017210036516189575,0.02555354833602905,0.0,0.03403732180595398
DUP_G,24,tile/test/glue_strip/007.png,1,clean_defect,32x32,33,144,0.01265973530502783,0.002652539312839508,0.007357314229011536,0.012246213853359222,0.017210911959409714,0.025399909913539884,0.0,0.03070715069770813
DUP_G,24,tile/test/glue_strip/007.png,1,boundary,32x32,33,33,0.011980334917704264,0.0028341948986053468,0.005050152540206909,0.010071784257888794,0.016270458698272705,0.02994560003280639,0.0,0.03403732180595398
DUP_G,25,tile/test/glue_strip/008.png,1,abnormal_normal,32x32,36,858,0.009642547521835718,0.001053319312632084,0.003617487847805023,0.007366154342889786,0.012692635878920555,0.026112016662955276,0.0,0.07172173261642456
DUP_G,25,tile/test/glue_strip/008.png,1,defect,32x32,36,166,0.01621875274612243,0.00411505252122879,0.009496640413999557,0.015210360288619995,0.021607980132102966,0.03206974267959595,0.002153441309928894,0.03601083159446716
DUP_G,25,tile/test/glue_strip/008.png,1,clean_defect,32x32,36,130,0.016730950314265032,0.004053892195224762,0.009496640413999557,0.015418320894241333,0.02282102406024933,0.03206840753555298,0.0022355318069458008,0.03601083159446716
DUP_G,25,tile/test/glue_strip/008.png,1,boundary,32x32,36,36,0.014369150416718589,0.006089456379413605,0.009558849036693573,0.013016730546951294,0.01745423674583435,0.0274336040019989,0.002153441309928894,0.03500181436538696
DUP_G,26,tile/test/glue_strip/009.png,1,abnormal_normal,32x32,23,953,0.009152771385165726,0.000740024447441101,0.003374233841896057,0.007326006889343262,0.012399241328239441,0.02443135380744934,0.0,0.06082789599895477
DUP_G,26,tile/test/glue_strip/009.png,1,defect,32x32,23,71,0.012513340359002771,0.001866266131401062,0.004938289523124695,0.0132979154586792,0.01864302158355713,0.022782593965530396,0.0,0.02415451407432556
DUP_G,26,tile/test/glue_strip/009.png,1,clean_defect,32x32,23,48,0.014701944465438524,0.0031181737780570985,0.0072519853711128235,0.017947077751159668,0.01988738775253296,0.023387247323989866,0.0015200972557067871,0.02415451407432556
DUP_G,26,tile/test/glue_strip/009.png,1,boundary,32x32,23,23,0.007945818745571634,0.00035514235496521,0.003033265471458435,0.00738862156867981,0.011601269245147705,0.017234975099563597,0.0,0.019588053226470947
DUP_G,27,tile/test/glue_strip/010.png,1,abnormal_normal,32x32,27,825,0.00985705574353536,0.0008507862687110901,0.0040283203125,0.008350193500518799,0.013086475431919098,0.025435522198677056,0.0,0.04767795279622078
DUP_G,27,tile/test/glue_strip/010.png,1,defect,32x32,27,199,0.012023836636363562,0.0009037002921104432,0.0054842159152030945,0.009942710399627686,0.016992643475532532,0.029639640450477598,0.0,0.043398886919021606
DUP_G,27,tile/test/glue_strip/010.png,1,clean_defect,32x32,27,172,0.012357614024780517,0.0010124951601028444,0.005400363355875015,0.010303512215614319,0.01745089888572693,0.029909175634384152,0.0,0.043398886919021606
DUP_G,27,tile/test/glue_strip/010.png,1,boundary,32x32,27,27,0.009897551050892583,0.0014605358242988588,0.005802556872367859,0.008697181940078735,0.014327719807624817,0.020686800777912136,0.00015667080879211426,0.023060277104377747
DUP_G,28,tile/test/glue_strip/011.png,1,abnormal_normal,32x32,17,904,0.009490872073951549,0.0006856128573417667,0.003447713330388069,0.007027333602309227,0.012893270701169968,0.02692194432020187,0.0,0.05679325759410858
DUP_G,28,tile/test/glue_strip/011.png,1,defect,32x32,17,120,0.01214576798180739,0.0027440354228019715,0.008765950798988342,0.011420831084251404,0.015432268381118774,0.022355839610099792,0.0,0.03732839226722717
DUP_G,28,tile/test/glue_strip/011.png,1,clean_defect,32x32,17,103,0.012000880050427706,0.0023574948310852053,0.008870840072631836,0.011380940675735474,0.015135273337364197,0.022489744424819942,0.0,0.03732839226722717
DUP_G,28,tile/test/glue_strip/011.png,1,boundary,32x32,17,17,0.013023618389578426,0.00549851655960083,0.008451461791992188,0.011460721492767334,0.01639634370803833,0.0222780704498291,0.005327761173248291,0.022345423698425293
DUP_G,29,tile/test/glue_strip/012.png,1,abnormal_normal,32x32,28,886,0.009986424524311826,0.0005669202655553818,0.0038781752809882164,0.007528394460678101,0.013945749029517174,0.02756377961486578,0.0,0.05681872367858887
DUP_G,29,tile/test/glue_strip/012.png,1,defect,32x32,28,138,0.01280093214650085,0.002735413610935211,0.00757308304309845,0.01199127733707428,0.017507880926132202,0.024330814182758335,0.0016836225986480713,0.029863864183425903
DUP_G,29,tile/test/glue_strip/012.png,1,clean_defect,32x32,28,110,0.013308538090098987,0.0035184286534786224,0.007519721984863281,0.012482725083827972,0.018238484859466553,0.025484363734722133,0.0018433183431625366,0.029863864183425903
DUP_G,29,tile/test/glue_strip/012.png,1,boundary,32x32,28,28,0.010806765939508165,0.0021558657288551332,0.008020587265491486,0.011035501956939697,0.01471129059791565,0.01800771504640579,0.0016836225986480713,0.01997503638267517
DUP_G,30,tile/test/glue_strip/013.png,1,abnormal_normal,32x32,14,989,0.010007696273323258,0.0006284907460212709,0.0035515427589416504,0.007726043462753296,0.01409834623336792,0.02775837033987045,0.0,0.06032956391572952
DUP_G,30,tile/test/glue_strip/013.png,1,defect,32x32,14,35,0.014694445473807199,0.0008584111928939819,0.00488300621509552,0.015054941177368164,0.021701514720916748,0.029468554258346547,0.0006418228149414062,0.036848366260528564
DUP_G,30,tile/test/glue_strip/013.png,1,clean_defect,32x32,14,21,0.01942617410705203,0.0034140944480895996,0.015054941177368164,0.019234687089920044,0.025275468826293945,0.03254610300064087,0.0018733739852905273,0.036848366260528564
DUP_G,30,tile/test/glue_strip/013.png,1,boundary,32x32,14,14,0.00759685252393995,0.0007556885480880738,0.002063050866127014,0.00488300621509552,0.009977772831916809,0.02058385759592056,0.0006418228149414062,0.02375882863998413
DUP_G,31,tile/test/glue_strip/014.png,1,abnormal_normal,32x32,23,953,0.009622889394008976,0.0009265661239624024,0.003729619085788727,0.007266420871019363,0.013344600796699524,0.024920478463172913,0.0,0.07528774440288544
DUP_G,31,tile/test/glue_strip/014.png,1,defect,32x32,23,71,0.016467941793757424,0.005464531481266022,0.010018423199653625,0.016558170318603516,0.02221819758415222,0.03070548176765442,0.0034044086933135986,0.0364193320274353
DUP_G,31,tile/test/glue_strip/014.png,1,clean_defect,32x32,23,48,0.01724702414746086,0.004953575879335403,0.01011563092470169,0.017458558082580566,0.024218574166297913,0.03236851692199707,0.0034044086933135986,0.0364193320274353
DUP_G,31,tile/test/glue_strip/014.png,1,boundary,32x32,23,23,0.014842030794724174,0.007576838135719299,0.010018423199653625,0.013820469379425049,0.019035831093788147,0.024526503682136536,0.005664467811584473,0.025491535663604736
DUP_G,32,tile/test/glue_strip/015.png,1,abnormal_normal,32x32,20,955,0.009805177756785098,0.0007473319768905639,0.0035318229347467422,0.007718890905380249,0.013120077550411224,0.02737307660281657,0.0,0.05708978325128555
DUP_G,32,tile/test/glue_strip/015.png,1,defect,32x32,20,69,0.01197854094747184,0.002407521009445191,0.006638944149017334,0.012075185775756836,0.015722274780273438,0.021797537803649895,0.0004844367504119873,0.028971374034881592
DUP_G,32,tile/test/glue_strip/015.png,1,clean_defect,32x32,20,49,0.012741250955328649,0.002967154979705811,0.007555931806564331,0.012765973806381226,0.017570465803146362,0.021797537803649895,0.0014896690845489502,0.027996808290481567
DUP_G,32,tile/test/glue_strip/015.png,1,boundary,32x32,20,20,0.010109901428222656,0.002048459649085999,0.006189517676830292,0.00800168514251709,0.013113565742969513,0.02135219126939774,0.0004844367504119873,0.028971374034881592
DUP_G,33,tile/test/glue_strip/016.png,1,abnormal_normal,32x32,20,970,0.010012900581602584,0.0006792992353439331,0.0037921620532870293,0.007891297340393066,0.013751702383160591,0.027094611898064606,0.0,0.05751704424619675
DUP_G,33,tile/test/glue_strip/016.png,1,defect,32x32,20,54,0.015096001327037811,0.004157119989395143,0.009805276989936829,0.014456599950790405,0.020137116312980652,0.02363874316215515,0.0009054243564605713,0.039320915937423706
DUP_G,33,tile/test/glue_strip/016.png,1,clean_defect,32x32,20,34,0.01659186841810451,0.0072426371276378635,0.01155111938714981,0.017810657620429993,0.021158069372177124,0.02363874316215515,0.0009067654609680176,0.039320915937423706
DUP_G,33,tile/test/glue_strip/016.png,1,boundary,32x32,20,20,0.012553027272224427,0.002324800193309784,0.008047737181186676,0.012533441185951233,0.017755627632141113,0.021575394272804263,0.0009054243564605713,0.024109959602355957
DUP_G,34,tile/test/glue_strip/017.png,1,abnormal_normal,32x32,29,833,0.01059541950339959,0.0008160263299942016,0.004288136959075928,0.008460447192192078,0.014507219195365906,0.02829939126968383,0.0,0.059639692306518555
DUP_G,34,tile/test/glue_strip/017.png,1,defect,32x32,29,191,0.01289180490671028,0.002064615488052368,0.0077170729637146,0.01281401515007019,0.016653582453727722,0.02654331922531128,0.0,0.03267821669578552
DUP_G,34,tile/test/glue_strip/017.png,1,clean_defect,32x32,29,162,0.013026599806767923,0.0018471866846084596,0.00709659606218338,0.01292206346988678,0.017183847725391388,0.028034308552742002,0.0,0.03267821669578552
DUP_G,34,tile/test/glue_strip/017.png,1,boundary,32x32,29,29,0.012138812706388277,0.0065085113048553465,0.00853419303894043,0.01190042495727539,0.015092700719833374,0.018540358543395995,0.0059036314487457275,0.022122979164123535
DUP_G,35,tile/test/good/000.png,0,normal_image,32x32,0,1024,0.01006895280443132,0.000920165702700615,0.003769742324948311,0.007688205689191818,0.013904476538300514,0.027189980819821352,0.0,0.05275452136993408
DUP_G,36,tile/test/good/001.png,0,normal_image,32x32,0,1024,0.010047418053545698,0.0007304741069674492,0.0038085002452135086,0.007868948392570019,0.013679195195436478,0.02814675439149141,0.0,0.06238413229584694
DUP_G,37,tile/test/good/002.png,0,normal_image,32x32,0,1024,0.00951027975861507,0.0010068845003843307,0.0038471389561891556,0.0074899401515722275,0.013013863004744053,0.024207305535674063,0.0,0.07209456712007523
DUP_G,38,tile/test/good/003.png,0,normal_image,32x32,0,1024,0.00961814277980011,0.0008275412023067475,0.0036016302183270454,0.007344048470258713,0.013378486968576908,0.025342344865202857,0.0,0.05854973942041397
DUP_G,39,tile/test/good/004.png,0,normal_image,32x32,0,1024,0.00970551108912332,0.0006593942642211915,0.003496491350233555,0.00767241045832634,0.013480626046657562,0.02593859285116194,0.0,0.06563015282154083
DUP_G,40,tile/test/good/005.png,0,normal_image,32x32,0,1024,0.009791560556550394,0.0005181403830647469,0.0038140490651130676,0.007943190634250641,0.013115433976054192,0.02551261335611343,0.0,0.07594475895166397
DUP_G,41,tile/test/good/006.png,0,normal_image,32x32,0,1024,0.00988323205638153,0.000711425393819809,0.0034378692507743835,0.007377438247203827,0.013699473813176155,0.026453995704650873,0.0,0.06586726754903793
DUP_G,42,tile/test/good/007.png,0,normal_image,32x32,0,1024,0.00956283960294968,0.0008379636332392693,0.003576078452169895,0.00735289603471756,0.01307702250778675,0.025144461914896964,0.0,0.05893445014953613
DUP_G,43,tile/test/good/008.png,0,normal_image,32x32,0,1024,0.009150408443019842,0.000695580802857876,0.0036687739193439484,0.0074816979467868805,0.012365307658910751,0.024021043255925165,0.0,0.05839131772518158
DUP_G,44,tile/test/good/009.png,0,normal_image,32x32,0,1024,0.009771648134574207,0.000682545453310013,0.0033310633152723312,0.0072814784944057465,0.013414973393082619,0.026894990168511865,0.0,0.07438218593597412
DUP_G,45,tile/test/good/010.png,0,normal_image,32x32,0,1024,0.01031858838905464,0.000710703991353512,0.004146047867834568,0.008008759468793869,0.013880785554647446,0.028709585405886147,0.0,0.06480668485164642
DUP_G,46,tile/test/good/011.png,0,normal_image,32x32,0,1024,0.009344506041088607,0.0006963910534977915,0.0033716298639774323,0.006992412731051445,0.012629568576812744,0.02797781154513357,0.0,0.06704868376255035
DUP_G,47,tile/test/good/012.png,0,normal_image,32x32,0,1024,0.009892740978102665,0.00072893425822258,0.0037120068445801735,0.007685765624046326,0.013961859047412872,0.02656832709908484,0.0,0.048904500901699066
DUP_G,48,tile/test/good/013.png,0,normal_image,32x32,0,1024,0.009468770120292902,0.0006566671654582025,0.003272213041782379,0.007027765735983849,0.013591468334197998,0.02584738750010728,0.0,0.055062830448150635
DUP_G,49,tile/test/good/014.png,0,normal_image,32x32,0,1024,0.009537631520288414,0.0008699946105480194,0.0036033904179930687,0.007696639746427536,0.013238574378192425,0.024934163689613327,0.0,0.04859302565455437
DUP_G,50,tile/test/good/015.png,0,normal_image,32x32,0,1024,0.00974105806199077,0.000863601639866829,0.003617817535996437,0.007085864432156086,0.013467561919242144,0.02760648205876349,0.0,0.0547662228345871
DUP_G,51,tile/test/good/016.png,0,normal_image,32x32,0,1024,0.009605356945940002,0.0006403058767318727,0.0032892688177525997,0.007495161145925522,0.01332094520330429,0.027154995128512383,0.0,0.05414088815450668
DUP_G,52,tile/test/good/017.png,0,normal_image,32x32,0,1024,0.009784088846572558,0.0009450551122426987,0.0038491003215312958,0.007445784285664558,0.013591950759291649,0.025527324713766574,0.0,0.07596850395202637
DUP_G,53,tile/test/good/018.png,0,normal_image,32x32,0,1024,0.009557476485497318,0.0006532616913318635,0.0036514904350042343,0.007216174155473709,0.01335998810827732,0.026035800389945497,0.0,0.05476854369044304
DUP_G,54,tile/test/good/019.png,0,normal_image,32x32,0,1024,0.010103926855663303,0.0006611622869968414,0.003783733583986759,0.0077414922416210175,0.014040328562259674,0.02641675546765327,0.0,0.07733650505542755
DUP_G,55,tile/test/good/020.png,0,normal_image,32x32,0,1024,0.009320469722297275,0.0007819266989827157,0.0034661595709621906,0.007296392694115639,0.012445954605937004,0.0257558453828096,0.0,0.05809915065765381
DUP_G,56,tile/test/good/021.png,0,normal_image,32x32,0,1024,0.009763341728103114,0.0008173625916242603,0.003496364690363407,0.007678180932998657,0.013527841307222843,0.026401412487030006,0.0,0.057870469987392426
DUP_G,57,tile/test/good/022.png,0,normal_image,32x32,0,1024,0.010054646989374305,0.0008174121379852296,0.0038339411839842796,0.007636448368430138,0.013680239673703909,0.028280186466872692,0.0,0.0634511262178421
DUP_G,58,tile/test/good/023.png,0,normal_image,32x32,0,1024,0.009726031228638021,0.000855359435081482,0.003491266630589962,0.007365437224507332,0.013396131806075573,0.02698456961661577,0.0,0.05270150303840637
DUP_G,59,tile/test/good/024.png,0,normal_image,32x32,0,1024,0.01021405295432487,0.0009448000229895115,0.00412742979824543,0.008191367611289024,0.014076387509703636,0.026459428668022127,0.0,0.06228706240653992
DUP_G,60,tile/test/good/025.png,0,normal_image,32x32,0,1024,0.010017810160206864,0.0008337877690792084,0.0038227541372179985,0.007561696693301201,0.013535549864172935,0.027072710171341892,0.0,0.06898398697376251
DUP_G,61,tile/test/good/026.png,0,normal_image,32x32,0,1024,0.009766164101165486,0.0008981157094240189,0.0037823114544153214,0.007421642541885376,0.013094494119286537,0.026565401628613473,0.0,0.0782691091299057
DUP_G,62,tile/test/good/027.png,0,normal_image,32x32,0,1024,0.009982873176340945,0.0006837382912635805,0.0034828707575798035,0.007508028298616409,0.013659562915563583,0.02957481276243924,0.0,0.059019170701503754
DUP_G,63,tile/test/good/028.png,0,normal_image,32x32,0,1024,0.009065094147445052,0.0008159611374139786,0.003498973324894905,0.00704144686460495,0.0124231381341815,0.023679287359118457,0.0,0.054069776087999344
DUP_G,64,tile/test/good/029.png,0,normal_image,32x32,0,1024,0.009670419818576192,0.0008276361972093582,0.0034866230562329292,0.007244461216032505,0.013472126796841621,0.02548793740570545,0.0,0.06356343626976013
DUP_G,65,tile/test/good/030.png,0,normal_image,32x32,0,1024,0.00948958922708698,0.0006110670045018197,0.003456534817814827,0.007082488387823105,0.013138031587004662,0.027357604727148998,0.0,0.056611403822898865
DUP_G,66,tile/test/good/031.png,0,normal_image,32x32,0,1024,0.009974278225854505,0.0006919335573911667,0.003588235005736351,0.007506858557462692,0.014122560620307922,0.027110974304378026,0.0,0.07076394557952881
DUP_G,67,tile/test/good/032.png,0,normal_image,32x32,0,1024,0.009641633244427794,0.0007123608142137528,0.0037677427753806114,0.007642276585102081,0.012848874554038048,0.025075753405690192,0.0,0.07934609800577164
DUP_G,68,tile/test/gray_stroke/000.png,1,abnormal_normal,32x32,13,994,0.010894423523089536,0.0011538993567228322,0.003997910767793655,0.008417721837759018,0.015004935674369335,0.028835289180278778,0.0,0.07974827289581299
DUP_G,68,tile/test/gray_stroke/000.png,1,defect,32x32,13,30,0.01253351519505183,0.005976365506649017,0.008640281856060028,0.012148246169090271,0.01568601280450821,0.02164167165756225,0.002246856689453125,0.023781538009643555
DUP_G,68,tile/test/gray_stroke/000.png,1,clean_defect,32x32,13,17,0.012782656094607185,0.00532984733581543,0.009994804859161377,0.012284636497497559,0.015853017568588257,0.020778799057006834,0.002246856689453125,0.023781538009643555
DUP_G,68,tile/test/gray_stroke/000.png,1,boundary,32x32,13,13,0.012207715557171749,0.006196212768554687,0.008076667785644531,0.012011855840682983,0.014991283416748047,0.019405353069305412,0.005874723196029663,0.022961854934692383
DUP_G,69,tile/test/gray_stroke/001.png,1,abnormal_normal,32x32,28,959,0.009886015484321229,0.0006370589137077332,0.003636769950389862,0.007436037063598633,0.013700537383556366,0.027427054941654185,0.0,0.06860005855560303
DUP_G,69,tile/test/gray_stroke/001.png,1,defect,32x32,28,65,0.012386167966402494,0.003193402290344239,0.008647441864013672,0.011560648679733276,0.015318870544433594,0.023845681548118586,0.0,0.028295427560806274
DUP_G,69,tile/test/gray_stroke/001.png,1,clean_defect,32x32,28,37,0.0132053381687886,0.006813150644302368,0.009906917810440063,0.013239681720733643,0.015318870544433594,0.024526560306549063,0.0,0.028295427560806274
DUP_G,69,tile/test/gray_stroke/001.png,1,boundary,32x32,28,28,0.011303693056106567,0.002573104202747345,0.0077333003282547,0.009600996971130371,0.014678001403808594,0.021011584252119058,0.002427145838737488,0.02486225962638855
DUP_G,70,tile/test/gray_stroke/002.png,1,abnormal_normal,32x32,4,993,0.010209708606818652,0.0010834664106369018,0.004116397351026535,0.00814267247915268,0.014163993299007416,0.02641628086566925,0.0,0.051229096949100494
DUP_G,70,tile/test/gray_stroke/002.png,1,defect,32x32,4,31,0.016642659421890013,0.005817964673042297,0.011573191732168198,0.015408933162689209,0.022140122950077057,0.028186649084091187,0.0018401890993118286,0.0375194251537323
DUP_G,70,tile/test/gray_stroke/002.png,1,clean_defect,32x32,4,27,0.017668480674425762,0.006283578276634216,0.012568369507789612,0.015514284372329712,0.022604569792747498,0.028466659784317016,0.005551397800445557,0.0375194251537323
DUP_G,70,tile/test/gray_stroke/002.png,1,boundary,32x32,4,4,0.009718365967273712,0.0025692805647850037,0.005485646426677704,0.007367193698883057,0.011599913239479065,0.020159092545509332,0.0018401890993118286,0.022298887372016907
DUP_G,71,tile/test/gray_stroke/003.png,1,abnormal_normal,32x32,31,942,0.009948732605255396,0.0009242648258805275,0.0038334541022777557,0.008029159158468246,0.013500288128852844,0.02542038299143314,0.0,0.06617308408021927
DUP_G,71,tile/test/gray_stroke/003.png,1,defect,32x32,31,82,0.009892633684524676,0.0016584843397140503,0.0046970658004283905,0.00828540325164795,0.014276787638664246,0.02295867204666138,9.253621101379395e-05,0.027411043643951416
DUP_G,71,tile/test/gray_stroke/003.png,1,clean_defect,32x32,31,51,0.0094307272457609,0.0011839717626571655,0.003946460783481598,0.008244335651397705,0.013607636094093323,0.0217827707529068,9.253621101379395e-05,0.02548840641975403
DUP_G,71,tile/test/gray_stroke/003.png,1,boundary,32x32,31,31,0.010652544277329598,0.002739362418651581,0.005991891026496887,0.009283244609832764,0.016065046191215515,0.022645175457000732,0.00126609206199646,0.027411043643951416
DUP_G,72,tile/test/gray_stroke/004.png,1,abnormal_normal,32x32,16,958,0.009621011276023621,0.000737433135509491,0.0038004135712981224,0.007487300783395767,0.013291653245687485,0.025852080434560772,0.0,0.061912618577480316
DUP_G,72,tile/test/gray_stroke/004.png,1,defect,32x32,16,66,0.006664394429235747,0.0008604563772678375,0.003355894237756729,0.005407467484474182,0.00901222974061966,0.015601716935634613,0.0,0.023111402988433838
DUP_G,72,tile/test/gray_stroke/004.png,1,clean_defect,32x32,16,50,0.0062740671634674075,0.0007284589111804963,0.0025521740317344666,0.005094259977340698,0.008963726460933685,0.014927315711975095,0.0,0.023111402988433838
DUP_G,72,tile/test/gray_stroke/004.png,1,boundary,32x32,16,16,0.00788416713476181,0.0029481910169124603,0.005030132830142975,0.006114080548286438,0.009048305451869965,0.01900376006960869,0.0018305480480194092,0.01900540292263031
DUP_G,73,tile/test/gray_stroke/005.png,1,abnormal_normal,32x32,30,952,0.010275759765518313,0.0009105984121561051,0.003824228420853615,0.007909119129180908,0.013889173045754433,0.028007134050130843,0.0,0.055033519864082336
DUP_G,73,tile/test/gray_stroke/005.png,1,defect,32x32,30,72,0.015220405326949226,0.004624514281749726,0.010339342057704926,0.014322660863399506,0.019840024411678314,0.028021830320358293,0.0008866488933563232,0.04039745032787323
DUP_G,73,tile/test/gray_stroke/005.png,1,clean_defect,32x32,30,42,0.016137167811393738,0.006715223193168641,0.01198560744524002,0.016476206481456757,0.020038917660713196,0.024944185465574257,0.004782572388648987,0.03231096267700195
DUP_G,73,tile/test/gray_stroke/005.png,1,boundary,32x32,30,30,0.013936937848726908,0.0030659668147563933,0.00618339329957962,0.013079658150672913,0.01768384873867035,0.03322470858693122,0.0008866488933563232,0.04039745032787323
DUP_G,74,tile/test/gray_stroke/006.png,1,abnormal_normal,32x32,18,957,0.010127640594976449,0.0006855890154838563,0.003622613847255707,0.007773198187351227,0.014052413403987885,0.026248203217983213,0.0,0.06203460693359375
DUP_G,74,tile/test/gray_stroke/006.png,1,defect,32x32,18,67,0.015337113457829205,0.0048966467380523685,0.010452046990394592,0.014817476272583008,0.019684910774230957,0.025808194279670713,0.0032330453395843506,0.03557947278022766
DUP_G,74,tile/test/gray_stroke/006.png,1,clean_defect,32x32,18,49,0.015729528908826867,0.005627226829528809,0.011116623878479004,0.014718770980834961,0.019714772701263428,0.025775176286697385,0.0032330453395843506,0.03557947278022766
DUP_G,74,tile/test/gray_stroke/006.png,1,boundary,32x32,18,18,0.014268871396780014,0.004448027163743973,0.008816137909889221,0.015017561614513397,0.016290653496980667,0.02550087124109268,0.003257766366004944,0.0271969735622406
DUP_G,75,tile/test/gray_stroke/007.png,1,abnormal_normal,32x32,25,940,0.009625321927856891,0.00098678320646286,0.003619825467467308,0.007418481633067131,0.013445897959172726,0.02600161302834749,0.0,0.07277709990739822
DUP_G,75,tile/test/gray_stroke/007.png,1,defect,32x32,25,84,0.01150623531568618,0.0038595020771026614,0.008096903562545776,0.010327666997909546,0.014239497482776642,0.019370630383491516,0.0004023313522338867,0.03418269753456116
DUP_G,75,tile/test/gray_stroke/007.png,1,clean_defect,32x32,25,59,0.01180148730843754,0.004504659771919251,0.008220240473747253,0.012146919965744019,0.015117064118385315,0.019069185853004454,0.0004023313522338867,0.024498432874679565
DUP_G,75,tile/test/gray_stroke/007.png,1,boundary,32x32,25,25,0.01080944061279297,0.004077637195587159,0.007486999034881592,0.008669674396514893,0.010334223508834839,0.02427841424942016,0.003501325845718384,0.03418269753456116
DUP_G,76,tile/test/gray_stroke/008.png,1,abnormal_normal,32x32,9,988,0.010201447726291443,0.001076163724064827,0.003730105236172676,0.007761105895042419,0.014093713834881783,0.028462364152073854,0.0,0.05987723171710968
DUP_G,76,tile/test/gray_stroke/008.png,1,defect,32x32,9,36,0.015052559475104014,0.007820762693881989,0.011585883796215057,0.015086159110069275,0.018026120960712433,0.023655187338590622,0.005024820566177368,0.028019368648529053
DUP_G,76,tile/test/gray_stroke/008.png,1,clean_defect,32x32,9,27,0.014188586561768144,0.006964775919914246,0.010837793350219727,0.013741731643676758,0.017879486083984375,0.020859509706497192,0.005024820566177368,0.02135556936264038
DUP_G,76,tile/test/gray_stroke/008.png,1,boundary,32x32,9,9,0.017644478215111628,0.00945674180984497,0.01408889889717102,0.015784606337547302,0.02242182195186615,0.027753734588623048,0.0088273286819458,0.028019368648529053
DUP_G,77,tile/test/gray_stroke/009.png,1,abnormal_normal,32x32,23,958,0.010122904997311206,0.0007966488599777221,0.003412798047065735,0.007652929052710533,0.013887914828956127,0.02682649157941341,0.0,0.08845338970422745
DUP_G,77,tile/test/gray_stroke/009.png,1,defect,32x32,23,66,0.012410132157983202,0.003450058400630951,0.009165816009044647,0.012725934386253357,0.01583351194858551,0.02187960222363472,0.002328425645828247,0.024696558713912964
DUP_G,77,tile/test/gray_stroke/009.png,1,clean_defect,32x32,23,43,0.012808811699235163,0.004240840673446655,0.009363070130348206,0.013384103775024414,0.016070157289505005,0.02107096016407013,0.003989160060882568,0.024696558713912964
DUP_G,77,tile/test/gray_stroke/009.png,1,boundary,32x32,23,23,0.011664774754773016,0.0027712881565093994,0.008309900760650635,0.012607395648956299,0.014382779598236084,0.0218864306807518,0.002328425645828247,0.022864937782287598
DUP_G,78,tile/test/gray_stroke/010.png,1,abnormal_normal,32x32,27,934,0.010568047628381013,0.0009519640356302262,0.004052267409861088,0.007981732487678528,0.014752067625522614,0.029572830349206904,0.0,0.05074239522218704
DUP_G,78,tile/test/gray_stroke/010.png,1,defect,32x32,27,90,0.011422836946116554,0.0035862244665622713,0.0072138383984565735,0.010294109582901001,0.014436177909374237,0.02322457283735275,0.0013708174228668213,0.028113216161727905
DUP_G,78,tile/test/gray_stroke/010.png,1,clean_defect,32x32,27,63,0.011259274113745917,0.0031346708536148073,0.00724656879901886,0.010047048330307007,0.0141562819480896,0.02057366818189621,0.0013708174228668213,0.026768580079078674
DUP_G,78,tile/test/gray_stroke/010.png,1,boundary,32x32,27,27,0.011804483554981373,0.0039714470505714415,0.007264278829097748,0.010460734367370605,0.014267072081565857,0.025349071621894835,0.003301769495010376,0.028113216161727905
DUP_G,79,tile/test/gray_stroke/011.png,1,abnormal_normal,32x32,26,926,0.009568219767082844,0.0006561875343322754,0.0037461835891008377,0.007212206721305847,0.01322774775326252,0.025922060012817383,0.0,0.05178026854991913
DUP_G,79,tile/test/gray_stroke/011.png,1,defect,32x32,26,98,0.012795922631511882,0.002965803444385529,0.007950849831104279,0.011789370328187943,0.01647968217730522,0.026222417503595333,0.0011987388134002686,0.030086234211921692
DUP_G,79,tile/test/gray_stroke/011.png,1,clean_defect,32x32,26,72,0.012876876526408725,0.0036681272089481355,0.008015476167201996,0.012842580676078796,0.016318581998348236,0.02498811408877373,0.0011987388134002686,0.029977411031723022
DUP_G,79,tile/test/gray_stroke/011.png,1,boundary,32x32,26,26,0.012571742614874473,0.002025548368692398,0.007505074143409729,0.011530585587024689,0.016097817569971085,0.026973214000463486,0.001777559518814087,0.030086234211921692
DUP_G,80,tile/test/gray_stroke/012.png,1,abnormal_normal,32x32,9,989,0.010482915623454402,0.0007372155785560609,0.0036058276891708374,0.00819455087184906,0.014601834118366241,0.027113565802574156,0.0,0.06876324862241745
DUP_G,80,tile/test/gray_stroke/012.png,1,defect,32x32,9,35,0.017555407115391324,0.007557052373886109,0.012453839182853699,0.015665411949157715,0.022273391485214233,0.03610861897468566,0.0,0.039558738470077515
DUP_G,80,tile/test/gray_stroke/012.png,1,clean_defect,32x32,9,26,0.01920194006883181,0.011906720697879791,0.012907937169075012,0.0165281742811203,0.02245616912841797,0.03696979582309723,0.008402392268180847,0.039558738470077515
DUP_G,80,tile/test/gray_stroke/012.png,1,boundary,32x32,9,9,0.01279875636100769,0.0026246309280395508,0.007983684539794922,0.009954839944839478,0.013983726501464844,0.02768626809120178,0.0,0.030091017484664917
DUP_G,81,tile/test/gray_stroke/013.png,1,abnormal_normal,32x32,11,981,0.010209103987365202,0.0010731220245361328,0.0038586854934692383,0.007736325263977051,0.013704977929592133,0.028133951127529144,0.0,0.06623199582099915
DUP_G,81,tile/test/gray_stroke/013.png,1,defect,32x32,11,43,0.01447237023087435,0.002797923982143402,0.009334318339824677,0.014039456844329834,0.018650688230991364,0.02801568508148193,0.0003787130117416382,0.03383469581604004
DUP_G,81,tile/test/gray_stroke/013.png,1,clean_defect,32x32,11,32,0.014550114050507545,0.0027384139597415925,0.009956978261470795,0.014122314751148224,0.018589992076158524,0.026372930407524107,0.0003787130117416382,0.03020617365837097
DUP_G,81,tile/test/gray_stroke/013.png,1,boundary,32x32,11,11,0.014246206391941418,0.0033067837357521057,0.007172867655754089,0.010079026222229004,0.018538638949394226,0.03100721538066864,0.0028466731309890747,0.03383469581604004
DUP_G,82,tile/test/gray_stroke/014.png,1,abnormal_normal,32x32,16,933,0.010249350788940187,0.0009083211421966553,0.003926083445549011,0.008216939866542816,0.014126278460025787,0.02714536190032959,0.0,0.0505983829498291
DUP_G,82,tile/test/gray_stroke/014.png,1,defect,32x32,16,91,0.009343105685579908,0.0007101893424987793,0.004106663167476654,0.008141905069351196,0.012801289558410645,0.021432489156723022,0.0,0.04476955533027649
DUP_G,82,tile/test/gray_stroke/014.png,1,clean_defect,32x32,16,75,0.008852725823720296,0.00043656229972839357,0.0038817450404167175,0.00749477744102478,0.011624515056610107,0.020360754430294035,0.0,0.04476955533027649
DUP_G,82,tile/test/gray_stroke/014.png,1,boundary,32x32,16,16,0.011641761288046837,0.0023565180599689484,0.00644153356552124,0.011059693992137909,0.015445731580257416,0.0240318700671196,0.0014452487230300903,0.029945850372314453
DUP_G,83,tile/test/gray_stroke/015.png,1,abnormal_normal,32x32,11,993,0.009913817117476511,0.000824044644832611,0.003831729292869568,0.00767429918050766,0.013236843049526215,0.02650459706783294,0.0,0.06670769304037094
DUP_G,83,tile/test/gray_stroke/015.png,1,defect,32x32,11,31,0.01488810537322875,0.003785237669944763,0.010236382484436035,0.01367795467376709,0.01934698224067688,0.02693420648574829,0.0019831955432891846,0.036042749881744385
DUP_G,83,tile/test/gray_stroke/015.png,1,clean_defect,32x32,11,20,0.014574262499809264,0.008026854693889618,0.010463923215866089,0.01342061161994934,0.01796131581068039,0.026330333948135377,0.005033433437347412,0.027605175971984863
DUP_G,83,tile/test/gray_stroke/015.png,1,boundary,32x32,11,11,0.015458728779445995,0.0026133954524993896,0.007887423038482666,0.01703515648841858,0.020295895636081696,0.029746457934379578,0.0019831955432891846,0.036042749881744385
DUP_G,84,tile/test/oil/000.png,1,abnormal_normal,32x32,35,759,0.010395711903829662,0.0011903911828994751,0.004344433546066284,0.007983490824699402,0.01371113583445549,0.029223698377609256,0.0,0.06160946190357208
DUP_G,84,tile/test/oil/000.png,1,defect,32x32,35,265,0.011817150520828535,0.003062623739242554,0.007447004318237305,0.011777132749557495,0.015237301588058472,0.021521943807601925,0.0008803606033325195,0.02854776382446289
DUP_G,84,tile/test/oil/000.png,1,clean_defect,32x32,35,230,0.01220000956369483,0.0037427216768264773,0.008230216801166534,0.012224510312080383,0.01550053060054779,0.02113875001668929,0.0008803606033325195,0.02854776382446289
DUP_G,84,tile/test/oil/000.png,1,boundary,32x32,35,35,0.00930121966770717,0.0019205629825592041,0.00415637344121933,0.00818777084350586,0.010849930346012115,0.025082075595855704,0.001150965690612793,0.027918368577957153
DUP_G,85,tile/test/oil/001.png,1,abnormal_normal,32x32,27,864,0.00983398549551903,0.000932949036359787,0.003939347341656685,0.007771644741296768,0.013505063951015472,0.026329487562179562,0.0,0.06164277344942093
DUP_G,85,tile/test/oil/001.png,1,defect,32x32,27,160,0.015388734266161918,0.003258725255727768,0.009274810552597046,0.014812156558036804,0.020196989178657532,0.02952552288770675,0.0,0.03720411658287048
DUP_G,85,tile/test/oil/001.png,1,clean_defect,32x32,27,133,0.015345668098084013,0.0030579477548599247,0.009221792221069336,0.014818847179412842,0.02032676339149475,0.028710901737213124,0.0,0.03720411658287048
DUP_G,85,tile/test/oil/001.png,1,boundary,32x32,27,27,0.01560087502002716,0.004687511920928955,0.010612577199935913,0.013443738222122192,0.01983453333377838,0.029064026474952695,0.0030985772609710693,0.03216719627380371
DUP_G,86,tile/test/oil/002.png,1,abnormal_normal,32x32,28,809,0.009844946671548968,0.0009973675012588503,0.0039032399654388428,0.007933571934700012,0.014122746884822845,0.024743187427520737,0.0,0.057750314474105835
DUP_G,86,tile/test/oil/002.png,1,defect,32x32,28,215,0.01134171167085337,0.003273783624172211,0.007299065589904785,0.01059754192829132,0.014607369899749756,0.02041373550891876,0.001191854476928711,0.03536725044250488
DUP_G,86,tile/test/oil/002.png,1,clean_defect,32x32,28,187,0.011425788867919841,0.0034255921840667725,0.007401950657367706,0.01059754192829132,0.01483987271785736,0.020496240258216857,0.001191854476928711,0.03536725044250488
DUP_G,86,tile/test/oil/002.png,1,boundary,32x32,28,28,0.010780196104730879,0.0033347636461257936,0.006179198622703552,0.00964607298374176,0.012811869382858276,0.01978616267442703,0.0017819702625274658,0.03314521908760071
DUP_G,87,tile/test/oil/003.png,1,abnormal_normal,32x32,25,854,0.00965360131341554,0.0010726381093263627,0.0036355778574943542,0.0076896753162145615,0.013500900939106941,0.026725997030735006,0.0,0.04562696814537048
DUP_G,87,tile/test/oil/003.png,1,defect,32x32,25,170,0.013227173203931136,0.0031058564782142643,0.009105168282985687,0.012477315962314606,0.0178028866648674,0.022525921836495398,4.094839096069336e-05,0.029322385787963867
DUP_G,87,tile/test/oil/003.png,1,clean_defect,32x32,25,145,0.01304614636404761,0.002612018585205078,0.009138226509094238,0.012377306818962097,0.017768889665603638,0.021580564975738525,4.094839096069336e-05,0.029322385787963867
DUP_G,87,tile/test/oil/003.png,1,boundary,32x32,25,25,0.014277128875255585,0.004676002264022827,0.008468002080917358,0.012915879487991333,0.018770933151245117,0.02625901103019714,0.0033462345600128174,0.026591897010803223
DUP_G,88,tile/test/oil/004.png,1,abnormal_normal,32x32,23,866,0.009529572862090744,0.0008843149989843369,0.003755072131752968,0.0072960034012794495,0.01290089264512062,0.025047287344932556,0.0,0.05406367778778076
DUP_G,88,tile/test/oil/004.png,1,defect,32x32,23,158,0.012459830911476401,0.0031918205320835115,0.0084298774600029,0.01177959144115448,0.015761248767375946,0.02571547627449036,0.0012031197547912598,0.03336089849472046
DUP_G,88,tile/test/oil/004.png,1,clean_defect,32x32,23,135,0.012046323275124586,0.002991551160812378,0.008237764239311218,0.011661916971206665,0.015498548746109009,0.023905035853385926,0.0012031197547912598,0.028508394956588745
DUP_G,88,tile/test/oil/004.png,1,boundary,32x32,23,23,0.01488694095093271,0.004693663120269776,0.009478971362113953,0.01326170563697815,0.01965993642807007,0.02982658445835113,0.00394245982170105,0.03336089849472046
DUP_G,89,tile/test/oil/005.png,1,abnormal_normal,32x32,23,874,0.009432445459272415,0.0010232513770461083,0.004142057150602341,0.007581494748592377,0.012845555320382118,0.024230376631021486,0.0,0.05203568935394287
DUP_G,89,tile/test/oil/005.png,1,defect,32x32,23,150,0.014824160834153494,0.00400291383266449,0.009791053831577301,0.014925584197044373,0.019855178892612457,0.02623682245612144,0.0009999573230743408,0.03533712029457092
DUP_G,89,tile/test/oil/005.png,1,clean_defect,32x32,23,127,0.014488060878017756,0.003940284252166748,0.009618490934371948,0.014464855194091797,0.019340738654136658,0.02493477463722229,0.001653134822845459,0.02936480939388275
DUP_G,89,tile/test/oil/005.png,1,boundary,32x32,23,23,0.016680017113685608,0.008403429388999939,0.011122658848762512,0.0155678391456604,0.020652614533901215,0.03027815818786621,0.0009999573230743408,0.03533712029457092
DUP_G,90,tile/test/oil/006.png,1,abnormal_normal,32x32,17,861,0.009694143476421132,0.0009559988975524902,0.0035702884197235107,0.007412150502204895,0.01279538869857788,0.027404092252254486,0.0,0.05769885331392288
DUP_G,90,tile/test/oil/006.png,1,defect,32x32,17,163,0.015479348737037987,0.003826761245727539,0.010218538343906403,0.014915496110916138,0.020027369260787964,0.028690049052238466,0.0,0.04209521412849426
DUP_G,90,tile/test/oil/006.png,1,clean_defect,32x32,17,146,0.015015380227402465,0.0037664007395505905,0.010000761598348618,0.014676287770271301,0.0195000022649765,0.026942886412143707,0.0,0.04209521412849426
DUP_G,90,tile/test/oil/006.png,1,boundary,32x32,17,17,0.019464019466848934,0.00775638222694397,0.014348208904266357,0.01889193058013916,0.025018766522407532,0.03018844723701477,0.006128102540969849,0.03098013997077942
DUP_G,91,tile/test/oil/007.png,1,abnormal_normal,32x32,33,826,0.010273716274928527,0.001118529587984085,0.003951186314225197,0.00788598507642746,0.014201255515217781,0.027847018092870712,0.0,0.05809899419546127
DUP_G,91,tile/test/oil/007.png,1,defect,32x32,33,198,0.01174843856933141,0.002569301426410675,0.007517725229263306,0.01099608838558197,0.015327930450439453,0.020889160037040708,2.8192996978759766e-05,0.028352677822113037
DUP_G,91,tile/test/oil/007.png,1,clean_defect,32x32,33,165,0.011990236739317576,0.003988367319107056,0.007933810353279114,0.01119619607925415,0.015368521213531494,0.021186888217926022,2.8192996978759766e-05,0.028352677822113037
DUP_G,91,tile/test/oil/007.png,1,boundary,32x32,33,33,0.01053944771940058,0.0013355910778045654,0.006189107894897461,0.009808987379074097,0.015018820762634277,0.018992304801940918,0.001271560788154602,0.020869731903076172
DUP_G,92,tile/test/oil/008.png,1,abnormal_normal,32x32,28,857,0.010203356638359496,0.0010210394859313965,0.004030860960483551,0.008247889578342438,0.013963446021080017,0.02738644182682036,0.0,0.04962007701396942
DUP_G,92,tile/test/oil/008.png,1,defect,32x32,28,167,0.011804925110525714,0.0035250216722488405,0.008148610591888428,0.01159524917602539,0.014985240995883942,0.02106423676013946,0.0006683170795440674,0.034333884716033936
DUP_G,92,tile/test/oil/008.png,1,clean_defect,32x32,28,139,0.011155480425134838,0.003298613429069519,0.007672786712646484,0.011352509260177612,0.014595866203308105,0.018862897157669065,0.0006683170795440674,0.025575339794158936
DUP_G,92,tile/test/oil/008.png,1,boundary,32x32,28,28,0.015028954084430422,0.006085678935050964,0.009594492614269257,0.013086274266242981,0.021016128361225128,0.026999416947364806,0.005848482251167297,0.034333884716033936
DUP_G,93,tile/test/oil/009.png,1,abnormal_normal,32x32,30,847,0.010440369076155996,0.0010847575962543488,0.004363704472780228,0.0086546391248703,0.014109455049037933,0.02678751572966574,0.0,0.05398470163345337
DUP_G,93,tile/test/oil/009.png,1,defect,32x32,30,177,0.013339115990757268,0.004571491479873658,0.009076565504074097,0.012845218181610107,0.0177232027053833,0.02350649833679199,0.0012054443359375,0.030189454555511475
DUP_G,93,tile/test/oil/009.png,1,clean_defect,32x32,30,147,0.013584553485824949,0.005395513772964477,0.009418919682502747,0.012845218181610107,0.017796039581298828,0.023529237508773802,0.0030108094215393066,0.027369260787963867
DUP_G,93,tile/test/oil/009.png,1,boundary,32x32,30,30,0.01213647226492564,0.001597769558429718,0.007398921996355057,0.012862712144851685,0.01595935970544815,0.021801835298538203,0.0012054443359375,0.030189454555511475
DUP_G,94,tile/test/oil/010.png,1,abnormal_normal,32x32,27,864,0.009259716012618609,0.0007457772269845011,0.003512386232614517,0.007625162601470947,0.012988567352294922,0.023997820541262607,0.0,0.04414781928062439
DUP_G,94,tile/test/oil/010.png,1,defect,32x32,27,160,0.014554282929748297,0.004064867645502091,0.008847013115882874,0.013838902115821838,0.019845101982355118,0.028237843513488764,0.0,0.03743475675582886
DUP_G,94,tile/test/oil/010.png,1,clean_defect,32x32,27,133,0.014380754384779393,0.003592953085899353,0.008620291948318481,0.013973057270050049,0.019908100366592407,0.02603922486305236,0.0,0.030997008085250854
DUP_G,94,tile/test/oil/010.png,1,boundary,32x32,27,27,0.015409071688298826,0.006839856505393982,0.009234495460987091,0.013085931539535522,0.01895567774772644,0.030393099784851073,0.005640983581542969,0.03743475675582886
DUP_G,95,tile/test/oil/011.png,1,abnormal_normal,32x32,20,880,0.010400729029524056,0.0008557960391044619,0.0042742956429719925,0.008370675146579742,0.014171823859214783,0.027010873705148684,0.0,0.061159566044807434
DUP_G,95,tile/test/oil/011.png,1,defect,32x32,20,144,0.013976807292136881,0.004169274866580963,0.009272158145904541,0.013508573174476624,0.018262401223182678,0.02633010074496269,0.001824110746383667,0.03239560127258301
DUP_G,95,tile/test/oil/011.png,1,clean_defect,32x32,20,124,0.014096597870511393,0.004169274866580963,0.009411126375198364,0.01354837417602539,0.018941804766654968,0.026054184138774864,0.001824110746383667,0.03239560127258301
DUP_G,95,tile/test/oil/011.png,1,boundary,32x32,20,20,0.013234105706214905,0.004758010804653168,0.006468296051025391,0.01276487112045288,0.01568780094385147,0.026517128944396975,0.0030679702758789062,0.02983996272087097
DUP_G,96,tile/test/oil/012.png,1,abnormal_normal,32x32,21,872,0.010963808916030673,0.0008322671055793763,0.003778502345085144,0.008232437074184418,0.014956828206777573,0.03005136027932165,0.0,0.07165707647800446
DUP_G,96,tile/test/oil/012.png,1,defect,32x32,21,152,0.01308210076470124,0.0030318990349769595,0.008043989539146423,0.01272796094417572,0.017578601837158203,0.02508275657892227,0.000462263822555542,0.032801687717437744
DUP_G,96,tile/test/oil/012.png,1,clean_defect,32x32,21,131,0.012653256645639434,0.002716571092605591,0.007729232311248779,0.0120161771774292,0.017145469784736633,0.023737356066703796,0.000462263822555542,0.03256741166114807
DUP_G,96,tile/test/oil/012.png,1,boundary,32x32,21,21,0.015757271221705844,0.0036970973014831543,0.010224789381027222,0.017393380403518677,0.020283818244934082,0.027092695236206055,0.00315210223197937,0.032801687717437744
DUP_G,97,tile/test/oil/013.png,1,abnormal_normal,32x32,17,872,0.010096192641884362,0.0006782867014408112,0.00390743650496006,0.008284248411655426,0.014347543939948082,0.026057088375091544,0.0,0.0587468296289444
DUP_G,97,tile/test/oil/013.png,1,defect,32x32,17,152,0.012702414667920062,0.0027714937925338748,0.008047319948673248,0.013005286455154419,0.016241803765296936,0.023807743191719053,0.0,0.033404022455215454
DUP_G,97,tile/test/oil/013.png,1,clean_defect,32x32,17,135,0.012691187637823599,0.0027890086174011232,0.008023902773857117,0.012648224830627441,0.016274362802505493,0.023790782690048216,0.0,0.033404022455215454
DUP_G,97,tile/test/oil/013.png,1,boundary,32x32,17,17,0.012791570495156682,0.002568715810775757,0.009517014026641846,0.013933539390563965,0.01614740490913391,0.020022749900817868,0.0009295642375946045,0.02540600299835205
DUP_G,98,tile/test/oil/014.png,1,abnormal_normal,32x32,33,820,0.009642488781998797,0.0007973678410053254,0.004165031015872955,0.00791323184967041,0.01349819079041481,0.024824387580156322,0.0,0.05551008880138397
DUP_G,98,tile/test/oil/014.png,1,defect,32x32,33,204,0.013757354269425074,0.004167187958955765,0.00927002727985382,0.01366184651851654,0.01760423183441162,0.02492043524980544,0.0,0.03637462854385376
DUP_G,98,tile/test/oil/014.png,1,clean_defect,32x32,33,171,0.01374070834346682,0.004582688212394714,0.0094737708568573,0.013738781213760376,0.01734071969985962,0.022535473108291626,0.0,0.03637462854385376
DUP_G,98,tile/test/oil/014.png,1,boundary,32x32,33,33,0.013843610431208755,0.0026465833187103273,0.007013678550720215,0.012041330337524414,0.019910752773284912,0.028455400466918943,0.0016509294509887695,0.035704582929611206
DUP_G,99,tile/test/oil/015.png,1,abnormal_normal,32x32,44,737,0.010567649738961677,0.0011503696441650393,0.004440590739250183,0.008455976843833923,0.014422498643398285,0.026292395591735823,0.0,0.056813180446624756
DUP_G,99,tile/test/oil/015.png,1,defect,32x32,44,287,0.011602312066829164,0.0020756423473358154,0.007257357239723206,0.010783970355987549,0.015096433460712433,0.023265641927719117,0.0,0.036361753940582275
DUP_G,99,tile/test/oil/015.png,1,clean_defect,32x32,44,243,0.011875117542567077,0.0028378710150718696,0.007581949234008789,0.011010468006134033,0.015344098210334778,0.02326595187187195,0.0,0.036361753940582275
DUP_G,99,tile/test/oil/015.png,1,boundary,32x32,44,44,0.01009568182582205,0.0018297769129276276,0.004781443625688553,0.009408175945281982,0.013618454337120056,0.022863767668604852,0.001244962215423584,0.025135740637779236
DUP_G,100,tile/test/oil/016.png,1,abnormal_normal,32x32,46,751,0.010394166019086673,0.0010368898510932922,0.004237804561853409,0.008253604173660278,0.014163341373205185,0.026590410619974136,0.0,0.0630284994840622
DUP_G,100,tile/test/oil/016.png,1,defect,32x32,46,273,0.012160497789199535,0.002985888719558716,0.008004724979400635,0.011983633041381836,0.015969276428222656,0.0211808443069458,0.0005783438682556152,0.030965596437454224
DUP_G,100,tile/test/oil/016.png,1,clean_defect,32x32,46,227,0.012166121523285752,0.003196462988853455,0.008457675576210022,0.01211857795715332,0.01594078540802002,0.020063036680221556,0.0005783438682556152,0.029670745134353638
DUP_G,100,tile/test/oil/016.png,1,boundary,32x32,46,46,0.012132745884034945,0.0028867051005363464,0.006862655282020569,0.010631069540977478,0.016648195683956146,0.02432459592819214,0.0017770826816558838,0.030965596437454224
DUP_G,101,tile/test/oil/017.png,1,abnormal_normal,32x32,52,770,0.010208373947383522,0.0010262176394462588,0.004127338528633118,0.007976993918418884,0.013937514275312424,0.026610879227519015,0.0,0.07170628011226654
DUP_G,101,tile/test/oil/017.png,1,defect,32x32,52,254,0.012084243393789126,0.0032506540417671205,0.007082499563694,0.011662840843200684,0.01601673662662506,0.022394727170467376,0.000691533088684082,0.03401058912277222
DUP_G,101,tile/test/oil/017.png,1,clean_defect,32x32,52,202,0.012628166023457404,0.0033377408981323247,0.007932920008897781,0.012387663125991821,0.01686578243970871,0.022269816696643827,0.000691533088684082,0.026969820261001587
DUP_G,101,tile/test/oil/017.png,1,boundary,32x32,52,52,0.009971313178539276,0.002742844820022583,0.005847513675689697,0.007925271987915039,0.013108760118484497,0.023161704838275878,0.0016382038593292236,0.03401058912277222
DUP_G,102,tile/test/rough/000.png,1,abnormal_normal,32x32,15,964,0.009054713459353105,0.000653679296374321,0.002991866320371628,0.006945382803678513,0.012844402343034744,0.024453965388238408,0.0,0.05302637815475464
DUP_G,102,tile/test/rough/000.png,1,defect,32x32,15,60,0.017828432098031043,0.007432074844837189,0.012746527791023254,0.01597060263156891,0.0233546644449234,0.033519978821277614,0.001245453953742981,0.03879120945930481
DUP_G,102,tile/test/rough/000.png,1,clean_defect,32x32,15,45,0.017715257406234742,0.006713962554931641,0.011095672845840454,0.016392558813095093,0.022487998008728027,0.03512119054794311,0.001245453953742981,0.03879120945930481
DUP_G,102,tile/test/rough/000.png,1,boundary,32x32,15,15,0.01816795617341995,0.008239775896072388,0.014527220278978348,0.015417128801345825,0.02403181791305542,0.02947241961956024,0.007483541965484619,0.030478179454803467
DUP_G,103,tile/test/rough/001.png,1,abnormal_normal,32x32,27,900,0.010424011931237247,0.0009409245103597641,0.003896157257258892,0.008078459650278091,0.014710510149598122,0.027327629737555974,0.0,0.0679132267832756
DUP_G,103,tile/test/rough/001.png,1,defect,32x32,27,124,0.015074622757252186,0.002289237082004547,0.007361467927694321,0.014609813690185547,0.021980196237564087,0.029301750659942626,0.0008209794759750366,0.03630337119102478
DUP_G,103,tile/test/rough/001.png,1,clean_defect,32x32,27,97,0.01721438243217075,0.004652172327041627,0.010522276163101196,0.01595953106880188,0.022859692573547363,0.030870765447616556,0.0008209794759750366,0.03630337119102478
DUP_G,103,tile/test/rough/001.png,1,boundary,32x32,27,27,0.0073873379992114175,0.002177661657333374,0.002651907503604889,0.005398601293563843,0.013170555233955383,0.01632934808731079,0.0009255558252334595,0.01714766025543213
DUP_G,104,tile/test/rough/002.png,1,abnormal_normal,32x32,43,856,0.009675257498720469,0.0006726467981934547,0.003542030230164528,0.007116110995411873,0.013250039890408516,0.027058999985456467,0.0,0.08148357272148132
DUP_G,104,tile/test/rough/002.png,1,defect,32x32,43,168,0.01577098226352107,0.0024882495403289796,0.007618270814418793,0.014502085745334625,0.02228505164384842,0.03450800701975823,0.00024934113025665283,0.05605576932430267
DUP_G,104,tile/test/rough/002.png,1,clean_defect,32x32,43,125,0.017303209662437438,0.0036755606532096865,0.008292049169540405,0.01554715633392334,0.023402869701385498,0.0353618860244751,0.0017399489879608154,0.05605576932430267
DUP_G,104,tile/test/rough/002.png,1,boundary,32x32,43,43,0.011316832848066507,0.0015280753374099733,0.0037138983607292175,0.010190367698669434,0.016128763556480408,0.029838128387927997,0.00024934113025665283,0.03465649485588074
DUP_G,105,tile/test/rough/003.png,1,abnormal_normal,32x32,39,776,0.010363494656912829,0.0010023806244134903,0.004064531065523624,0.00816202349960804,0.013906772248446941,0.02772072609513998,0.0,0.0549628809094429
DUP_G,105,tile/test/rough/003.png,1,defect,32x32,39,248,0.010529576169867669,0.002050444483757019,0.00532146543264389,0.008342623710632324,0.014923437498509884,0.02465563863515852,0.00011101365089416504,0.05296632647514343
DUP_G,105,tile/test/rough/003.png,1,clean_defect,32x32,39,209,0.01071049663367454,0.002069145441055298,0.005335599184036255,0.008395075798034668,0.015310719609260559,0.024843239784240717,0.00011101365089416504,0.05296632647514343
DUP_G,105,tile/test/rough/003.png,1,boundary,32x32,39,39,0.009560028043312904,0.0018912866711616517,0.004949465394020081,0.006820768117904663,0.013227753341197968,0.02158777862787247,0.000182226300239563,0.025203466415405273
DUP_G,106,tile/test/rough/004.png,1,abnormal_normal,32x32,15,667,0.010261915060042263,0.0009498395025730134,0.004307016730308533,0.00837399810552597,0.014174867421388626,0.025472298264503465,0.0,0.05938403308391571
DUP_G,106,tile/test/rough/004.png,1,defect,32x32,15,357,0.01165188949148194,0.0018278181552886963,0.005432069301605225,0.009503528475761414,0.016440153121948242,0.027900058031082142,7.148087024688721e-05,0.06194209307432175
DUP_G,106,tile/test/rough/004.png,1,clean_defect,32x32,15,342,0.011792834042108546,0.0017908021807670595,0.0056033506989479065,0.009834147989749908,0.016514115035533905,0.028574365377426136,7.148087024688721e-05,0.06194209307432175
DUP_G,106,tile/test/rough/004.png,1,boundary,32x32,15,15,0.008438353737195333,0.00188751220703125,0.002998344600200653,0.006336525082588196,0.012534543871879578,0.021056129038333888,0.0018388628959655762,0.023747622966766357
DUP_G,107,tile/test/rough/005.png,1,abnormal_normal,32x32,11,914,0.009846083053613909,0.0007091335952281952,0.003346513956785202,0.007504243403673172,0.013490093871951103,0.02851407714188098,0.0,0.0567508339881897
DUP_G,107,tile/test/rough/005.png,1,defect,32x32,11,110,0.013587810640985316,0.003245346248149872,0.007942166179418564,0.012446656823158264,0.018011748790740967,0.028595672547817228,0.0005858540534973145,0.04541651904582977
DUP_G,107,tile/test/rough/005.png,1,clean_defect,32x32,11,99,0.013914326751472974,0.0036441639065742494,0.008296437561511993,0.012971192598342896,0.018795013427734375,0.028331729769706722,0.0005858540534973145,0.04541651904582977
DUP_G,107,tile/test/rough/005.png,1,boundary,32x32,11,11,0.010649165646596388,0.002151116728782654,0.004223544150590897,0.00840848684310913,0.012924551963806152,0.027276650071144104,0.0009976327419281006,0.037688761949539185
DUP_G,108,tile/test/rough/006.png,1,abnormal_normal,32x32,9,932,0.010225201029602294,0.0005444053560495377,0.003644319251179695,0.007627375423908234,0.014430977404117584,0.028515745513141146,0.0,0.06275288015604019
DUP_G,108,tile/test/rough/006.png,1,defect,32x32,9,92,0.012067038403904957,0.0019973907619714737,0.006115507334470749,0.009772613644599915,0.017229072749614716,0.027479397505521776,0.0,0.03656071424484253
DUP_G,108,tile/test/rough/006.png,1,clean_defect,32x32,9,83,0.011724404900907034,0.0018156878650188448,0.0060543492436409,0.00964859127998352,0.016287386417388916,0.027672453224658944,0.0,0.03656071424484253
DUP_G,108,tile/test/rough/006.png,1,boundary,32x32,9,9,0.01522688070933024,0.003064677119255066,0.00667562335729599,0.018353447318077087,0.0220053568482399,0.025156903266906738,0.0028375238180160522,0.02710290253162384
DUP_G,109,tile/test/rough/007.png,1,abnormal_normal,32x32,15,889,0.009411865348756918,0.0004935473203659058,0.003558121621608734,0.007742583751678467,0.013133667409420013,0.02387377023696898,0.0,0.061071936041116714
DUP_G,109,tile/test/rough/007.png,1,defect,32x32,15,135,0.012401814731182875,0.002117171883583069,0.0052587613463401794,0.009506061673164368,0.016973361372947693,0.033371920883655544,0.0,0.04474225640296936
DUP_G,109,tile/test/rough/007.png,1,clean_defect,32x32,15,120,0.012044169194996356,0.0020057950168848038,0.0052421726286411285,0.009574808180332184,0.016584698110818863,0.026869364827871306,0.0,0.04474225640296936
DUP_G,109,tile/test/rough/007.png,1,boundary,32x32,15,15,0.015262979020675024,0.004545658826828003,0.0062497761100530624,0.007738053798675537,0.023785240948200226,0.035071642696857454,0.004212290048599243,0.03586570918560028
DUP_G,110,tile/test/rough/008.png,1,abnormal_normal,32x32,15,850,0.009393458421177723,0.0008213503286242486,0.003509385511279106,0.00753277912735939,0.012927524745464325,0.026127923652529705,0.0,0.05909091234207153
DUP_G,110,tile/test/rough/008.png,1,defect,32x32,15,174,0.011903545080587781,0.0022894978523254395,0.00682416558265686,0.009639516472816467,0.016056980937719345,0.02769306600093841,0.0,0.039844363927841187
DUP_G,110,tile/test/rough/008.png,1,clean_defect,32x32,15,159,0.01191620762992955,0.0026706546545028687,0.006807222962379456,0.0096435546875,0.01617620885372162,0.027528363466262813,0.0,0.039844363927841187
DUP_G,110,tile/test/rough/008.png,1,boundary,32x32,15,15,0.011769322057565054,0.0009309381246566773,0.00877935066819191,0.009242728352546692,0.014438837766647339,0.025424250215291967,0.000585511326789856,0.03154931217432022
DUP_G,111,tile/test/rough/009.png,1,abnormal_normal,32x32,37,695,0.009419784070454913,0.0010072726756334305,0.0038848184049129486,0.007482573390007019,0.012485910207033157,0.02656191810965537,0.0,0.05391868203878403
DUP_G,111,tile/test/rough/009.png,1,defect,32x32,37,329,0.010312657791973972,0.0015754222869873047,0.005081623792648315,0.009087353944778442,0.01456490159034729,0.021855866909027088,0.0,0.040831729769706726
DUP_G,111,tile/test/rough/009.png,1,clean_defect,32x32,37,292,0.010034525435264797,0.0015797965228557588,0.005075819790363312,0.009162858128547668,0.01387440413236618,0.020411381125450132,0.0,0.03620758652687073
DUP_G,111,tile/test/rough/009.png,1,boundary,32x32,37,37,0.012507648282759899,0.001701265573501587,0.005911469459533691,0.009077861905097961,0.01698017120361328,0.027132874727249116,6.714463233947754e-05,0.040831729769706726
DUP_G,112,tile/test/rough/010.png,1,abnormal_normal,32x32,29,871,0.010440017536162782,0.0010937750339508057,0.003991272300481796,0.008053760975599289,0.014148714020848274,0.028441600501537323,0.0,0.05347689241170883
DUP_G,112,tile/test/rough/010.png,1,defect,32x32,29,153,0.015247618986500634,0.0025187194347381595,0.00757482647895813,0.01483897864818573,0.020617246627807617,0.032200300693511964,0.0,0.054336220026016235
DUP_G,112,tile/test/rough/010.png,1,clean_defect,32x32,29,124,0.016019030624339656,0.003347055613994599,0.008706144988536835,0.015585914254188538,0.020760580897331238,0.03233048170804977,0.0,0.054336220026016235
DUP_G,112,tile/test/rough/010.png,1,boundary,32x32,29,29,0.01194916922470619,0.0018215864896774293,0.004341498017311096,0.01012466847896576,0.015449345111846924,0.02904527187347412,0.0017719417810440063,0.04068901389837265
DUP_G,113,tile/test/rough/011.png,1,abnormal_normal,32x32,20,899,0.009767493179215075,0.0008582890033721926,0.003570111468434334,0.007729768753051758,0.013201864436268806,0.026257812976837127,0.0,0.07690346240997314
DUP_G,113,tile/test/rough/011.png,1,defect,32x32,20,125,0.01444253733754158,0.0029885172843933105,0.007858499884605408,0.013936877250671387,0.018567770719528198,0.03055940270423888,0.00028201937675476074,0.04544802010059357
DUP_G,113,tile/test/rough/011.png,1,clean_defect,32x32,20,105,0.015410069127877552,0.0041944563388824465,0.009540170431137085,0.014113426208496094,0.01962718367576599,0.03144296407699585,0.0019223690032958984,0.04544802010059357
DUP_G,113,tile/test/rough/011.png,1,boundary,32x32,20,20,0.009362995438277722,0.0015366181731224062,0.004261714406311512,0.007945500314235687,0.012722492218017578,0.02216613218188286,0.00028201937675476074,0.027009204030036926
DUP_G,114,tile/test/rough/012.png,1,abnormal_normal,32x32,21,789,0.009690858865173296,0.0008609697222709657,0.0038077235221862793,0.007774755358695984,0.0128340944647789,0.025871014595031713,0.0,0.06022430211305618
DUP_G,114,tile/test/rough/012.png,1,defect,32x32,21,235,0.011959799838827011,0.0014208056032657622,0.0049912407994270325,0.0108543261885643,0.01710382103919983,0.025775572657585143,0.0,0.054527297616004944
DUP_G,114,tile/test/rough/012.png,1,clean_defect,32x32,21,214,0.011992032874688923,0.0014223352074623108,0.005053270608186722,0.010846689343452454,0.017269130796194077,0.025775645673274995,0.0,0.054527297616004944
DUP_G,114,tile/test/rough/012.png,1,boundary,32x32,21,21,0.011631329854329428,0.0011488571763038635,0.004929900169372559,0.0117887482047081,0.016232140362262726,0.025199949741363525,0.0009063631296157837,0.028728678822517395
DUP_G,115,tile/test/rough/013.png,1,abnormal_normal,32x32,57,701,0.010211889715745683,0.0010294541716575623,0.004645928740501404,0.008409261703491211,0.014429822564125061,0.02382764220237732,0.0,0.04903998225927353
DUP_G,115,tile/test/rough/013.png,1,defect,32x32,57,323,0.01122325078667871,0.0017068475484848023,0.005335383117198944,0.009366363286972046,0.015269085764884949,0.0268229067325592,0.0,0.04134306311607361
DUP_G,115,tile/test/rough/013.png,1,clean_defect,32x32,57,266,0.011532360239696681,0.0017115548253059387,0.005840510129928589,0.009550347924232483,0.015271805226802826,0.02720634639263153,0.0,0.04134306311607361
DUP_G,115,tile/test/rough/013.png,1,boundary,32x32,57,57,0.009780740005928174,0.001840697228908539,0.004494071006774902,0.008334308862686157,0.015070483088493347,0.02136704325675964,0.0002771615982055664,0.027504995465278625
DUP_G,116,tile/test/rough/014.png,1,abnormal_normal,32x32,14,869,0.009859253998558595,0.0008179679512977601,0.003773372620344162,0.007751621305942535,0.013455398380756378,0.025977239012718197,0.0,0.05342704802751541
DUP_G,116,tile/test/rough/014.png,1,defect,32x32,14,155,0.011216090114847307,0.0018930703401565552,0.0052504763007164,0.010025933384895325,0.014802951365709305,0.02534536272287368,0.0,0.05204392969608307
DUP_G,116,tile/test/rough/014.png,1,clean_defect,32x32,14,141,0.011071420862530986,0.0019049346446990967,0.005139350891113281,0.009762585163116455,0.014580965042114258,0.02559491991996765,0.0,0.05204392969608307
DUP_G,116,tile/test/rough/014.png,1,boundary,32x32,14,14,0.012673116156033106,0.0030642934143543243,0.007814798504114151,0.011710397899150848,0.01746990717947483,0.023291214555501937,0.0017349720001220703,0.025238409638404846
TRI_G,0,tile/test/crack/000.png,1,abnormal_normal,32x32,60,939,0.016431600676653103,0.002933848649263382,0.009214844554662704,0.014710873365402222,0.02122628316283226,0.03598344996571535,0.0,0.08005428314208984
TRI_G,0,tile/test/crack/000.png,1,defect,32x32,60,85,0.020268886229571174,0.007974469661712646,0.015102922916412354,0.020877838134765625,0.024867236614227295,0.030593669414520262,0.005519986152648926,0.03759866952896118
TRI_G,0,tile/test/crack/000.png,1,clean_defect,32x32,60,25,0.01937239408493042,0.007974469661712646,0.013749301433563232,0.020030319690704346,0.024187803268432617,0.030593669414520262,0.005674004554748535,0.03147405385971069
TRI_G,0,tile/test/crack/000.png,1,boundary,32x32,60,60,0.02064242462317149,0.009205424785614013,0.015907034277915955,0.02124735713005066,0.025034993886947632,0.029804171621799453,0.005519986152648926,0.03759866952896118
TRI_G,1,tile/test/crack/001.png,1,abnormal_normal,32x32,91,933,0.01599884820984235,0.0028546914458274842,0.008042678236961365,0.013421684503555298,0.021095946431159973,0.03666047155857086,0.0,0.07569731771945953
TRI_G,1,tile/test/crack/001.png,1,defect,32x32,91,91,0.017077195939126905,0.005403101444244385,0.011227890849113464,0.015567243099212646,0.021021828055381775,0.0341482013463974,0.0022705793380737305,0.04423177242279053
TRI_G,1,tile/test/crack/001.png,1,clean_defect,32x32,91,0,,,,,,,,
TRI_G,1,tile/test/crack/001.png,1,boundary,32x32,91,91,0.017077195939126905,0.005403101444244385,0.011227890849113464,0.015567243099212646,0.021021828055381775,0.0341482013463974,0.0022705793380737305,0.04423177242279053
TRI_G,2,tile/test/crack/002.png,1,abnormal_normal,32x32,76,926,0.01683092931563087,0.0034438371658325195,0.00969848595559597,0.014717940241098404,0.021505098789930344,0.0365748256444931,0.0,0.0956990197300911
TRI_G,2,tile/test/crack/002.png,1,defect,32x32,76,98,0.017237122873870695,0.002303333580493927,0.011715017259120941,0.018331602215766907,0.02218920737504959,0.029427784681320183,0.00022390484809875488,0.04021903872489929
TRI_G,2,tile/test/crack/002.png,1,clean_defect,32x32,76,22,0.014797168699177828,0.00204743891954422,0.006352260708808899,0.01858997344970703,0.021994635462760925,0.026003023982048033,0.00044149160385131836,0.026432335376739502
TRI_G,2,tile/test/crack/002.png,1,boundary,32x32,76,76,0.01794342539812389,0.004541564732789993,0.012087583541870117,0.018331602215766907,0.022151552140712738,0.031426429748535156,0.00022390484809875488,0.04021903872489929
TRI_G,3,tile/test/crack/003.png,1,abnormal_normal,32x32,64,938,0.016550205794891824,0.0033796519041061407,0.009070033207535744,0.015055067837238312,0.021138779819011688,0.035586367547512036,0.0,0.10723020136356354
TRI_G,3,tile/test/crack/003.png,1,defect,32x32,64,86,0.01943065884501435,0.005919009447097778,0.01437222957611084,0.019788354635238647,0.023796431720256805,0.03137357532978058,0.002195119857788086,0.04437851905822754
TRI_G,3,tile/test/crack/003.png,1,clean_defect,32x32,64,22,0.020313355055722324,0.009466296434402466,0.016540661454200745,0.020171985030174255,0.025392115116119385,0.028950989246368408,0.00234907865524292,0.029200375080108643
TRI_G,3,tile/test/crack/003.png,1,boundary,32x32,64,64,0.019127232022583485,0.0058252751827239995,0.013615384697914124,0.01868520677089691,0.023482546210289,0.03773006796836849,0.002195119857788086,0.04437851905822754
TRI_G,4,tile/test/crack/004.png,1,abnormal_normal,32x32,35,987,0.01587523589629714,0.002790319919586182,0.008564058691263199,0.014131009578704834,0.020350128412246704,0.03510755151510236,0.0,0.1770068109035492
TRI_G,4,tile/test/crack/004.png,1,defect,32x32,35,37,0.017609134719178483,0.0046732425689697266,0.008880436420440674,0.01776939630508423,0.023726046085357666,0.035617697238922115,0.0021229684352874756,0.03728333115577698
TRI_G,4,tile/test/crack/004.png,1,clean_defect,32x32,35,2,0.010431170463562012,0.0053710490465164185,0.007619991898536682,0.010431170463562012,0.013242349028587341,0.015491291880607605,0.0048088133335113525,0.01605352759361267
TRI_G,4,tile/test/crack/004.png,1,boundary,32x32,35,35,0.01801930410521371,0.0049957364797592165,0.00989118218421936,0.017790019512176514,0.02401745319366455,0.03571757376194,0.0021229684352874756,0.03728333115577698
TRI_G,5,tile/test/crack/005.png,1,abnormal_normal,32x32,19,990,0.01592961342233901,0.002928219735622406,0.008152104914188385,0.013949457556009293,0.021300610154867172,0.0358331862837076,0.0,0.07928993552923203
TRI_G,5,tile/test/crack/005.png,1,defect,32x32,19,34,0.0170964975567425,0.003424720466136933,0.010960794985294342,0.016649261116981506,0.022100262343883514,0.03162760436534881,0.0,0.035110145807266235
TRI_G,5,tile/test/crack/005.png,1,clean_defect,32x32,19,15,0.01654549837112427,0.005907723307609558,0.009666934609413147,0.016381561756134033,0.022059515118598938,0.030179885029792783,0.0044470131397247314,0.03292971849441528
TRI_G,5,tile/test/crack/005.png,1,boundary,32x32,19,19,0.017531496913809525,0.0013735592365264893,0.013800665736198425,0.01765364408493042,0.021712258458137512,0.031344833970069874,0.0,0.035110145807266235
TRI_G,6,tile/test/crack/006.png,1,abnormal_normal,32x32,68,925,0.016647547056546082,0.0037528455257415773,0.009642384946346283,0.014708653092384338,0.021729975938796997,0.036290574073791486,1.4901161193847656e-08,0.11279289424419403
TRI_G,6,tile/test/crack/006.png,1,defect,32x32,68,99,0.024050841126779115,0.008593147993087769,0.01711459457874298,0.023519963026046753,0.03063422441482544,0.03894493877887725,0.006849169731140137,0.05156698822975159
TRI_G,6,tile/test/crack/006.png,1,clean_defect,32x32,68,31,0.01912472132713564,0.007374405860900879,0.009364932775497437,0.01753634214401245,0.025373220443725586,0.03706026077270508,0.006849169731140137,0.04176756739616394
TRI_G,6,tile/test/crack/006.png,1,boundary,32x32,68,68,0.026296572211910698,0.012911221385002137,0.01921643316745758,0.026608720421791077,0.03235398977994919,0.03904286324977874,0.009389668703079224,0.05156698822975159
TRI_G,7,tile/test/crack/007.png,1,abnormal_normal,32x32,51,944,0.016036459039581025,0.00319526307284832,0.009351048618555069,0.01450994610786438,0.02056821435689926,0.034765578061342235,0.0,0.07155410945415497
TRI_G,7,tile/test/crack/007.png,1,defect,32x32,51,80,0.02350211702287197,0.01018364578485489,0.01754114031791687,0.02378802001476288,0.028130270540714264,0.0348785415291786,0.001928567886352539,0.05281585454940796
TRI_G,7,tile/test/crack/007.png,1,clean_defect,32x32,51,29,0.025295690215867143,0.014337950944900512,0.020054638385772705,0.02646815776824951,0.028625667095184326,0.0342856764793396,0.013170003890991211,0.05281585454940796
TRI_G,7,tile/test/crack/007.png,1,boundary,32x32,51,51,0.022482242069992366,0.00489315390586853,0.016566574573516846,0.022883474826812744,0.02737286686897278,0.03739602863788605,0.001928567886352539,0.05227133631706238
TRI_G,8,tile/test/crack/008.png,1,abnormal_normal,32x32,59,952,0.016660340897300664,0.0026040956377983097,0.008908428251743317,0.01415543258190155,0.022015932947397232,0.03763778954744339,0.0,0.13691052794456482
TRI_G,8,tile/test/crack/008.png,1,defect,32x32,59,72,0.01992856649061044,0.0025069884955883025,0.010764658451080322,0.02115471661090851,0.027129098773002625,0.03480902165174484,0.0,0.04312807321548462
TRI_G,8,tile/test/crack/008.png,1,clean_defect,32x32,59,13,0.015680544651471652,0.002352792024612427,0.005549132823944092,0.016770601272583008,0.02424454689025879,0.031617140769958495,0.0015153884887695312,0.03194844722747803
TRI_G,8,tile/test/crack/008.png,1,boundary,32x32,59,59,0.020864571302624074,0.0025764212012290956,0.01254330575466156,0.02274000644683838,0.027521997690200806,0.03497116267681121,0.0,0.04312807321548462
TRI_G,9,tile/test/crack/009.png,1,abnormal_normal,32x32,83,930,0.017404951732004844,0.002971821650862694,0.009062226861715317,0.015212737023830414,0.02267371490597725,0.039423435181379314,0.0,0.13438332080841064
TRI_G,9,tile/test/crack/009.png,1,defect,32x32,83,94,0.019669400250658074,0.00579560399055481,0.014404848217964172,0.019077688455581665,0.025919869542121887,0.033605685830116264,9.685754776000977e-06,0.05309739708900452
TRI_G,9,tile/test/crack/009.png,1,clean_defect,32x32,83,11,0.01704131473194469,0.004561483860015869,0.011143147945404053,0.015683233737945557,0.02440604567527771,0.027363061904907227,0.004347622394561768,0.027727842330932617
TRI_G,9,tile/test/crack/009.png,1,boundary,32x32,83,83,0.02001770074108997,0.0072289913892745975,0.014414697885513306,0.01913076639175415,0.025979742407798767,0.03464164733886717,9.685754776000977e-06,0.05309739708900452
TRI_G,10,tile/test/crack/010.png,1,abnormal_normal,32x32,80,923,0.016949550717875347,0.0032141737639904025,0.009055383503437042,0.014639325439929962,0.02253440022468567,0.03711482882499695,0.0002199709415435791,0.12339230626821518
TRI_G,10,tile/test/crack/010.png,1,defect,32x32,80,101,0.020673077959235352,0.006062865257263184,0.014400452375411987,0.020108520984649658,0.025163888931274414,0.03652989864349365,0.0015099048614501953,0.04370659589767456
TRI_G,10,tile/test/crack/010.png,1,clean_defect,32x32,80,21,0.01974820239203317,0.009027719497680664,0.01575610041618347,0.019153505563735962,0.02182123064994812,0.035733968019485474,0.005094617605209351,0.03954574465751648
TRI_G,10,tile/test/crack/010.png,1,boundary,32x32,80,80,0.020915857795625926,0.006026735901832581,0.014282546937465668,0.020771294832229614,0.026596859097480774,0.036536853015422824,0.0015099048614501953,0.04370659589767456
TRI_G,11,tile/test/crack/011.png,1,abnormal_normal,32x32,69,955,0.01787717156112194,0.0037236094474792482,0.010081041604280472,0.015406236052513123,0.022589609026908875,0.03910321965813636,7.450580596923828e-09,0.0999779924750328
TRI_G,11,tile/test/crack/011.png,1,defect,32x32,69,69,0.020399497902911644,0.0057681500911712655,0.015261858701705933,0.019042789936065674,0.02626177668571472,0.0323314905166626,0.0037622153759002686,0.04213133454322815
TRI_G,11,tile/test/crack/011.png,1,clean_defect,32x32,69,0,,,,,,,,
TRI_G,11,tile/test/crack/011.png,1,boundary,32x32,69,69,0.020399497902911644,0.0057681500911712655,0.015261858701705933,0.019042789936065674,0.02626177668571472,0.0323314905166626,0.0037622153759002686,0.04213133454322815
TRI_G,12,tile/test/crack/012.png,1,abnormal_normal,32x32,51,943,0.016310060414567607,0.003202235698699951,0.008855950087308884,0.01424284279346466,0.02147674560546875,0.03602832108736038,7.450580596923828e-09,0.15442991256713867
TRI_G,12,tile/test/crack/012.png,1,defect,32x32,51,81,0.018142278731605153,0.006162136793136597,0.01229792833328247,0.0179654061794281,0.022810161113739014,0.03042501211166382,0.0034633278846740723,0.03889709711074829
TRI_G,12,tile/test/crack/012.png,1,clean_defect,32x32,51,30,0.017544389764467875,0.004938590526580811,0.011218145489692688,0.019944295287132263,0.022721081972122192,0.027877567708492274,0.0034633278846740723,0.02991461753845215
TRI_G,12,tile/test/crack/012.png,1,boundary,32x32,51,51,0.018493978124038846,0.007674604654312134,0.012651398777961731,0.017957985401153564,0.022046789526939392,0.03337559103965759,0.004973709583282471,0.03889709711074829
TRI_G,13,tile/test/crack/013.png,1,abnormal_normal,32x32,90,929,0.016709209162144408,0.0031762868165969853,0.009392112493515015,0.014863774180412292,0.021212399005889893,0.035875177383422836,7.450580596923828e-09,0.08486728370189667
TRI_G,13,tile/test/crack/013.png,1,defect,32x32,90,95,0.018392251196660495,0.007288259267807007,0.013507366180419922,0.017475485801696777,0.022904232144355774,0.030248323082923887,0.004807502031326294,0.04103630781173706
TRI_G,13,tile/test/crack/013.png,1,clean_defect,32x32,90,5,0.017425745725631714,0.007259786128997803,0.0073296427726745605,0.0206146240234375,0.022787123918533325,0.02788143754005432,0.007242321968078613,0.02915501594543457
TRI_G,13,tile/test/crack/013.png,1,boundary,32x32,90,90,0.01844594594505098,0.007447086274623871,0.013812996447086334,0.017460614442825317,0.0229460671544075,0.030431093275547026,0.004807502031326294,0.04103630781173706
TRI_G,14,tile/test/crack/014.png,1,abnormal_normal,32x32,52,965,0.015735208901330597,0.0029918536543846134,0.008564218878746033,0.013570576906204224,0.02041611075401306,0.03562784194946286,0.0,0.08472740650177002
TRI_G,14,tile/test/crack/014.png,1,defect,32x32,52,59,0.019956266981060223,0.0025726795196533204,0.013232454657554626,0.019323021173477173,0.026802465319633484,0.036988988518714905,0.0011090636253356934,0.04014104604721069
TRI_G,14,tile/test/crack/014.png,1,clean_defect,32x32,52,7,0.01778502549443926,0.008086895942687989,0.014103904366493225,0.018009841442108154,0.02356216311454773,0.025054466724395753,0.005917668342590332,0.025235533714294434
TRI_G,14,tile/test/crack/014.png,1,boundary,32x32,52,52,0.02024854948887458,0.002557116746902466,0.013090439140796661,0.020134881138801575,0.028959155082702637,0.037129439413547516,0.0011090636253356934,0.04014104604721069
TRI_G,15,tile/test/crack/015.png,1,abnormal_normal,32x32,40,984,0.018388852552790953,0.0038089856505393984,0.009826255030930042,0.01516471803188324,0.02341969683766365,0.04256592094898223,0.0,0.10364866256713867
TRI_G,15,tile/test/crack/015.png,1,defect,32x32,40,40,0.022478657960891723,0.01172749549150467,0.017703168094158173,0.02286359667778015,0.027991123497486115,0.03143584877252579,0.007664531469345093,0.03277471661567688
TRI_G,15,tile/test/crack/015.png,1,clean_defect,32x32,40,0,,,,,,,,
TRI_G,15,tile/test/crack/015.png,1,boundary,32x32,40,40,0.022478657960891723,0.01172749549150467,0.017703168094158173,0.02286359667778015,0.027991123497486115,0.03143584877252579,0.007664531469345093,0.03277471661567688
TRI_G,16,tile/test/crack/016.png,1,abnormal_normal,32x32,81,936,0.01747428645722122,0.003329649567604065,0.009032709524035454,0.01514558494091034,0.02288512885570526,0.04103860445320606,0.0,0.08148102462291718
TRI_G,16,tile/test/crack/016.png,1,defect,32x32,81,88,0.01821416938169436,0.005845382809638977,0.011793829500675201,0.016877159476280212,0.024522021412849426,0.031263174116611475,0.0026665329933166504,0.050486087799072266
TRI_G,16,tile/test/crack/016.png,1,clean_defect,32x32,81,7,0.010334329945700509,0.005504569411277771,0.006188288331031799,0.010106533765792847,0.013885051012039185,0.016296738386154173,0.005244851112365723,0.016842246055603027
TRI_G,16,tile/test/crack/016.png,1,boundary,32x32,81,81,0.018895143160113582,0.006425589323043823,0.012910187244415283,0.018106460571289062,0.02502739429473877,0.031378090381622314,0.0026665329933166504,0.050486087799072266
TRI_G,17,tile/test/glue_strip/000.png,1,abnormal_normal,32x32,24,936,0.016521989228601895,0.0030077658593654633,0.009020148776471615,0.014212163165211678,0.021641641855239868,0.036893052980303764,0.0,0.08814898878335953
TRI_G,17,tile/test/glue_strip/000.png,1,defect,32x32,24,88,0.02447872371836142,0.010645048320293426,0.018457241356372833,0.023683220148086548,0.029568329453468323,0.0428570136427879,0.0006669759750366211,0.06738212704658508
TRI_G,17,tile/test/glue_strip/000.png,1,clean_defect,32x32,24,64,0.024403827264904976,0.010067234933376312,0.018733978271484375,0.023683220148086548,0.02892342209815979,0.04348095208406445,0.0006669759750366211,0.06738212704658508
TRI_G,17,tile/test/glue_strip/000.png,1,boundary,32x32,24,24,0.024678447594245274,0.012768088281154633,0.017410382628440857,0.02355062961578369,0.030511558055877686,0.039613956212997424,0.011157870292663574,0.04779532551765442
TRI_G,18,tile/test/glue_strip/001.png,1,abnormal_normal,32x32,29,912,0.0174729671051497,0.003526219911873341,0.009088605642318726,0.015443224459886551,0.022658877074718475,0.039123467355966564,0.0,0.07676596939563751
TRI_G,18,tile/test/glue_strip/001.png,1,defect,32x32,29,112,0.022720737515815666,0.012558704614639283,0.017273694276809692,0.02167034149169922,0.02903296798467636,0.03544852286577225,0.0009989440441131592,0.03848761320114136
TRI_G,18,tile/test/glue_strip/001.png,1,clean_defect,32x32,29,83,0.022997869245977288,0.012655147910118103,0.0179898738861084,0.022254586219787598,0.02881433069705963,0.03551840782165527,0.0009989440441131592,0.03848761320114136
TRI_G,18,tile/test/glue_strip/001.png,1,boundary,32x32,29,29,0.021927567391559995,0.01078476905822754,0.016042441129684448,0.019279569387435913,0.029503852128982544,0.03486360907554626,0.006883293390274048,0.03555804491043091
TRI_G,19,tile/test/glue_strip/002.png,1,abnormal_normal,32x32,11,932,0.01584444316943444,0.002978925779461861,0.008198121562600136,0.013742700219154358,0.02085517719388008,0.034953798353672016,0.0,0.09596067667007446
TRI_G,19,tile/test/glue_strip/002.png,1,defect,32x32,11,92,0.020285125011983124,0.00811280682682991,0.014845140278339386,0.019496262073516846,0.024435311555862427,0.034484007954597475,0.0017910897731781006,0.04036208987236023
TRI_G,19,tile/test/glue_strip/002.png,1,clean_defect,32x32,11,81,0.020038603632538406,0.008034497499465942,0.014739245176315308,0.01911577582359314,0.023995578289031982,0.03457733988761902,0.0017910897731781006,0.04036208987236023
TRI_G,19,tile/test/glue_strip/002.png,1,boundary,32x32,11,11,0.02210041880607605,0.014712586998939514,0.01867718994617462,0.020655035972595215,0.026202872395515442,0.030792370438575745,0.014370501041412354,0.03230050206184387
TRI_G,20,tile/test/glue_strip/003.png,1,abnormal_normal,32x32,55,606,0.017912011028024623,0.003267856314778328,0.00940261036157608,0.01576501503586769,0.02347205951809883,0.04072700813412666,0.0,0.08022679388523102
TRI_G,20,tile/test/glue_strip/003.png,1,defect,32x32,55,418,0.020314930871342927,0.005644214898347854,0.012128451839089394,0.018863387405872345,0.0265190452337265,0.03953610062599181,0.0,0.07142505049705505
TRI_G,20,tile/test/glue_strip/003.png,1,clean_defect,32x32,55,363,0.01968658619018954,0.005285226553678512,0.011721685528755188,0.01787380874156952,0.02595241367816925,0.03940681368112563,0.0,0.07142505049705505
TRI_G,20,tile/test/glue_strip/003.png,1,boundary,32x32,55,55,0.02446200576695529,0.010873880982398988,0.017632827162742615,0.024523824453353882,0.0299871563911438,0.03950794786214828,0.007154673337936401,0.04693788290023804
TRI_G,21,tile/test/glue_strip/004.png,1,abnormal_normal,32x32,37,797,0.01728744294442975,0.003269252181053162,0.009486615657806396,0.015300475060939789,0.022142261266708374,0.03830507993698119,0.0002040863037109375,0.0771707147359848
TRI_G,21,tile/test/glue_strip/004.png,1,defect,32x32,37,227,0.02178900232661663,0.008130168914794922,0.015952616930007935,0.021725237369537354,0.027256295084953308,0.03771192282438278,0.0019194483757019043,0.05043679475784302
TRI_G,21,tile/test/glue_strip/004.png,1,clean_defect,32x32,37,190,0.02180260498272745,0.007934722304344178,0.015729717910289764,0.021940745413303375,0.027180902659893036,0.0385781832039356,0.0019194483757019043,0.05043679475784302
TRI_G,21,tile/test/glue_strip/004.png,1,boundary,32x32,37,37,0.021719150849290797,0.010142529010772705,0.016678422689437866,0.020552635192871094,0.027301311492919922,0.03396849036216735,0.007921934127807617,0.04109105467796326
TRI_G,22,tile/test/glue_strip/005.png,1,abnormal_normal,32x32,17,947,0.017134066450841322,0.003287667781114578,0.008833516389131546,0.014282092452049255,0.022534796968102455,0.0401422560214996,7.450580596923828e-09,0.08416376262903214
TRI_G,22,tile/test/glue_strip/005.png,1,defect,32x32,17,77,0.022710045823803197,0.008337616920471191,0.017886340618133545,0.022707879543304443,0.02755129337310791,0.035471171140670776,0.005850315093994141,0.04801708459854126
TRI_G,22,tile/test/glue_strip/005.png,1,clean_defect,32x32,17,60,0.02273599257071813,0.007792244851589203,0.019057869911193848,0.022512994706630707,0.027673855423927307,0.03532789647579193,0.005850315093994141,0.04801708459854126
TRI_G,22,tile/test/glue_strip/005.png,1,boundary,32x32,17,17,0.022618469069985783,0.010478043556213379,0.017297178506851196,0.024230122566223145,0.026234030723571777,0.03418293595314025,0.00937044620513916,0.04117026925086975
TRI_G,23,tile/test/glue_strip/006.png,1,abnormal_normal,32x32,35,807,0.017241325317114555,0.0028754502534866335,0.009117932990193367,0.015030048787593842,0.023110080510377884,0.038937313109636294,0.0,0.0873924270272255
TRI_G,23,tile/test/glue_strip/006.png,1,defect,32x32,35,217,0.02143908377891312,0.00920957326889038,0.014089331030845642,0.02044093608856201,0.02814379334449768,0.0404664158821106,0.0025347471237182617,0.05238702893257141
TRI_G,23,tile/test/glue_strip/006.png,1,clean_defect,32x32,35,182,0.020720304777989022,0.008587627112865448,0.01335512101650238,0.01906001567840576,0.027677170932292938,0.04089143052697181,0.0025347471237182617,0.05238702893257141
TRI_G,23,tile/test/glue_strip/006.png,1,boundary,32x32,35,35,0.025176734583718437,0.015016067028045654,0.018169984221458435,0.023787975311279297,0.0302533358335495,0.035846102237701405,0.012922435998916626,0.040462762117385864
TRI_G,24,tile/test/glue_strip/007.png,1,abnormal_normal,32x32,33,847,0.016718861419342486,0.004471658542752266,0.009469268843531609,0.014895051717758179,0.020455561578273773,0.03659569695591925,1.4901161193847656e-08,0.09022000432014465
TRI_G,24,tile/test/glue_strip/007.png,1,defect,32x32,33,177,0.021150729666321963,0.006054222583770752,0.012828707695007324,0.021000877022743225,0.02652263641357422,0.0405752122402191,0.00264093279838562,0.059809476137161255
TRI_G,24,tile/test/glue_strip/007.png,1,clean_defect,32x32,33,144,0.020846766005787585,0.005873825401067734,0.01265258714556694,0.02060091495513916,0.026111692190170288,0.04082394242286679,0.00264093279838562,0.059809476137161255
TRI_G,24,tile/test/glue_strip/007.png,1,boundary,32x32,33,33,0.022477116548653805,0.006319975852966309,0.018733352422714233,0.02280956506729126,0.026855885982513428,0.036887067556381214,0.005218237638473511,0.042678236961364746
TRI_G,25,tile/test/glue_strip/008.png,1,abnormal_normal,32x32,36,858,0.01778946393592791,0.003529184311628342,0.009967222809791565,0.015286445617675781,0.023116163909435272,0.03850929513573646,0.0,0.09318714588880539
TRI_G,25,tile/test/glue_strip/008.png,1,defect,32x32,36,166,0.028317461441080254,0.008958078920841217,0.020142972469329834,0.028309091925621033,0.034968987107276917,0.04551636800169945,0.0034500956535339355,0.0755147933959961
TRI_G,25,tile/test/glue_strip/008.png,1,clean_defect,32x32,36,130,0.027722683262366515,0.008519259467720985,0.019376248121261597,0.02814348042011261,0.03558715432882309,0.04532770439982414,0.0034500956535339355,0.0755147933959961
TRI_G,25,tile/test/glue_strip/008.png,1,boundary,32x32,36,36,0.03046527153087987,0.016790851950645447,0.025453150272369385,0.028810769319534302,0.034583307802677155,0.046280816197395325,0.0125751793384552,0.052272729575634
TRI_G,26,tile/test/glue_strip/009.png,1,abnormal_normal,32x32,23,953,0.017259988503810116,0.003715227544307709,0.009269695729017258,0.014608070254325867,0.022305786609649658,0.03976865112781524,0.0,0.0756961926817894
TRI_G,26,tile/test/glue_strip/009.png,1,defect,32x32,23,71,0.0174149106925642,0.003278076648712158,0.00938732922077179,0.018340349197387695,0.023654967546463013,0.035432130098342896,0.0009325146675109863,0.039016276597976685
TRI_G,26,tile/test/glue_strip/009.png,1,clean_defect,32x32,23,48,0.018567637850840885,0.003872549533843994,0.010407328605651855,0.01906752586364746,0.023901768028736115,0.035774935781955716,0.002019643783569336,0.039016276597976685
TRI_G,26,tile/test/glue_strip/009.png,1,boundary,32x32,23,23,0.015009219231812851,0.002950289845466614,0.008369460701942444,0.013885945081710815,0.020580202341079712,0.029808846116065973,0.0009325146675109863,0.03330022096633911
TRI_G,27,tile/test/glue_strip/010.png,1,abnormal_normal,32x32,27,825,0.015568069386662858,0.002966655790805817,0.008368775248527527,0.01355646550655365,0.020987533032894135,0.037222045660018896,0.0,0.06667489558458328
TRI_G,27,tile/test/glue_strip/010.png,1,defect,32x32,27,199,0.020331105769579135,0.006325677037239075,0.01351926475763321,0.01914706826210022,0.02567099779844284,0.03487119376659392,0.0010887980461120605,0.07608737051486969
TRI_G,27,tile/test/glue_strip/010.png,1,clean_defect,32x32,27,172,0.020398252058860866,0.005932076275348664,0.013534318655729294,0.01932588219642639,0.02560059353709221,0.03709210976958275,0.0010887980461120605,0.07608737051486969
TRI_G,27,tile/test/glue_strip/010.png,1,boundary,32x32,27,27,0.01990335903785847,0.008856457471847535,0.013554073870182037,0.01909884810447693,0.02535887062549591,0.030829590559005738,0.00723642110824585,0.03333750367164612
TRI_G,28,tile/test/glue_strip/011.png,1,abnormal_normal,32x32,17,904,0.015272914331027232,0.002629644796252251,0.007829522714018822,0.013171199709177017,0.020606424659490585,0.03451118245720861,0.0,0.0879673883318901
TRI_G,28,tile/test/glue_strip/011.png,1,defect,32x32,17,120,0.022116787421206634,0.009085983037948608,0.015910863876342773,0.019586026668548584,0.02792670577764511,0.040283945202827444,0.004831239581108093,0.05788251757621765
TRI_G,28,tile/test/glue_strip/011.png,1,clean_defect,32x32,17,103,0.021631725277136832,0.008776426315307617,0.015031017363071442,0.019364893436431885,0.02748875319957733,0.04282266497611997,0.004831239581108093,0.05788251757621765
TRI_G,28,tile/test/glue_strip/011.png,1,boundary,32x32,17,17,0.025055693352923673,0.01640236973762512,0.020496606826782227,0.025441408157348633,0.02948090434074402,0.033968436717987056,0.01458635926246643,0.03564876317977905
TRI_G,29,tile/test/glue_strip/012.png,1,abnormal_normal,32x32,28,886,0.016497272375811303,0.0025843679904937744,0.00916864164173603,0.014306727796792984,0.022107550874352455,0.03694126382470131,0.0,0.0734829306602478
TRI_G,29,tile/test/glue_strip/012.png,1,defect,32x32,28,138,0.021250636681266453,0.008101698756217957,0.014285929501056671,0.02158626914024353,0.026576083153486252,0.03610503226518631,0.0019148588180541992,0.04230037331581116
TRI_G,29,tile/test/glue_strip/012.png,1,clean_defect,32x32,28,110,0.02185041308403015,0.008081504702568054,0.014584310352802277,0.02236074209213257,0.028483785688877106,0.03673896342515945,0.002295374870300293,0.04230037331581116
TRI_G,29,tile/test/glue_strip/012.png,1,boundary,32x32,28,28,0.018894372241837636,0.010028326511383056,0.014160014688968658,0.018295004963874817,0.022338949143886566,0.030763341486454005,0.0019148588180541992,0.033828794956207275
TRI_G,30,tile/test/glue_strip/013.png,1,abnormal_normal,32x32,14,989,0.016284792430706404,0.0023989319801330567,0.008319217711687088,0.013888247311115265,0.0217033289372921,0.03736063241958612,0.0,0.08144359290599823
TRI_G,30,tile/test/glue_strip/013.png,1,defect,32x32,14,35,0.02277214867728097,0.00712382197380066,0.014815375208854675,0.021327853202819824,0.03337326645851135,0.039190891385078426,0.0018530189990997314,0.04465961456298828
TRI_G,30,tile/test/glue_strip/013.png,1,clean_defect,32x32,14,21,0.027831697747820898,0.014178484678268433,0.018824219703674316,0.03022715449333191,0.03497135639190674,0.040290653705596924,0.00811922550201416,0.04465961456298828
TRI_G,30,tile/test/glue_strip/013.png,1,boundary,32x32,14,14,0.015182825071471078,0.004187673330307007,0.008701547980308533,0.015327215194702148,0.020340800285339355,0.029123534262180326,0.0018530189990997314,0.03245425224304199
TRI_G,31,tile/test/glue_strip/014.png,1,abnormal_normal,32x32,23,953,0.017433665008728803,0.0032481692731380464,0.009149551391601562,0.014920316636562347,0.023246601223945618,0.039418050646781916,0.0,0.08634571731090546
TRI_G,31,tile/test/glue_strip/014.png,1,defect,32x32,23,71,0.023941971991263643,0.0095500648021698,0.01623818278312683,0.022822827100753784,0.028396114706993103,0.04598131775856018,0.004601001739501953,0.05704429745674133
TRI_G,31,tile/test/glue_strip/014.png,1,clean_defect,32x32,23,48,0.023687896163513262,0.00982511043548584,0.01725948229432106,0.0233343243598938,0.028308473527431488,0.043018770217895505,0.004601001739501953,0.05704429745674133
TRI_G,31,tile/test/glue_strip/014.png,1,boundary,32x32,23,23,0.02447221719700357,0.00991140604019165,0.01623818278312683,0.020865947008132935,0.029127970337867737,0.05093242526054381,0.009342789649963379,0.055580466985702515
TRI_G,32,tile/test/glue_strip/015.png,1,abnormal_normal,32x32,20,955,0.01677954776202821,0.0026186592876911163,0.00949031487107277,0.014835119247436523,0.02217748388648033,0.03712165355682372,0.0,0.07286229729652405
TRI_G,32,tile/test/glue_strip/015.png,1,defect,32x32,20,69,0.022064232847828796,0.005522668361663818,0.014767974615097046,0.022169649600982666,0.028860479593276978,0.03758953809738159,0.0021308064460754395,0.04349642992019653
TRI_G,32,tile/test/glue_strip/015.png,1,clean_defect,32x32,20,49,0.023077559714414636,0.007960695028305055,0.01615285873413086,0.02263176441192627,0.028860479593276978,0.038067972660064696,0.0035622119903564453,0.04349642992019653
TRI_G,32,tile/test/glue_strip/015.png,1,boundary,32x32,20,20,0.01958158202469349,0.0030647411942481997,0.011891178786754608,0.01794777810573578,0.028718098998069763,0.035534349083900456,0.0021308064460754395,0.03663620352745056
TRI_G,33,tile/test/glue_strip/016.png,1,abnormal_normal,32x32,20,970,0.016158170646690215,0.002335149608552456,0.008036689832806587,0.013683021068572998,0.021864846348762512,0.037042156234383554,0.0,0.07403607666492462
TRI_G,33,tile/test/glue_strip/016.png,1,defect,32x32,20,54,0.021029469867547352,0.007947144657373428,0.015067189931869507,0.020513758063316345,0.02565346658229828,0.03447142541408537,0.0009067654609680176,0.04962089657783508
TRI_G,33,tile/test/glue_strip/016.png,1,clean_defect,32x32,20,34,0.021292272297775045,0.007444765418767929,0.015395008027553558,0.020621448755264282,0.024814069271087646,0.03996090143918989,0.0009067654609680176,0.04962089657783508
TRI_G,33,tile/test/glue_strip/016.png,1,boundary,32x32,20,20,0.02058270573616028,0.008924056589603425,0.014475293457508087,0.020312100648880005,0.027490615844726562,0.03302528113126755,0.007116407155990601,0.033266812562942505
TRI_G,34,tile/test/glue_strip/017.png,1,abnormal_normal,32x32,29,833,0.01835691495066216,0.004585188627243042,0.010583482682704926,0.016148999333381653,0.02383340895175934,0.03978360593318939,0.0,0.07619180530309677
TRI_G,34,tile/test/glue_strip/017.png,1,defect,32x32,29,191,0.02178825812502057,0.006134219467639923,0.015022993087768555,0.021192342042922974,0.02703382819890976,0.04072028398513794,-2.9802322387695312e-08,0.04911834001541138
TRI_G,34,tile/test/glue_strip/017.png,1,clean_defect,32x32,29,162,0.021058233155880447,0.005261111259460449,0.014565855264663696,0.02067604660987854,0.02561183273792267,0.040487210452556606,-2.9802322387695312e-08,0.04911834001541138
TRI_G,34,tile/test/glue_strip/017.png,1,boundary,32x32,29,29,0.025866328642286104,0.012176191806793213,0.019843697547912598,0.024850815534591675,0.03128746151924133,0.03971874117851257,0.01072874665260315,0.04550802707672119
TRI_G,35,tile/test/good/000.png,0,normal_image,32x32,0,1024,0.016014735172575456,0.002949626836925745,0.008735296316444874,0.013988716527819633,0.02084570936858654,0.03705968856811522,0.0,0.07786683738231659
TRI_G,36,tile/test/good/001.png,0,normal_image,32x32,0,1024,0.015197616879959241,0.0022887427359819415,0.0076821064576506615,0.012772340327501297,0.020395608618855476,0.03526223637163639,0.0,0.07070965319871902
TRI_G,37,tile/test/good/002.png,0,normal_image,32x32,0,1024,0.016385049024393084,0.0030525680631399168,0.009127581492066383,0.014592690393328667,0.021061736159026623,0.03537336923182006,0.0,0.08314402401447296
TRI_G,38,tile/test/good/003.png,0,normal_image,32x32,0,1024,0.016509889937879052,0.002978041395545006,0.008669502101838589,0.013801008462905884,0.020729715935885906,0.03852483443915843,0.0,0.08680339902639389
TRI_G,39,tile/test/good/004.png,0,normal_image,32x32,0,1024,0.01528899231198011,0.0023745145648717894,0.00800341460853815,0.013331733644008636,0.020155206322669983,0.03403840232640504,0.0,0.07996433973312378
TRI_G,40,tile/test/good/005.png,0,normal_image,32x32,0,1024,0.01600295308526256,0.0023520424962043766,0.00858248770236969,0.014181135222315788,0.02110872231423855,0.03401774950325487,0.0,0.10739082098007202
TRI_G,41,tile/test/good/006.png,0,normal_image,32x32,0,1024,0.015965082729053393,0.002379713393747807,0.008066228590905666,0.013936303555965424,0.021261418238282204,0.03644003383815288,0.0,0.07142645865678787
TRI_G,42,tile/test/good/007.png,0,normal_image,32x32,0,1024,0.016977238652543747,0.0032939158380031587,0.008606421761214733,0.013981912285089493,0.022967122495174408,0.03904087767004965,0.0,0.10104460269212723
TRI_G,43,tile/test/good/008.png,0,normal_image,32x32,0,1024,0.015089854736288544,0.0022857123985886574,0.008098659105598927,0.01289956085383892,0.019805422984063625,0.0345997404307127,0.0,0.10959114879369736
TRI_G,44,tile/test/good/009.png,0,normal_image,32x32,0,1024,0.014888008543493925,0.002127940021455288,0.007273596711456776,0.012446824461221695,0.01995132304728031,0.0346632996574044,0.0,0.12461250275373459
TRI_G,45,tile/test/good/010.png,0,normal_image,32x32,0,1024,0.01608493363346497,0.0035134841687977313,0.008555104024708271,0.013872137293219566,0.020878251641988754,0.03451847154647112,0.0,0.09697511047124863
TRI_G,46,tile/test/good/011.png,0,normal_image,32x32,0,1024,0.015505609348110738,0.003118152543902397,0.00816207006573677,0.013679150491952896,0.02003669459372759,0.03516086544841527,0.0,0.06806102395057678
TRI_G,47,tile/test/good/012.png,0,normal_image,32x32,0,1024,0.01637752768692735,0.0025408172979950907,0.008553925901651382,0.014371708035469055,0.021911265328526497,0.03630947880446904,0.0,0.11328938603401184
TRI_G,48,tile/test/good/013.png,0,normal_image,32x32,0,1024,0.016495271778694587,0.0021243320778012277,0.008737871423363686,0.015199979767203331,0.022161131724715233,0.036555306799709794,0.0,0.10035359859466553
TRI_G,49,tile/test/good/014.png,0,normal_image,32x32,0,1024,0.015593310783515335,0.0030443986877799036,0.008194446563720703,0.013296755030751228,0.020086505450308323,0.034597054123878465,0.0,0.12076906859874725
TRI_G,50,tile/test/good/015.png,0,normal_image,32x32,0,1024,0.015484549108805368,0.002432692050933838,0.007677213288843632,0.013332640752196312,0.020566007122397423,0.0343031434342265,0.0,0.08597102761268616
TRI_G,51,tile/test/good/016.png,0,normal_image,32x32,0,1024,0.01493360578933789,0.002057200111448765,0.0075042033568024635,0.012812228873372078,0.019853811711072922,0.03538290876895187,0.0,0.08453840017318726
TRI_G,52,tile/test/good/017.png,0,normal_image,32x32,0,1024,0.016152635538674076,0.002976156398653984,0.008542872034013271,0.014280600473284721,0.02141344826668501,0.036320836097002,0.0,0.08818316459655762
TRI_G,53,tile/test/good/018.png,0,normal_image,32x32,0,1024,0.01572484787538997,0.0028981314972043037,0.00836764182895422,0.013598272576928139,0.020206551998853683,0.03552393037825822,0.0,0.08609712868928909
TRI_G,54,tile/test/good/019.png,0,normal_image,32x32,0,1024,0.015696175572884385,0.0023075602948665623,0.008140303194522858,0.01379505917429924,0.020820096135139465,0.03544999975711106,0.0,0.07434255629777908
TRI_G,55,tile/test/good/020.png,0,normal_image,32x32,0,1024,0.016897333041924867,0.0027307966724038125,0.008784051984548569,0.014817358925938606,0.02238437719643116,0.036806062981486296,0.0,0.10405747592449188
TRI_G,56,tile/test/good/021.png,0,normal_image,32x32,0,1024,0.016051964719736134,0.0034459501504898074,0.008902820758521557,0.01395435445010662,0.020769857801496983,0.03606197927147149,0.0,0.0953323021531105
TRI_G,57,tile/test/good/022.png,0,normal_image,32x32,0,1024,0.016616334632999497,0.0031733060255646705,0.008728807792067528,0.014404648914933205,0.0211454089730978,0.03845202066004275,0.0,0.10394132882356644
TRI_G,58,tile/test/good/023.png,0,normal_image,32x32,0,1024,0.016198513521885616,0.002477331273257733,0.008848292753100395,0.014637192711234093,0.021895536221563816,0.03432825431227684,0.0,0.10414436459541321
TRI_G,59,tile/test/good/024.png,0,normal_image,32x32,0,1024,0.01702229220609297,0.002938932739198208,0.008899282664060593,0.015127789229154587,0.021920833736658096,0.03858859501779077,0.0,0.08071154356002808
TRI_G,60,tile/test/good/025.png,0,normal_image,32x32,0,1024,0.01578891330063925,0.0023225000128149985,0.007930229417979717,0.013267811387777328,0.02162657491862774,0.03700406234711405,0.0,0.10791690647602081
TRI_G,61,tile/test/good/026.png,0,normal_image,32x32,0,1024,0.016352819689927856,0.0034138036891818054,0.009384452365338802,0.014765145257115364,0.021330829709768295,0.034297147765755646,0.0,0.11233136057853699
TRI_G,62,tile/test/good/027.png,0,normal_image,32x32,0,1024,0.015543920651907683,0.0025317667052149775,0.007621772587299347,0.01309652253985405,0.021188342943787575,0.037360547855496404,0.0,0.08988961577415466
TRI_G,63,tile/test/good/028.png,0,normal_image,32x32,0,1024,0.017274831279792124,0.0035030977800488473,0.008950885385274887,0.014656547456979752,0.02230689488351345,0.04069611914455888,0.0,0.10948868840932846
TRI_G,64,tile/test/good/029.png,0,normal_image,32x32,0,1024,0.01616836692483048,0.002945777028799057,0.00868447870016098,0.01408812589943409,0.021740170195698738,0.03419905453920364,3.725290298461914e-09,0.07981020957231522
TRI_G,65,tile/test/good/030.png,0,normal_image,32x32,0,1024,0.016399458749219775,0.0025543522089719775,0.008216978050768375,0.013465994969010353,0.02146274223923683,0.038170717284083354,0.0,0.11841900646686554
TRI_G,66,tile/test/good/031.png,0,normal_image,32x32,0,1024,0.0157361004876293,0.0023566855117678645,0.008191983215510845,0.013742674142122269,0.021330135874450207,0.03572875764220952,0.0,0.09824300557374954
TRI_G,67,tile/test/good/032.png,0,normal_image,32x32,0,1024,0.015623048593624844,0.00255378931760788,0.008151768706738949,0.013156695291399956,0.02053497452288866,0.036377277597784995,0.0,0.07103967666625977
TRI_G,68,tile/test/gray_stroke/000.png,1,abnormal_normal,32x32,13,994,0.017896022222246562,0.003909046202898026,0.010350523516535759,0.01579040288925171,0.022785376757383347,0.03979988768696784,0.0,0.07841681689023972
TRI_G,68,tile/test/gray_stroke/000.png,1,defect,32x32,13,30,0.019282114009062448,0.007350517809391022,0.01224682480096817,0.016999348998069763,0.026022840291261673,0.03712007626891135,0.006021261215209961,0.038767144083976746
TRI_G,68,tile/test/gray_stroke/000.png,1,clean_defect,32x32,13,17,0.0177481332245995,0.00793004035949707,0.012445688247680664,0.01699252426624298,0.021035820245742798,0.03408710956573486,0.006021261215209961,0.03608715534210205
TRI_G,68,tile/test/gray_stroke/000.png,1,boundary,32x32,13,13,0.021288088881052457,0.007532376050949097,0.012231379747390747,0.026001572608947754,0.02664971351623535,0.038285973668098446,0.006804943084716797,0.038767144083976746
TRI_G,69,tile/test/gray_stroke/001.png,1,abnormal_normal,32x32,28,959,0.0177407887986666,0.0034694150090217608,0.009865503758192062,0.015356384217739105,0.023377850651741028,0.03826577737927431,0.0,0.14238962531089783
TRI_G,69,tile/test/gray_stroke/001.png,1,defect,32x32,28,65,0.01896975481739411,0.0077196240425109865,0.01471942663192749,0.01804015040397644,0.023290693759918213,0.031059449911117552,1.4901161193847656e-08,0.0579749196767807
TRI_G,69,tile/test/gray_stroke/001.png,1,clean_defect,32x32,28,37,0.016607349386086333,0.008020126819610595,0.013719499111175537,0.017186254262924194,0.01929149031639099,0.027142488956451404,1.4901161193847656e-08,0.03288769721984863
TRI_G,69,tile/test/gray_stroke/001.png,1,boundary,32x32,28,28,0.02209150485162224,0.00790245234966278,0.016179755330085754,0.022321537137031555,0.02607281506061554,0.03147592470049858,0.004023522138595581,0.0579749196767807
TRI_G,70,tile/test/gray_stroke/002.png,1,abnormal_normal,32x32,4,993,0.017823986846049508,0.003944015502929688,0.009618524461984634,0.015237711369991302,0.02342524379491806,0.03996820002794265,7.450580596923828e-09,0.08919279277324677
TRI_G,70,tile/test/gray_stroke/002.png,1,defect,32x32,4,31,0.024503850167797457,0.007193475961685181,0.013649828732013702,0.02465793490409851,0.0364874005317688,0.044124141335487366,0.0018402040004730225,0.0451379120349884
TRI_G,70,tile/test/gray_stroke/002.png,1,clean_defect,32x32,4,27,0.02637604872385661,0.008212003111839294,0.016384068876504898,0.02517281472682953,0.0372178852558136,0.04437089860439301,0.007686153054237366,0.0451379120349884
TRI_G,70,tile/test/gray_stroke/002.png,1,boundary,32x32,4,4,0.011866509914398193,0.0025692932307720185,0.005485650151968002,0.010860830545425415,0.017241690307855606,0.022571677714586257,0.0018402040004730225,0.02390417456626892
TRI_G,71,tile/test/gray_stroke/003.png,1,abnormal_normal,32x32,31,942,0.016163239979250416,0.002922370657324791,0.008560584858059883,0.013855122029781342,0.02175797801464796,0.03632055930793283,0.0,0.09470636397600174
TRI_G,71,tile/test/gray_stroke/003.png,1,defect,32x32,31,82,0.01806611313325603,0.005320048332214355,0.0116766057908535,0.01647169142961502,0.023368284106254578,0.03584660887718201,0.0023487508296966553,0.048167452216148376
TRI_G,71,tile/test/gray_stroke/003.png,1,clean_defect,32x32,31,51,0.016507458160905278,0.005221471190452576,0.01022009551525116,0.015260905027389526,0.022453606128692627,0.029359176754951477,0.0023487508296966553,0.03591242432594299
TRI_G,71,tile/test/gray_stroke/003.png,1,boundary,32x32,31,31,0.020630351958736297,0.008136048913002014,0.012700334191322327,0.017701715230941772,0.024115435779094696,0.04439624398946762,0.0050382912158966064,0.048167452216148376
TRI_G,72,tile/test/gray_stroke/004.png,1,abnormal_normal,32x32,16,958,0.01620701031802156,0.0027289547026157377,0.008476492017507553,0.013408850878477097,0.021001117303967476,0.03838477730751037,0.0,0.1447916328907013
TRI_G,72,tile/test/gray_stroke/004.png,1,defect,32x32,16,66,0.01356692679903724,0.0015071481466293335,0.006111547350883484,0.014007017016410828,0.019192516803741455,0.027600586414337158,0.0003383904695510864,0.0429866760969162
TRI_G,72,tile/test/gray_stroke/004.png,1,clean_defect,32x32,16,50,0.012459805011749267,0.0011443421244621277,0.005280483514070511,0.012067854404449463,0.018596481531858444,0.024932074546813957,0.0003383904695510864,0.030829638242721558
TRI_G,72,tile/test/gray_stroke/004.png,1,boundary,32x32,16,16,0.017026682384312153,0.0028931573033332825,0.011817768216133118,0.016659781336784363,0.020335618406534195,0.03187661990523338,0.0016103684902191162,0.0429866760969162
TRI_G,73,tile/test/gray_stroke/005.png,1,abnormal_normal,32x32,30,952,0.016780758845940734,0.002889607846736908,0.008518542163074017,0.01384875550866127,0.022431322373449802,0.03856051638722419,0.0,0.14466172456741333
TRI_G,73,tile/test/gray_stroke/005.png,1,defect,32x32,30,72,0.0209249895479944,0.007288072258234024,0.016345717012882233,0.020070776343345642,0.025747552514076233,0.036574686318635946,0.004358053207397461,0.04586450755596161
TRI_G,73,tile/test/gray_stroke/005.png,1,clean_defect,32x32,30,42,0.020766094681762513,0.009787832945585252,0.01767725870013237,0.021052755415439606,0.025049865245819092,0.02960776761174201,0.004782587289810181,0.037862688302993774
TRI_G,73,tile/test/gray_stroke/005.png,1,boundary,32x32,30,30,0.021147442360719044,0.006728481501340866,0.015574168413877487,0.017766669392585754,0.027263451367616653,0.039833609759807584,0.004358053207397461,0.04586450755596161
TRI_G,74,tile/test/gray_stroke/006.png,1,abnormal_normal,32x32,18,957,0.01614665949100175,0.002717895805835724,0.00876849889755249,0.014135599136352539,0.020938929170370102,0.03669968098402018,0.0,0.07617621123790741
TRI_G,74,tile/test/gray_stroke/006.png,1,defect,32x32,18,67,0.02095664403776624,0.007601897418498993,0.015695415437221527,0.021093249320983887,0.024687811732292175,0.036616814136505124,0.006377190351486206,0.04469574987888336
TRI_G,74,tile/test/gray_stroke/006.png,1,clean_defect,32x32,18,49,0.02007553072608247,0.008018428087234497,0.016126617789268494,0.02022869884967804,0.023849129676818848,0.0296907901763916,0.006377190351486206,0.037047505378723145
TRI_G,74,tile/test/gray_stroke/006.png,1,boundary,32x32,18,18,0.023355230275127623,0.007541556656360626,0.015695255249738693,0.021624136716127396,0.0296933613717556,0.04060325548052787,0.007342979311943054,0.04469574987888336
TRI_G,75,tile/test/gray_stroke/007.png,1,abnormal_normal,32x32,25,940,0.017219110245400286,0.003758533298969269,0.009548220783472061,0.015416039153933525,0.022359387949109077,0.03803564719855785,0.0,0.07650642096996307
TRI_G,75,tile/test/gray_stroke/007.png,1,defect,32x32,25,84,0.01898287112514178,0.009572383761405946,0.015353627502918243,0.018561065196990967,0.021989643573760986,0.0289206326007843,0.006763815879821777,0.03933599591255188
TRI_G,75,tile/test/gray_stroke/007.png,1,clean_defect,32x32,25,59,0.017670754658973824,0.008662119507789612,0.01465006172657013,0.017485827207565308,0.020626798272132874,0.028477007150650026,0.006763815879821777,0.0290965735912323
TRI_G,75,tile/test/gray_stroke/007.png,1,boundary,32x32,25,25,0.022079465985298155,0.014002221822738647,0.017242223024368286,0.021828114986419678,0.025476932525634766,0.03458278775215148,0.00998494029045105,0.03933599591255188
TRI_G,76,tile/test/gray_stroke/008.png,1,abnormal_normal,32x32,9,988,0.01666481429069993,0.003030169755220413,0.00934081431478262,0.014709297567605972,0.021401409059762955,0.03706251718103885,0.0,0.07463613897562027
TRI_G,76,tile/test/gray_stroke/008.png,1,defect,32x32,9,36,0.022597372117969725,0.01325102150440216,0.017480239272117615,0.020993679761886597,0.02990592271089554,0.03461895138025284,0.008671849966049194,0.039536356925964355
TRI_G,76,tile/test/gray_stroke/008.png,1,clean_defect,32x32,9,27,0.021992481417126127,0.013699913024902343,0.017879508435726166,0.020631790161132812,0.02766554057598114,0.031470224261283875,0.008671849966049194,0.039536356925964355
TRI_G,76,tile/test/gray_stroke/008.png,1,boundary,32x32,9,9,0.02441204422050052,0.012662142515182495,0.015784606337547302,0.029845476150512695,0.031667560338974,0.03517642617225647,0.011958152055740356,0.03581354022026062
TRI_G,77,tile/test/gray_stroke/009.png,1,abnormal_normal,32x32,23,958,0.016914259341967317,0.0030227163806557655,0.009266318753361702,0.014846870675683022,0.021822283044457436,0.03733976669609546,0.0,0.0719497948884964
TRI_G,77,tile/test/gray_stroke/009.png,1,defect,32x32,23,66,0.019583744646021813,0.007495485246181488,0.013545319437980652,0.01970730721950531,0.025007164105772972,0.03087882325053215,0.0037437379360198975,0.03485259413719177
TRI_G,77,tile/test/gray_stroke/009.png,1,clean_defect,32x32,23,43,0.018452231967171957,0.004854999482631683,0.012944292277097702,0.01748858392238617,0.02456773817539215,0.028283703327178954,0.0037437379360198975,0.03257632255554199
TRI_G,77,tile/test/gray_stroke/009.png,1,boundary,32x32,23,23,0.021699181393436764,0.013080605864524841,0.016021013259887695,0.020878136157989502,0.02612992376089096,0.033477246761322015,0.00965455174446106,0.03485259413719177
TRI_G,78,tile/test/gray_stroke/010.png,1,abnormal_normal,32x32,27,934,0.016993276475743255,0.003258887119591237,0.008830579929053783,0.014370651915669441,0.02243865095078945,0.03873040415346621,0.0,0.07730165868997574
TRI_G,78,tile/test/gray_stroke/010.png,1,defect,32x32,27,90,0.01718530414832963,0.008549396693706513,0.013459645211696625,0.0174705907702446,0.020000796765089035,0.02800912410020828,0.0013708174228668213,0.03750811517238617
TRI_G,78,tile/test/gray_stroke/010.png,1,clean_defect,32x32,27,63,0.016472285110799092,0.006870722770690918,0.013116449117660522,0.016843348741531372,0.019319787621498108,0.026040002703666684,0.0013708174228668213,0.03750811517238617
TRI_G,78,tile/test/gray_stroke/010.png,1,boundary,32x32,27,27,0.01884901523590088,0.010619257390499116,0.013945385813713074,0.018635213375091553,0.021931201219558716,0.028202712535858154,0.008773088455200195,0.033969342708587646
TRI_G,79,tile/test/gray_stroke/011.png,1,abnormal_normal,32x32,26,926,0.017343271523714066,0.003345215693116188,0.009126848541200161,0.014732051640748978,0.02228454500436783,0.03962632827460766,3.54275107383728e-05,0.08125682175159454
TRI_G,79,tile/test/gray_stroke/011.png,1,defect,32x32,26,98,0.019561879945044616,0.007314588874578476,0.013239122927188873,0.018302984535694122,0.02488401159644127,0.03461017161607742,0.002909049391746521,0.045535460114479065
TRI_G,79,tile/test/gray_stroke/011.png,1,clean_defect,32x32,26,72,0.01958455052226782,0.007555504888296127,0.013287834823131561,0.018302984535694122,0.024852532893419266,0.03461089581251144,0.002909049391746521,0.045535460114479065
TRI_G,79,tile/test/gray_stroke/011.png,1,boundary,32x32,26,26,0.019499099885041896,0.007391389459371567,0.013435723260045052,0.018767595291137695,0.024575557559728622,0.03364178538322449,0.006511181592941284,0.03567713499069214
TRI_G,80,tile/test/gray_stroke/012.png,1,abnormal_normal,32x32,9,989,0.016805140237550885,0.003011458367109299,0.008979003876447678,0.014255788177251816,0.022200725972652435,0.03904752880334845,0.0,0.07212144136428833
TRI_G,80,tile/test/gray_stroke/012.png,1,defect,32x32,9,35,0.02415070299591337,0.011926802992820739,0.015652339905500412,0.024804770946502686,0.029947377741336823,0.0379736229777336,0.006561592221260071,0.041500866413116455
TRI_G,80,tile/test/gray_stroke/012.png,1,clean_defect,32x32,9,26,0.025401269014065083,0.013152286410331726,0.017767056822776794,0.025571532547473907,0.0304395891726017,0.039853643625974655,0.012040197849273682,0.041500866413116455
TRI_G,80,tile/test/gray_stroke/012.png,1,boundary,32x32,9,9,0.020537956721252866,0.00860184133052826,0.012569278478622437,0.02127501368522644,0.02504250407218933,0.03530796766281128,0.006561592221260071,0.03656411170959473
TRI_G,81,tile/test/gray_stroke/013.png,1,abnormal_normal,32x32,11,981,0.016451469819070003,0.003279291093349457,0.008786723017692566,0.013943523168563843,0.02165045589208603,0.036066196858882904,0.0,0.07858606427907944
TRI_G,81,tile/test/gray_stroke/013.png,1,defect,32x32,11,43,0.023619014856427215,0.01030852198600769,0.01510242372751236,0.023190662264823914,0.03254582732915878,0.04141339808702469,0.0003787130117416382,0.05159898102283478
TRI_G,81,tile/test/gray_stroke/013.png,1,clean_defect,32x32,11,32,0.022902740631252527,0.010598348081111908,0.014105167239904404,0.022673271596431732,0.02870086207985878,0.03953523263335228,0.0003787130117416382,0.05159898102283478
TRI_G,81,tile/test/gray_stroke/013.png,1,boundary,32x32,11,11,0.025702721693299034,0.008626610040664673,0.018054962158203125,0.02705007791519165,0.03462623059749603,0.041493743658065796,0.0037668943405151367,0.04211641848087311
TRI_G,82,tile/test/gray_stroke/014.png,1,abnormal_normal,32x32,16,933,0.016722649613361396,0.003093355894088745,0.008896656334400177,0.015012189745903015,0.0223207026720047,0.03611452728509903,0.0,0.0943288654088974
TRI_G,82,tile/test/gray_stroke/014.png,1,defect,32x32,16,91,0.015540456378852928,0.0037309303879737854,0.009088367223739624,0.01368856430053711,0.019004523754119873,0.035129621624946594,0.0002059638500213623,0.050778210163116455
TRI_G,82,tile/test/gray_stroke/014.png,1,clean_defect,32x32,16,75,0.01447442630926768,0.003344695270061493,0.008844688534736633,0.012956663966178894,0.01824755221605301,0.028863087296485894,0.0002059638500213623,0.050778210163116455
TRI_G,82,tile/test/gray_stroke/014.png,1,boundary,32x32,16,16,0.02053747233003378,0.006152380257844925,0.014933612197637558,0.017934001982212067,0.023896094411611557,0.03975968062877655,0.004421025514602661,0.0409698486328125
TRI_G,83,tile/test/gray_stroke/015.png,1,abnormal_normal,32x32,11,993,0.01604857113988918,0.0031542427837848662,0.008713841438293457,0.013675816357135773,0.020629528909921646,0.03631880134344101,0.0,0.11748792231082916
TRI_G,83,tile/test/gray_stroke/015.png,1,defect,32x32,11,31,0.019955733130055088,0.01035308837890625,0.015332244336605072,0.017446905374526978,0.023922786116600037,0.03429098427295685,0.008595287799835205,0.050499916076660156
TRI_G,83,tile/test/gray_stroke/015.png,1,clean_defect,32x32,11,20,0.01813869848847389,0.01191888153553009,0.014757119119167328,0.016396790742874146,0.020278431475162506,0.02972214072942734,0.00861331820487976,0.03310689330101013
TRI_G,83,tile/test/gray_stroke/015.png,1,boundary,32x32,11,11,0.023259432478384537,0.012182869017124176,0.016193382441997528,0.020176440477371216,0.025242522358894348,0.04298749566078186,0.008595287799835205,0.050499916076660156
TRI_G,84,tile/test/oil/000.png,1,abnormal_normal,32x32,35,759,0.01744670096946799,0.003830040246248245,0.009640008211135864,0.015297487378120422,0.022882722318172455,0.03970477357506752,0.0,0.11531444638967514
TRI_G,84,tile/test/oil/000.png,1,defect,32x32,35,265,0.021529909518529785,0.007808879017829896,0.014944881200790405,0.020543664693832397,0.026708632707595825,0.0382385790348053,0.0013218820095062256,0.05893656611442566
TRI_G,84,tile/test/oil/000.png,1,clean_defect,32x32,35,230,0.02127206882704859,0.007925014942884445,0.014947541058063507,0.020449966192245483,0.026641465723514557,0.03813232332468033,0.0013218820095062256,0.05893656611442566
TRI_G,84,tile/test/oil/000.png,1,boundary,32x32,35,35,0.02322429120540619,0.007550476491451264,0.015551850199699402,0.022401928901672363,0.02951902151107788,0.0402165800333023,0.004750877618789673,0.05521753430366516
TRI_G,85,tile/test/oil/001.png,1,abnormal_normal,32x32,27,864,0.016651934495678655,0.0034737929701805117,0.009018458425998688,0.014599200338125229,0.02174213156104088,0.03704877421259878,0.0,0.14377689361572266
TRI_G,85,tile/test/oil/001.png,1,defect,32x32,27,160,0.02239359705708921,0.00885474979877472,0.016825459897518158,0.022024691104888916,0.0282941535115242,0.036334899067878686,0.0019178390502929688,0.04514762759208679
TRI_G,85,tile/test/oil/001.png,1,clean_defect,32x32,27,133,0.022121517393822062,0.007191205024719238,0.01642550528049469,0.021334856748580933,0.028423994779586792,0.03709132075309752,0.0019178390502929688,0.04514762759208679
TRI_G,85,tile/test/oil/001.png,1,boundary,32x32,27,27,0.023733841324294055,0.012400463223457336,0.019681990146636963,0.0230044424533844,0.0274551659822464,0.0353467583656311,0.01030983030796051,0.03902366757392883
TRI_G,86,tile/test/oil/002.png,1,abnormal_normal,32x32,28,809,0.016452519883884045,0.0028617210686206823,0.00884757936000824,0.014343157410621643,0.021620571613311768,0.035795170068740834,0.0,0.1438053846359253
TRI_G,86,tile/test/oil/002.png,1,defect,32x32,28,215,0.019473901806875717,0.005835670232772827,0.013398706912994385,0.01870250701904297,0.025076791644096375,0.034433579444885246,0.001191854476928711,0.048112303018569946
TRI_G,86,tile/test/oil/002.png,1,clean_defect,32x32,28,187,0.018721361769074425,0.005678686499595642,0.012310609221458435,0.01792699098587036,0.024136900901794434,0.03284499496221542,0.001191854476928711,0.048112303018569946
TRI_G,86,tile/test/oil/002.png,1,boundary,32x32,28,28,0.024499794202191488,0.011500023305416107,0.015880659222602844,0.024485021829605103,0.03306266665458679,0.03710330873727798,0.009019970893859863,0.04158425331115723
TRI_G,87,tile/test/oil/003.png,1,abnormal_normal,32x32,25,854,0.01977483107243824,0.003398552723228932,0.009882930666208267,0.016569271683692932,0.025189807638525963,0.04881483167409893,0.0,0.11309666931629181
TRI_G,87,tile/test/oil/003.png,1,defect,32x32,25,170,0.02405845549176721,0.009061373770236969,0.016194313764572144,0.022605404257774353,0.03060322254896164,0.04549057781696319,0.002627730369567871,0.051911503076553345
TRI_G,87,tile/test/oil/003.png,1,clean_defect,32x32,25,145,0.023422985138564275,0.008893841505050659,0.01619085669517517,0.022094249725341797,0.02900448441505432,0.04484286308288571,0.002627730369567871,0.051911503076553345
TRI_G,87,tile/test/oil/003.png,1,boundary,32x32,25,25,0.027744183540344237,0.011682122945785522,0.01813502609729767,0.02659192681312561,0.03259347379207611,0.045553427934646604,0.011168092489242554,0.04973432421684265
TRI_G,88,tile/test/oil/004.png,1,abnormal_normal,32x32,23,866,0.017829171771196514,0.003200521692633629,0.009361959993839264,0.01514524593949318,0.022538235411047935,0.04373376443982124,0.0,0.0938827246427536
TRI_G,88,tile/test/oil/004.png,1,defect,32x32,23,158,0.01985122470916072,0.0038066573441028597,0.01374809816479683,0.01900525391101837,0.026135094463825226,0.03632892966270447,0.00151902437210083,0.057635098695755005
TRI_G,88,tile/test/oil/004.png,1,clean_defect,32x32,23,135,0.018464238555343064,0.0036492273211479187,0.01241353154182434,0.017407238483428955,0.023477062582969666,0.03482593297958374,0.00151902437210083,0.04293438792228699
TRI_G,88,tile/test/oil/004.png,1,boundary,32x32,23,23,0.027992230394612187,0.012254041433334351,0.021522879600524902,0.02572411298751831,0.03433534502983093,0.04699846208095549,0.01122826337814331,0.057635098695755005
TRI_G,89,tile/test/oil/005.png,1,abnormal_normal,32x32,23,874,0.015755343559950386,0.003085850551724434,0.008988577872514725,0.014320150017738342,0.020267736166715622,0.034506166726350776,0.0,0.06454974412918091
TRI_G,89,tile/test/oil/005.png,1,defect,32x32,23,150,0.02249423195918401,0.010035614669322967,0.016314439475536346,0.021397240459918976,0.02734663337469101,0.03911084383726118,0.004232555627822876,0.05620190501213074
TRI_G,89,tile/test/oil/005.png,1,clean_defect,32x32,23,127,0.02101878880515812,0.009896433353424073,0.01538395881652832,0.020611658692359924,0.02543388307094574,0.034751561284065244,0.004232555627822876,0.04648321866989136
TRI_G,89,tile/test/oil/005.png,1,boundary,32x32,23,23,0.03064124415750089,0.014496472477912904,0.02232348918914795,0.029351800680160522,0.0361725389957428,0.04770649671554565,0.012745380401611328,0.05620190501213074
TRI_G,90,tile/test/oil/006.png,1,abnormal_normal,32x32,17,861,0.016271617817373366,0.002886258065700531,0.008148334920406342,0.013902224600315094,0.02177715301513672,0.03857659548521042,0.0,0.07961507141590118
TRI_G,90,tile/test/oil/006.png,1,defect,32x32,17,163,0.025189955084601794,0.009140411019325256,0.014419488608837128,0.02527347207069397,0.03252377361059189,0.04592706859111786,0.0040975213050842285,0.05571025609970093
TRI_G,90,tile/test/oil/006.png,1,clean_defect,32x32,17,146,0.024322189849941698,0.008399821817874908,0.014048010110855103,0.024563685059547424,0.03123563528060913,0.04553043097257614,0.0040975213050842285,0.05571025609970093
TRI_G,90,tile/test/oil/006.png,1,boundary,32x32,17,17,0.03264252709991792,0.013506671786308289,0.0316120982170105,0.03552696108818054,0.03788924217224121,0.04620753824710846,0.009122118353843689,0.047215536236763
TRI_G,91,tile/test/oil/007.png,1,abnormal_normal,32x32,33,826,0.017188680337935903,0.002883533015847206,0.008956102654337883,0.014344841241836548,0.02179726678878069,0.04042686242610216,0.0,0.13912111520767212
TRI_G,91,tile/test/oil/007.png,1,defect,32x32,33,198,0.02041800150817091,0.007424256205558777,0.014621801674365997,0.02040742337703705,0.02550588548183441,0.03352621346712111,2.8192996978759766e-05,0.05008694529533386
TRI_G,91,tile/test/oil/007.png,1,clean_defect,32x32,33,165,0.019857766366366183,0.007381793856620788,0.014279276132583618,0.019235044717788696,0.024899065494537354,0.03198382854461669,2.8192996978759766e-05,0.05008694529533386
TRI_G,91,tile/test/oil/007.png,1,boundary,32x32,33,33,0.023219177217194527,0.011333507299423218,0.01640796661376953,0.023034632205963135,0.02841845154762268,0.037527370452880855,0.003478899598121643,0.03901863098144531
TRI_G,92,tile/test/oil/008.png,1,abnormal_normal,32x32,28,857,0.018086295592291073,0.0034014403820037844,0.010328926146030426,0.016056284308433533,0.023270875215530396,0.03900296986103057,0.0,0.08022135496139526
TRI_G,92,tile/test/oil/008.png,1,defect,32x32,28,167,0.02024750563198935,0.009845009446144104,0.014825135469436646,0.018975436687469482,0.025124691426753998,0.03396880924701691,0.0029366016387939453,0.045375972986221313
TRI_G,92,tile/test/oil/008.png,1,clean_defect,32x32,28,139,0.019850078782589316,0.010363015532493592,0.015077196061611176,0.018788397312164307,0.024850323796272278,0.03303242623806,0.0029366016387939453,0.04052087664604187
TRI_G,92,tile/test/oil/008.png,1,boundary,32x32,28,28,0.02222044606293951,0.01000555008649826,0.013874281197786331,0.021636828780174255,0.02902039885520935,0.036350862681865694,0.007623523473739624,0.045375972986221313
TRI_G,93,tile/test/oil/009.png,1,abnormal_normal,32x32,30,847,0.017251476737832235,0.004330789297819138,0.01023426279425621,0.01532028615474701,0.022738095372915268,0.03668993413448333,7.450580596923828e-09,0.07503148913383484
TRI_G,93,tile/test/oil/009.png,1,defect,32x32,30,177,0.022010671553638696,0.008488768339157104,0.015164881944656372,0.021340519189834595,0.02711355686187744,0.03894037008285522,0.0030108094215393066,0.04820364713668823
TRI_G,93,tile/test/oil/009.png,1,clean_defect,32x32,30,147,0.020849153500835913,0.008170886337757111,0.014926165342330933,0.020662158727645874,0.02554267644882202,0.036175838112831114,0.0030108094215393066,0.04820364713668823
TRI_G,93,tile/test/oil/009.png,1,boundary,32x32,30,30,0.027702110012372334,0.01078518182039261,0.01750032603740692,0.030334964394569397,0.03773818165063858,0.041910439729690545,0.00929763913154602,0.04695233702659607
TRI_G,94,tile/test/oil/010.png,1,abnormal_normal,32x32,27,864,0.015827884130110895,0.0025151804089546203,0.0086880624294281,0.013785727322101593,0.02090148627758026,0.035679977759718894,0.0,0.0850127562880516
TRI_G,94,tile/test/oil/010.png,1,defect,32x32,27,160,0.023089376091957093,0.009675773978233337,0.016836807131767273,0.022293895483016968,0.028154239058494568,0.03888890147209166,0.005868405103683472,0.046329379081726074
TRI_G,94,tile/test/oil/010.png,1,clean_defect,32x32,27,133,0.022354151857526677,0.00992061495780945,0.016744226217269897,0.021822452545166016,0.027170240879058838,0.03685131669044494,0.005868405103683472,0.046329379081726074
TRI_G,94,tile/test/oil/010.png,1,boundary,32x32,27,27,0.02671103620970691,0.010070762038230896,0.02079218626022339,0.027869999408721924,0.034369274973869324,0.040003490447998044,0.008988261222839355,0.041004300117492676
TRI_G,95,tile/test/oil/011.png,1,abnormal_normal,32x32,20,880,0.016851172024722805,0.00352681428194046,0.009114939719438553,0.014509707689285278,0.02171384170651436,0.03648878410458563,0.0,0.09813643991947174
TRI_G,95,tile/test/oil/011.png,1,defect,32x32,20,144,0.020673290102018252,0.006159118562936783,0.013899248093366623,0.019434824585914612,0.026510685682296753,0.03677437901496887,0.001824110746383667,0.047455936670303345
TRI_G,95,tile/test/oil/011.png,1,clean_defect,32x32,20,124,0.01980272187821327,0.005632921308279038,0.013686969876289368,0.01843494176864624,0.02417141944169998,0.03648315221071243,0.001824110746383667,0.04480817914009094
TRI_G,95,tile/test/oil/011.png,1,boundary,32x32,20,20,0.026070813089609145,0.011440218985080719,0.021482817828655243,0.027713492512702942,0.030701786279678345,0.04155585691332817,0.008051842451095581,0.047455936670303345
TRI_G,96,tile/test/oil/012.png,1,abnormal_normal,32x32,21,872,0.016990371646547535,0.002520315349102021,0.008658355101943016,0.015289414674043655,0.022598976269364357,0.037673595175147054,0.0,0.08541075140237808
TRI_G,96,tile/test/oil/012.png,1,defect,32x32,21,152,0.023656102093426806,0.008458339422941209,0.015074007213115692,0.02256070077419281,0.0319342315196991,0.039580731093883506,0.0012987107038497925,0.05399209260940552
TRI_G,96,tile/test/oil/012.png,1,clean_defect,32x32,21,131,0.023247339002048697,0.008440099656581879,0.015551865100860596,0.021509021520614624,0.030523762106895447,0.03919941186904907,0.0012987107038497925,0.05399209260940552
TRI_G,96,tile/test/oil/012.png,1,boundary,32x32,21,21,0.026206005187261672,0.011324375867843628,0.015092551708221436,0.02688276767730713,0.03438517451286316,0.03935420513153076,0.008043438196182251,0.05052971839904785
TRI_G,97,tile/test/oil/013.png,1,abnormal_normal,32x32,17,872,0.015721613400265438,0.0030611988157033926,0.008608339354395866,0.013610564172267914,0.021220115944743156,0.034105484932661044,0.0,0.14621314406394958
TRI_G,97,tile/test/oil/013.png,1,defect,32x32,17,152,0.021853372748745114,0.007251545786857605,0.01583179086446762,0.021856993436813354,0.027001649141311646,0.03758971989154815,0.002978503704071045,0.0446467399597168
TRI_G,97,tile/test/oil/013.png,1,clean_defect,32x32,17,135,0.021843355673330803,0.007252037525177002,0.015889018774032593,0.021577775478363037,0.027062147855758667,0.03751155138015747,0.003965035080909729,0.0446467399597168
TRI_G,97,tile/test/oil/013.png,1,boundary,32x32,17,17,0.02193292011232937,0.010406410694122315,0.015219658613204956,0.023294001817703247,0.02662411332130432,0.035325163602828974,0.002978503704071045,0.03905627131462097
TRI_G,98,tile/test/oil/014.png,1,abnormal_normal,32x32,33,820,0.016520007249967356,0.003217245638370514,0.009551601484417915,0.015022452920675278,0.021396826952695847,0.034558831900358196,0.0,0.09685325622558594
TRI_G,98,tile/test/oil/014.png,1,defect,32x32,33,204,0.02093876956724653,0.010443174839019775,0.015241086483001709,0.020202726125717163,0.02560274302959442,0.036051021516323084,0.004155993461608887,0.04407203197479248
TRI_G,98,tile/test/oil/014.png,1,clean_defect,32x32,33,171,0.02041954307528267,0.010180428624153137,0.015123188495635986,0.019412636756896973,0.024817660450935364,0.03447766602039337,0.004155993461608887,0.04033920168876648
TRI_G,98,tile/test/oil/014.png,1,boundary,32x32,33,33,0.02362930684378653,0.011471968889236451,0.0184018611907959,0.021902918815612793,0.02968662977218628,0.038219356536865236,0.008258730173110962,0.04407203197479248
TRI_G,99,tile/test/oil/015.png,1,abnormal_normal,32x32,44,737,0.017619343704494726,0.0036941930651664735,0.009879052639007568,0.016053691506385803,0.022388994693756104,0.03940520286560051,0.0,0.08461713790893555
TRI_G,99,tile/test/oil/015.png,1,defect,32x32,44,287,0.021198653775017437,0.006037870049476624,0.013393320143222809,0.02090182900428772,0.027499765157699585,0.03882120549678801,0.000622481107711792,0.048178017139434814
TRI_G,99,tile/test/oil/015.png,1,clean_defect,32x32,44,243,0.021277405352258878,0.006585791707038879,0.013664953410625458,0.020907342433929443,0.027499765157699585,0.03789303004741668,0.0032780617475509644,0.048178017139434814
TRI_G,99,tile/test/oil/015.png,1,boundary,32x32,44,44,0.020763730291615833,0.0043281704187393185,0.013129889965057373,0.01951579377055168,0.02745089679956436,0.04314824640750887,0.000622481107711792,0.0474056750535965
TRI_G,100,tile/test/oil/016.png,1,abnormal_normal,32x32,46,751,0.01808884277066759,0.003986094146966934,0.010836467146873474,0.015939757227897644,0.023775998502969742,0.03753717988729477,0.0,0.0655837208032608
TRI_G,100,tile/test/oil/016.png,1,defect,32x32,46,273,0.02210482425523765,0.008096450567245483,0.015948861837387085,0.021118611097335815,0.027664750814437866,0.03728262186050414,0.004090920090675354,0.05161258578300476
TRI_G,100,tile/test/oil/016.png,1,clean_defect,32x32,46,227,0.021913774016145044,0.00829845666885376,0.015929371118545532,0.021118611097335815,0.02716967463493347,0.03741944134235382,0.004090920090675354,0.05141034722328186
TRI_G,100,tile/test/oil/016.png,1,boundary,32x32,46,46,0.023047615652498993,0.008268333971500397,0.017886362969875336,0.021434292197227478,0.029598865658044815,0.03603005409240723,0.004845187067985535,0.05161258578300476
TRI_G,101,tile/test/oil/017.png,1,abnormal_normal,32x32,52,770,0.01834693436885809,0.004656877368688583,0.011165868490934372,0.01686454564332962,0.023841042071580887,0.03793024197220801,0.00043158233165740967,0.07575011253356934
TRI_G,101,tile/test/oil/017.png,1,defect,32x32,52,254,0.01999444464646925,0.007427410781383514,0.013643383979797363,0.019345521926879883,0.02509331703186035,0.03616784811019897,0.0024036765098571777,0.047539666295051575
TRI_G,101,tile/test/oil/017.png,1,clean_defect,32x32,52,202,0.019577510728694424,0.007311771810054779,0.013562873005867004,0.019069060683250427,0.02462272346019745,0.034735228121280666,0.0024036765098571777,0.045614272356033325
TRI_G,101,tile/test/oil/017.png,1,boundary,32x32,52,52,0.02161407255782531,0.009322343766689301,0.014118606224656105,0.02204565703868866,0.026508517563343048,0.03852948695421218,0.005749881267547607,0.047539666295051575
TRI_G,102,tile/test/rough/000.png,1,abnormal_normal,32x32,15,964,0.015055795084236816,0.002451767586171627,0.007383921183645725,0.012659749016165733,0.01997486688196659,0.03431532979011535,0.0,0.10044519603252411
TRI_G,102,tile/test/rough/000.png,1,defect,32x32,15,60,0.024836318194866182,0.009889177232980727,0.018082190304994583,0.022470347583293915,0.03055884689092636,0.04355950504541397,0.0028129369020462036,0.055303215980529785
TRI_G,102,tile/test/rough/000.png,1,clean_defect,32x32,15,45,0.02481065524948968,0.009290474653244018,0.016755729913711548,0.022380292415618896,0.03101971745491028,0.04411805272102356,0.0028129369020462036,0.055303215980529785
TRI_G,102,tile/test/rough/000.png,1,boundary,32x32,15,15,0.024913307030995688,0.016257651150226593,0.020133212208747864,0.022560402750968933,0.028384976089000702,0.03735367059707641,0.014405295252799988,0.04128846526145935
TRI_G,103,tile/test/rough/001.png,1,abnormal_normal,32x32,27,900,0.017308163949184947,0.0032586516812443734,0.008996611461043358,0.014549287036061287,0.022657474502921104,0.040270003303885436,0.0,0.11320037394762039
TRI_G,103,tile/test/rough/001.png,1,defect,32x32,27,124,0.023072457481776516,0.0062728293240070345,0.015438247472047806,0.023389533162117004,0.02979586273431778,0.04135349541902542,0.0008209794759750366,0.05287109315395355
TRI_G,103,tile/test/rough/001.png,1,clean_defect,32x32,27,97,0.024943060635291423,0.007624778151512146,0.018130719661712646,0.02494606375694275,0.030799925327301025,0.04332252144813533,0.0008209794759750366,0.05287109315395355
TRI_G,103,tile/test/rough/001.png,1,boundary,32x32,27,27,0.016352142448778504,0.005567585676908493,0.009109541773796082,0.016746163368225098,0.02268892526626587,0.030907604098320003,0.005398601293563843,0.034033551812171936
TRI_G,104,tile/test/rough/002.png,1,abnormal_normal,32x32,43,856,0.01622022287136762,0.003118148073554039,0.008816315792500973,0.014168832451105118,0.021581199951469898,0.03563470393419266,0.0,0.07350561767816544
TRI_G,104,tile/test/rough/002.png,1,defect,32x32,43,168,0.023790610754596337,0.006078016012907028,0.01639374438673258,0.02321682870388031,0.030927807092666626,0.04129290580749512,0.0023104846477508545,0.053558215498924255
TRI_G,104,tile/test/rough/002.png,1,clean_defect,32x32,43,125,0.025571674823760986,0.00821053385734558,0.018005311489105225,0.02583220601081848,0.03215368092060089,0.04151210784912109,0.0023104846477508545,0.053558215498924255
TRI_G,104,tile/test/rough/002.png,1,boundary,32x32,43,43,0.018613098925629328,0.0051601633429527284,0.010694287717342377,0.016996115446090698,0.023886986076831818,0.037144683301448815,0.0027318745851516724,0.04419442266225815
TRI_G,105,tile/test/rough/003.png,1,abnormal_normal,32x32,39,776,0.01697732759975665,0.0030608694069087505,0.009149851277470589,0.014414932578802109,0.02206832729279995,0.040557341650128365,0.0,0.07739657908678055
TRI_G,105,tile/test/rough/003.png,1,defect,32x32,39,248,0.019278312447450815,0.004116910696029664,0.011883478611707687,0.018451884388923645,0.025216279551386833,0.03554213494062423,0.00013540685176849365,0.06214344501495361
TRI_G,105,tile/test/rough/003.png,1,clean_defect,32x32,39,209,0.01970936001487896,0.004913446307182312,0.012875974178314209,0.018584638833999634,0.025477051734924316,0.03569595217704773,0.00013540685176849365,0.06214344501495361
TRI_G,105,tile/test/rough/003.png,1,boundary,32x32,39,39,0.0169683395861051,0.003165701031684876,0.00929267704486847,0.016091614961624146,0.02488846331834793,0.0317552387714386,0.0001822337508201599,0.03737308084964752
TRI_G,106,tile/test/rough/004.png,1,abnormal_normal,32x32,15,667,0.018182186161292187,0.004121796786785126,0.009677272289991379,0.01486031711101532,0.02372536063194275,0.039453459531068776,0.0,0.12008902430534363
TRI_G,106,tile/test/rough/004.png,1,defect,32x32,15,357,0.023614700007088044,0.007596871256828309,0.014730557799339294,0.0225277841091156,0.030892595648765564,0.041847342252731325,0.0015880614519119263,0.08588999509811401
TRI_G,106,tile/test/rough/004.png,1,clean_defect,32x32,15,342,0.02356823968390624,0.007831855863332748,0.014692213386297226,0.02252018451690674,0.030883554369211197,0.041840671002864836,0.0015880614519119263,0.08588999509811401
TRI_G,106,tile/test/rough/004.png,1,boundary,32x32,15,15,0.02467399537563324,0.009896819293498994,0.01843554526567459,0.02596905827522278,0.031536392867565155,0.04022517502307891,0.004804402589797974,0.04793350398540497
TRI_G,107,tile/test/rough/005.png,1,abnormal_normal,32x32,11,914,0.016304756025630876,0.0024739092215895655,0.008113386109471321,0.014008823782205582,0.021543828770518303,0.0384555162861943,0.0,0.1147153452038765
TRI_G,107,tile/test/rough/005.png,1,defect,32x32,11,110,0.02720465013249354,0.009658788144588471,0.016965637914836407,0.02557070553302765,0.033991262316703796,0.0581061914563179,0.0005858540534973145,0.0882248729467392
TRI_G,107,tile/test/rough/005.png,1,clean_defect,32x32,11,99,0.02717763738650264,0.009515717625617981,0.017005519941449165,0.02559790015220642,0.03455701470375061,0.05801345407962799,0.0005858540534973145,0.0882248729467392
TRI_G,107,tile/test/rough/005.png,1,boundary,32x32,11,11,0.027447764846411617,0.015684105455875397,0.018140390515327454,0.023675233125686646,0.032472461462020874,0.04985763505101204,0.015200555324554443,0.06116827577352524
TRI_G,108,tile/test/rough/006.png,1,abnormal_normal,32x32,9,932,0.016529428520811473,0.002638492546975613,0.007776401937007904,0.014042578637599945,0.021140708588063717,0.040917678177356705,0.0,0.10051906853914261
TRI_G,108,tile/test/rough/006.png,1,defect,32x32,9,92,0.020703752646627632,0.0062985077500343324,0.012589849531650543,0.019861120730638504,0.026935217902064323,0.03714516460895538,0.0028375238180160522,0.047238871455192566
TRI_G,108,tile/test/rough/006.png,1,clean_defect,32x32,9,83,0.020339366811585713,0.006347827613353729,0.012562200427055359,0.01960758864879608,0.026132769882678986,0.037111596763134004,0.003933459520339966,0.04712982475757599
TRI_G,108,tile/test/rough/006.png,1,boundary,32x32,9,9,0.024064199792014226,0.006101712584495544,0.016404494643211365,0.02432064712047577,0.029301777482032776,0.04284891784191131,0.0028375238180160522,0.047238871455192566
TRI_G,109,tile/test/rough/007.png,1,abnormal_normal,32x32,15,889,0.01636726557537997,0.0030649028718471535,0.008559174835681915,0.013912349939346313,0.02139594405889511,0.037917500734329194,0.0,0.08176396042108536
TRI_G,109,tile/test/rough/007.png,1,defect,32x32,15,135,0.023110063663787313,0.006118308007717133,0.01404501497745514,0.021709680557250977,0.02979886531829834,0.049725332856178264,0.0005225539207458496,0.06276175379753113
TRI_G,109,tile/test/rough/007.png,1,clean_defect,32x32,15,120,0.022949891118332743,0.006163164228200913,0.013714179396629333,0.0216895192861557,0.02976115047931671,0.04813581854104994,0.0005225539207458496,0.06276175379753113
TRI_G,109,tile/test/rough/007.png,1,boundary,32x32,15,15,0.02439144402742386,0.007489828765392304,0.017304543405771255,0.022761136293411255,0.028967730700969696,0.04722749441862105,0.0035649538040161133,0.05556061863899231
TRI_G,110,tile/test/rough/008.png,1,abnormal_normal,32x32,15,850,0.01578675547066857,0.0031610246747732166,0.00836514588445425,0.01357291266322136,0.020894603803753853,0.03438431806862353,0.0,0.10108315944671631
TRI_G,110,tile/test/rough/008.png,1,defect,32x32,15,174,0.021298361877942908,0.005722310394048691,0.013207811862230301,0.020540229976177216,0.027065571397542953,0.04040594771504402,0.00021483004093170166,0.0673530250787735
TRI_G,110,tile/test/rough/008.png,1,clean_defect,32x32,15,159,0.021681817400755372,0.00582682341337204,0.013361789286136627,0.020821720361709595,0.0278414785861969,0.040566641092300404,0.00021483004093170166,0.0673530250787735
TRI_G,110,tile/test/rough/008.png,1,boundary,32x32,15,15,0.017233733336130777,0.0060018390417098996,0.012843526899814606,0.016768507659435272,0.022409092634916306,0.027064879238605496,0.005095005035400391,0.02927882969379425
TRI_G,111,tile/test/rough/009.png,1,abnormal_normal,32x32,37,695,0.015900770813333902,0.0028583385050296784,0.008539073169231415,0.013460598886013031,0.020520497113466263,0.03742956072092053,7.450580596923828e-09,0.11943744122982025
TRI_G,111,tile/test/rough/009.png,1,defect,32x32,37,329,0.019914505873045298,0.006932115554809571,0.01360425353050232,0.01849454641342163,0.02585729956626892,0.03548265695571898,0.0022196173667907715,0.05436483025550842
TRI_G,111,tile/test/rough/009.png,1,clean_defect,32x32,37,292,0.01971141794977123,0.007265610992908478,0.013614904135465622,0.018452465534210205,0.025367550551891327,0.034550940990448,0.0022196173667907715,0.05436483025550842
TRI_G,111,tile/test/rough/009.png,1,boundary,32x32,37,37,0.021517253808073095,0.006635841727256775,0.013448268175125122,0.018853724002838135,0.029184147715568542,0.03833631277084349,0.004899576306343079,0.045337945222854614
TRI_G,112,tile/test/rough/010.png,1,abnormal_normal,32x32,29,871,0.016347599289584243,0.0029134955257177353,0.008548073470592499,0.01365552470088005,0.021879717707633972,0.03697473183274269,3.141164779663086e-05,0.06866056472063065
TRI_G,112,tile/test/rough/010.png,1,defect,32x32,29,153,0.02475618641653092,0.006540918350219726,0.01508551836013794,0.021424859762191772,0.032417744398117065,0.049616885185241696,0.0,0.0698937475681305
TRI_G,112,tile/test/rough/010.png,1,clean_defect,32x32,29,124,0.026121520707684177,0.00698259398341179,0.016308631747961044,0.024290449917316437,0.03287750855088234,0.04964888393878937,0.0,0.0698937475681305
TRI_G,112,tile/test/rough/010.png,1,boundary,32x32,29,29,0.018918205309530783,0.004787124693393707,0.01048247516155243,0.01669807732105255,0.022074639797210693,0.04278732538223265,0.0023147277534008026,0.06030121445655823
TRI_G,113,tile/test/rough/011.png,1,abnormal_normal,32x32,20,899,0.017557271359461432,0.0037751227617263796,0.009218219667673111,0.01523645967245102,0.022651419043540955,0.03845314607024192,0.0001970157027244568,0.13228051364421844
TRI_G,113,tile/test/rough/011.png,1,defect,32x32,20,125,0.026402557224035263,0.0060655117034912115,0.01766100525856018,0.026195675134658813,0.03384155035018921,0.045091855525970455,0.0019250214099884033,0.061231255531311035
TRI_G,113,tile/test/rough/011.png,1,clean_defect,32x32,20,105,0.027730503039700646,0.006418293714523316,0.019297361373901367,0.02730780839920044,0.0357072651386261,0.04544249176979065,0.0019250214099884033,0.061231255531311035
TRI_G,113,tile/test/rough/011.png,1,boundary,32x32,20,20,0.01943084169179201,0.006649823486804963,0.010944457724690437,0.02220587432384491,0.02609570324420929,0.03279277384281159,0.004974335432052612,0.03475135564804077
TRI_G,114,tile/test/rough/012.png,1,abnormal_normal,32x32,21,789,0.015624990160323217,0.00265938937664032,0.007698282599449158,0.013226844370365143,0.020238086581230164,0.03794041499495501,0.0,0.08854203671216965
TRI_G,114,tile/test/rough/012.png,1,defect,32x32,21,235,0.020541119797432675,0.004278552532196046,0.010770849883556366,0.018967628479003906,0.02846902795135975,0.0444541834294796,0.0006763637065887451,0.0681806206703186
TRI_G,114,tile/test/rough/012.png,1,clean_defect,32x32,21,214,0.020697700521238496,0.004521292075514794,0.010876433923840523,0.019106019288301468,0.02848320547491312,0.044498919695615764,0.0006763637065887451,0.0681806206703186
TRI_G,114,tile/test/rough/012.png,1,boundary,32x32,21,21,0.01894548765960194,0.0035506486892700195,0.009880028665065765,0.017200253903865814,0.025446221232414246,0.040959253907203674,0.0009063705801963806,0.04448143392801285
TRI_G,115,tile/test/rough/013.png,1,abnormal_normal,32x32,57,701,0.016526822101712735,0.004316650331020355,0.009629685431718826,0.014748863875865936,0.021441981196403503,0.034657493233680725,0.0,0.05822660028934479
TRI_G,115,tile/test/rough/013.png,1,defect,32x32,57,323,0.019891216728155827,0.00555947870016098,0.011960819363594055,0.018773213028907776,0.02568238228559494,0.040442234277725204,0.0,0.058077335357666016
TRI_G,115,tile/test/rough/013.png,1,clean_defect,32x32,57,266,0.02067835561763075,0.006372861564159393,0.012794602662324905,0.019428536295890808,0.026969052851200104,0.04061795771121979,0.0,0.052748411893844604
TRI_G,115,tile/test/rough/013.png,1,boundary,32x32,57,57,0.016217901910606184,0.003682936728000641,0.010733351111412048,0.014827176928520203,0.020352736115455627,0.03228053152561185,0.0010620355606079102,0.058077335357666016
TRI_G,116,tile/test/rough/014.png,1,abnormal_normal,32x32,14,869,0.016996674248209206,0.0032646410167217256,0.008841551840305328,0.01479773223400116,0.022551435977220535,0.03814037144184112,0.0004151463508605957,0.07661277800798416
TRI_G,116,tile/test/rough/014.png,1,defect,32x32,14,155,0.02646498773847857,0.007831774279475212,0.017267771065235138,0.0246889591217041,0.03351060301065445,0.04883007705211639,0.0026348307728767395,0.10231073945760727
TRI_G,116,tile/test/rough/014.png,1,clean_defect,32x32,14,141,0.026266514356677415,0.006849199533462524,0.017165005207061768,0.025195151567459106,0.033798545598983765,0.04869690537452698,0.0026348307728767395,0.08869212865829468
TRI_G,116,tile/test/rough/014.png,1,boundary,32x32,14,14,0.028463898226618767,0.011329758726060391,0.01838347315788269,0.020358767360448837,0.027719665318727493,0.064323940500617,0.008252877742052078,0.10231073945760727
BAL_G,0,tile/test/crack/000.png,1,abnormal_normal,32x32,60,939,0.015801550624088737,0.0033738911151885986,0.009478956460952759,0.01418215036392212,0.0199093297123909,0.034112660586833925,0.0,0.06856755912303925
BAL_G,0,tile/test/crack/000.png,1,defect,32x32,60,85,0.020474558367448693,0.008438873291015624,0.014466941356658936,0.020564675331115723,0.025274604558944702,0.033519840240478514,0.00558626651763916,0.03868010640144348
BAL_G,0,tile/test/crack/000.png,1,clean_defect,32x32,60,25,0.01953042984008789,0.010044139623641968,0.013361722230911255,0.01907038688659668,0.025274604558944702,0.029966735839843748,0.008511006832122803,0.030656158924102783
BAL_G,0,tile/test/crack/000.png,1,boundary,32x32,60,60,0.02086794525384903,0.008259832859039307,0.016293786466121674,0.021102160215377808,0.025401011109352112,0.03405690491199493,0.00558626651763916,0.03868010640144348
BAL_G,1,tile/test/crack/001.png,1,abnormal_normal,32x32,91,933,0.015556646648710563,0.003219515085220337,0.008593708276748657,0.013361990451812744,0.02033323049545288,0.03465210497379303,0.0,0.07088279724121094
BAL_G,1,tile/test/crack/001.png,1,defect,32x32,91,91,0.01601836003445007,0.005048647522926331,0.010996833443641663,0.01406562328338623,0.01944957673549652,0.03256034851074219,0.0034058094024658203,0.04006326198577881
BAL_G,1,tile/test/crack/001.png,1,clean_defect,32x32,91,0,,,,,,,,
BAL_G,1,tile/test/crack/001.png,1,boundary,32x32,91,91,0.01601836003445007,0.005048647522926331,0.010996833443641663,0.01406562328338623,0.01944957673549652,0.03256034851074219,0.0034058094024658203,0.04006326198577881
BAL_G,2,tile/test/crack/002.png,1,abnormal_normal,32x32,76,926,0.016234943067924508,0.004022322595119476,0.009699568152427673,0.014289967715740204,0.020876597613096237,0.03435657545924187,0.0,0.0767221748828888
BAL_G,2,tile/test/crack/002.png,1,defect,32x32,76,98,0.018035726127575855,0.002975881099700928,0.012804247438907623,0.017085224390029907,0.023369938135147095,0.03376526385545728,0.00033587217330932617,0.04101648926734924
BAL_G,2,tile/test/crack/002.png,1,clean_defect,32x32,76,22,0.015459698709574613,0.002595841884613037,0.008146077394485474,0.017238646745681763,0.023270949721336365,0.02762150317430496,0.0006622672080993652,0.028636902570724487
BAL_G,2,tile/test/crack/002.png,1,boundary,32x32,76,76,0.018781418274892003,0.0057951584458351135,0.013978533446788788,0.017085224390029907,0.023233741521835327,0.036659859120845795,0.00033587217330932617,0.04101648926734924
BAL_G,3,tile/test/crack/003.png,1,abnormal_normal,32x32,64,938,0.01609921080471356,0.0038803279399871825,0.009400147944688797,0.014632560312747955,0.020524073392152786,0.03447533324360847,0.0,0.0861099362373352
BAL_G,3,tile/test/crack/003.png,1,defect,32x32,64,86,0.019952807662098906,0.006659902632236481,0.014018967747688293,0.01996845006942749,0.024933867156505585,0.033993013203144073,0.003292560577392578,0.04460272192955017
BAL_G,3,tile/test/crack/003.png,1,clean_defect,32x32,64,22,0.02017621018669822,0.012161357700824738,0.017112962901592255,0.02081410586833954,0.022472895681858063,0.030969527363777158,0.0035235583782196045,0.03359943628311157
BAL_G,3,tile/test/crack/003.png,1,boundary,32x32,64,64,0.019876013044267893,0.00657111257314682,0.013772301375865936,0.019703760743141174,0.0251004695892334,0.03514981418848037,0.003292560577392578,0.04460272192955017
BAL_G,4,tile/test/crack/004.png,1,abnormal_normal,32x32,35,987,0.015605715315755015,0.0031490758061408996,0.008706450462341309,0.013721898198127747,0.020055152475833893,0.034871849417686444,0.0,0.13886602222919464
BAL_G,4,tile/test/crack/004.png,1,defect,32x32,35,37,0.01763361450788137,0.005910444259643555,0.011921614408493042,0.01898115873336792,0.022321224212646484,0.028973460197448724,0.0031844675540924072,0.03204616904258728
BAL_G,4,tile/test/crack/004.png,1,clean_defect,32x32,35,2,0.01212736964225769,0.007135617733001709,0.009354174137115479,0.01212736964225769,0.014900565147399902,0.017119121551513673,0.006580978631973267,0.017673760652542114
BAL_G,4,tile/test/crack/004.png,1,boundary,32x32,35,35,0.017948257071631297,0.005900633335113525,0.012027844786643982,0.018981844186782837,0.02297098934650421,0.02916790544986724,0.0031844675540924072,0.03204616904258728
BAL_G,5,tile/test/crack/005.png,1,abnormal_normal,32x32,19,990,0.015703484340749606,0.003096209466457367,0.008462011814117432,0.01403845101594925,0.020852934569120407,0.03515843302011489,0.0,0.06285594403743744
BAL_G,5,tile/test/crack/005.png,1,defect,32x32,19,34,0.01612163773354362,0.00443265438079834,0.011412478983402252,0.015703633427619934,0.020624972879886627,0.029723915457725517,0.0,0.03317156434059143
BAL_G,5,tile/test/crack/005.png,1,clean_defect,32x32,19,15,0.016075319051742552,0.006345373392105102,0.009396418929100037,0.01524507999420166,0.02150779962539673,0.028461912274360658,0.005586802959442139,0.028536200523376465
BAL_G,5,tile/test/crack/005.png,1,boundary,32x32,19,19,0.016158205113912884,0.002060312032699585,0.012290410697460175,0.016103535890579224,0.018844828009605408,0.03205386102199554,0.0,0.03317156434059143
BAL_G,6,tile/test/crack/006.png,1,abnormal_normal,32x32,68,925,0.01604186270688031,0.004044410586357117,0.009735733270645142,0.01415000855922699,0.020743966102600098,0.034315738081932064,0.0,0.09113006293773651
BAL_G,6,tile/test/crack/006.png,1,defect,32x32,68,99,0.022432557862214368,0.010260793566703796,0.015882104635238647,0.02193397283554077,0.028373733162879944,0.03685660362243652,0.008276224136352539,0.041925251483917236
BAL_G,6,tile/test/crack/006.png,1,clean_defect,32x32,68,31,0.0180303858172509,0.008929923176765442,0.012457311153411865,0.016796350479125977,0.02361510694026947,0.02899840474128723,0.008276224136352539,0.03472599387168884
BAL_G,6,tile/test/crack/006.png,1,boundary,32x32,68,68,0.024439430412124184,0.012933747470378875,0.017833255231380463,0.02490544319152832,0.029586881399154663,0.037808658182621004,0.009570717811584473,0.041925251483917236
BAL_G,7,tile/test/crack/007.png,1,abnormal_normal,32x32,51,944,0.01556281964847092,0.0038776606321334842,0.00948541983962059,0.013968758285045624,0.020164132118225098,0.031430213153362266,0.0,0.05706489086151123
BAL_G,7,tile/test/crack/007.png,1,defect,32x32,51,80,0.020916835963726045,0.011434675753116609,0.016618959605693817,0.0210171639919281,0.024585247039794922,0.03294952660799026,0.0018748342990875244,0.046741366386413574
BAL_G,7,tile/test/crack/007.png,1,clean_defect,32x32,51,29,0.021602150695077305,0.0117101788520813,0.01762983202934265,0.021662771701812744,0.024447500705718994,0.02759934663772583,0.01162770390510559,0.046741366386413574
BAL_G,7,tile/test/crack/007.png,1,boundary,32x32,51,51,0.020527147194918466,0.00614534318447113,0.016247227787971497,0.02033904194831848,0.024619191884994507,0.03333432972431183,0.0018748342990875244,0.04592829942703247
BAL_G,8,tile/test/crack/008.png,1,abnormal_normal,32x32,59,952,0.01648059773783223,0.0031357258558273315,0.008819885551929474,0.014333076775074005,0.021420948207378387,0.03627008274197578,0.0,0.10268288850784302
BAL_G,8,tile/test/crack/008.png,1,defect,32x32,59,72,0.0201464607897732,0.0031759217381477356,0.012070462107658386,0.021497473120689392,0.028024695813655853,0.03439889699220657,0.0,0.04161471128463745
BAL_G,8,tile/test/crack/008.png,1,clean_defect,32x32,59,13,0.014577159514793983,0.002523249387741089,0.006505429744720459,0.014896035194396973,0.02266019582748413,0.026882743835449214,0.0015407204627990723,0.029129862785339355
BAL_G,8,tile/test/crack/008.png,1,boundary,32x32,59,59,0.02137359496900591,0.0038222014904022218,0.013505890965461731,0.02194729447364807,0.028881773352622986,0.03452746272087097,0.0,0.04161471128463745
BAL_G,9,tile/test/crack/009.png,1,abnormal_normal,32x32,83,930,0.016708696753748,0.0034382417798042297,0.009439095854759216,0.01467961072921753,0.021559160202741623,0.037326820194721215,0.0,0.10181458294391632
BAL_G,9,tile/test/crack/009.png,1,defect,32x32,83,94,0.019905699535887292,0.005546252429485321,0.01417500525712967,0.020404741168022156,0.026150986552238464,0.031076858937740322,1.4513731002807617e-05,0.0427108108997345
BAL_G,9,tile/test/crack/009.png,1,clean_defect,32x32,83,11,0.017301887273788452,0.005017295479774475,0.010343849658966064,0.01804441213607788,0.022838294506072998,0.029035404324531555,0.004766106605529785,0.0309084951877594
BAL_G,9,tile/test/crack/009.png,1,boundary,32x32,83,83,0.020250783088695573,0.00673365592956543,0.014606118202209473,0.02059173583984375,0.026408672332763672,0.031284800171852103,1.4513731002807617e-05,0.0427108108997345
BAL_G,10,tile/test/crack/010.png,1,abnormal_normal,32x32,80,923,0.016272016781768716,0.0038650482892990112,0.009169764816761017,0.014218464493751526,0.021504290401935577,0.03680133372545242,0.0003299415111541748,0.09885407984256744
BAL_G,10,tile/test/crack/010.png,1,defect,32x32,80,101,0.02031363930442546,0.007794499397277832,0.014789789915084839,0.01989513635635376,0.026214957237243652,0.03179636597633362,0.0019918084144592285,0.0424746572971344
BAL_G,10,tile/test/crack/010.png,1,clean_defect,32x32,80,21,0.020579823425837925,0.011997491121292114,0.01567479968070984,0.020987868309020996,0.023338675498962402,0.03462609648704529,0.006460636854171753,0.03488537669181824
BAL_G,10,tile/test/crack/010.png,1,boundary,32x32,80,80,0.020243765972554683,0.007714015245437623,0.014563068747520447,0.019391939043998718,0.026811301708221436,0.031341955065727234,0.0019918084144592285,0.0424746572971344
BAL_G,11,tile/test/crack/011.png,1,abnormal_normal,32x32,69,955,0.01750804444882258,0.004012438654899597,0.01012679934501648,0.015300199389457703,0.02199713885784149,0.03818280249834059,0.0,0.08189855515956879
BAL_G,11,tile/test/crack/011.png,1,defect,32x32,69,69,0.02034888081792472,0.007611912488937378,0.015804722905158997,0.0201074481010437,0.025481998920440674,0.03256740570068359,0.005643248558044434,0.040435999631881714
BAL_G,11,tile/test/crack/011.png,1,clean_defect,32x32,69,0,,,,,,,,
BAL_G,11,tile/test/crack/011.png,1,boundary,32x32,69,69,0.02034888081792472,0.007611912488937378,0.015804722905158997,0.0201074481010437,0.025481998920440674,0.03256740570068359,0.005643248558044434,0.040435999631881714
BAL_G,12,tile/test/crack/012.png,1,abnormal_normal,32x32,51,943,0.015917334598928596,0.003483384847640991,0.009049169719219208,0.01442575454711914,0.02086608111858368,0.03386219888925552,0.0,0.12309181690216064
BAL_G,12,tile/test/crack/012.png,1,defect,32x32,51,81,0.0186323348754718,0.00798863172531128,0.014514565467834473,0.018726825714111328,0.022798240184783936,0.029255211353302002,0.004657834768295288,0.03681528568267822
BAL_G,12,tile/test/crack/012.png,1,clean_defect,32x32,51,30,0.017700308561325075,0.005927528440952301,0.012511692941188812,0.01899859309196472,0.022554323077201843,0.028017966449260707,0.004657834768295288,0.02981787919998169
BAL_G,12,tile/test/crack/012.png,1,boundary,32x32,51,51,0.019180585648499282,0.009648613631725311,0.015278562903404236,0.018726825714111328,0.02285747230052948,0.02954976260662079,0.006456345319747925,0.03681528568267822
BAL_G,13,tile/test/crack/013.png,1,abnormal_normal,32x32,90,929,0.016141380846051278,0.0036878287792205815,0.009455487132072449,0.014378413558006287,0.020725026726722717,0.03437539041042327,0.0,0.07116258144378662
BAL_G,13,tile/test/crack/013.png,1,defect,32x32,90,95,0.01857272245382008,0.007252493500709533,0.013551771640777588,0.01805943250656128,0.02321818470954895,0.031098115444183345,0.005775779485702515,0.03448900580406189
BAL_G,13,tile/test/crack/013.png,1,clean_defect,32x32,90,5,0.014649832248687744,0.006771916151046753,0.006922215223312378,0.018428027629852295,0.019298315048217773,0.021352672576904295,0.006734341382980347,0.021866261959075928
BAL_G,13,tile/test/crack/013.png,1,boundary,32x32,90,90,0.01879066079854965,0.008593903481960298,0.013650931417942047,0.018038049340248108,0.023754946887493134,0.03133841156959533,0.005775779485702515,0.03448900580406189
BAL_G,14,tile/test/crack/014.png,1,abnormal_normal,32x32,52,965,0.015406617892838512,0.0035794436931610107,0.008550494909286499,0.013395309448242188,0.019727319478988647,0.03388351798057555,0.0,0.07446745038032532
BAL_G,14,tile/test/crack/014.png,1,defect,32x32,52,59,0.018875868138620407,0.0030034989118576053,0.011506110429763794,0.02045026421546936,0.02513621747493744,0.03225744068622589,0.0016184747219085693,0.036926716566085815
BAL_G,14,tile/test/crack/014.png,1,clean_defect,32x32,52,7,0.018027552536555698,0.010338351130485535,0.014127746224403381,0.01764550805091858,0.022296622395515442,0.02624758183956146,0.008876502513885498,0.02682211995124817
BAL_G,14,tile/test/crack/014.png,1,boundary,32x32,52,52,0.01899006446966758,0.002840329706668854,0.011190101504325867,0.020939931273460388,0.025327108800411224,0.032521454989910124,0.0016184747219085693,0.036926716566085815
BAL_G,15,tile/test/crack/015.png,1,abnormal_normal,32x32,40,984,0.017434578086060238,0.0037347987294197083,0.009750351309776306,0.014585055410861969,0.022058334201574326,0.03955756798386569,0.0,0.07875463366508484
BAL_G,15,tile/test/crack/015.png,1,defect,32x32,40,40,0.022560329362750053,0.01197524666786194,0.01831500232219696,0.022599905729293823,0.027125082910060883,0.033901396393775936,0.00810849666595459,0.03682488203048706
BAL_G,15,tile/test/crack/015.png,1,clean_defect,32x32,40,0,,,,,,,,
BAL_G,15,tile/test/crack/015.png,1,boundary,32x32,40,40,0.022560329362750053,0.01197524666786194,0.01831500232219696,0.022599905729293823,0.027125082910060883,0.033901396393775936,0.00810849666595459,0.03682488203048706
BAL_G,16,tile/test/crack/016.png,1,abnormal_normal,32x32,81,936,0.016749080748130113,0.003804326057434082,0.009082164615392685,0.01484767347574234,0.02174755185842514,0.037649571895599365,0.0,0.06759114563465118
BAL_G,16,tile/test/crack/016.png,1,defect,32x32,81,88,0.018396616151387043,0.006412890553474426,0.012078776955604553,0.017923742532730103,0.023962490260601044,0.03295636475086212,0.003999769687652588,0.04537072777748108
BAL_G,16,tile/test/crack/016.png,1,clean_defect,32x32,81,7,0.011183031967708043,0.006113424897193909,0.006904929876327515,0.008974581956863403,0.015493035316467285,0.017981991171836853,0.0059660375118255615,0.018544673919677734
BAL_G,16,tile/test/crack/016.png,1,boundary,32x32,81,81,0.019020012315408685,0.006661951541900635,0.012791216373443604,0.01846599578857422,0.02421748638153076,0.03324168920516968,0.003999769687652588,0.04537072777748108
BAL_G,17,tile/test/glue_strip/000.png,1,abnormal_normal,32x32,24,936,0.016140117747788757,0.0037904977798461914,0.009402748197317123,0.014165997505187988,0.02068040892481804,0.03616901487112045,0.0,0.06789371371269226
BAL_G,17,tile/test/glue_strip/000.png,1,defect,32x32,24,88,0.0229462937197902,0.010962383449077606,0.01738380640745163,0.020642027258872986,0.027934394776821136,0.03623380661010741,0.0010004043579101562,0.05619487166404724
BAL_G,17,tile/test/glue_strip/000.png,1,clean_defect,32x32,24,64,0.02302669081836939,0.011477603018283844,0.01738380640745163,0.021222040057182312,0.027934394776821136,0.03659150600433349,0.0010004043579101562,0.05619487166404724
BAL_G,17,tile/test/glue_strip/000.png,1,boundary,32x32,24,24,0.022731901456912357,0.010998585820198059,0.017552196979522705,0.02051040530204773,0.026999205350875854,0.034273117780685425,0.009118884801864624,0.044712722301483154
BAL_G,18,tile/test/glue_strip/001.png,1,abnormal_normal,32x32,29,912,0.016797398756209173,0.004083707928657532,0.009826276451349258,0.015157118439674377,0.02151784673333168,0.03609011396765708,0.0,0.06884858012199402
BAL_G,18,tile/test/glue_strip/001.png,1,defect,32x32,29,112,0.021588735548513278,0.013226594030857087,0.017128750681877136,0.020193368196487427,0.02669530361890793,0.03238780945539473,0.0007491707801818848,0.03659906983375549
BAL_G,18,tile/test/glue_strip/001.png,1,clean_defect,32x32,29,83,0.022043751664908535,0.014127779006958007,0.01818406581878662,0.020481348037719727,0.026832208037376404,0.0329510599374771,0.0007491707801818848,0.03659906983375549
BAL_G,18,tile/test/glue_strip/001.png,1,boundary,32x32,29,29,0.020286448042968225,0.010939061641693115,0.015118569135665894,0.01919272541999817,0.025797218084335327,0.030330491065978998,0.009858757257461548,0.033403873443603516
BAL_G,19,tile/test/glue_strip/002.png,1,abnormal_normal,32x32,11,932,0.01576352893282927,0.0031453602015972136,0.00856240838766098,0.013659998774528503,0.021060898900032043,0.03473538160324096,0.0,0.08629609644412994
BAL_G,19,tile/test/glue_strip/002.png,1,defect,32x32,11,92,0.01963891947399015,0.008460495620965958,0.014474455267190933,0.018993273377418518,0.024397727102041245,0.0319896012544632,0.002686619758605957,0.04182426631450653
BAL_G,19,tile/test/glue_strip/002.png,1,clean_defect,32x32,11,81,0.019369768323721708,0.008172377943992615,0.014117196202278137,0.01880142092704773,0.02439287304878235,0.03214240074157715,0.002686619758605957,0.04182426631450653
BAL_G,19,tile/test/glue_strip/002.png,1,boundary,32x32,11,11,0.021620850671421398,0.015256047248840332,0.017993003129959106,0.0219649076461792,0.024353906512260437,0.029062360525131226,0.013560861349105835,0.03186458349227905
BAL_G,20,tile/test/glue_strip/003.png,1,abnormal_normal,32x32,55,606,0.01764595034000504,0.0035005100071430206,0.009713545441627502,0.01599736511707306,0.023364923894405365,0.03736870735883713,0.0,0.06668819487094879
BAL_G,20,tile/test/glue_strip/003.png,1,defect,32x32,55,418,0.020181582910877665,0.006118697673082352,0.01218455284833908,0.019388392567634583,0.02611358091235161,0.03990380242466926,0.0,0.06627815961837769
BAL_G,20,tile/test/glue_strip/003.png,1,clean_defect,32x32,55,363,0.019734588659499303,0.005699416995048523,0.01163502037525177,0.01843428611755371,0.02569378912448883,0.04005868881940841,0.0,0.06627815961837769
BAL_G,20,tile/test/glue_strip/003.png,1,boundary,32x32,55,55,0.023131744969974864,0.011405327916145324,0.018024012446403503,0.022285163402557373,0.028352871537208557,0.03712567389011383,0.008118629455566406,0.044972509145736694
BAL_G,21,tile/test/glue_strip/004.png,1,abnormal_normal,32x32,37,797,0.016706359898729935,0.003697818517684937,0.00975102186203003,0.015053093433380127,0.021294236183166504,0.03838743269443511,0.00030612945556640625,0.07079663872718811
BAL_G,21,tile/test/glue_strip/004.png,1,defect,32x32,37,227,0.021607527123673895,0.008600631356239319,0.01651710271835327,0.021531254053115845,0.02596135437488556,0.03459362983703613,0.002879112958908081,0.04557648301124573
BAL_G,21,tile/test/glue_strip/004.png,1,clean_defect,32x32,37,190,0.02137292184327778,0.00782570242881775,0.016473211348056793,0.021236740052700043,0.025798819959163666,0.03455286920070648,0.002879112958908081,0.04557648301124573
BAL_G,21,tile/test/glue_strip/004.png,1,boundary,32x32,37,37,0.022812256941924226,0.01208646297454834,0.017868787050247192,0.02329230308532715,0.027004152536392212,0.03424011468887329,0.008115381002426147,0.03871449828147888
BAL_G,22,tile/test/glue_strip/005.png,1,abnormal_normal,32x32,17,947,0.016469046615119217,0.003794562816619873,0.008579157292842865,0.014217540621757507,0.021647490561008453,0.03725978732109069,0.0,0.07070121169090271
BAL_G,22,tile/test/glue_strip/005.png,1,defect,32x32,17,77,0.021176996943238494,0.008372455835342407,0.015814930200576782,0.021851062774658203,0.025822311639785767,0.033805906772613525,0.005679786205291748,0.040643006563186646
BAL_G,22,tile/test/glue_strip/005.png,1,clean_defect,32x32,17,60,0.021124730507532757,0.00839257687330246,0.016401439905166626,0.021624818444252014,0.02635950595140457,0.03364922106266022,0.005679786205291748,0.03908061981201172
BAL_G,22,tile/test/glue_strip/005.png,1,boundary,32x32,17,17,0.02136146671631757,0.008440691232681274,0.015453964471817017,0.02324545383453369,0.02515760064125061,0.03462546467781066,0.00806620717048645,0.040643006563186646
BAL_G,23,tile/test/glue_strip/006.png,1,abnormal_normal,32x32,35,807,0.01684658681740696,0.00328730046749115,0.00912531465291977,0.015028506517410278,0.02238636463880539,0.036916276812553404,0.0,0.08002123236656189
BAL_G,23,tile/test/glue_strip/006.png,1,defect,32x32,35,217,0.02173393484084837,0.009278959035873413,0.01490098237991333,0.020606309175491333,0.02765670418739319,0.038201072812080385,0.0024834871292114258,0.04983451962471008
BAL_G,23,tile/test/glue_strip/006.png,1,clean_defect,32x32,35,182,0.021216796076559758,0.008682678639888763,0.014065071940422058,0.019743584096431732,0.027492746710777283,0.03830012455582619,0.0024834871292114258,0.04983451962471008
BAL_G,23,tile/test/glue_strip/006.png,1,boundary,32x32,35,35,0.024423056415149143,0.01494513750076294,0.01877748966217041,0.0248967707157135,0.028531312942504883,0.03438547551631927,0.013336598873138428,0.039080679416656494
BAL_G,24,tile/test/glue_strip/007.png,1,abnormal_normal,32x32,33,847,0.016281562631921195,0.004946605861186982,0.009303018450737,0.014335468411445618,0.020311184227466583,0.035473212599754333,0.0,0.07529403269290924
BAL_G,24,tile/test/glue_strip/007.png,1,defect,32x32,33,177,0.02097423644052387,0.006381529569625855,0.014472901821136475,0.02113880217075348,0.027151286602020264,0.03533249497413634,0.0031596124172210693,0.053522199392318726
BAL_G,24,tile/test/glue_strip/007.png,1,clean_defect,32x32,33,144,0.02082289310379161,0.006064286828041077,0.013843942433595657,0.02070046216249466,0.027293171733617783,0.03503488004207611,0.0031596124172210693,0.053522199392318726
BAL_G,24,tile/test/glue_strip/007.png,1,boundary,32x32,33,33,0.02163464372808283,0.0066837012767791745,0.017689615488052368,0.022405236959457397,0.026114821434020996,0.03423153758049011,0.006454393267631531,0.03896865248680115
BAL_G,25,tile/test/glue_strip/008.png,1,abnormal_normal,32x32,36,858,0.017006994370536092,0.004165492206811905,0.00962468609213829,0.015110127627849579,0.022296898066997528,0.035771013051271436,0.0,0.07899586856365204
BAL_G,25,tile/test/glue_strip/008.png,1,defect,32x32,36,166,0.026515697140291512,0.008782275021076202,0.018356941640377045,0.027083471417427063,0.03432103246450424,0.04169788956642151,0.004897773265838623,0.06951168179512024
BAL_G,25,tile/test/glue_strip/008.png,1,clean_defect,32x32,36,130,0.025745520224938027,0.008087237179279328,0.017187997698783875,0.02612386643886566,0.03261702507734299,0.04230984151363373,0.004897773265838623,0.06951168179512024
BAL_G,25,tile/test/glue_strip/008.png,1,boundary,32x32,36,36,0.02929689155684577,0.014642350375652313,0.02324548363685608,0.03016979992389679,0.0357217937707901,0.04056253284215927,0.01293376088142395,0.04334211349487305
BAL_G,26,tile/test/glue_strip/009.png,1,abnormal_normal,32x32,23,953,0.016659016264573223,0.0040739476680755615,0.009192883968353271,0.01455448567867279,0.020818322896957397,0.03714796006679535,0.0,0.06853443384170532
BAL_G,26,tile/test/glue_strip/009.png,1,defect,32x32,23,71,0.016214543245208095,0.004305809736251831,0.010154873132705688,0.015485584735870361,0.020880594849586487,0.03252650797367096,0.0013987720012664795,0.04364690184593201
BAL_G,26,tile/test/glue_strip/009.png,1,clean_defect,32x32,23,48,0.017150495822230976,0.005808794498443603,0.010424487292766571,0.01642097532749176,0.021650046110153198,0.03329170346260071,0.0026547908782958984,0.04364690184593201
BAL_G,26,tile/test/glue_strip/009.png,1,boundary,32x32,23,23,0.014261250910551651,0.0036396920680999757,0.009497120976448059,0.012699991464614868,0.01964011788368225,0.02754302620887756,0.0013987720012664795,0.02799263596534729
BAL_G,27,tile/test/glue_strip/010.png,1,abnormal_normal,32x32,27,825,0.015438637877955581,0.003268381953239441,0.008756175637245178,0.013307005167007446,0.020307689905166626,0.03627597391605377,0.0,0.05263987183570862
BAL_G,27,tile/test/glue_strip/010.png,1,defect,32x32,27,199,0.0202122957412921,0.007330085337162018,0.014471516013145447,0.018950611352920532,0.02562454342842102,0.03681476712226868,0.0009434819221496582,0.05764719843864441
BAL_G,27,tile/test/glue_strip/010.png,1,clean_defect,32x32,27,172,0.02019456323496131,0.007117158174514771,0.014767512679100037,0.018895305693149567,0.024961143732070923,0.03861155882477756,0.0009434819221496582,0.05764719843864441
BAL_G,27,tile/test/glue_strip/010.png,1,boundary,32x32,27,27,0.020325258374214172,0.00858154296875,0.014454230666160583,0.020665228366851807,0.02715161442756653,0.029598769545555115,0.007611453533172607,0.033671438694000244
BAL_G,28,tile/test/glue_strip/011.png,1,abnormal_normal,32x32,17,904,0.015094982311788914,0.003078035265207291,0.008134331554174423,0.01312875747680664,0.019564464688301086,0.03362868875265121,0.0,0.07217392325401306
BAL_G,28,tile/test/glue_strip/011.png,1,defect,32x32,17,120,0.02212410867214203,0.009701419621706009,0.01655222848057747,0.020213060081005096,0.027229592204093933,0.03502587378025055,0.004384219646453857,0.049136072397232056
BAL_G,28,tile/test/glue_strip/011.png,1,clean_defect,32x32,17,103,0.02177808976289138,0.00964701920747757,0.016274727880954742,0.019917458295822144,0.02683984488248825,0.03513495326042175,0.004384219646453857,0.049136072397232056
BAL_G,28,tile/test/glue_strip/011.png,1,boundary,32x32,17,17,0.02422057618113125,0.01450241208076477,0.01949968934059143,0.024536043405532837,0.029504776000976562,0.03254412412643432,0.014498144388198853,0.03343087434768677
BAL_G,29,tile/test/glue_strip/012.png,1,abnormal_normal,32x32,28,886,0.01616228099399442,0.0030601806938648224,0.009298481047153473,0.014187432825565338,0.02179703861474991,0.03430597484111786,0.0,0.06371459364891052
BAL_G,29,tile/test/glue_strip/012.png,1,defect,32x32,28,138,0.021480968464975773,0.010205669701099396,0.015521690249443054,0.0203605517745018,0.02735299989581108,0.033831667155027396,0.0028722286224365234,0.04352715611457825
BAL_G,29,tile/test/glue_strip/012.png,1,clean_defect,32x32,28,110,0.02213148068297993,0.010167558491230012,0.015935592353343964,0.02164098620414734,0.028251707553863525,0.0359089583158493,0.0034430623054504395,0.04352715611457825
BAL_G,29,tile/test/glue_strip/012.png,1,boundary,32x32,28,28,0.018925384751388004,0.01093152016401291,0.014988012611865997,0.017699018120765686,0.022032320499420166,0.03181578069925308,0.0028722286224365234,0.032552570104599
BAL_G,30,tile/test/glue_strip/013.png,1,abnormal_normal,32x32,14,989,0.01594688682331957,0.0028786420822143562,0.008438199758529663,0.013961970806121826,0.021404683589935303,0.036555546522140485,0.0,0.06523479521274567
BAL_G,30,tile/test/glue_strip/013.png,1,defect,32x32,14,35,0.02227143049240112,0.006285819411277772,0.015242055058479309,0.022582411766052246,0.03054913878440857,0.03747167289257049,0.002415776252746582,0.041694700717926025
BAL_G,30,tile/test/glue_strip/013.png,1,clean_defect,32x32,14,21,0.027786904857272192,0.013416886329650879,0.022661477327346802,0.029321253299713135,0.03260242938995361,0.038888365030288696,0.007229626178741455,0.041694700717926025
BAL_G,30,tile/test/glue_strip/013.png,1,boundary,32x32,14,14,0.013998218945094518,0.0034998640418052672,0.008674897253513336,0.01588493585586548,0.01859349012374878,0.02352577894926071,0.002415776252746582,0.02780395746231079
BAL_G,31,tile/test/glue_strip/014.png,1,abnormal_normal,32x32,23,953,0.016760625953689327,0.00364723801612854,0.009418666362762451,0.014338135719299316,0.021844059228897095,0.03738687336444854,0.0,0.0739530473947525
BAL_G,31,tile/test/glue_strip/014.png,1,defect,32x32,23,71,0.022953777246072258,0.00915653258562088,0.01717275381088257,0.022482067346572876,0.02862660586833954,0.041777387261390686,0.003450721502304077,0.04481005668640137
BAL_G,31,tile/test/glue_strip/014.png,1,clean_defect,32x32,23,48,0.022720372925202053,0.009507649391889573,0.01487709954380989,0.022466570138931274,0.029039278626441956,0.04030956774950027,0.003450721502304077,0.0427832156419754
BAL_G,31,tile/test/glue_strip/014.png,1,boundary,32x32,23,23,0.023440881915714428,0.009432432055473328,0.01858040690422058,0.022555261850357056,0.025509268045425415,0.04199995398521422,0.008717060089111328,0.04481005668640137
BAL_G,32,tile/test/glue_strip/015.png,1,abnormal_normal,32x32,20,955,0.016289754172894345,0.0032041236758232118,0.009505398571491241,0.014509424567222595,0.020776398479938507,0.036184574663639064,0.0,0.06599938869476318
BAL_G,32,tile/test/glue_strip/015.png,1,defect,32x32,20,69,0.019167262142983036,0.005583810806274415,0.013061463832855225,0.019731909036636353,0.02497154474258423,0.03340412378311157,0.0026079416275024414,0.03669613599777222
BAL_G,32,tile/test/glue_strip/015.png,1,clean_defect,32x32,20,49,0.019996644891038234,0.006880062818527222,0.014911442995071411,0.020063847303390503,0.025214791297912598,0.03340412378311157,0.003403276205062866,0.03521549701690674
BAL_G,32,tile/test/glue_strip/015.png,1,boundary,32x32,20,20,0.017135274410247803,0.003166767954826355,0.009172245860099792,0.01570664346218109,0.024966537952423096,0.031878814101219184,0.0026079416275024414,0.03669613599777222
BAL_G,33,tile/test/glue_strip/016.png,1,abnormal_normal,32x32,20,970,0.015812830857394898,0.0032065697014331818,0.008357223123311996,0.013812899589538574,0.02157389372587204,0.035283827036619184,0.0,0.06649106740951538
BAL_G,33,tile/test/glue_strip/016.png,1,defect,32x32,20,54,0.02039639044691015,0.007048475742340088,0.015099242329597473,0.020008549094200134,0.025140397250652313,0.0346823304891586,0.0013601481914520264,0.042518168687820435
BAL_G,33,tile/test/glue_strip/016.png,1,clean_defect,32x32,20,34,0.020741477608680725,0.009178310632705688,0.015099242329597473,0.019642040133476257,0.024972863495349884,0.03936751633882522,0.0013601481914520264,0.042518168687820435
BAL_G,33,tile/test/glue_strip/016.png,1,boundary,32x32,20,20,0.019809742271900178,0.006727010011672974,0.015755638480186462,0.021107450127601624,0.025289639830589294,0.03120572865009308,0.006016373634338379,0.03209728002548218
BAL_G,34,tile/test/glue_strip/017.png,1,abnormal_normal,32x32,29,833,0.017586751770572503,0.005295467376708984,0.010461866855621338,0.01607753336429596,0.022102266550064087,0.037297177314758304,0.0,0.06808848679065704
BAL_G,34,tile/test/glue_strip/017.png,1,defect,32x32,29,191,0.02209609083792302,0.007366873323917389,0.016362830996513367,0.021869033575057983,0.026610136032104492,0.037868231534957886,0.0,0.04719236493110657
BAL_G,34,tile/test/glue_strip/017.png,1,clean_defect,32x32,29,162,0.021582894579127983,0.006561055779457093,0.016212284564971924,0.02124994993209839,0.025657571852207184,0.0393194630742073,0.0,0.04719236493110657
BAL_G,34,tile/test/glue_strip/017.png,1,boundary,32x32,29,29,0.0249629113180884,0.013008713722229004,0.019504010677337646,0.024058490991592407,0.031342118978500366,0.03665452599525451,0.011266231536865234,0.03720223903656006
BAL_G,35,tile/test/good/000.png,0,normal_image,32x32,0,1024,0.015735822802525945,0.003473339974880219,0.009182438254356384,0.013783052563667297,0.02015673741698265,0.034692519158124914,0.0,0.07089504599571228
BAL_G,36,tile/test/good/001.png,0,normal_image,32x32,0,1024,0.015158806694671512,0.0026262231171131135,0.008412133902311325,0.013369232416152954,0.01994876191020012,0.033120496571063994,0.0,0.06389102339744568
BAL_G,37,tile/test/good/002.png,0,normal_image,32x32,0,1024,0.0160951811412815,0.0037140734493732457,0.009183369576931,0.014345809817314148,0.02046816051006317,0.03428079709410667,0.0,0.0694223940372467
BAL_G,38,tile/test/good/003.png,0,normal_image,32x32,0,1024,0.01596010480716359,0.003143785148859024,0.008597038686275482,0.013561107218265533,0.02048235386610031,0.03697308674454689,0.0,0.07531490921974182
BAL_G,39,tile/test/good/004.png,0,normal_image,32x32,0,1024,0.015283416782040149,0.0027262434363365174,0.008467860519886017,0.013684958219528198,0.019996244460344315,0.03337340205907821,0.0,0.06737074255943298
BAL_G,40,tile/test/good/005.png,0,normal_image,32x32,0,1024,0.015759510060888715,0.0027038522064685823,0.008969787508249283,0.014166831970214844,0.020725615322589874,0.03349506929516792,0.0,0.09878785908222198
BAL_G,41,tile/test/good/006.png,0,normal_image,32x32,0,1024,0.015670633103582077,0.0024202838540077214,0.008513201028108597,0.01342780888080597,0.020927749574184418,0.03472551107406614,0.0,0.06585696339607239
BAL_G,42,tile/test/good/007.png,0,normal_image,32x32,0,1024,0.01636618355405517,0.003970095515251159,0.00891353189945221,0.013900771737098694,0.021704137325286865,0.03635327070951461,0.0,0.07812406122684479
BAL_G,43,tile/test/good/008.png,0,normal_image,32x32,0,1024,0.014983344372012652,0.0029698505997657783,0.008292526006698608,0.013134405016899109,0.019490942358970642,0.033490785956382746,0.0,0.09528118371963501
BAL_G,44,tile/test/good/009.png,0,normal_image,32x32,0,1024,0.014678133113193326,0.002692621946334839,0.007569409906864166,0.012787096202373505,0.019531045109033585,0.0332940377295017,0.0,0.09919953346252441
BAL_G,45,tile/test/good/010.png,0,normal_image,32x32,0,1024,0.0159814175858628,0.004092109948396683,0.008964236825704575,0.013974376022815704,0.020788919180631638,0.03384215533733367,0.0,0.07708127796649933
BAL_G,46,tile/test/good/011.png,0,normal_image,32x32,0,1024,0.015228304444462992,0.0036220192909240724,0.008256077766418457,0.01328980177640915,0.020085494965314865,0.03369937017560001,0.0,0.06498903036117554
BAL_G,47,tile/test/good/012.png,0,normal_image,32x32,0,1024,0.016110052019939758,0.003112347424030304,0.009158406406641006,0.013972871005535126,0.021106354892253876,0.035447434335947,0.0,0.08891333639621735
BAL_G,48,tile/test/good/013.png,0,normal_image,32x32,0,1024,0.016020108843804337,0.00248369500041008,0.008891835808753967,0.014516182243824005,0.02129778265953064,0.03411939516663551,0.0,0.08325694501399994
BAL_G,49,tile/test/good/014.png,0,normal_image,32x32,0,1024,0.015392916335258633,0.003587824106216431,0.008635129779577255,0.013279065489768982,0.0194242000579834,0.03385784476995465,0.0,0.1117008626461029
BAL_G,50,tile/test/good/015.png,0,normal_image,32x32,0,1024,0.015301019229809754,0.0026436775922775275,0.008135784417390823,0.013303466141223907,0.020501237362623215,0.033943330496549566,0.0,0.07939958572387695
BAL_G,51,tile/test/good/016.png,0,normal_image,32x32,0,1024,0.014809183936449699,0.0026010997593402863,0.007938329130411148,0.012949414551258087,0.019953712821006775,0.03322620540857315,0.0,0.06931029260158539
BAL_G,52,tile/test/good/017.png,0,normal_image,32x32,0,1024,0.015882775594945997,0.003067409247159958,0.008918378502130508,0.013998232781887054,0.020517688244581223,0.03383013755083082,0.0,0.08080528676509857
BAL_G,53,tile/test/good/018.png,0,normal_image,32x32,0,1024,0.01531155765405856,0.003107693791389466,0.008626975119113922,0.013210050761699677,0.019685253500938416,0.03382564112544057,0.0,0.0666441023349762
BAL_G,54,tile/test/good/019.png,0,normal_image,32x32,0,1024,0.01571879738185089,0.0026207447052001955,0.008740387856960297,0.013805985450744629,0.020476583391427994,0.035619647055864324,0.0,0.06889845430850983
BAL_G,55,tile/test/good/020.png,0,normal_image,32x32,0,1024,0.0165706989064347,0.0030984714627265934,0.009102929383516312,0.01464313268661499,0.022060640156269073,0.03634700328111648,0.0,0.08059054613113403
BAL_G,56,tile/test/good/021.png,0,normal_image,32x32,0,1024,0.01595278254535515,0.003815758973360062,0.009047899395227432,0.013843849301338196,0.02034749835729599,0.03454176187515258,0.0,0.0804058313369751
BAL_G,57,tile/test/good/022.png,0,normal_image,32x32,0,1024,0.016373931750422344,0.003503314405679703,0.009015504270792007,0.014358960092067719,0.020942185074090958,0.035575357824563954,0.0,0.08654135465621948
BAL_G,58,tile/test/good/023.png,0,normal_image,32x32,0,1024,0.015924562176223844,0.003039655089378357,0.008929934352636337,0.014431864023208618,0.021228119730949402,0.03405810445547102,0.0,0.089750275015831
BAL_G,59,tile/test/good/024.png,0,normal_image,32x32,0,1024,0.016628177938400768,0.0038692548871040347,0.009408500045537949,0.014832466840744019,0.02133498340845108,0.036395303905010196,0.0,0.06587709486484528
BAL_G,60,tile/test/good/025.png,0,normal_image,32x32,0,1024,0.01568622249760665,0.002705778181552887,0.008445434272289276,0.013275973498821259,0.020809266716241837,0.03491787314414978,0.0,0.08504988253116608
BAL_G,61,tile/test/good/026.png,0,normal_image,32x32,0,1024,0.016081086825579405,0.003802531957626343,0.00922316312789917,0.01450541615486145,0.02098577469587326,0.03404649421572682,0.0,0.10201005637645721
BAL_G,62,tile/test/good/027.png,0,normal_image,32x32,0,1024,0.015489922676351853,0.003124263882637024,0.007954414933919907,0.013274557888507843,0.02056906372308731,0.03549359664320944,0.0,0.07035629451274872
BAL_G,63,tile/test/good/028.png,0,normal_image,32x32,0,1024,0.01648677325283643,0.003796740621328354,0.009202200919389725,0.014238715171813965,0.021050527691841125,0.03672937750816344,0.0,0.0821165144443512
BAL_G,64,tile/test/good/029.png,0,normal_image,32x32,0,1024,0.015988016908522695,0.003122479468584061,0.009043417870998383,0.014461539685726166,0.021169424057006836,0.035120896250009526,0.0,0.06872159242630005
BAL_G,65,tile/test/good/030.png,0,normal_image,32x32,0,1024,0.016047925673774444,0.0029061764478683473,0.008543480187654495,0.013570398092269897,0.020679771900177002,0.03696523532271385,0.0,0.0908917486667633
BAL_G,66,tile/test/good/031.png,0,normal_image,32x32,0,1024,0.015613081690389663,0.002714948356151581,0.008558232337236404,0.013429045677185059,0.020676828920841217,0.03440564870834348,0.0,0.08388075232505798
BAL_G,67,tile/test/good/032.png,0,normal_image,32x32,0,1024,0.015609476395184174,0.002684298902750016,0.008552439510822296,0.013745181262493134,0.020605098456144333,0.03514227867126465,0.0,0.0610978901386261
BAL_G,68,tile/test/gray_stroke/000.png,1,abnormal_normal,32x32,13,994,0.017378540031267126,0.00447985976934433,0.010129310190677643,0.015404470264911652,0.02217935398221016,0.03747442588210104,0.0,0.07524922490119934
BAL_G,68,tile/test/gray_stroke/000.png,1,defect,32x32,13,30,0.022531781593958536,0.009693044424057008,0.017031408846378326,0.02177596092224121,0.029773317277431488,0.03469398170709609,0.0062010884284973145,0.040433794260025024
BAL_G,68,tile/test/gray_stroke/000.png,1,clean_defect,32x32,13,17,0.021848391084110037,0.01132889986038208,0.018547728657722473,0.021622836589813232,0.027284428477287292,0.03162605762481689,0.0062010884284973145,0.03603947162628174
BAL_G,68,tile/test/gray_stroke/000.png,1,boundary,32x32,13,13,0.023425446106837347,0.010151290893554687,0.016820162534713745,0.0270538330078125,0.03014710545539856,0.03600321412086486,0.008318305015563965,0.040433794260025024
BAL_G,69,tile/test/gray_stroke/001.png,1,abnormal_normal,32x32,28,959,0.016927141529178718,0.003992308676242828,0.009787864983081818,0.01500198245048523,0.022088393568992615,0.03561095148324965,0.0,0.10905417799949646
BAL_G,69,tile/test/gray_stroke/001.png,1,defect,32x32,28,65,0.020751197980000424,0.009959429502487183,0.01625707745552063,0.020812511444091797,0.024990037083625793,0.03385796546936035,0.0,0.05328202247619629
BAL_G,69,tile/test/gray_stroke/001.png,1,clean_defect,32x32,28,37,0.018501007476368465,0.009768718481063842,0.014718741178512573,0.019200056791305542,0.022127091884613037,0.027513653039932244,0.0,0.03375411033630371
BAL_G,69,tile/test/gray_stroke/001.png,1,boundary,32x32,28,28,0.023724664002656937,0.010103106498718262,0.01865806058049202,0.024318695068359375,0.026645302772521973,0.03631923869252205,0.0035295337438583374,0.05328202247619629
BAL_G,70,tile/test/gray_stroke/002.png,1,abnormal_normal,32x32,4,993,0.01749853423654973,0.0042174458503723145,0.009709060192108154,0.015234813094139099,0.022722601890563965,0.038928747177124016,0.0,0.07332375645637512
BAL_G,70,tile/test/gray_stroke/002.png,1,defect,32x32,4,31,0.024016955687153722,0.008896611630916595,0.013135090470314026,0.02286870777606964,0.033049389719963074,0.043152712285518646,0.00276029109954834,0.04793843626976013
BAL_G,70,tile/test/gray_stroke/002.png,1,clean_defect,32x32,4,27,0.025872016946474712,0.010006172955036164,0.016395099461078644,0.02641676366329193,0.0337187722325325,0.043486090004444124,0.007924973964691162,0.04793843626976013
BAL_G,70,tile/test/gray_stroke/002.png,1,boundary,32x32,4,4,0.01149529218673706,0.0038539260625839234,0.008228465914726257,0.011263974010944366,0.01453080028295517,0.019460503756999967,0.00276029109954834,0.02069292962551117
BAL_G,71,tile/test/gray_stroke/003.png,1,abnormal_normal,32x32,31,942,0.01579611188477012,0.0036177664995193483,0.008785024285316467,0.014028467237949371,0.02077733352780342,0.03433586508035658,0.0,0.07490548491477966
BAL_G,71,tile/test/gray_stroke/003.png,1,defect,32x32,31,82,0.01861152725248802,0.005961135029792786,0.01199360191822052,0.01773790270090103,0.023685261607170105,0.03505594730377198,0.003005385398864746,0.046861886978149414
BAL_G,71,tile/test/gray_stroke/003.png,1,clean_defect,32x32,31,51,0.016889671192449683,0.005715101957321167,0.01090364158153534,0.017021209001541138,0.022320255637168884,0.02962249517440796,0.003005385398864746,0.036084920167922974
BAL_G,71,tile/test/gray_stroke/003.png,1,boundary,32x32,31,31,0.021444258189970446,0.009363815188407898,0.014095291495323181,0.02054782211780548,0.02711343765258789,0.04120956361293793,0.0054374635219573975,0.046861886978149414
BAL_G,72,tile/test/gray_stroke/004.png,1,abnormal_normal,32x32,16,958,0.01581504709225358,0.003457358479499817,0.008454505354166031,0.013290390372276306,0.02041425183415413,0.03778353333473205,0.0,0.11766305565834045
BAL_G,72,tile/test/gray_stroke/004.png,1,defect,32x32,16,66,0.013546343328374805,0.0018604770302772522,0.006826482713222504,0.013388127088546753,0.018921129405498505,0.026624519377946854,0.0005075931549072266,0.043425217270851135
BAL_G,72,tile/test/gray_stroke/004.png,1,clean_defect,32x32,16,50,0.012195240557193756,0.0017164900898933412,0.005709804594516754,0.011470139026641846,0.016993604600429535,0.0229093074798584,0.0005075931549072266,0.030457347631454468
BAL_G,72,tile/test/gray_stroke/004.png,1,boundary,32x32,16,16,0.017768539488315582,0.004171893000602722,0.01192166656255722,0.018401749432086945,0.021955788135528564,0.03280112147331238,0.0017442703247070312,0.043425217270851135
BAL_G,73,tile/test/gray_stroke/005.png,1,abnormal_normal,32x32,30,952,0.016516604546864492,0.0032859794795513154,0.008650660514831543,0.013758867979049683,0.02156275510787964,0.03646454215049743,0.0,0.11679132282733917
BAL_G,73,tile/test/gray_stroke/005.png,1,defect,32x32,30,72,0.022693943025337324,0.01046871691942215,0.01911962777376175,0.022241666913032532,0.02667071297764778,0.03271980658173561,0.005656525492668152,0.0483466237783432
BAL_G,73,tile/test/gray_stroke/005.png,1,clean_defect,32x32,30,42,0.023017954258691697,0.014550802111625672,0.021152377128601074,0.02347136288881302,0.026161570101976395,0.030066818743944165,0.007173866033554077,0.032499685883522034
BAL_G,73,tile/test/gray_stroke/005.png,1,boundary,32x32,30,30,0.022240327298641206,0.009637237340211869,0.01693916693329811,0.02102956920862198,0.027133427560329437,0.03396242335438728,0.005656525492668152,0.0483466237783432
BAL_G,74,tile/test/gray_stroke/006.png,1,abnormal_normal,32x32,18,957,0.016102934005118464,0.002904334664344788,0.008973032236099243,0.014022588729858398,0.021180331707000732,0.03635650873184202,0.0,0.07249701023101807
BAL_G,74,tile/test/gray_stroke/006.png,1,defect,32x32,18,67,0.022373762593340518,0.008888748288154603,0.0176042839884758,0.022315070033073425,0.026681631803512573,0.03664401620626449,0.0047829002141952515,0.04761071503162384
BAL_G,74,tile/test/gray_stroke/006.png,1,clean_defect,32x32,18,49,0.021421487234076674,0.009041357040405274,0.017437249422073364,0.02173532545566559,0.024888649582862854,0.03390580415725707,0.0047829002141952515,0.036510199308395386
BAL_G,74,tile/test/gray_stroke/006.png,1,boundary,32x32,18,18,0.0249660677380032,0.008958876878023148,0.019627414643764496,0.024285629391670227,0.031535178422927856,0.03857616782188414,0.0069655925035476685,0.04761071503162384
BAL_G,75,tile/test/gray_stroke/007.png,1,abnormal_normal,32x32,25,940,0.016636865792122292,0.004312177002429963,0.009859494864940643,0.014862723648548126,0.021256621927022934,0.035765381157398225,0.0,0.06109131872653961
BAL_G,75,tile/test/gray_stroke/007.png,1,defect,32x32,25,84,0.02036133852033388,0.009508542716503143,0.01570993661880493,0.020792216062545776,0.024551086127758026,0.03169934600591659,0.006389617919921875,0.03531081974506378
BAL_G,75,tile/test/gray_stroke/007.png,1,clean_defect,32x32,25,59,0.019514659956350166,0.008698037266731263,0.01535770297050476,0.019812583923339844,0.024216294288635254,0.031035175919532774,0.006389617919921875,0.03531081974506378
BAL_G,75,tile/test/gray_stroke/007.png,1,boundary,32x32,25,25,0.022359499931335448,0.013783782720565796,0.018061548471450806,0.023055866360664368,0.025323152542114258,0.03252798914909363,0.013351082801818848,0.03473097085952759
BAL_G,76,tile/test/gray_stroke/008.png,1,abnormal_normal,32x32,9,988,0.01630004317412975,0.00383279025554657,0.009611386805772781,0.014395907521247864,0.021051254123449326,0.03497125953435897,0.0,0.0755426287651062
BAL_G,76,tile/test/gray_stroke/008.png,1,defect,32x32,9,36,0.025791369378566742,0.016084492206573486,0.021399080753326416,0.025151818990707397,0.030634544789791107,0.036471620202064514,0.011299461126327515,0.04278023540973663
BAL_G,76,tile/test/gray_stroke/008.png,1,clean_defect,32x32,9,27,0.02524926154701798,0.01591462790966034,0.021924123167991638,0.02450883388519287,0.028607971966266632,0.03416915237903595,0.011299461126327515,0.04029577970504761
BAL_G,76,tile/test/gray_stroke/008.png,1,boundary,32x32,9,9,0.027417692873213027,0.01741275191307068,0.018532246351242065,0.027280017733573914,0.034135594964027405,0.039746901392936705,0.01676928997039795,0.04278023540973663
BAL_G,77,tile/test/gray_stroke/009.png,1,abnormal_normal,32x32,23,958,0.016355443489203123,0.0036118656396865846,0.009352989494800568,0.014559641480445862,0.021028760820627213,0.03570532128214836,0.0,0.06967200338840485
BAL_G,77,tile/test/gray_stroke/009.png,1,defect,32x32,23,66,0.021096435685952503,0.008090801537036896,0.017064549028873444,0.021709442138671875,0.025416113436222076,0.02942485362291336,0.004187285900115967,0.0356975793838501
BAL_G,77,tile/test/gray_stroke/009.png,1,clean_defect,32x32,23,43,0.020183902840281643,0.005952142179012299,0.01583278179168701,0.020811885595321655,0.026050671935081482,0.029020705819129945,0.004187285900115967,0.0324062705039978
BAL_G,77,tile/test/gray_stroke/009.png,1,boundary,32x32,23,23,0.022802475353945858,0.014537149667739868,0.01936136931180954,0.02260272204875946,0.025237396359443665,0.034841068089008324,0.012766420841217041,0.0356975793838501
BAL_G,78,tile/test/gray_stroke/010.png,1,abnormal_normal,32x32,27,934,0.0169628644302264,0.0036597080528736115,0.009188566356897354,0.01474856585264206,0.022393953055143356,0.03674687966704366,0.0,0.06880581378936768
BAL_G,78,tile/test/gray_stroke/010.png,1,defect,32x32,27,90,0.01877121643887626,0.00889914482831955,0.014474894851446152,0.018926359713077545,0.02242988720536232,0.03031209260225295,0.0020562410354614258,0.03591631352901459
BAL_G,78,tile/test/gray_stroke/010.png,1,clean_defect,32x32,27,63,0.018423243411003598,0.008531695604324341,0.013728991150856018,0.01882004737854004,0.022136405110359192,0.03132973313331604,0.0020562410354614258,0.03591631352901459
BAL_G,78,tile/test/gray_stroke/010.png,1,boundary,32x32,27,27,0.019583153503912466,0.011632128059864045,0.016441181302070618,0.01905323565006256,0.02299819141626358,0.027565184235572814,0.009250819683074951,0.032446444034576416
BAL_G,79,tile/test/gray_stroke/011.png,1,abnormal_normal,32x32,26,926,0.01672073963780125,0.003935381770133972,0.009406283497810364,0.014384657144546509,0.02145686000585556,0.03682504594326019,5.313754081726074e-05,0.06416812539100647
BAL_G,79,tile/test/gray_stroke/011.png,1,defect,32x32,26,98,0.020175675804517706,0.007201696932315827,0.013533025979995728,0.019728265702724457,0.0249326229095459,0.03482879921793936,0.0033256113529205322,0.04239320755004883
BAL_G,79,tile/test/gray_stroke/011.png,1,clean_defect,32x32,26,72,0.019998469700415928,0.007226683199405671,0.013438567519187927,0.0196397602558136,0.024822227656841278,0.03502361178398133,0.0033256113529205322,0.04239320755004883
BAL_G,79,tile/test/gray_stroke/011.png,1,boundary,32x32,26,26,0.02066640040049186,0.007878351956605911,0.014395058155059814,0.02062128484249115,0.0269821435213089,0.03426464647054672,0.006600290536880493,0.037323981523513794
BAL_G,80,tile/test/gray_stroke/012.png,1,abnormal_normal,32x32,9,989,0.01648801509422769,0.0035265773534774785,0.00909772515296936,0.014330968260765076,0.021895289421081543,0.036432734131813034,0.0,0.08336512744426727
BAL_G,80,tile/test/gray_stroke/012.png,1,defect,32x32,9,35,0.025472560524940492,0.01181952804327011,0.019312702119350433,0.024720579385757446,0.031235143542289734,0.03972864449024201,0.009842365980148315,0.04271022975444794
BAL_G,80,tile/test/gray_stroke/012.png,1,clean_defect,32x32,9,26,0.026344464375422552,0.015798144042491913,0.02088761329650879,0.024777308106422424,0.031651388853788376,0.03933514282107353,0.011968716979026794,0.04271022975444794
BAL_G,80,tile/test/gray_stroke/012.png,1,boundary,32x32,9,9,0.022953727179103427,0.010493987798690796,0.01570288836956024,0.020500674843788147,0.030302464962005615,0.03687998652458191,0.009842365980148315,0.03984832763671875
BAL_G,81,tile/test/gray_stroke/013.png,1,abnormal_normal,32x32,11,981,0.016238213299368257,0.0038963258266448975,0.009145855903625488,0.01413513720035553,0.021229401230812073,0.03484432399272919,0.0,0.06465399265289307
BAL_G,81,tile/test/gray_stroke/013.png,1,defect,32x32,11,43,0.02537590265274048,0.009609408676624298,0.0167684406042099,0.0250852108001709,0.032617054879665375,0.04421899020671845,0.0005680620670318604,0.05363413691520691
BAL_G,81,tile/test/gray_stroke/013.png,1,clean_defect,32x32,11,32,0.02552657900378108,0.009716060012578964,0.017488177865743637,0.024464964866638184,0.03096681833267212,0.04412733912467957,0.0005680620670318604,0.05363413691520691
BAL_G,81,tile/test/gray_stroke/013.png,1,boundary,32x32,11,11,0.024937571449713272,0.008691750466823578,0.01649777591228485,0.025492697954177856,0.03347788006067276,0.041322335600852966,0.005650341510772705,0.04486525058746338
BAL_G,82,tile/test/gray_stroke/014.png,1,abnormal_normal,32x32,16,933,0.01647603703465109,0.003541123867034912,0.009329169988632202,0.014879241585731506,0.021527394652366638,0.034615266323089595,0.0,0.07484230399131775
BAL_G,82,tile/test/gray_stroke/014.png,1,defect,32x32,16,91,0.016188471363140985,0.004502415657043457,0.009781144559383392,0.01584962010383606,0.021123453974723816,0.030453577637672424,0.0003089010715484619,0.046276479959487915
BAL_G,82,tile/test/gray_stroke/014.png,1,clean_defect,32x32,16,75,0.015055534640947978,0.004377405345439911,0.008787363767623901,0.015107452869415283,0.018191471695899963,0.026729889214038845,0.0003089010715484619,0.046276479959487915
BAL_G,82,tile/test/gray_stroke/014.png,1,boundary,32x32,16,16,0.021499112248420715,0.008200950920581818,0.014920443296432495,0.020900562405586243,0.026295267045497894,0.04074452072381973,0.004399701952934265,0.041855692863464355
BAL_G,83,tile/test/gray_stroke/015.png,1,abnormal_normal,32x32,11,993,0.015942054647813512,0.003634554147720337,0.008634597063064575,0.013627037405967712,0.020573019981384277,0.03600297272205353,0.0,0.08853226900100708
BAL_G,83,tile/test/gray_stroke/015.png,1,defect,32x32,11,31,0.022528020124281605,0.012303009629249573,0.017278894782066345,0.01979801058769226,0.027610138058662415,0.0389954075217247,0.008879169821739197,0.04423663020133972
BAL_G,83,tile/test/gray_stroke/015.png,1,clean_defect,32x32,11,20,0.02101944535970688,0.01416412740945816,0.017307676374912262,0.019701451063156128,0.02150123566389084,0.03287093192338944,0.010235100984573364,0.041076064109802246
BAL_G,83,tile/test/gray_stroke/015.png,1,boundary,32x32,11,11,0.025270883332599293,0.011935137212276459,0.017125599086284637,0.023821577429771423,0.0320688858628273,0.04057569056749344,0.008879169821739197,0.04423663020133972
BAL_G,84,tile/test/oil/000.png,1,abnormal_normal,32x32,35,759,0.016893890005326553,0.004454649984836578,0.009822681546211243,0.01498652994632721,0.021858826279640198,0.03566689342260362,0.0,0.0968044251203537
BAL_G,84,tile/test/oil/000.png,1,defect,32x32,35,265,0.02211738369374905,0.008426904678344727,0.015581578016281128,0.021795153617858887,0.028375953435897827,0.03713643550872802,0.0009914040565490723,0.05812668800354004
BAL_G,84,tile/test/oil/000.png,1,clean_defect,32x32,35,230,0.022138272873733354,0.009099263697862627,0.015582479536533356,0.02208206057548523,0.028394706547260284,0.0366086333990097,0.0009914040565490723,0.05812668800354004
BAL_G,84,tile/test/oil/000.png,1,boundary,32x32,35,35,0.021980111939566477,0.006320494413375855,0.015789754688739777,0.020719915628433228,0.026755183935165405,0.038055294752120966,0.005310505628585815,0.05654832720756531
BAL_G,85,tile/test/oil/001.png,1,abnormal_normal,32x32,27,864,0.01607917958042688,0.003965593874454498,0.00919286534190178,0.014198176562786102,0.02059999853372574,0.034990879893302886,0.0,0.11735419929027557
BAL_G,85,tile/test/oil/001.png,1,defect,32x32,27,160,0.022975735925137998,0.009407742321491242,0.016332104802131653,0.021537914872169495,0.028702177107334137,0.03964132815599441,0.0014383792877197266,0.04732683300971985
BAL_G,85,tile/test/oil/001.png,1,clean_defect,32x32,27,133,0.022751515185026296,0.009154611825942993,0.015876710414886475,0.02136710286140442,0.028787821531295776,0.039547741413116455,0.0014383792877197266,0.04589727520942688
BAL_G,85,tile/test/oil/001.png,1,boundary,32x32,27,27,0.02408023068198451,0.013344360888004303,0.018721304833889008,0.022704273462295532,0.02821122109889984,0.038605341315269465,0.010657012462615967,0.04732683300971985
BAL_G,86,tile/test/oil/002.png,1,abnormal_normal,32x32,28,809,0.016182584671950606,0.0032362520694732668,0.008902877569198608,0.014310136437416077,0.020934343338012695,0.03464697599411009,0.0,0.11191798746585846
BAL_G,86,tile/test/oil/002.png,1,defect,32x32,28,215,0.02009639920190323,0.007629403471946717,0.014254897832870483,0.02004125714302063,0.02524745464324951,0.03330374360084533,0.0017877817153930664,0.04624846577644348
BAL_G,86,tile/test/oil/002.png,1,clean_defect,32x32,28,187,0.019714261440032306,0.007151484489440918,0.01387844979763031,0.01978600025177002,0.024950087070465088,0.03255993127822875,0.0017877817153930664,0.04624846577644348
BAL_G,86,tile/test/oil/002.png,1,boundary,32x32,28,28,0.02264853354011263,0.010872553288936614,0.016359377652406693,0.022649243474006653,0.029074542224407196,0.03525738343596458,0.009510904550552368,0.03694647550582886
BAL_G,87,tile/test/oil/003.png,1,abnormal_normal,32x32,25,854,0.018717666525193064,0.003871428221464158,0.009950719773769379,0.015987560153007507,0.023887112736701965,0.0448398008942604,0.0,0.08750155568122864
BAL_G,87,tile/test/oil/003.png,1,defect,32x32,25,170,0.0247425699058701,0.009202615916728973,0.017679523676633835,0.023169085383415222,0.031070254743099213,0.04485475718975066,0.0027473866939544678,0.05727916955947876
BAL_G,87,tile/test/oil/003.png,1,clean_defect,32x32,25,145,0.02415945838237631,0.008760344982147217,0.017176419496536255,0.022597551345825195,0.030295222997665405,0.04499034285545348,0.0027473866939544678,0.05727916955947876
BAL_G,87,tile/test/oil/003.png,1,boundary,32x32,25,25,0.028124616742134095,0.014920923113822936,0.019804924726486206,0.02773575484752655,0.03578963875770569,0.0414340853691101,0.014133214950561523,0.04644811153411865
BAL_G,88,tile/test/oil/004.png,1,abnormal_normal,32x32,23,866,0.017194478499421347,0.00397597998380661,0.009686104953289032,0.014939092099666595,0.021826572716236115,0.039863016456365585,0.0,0.07577832043170929
BAL_G,88,tile/test/oil/004.png,1,defect,32x32,23,158,0.02047410352697855,0.0057099595665931705,0.01541183888912201,0.019714415073394775,0.026148296892642975,0.03374102264642716,0.0022785067558288574,0.054192960262298584
BAL_G,88,tile/test/oil/004.png,1,clean_defect,32x32,23,135,0.019325532295085764,0.005455368757247925,0.014293506741523743,0.01849740743637085,0.024054184556007385,0.03248514533042908,0.0022785067558288574,0.04447454214096069
BAL_G,88,tile/test/oil/004.png,1,boundary,32x32,23,23,0.02721571727939274,0.014761334657669068,0.020385824143886566,0.02646327018737793,0.03228595852851868,0.03820942938327789,0.010329633951187134,0.054192960262298584
BAL_G,89,tile/test/oil/005.png,1,abnormal_normal,32x32,23,874,0.015486833006484558,0.0035463742911815642,0.009292513132095337,0.014053121209144592,0.019810982048511505,0.031908781081438055,0.0,0.05657076835632324
BAL_G,89,tile/test/oil/005.png,1,defect,32x32,23,150,0.023703418572743735,0.010883790999650955,0.01863078773021698,0.023079827427864075,0.028577469289302826,0.038356740772724135,0.00634881854057312,0.05610114336013794
BAL_G,89,tile/test/oil/005.png,1,clean_defect,32x32,23,127,0.022318647602411704,0.010711045563220977,0.017527252435684204,0.022144466638565063,0.02729649841785431,0.03321552872657776,0.00634881854057312,0.039479196071624756
BAL_G,89,tile/test/oil/005.png,1,boundary,32x32,23,23,0.03134976262631624,0.017174652218818663,0.02532149851322174,0.028585374355316162,0.03878261148929596,0.04818789660930633,0.016593128442764282,0.05610114336013794
BAL_G,90,tile/test/oil/006.png,1,abnormal_normal,32x32,17,861,0.01609944786690392,0.0035539716482162476,0.008453771471977234,0.014008402824401855,0.021154046058654785,0.0370863676071167,0.0,0.06364262104034424
BAL_G,90,tile/test/oil/006.png,1,defect,32x32,17,163,0.02695154970043276,0.009598101675510406,0.018140405416488647,0.028146594762802124,0.03511825203895569,0.04413735270500184,0.005796700716018677,0.05483892560005188
BAL_G,90,tile/test/oil/006.png,1,clean_defect,32x32,17,146,0.026339610451704836,0.00963636115193367,0.017413076013326645,0.027444899082183838,0.03401494771242142,0.043992504477500916,0.005796700716018677,0.05483892560005188
BAL_G,90,tile/test/oil/006.png,1,boundary,32x32,17,17,0.03220702795421376,0.010923659801483155,0.0289919376373291,0.03392207622528076,0.038723528385162354,0.042842811346054076,0.008482098579406738,0.044542282819747925
BAL_G,91,tile/test/oil/007.png,1,abnormal_normal,32x32,33,826,0.016713176346575664,0.0033638402819633484,0.009205404669046402,0.014085046947002411,0.022052235901355743,0.0368913970887661,0.0,0.10752423107624054
BAL_G,91,tile/test/oil/007.png,1,defect,32x32,33,198,0.020678926447425226,0.008274964243173599,0.015689201653003693,0.020636707544326782,0.025704275816679,0.032808834314346294,4.225969314575195e-05,0.0413287878036499
BAL_G,91,tile/test/oil/007.png,1,clean_defect,32x32,33,165,0.020454640370426755,0.00820080041885376,0.015354663133621216,0.02035975456237793,0.025576472282409668,0.032576322555541985,4.225969314575195e-05,0.0413287878036499
BAL_G,91,tile/test/oil/007.png,1,boundary,32x32,33,33,0.021800356832417576,0.011508792638778687,0.016937226057052612,0.021161913871765137,0.027215272188186646,0.032727235555648805,0.003637850284576416,0.04123622179031372
BAL_G,92,tile/test/oil/008.png,1,abnormal_normal,32x32,28,857,0.017447747350990982,0.003937095403671265,0.01046869158744812,0.015302091836929321,0.022321388125419617,0.03758802115917204,0.0,0.07082149386405945
BAL_G,92,tile/test/oil/008.png,1,defect,32x32,28,167,0.02088691561878798,0.00907406210899353,0.0162646621465683,0.020368710160255432,0.02569533884525299,0.03306519389152527,0.0037699639797210693,0.04837864637374878
BAL_G,92,tile/test/oil/008.png,1,clean_defect,32x32,28,139,0.020338339878500793,0.008952060341835022,0.016009420156478882,0.020025134086608887,0.025360465049743652,0.03272360563278198,0.0037699639797210693,0.03883159160614014
BAL_G,92,tile/test/oil/008.png,1,boundary,32x32,28,28,0.02361020232949938,0.010762151330709457,0.01792357861995697,0.020879477262496948,0.028384752571582794,0.042260895669460286,0.006594359874725342,0.04837864637374878
BAL_G,93,tile/test/oil/009.png,1,abnormal_normal,32x32,30,847,0.016865665016095502,0.004670839011669159,0.00990235060453415,0.015145167708396912,0.021953515708446503,0.035268883407115925,0.0,0.061256006360054016
BAL_G,93,tile/test/oil/009.png,1,defect,32x32,30,177,0.022634951913424132,0.010254806280136109,0.01584532856941223,0.022758811712265015,0.028355687856674194,0.03860418796539306,0.003318101167678833,0.04496753215789795
BAL_G,93,tile/test/oil/009.png,1,clean_defect,32x32,30,147,0.022098094427666696,0.009971569478511811,0.015915416181087494,0.022642135620117188,0.026533618569374084,0.036992859840393064,0.003318101167678833,0.04496753215789795
BAL_G,93,tile/test/oil/009.png,1,boundary,32x32,30,30,0.02526555359363556,0.01142270714044571,0.01629532501101494,0.027599960565567017,0.03179115802049637,0.03893317878246307,0.01001635193824768,0.04336082935333252
BAL_G,94,tile/test/oil/010.png,1,abnormal_normal,32x32,27,864,0.015347064334761214,0.0032208144664764406,0.008589401841163635,0.01344028115272522,0.019544586539268494,0.0334317110478878,0.0,0.06929880380630493
BAL_G,94,tile/test/oil/010.png,1,defect,32x32,27,160,0.02441558297723532,0.011338911950588226,0.01818077266216278,0.023300811648368835,0.031071394681930542,0.040196587145328505,0.006431639194488525,0.048228561878204346
BAL_G,94,tile/test/oil/010.png,1,clean_defect,32x32,27,133,0.023590274883392163,0.010996735095977784,0.017940133810043335,0.02284979820251465,0.027040600776672363,0.038712710142135606,0.006431639194488525,0.048228561878204346
BAL_G,94,tile/test/oil/010.png,1,boundary,32x32,27,27,0.028480989513573824,0.012502585351467133,0.02227538824081421,0.03066176176071167,0.03387601673603058,0.04102780222892761,0.011961042881011963,0.04389268159866333
BAL_G,95,tile/test/oil/011.png,1,abnormal_normal,32x32,20,880,0.016576579805802214,0.003956691920757293,0.00919889286160469,0.014676816761493683,0.021557535976171494,0.0360569730401039,0.0,0.08120918273925781
BAL_G,95,tile/test/oil/011.png,1,defect,32x32,20,144,0.021602234699659877,0.008427003771066666,0.015744168311357498,0.021084532141685486,0.026890449225902557,0.035989989340305326,0.0027361512184143066,0.05117189884185791
BAL_G,95,tile/test/oil/011.png,1,clean_defect,32x32,20,124,0.020903310828631925,0.007663041353225708,0.015575546771287918,0.020727410912513733,0.026259735226631165,0.035005217790603636,0.0027361512184143066,0.041085004806518555
BAL_G,95,tile/test/oil/011.png,1,boundary,32x32,20,20,0.025935562700033186,0.00965101718902588,0.022074848413467407,0.026517093181610107,0.02932509034872055,0.040288205444812784,0.008582741022109985,0.05117189884185791
BAL_G,96,tile/test/oil/012.png,1,abnormal_normal,32x32,21,872,0.016548832331638817,0.0030485540628433228,0.009198259562253952,0.014521978795528412,0.022266890853643417,0.03654253110289573,0.0,0.0735938549041748
BAL_G,96,tile/test/oil/012.png,1,defect,32x32,21,152,0.023695976914543854,0.01000009998679161,0.016883596777915955,0.022363483905792236,0.03119136393070221,0.04049926847219467,0.0019480586051940918,0.043576985597610474
BAL_G,96,tile/test/oil/012.png,1,clean_defect,32x32,21,131,0.023188679159142588,0.009996049106121063,0.016557171940803528,0.02195732295513153,0.030704185366630554,0.04055006802082062,0.0019480586051940918,0.043576985597610474
BAL_G,96,tile/test/oil/012.png,1,boundary,32x32,21,21,0.026860548626808894,0.011553674936294556,0.018309473991394043,0.029664814472198486,0.036301493644714355,0.04045379161834717,0.008394241333007812,0.04055485129356384
BAL_G,97,tile/test/oil/013.png,1,abnormal_normal,32x32,17,872,0.015445269968941671,0.0036712318658828737,0.00865507498383522,0.013725288212299347,0.020277202129364014,0.032675727456808086,0.0,0.11203114688396454
BAL_G,97,tile/test/oil/013.png,1,defect,32x32,17,152,0.022407896326560723,0.008948469161987304,0.017082221806049347,0.02218124270439148,0.02729199081659317,0.03602988421916961,0.004467755556106567,0.05062404274940491
BAL_G,97,tile/test/oil/013.png,1,clean_defect,32x32,17,135,0.022336305953838207,0.009022927284240723,0.017331697046756744,0.021813899278640747,0.027009814977645874,0.03595096468925476,0.005015313625335693,0.05062404274940491
BAL_G,97,tile/test/oil/013.png,1,boundary,32x32,17,17,0.02297640810994541,0.00925326943397522,0.01389952003955841,0.02617710828781128,0.0280148983001709,0.03421106338500976,0.004467755556106567,0.0373615026473999
BAL_G,98,tile/test/oil/014.png,1,abnormal_normal,32x32,33,820,0.016108512805729377,0.0034699462354183196,0.009820230305194855,0.01454077661037445,0.020283624529838562,0.03401035740971565,0.0,0.08021241426467896
BAL_G,98,tile/test/oil/014.png,1,defect,32x32,33,204,0.021266793649570615,0.010938729345798492,0.01645977795124054,0.02014896273612976,0.025866419076919556,0.03372083753347397,0.00623399019241333,0.04092514514923096
BAL_G,98,tile/test/oil/014.png,1,clean_defect,32x32,33,171,0.020909963208332397,0.010877996683120728,0.016191013157367706,0.01986810564994812,0.02508881688117981,0.03343769907951355,0.00623399019241333,0.04092514514923096
BAL_G,98,tile/test/oil/014.png,1,boundary,32x32,33,33,0.02311582411780502,0.0124245285987854,0.017182350158691406,0.023159146308898926,0.029126882553100586,0.03522878885269165,0.007070422172546387,0.03703787922859192
BAL_G,99,tile/test/oil/015.png,1,abnormal_normal,32x32,44,737,0.017174891672593767,0.0037450194358825684,0.009878218173980713,0.01552988588809967,0.021682724356651306,0.03679961264133449,0.0,0.0684240460395813
BAL_G,99,tile/test/oil/015.png,1,defect,32x32,44,287,0.020621505971569632,0.0068004757165908815,0.01475207507610321,0.020213589072227478,0.026130691170692444,0.03523999750614166,0.00046685338020324707,0.04710206389427185
BAL_G,99,tile/test/oil/015.png,1,clean_defect,32x32,44,243,0.020701407527727356,0.006926180422306061,0.015090808272361755,0.020712390542030334,0.026177212595939636,0.03512425720691681,0.0031779706478118896,0.04355505108833313
BAL_G,99,tile/test/oil/015.png,1,boundary,32x32,44,44,0.020180231468244034,0.005619028210639953,0.013737984001636505,0.019465133547782898,0.025625217705965042,0.038062734901905065,0.00046685338020324707,0.04710206389427185
BAL_G,100,tile/test/oil/016.png,1,abnormal_normal,32x32,46,751,0.0175620666277234,0.004390731453895569,0.010657593607902527,0.015971139073371887,0.022794507443904877,0.03611323982477188,0.0,0.05537520349025726
BAL_G,100,tile/test/oil/016.png,1,defect,32x32,46,273,0.022352941525288116,0.009248727560043335,0.01672041416168213,0.021881788969039917,0.02839958667755127,0.03736377954483031,0.00416487455368042,0.047793805599212646
BAL_G,100,tile/test/oil/016.png,1,clean_defect,32x32,46,227,0.022266910070889847,0.009204846620559693,0.01672416925430298,0.02181720733642578,0.027945592999458313,0.03712666630744934,0.00416487455368042,0.04644861817359924
BAL_G,100,tile/test/oil/016.png,1,boundary,32x32,46,46,0.022777488050253494,0.009577065706253052,0.016530022025108337,0.023151233792304993,0.028663650155067444,0.038397401571273804,0.005826085805892944,0.047793805599212646
BAL_G,101,tile/test/oil/017.png,1,abnormal_normal,32x32,52,770,0.017507399057413078,0.0050529964268207555,0.011091575026512146,0.016147568821907043,0.02242155373096466,0.03467289060354232,0.0003236830234527588,0.06881190836429596
BAL_G,101,tile/test/oil/017.png,1,defect,32x32,52,254,0.020449840295033193,0.007987134158611298,0.014992110431194305,0.02001108229160309,0.02527192234992981,0.03476535379886627,0.0023233890533447266,0.04306668043136597
BAL_G,101,tile/test/oil/017.png,1,clean_defect,32x32,52,202,0.020555788263826088,0.007983647286891937,0.015257023274898529,0.01991891860961914,0.025331608951091766,0.03490093052387237,0.0023233890533447266,0.04306668043136597
BAL_G,101,tile/test/oil/017.png,1,boundary,32x32,52,52,0.020038273185491562,0.010051248222589492,0.013038203120231628,0.020498618483543396,0.024577096104621887,0.03297066390514373,0.006825894117355347,0.04065953195095062
BAL_G,102,tile/test/rough/000.png,1,abnormal_normal,32x32,15,964,0.014900151083701874,0.0027719281613826753,0.0076796673238277435,0.012807801365852356,0.01987423375248909,0.03340968713164329,0.0,0.09370225667953491
BAL_G,102,tile/test/rough/000.png,1,defect,32x32,15,60,0.027149137357870737,0.01296236738562584,0.02025795727968216,0.025318406522274017,0.03394155204296112,0.0437466949224472,0.002423688769340515,0.04953482747077942
BAL_G,102,tile/test/rough/000.png,1,clean_defect,32x32,15,45,0.026942266358269587,0.012347191572189331,0.019484877586364746,0.025155365467071533,0.03423064947128296,0.045130044221878045,0.002423688769340515,0.04953482747077942
BAL_G,102,tile/test/rough/000.png,1,boundary,32x32,15,15,0.027769750356674193,0.0184334933757782,0.02420821785926819,0.025658264756202698,0.02980521321296692,0.04054686278104782,0.017966777086257935,0.042298853397369385
BAL_G,103,tile/test/rough/001.png,1,abnormal_normal,32x32,27,900,0.017270406583944957,0.003724497556686402,0.00928017869591713,0.014840006828308105,0.02301696315407753,0.038142009824514385,0.0,0.09342913329601288
BAL_G,103,tile/test/rough/001.png,1,defect,32x32,27,124,0.024425005720507716,0.008137592673301696,0.015674330294132233,0.02372373640537262,0.0319942943751812,0.045941363275051106,0.001231461763381958,0.05010196566581726
BAL_G,103,tile/test/rough/001.png,1,clean_defect,32x32,27,97,0.02678026980960492,0.009275510907173157,0.019298672676086426,0.025805234909057617,0.03483650088310242,0.046224182844161986,0.001231461763381958,0.05010196566581726
BAL_G,103,tile/test/rough/001.png,1,boundary,32x32,27,27,0.015963501400417753,0.00653972178697586,0.009925127029418945,0.015102624893188477,0.020201653242111206,0.027525635063648222,0.0056954920291900635,0.032396480441093445
BAL_G,104,tile/test/rough/002.png,1,abnormal_normal,32x32,43,856,0.01571806232993291,0.0035229958593845367,0.008917413651943207,0.013949960470199585,0.020489204674959183,0.033485278487205505,0.0,0.07613730430603027
BAL_G,104,tile/test/rough/002.png,1,defect,32x32,43,168,0.02489234764306318,0.007093128561973572,0.016306988894939423,0.024903222918510437,0.03315459191799164,0.04240333586931229,0.002737671136856079,0.05375930666923523
BAL_G,104,tile/test/rough/002.png,1,clean_defect,32x32,43,125,0.026813398480415345,0.009265834093093872,0.01725122332572937,0.02821996808052063,0.034607261419296265,0.0453476995229721,0.003465712070465088,0.05375930666923523
BAL_G,104,tile/test/rough/002.png,1,boundary,32x32,43,43,0.019307897534481314,0.006084212660789489,0.012495271861553192,0.019132494926452637,0.02591060847043991,0.03442229926586151,0.002737671136856079,0.03828561305999756
BAL_G,105,tile/test/rough/003.png,1,abnormal_normal,32x32,39,776,0.016872335455774032,0.003773115575313568,0.009528391063213348,0.014502234756946564,0.022062387317419052,0.036804016679525375,0.0,0.06422191858291626
BAL_G,105,tile/test/rough/003.png,1,defect,32x32,39,248,0.019001830910002033,0.0052478879690170295,0.012231171131134033,0.018379099667072296,0.024332378059625626,0.034806282818317415,0.00020310282707214355,0.05978073179721832
BAL_G,105,tile/test/rough/003.png,1,clean_defect,32x32,39,209,0.019383404029613478,0.00559009313583374,0.012727871537208557,0.018512174487113953,0.024197489023208618,0.034873980283737185,0.00020310282707214355,0.05978073179721832
BAL_G,105,tile/test/rough/003.png,1,boundary,32x32,39,39,0.016956990345930442,0.003367792069911957,0.009733714163303375,0.015549317002296448,0.024410247802734375,0.03140210658311844,0.0002733469009399414,0.04048264026641846
BAL_G,106,tile/test/rough/004.png,1,abnormal_normal,32x32,15,667,0.017815208662932423,0.004057271778583527,0.00987628847360611,0.01525561511516571,0.023245111107826233,0.03803430646657943,0.0,0.10098254680633545
BAL_G,106,tile/test/rough/004.png,1,defect,32x32,15,357,0.0222426461321967,0.007438790798187256,0.014217153191566467,0.020827651023864746,0.028223633766174316,0.041415286064147946,0.0015537440776824951,0.08441363275051117
BAL_G,106,tile/test/rough/004.png,1,clean_defect,32x32,15,342,0.02220901162826527,0.00746714249253273,0.014197416603565216,0.020598702132701874,0.02820289134979248,0.04157190471887588,0.0015537440776824951,0.08441363275051117
BAL_G,106,tile/test/rough/004.png,1,boundary,32x32,15,15,0.02300951282183329,0.009654904901981355,0.01687905192375183,0.022864341735839844,0.029591120779514313,0.03652446120977401,0.005537956953048706,0.040856242179870605
BAL_G,107,tile/test/rough/005.png,1,abnormal_normal,32x32,11,914,0.016084964739676376,0.0028112575411796572,0.008215643465518951,0.01387101411819458,0.02052167057991028,0.03765371292829512,0.0,0.09815829992294312
BAL_G,107,tile/test/rough/005.png,1,defect,32x32,11,110,0.0268515406684442,0.011262615770101547,0.017227396368980408,0.02434951812028885,0.033494722098112106,0.050235855579376223,0.0008787810802459717,0.08034935593605042
BAL_G,107,tile/test/rough/005.png,1,clean_defect,32x32,11,99,0.02714412019710348,0.010956099629402161,0.017268940806388855,0.025364667177200317,0.0335724800825119,0.05032275766134261,0.0008787810802459717,0.08034935593605042
BAL_G,107,tile/test/rough/005.png,1,boundary,32x32,11,11,0.02421832491051067,0.015071965754032135,0.016446523368358612,0.021646812558174133,0.026092618703842163,0.04276270419359207,0.014604195952415466,0.05030883848667145
BAL_G,108,tile/test/rough/006.png,1,abnormal_normal,32x32,9,932,0.016517830844728732,0.0029793463647365573,0.008538488298654556,0.01417764276266098,0.02156504988670349,0.03938343673944473,0.0,0.08296628296375275
BAL_G,108,tile/test/rough/006.png,1,defect,32x32,9,92,0.02055765769403914,0.007303214818239211,0.013222023844718933,0.020497821271419525,0.026155125349760056,0.0368431381881237,0.0042562782764434814,0.05140417814254761
BAL_G,108,tile/test/rough/006.png,1,clean_defect,32x32,9,83,0.020110965134149575,0.008386091887950897,0.012987807393074036,0.019719183444976807,0.025878384709358215,0.035330349206924426,0.004646435379981995,0.045195311307907104
BAL_G,108,tile/test/rough/006.png,1,boundary,32x32,9,9,0.024677155746354,0.007855850458145141,0.016259878873825073,0.02321319282054901,0.03166303038597107,0.045574003458023066,0.0042562782764434814,0.05140417814254761
BAL_G,109,tile/test/rough/007.png,1,abnormal_normal,32x32,15,889,0.016047097013423092,0.003427889943122864,0.008579999208450317,0.013836920261383057,0.02122323215007782,0.037232738733291616,0.0,0.06743499636650085
BAL_G,109,tile/test/rough/007.png,1,defect,32x32,15,135,0.022641380407192088,0.007206837832927704,0.013757161796092987,0.021049663424491882,0.02937210351228714,0.04748049676418305,0.0007838308811187744,0.062610924243927
BAL_G,109,tile/test/rough/007.png,1,clean_defect,32x32,15,120,0.022619114071130753,0.007326199859380722,0.013483330607414246,0.020887844264507294,0.02960028126835823,0.04744535237550736,0.0007838308811187744,0.062610924243927
BAL_G,109,tile/test/rough/007.png,1,boundary,32x32,15,15,0.02281951109568278,0.0100238636136055,0.014434240758419037,0.021397247910499573,0.026575013995170593,0.04158049821853636,0.004861935973167419,0.05184222757816315
BAL_G,110,tile/test/rough/008.png,1,abnormal_normal,32x32,15,850,0.01551055042182698,0.003591825067996979,0.008566536009311676,0.01359289139509201,0.0202043317258358,0.03314825296401978,0.0,0.09263962507247925
BAL_G,110,tile/test/rough/008.png,1,defect,32x32,15,174,0.020875262974322528,0.005542291700839997,0.014525704085826874,0.01969362050294876,0.02521171048283577,0.03956548050045966,0.0001611262559890747,0.05757354199886322
BAL_G,110,tile/test/rough/008.png,1,clean_defect,32x32,15,159,0.02128900653161343,0.006399324536323548,0.014747090637683868,0.020410045981407166,0.026600167155265808,0.04104920923709869,0.0001611262559890747,0.05757354199886322
BAL_G,110,tile/test/rough/008.png,1,boundary,32x32,15,15,0.01648958126703898,0.005304276943206787,0.013304509222507477,0.018350183963775635,0.021168358623981476,0.022591333091259002,0.0046093761920928955,0.022686347365379333
BAL_G,111,tile/test/rough/009.png,1,abnormal_normal,32x32,37,695,0.015757810512035012,0.003395223617553711,0.00870029628276825,0.013257592916488647,0.020229481160640717,0.036010631918907104,0.0,0.09080162644386292
BAL_G,111,tile/test/rough/009.png,1,defect,32x32,37,329,0.019020458032294973,0.0075160682201385505,0.01308375597000122,0.017849311232566833,0.024883925914764404,0.034046047925949084,0.0021230876445770264,0.043269991874694824
BAL_G,111,tile/test/rough/009.png,1,clean_defect,32x32,37,292,0.01889159249728673,0.007537608593702317,0.013047337532043457,0.018123850226402283,0.024101071059703827,0.03353250473737716,0.0021230876445770264,0.043269991874694824
BAL_G,111,tile/test/rough/009.png,1,boundary,32x32,37,37,0.020037450903170818,0.007980388402938843,0.013392865657806396,0.016065925359725952,0.027186140418052673,0.03645134568214416,0.005572393536567688,0.03943559527397156
BAL_G,112,tile/test/rough/010.png,1,abnormal_normal,32x32,29,871,0.016305808888921507,0.0032917335629463196,0.008622094988822937,0.013761386275291443,0.02128598839044571,0.037821970880031586,4.711747169494629e-05,0.06231167912483215
BAL_G,112,tile/test/rough/010.png,1,defect,32x32,29,153,0.02517194948554818,0.0075632303953170775,0.015162840485572815,0.023299172520637512,0.03352928161621094,0.04647189080715181,0.0,0.06290876865386963
BAL_G,112,tile/test/rough/010.png,1,clean_defect,32x32,29,124,0.02672536659144586,0.009527412801980972,0.016276970505714417,0.026207543909549713,0.03580443561077118,0.04841433241963387,0.0,0.06290876865386963
BAL_G,112,tile/test/rough/010.png,1,boundary,32x32,29,29,0.018529752205158102,0.006544888019561768,0.010511457920074463,0.015308573842048645,0.023299172520637512,0.03905568420886992,0.0034720897674560547,0.045273199677467346
BAL_G,113,tile/test/rough/011.png,1,abnormal_normal,32x32,20,899,0.016883411880860205,0.004076133668422699,0.009408310055732727,0.014789998531341553,0.02207820862531662,0.03624614775180815,0.0002955198287963867,0.09921038150787354
BAL_G,113,tile/test/rough/011.png,1,defect,32x32,20,125,0.02699755036830902,0.006502139568328858,0.018595963716506958,0.028634577989578247,0.034067779779434204,0.04564072489738463,0.002887547016143799,0.0632774829864502
BAL_G,113,tile/test/rough/011.png,1,clean_defect,32x32,20,105,0.028465758335022698,0.007190585136413574,0.021350502967834473,0.029715746641159058,0.03530117869377136,0.04671077728271484,0.002887547016143799,0.0632774829864502
BAL_G,113,tile/test/rough/011.png,1,boundary,32x32,20,20,0.01928945854306221,0.006239037960767746,0.00874008983373642,0.019808508455753326,0.02713245153427124,0.029822636395692832,0.005265027284622192,0.03707997500896454
BAL_G,114,tile/test/rough/012.png,1,abnormal_normal,32x32,21,789,0.015480345362946108,0.0028990089893341066,0.008093133568763733,0.01352199912071228,0.019744977355003357,0.035635349154472334,0.0,0.07231804728507996
BAL_G,114,tile/test/rough/012.png,1,defect,32x32,21,235,0.021099278584439704,0.005265980958938599,0.011388175189495087,0.01963070034980774,0.028492838144302368,0.041836559772491455,0.0010145306587219238,0.07034674286842346
BAL_G,114,tile/test/rough/012.png,1,clean_defect,32x32,21,214,0.02121965371281187,0.005583322048187256,0.011416394263505936,0.019788160920143127,0.028537072241306305,0.04217874780297279,0.0010145306587219238,0.07034674286842346
BAL_G,114,tile/test/rough/012.png,1,boundary,32x32,21,21,0.019872598704837617,0.005325973033905029,0.0112132728099823,0.01792275905609131,0.026877030730247498,0.04065205156803131,0.0013595521450042725,0.04156994819641113
BAL_G,115,tile/test/rough/013.png,1,abnormal_normal,32x32,57,701,0.016501035312783192,0.004783734679222107,0.009538546204566956,0.015016704797744751,0.021300628781318665,0.034715861082077026,0.0,0.05733868479728699
BAL_G,115,tile/test/rough/013.png,1,defect,32x32,57,323,0.01958092539672143,0.00606873631477356,0.011915937066078186,0.018567562103271484,0.02537420392036438,0.03928614407777786,0.0,0.05056038498878479
BAL_G,115,tile/test/rough/013.png,1,clean_defect,32x32,57,266,0.020285850068680326,0.006186548620462418,0.013285871595144272,0.0188014954328537,0.026976604014635086,0.03940800577402115,0.0,0.05056038498878479
BAL_G,115,tile/test/rough/013.png,1,boundary,32x32,57,57,0.016291276927579913,0.004579484462738037,0.008940264582633972,0.013987571001052856,0.0214720219373703,0.034742996096610995,0.0010043978691101074,0.04655595123767853
BAL_G,116,tile/test/rough/014.png,1,abnormal_normal,32x32,14,869,0.016669850920780344,0.0038237839937210086,0.009229987859725952,0.01509314775466919,0.022179946303367615,0.03552497923374175,0.0006227195262908936,0.06742042303085327
BAL_G,116,tile/test/rough/014.png,1,defect,32x32,14,155,0.025150798886053025,0.009808723628520966,0.017076052725315094,0.02343873679637909,0.031393133103847504,0.04349505603313444,0.0022367388010025024,0.08264616131782532
BAL_G,116,tile/test/rough/014.png,1,clean_defect,32x32,14,141,0.02503095070521037,0.009838223457336426,0.017121851444244385,0.023737221956253052,0.031361088156700134,0.043039143085479736,0.0022367388010025024,0.07298421859741211
BAL_G,116,tile/test/rough/014.png,1,boundary,32x32,14,14,0.026357841278825487,0.010429991036653518,0.016825146973133087,0.02061564475297928,0.03077823296189308,0.054299560189247115,0.009739890694618225,0.08264616131782532
