method,image_index,sample_id,label,image_max,pixel_ap
B,0,02/test/ko/0000.png,1,0.6953060626983643,0.7767537326695773
B,1,02/test/ko/0001.png,1,0.7377355694770813,0.8885703958783799
B,2,02/test/ko/0002.png,1,0.565268874168396,0.8267489263118989
B,3,02/test/ko/0003.png,1,0.533454418182373,0.46696697105175494
B,4,02/test/ko/0004.png,1,0.6250629425048828,0.41452505970201853
B,5,02/test/ko/0005.png,1,0.684144914150238,0.5834376088615302
B,6,02/test/ko/0006.png,1,0.7508796453475952,0.864097138293165
B,7,02/test/ko/0007.png,1,0.5913091897964478,0.7990801038289005
B,8,02/test/ko/0008.png,1,0.6082067489624023,0.7001300102537832
B,9,02/test/ko/0009.png,1,0.6221177577972412,0.8291918480562681
B,10,02/test/ko/0010.png,1,0.6975076198577881,0.9091334492194789
B,11,02/test/ko/0011.png,1,0.43518975377082825,0.21607305954180003
B,12,02/test/ko/0012.png,1,0.6017687320709229,0.32252027530916455
B,13,02/test/ko/0013.png,1,0.5379589796066284,0.3252999953602253
B,14,02/test/ko/0014.png,1,0.6281464099884033,0.6107834463315387
B,15,02/test/ko/0015.png,1,0.549892008304596,0.7617343676294478
B,16,02/test/ko/0016.png,1,0.6116682291030884,0.7424084968741969
B,17,02/test/ko/0017.png,1,0.7074653506278992,0.479284046789163
B,18,02/test/ko/0018.png,1,0.5687752962112427,0.7906853660471105
B,19,02/test/ko/0019.png,1,0.4514291286468506,0.21509302107428982
B,20,02/test/ko/0020.png,1,0.5921793580055237,0.22881158290855508
B,21,02/test/ko/0021.png,1,0.4746782183647156,0.6714741504304159
B,22,02/test/ko/0022.png,1,0.5473408699035645,0.473088201128465
B,23,02/test/ko/0023.png,1,0.5718687772750854,0.7825377713634524
B,24,02/test/ko/0024.png,1,0.7385303974151611,0.5236817011767362
B,25,02/test/ko/0025.png,1,0.6373605132102966,0.7130111639004748
B,26,02/test/ko/0026.png,1,0.659004271030426,0.12153651383968447
B,27,02/test/ko/0027.png,1,0.4001924693584442,0.028600601230818166
B,28,02/test/ko/0028.png,1,0.6307818293571472,0.6157379414326569
B,29,02/test/ko/0029.png,1,0.5571847558021545,0.7353614362702924
B,30,02/test/ko/0030.png,1,0.5159570574760437,0.7768765515153068
B,31,02/test/ko/0031.png,1,0.6101529002189636,0.07864627110335592
B,32,02/test/ko/0032.png,1,0.6892138719558716,0.39080909751468834
B,33,02/test/ko/0033.png,1,0.4867249131202698,0.22701073963720364
B,34,02/test/ko/0034.png,1,0.455980122089386,0.48537481081968387
B,35,02/test/ko/0035.png,1,0.6374709010124207,0.4620723075345291
B,36,02/test/ko/0036.png,1,0.7140381932258606,0.49327122743470936
B,37,02/test/ko/0037.png,1,0.6108407974243164,0.783770218414209
B,38,02/test/ko/0038.png,1,0.5312024354934692,0.6309282169959584
B,39,02/test/ko/0039.png,1,0.6461178064346313,0.7900961747192718
B,40,02/test/ko/0040.png,1,0.6583048701286316,0.8540448336193501
B,41,02/test/ko/0041.png,1,0.6508810520172119,0.826347525332765
B,42,02/test/ko/0042.png,1,0.5600552558898926,0.004117812368269035
B,43,02/test/ko/0043.png,1,0.6007645130157471,0.5512796207742323
B,44,02/test/ko/0044.png,1,0.6398093700408936,0.6662299833397741
B,45,02/test/ko/0045.png,1,0.7171852588653564,0.4978130363681985
B,46,02/test/ko/0046.png,1,0.7044487595558167,0.5749634272951271
B,47,02/test/ko/0047.png,1,0.6578331589698792,0.6024978170314657
B,48,02/test/ko/0048.png,1,0.5891842842102051,0.31252304692979366
B,49,02/test/ko/0049.png,1,0.6644070148468018,0.7182058002474556
B,50,02/test/ko/0050.png,1,0.5761415362358093,0.7543249986200083
B,51,02/test/ko/0051.png,1,0.601085364818573,0.5831584640691236
B,52,02/test/ko/0052.png,1,0.7039104104042053,0.8022067729144293
B,53,02/test/ko/0053.png,1,0.4731656610965729,0.8491211415683351
B,54,02/test/ko/0054.png,1,0.45445409417152405,0.2949517978532702
B,55,02/test/ko/0055.png,1,0.479485422372818,0.5487377798181349
B,56,02/test/ko/0056.png,1,0.5155344009399414,0.6912205774738365
B,57,02/test/ko/0057.png,1,0.5601006746292114,0.2764491130069912
B,58,02/test/ko/0058.png,1,0.6830260753631592,0.6860433946160674
B,59,02/test/ko/0059.png,1,0.6031750440597534,0.3032870955219653
B,60,02/test/ko/0060.png,1,0.5260229706764221,0.5385704979148989
B,61,02/test/ko/0061.png,1,0.664596676826477,0.5195512175333998
B,62,02/test/ko/0062.png,1,0.5776569843292236,0.8025159836175738
B,63,02/test/ko/0063.png,1,0.7216514348983765,0.6129507931553564
B,64,02/test/ko/0064.png,1,0.5584017038345337,0.5836645205225635
B,65,02/test/ko/0065.png,1,0.5429867506027222,0.2923273593150788
B,66,02/test/ko/0066.png,1,0.6136718392372131,0.5048387630431821
B,67,02/test/ko/0067.png,1,0.6185799837112427,0.22046291057822304
B,68,02/test/ko/0068.png,1,0.6623110175132751,0.27074890513724753
B,69,02/test/ko/0069.png,1,0.8042712807655334,0.8899966950313999
B,70,02/test/ko/0070.png,1,0.5810755491256714,0.022158995781355717
B,71,02/test/ko/0071.png,1,0.5939201712608337,0.029941781852480906
B,72,02/test/ko/0072.png,1,0.7222263813018799,0.24748776420172036
B,73,02/test/ko/0073.png,1,0.5265459418296814,0.04723961773555518
B,74,02/test/ko/0074.png,1,0.44494518637657166,0.04587045724200361
B,75,02/test/ko/0075.png,1,0.6885373592376709,0.4940701491647368
B,76,02/test/ko/0076.png,1,0.5988368988037109,0.45208932802566804
B,77,02/test/ko/0077.png,1,0.6703748106956482,0.49901399862804935
B,78,02/test/ko/0078.png,1,0.6471443176269531,0.6570257173928594
B,79,02/test/ko/0079.png,1,0.5778767466545105,0.6348291662968952
B,80,02/test/ko/0080.png,1,0.2745527923107147,0.5583277865604378
B,81,02/test/ko/0081.png,1,0.15135103464126587,0.5202785307050927
B,82,02/test/ko/0082.png,1,0.17484864592552185,0.051541807956614755
B,83,02/test/ko/0083.png,1,0.17508041858673096,0.040158758367801764
B,84,02/test/ko/0084.png,1,0.2930859625339508,0.9166666666666667
B,85,02/test/ko/0085.png,1,0.24947874248027802,0.3094217981481067
B,86,02/test/ko/0086.png,1,0.19504645466804504,0.2864139515455305
B,87,02/test/ko/0087.png,1,0.2073388546705246,0.43262447792184805
B,88,02/test/ko/0088.png,1,0.18509289622306824,
B,89,02/test/ko/0089.png,1,0.17581315338611603,0.09126984126984126
B,90,02/test/ko/0090.png,1,0.18645402789115906,0.09734562543289758
B,91,02/test/ko/0091.png,1,0.2919674515724182,0.6280026990553307
B,92,02/test/ko/0092.png,1,0.1831689178943634,
B,93,02/test/ko/0093.png,1,0.21045082807540894,0.5046643381870655
B,94,02/test/ko/0094.png,1,0.2831055223941803,0.4457745843968881
B,95,02/test/ko/0095.png,1,0.18721920251846313,0.14656419832890422
B,96,02/test/ko/0096.png,1,0.16972076892852783,0.135154606452886
B,97,02/test/ko/0097.png,1,0.19171147048473358,0.1075843021566329
B,98,02/test/ko/0098.png,1,0.25324735045433044,0.09174301077631328
B,99,02/test/ko/0099.png,1,0.20527011156082153,0.6631493506493507
B,100,02/test/ko/0100.png,1,0.19634540379047394,0.13942723942723942
B,101,02/test/ko/0101.png,1,0.21869654953479767,0.42417027417027414
B,102,02/test/ko/0102.png,1,0.1927500069141388,0.13964646464646463
B,103,02/test/ko/0103.png,1,0.1618364155292511,0.13648507965843948
B,104,02/test/ko/0104.png,1,0.24702519178390503,0.014771206191688764
B,105,02/test/ko/0105.png,1,0.18364903330802917,0.059630325099930666
B,106,02/test/ko/0106.png,1,0.2369481772184372,0.18389529778588246
B,107,02/test/ko/0107.png,1,0.27951812744140625,0.38019820067608817
B,108,02/test/ko/0108.png,1,0.23375186324119568,0.005980575002051139
B,109,02/test/ko/0109.png,1,0.1961590051651001,
B,110,02/test/ko/0110.png,1,0.21164338290691376,0.1801261272289025
B,111,02/test/ko/0111.png,1,0.20189045369625092,0.4027777777777778
B,112,02/test/ko/0112.png,1,0.19007594883441925,
B,113,02/test/ko/0113.png,1,0.19434984028339386,0.7546099290780142
B,114,02/test/ko/0114.png,1,0.23091253638267517,0.3032468382656337
B,115,02/test/ko/0115.png,1,0.2188107967376709,0.051014414329631726
B,116,02/test/ko/0116.png,1,0.1973184198141098,
B,117,02/test/ko/0117.png,1,0.2397049516439438,0.07812801233853865
B,118,02/test/ko/0118.png,1,0.2419314980506897,
B,119,02/test/ko/0119.png,1,0.16805320978164673,
B,120,02/test/ko/0120.png,1,0.16147556900978088,
B,121,02/test/ko/0121.png,1,0.18622815608978271,0.08574798609943894
B,122,02/test/ko/0122.png,1,0.15223173797130585,
B,123,02/test/ko/0123.png,1,0.16635632514953613,
B,124,02/test/ko/0124.png,1,0.23588019609451294,0.4046039560285884
B,125,02/test/ko/0125.png,1,0.17992112040519714,0.30714285714285716
B,126,02/test/ko/0126.png,1,0.21955803036689758,0.18897559767124986
B,127,02/test/ko/0127.png,1,0.1717202216386795,
B,128,02/test/ko/0128.png,1,0.2840924561023712,0.26246950860616103
B,129,02/test/ko/0129.png,1,0.18991295993328094,
B,130,02/test/ko/0130.png,1,0.1531560719013214,0.18972620946305155
B,131,02/test/ko/0131.png,1,0.2442937046289444,0.032163586856267495
B,132,02/test/ko/0132.png,1,0.20238351821899414,0.07422975039001072
B,133,02/test/ko/0133.png,1,0.2067202925682068,
B,134,02/test/ko/0134.png,1,0.2284305989742279,0.18338478461429283
B,135,02/test/ko/0135.png,1,0.19829949736595154,0.16102851396969045
B,136,02/test/ko/0136.png,1,0.16333898901939392,
B,137,02/test/ko/0137.png,1,0.1711505800485611,
B,138,02/test/ko/0138.png,1,0.18546698987483978,
B,139,02/test/ko/0139.png,1,0.18089044094085693,
B,140,02/test/ko/0140.png,1,0.1987409144639969,0.7307025082760377
B,141,02/test/ko/0141.png,1,0.19375655055046082,
B,142,02/test/ko/0142.png,1,0.17849676311016083,0.032024381169636934
B,143,02/test/ko/0143.png,1,0.2310323864221573,0.3618117993117993
B,144,02/test/ko/0144.png,1,0.16926515102386475,
B,145,02/test/ko/0145.png,1,0.21427252888679504,
B,146,02/test/ko/0146.png,1,0.15473099052906036,
B,147,02/test/ko/0147.png,1,0.21579355001449585,0.3657294238063701
B,148,02/test/ko/0148.png,1,0.22604797780513763,
B,149,02/test/ko/0149.png,1,0.15701943635940552,
B,150,02/test/ko/0150.png,1,0.14988373219966888,
B,151,02/test/ko/0151.png,1,0.14820213615894318,0.04094492984134149
B,152,02/test/ko/0152.png,1,0.20167553424835205,0.4632166904556912
B,153,02/test/ko/0153.png,1,0.20705842971801758,0.3871722446060194
B,154,02/test/ko/0154.png,1,0.17021211981773376,
B,155,02/test/ko/0155.png,1,0.19216927886009216,0.11222917535808649
B,156,02/test/ko/0156.png,1,0.14828351140022278,
B,157,02/test/ko/0157.png,1,0.21832214295864105,
B,158,02/test/ko/0158.png,1,0.16552430391311646,0.013809553364751695
B,159,02/test/ko/0159.png,1,0.22612303495407104,
B,160,02/test/ko/0160.png,1,0.1858774572610855,
B,161,02/test/ko/0161.png,1,0.14056585729122162,0.04509117683768346
B,162,02/test/ko/0162.png,1,0.1576252281665802,0.007687292573827204
B,163,02/test/ko/0163.png,1,0.1978832334280014,
B,164,02/test/ko/0164.png,1,0.19977165758609772,0.5777777777777777
B,165,02/test/ko/0165.png,1,0.18921272456645966,0.08712576021653387
B,166,02/test/ko/0166.png,1,0.171644926071167,0.592987012987013
B,167,02/test/ko/0167.png,1,0.1828950196504593,0.05412019353195824
B,168,02/test/ko/0168.png,1,0.1798332929611206,
B,169,02/test/ko/0169.png,1,0.18409723043441772,0.09206349206349206
B,170,02/test/ko/0170.png,1,0.1968509405851364,0.18179899921625367
B,171,02/test/ko/0171.png,1,0.16165293753147125,
B,172,02/test/ko/0172.png,1,0.15462049841880798,
B,173,02/test/ko/0173.png,1,0.2130827158689499,
B,174,02/test/ko/0174.png,1,0.17858877778053284,0.2720114102973802
B,175,02/test/ko/0175.png,1,0.17684614658355713,0.06707615109254453
B,176,02/test/ko/0176.png,1,0.13570940494537354,
B,177,02/test/ko/0177.png,1,0.18294641375541687,0.0005214832277577843
B,178,02/test/ko/0178.png,1,0.17527508735656738,0.63
B,179,02/test/ko/0179.png,1,0.16825856268405914,0.017992424242424244
B,180,02/test/ko/0180.png,1,0.17106610536575317,
B,181,02/test/ko/0181.png,1,0.16423571109771729,0.1939877972664858
B,182,02/test/ko/0182.png,1,0.17823684215545654,
B,183,02/test/ko/0183.png,1,0.26332154870033264,0.7708333333333333
B,184,02/test/ko/0184.png,1,0.149058535695076,
B,185,02/test/ko/0185.png,1,0.20104829967021942,0.4611480624638519
B,186,02/test/ko/0186.png,1,0.1972891241312027,0.02300480540771874
B,187,02/test/ko/0187.png,1,0.264627069234848,0.5311355311355311
B,188,02/test/ko/0188.png,1,0.4104035496711731,0.4725849395889378
B,189,02/test/ko/0189.png,1,0.6248898506164551,0.6296482479642165
B,190,02/test/ko/0190.png,1,0.6411867141723633,0.45988092872875735
B,191,02/test/ko/0191.png,1,0.6692267656326294,0.8425931943875198
B,192,02/test/ko/0192.png,1,0.5443266034126282,0.0536892405385994
B,193,02/test/ko/0193.png,1,0.6132886409759521,0.6492575512067301
B,194,02/test/ko/0194.png,1,0.5749897956848145,0.49489503948936453
B,195,02/test/ko/0195.png,1,0.31417596340179443,0.3555185039396793
B,196,02/test/ko/0196.png,1,0.5895742774009705,0.018453773211958777
B,197,02/test/ko/0197.png,1,0.6580774188041687,0.5551023553394674
B,198,02/test/ko/0198.png,1,0.7248824238777161,0.8315633834285446
B,199,02/test/ko/0199.png,1,0.6911552548408508,0.4935439008183487
B,200,02/test/ok/0000.png,0,0.12608405947685242,
B,201,02/test/ok/0001.png,0,0.1759919822216034,
B,202,02/test/ok/0002.png,0,0.1673399806022644,
B,203,02/test/ok/0003.png,0,0.13862307369709015,
B,204,02/test/ok/0004.png,0,0.18128757178783417,
B,205,02/test/ok/0005.png,0,0.14323373138904572,
B,206,02/test/ok/0006.png,0,0.18009670078754425,
B,207,02/test/ok/0007.png,0,0.18922264873981476,
B,208,02/test/ok/0008.png,0,0.22143007814884186,
B,209,02/test/ok/0009.png,0,0.1703941524028778,
B,210,02/test/ok/0010.png,0,0.17694349586963654,
B,211,02/test/ok/0011.png,0,0.16263410449028015,
B,212,02/test/ok/0012.png,0,0.14200416207313538,
B,213,02/test/ok/0013.png,0,0.1410873830318451,
B,214,02/test/ok/0014.png,0,0.14313165843486786,
B,215,02/test/ok/0015.png,0,0.14229156076908112,
B,216,02/test/ok/0016.png,0,0.17126254737377167,
B,217,02/test/ok/0017.png,0,0.1603294312953949,
B,218,02/test/ok/0018.png,0,0.16155222058296204,
B,219,02/test/ok/0019.png,0,0.16377145051956177,
B,220,02/test/ok/0020.png,0,0.1512797474861145,
B,221,02/test/ok/0021.png,0,0.1487574726343155,
B,222,02/test/ok/0022.png,0,0.14964203536510468,
B,223,02/test/ok/0023.png,0,0.14872829616069794,
B,224,02/test/ok/0024.png,0,0.19934529066085815,
B,225,02/test/ok/0025.png,0,0.1415860950946808,
B,226,02/test/ok/0026.png,0,0.18944896757602692,
B,227,02/test/ok/0027.png,0,0.16601230204105377,
B,228,02/test/ok/0028.png,0,0.16033804416656494,
B,229,02/test/ok/0029.png,0,0.20023797452449799,
S,0,02/test/ko/0000.png,1,0.6252056360244751,0.8403355527004629
S,1,02/test/ko/0001.png,1,0.6669368743896484,0.9175375750056232
S,2,02/test/ko/0002.png,1,0.38243207335472107,0.8149468531663542
S,3,02/test/ko/0003.png,1,0.38633203506469727,0.45132092226869813
S,4,02/test/ko/0004.png,1,0.5005938410758972,0.4681804536510711
S,5,02/test/ko/0005.png,1,0.4965879023075104,0.715063576679599
S,6,02/test/ko/0006.png,1,0.6307908296585083,0.8646815439580454
S,7,02/test/ko/0007.png,1,0.41463157534599304,0.825748914557387
S,8,02/test/ko/0008.png,1,0.45673203468322754,0.8245354358961682
S,9,02/test/ko/0009.png,1,0.46283429861068726,0.7701281432887015
S,10,02/test/ko/0010.png,1,0.5885140299797058,0.9266421356759273
S,11,02/test/ko/0011.png,1,0.2770101726055145,0.11729098249055328
S,12,02/test/ko/0012.png,1,0.48954060673713684,0.18148704587580672
S,13,02/test/ko/0013.png,1,0.43243175745010376,0.5920634555041764
S,14,02/test/ko/0014.png,1,0.5214047431945801,0.7100300841016847
S,15,02/test/ko/0015.png,1,0.4642126262187958,0.8487916012394724
S,16,02/test/ko/0016.png,1,0.5240509510040283,0.7325073248517727
S,17,02/test/ko/0017.png,1,0.4392639994621277,0.5415977998341476
S,18,02/test/ko/0018.png,1,0.40325409173965454,0.7567183223401985
S,19,02/test/ko/0019.png,1,0.39244192838668823,0.28489759592548797
S,20,02/test/ko/0020.png,1,0.4621851146221161,0.49183438028193854
S,21,02/test/ko/0021.png,1,0.312530517578125,0.40923989900535457
S,22,02/test/ko/0022.png,1,0.5122825503349304,0.3126308501088074
S,23,02/test/ko/0023.png,1,0.42583179473876953,0.7670350894849813
S,24,02/test/ko/0024.png,1,0.5648425221443176,0.7219503322726224
S,25,02/test/ko/0025.png,1,0.4788268804550171,0.7842095752048338
S,26,02/test/ko/0026.png,1,0.5012928247451782,0.14099624394648302
S,27,02/test/ko/0027.png,1,0.332354873418808,0.03371187950677337
S,28,02/test/ko/0028.png,1,0.47396042943000793,0.7087504550085423
S,29,02/test/ko/0029.png,1,0.40095892548561096,0.8230913692552076
S,30,02/test/ko/0030.png,1,0.393401563167572,0.7805591897089752
S,31,02/test/ko/0031.png,1,0.406535267829895,0.06971784718231563
S,32,02/test/ko/0032.png,1,0.538696825504303,0.5269250921321731
S,33,02/test/ko/0033.png,1,0.30863749980926514,0.15015266999310514
S,34,02/test/ko/0034.png,1,0.38580402731895447,0.7401395748662664
S,35,02/test/ko/0035.png,1,0.5624635815620422,0.7126000229895543
S,36,02/test/ko/0036.png,1,0.5878810286521912,0.7475161372826582
S,37,02/test/ko/0037.png,1,0.4871719479560852,0.881097880199577
S,38,02/test/ko/0038.png,1,0.5430156588554382,0.8076583424976181
S,39,02/test/ko/0039.png,1,0.5897528529167175,0.8268528030879299
S,40,02/test/ko/0040.png,1,0.5301791429519653,0.8188647125467585
S,41,02/test/ko/0041.png,1,0.5734623074531555,0.7813196270552839
S,42,02/test/ko/0042.png,1,0.3557107746601105,0.0035835962900647262
S,43,02/test/ko/0043.png,1,0.49883630871772766,0.7027961469886698
S,44,02/test/ko/0044.png,1,0.5186419486999512,0.7172926557629798
S,45,02/test/ko/0045.png,1,0.5639891028404236,0.6239804013659024
S,46,02/test/ko/0046.png,1,0.5405784845352173,0.7098599875303967
S,47,02/test/ko/0047.png,1,0.5470666885375977,0.8024629321838181
S,48,02/test/ko/0048.png,1,0.3925352096557617,0.7281785085272431
S,49,02/test/ko/0049.png,1,0.6106763482093811,0.7735362031442877
S,50,02/test/ko/0050.png,1,0.4864129424095154,0.7261909764107676
S,51,02/test/ko/0051.png,1,0.5872364044189453,0.7657220418766982
S,52,02/test/ko/0052.png,1,0.5918031930923462,0.7317387069755371
S,53,02/test/ko/0053.png,1,0.40246105194091797,0.9270686664065569
S,54,02/test/ko/0054.png,1,0.3595430254936218,0.38500006151141813
S,55,02/test/ko/0055.png,1,0.3960312604904175,0.7674373392224053
S,56,02/test/ko/0056.png,1,0.45699068903923035,0.8264588444437067
S,57,02/test/ko/0057.png,1,0.45107975602149963,0.4673948057523862
S,58,02/test/ko/0058.png,1,0.518486499786377,0.7657396315813638
S,59,02/test/ko/0059.png,1,0.48609912395477295,0.3497142062174306
S,60,02/test/ko/0060.png,1,0.43466123938560486,0.6709750680385709
S,61,02/test/ko/0061.png,1,0.5298664569854736,0.6819637950198978
S,62,02/test/ko/0062.png,1,0.470956414937973,0.7977296632133215
S,63,02/test/ko/0063.png,1,0.5383645296096802,0.6035287706506138
S,64,02/test/ko/0064.png,1,0.48863860964775085,0.5712536694989904
S,65,02/test/ko/0065.png,1,0.3763654828071594,0.6552468163697169
S,66,02/test/ko/0066.png,1,0.4667191803455353,0.44948140860718033
S,67,02/test/ko/0067.png,1,0.494049072265625,0.256549877201551
S,68,02/test/ko/0068.png,1,0.45190292596817017,0.2869390969364565
S,69,02/test/ko/0069.png,1,0.7604148387908936,0.9245588157558482
S,70,02/test/ko/0070.png,1,0.37591665983200073,0.02069972169471881
S,71,02/test/ko/0071.png,1,0.5212704539299011,0.02583798548332267
S,72,02/test/ko/0072.png,1,0.48381665349006653,0.2852641605242456
S,73,02/test/ko/0073.png,1,0.2816944122314453,0.05060683679955379
S,74,02/test/ko/0074.png,1,0.2944819927215576,0.046527307838178475
S,75,02/test/ko/0075.png,1,0.5451639294624329,0.7372624209818641
S,76,02/test/ko/0076.png,1,0.4255957007408142,0.4198186401633366
S,77,02/test/ko/0077.png,1,0.5398927330970764,0.7781790979592357
S,78,02/test/ko/0078.png,1,0.5575823187828064,0.8380174643724883
S,79,02/test/ko/0079.png,1,0.44627639651298523,0.8283873309172182
S,80,02/test/ko/0080.png,1,0.2738231122493744,0.7598680181243285
S,81,02/test/ko/0081.png,1,0.21396413445472717,0.523982574460203
S,82,02/test/ko/0082.png,1,0.11874452233314514,0.06745177939999185
S,83,02/test/ko/0083.png,1,0.14097650349140167,0.06670776387127889
S,84,02/test/ko/0084.png,1,0.13970762491226196,0.3336940836940837
S,85,02/test/ko/0085.png,1,0.1589377373456955,0.1887496920133594
S,86,02/test/ko/0086.png,1,0.1543320268392563,0.10487891737891739
S,87,02/test/ko/0087.png,1,0.15432420372962952,0.4795083201698247
S,88,02/test/ko/0088.png,1,0.1263069212436676,
S,89,02/test/ko/0089.png,1,0.14915113151073456,0.2777777777777778
S,90,02/test/ko/0090.png,1,0.14233963191509247,0.6555555555555554
S,91,02/test/ko/0091.png,1,0.2289019674062729,0.20908786464594087
S,92,02/test/ko/0092.png,1,0.16205130517482758,
S,93,02/test/ko/0093.png,1,0.1174464076757431,0.20421156904474816
S,94,02/test/ko/0094.png,1,0.2832852303981781,0.2904618913493619
S,95,02/test/ko/0095.png,1,0.13916358351707458,0.020143366933012524
S,96,02/test/ko/0096.png,1,0.12314024567604065,0.22746955600374713
S,97,02/test/ko/0097.png,1,0.15315169095993042,0.3900183150183151
S,98,02/test/ko/0098.png,1,0.1794690638780594,0.1803911235113281
S,99,02/test/ko/0099.png,1,0.11455363780260086,0.159585674940278
S,100,02/test/ko/0100.png,1,0.1786080151796341,0.10781995781995782
S,101,02/test/ko/0101.png,1,0.1339721381664276,0.17256967170760273
S,102,02/test/ko/0102.png,1,0.10930764675140381,0.3008741258741259
S,103,02/test/ko/0103.png,1,0.1491888463497162,0.022222798687326132
S,104,02/test/ko/0104.png,1,0.14396564662456512,0.08919832448157572
S,105,02/test/ko/0105.png,1,0.15177707374095917,0.11060463456146187
S,106,02/test/ko/0106.png,1,0.20560111105442047,0.18231714576665473
S,107,02/test/ko/0107.png,1,0.18636247515678406,0.3895749010411261
S,108,02/test/ko/0108.png,1,0.1513482630252838,0.004679001036933339
S,109,02/test/ko/0109.png,1,0.15516182780265808,
S,110,02/test/ko/0110.png,1,0.21352654695510864,0.17484835654816308
S,111,02/test/ko/0111.png,1,0.09381677955389023,0.5285714285714286
S,112,02/test/ko/0112.png,1,0.1251695156097412,
S,113,02/test/ko/0113.png,1,0.12554693222045898,0.4688888888888889
S,114,02/test/ko/0114.png,1,0.16448581218719482,0.15157596639282178
S,115,02/test/ko/0115.png,1,0.12972891330718994,0.059504067519519
S,116,02/test/ko/0116.png,1,0.2019241899251938,
S,117,02/test/ko/0117.png,1,0.17879660427570343,0.041261659302896415
S,118,02/test/ko/0118.png,1,0.10673774033784866,
S,119,02/test/ko/0119.png,1,0.11605896055698395,
S,120,02/test/ko/0120.png,1,0.10603369772434235,
S,121,02/test/ko/0121.png,1,0.14544859528541565,0.03596320533540137
S,122,02/test/ko/0122.png,1,0.10167575627565384,
S,123,02/test/ko/0123.png,1,0.11258823424577713,
S,124,02/test/ko/0124.png,1,0.16821004450321198,0.38431559508487145
S,125,02/test/ko/0125.png,1,0.11431360244750977,0.06531649245063878
S,126,02/test/ko/0126.png,1,0.1581488698720932,0.043176012354499346
S,127,02/test/ko/0127.png,1,0.11859727650880814,
S,128,02/test/ko/0128.png,1,0.13160724937915802,0.08579062742697328
S,129,02/test/ko/0129.png,1,0.12523876130580902,
S,130,02/test/ko/0130.png,1,0.13541778922080994,0.10841493653440891
S,131,02/test/ko/0131.png,1,0.18847236037254333,0.02404771389548307
S,132,02/test/ko/0132.png,1,0.14321227371692657,0.10578115608319666
S,133,02/test/ko/0133.png,1,0.11625294387340546,
S,134,02/test/ko/0134.png,1,0.1573653370141983,0.7653198653198654
S,135,02/test/ko/0135.png,1,0.20165403187274933,0.033992416825815795
S,136,02/test/ko/0136.png,1,0.1618186980485916,
S,137,02/test/ko/0137.png,1,0.11305897682905197,
S,138,02/test/ko/0138.png,1,0.1855749636888504,
S,139,02/test/ko/0139.png,1,0.12973840534687042,
S,140,02/test/ko/0140.png,1,0.13635939359664917,0.6145767195767196
S,141,02/test/ko/0141.png,1,0.13904507458209991,
S,142,02/test/ko/0142.png,1,0.15287692844867706,0.05561046157593472
S,143,02/test/ko/0143.png,1,0.17360059916973114,0.6818783068783069
S,144,02/test/ko/0144.png,1,0.10913629084825516,
S,145,02/test/ko/0145.png,1,0.14353665709495544,
S,146,02/test/ko/0146.png,1,0.11805076152086258,
S,147,02/test/ko/0147.png,1,0.11010842770338058,0.18638655389511555
S,148,02/test/ko/0148.png,1,0.14065220952033997,
S,149,02/test/ko/0149.png,1,0.10595133155584335,
S,150,02/test/ko/0150.png,1,0.10112553834915161,
S,151,02/test/ko/0151.png,1,0.10672176629304886,0.09146619618688856
S,152,02/test/ko/0152.png,1,0.17640259861946106,0.2265941265941266
S,153,02/test/ko/0153.png,1,0.1379200667142868,0.09346743492435848
S,154,02/test/ko/0154.png,1,0.15367822349071503,
S,155,02/test/ko/0155.png,1,0.12519361078739166,0.17748666216556128
S,156,02/test/ko/0156.png,1,0.11608315259218216,
S,157,02/test/ko/0157.png,1,0.14163947105407715,
S,158,02/test/ko/0158.png,1,0.12119676172733307,0.01624207005663624
S,159,02/test/ko/0159.png,1,0.17122817039489746,
S,160,02/test/ko/0160.png,1,0.13024552166461945,
S,161,02/test/ko/0161.png,1,0.1062750443816185,0.14787741698066414
S,162,02/test/ko/0162.png,1,0.13665379583835602,0.003197344806915323
S,163,02/test/ko/0163.png,1,0.14271113276481628,
S,164,02/test/ko/0164.png,1,0.1545625776052475,0.005351101232286191
S,165,02/test/ko/0165.png,1,0.11495383828878403,0.23373062264191297
S,166,02/test/ko/0166.png,1,0.12670601904392242,0.10378436575245086
S,167,02/test/ko/0167.png,1,0.15011374652385712,0.4183760683760684
S,168,02/test/ko/0168.png,1,0.1402001678943634,
S,169,02/test/ko/0169.png,1,0.10140856355428696,0.28792270531400965
S,170,02/test/ko/0170.png,1,0.14153064787387848,0.05750579038795599
S,171,02/test/ko/0171.png,1,0.14665354788303375,
S,172,02/test/ko/0172.png,1,0.12862436473369598,
S,173,02/test/ko/0173.png,1,0.15285557508468628,
S,174,02/test/ko/0174.png,1,0.1296454519033432,0.11134991681154172
S,175,02/test/ko/0175.png,1,0.08957504481077194,0.0403998778998779
S,176,02/test/ko/0176.png,1,0.10509529709815979,
S,177,02/test/ko/0177.png,1,0.12903320789337158,0.0005780191004313
S,178,02/test/ko/0178.png,1,0.14110969007015228,0.22525252525252526
S,179,02/test/ko/0179.png,1,0.10607022047042847,0.09139540522519246
S,180,02/test/ko/0180.png,1,0.11035103350877762,
S,181,02/test/ko/0181.png,1,0.14159947633743286,0.16762147715812523
S,182,02/test/ko/0182.png,1,0.19730395078659058,
S,183,02/test/ko/0183.png,1,0.1561700999736786,0.15155228758169934
S,184,02/test/ko/0184.png,1,0.13993693888187408,
S,185,02/test/ko/0185.png,1,0.16543488204479218,0.7740646258503401
S,186,02/test/ko/0186.png,1,0.1658499836921692,0.07290688486499798
S,187,02/test/ko/0187.png,1,0.1574792116880417,0.26257281502051033
S,188,02/test/ko/0188.png,1,0.3465883433818817,0.4228460891649378
S,189,02/test/ko/0189.png,1,0.5560652613639832,0.7196594706196794
S,190,02/test/ko/0190.png,1,0.4652194678783417,0.769894449448462
S,191,02/test/ko/0191.png,1,0.7431290745735168,0.907744915663156
S,192,02/test/ko/0192.png,1,0.3445907235145569,0.0554614592410517
S,193,02/test/ko/0193.png,1,0.5074107050895691,0.6316918958795908
S,194,02/test/ko/0194.png,1,0.3661342263221741,0.639356754678431
S,195,02/test/ko/0195.png,1,0.24802365899085999,0.5139402469575705
S,196,02/test/ko/0196.png,1,0.397906094789505,0.01796324051911841
S,197,02/test/ko/0197.png,1,0.5193933844566345,0.4993178738018515
S,198,02/test/ko/0198.png,1,0.5818508863449097,0.8479429803019012
S,199,02/test/ko/0199.png,1,0.5452531576156616,0.7784969009638548
S,200,02/test/ok/0000.png,0,0.10144046694040298,
S,201,02/test/ok/0001.png,0,0.09728049486875534,
S,202,02/test/ok/0002.png,0,0.10400383174419403,
S,203,02/test/ok/0003.png,0,0.09625507146120071,
S,204,02/test/ok/0004.png,0,0.10200098901987076,
S,205,02/test/ok/0005.png,0,0.09726943075656891,
S,206,02/test/ok/0006.png,0,0.12307573109865189,
S,207,02/test/ok/0007.png,0,0.11167188733816147,
S,208,02/test/ok/0008.png,0,0.18663425743579865,
S,209,02/test/ok/0009.png,0,0.11505839228630066,
S,210,02/test/ok/0010.png,0,0.16054967045783997,
S,211,02/test/ok/0011.png,0,0.08568046241998672,
S,212,02/test/ok/0012.png,0,0.07987378537654877,
S,213,02/test/ok/0013.png,0,0.14415797591209412,
S,214,02/test/ok/0014.png,0,0.14361484348773956,
S,215,02/test/ok/0015.png,0,0.09351889044046402,
S,216,02/test/ok/0016.png,0,0.12382826209068298,
S,217,02/test/ok/0017.png,0,0.15488487482070923,
S,218,02/test/ok/0018.png,0,0.13283784687519073,
S,219,02/test/ok/0019.png,0,0.09261710196733475,
S,220,02/test/ok/0020.png,0,0.096455879509449,
S,221,02/test/ok/0021.png,0,0.10413344204425812,
S,222,02/test/ok/0022.png,0,0.09759209305047989,
S,223,02/test/ok/0023.png,0,0.12145137041807175,
S,224,02/test/ok/0024.png,0,0.16456957161426544,
S,225,02/test/ok/0025.png,0,0.09538454562425613,
S,226,02/test/ok/0026.png,0,0.1639382392168045,
S,227,02/test/ok/0027.png,0,0.11501684039831161,
S,228,02/test/ok/0028.png,0,0.10097940266132355,
S,229,02/test/ok/0029.png,0,0.12014109641313553,
C,0,02/test/ko/0000.png,1,0.18297433853149414,0.6969939067142336
C,1,02/test/ko/0001.png,1,0.16957038640975952,0.7504708130247304
C,2,02/test/ko/0002.png,1,0.15215766429901123,0.503560711531581
C,3,02/test/ko/0003.png,1,0.08925584703683853,0.4426527382794342
C,4,02/test/ko/0004.png,1,0.2245544046163559,0.7132782478601567
C,5,02/test/ko/0005.png,1,0.16130967438220978,0.6001695359598949
C,6,02/test/ko/0006.png,1,0.18398496508598328,0.5288632809276144
C,7,02/test/ko/0007.png,1,0.17790727317333221,0.698689941343619
C,8,02/test/ko/0008.png,1,0.1427897959947586,0.3834231498155845
C,9,02/test/ko/0009.png,1,0.16916805505752563,0.7772951723639279
C,10,02/test/ko/0010.png,1,0.21712209284305573,0.8477182250756836
C,11,02/test/ko/0011.png,1,0.07800772786140442,0.12812790227224846
C,12,02/test/ko/0012.png,1,0.12764671444892883,0.12262832424043887
C,13,02/test/ko/0013.png,1,0.17399537563323975,0.666569860329031
C,14,02/test/ko/0014.png,1,0.1459929347038269,0.3898684035356173
C,15,02/test/ko/0015.png,1,0.13642069697380066,0.42623625826933736
C,16,02/test/ko/0016.png,1,0.14331145584583282,0.472421069400639
C,17,02/test/ko/0017.png,1,0.14174392819404602,0.4795948131933201
C,18,02/test/ko/0018.png,1,0.1822320520877838,0.8150893595683939
C,19,02/test/ko/0019.png,1,0.1996770203113556,0.8457741703044658
C,20,02/test/ko/0020.png,1,0.14172592759132385,0.3493446654454431
C,21,02/test/ko/0021.png,1,0.17065972089767456,0.26898203822283123
C,22,02/test/ko/0022.png,1,0.12519477307796478,0.47596756354201736
C,23,02/test/ko/0023.png,1,0.1748536229133606,0.743873592016953
C,24,02/test/ko/0024.png,1,0.1572916954755783,0.5292471529108163
C,25,02/test/ko/0025.png,1,0.16652493178844452,0.7485652093197602
C,26,02/test/ko/0026.png,1,0.1961662620306015,0.26820833201114574
C,27,02/test/ko/0027.png,1,0.07005636394023895,0.002099198040561934
C,28,02/test/ko/0028.png,1,0.22849904000759125,0.45052016301498937
C,29,02/test/ko/0029.png,1,0.19317322969436646,0.5139019465257487
C,30,02/test/ko/0030.png,1,0.21962665021419525,0.8034903326007411
C,31,02/test/ko/0031.png,1,0.15807032585144043,0.07514722835278738
C,32,02/test/ko/0032.png,1,0.16607891023159027,0.3702963736081628
C,33,02/test/ko/0033.png,1,0.08840480446815491,0.5571987852938838
C,34,02/test/ko/0034.png,1,0.16807961463928223,0.7054079410969737
C,35,02/test/ko/0035.png,1,0.22736167907714844,0.6974181494395135
C,36,02/test/ko/0036.png,1,0.19270437955856323,0.4744015380457247
C,37,02/test/ko/0037.png,1,0.21425533294677734,0.7014958361035201
C,38,02/test/ko/0038.png,1,0.21366380155086517,0.5498612743224746
C,39,02/test/ko/0039.png,1,0.17266203463077545,0.17137421049752916
C,40,02/test/ko/0040.png,1,0.18864284455776215,0.6828106567970846
C,41,02/test/ko/0041.png,1,0.23778246343135834,0.9010653476988942
C,42,02/test/ko/0042.png,1,0.08501459658145905,0.04191176470588236
C,43,02/test/ko/0043.png,1,0.1534222662448883,0.30271019811012934
C,44,02/test/ko/0044.png,1,0.20389704406261444,0.8240080043316216
C,45,02/test/ko/0045.png,1,0.18941166996955872,0.5209793261995843
C,46,02/test/ko/0046.png,1,0.17212671041488647,0.4639286105669674
C,47,02/test/ko/0047.png,1,0.20484688878059387,0.6196822099069457
C,48,02/test/ko/0048.png,1,0.12414843589067459,0.24476275635310615
C,49,02/test/ko/0049.png,1,0.23008613288402557,0.7119003926171742
C,50,02/test/ko/0050.png,1,0.1944146603345871,0.7537092554288749
C,51,02/test/ko/0051.png,1,0.2554141879081726,0.6584793961750741
C,52,02/test/ko/0052.png,1,0.17707376182079315,0.7914635845966105
C,53,02/test/ko/0053.png,1,0.16069869697093964,0.6727944859677629
C,54,02/test/ko/0054.png,1,0.08003036677837372,0.22560749599210708
C,55,02/test/ko/0055.png,1,0.1808202713727951,0.7923731859803911
C,56,02/test/ko/0056.png,1,0.16450241208076477,0.7465311529975168
C,57,02/test/ko/0057.png,1,0.13185536861419678,0.3639280398095811
C,58,02/test/ko/0058.png,1,0.20534244179725647,0.5889726791509191
C,59,02/test/ko/0059.png,1,0.2028312087059021,0.5720981809061525
C,60,02/test/ko/0060.png,1,0.17188066244125366,0.583768620944778
C,61,02/test/ko/0061.png,1,0.22827894985675812,0.5611601593452535
C,62,02/test/ko/0062.png,1,0.36595097184181213,0.7634730051979146
C,63,02/test/ko/0063.png,1,0.16651403903961182,0.6001463981781958
C,64,02/test/ko/0064.png,1,0.15854427218437195,0.17752450060181924
C,65,02/test/ko/0065.png,1,0.19595475494861603,0.6837598046479054
C,66,02/test/ko/0066.png,1,0.2308765947818756,0.2841096323412544
C,67,02/test/ko/0067.png,1,0.13024789094924927,0.28321516175112316
C,68,02/test/ko/0068.png,1,0.1337834894657135,0.2778021507409442
C,69,02/test/ko/0069.png,1,0.19417616724967957,0.6606151695729736
C,70,02/test/ko/0070.png,1,0.07208012789487839,0.02186889944279224
C,71,02/test/ko/0071.png,1,0.10933761298656464,0.02076347493573057
C,72,02/test/ko/0072.png,1,0.16806131601333618,0.4560631415024418
C,73,02/test/ko/0073.png,1,0.0798901692032814,0.24636167590011443
C,74,02/test/ko/0074.png,1,0.08073731511831284,0.03061883534997859
C,75,02/test/ko/0075.png,1,0.18646486103534698,0.4133456032645846
C,76,02/test/ko/0076.png,1,0.19897805154323578,0.689831902423501
C,77,02/test/ko/0077.png,1,0.21139606833457947,0.5423014411472374
C,78,02/test/ko/0078.png,1,0.15445180237293243,0.4410989143046289
C,79,02/test/ko/0079.png,1,0.19274966418743134,0.716963497793085
C,80,02/test/ko/0080.png,1,0.07003267854452133,0.6360678985881235
C,81,02/test/ko/0081.png,1,0.07214735448360443,0.7159145927393326
C,82,02/test/ko/0082.png,1,0.03768659383058548,0.013202965900648745
C,83,02/test/ko/0083.png,1,0.05457053333520889,0.0013425357736303514
C,84,02/test/ko/0084.png,1,0.034451331943273544,0.00472144043980562
C,85,02/test/ko/0085.png,1,0.07367614656686783,0.2722586690093232
C,86,02/test/ko/0086.png,1,0.04514952376484871,0.013675979615072626
C,87,02/test/ko/0087.png,1,0.04600118100643158,0.10828769610892035
C,88,02/test/ko/0088.png,1,0.04555624723434448,
C,89,02/test/ko/0089.png,1,0.037647731602191925,0.0016572334803573816
C,90,02/test/ko/0090.png,1,0.04233230650424957,0.055850417048444775
C,91,02/test/ko/0091.png,1,0.07281828671693802,0.2602598146411727
C,92,02/test/ko/0092.png,1,0.04485219717025757,
C,93,02/test/ko/0093.png,1,0.03311307355761528,0.22410534721344882
C,94,02/test/ko/0094.png,1,0.057004719972610474,0.4337466042360719
C,95,02/test/ko/0095.png,1,0.04405858367681503,0.004903289208862509
C,96,02/test/ko/0096.png,1,0.06095128506422043,0.009648246383817678
C,97,02/test/ko/0097.png,1,0.04534716159105301,0.012830089541756249
C,98,02/test/ko/0098.png,1,0.06480535119771957,0.12080783016266888
C,99,02/test/ko/0099.png,1,0.06363538652658463,0.005254952534383351
C,100,02/test/ko/0100.png,1,0.08394943922758102,0.7912087912087913
C,101,02/test/ko/0101.png,1,0.037660688161849976,0.018723812833352192
C,102,02/test/ko/0102.png,1,0.0427284874022007,0.018009439535183025
C,103,02/test/ko/0103.png,1,0.03727506473660469,0.06607520682259381
C,104,02/test/ko/0104.png,1,0.05716552957892418,0.011868852364222476
C,105,02/test/ko/0105.png,1,0.04489225894212723,0.010292955512151848
C,106,02/test/ko/0106.png,1,0.043350156396627426,0.061733821769495996
C,107,02/test/ko/0107.png,1,0.06769979745149612,0.22380370255350138
C,108,02/test/ko/0108.png,1,0.04707189276814461,0.003764196865759406
C,109,02/test/ko/0109.png,1,0.03390447422862053,
C,110,02/test/ko/0110.png,1,0.05063890665769577,0.06929352640851404
C,111,02/test/ko/0111.png,1,0.033711668103933334,0.002489837912577051
C,112,02/test/ko/0112.png,1,0.04379228129982948,
C,113,02/test/ko/0113.png,1,0.06099174544215202,0.002983013872238211
C,114,02/test/ko/0114.png,1,0.0493452250957489,0.021423902534773775
C,115,02/test/ko/0115.png,1,0.054388582706451416,0.002032428306900462
C,116,02/test/ko/0116.png,1,0.0510089248418808,
C,117,02/test/ko/0117.png,1,0.05297451093792915,0.0031141285981064475
C,118,02/test/ko/0118.png,1,0.03760652244091034,
C,119,02/test/ko/0119.png,1,0.037814244627952576,
C,120,02/test/ko/0120.png,1,0.034962404519319534,
C,121,02/test/ko/0121.png,1,0.05071684718132019,0.010919953291308682
C,122,02/test/ko/0122.png,1,0.03165527060627937,
C,123,02/test/ko/0123.png,1,0.04505788907408714,
C,124,02/test/ko/0124.png,1,0.05809715762734413,0.11730701382691171
C,125,02/test/ko/0125.png,1,0.06616000831127167,0.001652053014895039
C,126,02/test/ko/0126.png,1,0.05305181071162224,0.026168246431584326
C,127,02/test/ko/0127.png,1,0.05862325802445412,
C,128,02/test/ko/0128.png,1,0.05658812075853348,0.057628024251931184
C,129,02/test/ko/0129.png,1,0.04117248207330704,
C,130,02/test/ko/0130.png,1,0.04061715677380562,0.0033543339713133446
C,131,02/test/ko/0131.png,1,0.04076508432626724,0.08676686217008799
C,132,02/test/ko/0132.png,1,0.04091644287109375,0.2369314843517228
C,133,02/test/ko/0133.png,1,0.03887459263205528,
C,134,02/test/ko/0134.png,1,0.04331231489777565,0.0019110132184745033
C,135,02/test/ko/0135.png,1,0.035267945379018784,0.0038322239799632534
C,136,02/test/ko/0136.png,1,0.04063903167843819,
C,137,02/test/ko/0137.png,1,0.043367817997932434,
C,138,02/test/ko/0138.png,1,0.03923093527555466,
C,139,02/test/ko/0139.png,1,0.04396051540970802,
C,140,02/test/ko/0140.png,1,0.04281444475054741,0.11355269202530152
C,141,02/test/ko/0141.png,1,0.03202971816062927,
C,142,02/test/ko/0142.png,1,0.04590986669063568,0.004434935863093891
C,143,02/test/ko/0143.png,1,0.07711754739284515,0.13089037231438508
C,144,02/test/ko/0144.png,1,0.03570181503891945,
C,145,02/test/ko/0145.png,1,0.05317147076129913,
C,146,02/test/ko/0146.png,1,0.04314461722970009,
C,147,02/test/ko/0147.png,1,0.043359290808439255,0.0012198178744015687
C,148,02/test/ko/0148.png,1,0.043197151273489,
C,149,02/test/ko/0149.png,1,0.035428792238235474,
C,150,02/test/ko/0150.png,1,0.03401042893528938,
C,151,02/test/ko/0151.png,1,0.0408661887049675,0.0030046977385111916
C,152,02/test/ko/0152.png,1,0.0581229068338871,0.011281796796630257
C,153,02/test/ko/0153.png,1,0.06150347739458084,0.012468072364809832
C,154,02/test/ko/0154.png,1,0.04908714070916176,
C,155,02/test/ko/0155.png,1,0.04494066536426544,0.0034541448771115268
C,156,02/test/ko/0156.png,1,0.056224431842565536,
C,157,02/test/ko/0157.png,1,0.04413241147994995,
C,158,02/test/ko/0158.png,1,0.05594415217638016,0.005503708793014742
C,159,02/test/ko/0159.png,1,0.05779711902141571,
C,160,02/test/ko/0160.png,1,0.040291450917720795,
C,161,02/test/ko/0161.png,1,0.037255026400089264,0.004038709732570483
C,162,02/test/ko/0162.png,1,0.049539800733327866,0.0015221238502302536
C,163,02/test/ko/0163.png,1,0.06641096621751785,
C,164,02/test/ko/0164.png,1,0.03655353933572769,0.00204421315419753
C,165,02/test/ko/0165.png,1,0.04609149694442749,0.035464193581285046
C,166,02/test/ko/0166.png,1,0.04374745860695839,0.004209445948670005
C,167,02/test/ko/0167.png,1,0.05932525172829628,0.6308687870026161
C,168,02/test/ko/0168.png,1,0.03873171657323837,
C,169,02/test/ko/0169.png,1,0.045503970235586166,0.0032802425102894
C,170,02/test/ko/0170.png,1,0.06803011894226074,0.09864327485380117
C,171,02/test/ko/0171.png,1,0.04508727043867111,
C,172,02/test/ko/0172.png,1,0.05793733894824982,
C,173,02/test/ko/0173.png,1,0.04015147686004639,
C,174,02/test/ko/0174.png,1,0.043507520109415054,0.12155791281090472
C,175,02/test/ko/0175.png,1,0.03332144021987915,0.003349946658500064
C,176,02/test/ko/0176.png,1,0.040105413645505905,
C,177,02/test/ko/0177.png,1,0.041346222162246704,0.0017106345025572419
C,178,02/test/ko/0178.png,1,0.03720706328749657,0.12071428571428572
C,179,02/test/ko/0179.png,1,0.03873974084854126,0.003122777488650569
C,180,02/test/ko/0180.png,1,0.03427959978580475,
C,181,02/test/ko/0181.png,1,0.03516444191336632,0.048290401842049406
C,182,02/test/ko/0182.png,1,0.048916272819042206,
C,183,02/test/ko/0183.png,1,0.04631306976079941,0.0027381297826468863
C,184,02/test/ko/0184.png,1,0.048460185527801514,
C,185,02/test/ko/0185.png,1,0.0382377989590168,0.009601628153691942
C,186,02/test/ko/0186.png,1,0.04885227978229523,0.004504168435243134
C,187,02/test/ko/0187.png,1,0.047612253576517105,0.006976499251039738
C,188,02/test/ko/0188.png,1,0.09668382257223129,0.4590029427596293
C,189,02/test/ko/0189.png,1,0.21161067485809326,0.679375171072309
C,190,02/test/ko/0190.png,1,0.16204531490802765,0.6540223647660315
C,191,02/test/ko/0191.png,1,0.20132021605968475,0.4083805297214663
C,192,02/test/ko/0192.png,1,0.1339876800775528,0.3056484087272883
C,193,02/test/ko/0193.png,1,0.18173740804195404,0.42474602328880745
C,194,02/test/ko/0194.png,1,0.17118345201015472,0.5795236855701182
C,195,02/test/ko/0195.png,1,0.11330258101224899,0.38474557051847985
C,196,02/test/ko/0196.png,1,0.12840159237384796,0.22945896502882054
C,197,02/test/ko/0197.png,1,0.15753988921642303,0.4432651748030527
C,198,02/test/ko/0198.png,1,0.24360555410385132,0.7964201781751029
C,199,02/test/ko/0199.png,1,0.20081548392772675,0.5709962812588935
C,200,02/test/ok/0000.png,0,0.045428063720464706,
C,201,02/test/ok/0001.png,0,0.04034363478422165,
C,202,02/test/ok/0002.png,0,0.04114808142185211,
C,203,02/test/ok/0003.png,0,0.0371333546936512,
C,204,02/test/ok/0004.png,0,0.041006237268447876,
C,205,02/test/ok/0005.png,0,0.047641776502132416,
C,206,02/test/ok/0006.png,0,0.038602083921432495,
C,207,02/test/ok/0007.png,0,0.041212573647499084,
C,208,02/test/ok/0008.png,0,0.04421543329954147,
C,209,02/test/ok/0009.png,0,0.06431995332241058,
C,210,02/test/ok/0010.png,0,0.03590584546327591,
C,211,02/test/ok/0011.png,0,0.036508575081825256,
C,212,02/test/ok/0012.png,0,0.04561686888337135,
C,213,02/test/ok/0013.png,0,0.04540683701634407,
C,214,02/test/ok/0014.png,0,0.045392464846372604,
C,215,02/test/ok/0015.png,0,0.03818904608488083,
C,216,02/test/ok/0016.png,0,0.04539172351360321,
C,217,02/test/ok/0017.png,0,0.044732704758644104,
C,218,02/test/ok/0018.png,0,0.0387929268181324,
C,219,02/test/ok/0019.png,0,0.04585003852844238,
C,220,02/test/ok/0020.png,0,0.03358801081776619,
C,221,02/test/ok/0021.png,0,0.04645111784338951,
C,222,02/test/ok/0022.png,0,0.0364169180393219,
C,223,02/test/ok/0023.png,0,0.04287704825401306,
C,224,02/test/ok/0024.png,0,0.03797803446650505,
C,225,02/test/ok/0025.png,0,0.038175590336322784,
C,226,02/test/ok/0026.png,0,0.07263582944869995,
C,227,02/test/ok/0027.png,0,0.047170281410217285,
C,228,02/test/ok/0028.png,0,0.03874080628156662,
C,229,02/test/ok/0029.png,0,0.035853877663612366,
A1_J,0,02/test/ko/0000.png,1,0.4436517655849457,0.7867677663562529
A1_J,1,02/test/ko/0001.png,1,0.4528694450855255,0.8982408660353539
A1_J,2,02/test/ko/0002.png,1,0.34798648953437805,0.7962290119856436
A1_J,3,02/test/ko/0003.png,1,0.3375799357891083,0.4926399198393515
A1_J,4,02/test/ko/0004.png,1,0.4141117334365845,0.5327824639092562
A1_J,5,02/test/ko/0005.png,1,0.4151574969291687,0.6146585154597883
A1_J,6,02/test/ko/0006.png,1,0.44557616114616394,0.8514740924492998
A1_J,7,02/test/ko/0007.png,1,0.3565061092376709,0.8249253104361773
A1_J,8,02/test/ko/0008.png,1,0.3731720447540283,0.7304543315688432
A1_J,9,02/test/ko/0009.png,1,0.4064007103443146,0.8422691021995138
A1_J,10,02/test/ko/0010.png,1,0.4362459182739258,0.9127765422854683
A1_J,11,02/test/ko/0011.png,1,0.24832762777805328,0.22603840950116244
A1_J,12,02/test/ko/0012.png,1,0.3591479957103729,0.2414086630371629
A1_J,13,02/test/ko/0013.png,1,0.33559083938598633,0.42672389919267234
A1_J,14,02/test/ko/0014.png,1,0.38614070415496826,0.5909158236381394
A1_J,15,02/test/ko/0015.png,1,0.3419516980648041,0.7613747912773059
A1_J,16,02/test/ko/0016.png,1,0.38306501507759094,0.7154009178873979
A1_J,17,02/test/ko/0017.png,1,0.4227540194988251,0.5117580506273413
A1_J,18,02/test/ko/0018.png,1,0.3791006803512573,0.8238455328381654
A1_J,19,02/test/ko/0019.png,1,0.3167896568775177,0.49501273234886284
A1_J,20,02/test/ko/0020.png,1,0.3622179627418518,0.2685201165077185
A1_J,21,02/test/ko/0021.png,1,0.298024445772171,0.6704778405337114
A1_J,22,02/test/ko/0022.png,1,0.33521801233291626,0.4977193689629519
A1_J,23,02/test/ko/0023.png,1,0.37028035521507263,0.7983337427721564
A1_J,24,02/test/ko/0024.png,1,0.42550113797187805,0.5417430989327784
A1_J,25,02/test/ko/0025.png,1,0.4151005446910858,0.7508872110730654
A1_J,26,02/test/ko/0026.png,1,0.43050652742385864,0.14800406930576507
A1_J,27,02/test/ko/0027.png,1,0.23430489003658295,0.02645498692924347
A1_J,28,02/test/ko/0028.png,1,0.43058714270591736,0.6102055079443354
A1_J,29,02/test/ko/0029.png,1,0.3737063705921173,0.7365537274534084
A1_J,30,02/test/ko/0030.png,1,0.36012718081474304,0.81367703627283
A1_J,31,02/test/ko/0031.png,1,0.37564197182655334,0.07762079392986503
A1_J,32,02/test/ko/0032.png,1,0.41881969571113586,0.41678479253415623
A1_J,33,02/test/ko/0033.png,1,0.2870088517665863,0.2199952295183343
A1_J,34,02/test/ko/0034.png,1,0.31656187772750854,0.6848981211394244
A1_J,35,02/test/ko/0035.png,1,0.3900323212146759,0.6198828859829784
A1_J,36,02/test/ko/0036.png,1,0.4401431679725647,0.5002292403373001
A1_J,37,02/test/ko/0037.png,1,0.4034711718559265,0.8054913390588647
A1_J,38,02/test/ko/0038.png,1,0.36270883679389954,0.6487836198359554
A1_J,39,02/test/ko/0039.png,1,0.3813769519329071,0.7515352438397213
A1_J,40,02/test/ko/0040.png,1,0.42596369981765747,0.8421628883464366
A1_J,41,02/test/ko/0041.png,1,0.452083021402359,0.895270959241444
A1_J,42,02/test/ko/0042.png,1,0.33040934801101685,0.004323929102690164
A1_J,43,02/test/ko/0043.png,1,0.3761410713195801,0.5055706935533826
A1_J,44,02/test/ko/0044.png,1,0.4158286452293396,0.782953455614088
A1_J,45,02/test/ko/0045.png,1,0.4311935603618622,0.5590641576468697
A1_J,46,02/test/ko/0046.png,1,0.4346473813056946,0.5676384006065996
A1_J,47,02/test/ko/0047.png,1,0.4130629599094391,0.6283426921333177
A1_J,48,02/test/ko/0048.png,1,0.3384912610054016,0.3359085350316847
A1_J,49,02/test/ko/0049.png,1,0.45576387643814087,0.7900087559869716
A1_J,50,02/test/ko/0050.png,1,0.3974015414714813,0.8081903401226197
A1_J,51,02/test/ko/0051.png,1,0.4079701006412506,0.6170655030371447
A1_J,52,02/test/ko/0052.png,1,0.4399314522743225,0.838101168422536
A1_J,53,02/test/ko/0053.png,1,0.3129507303237915,0.8549251028612397
A1_J,54,02/test/ko/0054.png,1,0.2707449495792389,0.311769368555644
A1_J,55,02/test/ko/0055.png,1,0.32538267970085144,0.6588265166679133
A1_J,56,02/test/ko/0056.png,1,0.34192955493927,0.8114774333563797
A1_J,57,02/test/ko/0057.png,1,0.34396448731422424,0.28780045459164677
A1_J,58,02/test/ko/0058.png,1,0.4220624268054962,0.6884481211355442
A1_J,59,02/test/ko/0059.png,1,0.4108031988143921,0.5156777466510793
A1_J,60,02/test/ko/0060.png,1,0.351054847240448,0.5738980343943264
A1_J,61,02/test/ko/0061.png,1,0.4275500178337097,0.6312261138822675
A1_J,62,02/test/ko/0062.png,1,0.47766047716140747,0.8223351041563742
A1_J,63,02/test/ko/0063.png,1,0.4447138011455536,0.6221373017391295
A1_J,64,02/test/ko/0064.png,1,0.32906365394592285,0.6215898758336293
A1_J,65,02/test/ko/0065.png,1,0.3415352404117584,0.43874994890535063
A1_J,66,02/test/ko/0066.png,1,0.3993641138076782,0.45195604628514996
A1_J,67,02/test/ko/0067.png,1,0.37385889887809753,0.23259431410134684
A1_J,68,02/test/ko/0068.png,1,0.3883487582206726,0.28848851143253484
A1_J,69,02/test/ko/0069.png,1,0.49612241983413696,0.8632579005378167
A1_J,70,02/test/ko/0070.png,1,0.32408061623573303,0.022423824438107354
A1_J,71,02/test/ko/0071.png,1,0.3636638820171356,0.02928709446091924
A1_J,72,02/test/ko/0072.png,1,0.42447251081466675,0.30167633235136865
A1_J,73,02/test/ko/0073.png,1,0.2994879186153412,0.04938041219317259
A1_J,74,02/test/ko/0074.png,1,0.2671898603439331,0.042808694027297776
A1_J,75,02/test/ko/0075.png,1,0.41177600622177124,0.5003712270032644
A1_J,76,02/test/ko/0076.png,1,0.4057619869709015,0.5351207102244321
A1_J,77,02/test/ko/0077.png,1,0.4486161172389984,0.5297567903081865
A1_J,78,02/test/ko/0078.png,1,0.40047451853752136,0.7370550712490883
A1_J,79,02/test/ko/0079.png,1,0.37406325340270996,0.7236379318990588
A1_J,80,02/test/ko/0080.png,1,0.17149989306926727,0.6098417739852023
A1_J,81,02/test/ko/0081.png,1,0.1224765032529831,0.4265673700879362
A1_J,82,02/test/ko/0082.png,1,0.10581625998020172,0.04908351939943967
A1_J,83,02/test/ko/0083.png,1,0.13967224955558777,0.016768792785677035
A1_J,84,02/test/ko/0084.png,1,0.16714705526828766,0.8374999999999999
A1_J,85,02/test/ko/0085.png,1,0.1738991141319275,0.3459597735037902
A1_J,86,02/test/ko/0086.png,1,0.13267740607261658,0.14057275541795666
A1_J,87,02/test/ko/0087.png,1,0.1471351683139801,0.4421566536349702
A1_J,88,02/test/ko/0088.png,1,0.13233467936515808,
A1_J,89,02/test/ko/0089.png,1,0.10494150966405869,0.09166666666666667
A1_J,90,02/test/ko/0090.png,1,0.11582538485527039,0.08106723435728357
A1_J,91,02/test/ko/0091.png,1,0.18986283242702484,0.5829421768707483
A1_J,92,02/test/ko/0092.png,1,0.1218298003077507,
A1_J,93,02/test/ko/0093.png,1,0.13081374764442444,0.5295374695572324
A1_J,94,02/test/ko/0094.png,1,0.1677696853876114,0.43477284213294365
A1_J,95,02/test/ko/0095.png,1,0.1095743477344513,0.11081783921297989
A1_J,96,02/test/ko/0096.png,1,0.12569235265254974,0.07395063138908199
A1_J,97,02/test/ko/0097.png,1,0.12282580882310867,0.06408585927919155
A1_J,98,02/test/ko/0098.png,1,0.1672683209180832,0.10467744738669547
A1_J,99,02/test/ko/0099.png,1,0.13388243317604065,0.6603229685936453
A1_J,100,02/test/ko/0100.png,1,0.13404951989650726,0.7766666666666667
A1_J,101,02/test/ko/0101.png,1,0.13672591745853424,0.28388047138047134
A1_J,102,02/test/ko/0102.png,1,0.14337390661239624,0.12376933895921238
A1_J,103,02/test/ko/0103.png,1,0.11423562467098236,0.1338524010770894
A1_J,104,02/test/ko/0104.png,1,0.15166375041007996,0.013488655763789013
A1_J,105,02/test/ko/0105.png,1,0.12016129493713379,0.06139149710210718
A1_J,106,02/test/ko/0106.png,1,0.1468110978603363,0.1678395245354261
A1_J,107,02/test/ko/0107.png,1,0.17179642617702484,0.47339316902675566
A1_J,108,02/test/ko/0108.png,1,0.1348354071378708,0.005041656417859532
A1_J,109,02/test/ko/0109.png,1,0.11536221951246262,
A1_J,110,02/test/ko/0110.png,1,0.14852271974086761,0.18554319665439573
A1_J,111,02/test/ko/0111.png,1,0.12972566485404968,0.31313131313131315
A1_J,112,02/test/ko/0112.png,1,0.12969602644443512,
A1_J,113,02/test/ko/0113.png,1,0.11999741941690445,0.3435897435897436
A1_J,114,02/test/ko/0114.png,1,0.15015526115894318,0.29125967505389283
A1_J,115,02/test/ko/0115.png,1,0.14288456737995148,0.06851711917749653
A1_J,116,02/test/ko/0116.png,1,0.12627214193344116,
A1_J,117,02/test/ko/0117.png,1,0.16316324472427368,0.07338697278737252
A1_J,118,02/test/ko/0118.png,1,0.14439243078231812,
A1_J,119,02/test/ko/0119.png,1,0.10816977173089981,
A1_J,120,02/test/ko/0120.png,1,0.10476277023553848,
A1_J,121,02/test/ko/0121.png,1,0.1285277009010315,0.05890733130152707
A1_J,122,02/test/ko/0122.png,1,0.09625861793756485,
A1_J,123,02/test/ko/0123.png,1,0.10471782833337784,
A1_J,124,02/test/ko/0124.png,1,0.15477566421031952,0.40753856920913967
A1_J,125,02/test/ko/0125.png,1,0.10901197046041489,0.19084145021645024
A1_J,126,02/test/ko/0126.png,1,0.1504066288471222,0.20185185185185187
A1_J,127,02/test/ko/0127.png,1,0.11659916490316391,
A1_J,128,02/test/ko/0128.png,1,0.17854121327400208,0.24395943680041035
A1_J,129,02/test/ko/0129.png,1,0.10898967832326889,
A1_J,130,02/test/ko/0130.png,1,0.10383733361959457,0.10170670037926675
A1_J,131,02/test/ko/0131.png,1,0.1387203335762024,0.03706075008084703
A1_J,132,02/test/ko/0132.png,1,0.12973396480083466,0.108325624632095
A1_J,133,02/test/ko/0133.png,1,0.14220985770225525,
A1_J,134,02/test/ko/0134.png,1,0.1410902589559555,0.16690145603189083
A1_J,135,02/test/ko/0135.png,1,0.126337468624115,0.13946899381221414
A1_J,136,02/test/ko/0136.png,1,0.1019497960805893,
A1_J,137,02/test/ko/0137.png,1,0.10506680607795715,
A1_J,138,02/test/ko/0138.png,1,0.11449938267469406,
A1_J,139,02/test/ko/0139.png,1,0.10795843601226807,
A1_J,140,02/test/ko/0140.png,1,0.12203560024499893,0.8619466851374746
A1_J,141,02/test/ko/0141.png,1,0.11335260421037674,
A1_J,142,02/test/ko/0142.png,1,0.12164769321680069,0.033822751322751324
A1_J,143,02/test/ko/0143.png,1,0.15094426274299622,0.514983164983165
A1_J,144,02/test/ko/0144.png,1,0.1092156320810318,
A1_J,145,02/test/ko/0145.png,1,0.146365687251091,
A1_J,146,02/test/ko/0146.png,1,0.10802242159843445,
A1_J,147,02/test/ko/0147.png,1,0.1317383497953415,0.34137942330213167
A1_J,148,02/test/ko/0148.png,1,0.135209321975708,
A1_J,149,02/test/ko/0149.png,1,0.11606242507696152,
A1_J,150,02/test/ko/0150.png,1,0.101589635014534,
A1_J,151,02/test/ko/0151.png,1,0.09304004907608032,0.02496463344788087
A1_J,152,02/test/ko/0152.png,1,0.12909285724163055,0.4656519768444548
A1_J,153,02/test/ko/0153.png,1,0.1326674371957779,0.22023596176821983
A1_J,154,02/test/ko/0154.png,1,0.1086067333817482,
A1_J,155,02/test/ko/0155.png,1,0.12839297950267792,0.052115326573433804
A1_J,156,02/test/ko/0156.png,1,0.09396159648895264,
A1_J,157,02/test/ko/0157.png,1,0.14386768639087677,
A1_J,158,02/test/ko/0158.png,1,0.11941500753164291,0.01133163078669838
A1_J,159,02/test/ko/0159.png,1,0.13349001109600067,
A1_J,160,02/test/ko/0160.png,1,0.11418043076992035,
A1_J,161,02/test/ko/0161.png,1,0.10181502252817154,0.04387736912946996
A1_J,162,02/test/ko/0162.png,1,0.1017959862947464,0.006520128215894674
A1_J,163,02/test/ko/0163.png,1,0.13965320587158203,
A1_J,164,02/test/ko/0164.png,1,0.1331954002380371,0.2492063492063492
A1_J,165,02/test/ko/0165.png,1,0.1150100827217102,0.23610152819239252
A1_J,166,02/test/ko/0166.png,1,0.10535456985235214,0.46689113355780026
A1_J,167,02/test/ko/0167.png,1,0.11910732090473175,0.1414715719063545
A1_J,168,02/test/ko/0168.png,1,0.11042402684688568,
A1_J,169,02/test/ko/0169.png,1,0.1295194774866104,0.23040935672514617
A1_J,170,02/test/ko/0170.png,1,0.134164959192276,0.07325585042976346
A1_J,171,02/test/ko/0171.png,1,0.11403912305831909,
A1_J,172,02/test/ko/0172.png,1,0.10365451872348785,
A1_J,173,02/test/ko/0173.png,1,0.129878968000412,
A1_J,174,02/test/ko/0174.png,1,0.12694017589092255,0.2720474640727872
A1_J,175,02/test/ko/0175.png,1,0.1099993884563446,0.18956371316338774
A1_J,176,02/test/ko/0176.png,1,0.0886075496673584,
A1_J,177,02/test/ko/0177.png,1,0.12212364375591278,0.0005734870317002881
A1_J,178,02/test/ko/0178.png,1,0.12118317186832428,0.6825
A1_J,179,02/test/ko/0179.png,1,0.11477410048246384,0.01569122140900424
A1_J,180,02/test/ko/0180.png,1,0.11992039531469345,
A1_J,181,02/test/ko/0181.png,1,0.11610180139541626,0.1459531988352507
A1_J,182,02/test/ko/0182.png,1,0.12901796400547028,
A1_J,183,02/test/ko/0183.png,1,0.1550034135580063,0.7291666666666666
A1_J,184,02/test/ko/0184.png,1,0.10705263912677765,
A1_J,185,02/test/ko/0185.png,1,0.12618185579776764,0.5113945578231291
A1_J,186,02/test/ko/0186.png,1,0.12612760066986084,0.02945738081323938
A1_J,187,02/test/ko/0187.png,1,0.15798501670360565,0.5194300450920262
A1_J,188,02/test/ko/0188.png,1,0.25462937355041504,0.5141445775886967
A1_J,189,02/test/ko/0189.png,1,0.4100101888179779,0.7210681863615072
A1_J,190,02/test/ko/0190.png,1,0.3794711232185364,0.5100428647535582
A1_J,191,02/test/ko/0191.png,1,0.42287003993988037,0.7729283408722235
A1_J,192,02/test/ko/0192.png,1,0.31870755553245544,0.06043370824661214
A1_J,193,02/test/ko/0193.png,1,0.3769410252571106,0.6493056496591406
A1_J,194,02/test/ko/0194.png,1,0.35172659158706665,0.5729493450532808
A1_J,195,02/test/ko/0195.png,1,0.2074720561504364,0.40868266811882353
A1_J,196,02/test/ko/0196.png,1,0.34135040640830994,0.019762649055586338
A1_J,197,02/test/ko/0197.png,1,0.4099253714084625,0.5202415166755665
A1_J,198,02/test/ko/0198.png,1,0.4761919379234314,0.842221668758793
A1_J,199,02/test/ko/0199.png,1,0.43789127469062805,0.5553277708928551
A1_J,200,02/test/ok/0000.png,0,0.08986131101846695,
A1_J,201,02/test/ok/0001.png,0,0.10571333765983582,
A1_J,202,02/test/ok/0002.png,0,0.10835503786802292,
A1_J,203,02/test/ok/0003.png,0,0.09070491045713425,
A1_J,204,02/test/ok/0004.png,0,0.12714551389217377,
A1_J,205,02/test/ok/0005.png,0,0.09873233735561371,
A1_J,206,02/test/ok/0006.png,0,0.11482210457324982,
A1_J,207,02/test/ok/0007.png,0,0.11000802367925644,
A1_J,208,02/test/ok/0008.png,0,0.13799966871738434,
A1_J,209,02/test/ok/0009.png,0,0.1160801351070404,
A1_J,210,02/test/ok/0010.png,0,0.10736533254384995,
A1_J,211,02/test/ok/0011.png,0,0.10281147062778473,
A1_J,212,02/test/ok/0012.png,0,0.09991926699876785,
A1_J,213,02/test/ok/0013.png,0,0.1029481440782547,
A1_J,214,02/test/ok/0014.png,0,0.09001856297254562,
A1_J,215,02/test/ok/0015.png,0,0.09459656476974487,
A1_J,216,02/test/ok/0016.png,0,0.10367923229932785,
A1_J,217,02/test/ok/0017.png,0,0.11147848516702652,
A1_J,218,02/test/ok/0018.png,0,0.10934852063655853,
A1_J,219,02/test/ok/0019.png,0,0.10660271346569061,
A1_J,220,02/test/ok/0020.png,0,0.09940639138221741,
A1_J,221,02/test/ok/0021.png,0,0.09465780109167099,
A1_J,222,02/test/ok/0022.png,0,0.10326768457889557,
A1_J,223,02/test/ok/0023.png,0,0.10065902024507523,
A1_J,224,02/test/ok/0024.png,0,0.1269332468509674,
A1_J,225,02/test/ok/0025.png,0,0.11292297393083572,
A1_J,226,02/test/ok/0026.png,0,0.1341107338666916,
A1_J,227,02/test/ok/0027.png,0,0.09748441725969315,
A1_J,228,02/test/ok/0028.png,0,0.10158209502696991,
A1_J,229,02/test/ok/0029.png,0,0.11474181711673737,
TRI_J,0,02/test/ko/0000.png,1,0.515330970287323,0.8201909868818855
TRI_J,1,02/test/ko/0001.png,1,0.5272860527038574,0.9111426260859325
TRI_J,2,02/test/ko/0002.png,1,0.3702031075954437,0.8205027099091918
TRI_J,3,02/test/ko/0003.png,1,0.3668997585773468,0.49452791249618216
TRI_J,4,02/test/ko/0004.png,1,0.4341106414794922,0.4946898763953468
TRI_J,5,02/test/ko/0005.png,1,0.4427502453327179,0.6396225811697399
TRI_J,6,02/test/ko/0006.png,1,0.5139496326446533,0.8714824502845706
TRI_J,7,02/test/ko/0007.png,1,0.3898930549621582,0.8454301657647985
TRI_J,8,02/test/ko/0008.png,1,0.41352298855781555,0.8018217394454099
TRI_J,9,02/test/ko/0009.png,1,0.4306849241256714,0.84070162221965
TRI_J,10,02/test/ko/0010.png,1,0.497625470161438,0.9232272567311226
TRI_J,11,02/test/ko/0011.png,1,0.26504355669021606,0.22257790773507855
TRI_J,12,02/test/ko/0012.png,1,0.4123901128768921,0.23381376645460378
TRI_J,13,02/test/ko/0013.png,1,0.3736577033996582,0.4663065922635493
TRI_J,14,02/test/ko/0014.png,1,0.430767297744751,0.6348607321479809
TRI_J,15,02/test/ko/0015.png,1,0.3906010091304779,0.8105560854768655
TRI_J,16,02/test/ko/0016.png,1,0.43652090430259705,0.7377427656225943
TRI_J,17,02/test/ko/0017.png,1,0.44118931889533997,0.545734697356431
TRI_J,18,02/test/ko/0018.png,1,0.3941357135772705,0.8020392656437667
TRI_J,19,02/test/ko/0019.png,1,0.3411746621131897,0.3524752298355695
TRI_J,20,02/test/ko/0020.png,1,0.4003711938858032,0.3226098036366917
TRI_J,21,02/test/ko/0021.png,1,0.3147871494293213,0.6162365249411381
TRI_J,22,02/test/ko/0022.png,1,0.40832847356796265,0.390789160595498
TRI_J,23,02/test/ko/0023.png,1,0.3949694335460663,0.7978306915309276
TRI_J,24,02/test/ko/0024.png,1,0.4851036071777344,0.6175826366952007
TRI_J,25,02/test/ko/0025.png,1,0.44553279876708984,0.769130770088132
TRI_J,26,02/test/ko/0026.png,1,0.4598377048969269,0.14605850371189164
TRI_J,27,02/test/ko/0027.png,1,0.2770930230617523,0.029996957407381335
TRI_J,28,02/test/ko/0028.png,1,0.45945292711257935,0.6821616712994012
TRI_J,29,02/test/ko/0029.png,1,0.3985183537006378,0.7813478331732983
TRI_J,30,02/test/ko/0030.png,1,0.3762066960334778,0.8047987544059253
TRI_J,31,02/test/ko/0031.png,1,0.40187910199165344,0.07251075711118725
TRI_J,32,02/test/ko/0032.png,1,0.4698127508163452,0.4392138297164177
TRI_J,33,02/test/ko/0033.png,1,0.2944551408290863,0.17867378663322364
TRI_J,34,02/test/ko/0034.png,1,0.35160738229751587,0.7177484517408506
TRI_J,35,02/test/ko/0035.png,1,0.45695072412490845,0.7174510773955836
TRI_J,36,02/test/ko/0036.png,1,0.48692482709884644,0.5619018023151835
TRI_J,37,02/test/ko/0037.png,1,0.4401910901069641,0.8390980858709244
TRI_J,38,02/test/ko/0038.png,1,0.4280625581741333,0.7466062785022204
TRI_J,39,02/test/ko/0039.png,1,0.44370734691619873,0.8102279755242406
TRI_J,40,02/test/ko/0040.png,1,0.4715496301651001,0.8430753039390301
TRI_J,41,02/test/ko/0041.png,1,0.49417510628700256,0.8759578125932662
TRI_J,42,02/test/ko/0042.png,1,0.3430725038051605,0.00431169446630616
TRI_J,43,02/test/ko/0043.png,1,0.428773432970047,0.7373965222406629
TRI_J,44,02/test/ko/0044.png,1,0.4636535048484802,0.7655569195519362
TRI_J,45,02/test/ko/0045.png,1,0.480428010225296,0.6059032513360674
TRI_J,46,02/test/ko/0046.png,1,0.4643862247467041,0.6038573080544386
TRI_J,47,02/test/ko/0047.png,1,0.4514854848384857,0.6929807254016582
TRI_J,48,02/test/ko/0048.png,1,0.3663036823272705,0.4597872010786738
TRI_J,49,02/test/ko/0049.png,1,0.5170317888259888,0.7910964070977489
TRI_J,50,02/test/ko/0050.png,1,0.42495813965797424,0.7955669077929796
TRI_J,51,02/test/ko/0051.png,1,0.4697047472000122,0.7124231621730706
TRI_J,52,02/test/ko/0052.png,1,0.49232205748558044,0.8246522195808679
TRI_J,53,02/test/ko/0053.png,1,0.3466793894767761,0.9210514337537119
TRI_J,54,02/test/ko/0054.png,1,0.32432883977890015,0.3841523220269716
TRI_J,55,02/test/ko/0055.png,1,0.3546563684940338,0.7040320669157701
TRI_J,56,02/test/ko/0056.png,1,0.39036452770233154,0.8356012921229446
TRI_J,57,02/test/ko/0057.png,1,0.3678884208202362,0.38467390079163655
TRI_J,58,02/test/ko/0058.png,1,0.4612051844596863,0.7190088464136776
TRI_J,59,02/test/ko/0059.png,1,0.44294410943984985,0.5023696171122723
TRI_J,60,02/test/ko/0060.png,1,0.38916629552841187,0.6471421168610356
TRI_J,61,02/test/ko/0061.png,1,0.4656831920146942,0.6691584222318264
TRI_J,62,02/test/ko/0062.png,1,0.4855526089668274,0.8239375915384951
TRI_J,63,02/test/ko/0063.png,1,0.4785314202308655,0.6168663754421699
TRI_J,64,02/test/ko/0064.png,1,0.38596799969673157,0.6854861929118289
TRI_J,65,02/test/ko/0065.png,1,0.3514164388179779,0.4819517949737847
TRI_J,66,02/test/ko/0066.png,1,0.427958220243454,0.5553914520914506
TRI_J,67,02/test/ko/0067.png,1,0.42299091815948486,0.24119950516320732
TRI_J,68,02/test/ko/0068.png,1,0.42466798424720764,0.2998242583041817
TRI_J,69,02/test/ko/0069.png,1,0.5804879665374756,0.9101462855352308
TRI_J,70,02/test/ko/0070.png,1,0.3552536964416504,0.022481389811461923
TRI_J,71,02/test/ko/0071.png,1,0.41893842816352844,0.026827180981250226
TRI_J,72,02/test/ko/0072.png,1,0.4365035593509674,0.30460596118998373
TRI_J,73,02/test/ko/0073.png,1,0.3062748312950134,0.05014725938933042
TRI_J,74,02/test/ko/0074.png,1,0.2777322232723236,0.039827228200923284
TRI_J,75,02/test/ko/0075.png,1,0.4486311972141266,0.6212078991778213
TRI_J,76,02/test/ko/0076.png,1,0.41999056935310364,0.49648866142387005
TRI_J,77,02/test/ko/0077.png,1,0.47831839323043823,0.6421417825700864
TRI_J,78,02/test/ko/0078.png,1,0.457407683134079,0.8523374706487981
TRI_J,79,02/test/ko/0079.png,1,0.4088730216026306,0.7877729771300084
TRI_J,80,02/test/ko/0080.png,1,0.20788142085075378,0.7073891009128779
TRI_J,81,02/test/ko/0081.png,1,0.16173529624938965,0.43226460992936
TRI_J,82,02/test/ko/0082.png,1,0.13200607895851135,0.04298195898692083
TRI_J,83,02/test/ko/0083.png,1,0.14193420112133026,0.04128115892821775
TRI_J,84,02/test/ko/0084.png,1,0.1733122318983078,0.6759259259259259
TRI_J,85,02/test/ko/0085.png,1,0.1695912629365921,0.3469264433805648
TRI_J,86,02/test/ko/0086.png,1,0.14391988515853882,0.10895302623545645
TRI_J,87,02/test/ko/0087.png,1,0.15575774013996124,0.4940168521809002
TRI_J,88,02/test/ko/0088.png,1,0.1415785849094391,
TRI_J,89,02/test/ko/0089.png,1,0.12800225615501404,0.225
TRI_J,90,02/test/ko/0090.png,1,0.13300327956676483,0.23460529766587987
TRI_J,91,02/test/ko/0091.png,1,0.20664672553539276,0.26409682517074623
TRI_J,92,02/test/ko/0092.png,1,0.14763444662094116,
TRI_J,93,02/test/ko/0093.png,1,0.12729355692863464,0.2786828944017399
TRI_J,94,02/test/ko/0094.png,1,0.21612650156021118,0.3255671351835954
TRI_J,95,02/test/ko/0095.png,1,0.1285049319267273,0.06725801441418117
TRI_J,96,02/test/ko/0096.png,1,0.12975670397281647,0.12174274064929927
TRI_J,97,02/test/ko/0097.png,1,0.14080974459648132,0.3179054662800793
TRI_J,98,02/test/ko/0098.png,1,0.17007191479206085,0.1144878324844369
TRI_J,99,02/test/ko/0099.png,1,0.13180053234100342,0.6204923944400734
TRI_J,100,02/test/ko/0100.png,1,0.15354184806346893,0.1861622807017544
TRI_J,101,02/test/ko/0101.png,1,0.13856011629104614,0.25189365373188904
TRI_J,102,02/test/ko/0102.png,1,0.15088015794754028,0.12238411493629711
TRI_J,103,02/test/ko/0103.png,1,0.12910528481006622,0.04874151672388475
TRI_J,104,02/test/ko/0104.png,1,0.1511247456073761,0.044727879909023514
TRI_J,105,02/test/ko/0105.png,1,0.13914473354816437,0.09592499874792551
TRI_J,106,02/test/ko/0106.png,1,0.1717718243598938,0.1717989646790525
TRI_J,107,02/test/ko/0107.png,1,0.17853732407093048,0.46098361801575927
TRI_J,108,02/test/ko/0108.png,1,0.14755630493164062,0.00633504516374812
TRI_J,109,02/test/ko/0109.png,1,0.14168968796730042,
TRI_J,110,02/test/ko/0110.png,1,0.17365007102489471,0.21241750096485368
TRI_J,111,02/test/ko/0111.png,1,0.1332993060350418,0.2777777777777778
TRI_J,112,02/test/ko/0112.png,1,0.14869123697280884,
TRI_J,113,02/test/ko/0113.png,1,0.13354085385799408,0.6592857142857143
TRI_J,114,02/test/ko/0114.png,1,0.16070759296417236,0.2131672299659281
TRI_J,115,02/test/ko/0115.png,1,0.14650486409664154,0.04862077447466441
TRI_J,116,02/test/ko/0116.png,1,0.15952631831169128,
TRI_J,117,02/test/ko/0117.png,1,0.16672752797603607,0.060461760461760466
TRI_J,118,02/test/ko/0118.png,1,0.14508290588855743,
TRI_J,119,02/test/ko/0119.png,1,0.11631463468074799,
TRI_J,120,02/test/ko/0120.png,1,0.10833662003278732,
TRI_J,121,02/test/ko/0121.png,1,0.1323382705450058,0.07002771907989593
TRI_J,122,02/test/ko/0122.png,1,0.11725404858589172,
TRI_J,123,02/test/ko/0123.png,1,0.1166282445192337,
TRI_J,124,02/test/ko/0124.png,1,0.17986992001533508,0.49298091954341955
TRI_J,125,02/test/ko/0125.png,1,0.11665477603673935,0.21770516717325228
TRI_J,126,02/test/ko/0126.png,1,0.16087891161441803,0.12051892551892551
TRI_J,127,02/test/ko/0127.png,1,0.13390499353408813,
TRI_J,128,02/test/ko/0128.png,1,0.17714911699295044,0.20554940335719107
TRI_J,129,02/test/ko/0129.png,1,0.12611787021160126,
TRI_J,130,02/test/ko/0130.png,1,0.1201099157333374,0.10712703281721686
TRI_J,131,02/test/ko/0131.png,1,0.1830957978963852,0.0320230427881744
TRI_J,132,02/test/ko/0132.png,1,0.14812327921390533,0.1440502262062311
TRI_J,133,02/test/ko/0133.png,1,0.1395910680294037,
TRI_J,134,02/test/ko/0134.png,1,0.15024201571941376,0.3363839285714286
TRI_J,135,02/test/ko/0135.png,1,0.15231488645076752,0.06861471861471861
TRI_J,136,02/test/ko/0136.png,1,0.1295592188835144,
TRI_J,137,02/test/ko/0137.png,1,0.11468624323606491,
TRI_J,138,02/test/ko/0138.png,1,0.14381401240825653,
TRI_J,139,02/test/ko/0139.png,1,0.1373564749956131,
TRI_J,140,02/test/ko/0140.png,1,0.13939280807971954,0.7236351611351611
TRI_J,141,02/test/ko/0141.png,1,0.12753327190876007,
TRI_J,142,02/test/ko/0142.png,1,0.1464327573776245,0.035771533614501694
TRI_J,143,02/test/ko/0143.png,1,0.17015455663204193,0.5566666666666666
TRI_J,144,02/test/ko/0144.png,1,0.12321954220533371,
TRI_J,145,02/test/ko/0145.png,1,0.12694288790225983,
TRI_J,146,02/test/ko/0146.png,1,0.11333775520324707,
TRI_J,147,02/test/ko/0147.png,1,0.12975767254829407,0.17989067496327024
TRI_J,148,02/test/ko/0148.png,1,0.13378992676734924,
TRI_J,149,02/test/ko/0149.png,1,0.12071813642978668,
TRI_J,150,02/test/ko/0150.png,1,0.10789608955383301,
TRI_J,151,02/test/ko/0151.png,1,0.10492713749408722,0.04105408677664334
TRI_J,152,02/test/ko/0152.png,1,0.15237225592136383,0.5019989534275249
TRI_J,153,02/test/ko/0153.png,1,0.1343311071395874,0.15833993434306626
TRI_J,154,02/test/ko/0154.png,1,0.1278427243232727,
TRI_J,155,02/test/ko/0155.png,1,0.14807307720184326,0.09916483516483515
TRI_J,156,02/test/ko/0156.png,1,0.10412663221359253,
TRI_J,157,02/test/ko/0157.png,1,0.15140174329280853,
TRI_J,158,02/test/ko/0158.png,1,0.1345418095588684,0.011261025458073573
TRI_J,159,02/test/ko/0159.png,1,0.15099787712097168,
TRI_J,160,02/test/ko/0160.png,1,0.1327754259109497,
TRI_J,161,02/test/ko/0161.png,1,0.10552329570055008,0.049137422230058174
TRI_J,162,02/test/ko/0162.png,1,0.11922130733728409,0.03330206717676411
TRI_J,163,02/test/ko/0163.png,1,0.15390163660049438,
TRI_J,164,02/test/ko/0164.png,1,0.12340762466192245,0.22962962962962963
TRI_J,165,02/test/ko/0165.png,1,0.12068719416856766,0.18384534876791514
TRI_J,166,02/test/ko/0166.png,1,0.11716675758361816,0.20294117647058824
TRI_J,167,02/test/ko/0167.png,1,0.1337100714445114,0.260076726342711
TRI_J,168,02/test/ko/0168.png,1,0.12551456689834595,
TRI_J,169,02/test/ko/0169.png,1,0.11619985848665237,0.18204365079365079
TRI_J,170,02/test/ko/0170.png,1,0.1460675448179245,0.041085620032988455
TRI_J,171,02/test/ko/0171.png,1,0.1261489987373352,
TRI_J,172,02/test/ko/0172.png,1,0.11916571855545044,
TRI_J,173,02/test/ko/0173.png,1,0.12848465144634247,
TRI_J,174,02/test/ko/0174.png,1,0.13397203385829926,0.17092966788153355
TRI_J,175,02/test/ko/0175.png,1,0.1191958338022232,0.045982770745428975
TRI_J,176,02/test/ko/0176.png,1,0.10570517927408218,
TRI_J,177,02/test/ko/0177.png,1,0.12938441336154938,0.0005440353061760396
TRI_J,178,02/test/ko/0178.png,1,0.13433024287223816,0.4424908424908425
TRI_J,179,02/test/ko/0179.png,1,0.1150900349020958,0.01898272617407644
TRI_J,180,02/test/ko/0180.png,1,0.12625624239444733,
TRI_J,181,02/test/ko/0181.png,1,0.12034247815608978,0.1596852572006631
TRI_J,182,02/test/ko/0182.png,1,0.13285279273986816,
TRI_J,183,02/test/ko/0183.png,1,0.1542007178068161,0.4409722222222222
TRI_J,184,02/test/ko/0184.png,1,0.11487869173288345,
TRI_J,185,02/test/ko/0185.png,1,0.14803649485111237,0.770439084724799
TRI_J,186,02/test/ko/0186.png,1,0.1466917097568512,0.03179180792378587
TRI_J,187,02/test/ko/0187.png,1,0.17157086730003357,0.3671490818549642
TRI_J,188,02/test/ko/0188.png,1,0.2915741801261902,0.522133479611235
TRI_J,189,02/test/ko/0189.png,1,0.4591122269630432,0.770921673102268
TRI_J,190,02/test/ko/0190.png,1,0.4046640396118164,0.628822139029772
TRI_J,191,02/test/ko/0191.png,1,0.5311613082885742,0.8869017453677217
TRI_J,192,02/test/ko/0192.png,1,0.34600958228111267,0.058303342185531286
TRI_J,193,02/test/ko/0193.png,1,0.4295784831047058,0.6424451517771231
TRI_J,194,02/test/ko/0194.png,1,0.35798180103302,0.6106718542987394
TRI_J,195,02/test/ko/0195.png,1,0.23476986587047577,0.48047290219603056
TRI_J,196,02/test/ko/0196.png,1,0.36520200967788696,0.01884136084420002
TRI_J,197,02/test/ko/0197.png,1,0.4508756399154663,0.5113458992216595
TRI_J,198,02/test/ko/0198.png,1,0.5103766918182373,0.8614807148688205
TRI_J,199,02/test/ko/0199.png,1,0.4746037423610687,0.6519475329661801
TRI_J,200,02/test/ok/0000.png,0,0.0952514261007309,
TRI_J,201,02/test/ok/0001.png,0,0.12256637960672379,
TRI_J,202,02/test/ok/0002.png,0,0.11200150847434998,
TRI_J,203,02/test/ok/0003.png,0,0.09852883964776993,
TRI_J,204,02/test/ok/0004.png,0,0.126755028963089,
TRI_J,205,02/test/ok/0005.png,0,0.10414005815982819,
TRI_J,206,02/test/ok/0006.png,0,0.13009165227413177,
TRI_J,207,02/test/ok/0007.png,0,0.1309651881456375,
TRI_J,208,02/test/ok/0008.png,0,0.17253829538822174,
TRI_J,209,02/test/ok/0009.png,0,0.12234152108430862,
TRI_J,210,02/test/ok/0010.png,0,0.12587353587150574,
TRI_J,211,02/test/ok/0011.png,0,0.0923394113779068,
TRI_J,212,02/test/ok/0012.png,0,0.1120682954788208,
TRI_J,213,02/test/ok/0013.png,0,0.11785295605659485,
TRI_J,214,02/test/ok/0014.png,0,0.11022084951400757,
TRI_J,215,02/test/ok/0015.png,0,0.12501204013824463,
TRI_J,216,02/test/ok/0016.png,0,0.10822583734989166,
TRI_J,217,02/test/ok/0017.png,0,0.12280197441577911,
TRI_J,218,02/test/ok/0018.png,0,0.11652448028326035,
TRI_J,219,02/test/ok/0019.png,0,0.11810307949781418,
TRI_J,220,02/test/ok/0020.png,0,0.10550033301115036,
TRI_J,221,02/test/ok/0021.png,0,0.11068950593471527,
TRI_J,222,02/test/ok/0022.png,0,0.11069108545780182,
TRI_J,223,02/test/ok/0023.png,0,0.11328125,
TRI_J,224,02/test/ok/0024.png,0,0.14687757194042206,
TRI_J,225,02/test/ok/0025.png,0,0.10711468011140823,
TRI_J,226,02/test/ok/0026.png,0,0.14122995734214783,
TRI_J,227,02/test/ok/0027.png,0,0.11786873638629913,
TRI_J,228,02/test/ok/0028.png,0,0.10150668025016785,
TRI_J,229,02/test/ok/0029.png,0,0.12831450998783112,
BAL_J,0,02/test/ko/0000.png,1,0.4315609037876129,0.8171273021355943
BAL_J,1,02/test/ko/0001.png,1,0.4412773847579956,0.9137962374248283
BAL_J,2,02/test/ko/0002.png,1,0.3165756165981293,0.8006322880825316
BAL_J,3,02/test/ko/0003.png,1,0.303324818611145,0.47762522911461874
BAL_J,4,02/test/ko/0004.png,1,0.3789506256580353,0.5460413732997482
BAL_J,5,02/test/ko/0005.png,1,0.3661652207374573,0.6531884009782202
BAL_J,6,02/test/ko/0006.png,1,0.4281274378299713,0.8582720360153375
BAL_J,7,02/test/ko/0007.png,1,0.3412180542945862,0.851193582854708
BAL_J,8,02/test/ko/0008.png,1,0.34211310744285583,0.7969052558675156
BAL_J,9,02/test/ko/0009.png,1,0.3692816495895386,0.8411806445384726
BAL_J,10,02/test/ko/0010.png,1,0.4343268871307373,0.9196672220791056
BAL_J,11,02/test/ko/0011.png,1,0.21354123950004578,0.24333239362137116
BAL_J,12,02/test/ko/0012.png,1,0.33682316541671753,0.22379170028749884
BAL_J,13,02/test/ko/0013.png,1,0.32164323329925537,0.5761025593183662
BAL_J,14,02/test/ko/0014.png,1,0.355049729347229,0.6143426858135146
BAL_J,15,02/test/ko/0015.png,1,0.3281968832015991,0.7966849270810218
BAL_J,16,02/test/ko/0016.png,1,0.36866316199302673,0.7176697039902128
BAL_J,17,02/test/ko/0017.png,1,0.3666461706161499,0.5665514048921816
BAL_J,18,02/test/ko/0018.png,1,0.3357279896736145,0.8098493712526872
BAL_J,19,02/test/ko/0019.png,1,0.3034062385559082,0.574202984168281
BAL_J,20,02/test/ko/0020.png,1,0.33862221240997314,0.3332172184504578
BAL_J,21,02/test/ko/0021.png,1,0.2645082473754883,0.5759426229378202
BAL_J,22,02/test/ko/0022.png,1,0.3321071267127991,0.39650925785310115
BAL_J,23,02/test/ko/0023.png,1,0.3385084271430969,0.8004781937423538
BAL_J,24,02/test/ko/0024.png,1,0.3907490670681,0.625032574161396
BAL_J,25,02/test/ko/0025.png,1,0.3797622323036194,0.7763800070094943
BAL_J,26,02/test/ko/0026.png,1,0.3910212814807892,0.16103190155502278
BAL_J,27,02/test/ko/0027.png,1,0.22453463077545166,0.02880756653353497
BAL_J,28,02/test/ko/0028.png,1,0.4122956693172455,0.6544372094718799
BAL_J,29,02/test/ko/0029.png,1,0.3438907563686371,0.7709725923050172
BAL_J,30,02/test/ko/0030.png,1,0.33838799595832825,0.8216237248730858
BAL_J,31,02/test/ko/0031.png,1,0.3421461284160614,0.0729956709079123
BAL_J,32,02/test/ko/0032.png,1,0.39541327953338623,0.4473704677906848
BAL_J,33,02/test/ko/0033.png,1,0.243609219789505,0.18706927120521696
BAL_J,34,02/test/ko/0034.png,1,0.3065137565135956,0.7446278870931843
BAL_J,35,02/test/ko/0035.png,1,0.40077611804008484,0.7319125890722296
BAL_J,36,02/test/ko/0036.png,1,0.40640270709991455,0.5577907473552205
BAL_J,37,02/test/ko/0037.png,1,0.3812519311904907,0.8301335061559423
BAL_J,38,02/test/ko/0038.png,1,0.3750908374786377,0.7302697612632805
BAL_J,39,02/test/ko/0039.png,1,0.3676886260509491,0.789013723661677
BAL_J,40,02/test/ko/0040.png,1,0.40316203236579895,0.8377099713656284
BAL_J,41,02/test/ko/0041.png,1,0.4375137388706207,0.8958909451753928
BAL_J,42,02/test/ko/0042.png,1,0.2795356512069702,0.004663222460865695
BAL_J,43,02/test/ko/0043.png,1,0.360687255859375,0.6868086654121248
BAL_J,44,02/test/ko/0044.png,1,0.39682358503341675,0.8042049612528305
BAL_J,45,02/test/ko/0045.png,1,0.40594106912612915,0.6295979185356995
BAL_J,46,02/test/ko/0046.png,1,0.3862740695476532,0.5886186654427317
BAL_J,47,02/test/ko/0047.png,1,0.3918604552745819,0.6992486251825085
BAL_J,48,02/test/ko/0048.png,1,0.29537710547447205,0.4933195406210123
BAL_J,49,02/test/ko/0049.png,1,0.4531201720237732,0.8087312461167268
BAL_J,50,02/test/ko/0050.png,1,0.3738144636154175,0.813785483894108
BAL_J,51,02/test/ko/0051.png,1,0.41425153613090515,0.7077663237736965
BAL_J,52,02/test/ko/0052.png,1,0.41426900029182434,0.8372636159251297
BAL_J,53,02/test/ko/0053.png,1,0.29811912775039673,0.9125676667651356
BAL_J,54,02/test/ko/0054.png,1,0.2664220929145813,0.39455098984232717
BAL_J,55,02/test/ko/0055.png,1,0.30941662192344666,0.7058456064419791
BAL_J,56,02/test/ko/0056.png,1,0.3355754315853119,0.8425737634206836
BAL_J,57,02/test/ko/0057.png,1,0.3135107755661011,0.39618870247221805
BAL_J,58,02/test/ko/0058.png,1,0.3868883550167084,0.7138256961501814
BAL_J,59,02/test/ko/0059.png,1,0.383111834526062,0.5449268831776367
BAL_J,60,02/test/ko/0060.png,1,0.33745190501213074,0.6503713777356903
BAL_J,61,02/test/ko/0061.png,1,0.40308138728141785,0.7004172527861937
BAL_J,62,02/test/ko/0062.png,1,0.4566739499568939,0.8253841839899357
BAL_J,63,02/test/ko/0063.png,1,0.4059966206550598,0.6240678838737214
BAL_J,64,02/test/ko/0064.png,1,0.31887000799179077,0.6405308324519965
BAL_J,65,02/test/ko/0065.png,1,0.3070334792137146,0.5833403692171494
BAL_J,66,02/test/ko/0066.png,1,0.370982825756073,0.5133702343076528
BAL_J,67,02/test/ko/0067.png,1,0.34920069575309753,0.24487892063417363
BAL_J,68,02/test/ko/0068.png,1,0.3418756127357483,0.313595978629286
BAL_J,69,02/test/ko/0069.png,1,0.4813383221626282,0.9006347599182315
BAL_J,70,02/test/ko/0070.png,1,0.28173792362213135,0.02288541311677918
BAL_J,71,02/test/ko/0071.png,1,0.3449799716472626,0.027235289080864068
BAL_J,72,02/test/ko/0072.png,1,0.3592176139354706,0.34639858909909166
BAL_J,73,02/test/ko/0073.png,1,0.2481357455253601,0.05171172291008488
BAL_J,74,02/test/ko/0074.png,1,0.22651201486587524,0.0376391996110306
BAL_J,75,02/test/ko/0075.png,1,0.37549519538879395,0.6126354655793819
BAL_J,76,02/test/ko/0076.png,1,0.36771076917648315,0.5570570277706818
BAL_J,77,02/test/ko/0077.png,1,0.41532188653945923,0.628546883910792
BAL_J,78,02/test/ko/0078.png,1,0.38673946261405945,0.8434753769310861
BAL_J,79,02/test/ko/0079.png,1,0.3527716100215912,0.789199519034365
BAL_J,80,02/test/ko/0080.png,1,0.17519479990005493,0.7140426469301737
BAL_J,81,02/test/ko/0081.png,1,0.14423801004886627,0.42036340177096476
BAL_J,82,02/test/ko/0082.png,1,0.10689343512058258,0.050573170265780086
BAL_J,83,02/test/ko/0083.png,1,0.1267821341753006,0.031408356147255706
BAL_J,84,02/test/ko/0084.png,1,0.13867829740047455,0.7175925925925926
BAL_J,85,02/test/ko/0085.png,1,0.14655019342899323,0.3408391960960339
BAL_J,86,02/test/ko/0086.png,1,0.12209313362836838,0.1023518719170893
BAL_J,87,02/test/ko/0087.png,1,0.13258545100688934,0.4829621403851606
BAL_J,88,02/test/ko/0088.png,1,0.12255723774433136,
BAL_J,89,02/test/ko/0089.png,1,0.10069584846496582,0.5
BAL_J,90,02/test/ko/0090.png,1,0.10666734725236893,0.1932342677023528
BAL_J,91,02/test/ko/0091.png,1,0.16776441037654877,0.4628561193236143
BAL_J,92,02/test/ko/0092.png,1,0.12059328705072403,
BAL_J,93,02/test/ko/0093.png,1,0.10591413825750351,0.3679608607009522
BAL_J,94,02/test/ko/0094.png,1,0.17464105784893036,0.33658053210055733
BAL_J,95,02/test/ko/0095.png,1,0.10589801520109177,0.052202098185059304
BAL_J,96,02/test/ko/0096.png,1,0.11091440916061401,0.08101634124482825
BAL_J,97,02/test/ko/0097.png,1,0.11656717956066132,0.3038690476190476
BAL_J,98,02/test/ko/0098.png,1,0.1519651710987091,0.13169198139025726
BAL_J,99,02/test/ko/0099.png,1,0.11463988572359085,0.5211632170598736
BAL_J,100,02/test/ko/0100.png,1,0.13884159922599792,0.28549019607843135
BAL_J,101,02/test/ko/0101.png,1,0.11719195544719696,0.21191615037943617
BAL_J,102,02/test/ko/0102.png,1,0.1270841509103775,0.12226731601731601
BAL_J,103,02/test/ko/0103.png,1,0.11019323021173477,0.05918259249852907
BAL_J,104,02/test/ko/0104.png,1,0.1244799867272377,0.048738741430175564
BAL_J,105,02/test/ko/0105.png,1,0.11612246930599213,0.1062182997367435
BAL_J,106,02/test/ko/0106.png,1,0.14238815009593964,0.18261751387699435
BAL_J,107,02/test/ko/0107.png,1,0.14815902709960938,0.5095331229815283
BAL_J,108,02/test/ko/0108.png,1,0.119533970952034,0.0060632558081418686
BAL_J,109,02/test/ko/0109.png,1,0.11805680394172668,
BAL_J,110,02/test/ko/0110.png,1,0.14311614632606506,0.2083394652697823
BAL_J,111,02/test/ko/0111.png,1,0.11226925253868103,0.22962962962962963
BAL_J,112,02/test/ko/0112.png,1,0.12266810983419418,
BAL_J,113,02/test/ko/0113.png,1,0.11320383101701736,0.3948809523809524
BAL_J,114,02/test/ko/0114.png,1,0.1362648904323578,0.21143789541096827
BAL_J,115,02/test/ko/0115.png,1,0.12093722075223923,0.0576460508938084
BAL_J,116,02/test/ko/0116.png,1,0.14323104918003082,
BAL_J,117,02/test/ko/0117.png,1,0.14422930777072906,0.06024691358024691
BAL_J,118,02/test/ko/0118.png,1,0.11700723320245743,
BAL_J,119,02/test/ko/0119.png,1,0.09662500023841858,
BAL_J,120,02/test/ko/0120.png,1,0.09263507276773453,
BAL_J,121,02/test/ko/0121.png,1,0.11328790336847305,0.05795662723889951
BAL_J,122,02/test/ko/0122.png,1,0.09776399284601212,
BAL_J,123,02/test/ko/0123.png,1,0.09768572449684143,
BAL_J,124,02/test/ko/0124.png,1,0.15162032842636108,0.43552953631819674
BAL_J,125,02/test/ko/0125.png,1,0.09664542227983475,0.12034963294761726
BAL_J,126,02/test/ko/0126.png,1,0.1413399875164032,0.1154789820523303
BAL_J,127,02/test/ko/0127.png,1,0.11397656798362732,
BAL_J,128,02/test/ko/0128.png,1,0.15001733601093292,0.20277959672246565
BAL_J,129,02/test/ko/0129.png,1,0.1030610203742981,
BAL_J,130,02/test/ko/0130.png,1,0.09981789439916611,0.08210695445690967
BAL_J,131,02/test/ko/0131.png,1,0.14710333943367004,0.03375033584628368
BAL_J,132,02/test/ko/0132.png,1,0.12123361229896545,0.15863883949129204
BAL_J,133,02/test/ko/0133.png,1,0.11832740902900696,
BAL_J,134,02/test/ko/0134.png,1,0.12325748801231384,0.27702991452991454
BAL_J,135,02/test/ko/0135.png,1,0.12483388930559158,0.06907921978860193
BAL_J,136,02/test/ko/0136.png,1,0.1158040314912796,
BAL_J,137,02/test/ko/0137.png,1,0.09422088414430618,
BAL_J,138,02/test/ko/0138.png,1,0.11658284813165665,
BAL_J,139,02/test/ko/0139.png,1,0.11133713275194168,
BAL_J,140,02/test/ko/0140.png,1,0.11766622215509415,0.7651293763426117
BAL_J,141,02/test/ko/0141.png,1,0.10856703668832779,
BAL_J,142,02/test/ko/0142.png,1,0.12159327417612076,0.04072167773839014
BAL_J,143,02/test/ko/0143.png,1,0.14068111777305603,0.6523504273504274
BAL_J,144,02/test/ko/0144.png,1,0.10249027609825134,
BAL_J,145,02/test/ko/0145.png,1,0.11323542147874832,
BAL_J,146,02/test/ko/0146.png,1,0.0948026105761528,
BAL_J,147,02/test/ko/0147.png,1,0.10597356408834457,0.3033220676721106
BAL_J,148,02/test/ko/0148.png,1,0.11397382616996765,
BAL_J,149,02/test/ko/0149.png,1,0.10110931098461151,
BAL_J,150,02/test/ko/0150.png,1,0.09525413811206818,
BAL_J,151,02/test/ko/0151.png,1,0.08824476599693298,0.026108284520011234
BAL_J,152,02/test/ko/0152.png,1,0.1282932013273239,0.47614885114885114
BAL_J,153,02/test/ko/0153.png,1,0.11713197082281113,0.13412077967699895
BAL_J,154,02/test/ko/0154.png,1,0.10980944335460663,
BAL_J,155,02/test/ko/0155.png,1,0.12260820716619492,0.06746199782844733
BAL_J,156,02/test/ko/0156.png,1,0.08782567083835602,
BAL_J,157,02/test/ko/0157.png,1,0.12725462019443512,
BAL_J,158,02/test/ko/0158.png,1,0.11327653378248215,0.013462891601337996
BAL_J,159,02/test/ko/0159.png,1,0.12645718455314636,
BAL_J,160,02/test/ko/0160.png,1,0.10635269433259964,
BAL_J,161,02/test/ko/0161.png,1,0.09150181710720062,0.056430727113669144
BAL_J,162,02/test/ko/0162.png,1,0.10148591548204422,0.026507131074070683
BAL_J,163,02/test/ko/0163.png,1,0.13330431282520294,
BAL_J,164,02/test/ko/0164.png,1,0.11563493311405182,0.1338235294117647
BAL_J,165,02/test/ko/0165.png,1,0.10689007490873337,0.24866634581308494
BAL_J,166,02/test/ko/0166.png,1,0.09754282236099243,0.17194268264035706
BAL_J,167,02/test/ko/0167.png,1,0.10932304710149765,0.5466666666666666
BAL_J,168,02/test/ko/0168.png,1,0.10231364518404007,
BAL_J,169,02/test/ko/0169.png,1,0.10598420351743698,0.23882783882783884
BAL_J,170,02/test/ko/0170.png,1,0.13125436007976532,0.04364163614163614
BAL_J,171,02/test/ko/0171.png,1,0.10864007472991943,
BAL_J,172,02/test/ko/0172.png,1,0.10032961517572403,
BAL_J,173,02/test/ko/0173.png,1,0.10505664348602295,
BAL_J,174,02/test/ko/0174.png,1,0.11360763013362885,0.20404403119911035
BAL_J,175,02/test/ko/0175.png,1,0.0990203395485878,0.04068520646808615
BAL_J,176,02/test/ko/0176.png,1,0.08990955352783203,
BAL_J,177,02/test/ko/0177.png,1,0.11213930696249008,0.0005894997394476289
BAL_J,178,02/test/ko/0178.png,1,0.1164034977555275,0.5726315789473684
BAL_J,179,02/test/ko/0179.png,1,0.10326503962278366,0.018090438059349977
BAL_J,180,02/test/ko/0180.png,1,0.10381385684013367,
BAL_J,181,02/test/ko/0181.png,1,0.09728173166513443,0.15750426940993514
BAL_J,182,02/test/ko/0182.png,1,0.11380317807197571,
BAL_J,183,02/test/ko/0183.png,1,0.13019822537899017,0.30114348370927313
BAL_J,184,02/test/ko/0184.png,1,0.09731786698102951,
BAL_J,185,02/test/ko/0185.png,1,0.12141614407300949,0.762595947469897
BAL_J,186,02/test/ko/0186.png,1,0.11981482058763504,0.032964263342959814
BAL_J,187,02/test/ko/0187.png,1,0.14184647798538208,0.4083161199702553
BAL_J,188,02/test/ko/0188.png,1,0.2439388781785965,0.537753248114176
BAL_J,189,02/test/ko/0189.png,1,0.39591142535209656,0.7850811867869426
BAL_J,190,02/test/ko/0190.png,1,0.3372979462146759,0.6747304318796691
BAL_J,191,02/test/ko/0191.png,1,0.44772735238075256,0.8541048472723094
BAL_J,192,02/test/ko/0192.png,1,0.27810174226760864,0.0633798039447332
BAL_J,193,02/test/ko/0193.png,1,0.36273810267448425,0.6415241755721677
BAL_J,194,02/test/ko/0194.png,1,0.31227827072143555,0.6385400710205541
BAL_J,195,02/test/ko/0195.png,1,0.2013847678899765,0.4650312530730715
BAL_J,196,02/test/ko/0196.png,1,0.2932741940021515,0.02004647213356632
BAL_J,197,02/test/ko/0197.png,1,0.38491687178611755,0.502745438674853
BAL_J,198,02/test/ko/0198.png,1,0.4429066777229309,0.8569421551323346
BAL_J,199,02/test/ko/0199.png,1,0.41050606966018677,0.6610505590592521
BAL_J,200,02/test/ok/0000.png,0,0.0867704227566719,
BAL_J,201,02/test/ok/0001.png,0,0.10605139285326004,
BAL_J,202,02/test/ok/0002.png,0,0.09372693300247192,
BAL_J,203,02/test/ok/0003.png,0,0.08201161026954651,
BAL_J,204,02/test/ok/0004.png,0,0.10677799582481384,
BAL_J,205,02/test/ok/0005.png,0,0.09315579384565353,
BAL_J,206,02/test/ok/0006.png,0,0.11002615839242935,
BAL_J,207,02/test/ok/0007.png,0,0.10819955170154572,
BAL_J,208,02/test/ok/0008.png,0,0.1428270936012268,
BAL_J,209,02/test/ok/0009.png,0,0.11184650659561157,
BAL_J,210,02/test/ok/0010.png,0,0.10089173913002014,
BAL_J,211,02/test/ok/0011.png,0,0.07900433242321014,
BAL_J,212,02/test/ok/0012.png,0,0.09348355233669281,
BAL_J,213,02/test/ok/0013.png,0,0.10017701238393784,
BAL_J,214,02/test/ok/0014.png,0,0.08927149325609207,
BAL_J,215,02/test/ok/0015.png,0,0.10545140504837036,
BAL_J,216,02/test/ok/0016.png,0,0.08972343802452087,
BAL_J,217,02/test/ok/0017.png,0,0.10202433168888092,
BAL_J,218,02/test/ok/0018.png,0,0.10166513174772263,
BAL_J,219,02/test/ok/0019.png,0,0.10747025907039642,
BAL_J,220,02/test/ok/0020.png,0,0.08965589851140976,
BAL_J,221,02/test/ok/0021.png,0,0.09376449882984161,
BAL_J,222,02/test/ok/0022.png,0,0.09117840230464935,
BAL_J,223,02/test/ok/0023.png,0,0.09587051719427109,
BAL_J,224,02/test/ok/0024.png,0,0.12628361582756042,
BAL_J,225,02/test/ok/0025.png,0,0.09225912392139435,
BAL_J,226,02/test/ok/0026.png,0,0.12595981359481812,
BAL_J,227,02/test/ok/0027.png,0,0.09545779973268509,
BAL_J,228,02/test/ok/0028.png,0,0.08639656007289886,
BAL_J,229,02/test/ok/0029.png,0,0.10305629670619965,
DUP_J,0,02/test/ko/0000.png,1,0.5258599519729614,0.7865052595928073
DUP_J,1,02/test/ko/0001.png,1,0.5425142645835876,0.8949352071481623
DUP_J,2,02/test/ko/0002.png,1,0.41166600584983826,0.8132337584472721
DUP_J,3,02/test/ko/0003.png,1,0.41067811846733093,0.4949979064161471
DUP_J,4,02/test/ko/0004.png,1,0.47921299934387207,0.4782804811691754
DUP_J,5,02/test/ko/0005.png,1,0.5072476863861084,0.5984975687869708
DUP_J,6,02/test/ko/0006.png,1,0.5433835387229919,0.8605768128162542
DUP_J,7,02/test/ko/0007.png,1,0.4276716113090515,0.8081171111332818
DUP_J,8,02/test/ko/0008.png,1,0.45446857810020447,0.7192810025815788
DUP_J,9,02/test/ko/0009.png,1,0.4744049608707428,0.8367447730013827
DUP_J,10,02/test/ko/0010.png,1,0.5236207246780396,0.9124597634703047
DUP_J,11,02/test/ko/0011.png,1,0.3104933798313141,0.21916249983556071
DUP_J,12,02/test/ko/0012.png,1,0.4401278793811798,0.27249269483642374
DUP_J,13,02/test/ko/0013.png,1,0.4033609628677368,0.3594465015063904
DUP_J,14,02/test/ko/0014.png,1,0.4663916826248169,0.6033485883424534
DUP_J,15,02/test/ko/0015.png,1,0.41212910413742065,0.7673437049040596
DUP_J,16,02/test/ko/0016.png,1,0.4534997344017029,0.7345142040882287
DUP_J,17,02/test/ko/0017.png,1,0.5151715278625488,0.4971586359460174
DUP_J,18,02/test/ko/0018.png,1,0.44459816813468933,0.812774088766862
DUP_J,19,02/test/ko/0019.png,1,0.3651331067085266,0.33533423590528866
DUP_J,20,02/test/ko/0020.png,1,0.4409283995628357,0.24658602413870614
DUP_J,21,02/test/ko/0021.png,1,0.35628125071525574,0.680209306329808
DUP_J,22,02/test/ko/0022.png,1,0.40785539150238037,0.4610118836159564
DUP_J,23,02/test/ko/0023.png,1,0.4392412304878235,0.7931958617290111
DUP_J,24,02/test/ko/0024.png,1,0.52849280834198,0.5314814663221459
DUP_J,25,02/test/ko/0025.png,1,0.4925333857536316,0.7385554527584007
DUP_J,26,02/test/ko/0026.png,1,0.5084691643714905,0.13385680430854954
DUP_J,27,02/test/ko/0027.png,1,0.2925433814525604,0.028266714558849392
DUP_J,28,02/test/ko/0028.png,1,0.48219671845436096,0.6201885351972962
DUP_J,29,02/test/ko/0029.png,1,0.43096113204956055,0.7348504549401591
DUP_J,30,02/test/ko/0030.png,1,0.40930160880088806,0.7999961412774339
DUP_J,31,02/test/ko/0031.png,1,0.45397764444351196,0.07770992234413487
DUP_J,32,02/test/ko/0032.png,1,0.5076888203620911,0.4042849156290123
DUP_J,33,02/test/ko/0033.png,1,0.35334527492523193,0.2182974472810917
DUP_J,34,02/test/ko/0034.png,1,0.36392587423324585,0.631626259345316
DUP_J,35,02/test/ko/0035.png,1,0.47072717547416687,0.5328350316050835
DUP_J,36,02/test/ko/0036.png,1,0.5344074368476868,0.4959297488293489
DUP_J,37,02/test/ko/0037.png,1,0.4708256423473358,0.8013908691887887
DUP_J,38,02/test/ko/0038.png,1,0.4162255823612213,0.656408535610991
DUP_J,39,02/test/ko/0039.png,1,0.46778810024261475,0.772640314439071
DUP_J,40,02/test/ko/0040.png,1,0.4977549612522125,0.8486803374688656
DUP_J,41,02/test/ko/0041.png,1,0.5164493918418884,0.8800846517618448
DUP_J,42,02/test/ko/0042.png,1,0.4105113446712494,0.0041825215878488415
DUP_J,43,02/test/ko/0043.png,1,0.44997870922088623,0.5333064260518294
DUP_J,44,02/test/ko/0044.png,1,0.4890941381454468,0.7371158790244307
DUP_J,45,02/test/ko/0045.png,1,0.5240620374679565,0.5301185012216059
DUP_J,46,02/test/ko/0046.png,1,0.5221700072288513,0.5696766059502266
DUP_J,47,02/test/ko/0047.png,1,0.4956320822238922,0.6184240600540768
DUP_J,48,02/test/ko/0048.png,1,0.4241214990615845,0.32296409998466
DUP_J,49,02/test/ko/0049.png,1,0.5237928628921509,0.7661456459535761
DUP_J,50,02/test/ko/0050.png,1,0.45778074860572815,0.7917083746232416
DUP_J,51,02/test/ko/0051.png,1,0.46931302547454834,0.6013017011839136
DUP_J,52,02/test/ko/0052.png,1,0.5241783261299133,0.8233105377799016
DUP_J,53,02/test/ko/0053.png,1,0.3678511381149292,0.8716986040484134
DUP_J,54,02/test/ko/0054.png,1,0.3343784213066101,0.3014814884879142
DUP_J,55,02/test/ko/0055.png,1,0.37482038140296936,0.6247423960698545
DUP_J,56,02/test/ko/0056.png,1,0.4021323621273041,0.7905863543322653
DUP_J,57,02/test/ko/0057.png,1,0.4130207896232605,0.28158644787071285
DUP_J,58,02/test/ko/0058.png,1,0.5092976093292236,0.6888675307387719
DUP_J,59,02/test/ko/0059.png,1,0.4768869876861572,0.4555245148440694
DUP_J,60,02/test/ko/0060.png,1,0.40644919872283936,0.5643345009733733
DUP_J,61,02/test/ko/0061.png,1,0.4963833689689636,0.5778261234956258
DUP_J,62,02/test/ko/0062.png,1,0.5103785395622253,0.8212576854242181
DUP_J,63,02/test/ko/0063.png,1,0.5369627475738525,0.6166345470721751
DUP_J,64,02/test/ko/0064.png,1,0.40438613295555115,0.6227635430002768
DUP_J,65,02/test/ko/0065.png,1,0.40921691060066223,0.36682376823778584
DUP_J,66,02/test/ko/0066.png,1,0.4684974253177643,0.4919412234640979
DUP_J,67,02/test/ko/0067.png,1,0.45515361428260803,0.22670253841673713
DUP_J,68,02/test/ko/0068.png,1,0.4837748408317566,0.2783731273334275
DUP_J,69,02/test/ko/0069.png,1,0.6014463305473328,0.8767173080059144
DUP_J,70,02/test/ko/0070.png,1,0.41204634308815,0.02229157080680878
DUP_J,71,02/test/ko/0071.png,1,0.4430592954158783,0.029307370088001716
DUP_J,72,02/test/ko/0072.png,1,0.5262444019317627,0.27150029958474414
DUP_J,73,02/test/ko/0073.png,1,0.37409645318984985,0.04853877108515201
DUP_J,74,02/test/ko/0074.png,1,0.33449915051460266,0.0440242794319238
DUP_J,75,02/test/ko/0075.png,1,0.5060433745384216,0.494763884785453
DUP_J,76,02/test/ko/0076.png,1,0.47300079464912415,0.4810525900278025
DUP_J,77,02/test/ko/0077.png,1,0.514317512512207,0.5137218932345968
DUP_J,78,02/test/ko/0078.png,1,0.4772421419620514,0.7235265406788738
DUP_J,79,02/test/ko/0079.png,1,0.4392325282096863,0.6920220380414055
DUP_J,80,02/test/ko/0080.png,1,0.20610585808753967,0.5937076620356193
DUP_J,81,02/test/ko/0081.png,1,0.13013377785682678,0.5493685433747854
DUP_J,82,02/test/ko/0082.png,1,0.12911798059940338,0.045212927288058403
DUP_J,83,02/test/ko/0083.png,1,0.15401415526866913,0.026503902926377637
DUP_J,84,02/test/ko/0084.png,1,0.20938746631145477,0.8238095238095238
DUP_J,85,02/test/ko/0085.png,1,0.20040325820446014,0.31943736338625206
DUP_J,86,02/test/ko/0086.png,1,0.14833217859268188,0.19366244458156223
DUP_J,87,02/test/ko/0087.png,1,0.16463279724121094,0.4436105945876979
DUP_J,88,02/test/ko/0088.png,1,0.1512368619441986,
DUP_J,89,02/test/ko/0089.png,1,0.12734998762607574,0.08834586466165413
DUP_J,90,02/test/ko/0090.png,1,0.1366163194179535,0.08121831087932783
DUP_J,91,02/test/ko/0091.png,1,0.22205850481987,0.6528865600294171
DUP_J,92,02/test/ko/0092.png,1,0.1422901302576065,
DUP_J,93,02/test/ko/0093.png,1,0.15807390213012695,0.4836144580359045
DUP_J,94,02/test/ko/0094.png,1,0.20777973532676697,0.4509328499662372
DUP_J,95,02/test/ko/0095.png,1,0.1364010125398636,0.12134911836131348
DUP_J,96,02/test/ko/0096.png,1,0.1350267231464386,0.13505734999258426
DUP_J,97,02/test/ko/0097.png,1,0.1457904875278473,0.07762457858056128
DUP_J,98,02/test/ko/0098.png,1,0.18653379380702972,0.09601299720590403
DUP_J,99,02/test/ko/0099.png,1,0.1584765911102295,0.6982091982091981
DUP_J,100,02/test/ko/0100.png,1,0.14752791821956635,0.5136363636363637
DUP_J,101,02/test/ko/0101.png,1,0.16511079668998718,0.3682840307840308
DUP_J,102,02/test/ko/0102.png,1,0.15874210000038147,0.12560386473429952
DUP_J,103,02/test/ko/0103.png,1,0.12972962856292725,0.15970387727179303
DUP_J,104,02/test/ko/0104.png,1,0.1859917789697647,0.013539448236198008
DUP_J,105,02/test/ko/0105.png,1,0.14531151950359344,0.05772401813954919
DUP_J,106,02/test/ko/0106.png,1,0.1774052232503891,0.1707869382693304
DUP_J,107,02/test/ko/0107.png,1,0.20897868275642395,0.41890359824808754
DUP_J,108,02/test/ko/0108.png,1,0.16802291572093964,0.005270067756454088
DUP_J,109,02/test/ko/0109.png,1,0.14359305799007416,
DUP_J,110,02/test/ko/0110.png,1,0.17451642453670502,0.18160903375593612
DUP_J,111,02/test/ko/0111.png,1,0.15419341623783112,0.3686868686868687
DUP_J,112,02/test/ko/0112.png,1,0.1594553142786026,
DUP_J,113,02/test/ko/0113.png,1,0.14213404059410095,0.750877192982456
DUP_J,114,02/test/ko/0114.png,1,0.1799801141023636,0.30501566219354087
DUP_J,115,02/test/ko/0115.png,1,0.1698506474494934,0.057470106107877006
DUP_J,116,02/test/ko/0116.png,1,0.15043844282627106,
DUP_J,117,02/test/ko/0117.png,1,0.19196198880672455,0.07660176081228713
DUP_J,118,02/test/ko/0118.png,1,0.17819464206695557,
DUP_J,119,02/test/ko/0119.png,1,0.12757566571235657,
DUP_J,120,02/test/ko/0120.png,1,0.12104686349630356,
DUP_J,121,02/test/ko/0121.png,1,0.15025752782821655,0.07129810393821794
DUP_J,122,02/test/ko/0122.png,1,0.10909125208854675,
DUP_J,123,02/test/ko/0123.png,1,0.12671177089214325,
DUP_J,124,02/test/ko/0124.png,1,0.18669937551021576,0.39534664051380636
DUP_J,125,02/test/ko/0125.png,1,0.13515107333660126,0.23663836163836163
DUP_J,126,02/test/ko/0126.png,1,0.17242999374866486,0.21499309868875083
DUP_J,127,02/test/ko/0127.png,1,0.13669385015964508,
DUP_J,128,02/test/ko/0128.png,1,0.21739256381988525,0.24959375008883214
DUP_J,129,02/test/ko/0129.png,1,0.13675175607204437,
DUP_J,130,02/test/ko/0130.png,1,0.12030628323554993,0.14225708502024292
DUP_J,131,02/test/ko/0131.png,1,0.1739114671945572,0.0377721319012022
DUP_J,132,02/test/ko/0132.png,1,0.15406545996665955,0.09649197375667924
DUP_J,133,02/test/ko/0133.png,1,0.16964244842529297,
DUP_J,134,02/test/ko/0134.png,1,0.17177826166152954,0.18565867003367004
DUP_J,135,02/test/ko/0135.png,1,0.1500444859266281,0.13282699443413729
DUP_J,136,02/test/ko/0136.png,1,0.12396746873855591,
DUP_J,137,02/test/ko/0137.png,1,0.12926317751407623,
DUP_J,138,02/test/ko/0138.png,1,0.1386886090040207,
DUP_J,139,02/test/ko/0139.png,1,0.13272792100906372,
DUP_J,140,02/test/ko/0140.png,1,0.1481381058692932,0.833164499186171
DUP_J,141,02/test/ko/0141.png,1,0.1402311474084854,
DUP_J,142,02/test/ko/0142.png,1,0.1343679428100586,0.03203133425585784
DUP_J,143,02/test/ko/0143.png,1,0.1819673627614975,0.48316498316498313
DUP_J,144,02/test/ko/0144.png,1,0.13207237422466278,
DUP_J,145,02/test/ko/0145.png,1,0.16898520290851593,
DUP_J,146,02/test/ko/0146.png,1,0.13390761613845825,
DUP_J,147,02/test/ko/0147.png,1,0.1624201238155365,0.360052048070413
DUP_J,148,02/test/ko/0148.png,1,0.16869962215423584,
DUP_J,149,02/test/ko/0149.png,1,0.13470003008842468,
DUP_J,150,02/test/ko/0150.png,1,0.12281648069620132,
DUP_J,151,02/test/ko/0151.png,1,0.11248074471950531,0.028155056625720102
DUP_J,152,02/test/ko/0152.png,1,0.15403717756271362,0.4632985762565563
DUP_J,153,02/test/ko/0153.png,1,0.16050714254379272,0.297984067883738
DUP_J,154,02/test/ko/0154.png,1,0.13146521151065826,
DUP_J,155,02/test/ko/0155.png,1,0.1611701250076294,0.06882696757812393
DUP_J,156,02/test/ko/0156.png,1,0.11355464905500412,
DUP_J,157,02/test/ko/0157.png,1,0.1688552349805832,
DUP_J,158,02/test/ko/0158.png,1,0.13645333051681519,0.011565287246432115
DUP_J,159,02/test/ko/0159.png,1,0.16429147124290466,
DUP_J,160,02/test/ko/0160.png,1,0.14249588549137115,
DUP_J,161,02/test/ko/0161.png,1,0.11903207004070282,0.0374066415354265
DUP_J,162,02/test/ko/0162.png,1,0.12139172106981277,0.006556345026121109
DUP_J,163,02/test/ko/0163.png,1,0.15901221334934235,
DUP_J,164,02/test/ko/0164.png,1,0.1596931666135788,0.2713675213675214
DUP_J,165,02/test/ko/0165.png,1,0.14007386565208435,0.0921013697724923
DUP_J,166,02/test/ko/0166.png,1,0.1292276382446289,0.5712620712620713
DUP_J,167,02/test/ko/0167.png,1,0.1497122049331665,0.07567287784679089
DUP_J,168,02/test/ko/0168.png,1,0.13250675797462463,
DUP_J,169,02/test/ko/0169.png,1,0.1490166038274765,0.1879432624113475
DUP_J,170,02/test/ko/0170.png,1,0.1515587717294693,0.13283475783475782
DUP_J,171,02/test/ko/0171.png,1,0.13723255693912506,
DUP_J,172,02/test/ko/0172.png,1,0.12231124192476273,
DUP_J,173,02/test/ko/0173.png,1,0.16005346179008484,
DUP_J,174,02/test/ko/0174.png,1,0.14965437352657318,0.23736735930309721
DUP_J,175,02/test/ko/0175.png,1,0.13250227272510529,0.09611415212681035
DUP_J,176,02/test/ko/0176.png,1,0.11254371702671051,
DUP_J,177,02/test/ko/0177.png,1,0.1493634581565857,0.000541249528164414
DUP_J,178,02/test/ko/0178.png,1,0.1400626003742218,0.6625
DUP_J,179,02/test/ko/0179.png,1,0.1322488933801651,0.0194672192487757
DUP_J,180,02/test/ko/0180.png,1,0.14176200330257416,
DUP_J,181,02/test/ko/0181.png,1,0.1273832470178604,0.1525753412226842
DUP_J,182,02/test/ko/0182.png,1,0.1437189280986786,
DUP_J,183,02/test/ko/0183.png,1,0.19250322878360748,0.7708333333333333
DUP_J,184,02/test/ko/0184.png,1,0.12348995357751846,
DUP_J,185,02/test/ko/0185.png,1,0.152809739112854,0.4905172325340392
DUP_J,186,02/test/ko/0186.png,1,0.15028361976146698,0.02775393728219936
DUP_J,187,02/test/ko/0187.png,1,0.19511844217777252,0.5338385354141657
DUP_J,188,02/test/ko/0188.png,1,0.30710893869400024,0.5031745695132411
DUP_J,189,02/test/ko/0189.png,1,0.4807986319065094,0.6902239864161853
DUP_J,190,02/test/ko/0190.png,1,0.4691464900970459,0.47778383028262245
DUP_J,191,02/test/ko/0191.png,1,0.5016151666641235,0.8209157282661006
DUP_J,192,02/test/ko/0192.png,1,0.3905326724052429,0.05708370109484908
DUP_J,193,02/test/ko/0193.png,1,0.447992742061615,0.6539511671643079
DUP_J,194,02/test/ko/0194.png,1,0.4253665804862976,0.5311648303062815
DUP_J,195,02/test/ko/0195.png,1,0.2413104772567749,0.40712444902448386
DUP_J,196,02/test/ko/0196.png,1,0.42478883266448975,0.01893172461460598
DUP_J,197,02/test/ko/0197.png,1,0.4935029149055481,0.5362388984408641
DUP_J,198,02/test/ko/0198.png,1,0.5507921576499939,0.8412282107817934
DUP_J,199,02/test/ko/0199.png,1,0.5093178153038025,0.5233079313267992
DUP_J,200,02/test/ok/0000.png,0,0.10153862088918686,
DUP_J,201,02/test/ok/0001.png,0,0.131657212972641,
DUP_J,202,02/test/ok/0002.png,0,0.13129639625549316,
DUP_J,203,02/test/ok/0003.png,0,0.10993734002113342,
DUP_J,204,02/test/ok/0004.png,0,0.14521148800849915,
DUP_J,205,02/test/ok/0005.png,0,0.1098925843834877,
DUP_J,206,02/test/ok/0006.png,0,0.13832193613052368,
DUP_J,207,02/test/ok/0007.png,0,0.13641338050365448,
DUP_J,208,02/test/ok/0008.png,0,0.16611531376838684,
DUP_J,209,02/test/ok/0009.png,0,0.13396121561527252,
DUP_J,210,02/test/ok/0010.png,0,0.13160039484500885,
DUP_J,211,02/test/ok/0011.png,0,0.12382244318723679,
DUP_J,212,02/test/ok/0012.png,0,0.12184504419565201,
DUP_J,213,02/test/ok/0013.png,0,0.1157170981168747,
DUP_J,214,02/test/ok/0014.png,0,0.10902219265699387,
DUP_J,215,02/test/ok/0015.png,0,0.10921800881624222,
DUP_J,216,02/test/ok/0016.png,0,0.12560395896434784,
DUP_J,217,02/test/ok/0017.png,0,0.13274241983890533,
DUP_J,218,02/test/ok/0018.png,0,0.1263151913881302,
DUP_J,219,02/test/ok/0019.png,0,0.12293154746294022,
DUP_J,220,02/test/ok/0020.png,0,0.12460442632436752,
DUP_J,221,02/test/ok/0021.png,0,0.11277150362730026,
DUP_J,222,02/test/ok/0022.png,0,0.11901993304491043,
DUP_J,223,02/test/ok/0023.png,0,0.11837945133447647,
DUP_J,224,02/test/ok/0024.png,0,0.15347705781459808,
DUP_J,225,02/test/ok/0025.png,0,0.132588729262352,
DUP_J,226,02/test/ok/0026.png,0,0.15585941076278687,
DUP_J,227,02/test/ok/0027.png,0,0.12045807391405106,
DUP_J,228,02/test/ok/0028.png,0,0.12394442409276962,
DUP_J,229,02/test/ok/0029.png,0,0.14478327333927155,
DUP_BAL_J,0,02/test/ko/0000.png,1,0.4436517655849457,0.7867677663562529
DUP_BAL_J,1,02/test/ko/0001.png,1,0.4528694450855255,0.8982408660353539
DUP_BAL_J,2,02/test/ko/0002.png,1,0.34798648953437805,0.7962290119856436
DUP_BAL_J,3,02/test/ko/0003.png,1,0.3375799357891083,0.4926399198393515
DUP_BAL_J,4,02/test/ko/0004.png,1,0.4141117334365845,0.5327824639092562
DUP_BAL_J,5,02/test/ko/0005.png,1,0.4151574969291687,0.6146585154597883
DUP_BAL_J,6,02/test/ko/0006.png,1,0.44557616114616394,0.8514740924492998
DUP_BAL_J,7,02/test/ko/0007.png,1,0.3565061092376709,0.8249253104361773
DUP_BAL_J,8,02/test/ko/0008.png,1,0.3731720447540283,0.7304543315688432
DUP_BAL_J,9,02/test/ko/0009.png,1,0.4064007103443146,0.8422691021995138
DUP_BAL_J,10,02/test/ko/0010.png,1,0.4362459182739258,0.9127765422854683
DUP_BAL_J,11,02/test/ko/0011.png,1,0.24832762777805328,0.22603840950116244
DUP_BAL_J,12,02/test/ko/0012.png,1,0.3591479957103729,0.2414086630371629
DUP_BAL_J,13,02/test/ko/0013.png,1,0.33559083938598633,0.42672389919267234
DUP_BAL_J,14,02/test/ko/0014.png,1,0.38614070415496826,0.5909158236381394
DUP_BAL_J,15,02/test/ko/0015.png,1,0.3419516980648041,0.7613747912773059
DUP_BAL_J,16,02/test/ko/0016.png,1,0.38306501507759094,0.7154009178873979
DUP_BAL_J,17,02/test/ko/0017.png,1,0.4227540194988251,0.5117580506273413
DUP_BAL_J,18,02/test/ko/0018.png,1,0.3791006803512573,0.8238455328381654
DUP_BAL_J,19,02/test/ko/0019.png,1,0.3167896568775177,0.49501273234886284
DUP_BAL_J,20,02/test/ko/0020.png,1,0.3622179627418518,0.2685201165077185
DUP_BAL_J,21,02/test/ko/0021.png,1,0.298024445772171,0.6704778405337114
DUP_BAL_J,22,02/test/ko/0022.png,1,0.33521801233291626,0.4977193689629519
DUP_BAL_J,23,02/test/ko/0023.png,1,0.37028035521507263,0.7983337427721564
DUP_BAL_J,24,02/test/ko/0024.png,1,0.42550113797187805,0.5417430989327784
DUP_BAL_J,25,02/test/ko/0025.png,1,0.4151005446910858,0.7508872110730654
DUP_BAL_J,26,02/test/ko/0026.png,1,0.43050652742385864,0.14800406930576507
DUP_BAL_J,27,02/test/ko/0027.png,1,0.23430489003658295,0.02645498692924347
DUP_BAL_J,28,02/test/ko/0028.png,1,0.43058714270591736,0.6102055079443354
DUP_BAL_J,29,02/test/ko/0029.png,1,0.3737063705921173,0.7365537274534084
DUP_BAL_J,30,02/test/ko/0030.png,1,0.36012718081474304,0.81367703627283
DUP_BAL_J,31,02/test/ko/0031.png,1,0.37564197182655334,0.07762079392986503
DUP_BAL_J,32,02/test/ko/0032.png,1,0.41881969571113586,0.41678479253415623
DUP_BAL_J,33,02/test/ko/0033.png,1,0.2870088517665863,0.2199952295183343
DUP_BAL_J,34,02/test/ko/0034.png,1,0.31656187772750854,0.6848981211394244
DUP_BAL_J,35,02/test/ko/0035.png,1,0.3900323212146759,0.6198828859829784
DUP_BAL_J,36,02/test/ko/0036.png,1,0.4401431679725647,0.5002292403373001
DUP_BAL_J,37,02/test/ko/0037.png,1,0.4034711718559265,0.8054913390588647
DUP_BAL_J,38,02/test/ko/0038.png,1,0.36270883679389954,0.6487836198359554
DUP_BAL_J,39,02/test/ko/0039.png,1,0.3813769519329071,0.7515352438397213
DUP_BAL_J,40,02/test/ko/0040.png,1,0.42596369981765747,0.8421628883464366
DUP_BAL_J,41,02/test/ko/0041.png,1,0.452083021402359,0.895270959241444
DUP_BAL_J,42,02/test/ko/0042.png,1,0.33040934801101685,0.004323929102690164
DUP_BAL_J,43,02/test/ko/0043.png,1,0.3761410713195801,0.5055706935533826
DUP_BAL_J,44,02/test/ko/0044.png,1,0.4158286452293396,0.782953455614088
DUP_BAL_J,45,02/test/ko/0045.png,1,0.4311935603618622,0.5590641576468697
DUP_BAL_J,46,02/test/ko/0046.png,1,0.4346473813056946,0.5676384006065996
DUP_BAL_J,47,02/test/ko/0047.png,1,0.4130629599094391,0.6283426921333177
DUP_BAL_J,48,02/test/ko/0048.png,1,0.3384912610054016,0.3359085350316847
DUP_BAL_J,49,02/test/ko/0049.png,1,0.45576387643814087,0.7900087559869716
DUP_BAL_J,50,02/test/ko/0050.png,1,0.3974015414714813,0.8081903401226197
DUP_BAL_J,51,02/test/ko/0051.png,1,0.4079701006412506,0.6170655030371447
DUP_BAL_J,52,02/test/ko/0052.png,1,0.4399314522743225,0.838101168422536
DUP_BAL_J,53,02/test/ko/0053.png,1,0.3129507303237915,0.8549251028612397
DUP_BAL_J,54,02/test/ko/0054.png,1,0.2707449495792389,0.311769368555644
DUP_BAL_J,55,02/test/ko/0055.png,1,0.32538267970085144,0.6588265166679133
DUP_BAL_J,56,02/test/ko/0056.png,1,0.34192955493927,0.8114774333563797
DUP_BAL_J,57,02/test/ko/0057.png,1,0.34396448731422424,0.28780045459164677
DUP_BAL_J,58,02/test/ko/0058.png,1,0.4220624268054962,0.6884481211355442
DUP_BAL_J,59,02/test/ko/0059.png,1,0.4108031988143921,0.5156777466510793
DUP_BAL_J,60,02/test/ko/0060.png,1,0.351054847240448,0.5738980343943264
DUP_BAL_J,61,02/test/ko/0061.png,1,0.4275500178337097,0.6312261138822675
DUP_BAL_J,62,02/test/ko/0062.png,1,0.47766047716140747,0.8223351041563742
DUP_BAL_J,63,02/test/ko/0063.png,1,0.4447138011455536,0.6221373017391295
DUP_BAL_J,64,02/test/ko/0064.png,1,0.32906365394592285,0.6215898758336293
DUP_BAL_J,65,02/test/ko/0065.png,1,0.3415352404117584,0.43874994890535063
DUP_BAL_J,66,02/test/ko/0066.png,1,0.3993641138076782,0.45195604628514996
DUP_BAL_J,67,02/test/ko/0067.png,1,0.37385889887809753,0.23259431410134684
DUP_BAL_J,68,02/test/ko/0068.png,1,0.3883487582206726,0.28848851143253484
DUP_BAL_J,69,02/test/ko/0069.png,1,0.49612241983413696,0.8632579005378167
DUP_BAL_J,70,02/test/ko/0070.png,1,0.32408061623573303,0.022423824438107354
DUP_BAL_J,71,02/test/ko/0071.png,1,0.3636638820171356,0.02928709446091924
DUP_BAL_J,72,02/test/ko/0072.png,1,0.42447251081466675,0.30167633235136865
DUP_BAL_J,73,02/test/ko/0073.png,1,0.2994879186153412,0.04938041219317259
DUP_BAL_J,74,02/test/ko/0074.png,1,0.2671898603439331,0.042808694027297776
DUP_BAL_J,75,02/test/ko/0075.png,1,0.41177600622177124,0.5003712270032644
DUP_BAL_J,76,02/test/ko/0076.png,1,0.4057619869709015,0.5351207102244321
DUP_BAL_J,77,02/test/ko/0077.png,1,0.4486161172389984,0.5297567903081865
DUP_BAL_J,78,02/test/ko/0078.png,1,0.40047451853752136,0.7370550712490883
DUP_BAL_J,79,02/test/ko/0079.png,1,0.37406325340270996,0.7236379318990588
DUP_BAL_J,80,02/test/ko/0080.png,1,0.17149989306926727,0.6098417739852023
DUP_BAL_J,81,02/test/ko/0081.png,1,0.1224765032529831,0.4265673700879362
DUP_BAL_J,82,02/test/ko/0082.png,1,0.10581625998020172,0.04908351939943967
DUP_BAL_J,83,02/test/ko/0083.png,1,0.13967224955558777,0.016768792785677035
DUP_BAL_J,84,02/test/ko/0084.png,1,0.16714705526828766,0.8374999999999999
DUP_BAL_J,85,02/test/ko/0085.png,1,0.1738991141319275,0.3459597735037902
DUP_BAL_J,86,02/test/ko/0086.png,1,0.13267740607261658,0.14057275541795666
DUP_BAL_J,87,02/test/ko/0087.png,1,0.1471351683139801,0.4421566536349702
DUP_BAL_J,88,02/test/ko/0088.png,1,0.13233467936515808,
DUP_BAL_J,89,02/test/ko/0089.png,1,0.10494150966405869,0.09166666666666667
DUP_BAL_J,90,02/test/ko/0090.png,1,0.11582538485527039,0.08106723435728357
DUP_BAL_J,91,02/test/ko/0091.png,1,0.18986283242702484,0.5829421768707483
DUP_BAL_J,92,02/test/ko/0092.png,1,0.1218298003077507,
DUP_BAL_J,93,02/test/ko/0093.png,1,0.13081374764442444,0.5295374695572324
DUP_BAL_J,94,02/test/ko/0094.png,1,0.1677696853876114,0.43477284213294365
DUP_BAL_J,95,02/test/ko/0095.png,1,0.1095743477344513,0.11081783921297989
DUP_BAL_J,96,02/test/ko/0096.png,1,0.12569235265254974,0.07395063138908199
DUP_BAL_J,97,02/test/ko/0097.png,1,0.12282580882310867,0.06408585927919155
DUP_BAL_J,98,02/test/ko/0098.png,1,0.1672683209180832,0.10467744738669547
DUP_BAL_J,99,02/test/ko/0099.png,1,0.13388243317604065,0.6603229685936453
DUP_BAL_J,100,02/test/ko/0100.png,1,0.13404951989650726,0.7766666666666667
DUP_BAL_J,101,02/test/ko/0101.png,1,0.13672591745853424,0.28388047138047134
DUP_BAL_J,102,02/test/ko/0102.png,1,0.14337390661239624,0.12376933895921238
DUP_BAL_J,103,02/test/ko/0103.png,1,0.11423562467098236,0.1338524010770894
DUP_BAL_J,104,02/test/ko/0104.png,1,0.15166375041007996,0.013488655763789013
DUP_BAL_J,105,02/test/ko/0105.png,1,0.12016129493713379,0.06139149710210718
DUP_BAL_J,106,02/test/ko/0106.png,1,0.1468110978603363,0.1678395245354261
DUP_BAL_J,107,02/test/ko/0107.png,1,0.17179642617702484,0.47339316902675566
DUP_BAL_J,108,02/test/ko/0108.png,1,0.1348354071378708,0.005041656417859532
DUP_BAL_J,109,02/test/ko/0109.png,1,0.11536221951246262,
DUP_BAL_J,110,02/test/ko/0110.png,1,0.14852271974086761,0.18554319665439573
DUP_BAL_J,111,02/test/ko/0111.png,1,0.12972566485404968,0.31313131313131315
DUP_BAL_J,112,02/test/ko/0112.png,1,0.12969602644443512,
DUP_BAL_J,113,02/test/ko/0113.png,1,0.11999741941690445,0.3435897435897436
DUP_BAL_J,114,02/test/ko/0114.png,1,0.15015526115894318,0.29125967505389283
DUP_BAL_J,115,02/test/ko/0115.png,1,0.14288456737995148,0.06851711917749653
DUP_BAL_J,116,02/test/ko/0116.png,1,0.12627214193344116,
DUP_BAL_J,117,02/test/ko/0117.png,1,0.16316324472427368,0.07338697278737252
DUP_BAL_J,118,02/test/ko/0118.png,1,0.14439243078231812,
DUP_BAL_J,119,02/test/ko/0119.png,1,0.10816977173089981,
DUP_BAL_J,120,02/test/ko/0120.png,1,0.10476277023553848,
DUP_BAL_J,121,02/test/ko/0121.png,1,0.1285277009010315,0.05890733130152707
DUP_BAL_J,122,02/test/ko/0122.png,1,0.09625861793756485,
DUP_BAL_J,123,02/test/ko/0123.png,1,0.10471782833337784,
DUP_BAL_J,124,02/test/ko/0124.png,1,0.15477566421031952,0.40753856920913967
DUP_BAL_J,125,02/test/ko/0125.png,1,0.10901197046041489,0.19084145021645024
DUP_BAL_J,126,02/test/ko/0126.png,1,0.1504066288471222,0.20185185185185187
DUP_BAL_J,127,02/test/ko/0127.png,1,0.11659916490316391,
DUP_BAL_J,128,02/test/ko/0128.png,1,0.17854121327400208,0.24395943680041035
DUP_BAL_J,129,02/test/ko/0129.png,1,0.10898967832326889,
DUP_BAL_J,130,02/test/ko/0130.png,1,0.10383733361959457,0.10170670037926675
DUP_BAL_J,131,02/test/ko/0131.png,1,0.1387203335762024,0.03706075008084703
DUP_BAL_J,132,02/test/ko/0132.png,1,0.12973396480083466,0.108325624632095
DUP_BAL_J,133,02/test/ko/0133.png,1,0.14220985770225525,
DUP_BAL_J,134,02/test/ko/0134.png,1,0.1410902589559555,0.16690145603189083
DUP_BAL_J,135,02/test/ko/0135.png,1,0.126337468624115,0.13946899381221414
DUP_BAL_J,136,02/test/ko/0136.png,1,0.1019497960805893,
DUP_BAL_J,137,02/test/ko/0137.png,1,0.10506680607795715,
DUP_BAL_J,138,02/test/ko/0138.png,1,0.11449938267469406,
DUP_BAL_J,139,02/test/ko/0139.png,1,0.10795843601226807,
DUP_BAL_J,140,02/test/ko/0140.png,1,0.12203560024499893,0.8619466851374746
DUP_BAL_J,141,02/test/ko/0141.png,1,0.11335260421037674,
DUP_BAL_J,142,02/test/ko/0142.png,1,0.12164769321680069,0.033822751322751324
DUP_BAL_J,143,02/test/ko/0143.png,1,0.15094426274299622,0.514983164983165
DUP_BAL_J,144,02/test/ko/0144.png,1,0.1092156320810318,
DUP_BAL_J,145,02/test/ko/0145.png,1,0.146365687251091,
DUP_BAL_J,146,02/test/ko/0146.png,1,0.10802242159843445,
DUP_BAL_J,147,02/test/ko/0147.png,1,0.1317383497953415,0.34137942330213167
DUP_BAL_J,148,02/test/ko/0148.png,1,0.135209321975708,
DUP_BAL_J,149,02/test/ko/0149.png,1,0.11606242507696152,
DUP_BAL_J,150,02/test/ko/0150.png,1,0.101589635014534,
DUP_BAL_J,151,02/test/ko/0151.png,1,0.09304004907608032,0.02496463344788087
DUP_BAL_J,152,02/test/ko/0152.png,1,0.12909285724163055,0.4656519768444548
DUP_BAL_J,153,02/test/ko/0153.png,1,0.1326674371957779,0.22023596176821983
DUP_BAL_J,154,02/test/ko/0154.png,1,0.1086067333817482,
DUP_BAL_J,155,02/test/ko/0155.png,1,0.12839297950267792,0.052115326573433804
DUP_BAL_J,156,02/test/ko/0156.png,1,0.09396159648895264,
DUP_BAL_J,157,02/test/ko/0157.png,1,0.14386768639087677,
DUP_BAL_J,158,02/test/ko/0158.png,1,0.11941500753164291,0.01133163078669838
DUP_BAL_J,159,02/test/ko/0159.png,1,0.13349001109600067,
DUP_BAL_J,160,02/test/ko/0160.png,1,0.11418043076992035,
DUP_BAL_J,161,02/test/ko/0161.png,1,0.10181502252817154,0.04387736912946996
DUP_BAL_J,162,02/test/ko/0162.png,1,0.1017959862947464,0.006520128215894674
DUP_BAL_J,163,02/test/ko/0163.png,1,0.13965320587158203,
DUP_BAL_J,164,02/test/ko/0164.png,1,0.1331954002380371,0.2492063492063492
DUP_BAL_J,165,02/test/ko/0165.png,1,0.1150100827217102,0.23610152819239252
DUP_BAL_J,166,02/test/ko/0166.png,1,0.10535456985235214,0.46689113355780026
DUP_BAL_J,167,02/test/ko/0167.png,1,0.11910732090473175,0.1414715719063545
DUP_BAL_J,168,02/test/ko/0168.png,1,0.11042402684688568,
DUP_BAL_J,169,02/test/ko/0169.png,1,0.1295194774866104,0.23040935672514617
DUP_BAL_J,170,02/test/ko/0170.png,1,0.134164959192276,0.07325585042976346
DUP_BAL_J,171,02/test/ko/0171.png,1,0.11403912305831909,
DUP_BAL_J,172,02/test/ko/0172.png,1,0.10365451872348785,
DUP_BAL_J,173,02/test/ko/0173.png,1,0.129878968000412,
DUP_BAL_J,174,02/test/ko/0174.png,1,0.12694017589092255,0.2720474640727872
DUP_BAL_J,175,02/test/ko/0175.png,1,0.1099993884563446,0.18956371316338774
DUP_BAL_J,176,02/test/ko/0176.png,1,0.0886075496673584,
DUP_BAL_J,177,02/test/ko/0177.png,1,0.12212364375591278,0.0005734870317002881
DUP_BAL_J,178,02/test/ko/0178.png,1,0.12118317186832428,0.6825
DUP_BAL_J,179,02/test/ko/0179.png,1,0.11477410048246384,0.01569122140900424
DUP_BAL_J,180,02/test/ko/0180.png,1,0.11992039531469345,
DUP_BAL_J,181,02/test/ko/0181.png,1,0.11610180139541626,0.1459531988352507
DUP_BAL_J,182,02/test/ko/0182.png,1,0.12901796400547028,
DUP_BAL_J,183,02/test/ko/0183.png,1,0.1550034135580063,0.7291666666666666
DUP_BAL_J,184,02/test/ko/0184.png,1,0.10705263912677765,
DUP_BAL_J,185,02/test/ko/0185.png,1,0.12618185579776764,0.5113945578231291
DUP_BAL_J,186,02/test/ko/0186.png,1,0.12612760066986084,0.02945738081323938
DUP_BAL_J,187,02/test/ko/0187.png,1,0.15798501670360565,0.5194300450920262
DUP_BAL_J,188,02/test/ko/0188.png,1,0.25462937355041504,0.5141445775886967
DUP_BAL_J,189,02/test/ko/0189.png,1,0.4100101888179779,0.7210681863615072
DUP_BAL_J,190,02/test/ko/0190.png,1,0.3794711232185364,0.5100428647535582
DUP_BAL_J,191,02/test/ko/0191.png,1,0.42287003993988037,0.7729283408722235
DUP_BAL_J,192,02/test/ko/0192.png,1,0.31870755553245544,0.06043370824661214
DUP_BAL_J,193,02/test/ko/0193.png,1,0.3769410252571106,0.6493056496591406
DUP_BAL_J,194,02/test/ko/0194.png,1,0.35172659158706665,0.5729493450532808
DUP_BAL_J,195,02/test/ko/0195.png,1,0.2074720561504364,0.40868266811882353
DUP_BAL_J,196,02/test/ko/0196.png,1,0.34135040640830994,0.019762649055586338
DUP_BAL_J,197,02/test/ko/0197.png,1,0.4099253714084625,0.5202415166755665
DUP_BAL_J,198,02/test/ko/0198.png,1,0.4761919379234314,0.842221668758793
DUP_BAL_J,199,02/test/ko/0199.png,1,0.43789127469062805,0.5553277708928551
DUP_BAL_J,200,02/test/ok/0000.png,0,0.08986131101846695,
DUP_BAL_J,201,02/test/ok/0001.png,0,0.10571333765983582,
DUP_BAL_J,202,02/test/ok/0002.png,0,0.10835503786802292,
DUP_BAL_J,203,02/test/ok/0003.png,0,0.09070491045713425,
DUP_BAL_J,204,02/test/ok/0004.png,0,0.12714551389217377,
DUP_BAL_J,205,02/test/ok/0005.png,0,0.09873233735561371,
DUP_BAL_J,206,02/test/ok/0006.png,0,0.11482210457324982,
DUP_BAL_J,207,02/test/ok/0007.png,0,0.11000802367925644,
DUP_BAL_J,208,02/test/ok/0008.png,0,0.13799966871738434,
DUP_BAL_J,209,02/test/ok/0009.png,0,0.1160801351070404,
DUP_BAL_J,210,02/test/ok/0010.png,0,0.10736533254384995,
DUP_BAL_J,211,02/test/ok/0011.png,0,0.10281147062778473,
DUP_BAL_J,212,02/test/ok/0012.png,0,0.09991926699876785,
DUP_BAL_J,213,02/test/ok/0013.png,0,0.1029481440782547,
DUP_BAL_J,214,02/test/ok/0014.png,0,0.09001856297254562,
DUP_BAL_J,215,02/test/ok/0015.png,0,0.09459656476974487,
DUP_BAL_J,216,02/test/ok/0016.png,0,0.10367923229932785,
DUP_BAL_J,217,02/test/ok/0017.png,0,0.11147848516702652,
DUP_BAL_J,218,02/test/ok/0018.png,0,0.10934852063655853,
DUP_BAL_J,219,02/test/ok/0019.png,0,0.10660271346569061,
DUP_BAL_J,220,02/test/ok/0020.png,0,0.09940639138221741,
DUP_BAL_J,221,02/test/ok/0021.png,0,0.09465780109167099,
DUP_BAL_J,222,02/test/ok/0022.png,0,0.10326768457889557,
DUP_BAL_J,223,02/test/ok/0023.png,0,0.10065902024507523,
DUP_BAL_J,224,02/test/ok/0024.png,0,0.1269332468509674,
DUP_BAL_J,225,02/test/ok/0025.png,0,0.11292297393083572,
DUP_BAL_J,226,02/test/ok/0026.png,0,0.1341107338666916,
DUP_BAL_J,227,02/test/ok/0027.png,0,0.09748441725969315,
DUP_BAL_J,228,02/test/ok/0028.png,0,0.10158209502696991,
DUP_BAL_J,229,02/test/ok/0029.png,0,0.11474181711673737,
DUP_EXPECTED_J,0,02/test/ko/0000.png,1,0.5258599519729614,0.7865052595928073
DUP_EXPECTED_J,1,02/test/ko/0001.png,1,0.5425142645835876,0.8949352071481623
DUP_EXPECTED_J,2,02/test/ko/0002.png,1,0.41166600584983826,0.8132337584472721
DUP_EXPECTED_J,3,02/test/ko/0003.png,1,0.41067811846733093,0.4949979064161471
DUP_EXPECTED_J,4,02/test/ko/0004.png,1,0.47921299934387207,0.4782804811691754
DUP_EXPECTED_J,5,02/test/ko/0005.png,1,0.5072476863861084,0.5984975687869708
DUP_EXPECTED_J,6,02/test/ko/0006.png,1,0.5433835387229919,0.8605768128162542
DUP_EXPECTED_J,7,02/test/ko/0007.png,1,0.4276716113090515,0.8081171111332818
DUP_EXPECTED_J,8,02/test/ko/0008.png,1,0.45446857810020447,0.7192810025815788
DUP_EXPECTED_J,9,02/test/ko/0009.png,1,0.4744049608707428,0.8367447730013827
DUP_EXPECTED_J,10,02/test/ko/0010.png,1,0.5236207246780396,0.9124597634703047
DUP_EXPECTED_J,11,02/test/ko/0011.png,1,0.3104933798313141,0.21916249983556071
DUP_EXPECTED_J,12,02/test/ko/0012.png,1,0.4401278793811798,0.27249269483642374
DUP_EXPECTED_J,13,02/test/ko/0013.png,1,0.4033609628677368,0.3594465015063904
DUP_EXPECTED_J,14,02/test/ko/0014.png,1,0.4663916826248169,0.6033485883424534
DUP_EXPECTED_J,15,02/test/ko/0015.png,1,0.41212910413742065,0.7673437049040596
DUP_EXPECTED_J,16,02/test/ko/0016.png,1,0.4534997344017029,0.7345142040882287
DUP_EXPECTED_J,17,02/test/ko/0017.png,1,0.5151715278625488,0.4971586359460174
DUP_EXPECTED_J,18,02/test/ko/0018.png,1,0.44459816813468933,0.812774088766862
DUP_EXPECTED_J,19,02/test/ko/0019.png,1,0.3651331067085266,0.33533423590528866
DUP_EXPECTED_J,20,02/test/ko/0020.png,1,0.4409283995628357,0.24658602413870614
DUP_EXPECTED_J,21,02/test/ko/0021.png,1,0.35628125071525574,0.680209306329808
DUP_EXPECTED_J,22,02/test/ko/0022.png,1,0.40785539150238037,0.4610118836159564
DUP_EXPECTED_J,23,02/test/ko/0023.png,1,0.4392412304878235,0.7931958617290111
DUP_EXPECTED_J,24,02/test/ko/0024.png,1,0.52849280834198,0.5314814663221459
DUP_EXPECTED_J,25,02/test/ko/0025.png,1,0.4925333857536316,0.7385554527584007
DUP_EXPECTED_J,26,02/test/ko/0026.png,1,0.5084691643714905,0.13385680430854954
DUP_EXPECTED_J,27,02/test/ko/0027.png,1,0.2925433814525604,0.028266714558849392
DUP_EXPECTED_J,28,02/test/ko/0028.png,1,0.48219671845436096,0.6201885351972962
DUP_EXPECTED_J,29,02/test/ko/0029.png,1,0.43096113204956055,0.7348504549401591
DUP_EXPECTED_J,30,02/test/ko/0030.png,1,0.40930160880088806,0.7999961412774339
DUP_EXPECTED_J,31,02/test/ko/0031.png,1,0.45397764444351196,0.07770992234413487
DUP_EXPECTED_J,32,02/test/ko/0032.png,1,0.5076888203620911,0.4042849156290123
DUP_EXPECTED_J,33,02/test/ko/0033.png,1,0.35334527492523193,0.2182974472810917
DUP_EXPECTED_J,34,02/test/ko/0034.png,1,0.36392587423324585,0.631626259345316
DUP_EXPECTED_J,35,02/test/ko/0035.png,1,0.47072717547416687,0.5328350316050835
DUP_EXPECTED_J,36,02/test/ko/0036.png,1,0.5344074368476868,0.4959297488293489
DUP_EXPECTED_J,37,02/test/ko/0037.png,1,0.4708256423473358,0.8013908691887887
DUP_EXPECTED_J,38,02/test/ko/0038.png,1,0.4162255823612213,0.656408535610991
DUP_EXPECTED_J,39,02/test/ko/0039.png,1,0.46778810024261475,0.772640314439071
DUP_EXPECTED_J,40,02/test/ko/0040.png,1,0.4977549612522125,0.8486803374688656
DUP_EXPECTED_J,41,02/test/ko/0041.png,1,0.5164493918418884,0.8800846517618448
DUP_EXPECTED_J,42,02/test/ko/0042.png,1,0.4105113446712494,0.0041825215878488415
DUP_EXPECTED_J,43,02/test/ko/0043.png,1,0.44997870922088623,0.5333064260518294
DUP_EXPECTED_J,44,02/test/ko/0044.png,1,0.4890941381454468,0.7371158790244307
DUP_EXPECTED_J,45,02/test/ko/0045.png,1,0.5240620374679565,0.5301185012216059
DUP_EXPECTED_J,46,02/test/ko/0046.png,1,0.5221700072288513,0.5696766059502266
DUP_EXPECTED_J,47,02/test/ko/0047.png,1,0.4956320822238922,0.6184240600540768
DUP_EXPECTED_J,48,02/test/ko/0048.png,1,0.4241214990615845,0.32296409998466
DUP_EXPECTED_J,49,02/test/ko/0049.png,1,0.5237928628921509,0.7661456459535761
DUP_EXPECTED_J,50,02/test/ko/0050.png,1,0.45778074860572815,0.7917083746232416
DUP_EXPECTED_J,51,02/test/ko/0051.png,1,0.46931302547454834,0.6013017011839136
DUP_EXPECTED_J,52,02/test/ko/0052.png,1,0.5241783261299133,0.8233105377799016
DUP_EXPECTED_J,53,02/test/ko/0053.png,1,0.3678511381149292,0.8716986040484134
DUP_EXPECTED_J,54,02/test/ko/0054.png,1,0.3343784213066101,0.3014814884879142
DUP_EXPECTED_J,55,02/test/ko/0055.png,1,0.37482038140296936,0.6247423960698545
DUP_EXPECTED_J,56,02/test/ko/0056.png,1,0.4021323621273041,0.7905863543322653
DUP_EXPECTED_J,57,02/test/ko/0057.png,1,0.4130207896232605,0.28158644787071285
DUP_EXPECTED_J,58,02/test/ko/0058.png,1,0.5092976093292236,0.6888675307387719
DUP_EXPECTED_J,59,02/test/ko/0059.png,1,0.4768869876861572,0.4555245148440694
DUP_EXPECTED_J,60,02/test/ko/0060.png,1,0.40644919872283936,0.5643345009733733
DUP_EXPECTED_J,61,02/test/ko/0061.png,1,0.4963833689689636,0.5778261234956258
DUP_EXPECTED_J,62,02/test/ko/0062.png,1,0.5103785395622253,0.8212576854242181
DUP_EXPECTED_J,63,02/test/ko/0063.png,1,0.5369627475738525,0.6166345470721751
DUP_EXPECTED_J,64,02/test/ko/0064.png,1,0.40438613295555115,0.6227635430002768
DUP_EXPECTED_J,65,02/test/ko/0065.png,1,0.40921691060066223,0.36682376823778584
DUP_EXPECTED_J,66,02/test/ko/0066.png,1,0.4684974253177643,0.4919412234640979
DUP_EXPECTED_J,67,02/test/ko/0067.png,1,0.45515361428260803,0.22670253841673713
DUP_EXPECTED_J,68,02/test/ko/0068.png,1,0.4837748408317566,0.2783731273334275
DUP_EXPECTED_J,69,02/test/ko/0069.png,1,0.6014463305473328,0.8767173080059144
DUP_EXPECTED_J,70,02/test/ko/0070.png,1,0.41204634308815,0.02229157080680878
DUP_EXPECTED_J,71,02/test/ko/0071.png,1,0.4430592954158783,0.029307370088001716
DUP_EXPECTED_J,72,02/test/ko/0072.png,1,0.5262444019317627,0.27150029958474414
DUP_EXPECTED_J,73,02/test/ko/0073.png,1,0.37409645318984985,0.04853877108515201
DUP_EXPECTED_J,74,02/test/ko/0074.png,1,0.33449915051460266,0.0440242794319238
DUP_EXPECTED_J,75,02/test/ko/0075.png,1,0.5060433745384216,0.494763884785453
DUP_EXPECTED_J,76,02/test/ko/0076.png,1,0.47300079464912415,0.4810525900278025
DUP_EXPECTED_J,77,02/test/ko/0077.png,1,0.514317512512207,0.5137218932345968
DUP_EXPECTED_J,78,02/test/ko/0078.png,1,0.4772421419620514,0.7235265406788738
DUP_EXPECTED_J,79,02/test/ko/0079.png,1,0.4392325282096863,0.6920220380414055
DUP_EXPECTED_J,80,02/test/ko/0080.png,1,0.20610585808753967,0.5937076620356193
DUP_EXPECTED_J,81,02/test/ko/0081.png,1,0.13013377785682678,0.5493685433747854
DUP_EXPECTED_J,82,02/test/ko/0082.png,1,0.12911798059940338,0.045212927288058403
DUP_EXPECTED_J,83,02/test/ko/0083.png,1,0.15401415526866913,0.026503902926377637
DUP_EXPECTED_J,84,02/test/ko/0084.png,1,0.20938746631145477,0.8238095238095238
DUP_EXPECTED_J,85,02/test/ko/0085.png,1,0.20040325820446014,0.31943736338625206
DUP_EXPECTED_J,86,02/test/ko/0086.png,1,0.14833217859268188,0.19366244458156223
DUP_EXPECTED_J,87,02/test/ko/0087.png,1,0.16463279724121094,0.4436105945876979
DUP_EXPECTED_J,88,02/test/ko/0088.png,1,0.1512368619441986,
DUP_EXPECTED_J,89,02/test/ko/0089.png,1,0.12734998762607574,0.08834586466165413
DUP_EXPECTED_J,90,02/test/ko/0090.png,1,0.1366163194179535,0.08121831087932783
DUP_EXPECTED_J,91,02/test/ko/0091.png,1,0.22205850481987,0.6528865600294171
DUP_EXPECTED_J,92,02/test/ko/0092.png,1,0.1422901302576065,
DUP_EXPECTED_J,93,02/test/ko/0093.png,1,0.15807390213012695,0.4836144580359045
DUP_EXPECTED_J,94,02/test/ko/0094.png,1,0.20777973532676697,0.4509328499662372
DUP_EXPECTED_J,95,02/test/ko/0095.png,1,0.1364010125398636,0.12134911836131348
DUP_EXPECTED_J,96,02/test/ko/0096.png,1,0.1350267231464386,0.13505734999258426
DUP_EXPECTED_J,97,02/test/ko/0097.png,1,0.1457904875278473,0.07762457858056128
DUP_EXPECTED_J,98,02/test/ko/0098.png,1,0.18653379380702972,0.09601299720590403
DUP_EXPECTED_J,99,02/test/ko/0099.png,1,0.1584765911102295,0.6982091982091981
DUP_EXPECTED_J,100,02/test/ko/0100.png,1,0.14752791821956635,0.5136363636363637
DUP_EXPECTED_J,101,02/test/ko/0101.png,1,0.16511079668998718,0.3682840307840308
DUP_EXPECTED_J,102,02/test/ko/0102.png,1,0.15874210000038147,0.12560386473429952
DUP_EXPECTED_J,103,02/test/ko/0103.png,1,0.12972962856292725,0.15970387727179303
DUP_EXPECTED_J,104,02/test/ko/0104.png,1,0.1859917789697647,0.013539448236198008
DUP_EXPECTED_J,105,02/test/ko/0105.png,1,0.14531151950359344,0.05772401813954919
DUP_EXPECTED_J,106,02/test/ko/0106.png,1,0.1774052232503891,0.1707869382693304
DUP_EXPECTED_J,107,02/test/ko/0107.png,1,0.20897868275642395,0.41890359824808754
DUP_EXPECTED_J,108,02/test/ko/0108.png,1,0.16802291572093964,0.005270067756454088
DUP_EXPECTED_J,109,02/test/ko/0109.png,1,0.14359305799007416,
DUP_EXPECTED_J,110,02/test/ko/0110.png,1,0.17451642453670502,0.18160903375593612
DUP_EXPECTED_J,111,02/test/ko/0111.png,1,0.15419341623783112,0.3686868686868687
DUP_EXPECTED_J,112,02/test/ko/0112.png,1,0.1594553142786026,
DUP_EXPECTED_J,113,02/test/ko/0113.png,1,0.14213404059410095,0.750877192982456
DUP_EXPECTED_J,114,02/test/ko/0114.png,1,0.1799801141023636,0.30501566219354087
DUP_EXPECTED_J,115,02/test/ko/0115.png,1,0.1698506474494934,0.057470106107877006
DUP_EXPECTED_J,116,02/test/ko/0116.png,1,0.15043844282627106,
DUP_EXPECTED_J,117,02/test/ko/0117.png,1,0.19196198880672455,0.07660176081228713
DUP_EXPECTED_J,118,02/test/ko/0118.png,1,0.17819464206695557,
DUP_EXPECTED_J,119,02/test/ko/0119.png,1,0.12757566571235657,
DUP_EXPECTED_J,120,02/test/ko/0120.png,1,0.12104686349630356,
DUP_EXPECTED_J,121,02/test/ko/0121.png,1,0.15025752782821655,0.07129810393821794
DUP_EXPECTED_J,122,02/test/ko/0122.png,1,0.10909125208854675,
DUP_EXPECTED_J,123,02/test/ko/0123.png,1,0.12671177089214325,
DUP_EXPECTED_J,124,02/test/ko/0124.png,1,0.18669937551021576,0.39534664051380636
DUP_EXPECTED_J,125,02/test/ko/0125.png,1,0.13515107333660126,0.23663836163836163
DUP_EXPECTED_J,126,02/test/ko/0126.png,1,0.17242999374866486,0.21499309868875083
DUP_EXPECTED_J,127,02/test/ko/0127.png,1,0.13669385015964508,
DUP_EXPECTED_J,128,02/test/ko/0128.png,1,0.21739256381988525,0.24959375008883214
DUP_EXPECTED_J,129,02/test/ko/0129.png,1,0.13675175607204437,
DUP_EXPECTED_J,130,02/test/ko/0130.png,1,0.12030628323554993,0.14225708502024292
DUP_EXPECTED_J,131,02/test/ko/0131.png,1,0.1739114671945572,0.0377721319012022
DUP_EXPECTED_J,132,02/test/ko/0132.png,1,0.15406545996665955,0.09649197375667924
DUP_EXPECTED_J,133,02/test/ko/0133.png,1,0.16964244842529297,
DUP_EXPECTED_J,134,02/test/ko/0134.png,1,0.17177826166152954,0.18565867003367004
DUP_EXPECTED_J,135,02/test/ko/0135.png,1,0.1500444859266281,0.13282699443413729
DUP_EXPECTED_J,136,02/test/ko/0136.png,1,0.12396746873855591,
DUP_EXPECTED_J,137,02/test/ko/0137.png,1,0.12926317751407623,
DUP_EXPECTED_J,138,02/test/ko/0138.png,1,0.1386886090040207,
DUP_EXPECTED_J,139,02/test/ko/0139.png,1,0.13272792100906372,
DUP_EXPECTED_J,140,02/test/ko/0140.png,1,0.1481381058692932,0.833164499186171
DUP_EXPECTED_J,141,02/test/ko/0141.png,1,0.1402311474084854,
DUP_EXPECTED_J,142,02/test/ko/0142.png,1,0.1343679428100586,0.03203133425585784
DUP_EXPECTED_J,143,02/test/ko/0143.png,1,0.1819673627614975,0.48316498316498313
DUP_EXPECTED_J,144,02/test/ko/0144.png,1,0.13207237422466278,
DUP_EXPECTED_J,145,02/test/ko/0145.png,1,0.16898520290851593,
DUP_EXPECTED_J,146,02/test/ko/0146.png,1,0.13390761613845825,
DUP_EXPECTED_J,147,02/test/ko/0147.png,1,0.1624201238155365,0.360052048070413
DUP_EXPECTED_J,148,02/test/ko/0148.png,1,0.16869962215423584,
DUP_EXPECTED_J,149,02/test/ko/0149.png,1,0.13470003008842468,
DUP_EXPECTED_J,150,02/test/ko/0150.png,1,0.12281648069620132,
DUP_EXPECTED_J,151,02/test/ko/0151.png,1,0.11248074471950531,0.028155056625720102
DUP_EXPECTED_J,152,02/test/ko/0152.png,1,0.15403717756271362,0.4632985762565563
DUP_EXPECTED_J,153,02/test/ko/0153.png,1,0.16050714254379272,0.297984067883738
DUP_EXPECTED_J,154,02/test/ko/0154.png,1,0.13146521151065826,
DUP_EXPECTED_J,155,02/test/ko/0155.png,1,0.1611701250076294,0.06882696757812393
DUP_EXPECTED_J,156,02/test/ko/0156.png,1,0.11355464905500412,
DUP_EXPECTED_J,157,02/test/ko/0157.png,1,0.1688552349805832,
DUP_EXPECTED_J,158,02/test/ko/0158.png,1,0.13645333051681519,0.011565287246432115
DUP_EXPECTED_J,159,02/test/ko/0159.png,1,0.16429147124290466,
DUP_EXPECTED_J,160,02/test/ko/0160.png,1,0.14249588549137115,
DUP_EXPECTED_J,161,02/test/ko/0161.png,1,0.11903207004070282,0.0374066415354265
DUP_EXPECTED_J,162,02/test/ko/0162.png,1,0.12139172106981277,0.006556345026121109
DUP_EXPECTED_J,163,02/test/ko/0163.png,1,0.15901221334934235,
DUP_EXPECTED_J,164,02/test/ko/0164.png,1,0.1596931666135788,0.2713675213675214
DUP_EXPECTED_J,165,02/test/ko/0165.png,1,0.14007386565208435,0.0921013697724923
DUP_EXPECTED_J,166,02/test/ko/0166.png,1,0.1292276382446289,0.5712620712620713
DUP_EXPECTED_J,167,02/test/ko/0167.png,1,0.1497122049331665,0.07567287784679089
DUP_EXPECTED_J,168,02/test/ko/0168.png,1,0.13250675797462463,
DUP_EXPECTED_J,169,02/test/ko/0169.png,1,0.1490166038274765,0.1879432624113475
DUP_EXPECTED_J,170,02/test/ko/0170.png,1,0.1515587717294693,0.13283475783475782
DUP_EXPECTED_J,171,02/test/ko/0171.png,1,0.13723255693912506,
DUP_EXPECTED_J,172,02/test/ko/0172.png,1,0.12231124192476273,
DUP_EXPECTED_J,173,02/test/ko/0173.png,1,0.16005346179008484,
DUP_EXPECTED_J,174,02/test/ko/0174.png,1,0.14965437352657318,0.23736735930309721
DUP_EXPECTED_J,175,02/test/ko/0175.png,1,0.13250227272510529,0.09611415212681035
DUP_EXPECTED_J,176,02/test/ko/0176.png,1,0.11254371702671051,
DUP_EXPECTED_J,177,02/test/ko/0177.png,1,0.1493634581565857,0.000541249528164414
DUP_EXPECTED_J,178,02/test/ko/0178.png,1,0.1400626003742218,0.6625
DUP_EXPECTED_J,179,02/test/ko/0179.png,1,0.1322488933801651,0.0194672192487757
DUP_EXPECTED_J,180,02/test/ko/0180.png,1,0.14176200330257416,
DUP_EXPECTED_J,181,02/test/ko/0181.png,1,0.1273832470178604,0.1525753412226842
DUP_EXPECTED_J,182,02/test/ko/0182.png,1,0.1437189280986786,
DUP_EXPECTED_J,183,02/test/ko/0183.png,1,0.19250322878360748,0.7708333333333333
DUP_EXPECTED_J,184,02/test/ko/0184.png,1,0.12348995357751846,
DUP_EXPECTED_J,185,02/test/ko/0185.png,1,0.152809739112854,0.4905172325340392
DUP_EXPECTED_J,186,02/test/ko/0186.png,1,0.15028361976146698,0.02775393728219936
DUP_EXPECTED_J,187,02/test/ko/0187.png,1,0.19511844217777252,0.5338385354141657
DUP_EXPECTED_J,188,02/test/ko/0188.png,1,0.30710893869400024,0.5031745695132411
DUP_EXPECTED_J,189,02/test/ko/0189.png,1,0.4807986319065094,0.6902239864161853
DUP_EXPECTED_J,190,02/test/ko/0190.png,1,0.4691464900970459,0.47778383028262245
DUP_EXPECTED_J,191,02/test/ko/0191.png,1,0.5016151666641235,0.8209157282661006
DUP_EXPECTED_J,192,02/test/ko/0192.png,1,0.3905326724052429,0.05708370109484908
DUP_EXPECTED_J,193,02/test/ko/0193.png,1,0.447992742061615,0.6539511671643079
DUP_EXPECTED_J,194,02/test/ko/0194.png,1,0.4253665804862976,0.5311648303062815
DUP_EXPECTED_J,195,02/test/ko/0195.png,1,0.2413104772567749,0.40712444902448386
DUP_EXPECTED_J,196,02/test/ko/0196.png,1,0.42478883266448975,0.01893172461460598
DUP_EXPECTED_J,197,02/test/ko/0197.png,1,0.4935029149055481,0.5362388984408641
DUP_EXPECTED_J,198,02/test/ko/0198.png,1,0.5507921576499939,0.8412282107817934
DUP_EXPECTED_J,199,02/test/ko/0199.png,1,0.5093178153038025,0.5233079313267992
DUP_EXPECTED_J,200,02/test/ok/0000.png,0,0.10153862088918686,
DUP_EXPECTED_J,201,02/test/ok/0001.png,0,0.131657212972641,
DUP_EXPECTED_J,202,02/test/ok/0002.png,0,0.13129639625549316,
DUP_EXPECTED_J,203,02/test/ok/0003.png,0,0.10993734002113342,
DUP_EXPECTED_J,204,02/test/ok/0004.png,0,0.14521148800849915,
DUP_EXPECTED_J,205,02/test/ok/0005.png,0,0.1098925843834877,
DUP_EXPECTED_J,206,02/test/ok/0006.png,0,0.13832193613052368,
DUP_EXPECTED_J,207,02/test/ok/0007.png,0,0.13641338050365448,
DUP_EXPECTED_J,208,02/test/ok/0008.png,0,0.16611531376838684,
DUP_EXPECTED_J,209,02/test/ok/0009.png,0,0.13396121561527252,
DUP_EXPECTED_J,210,02/test/ok/0010.png,0,0.13160039484500885,
DUP_EXPECTED_J,211,02/test/ok/0011.png,0,0.12382244318723679,
DUP_EXPECTED_J,212,02/test/ok/0012.png,0,0.12184504419565201,
DUP_EXPECTED_J,213,02/test/ok/0013.png,0,0.1157170981168747,
DUP_EXPECTED_J,214,02/test/ok/0014.png,0,0.10902219265699387,
DUP_EXPECTED_J,215,02/test/ok/0015.png,0,0.10921800881624222,
DUP_EXPECTED_J,216,02/test/ok/0016.png,0,0.12560395896434784,
DUP_EXPECTED_J,217,02/test/ok/0017.png,0,0.13274241983890533,
DUP_EXPECTED_J,218,02/test/ok/0018.png,0,0.1263151913881302,
DUP_EXPECTED_J,219,02/test/ok/0019.png,0,0.12293154746294022,
DUP_EXPECTED_J,220,02/test/ok/0020.png,0,0.12460442632436752,
DUP_EXPECTED_J,221,02/test/ok/0021.png,0,0.11277150362730026,
DUP_EXPECTED_J,222,02/test/ok/0022.png,0,0.11901993304491043,
DUP_EXPECTED_J,223,02/test/ok/0023.png,0,0.11837945133447647,
DUP_EXPECTED_J,224,02/test/ok/0024.png,0,0.15347705781459808,
DUP_EXPECTED_J,225,02/test/ok/0025.png,0,0.132588729262352,
DUP_EXPECTED_J,226,02/test/ok/0026.png,0,0.15585941076278687,
DUP_EXPECTED_J,227,02/test/ok/0027.png,0,0.12045807391405106,
DUP_EXPECTED_J,228,02/test/ok/0028.png,0,0.12394442409276962,
DUP_EXPECTED_J,229,02/test/ok/0029.png,0,0.14478327333927155,
A1_L,0,02/test/ko/0000.png,1,0.42128947377204895,0.786263176988084
A1_L,1,02/test/ko/0001.png,1,0.43684354424476624,0.9010443184070758
A1_L,2,02/test/ko/0002.png,1,0.3356631398200989,0.8168676711267289
A1_L,3,02/test/ko/0003.png,1,0.3094668388366699,0.5005396636494779
A1_L,4,02/test/ko/0004.png,1,0.3955259323120117,0.551634391344462
A1_L,5,02/test/ko/0005.png,1,0.3945712149143219,0.6215657418222532
A1_L,6,02/test/ko/0006.png,1,0.4416973888874054,0.8576435512244865
A1_L,7,02/test/ko/0007.png,1,0.34516966342926025,0.8439121664745968
A1_L,8,02/test/ko/0008.png,1,0.3572595715522766,0.7368166284406007
A1_L,9,02/test/ko/0009.png,1,0.3854384422302246,0.8486703099764196
A1_L,10,02/test/ko/0010.png,1,0.42871004343032837,0.9158673493492758
A1_L,11,02/test/ko/0011.png,1,0.23949728906154633,0.23849820792592724
A1_L,12,02/test/ko/0012.png,1,0.3417257070541382,0.2699093223795863
A1_L,13,02/test/ko/0013.png,1,0.31961095333099365,0.4557063094660846
A1_L,14,02/test/ko/0014.png,1,0.3600122928619385,0.5938778926139207
A1_L,15,02/test/ko/0015.png,1,0.33665013313293457,0.7516935200495333
A1_L,16,02/test/ko/0016.png,1,0.3607894778251648,0.7243336866701161
A1_L,17,02/test/ko/0017.png,1,0.40371742844581604,0.5134859541787866
A1_L,18,02/test/ko/0018.png,1,0.3566327393054962,0.8246463875195703
A1_L,19,02/test/ko/0019.png,1,0.305990606546402,0.6053766616873745
A1_L,20,02/test/ko/0020.png,1,0.34556278586387634,0.2604958825437072
A1_L,21,02/test/ko/0021.png,1,0.2851635217666626,0.664162649465759
A1_L,22,02/test/ko/0022.png,1,0.3296380937099457,0.5549358271630931
A1_L,23,02/test/ko/0023.png,1,0.35574641823768616,0.7962499376116832
A1_L,24,02/test/ko/0024.png,1,0.4104759097099304,0.5424228004239966
A1_L,25,02/test/ko/0025.png,1,0.39492467045783997,0.749790647615595
A1_L,26,02/test/ko/0026.png,1,0.41195404529571533,0.15418288929230659
A1_L,27,02/test/ko/0027.png,1,0.21801108121871948,0.02799338061056767
A1_L,28,02/test/ko/0028.png,1,0.4050290882587433,0.6097361313956586
A1_L,29,02/test/ko/0029.png,1,0.350180447101593,0.7460034627757222
A1_L,30,02/test/ko/0030.png,1,0.3464891314506531,0.8170888264050021
A1_L,31,02/test/ko/0031.png,1,0.3645385205745697,0.08002455933548405
A1_L,32,02/test/ko/0032.png,1,0.4032750725746155,0.427955072822414
A1_L,33,02/test/ko/0033.png,1,0.2743802070617676,0.3172230810000504
A1_L,34,02/test/ko/0034.png,1,0.30645132064819336,0.7041967348404677
A1_L,35,02/test/ko/0035.png,1,0.37367209792137146,0.6291460984310454
A1_L,36,02/test/ko/0036.png,1,0.4268914461135864,0.5037698769406633
A1_L,37,02/test/ko/0037.png,1,0.39131373167037964,0.8165643070927683
A1_L,38,02/test/ko/0038.png,1,0.35113537311553955,0.6517286709908585
A1_L,39,02/test/ko/0039.png,1,0.36112114787101746,0.7765304488743295
A1_L,40,02/test/ko/0040.png,1,0.40258684754371643,0.8407628980674475
A1_L,41,02/test/ko/0041.png,1,0.43279457092285156,0.9005728521250902
A1_L,42,02/test/ko/0042.png,1,0.3147839903831482,0.00442294096854012
A1_L,43,02/test/ko/0043.png,1,0.35509517788887024,0.589835058703903
A1_L,44,02/test/ko/0044.png,1,0.4056960642337799,0.7942711874603141
A1_L,45,02/test/ko/0045.png,1,0.412753701210022,0.5604142132649313
A1_L,46,02/test/ko/0046.png,1,0.4105401039123535,0.5630390325866924
A1_L,47,02/test/ko/0047.png,1,0.39973077178001404,0.6537690607444888
A1_L,48,02/test/ko/0048.png,1,0.32815566658973694,0.346588152454507
A1_L,49,02/test/ko/0049.png,1,0.43940192461013794,0.790334662353762
A1_L,50,02/test/ko/0050.png,1,0.38397523760795593,0.8143355492115494
A1_L,51,02/test/ko/0051.png,1,0.39635026454925537,0.6353562205219557
A1_L,52,02/test/ko/0052.png,1,0.42502447962760925,0.8422212000577705
A1_L,53,02/test/ko/0053.png,1,0.3003022074699402,0.8906140578969982
A1_L,54,02/test/ko/0054.png,1,0.2573765218257904,0.32979252596094066
A1_L,55,02/test/ko/0055.png,1,0.31013253331184387,0.6893335161807432
A1_L,56,02/test/ko/0056.png,1,0.32775628566741943,0.8099817622636324
A1_L,57,02/test/ko/0057.png,1,0.3218202590942383,0.29582861202716526
A1_L,58,02/test/ko/0058.png,1,0.3983532786369324,0.6931432410486812
A1_L,59,02/test/ko/0059.png,1,0.38928326964378357,0.495538599880267
A1_L,60,02/test/ko/0060.png,1,0.3340578079223633,0.5937825785677839
A1_L,61,02/test/ko/0061.png,1,0.41300034523010254,0.622292881901632
A1_L,62,02/test/ko/0062.png,1,0.466141939163208,0.825569688676945
A1_L,63,02/test/ko/0063.png,1,0.4385300278663635,0.6467728401232407
A1_L,64,02/test/ko/0064.png,1,0.31528007984161377,0.6454905365373371
A1_L,65,02/test/ko/0065.png,1,0.3298565149307251,0.4828198658214196
A1_L,66,02/test/ko/0066.png,1,0.38612839579582214,0.5237792274404578
A1_L,67,02/test/ko/0067.png,1,0.3587360382080078,0.23513849763434597
A1_L,68,02/test/ko/0068.png,1,0.37349751591682434,0.30588156522828114
A1_L,69,02/test/ko/0069.png,1,0.47933265566825867,0.8814630482544321
A1_L,70,02/test/ko/0070.png,1,0.310566246509552,0.02237659209244213
A1_L,71,02/test/ko/0071.png,1,0.3418726623058319,0.030426957672803023
A1_L,72,02/test/ko/0072.png,1,0.41079580783843994,0.3050086056734532
A1_L,73,02/test/ko/0073.png,1,0.2855437994003296,0.04874205633683751
A1_L,74,02/test/ko/0074.png,1,0.24800527095794678,0.04935489397602414
A1_L,75,02/test/ko/0075.png,1,0.4033946394920349,0.510093656739764
A1_L,76,02/test/ko/0076.png,1,0.3904530704021454,0.5410426071318385
A1_L,77,02/test/ko/0077.png,1,0.42686977982521057,0.5543130237878017
A1_L,78,02/test/ko/0078.png,1,0.3812525272369385,0.7325682374041029
A1_L,79,02/test/ko/0079.png,1,0.3595453202724457,0.7623917837841175
A1_L,80,02/test/ko/0080.png,1,0.16152845323085785,0.6642114224804387
A1_L,81,02/test/ko/0081.png,1,0.10938470810651779,0.6649856720234871
A1_L,82,02/test/ko/0082.png,1,0.09540370106697083,0.061571061901638746
A1_L,83,02/test/ko/0083.png,1,0.11482547968626022,0.029191453909499017
A1_L,84,02/test/ko/0084.png,1,0.156197190284729,0.8134920634920635
A1_L,85,02/test/ko/0085.png,1,0.1600126177072525,0.35011305854132435
A1_L,86,02/test/ko/0086.png,1,0.10813519358634949,0.298408189033189
A1_L,87,02/test/ko/0087.png,1,0.11833801865577698,0.43838820305478315
A1_L,88,02/test/ko/0088.png,1,0.11315078288316727,
A1_L,89,02/test/ko/0089.png,1,0.09236377477645874,0.12692307692307692
A1_L,90,02/test/ko/0090.png,1,0.10727367550134659,0.1166857364124422
A1_L,91,02/test/ko/0091.png,1,0.17511242628097534,0.5921950923226432
A1_L,92,02/test/ko/0092.png,1,0.1066967248916626,
A1_L,93,02/test/ko/0093.png,1,0.11861729621887207,0.49416896235078056
A1_L,94,02/test/ko/0094.png,1,0.16120821237564087,0.5005126098547398
A1_L,95,02/test/ko/0095.png,1,0.10347316414117813,0.14112864541528114
A1_L,96,02/test/ko/0096.png,1,0.09835328906774521,0.1499842592807786
A1_L,97,02/test/ko/0097.png,1,0.10808908939361572,0.13965113906576618
A1_L,98,02/test/ko/0098.png,1,0.13740020990371704,0.11419087636126175
A1_L,99,02/test/ko/0099.png,1,0.11729860305786133,0.6834665334665335
A1_L,100,02/test/ko/0100.png,1,0.12695103883743286,0.8769230769230769
A1_L,101,02/test/ko/0101.png,1,0.12534691393375397,0.39083694083694087
A1_L,102,02/test/ko/0102.png,1,0.1090717613697052,0.18935185185185185
A1_L,103,02/test/ko/0103.png,1,0.09398828446865082,0.1794149811164677
A1_L,104,02/test/ko/0104.png,1,0.13856391608715057,0.02602035453009273
A1_L,105,02/test/ko/0105.png,1,0.11077503114938736,0.0769439374433746
A1_L,106,02/test/ko/0106.png,1,0.13159696757793427,0.2052538338433126
A1_L,107,02/test/ko/0107.png,1,0.16110409796237946,0.4095543320727427
A1_L,108,02/test/ko/0108.png,1,0.12423320859670639,0.005176938643712408
A1_L,109,02/test/ko/0109.png,1,0.10894691944122314,
A1_L,110,02/test/ko/0110.png,1,0.11844240874052048,0.19484130955475776
A1_L,111,02/test/ko/0111.png,1,0.11300570517778397,0.3888888888888889
A1_L,112,02/test/ko/0112.png,1,0.10614462941884995,
A1_L,113,02/test/ko/0113.png,1,0.1105818897485733,0.38361581920903953
A1_L,114,02/test/ko/0114.png,1,0.13358698785305023,0.34107144868697503
A1_L,115,02/test/ko/0115.png,1,0.12540873885154724,0.044554459521770624
A1_L,116,02/test/ko/0116.png,1,0.11266835033893585,
A1_L,117,02/test/ko/0117.png,1,0.14633972942829132,0.07178805599858232
A1_L,118,02/test/ko/0118.png,1,0.1333942711353302,
A1_L,119,02/test/ko/0119.png,1,0.09173977375030518,
A1_L,120,02/test/ko/0120.png,1,0.09029766172170639,
A1_L,121,02/test/ko/0121.png,1,0.10764939337968826,0.06457545203432971
A1_L,122,02/test/ko/0122.png,1,0.08281798660755157,
A1_L,123,02/test/ko/0123.png,1,0.09136264771223068,
A1_L,124,02/test/ko/0124.png,1,0.14247272908687592,0.418685293162473
A1_L,125,02/test/ko/0125.png,1,0.1007479801774025,0.2897321428571429
A1_L,126,02/test/ko/0126.png,1,0.13398730754852295,0.24456521739130432
A1_L,127,02/test/ko/0127.png,1,0.09199278801679611,
A1_L,128,02/test/ko/0128.png,1,0.16393350064754486,0.25293412959298983
A1_L,129,02/test/ko/0129.png,1,0.10369808226823807,
A1_L,130,02/test/ko/0130.png,1,0.09034463763237,0.24260665804783452
A1_L,131,02/test/ko/0131.png,1,0.13869361579418182,0.043364097775862476
A1_L,132,02/test/ko/0132.png,1,0.11735007166862488,0.09335563777304065
A1_L,133,02/test/ko/0133.png,1,0.11518652737140656,
A1_L,134,02/test/ko/0134.png,1,0.12456274777650833,0.16061577311577313
A1_L,135,02/test/ko/0135.png,1,0.11304514855146408,0.16446063074352546
A1_L,136,02/test/ko/0136.png,1,0.09564557671546936,
A1_L,137,02/test/ko/0137.png,1,0.09574553370475769,
A1_L,138,02/test/ko/0138.png,1,0.10368165373802185,
A1_L,139,02/test/ko/0139.png,1,0.09769923985004425,
A1_L,140,02/test/ko/0140.png,1,0.11445999890565872,0.7887520159578983
A1_L,141,02/test/ko/0141.png,1,0.10440918058156967,
A1_L,142,02/test/ko/0142.png,1,0.0975789800286293,0.03657264079006919
A1_L,143,02/test/ko/0143.png,1,0.1363484114408493,0.464021164021164
A1_L,144,02/test/ko/0144.png,1,0.09460435062646866,
A1_L,145,02/test/ko/0145.png,1,0.12092217803001404,
A1_L,146,02/test/ko/0146.png,1,0.08719117939472198,
A1_L,147,02/test/ko/0147.png,1,0.11819468438625336,0.360684462696783
A1_L,148,02/test/ko/0148.png,1,0.12303677201271057,
A1_L,149,02/test/ko/0149.png,1,0.08943116664886475,
A1_L,150,02/test/ko/0150.png,1,0.08218655735254288,
A1_L,151,02/test/ko/0151.png,1,0.08259317278862,0.0534298562230543
A1_L,152,02/test/ko/0152.png,1,0.11485734581947327,0.4635762323782224
A1_L,153,02/test/ko/0153.png,1,0.114930659532547,0.3927415163176571
A1_L,154,02/test/ko/0154.png,1,0.10071630775928497,
A1_L,155,02/test/ko/0155.png,1,0.10403520613908768,0.11649917588132692
A1_L,156,02/test/ko/0156.png,1,0.08535511046648026,
A1_L,157,02/test/ko/0157.png,1,0.12633384764194489,
A1_L,158,02/test/ko/0158.png,1,0.10110940039157867,0.017847758723615506
A1_L,159,02/test/ko/0159.png,1,0.12196584045886993,
A1_L,160,02/test/ko/0160.png,1,0.09969839453697205,
A1_L,161,02/test/ko/0161.png,1,0.08116903901100159,0.05613881295807292
A1_L,162,02/test/ko/0162.png,1,0.09284400939941406,0.005739605725047472
A1_L,163,02/test/ko/0163.png,1,0.13179215788841248,
A1_L,164,02/test/ko/0164.png,1,0.11073652654886246,0.3888888888888889
A1_L,165,02/test/ko/0165.png,1,0.10432475060224533,0.09896058963769963
A1_L,166,02/test/ko/0166.png,1,0.09715873748064041,0.56490099009901
A1_L,167,02/test/ko/0167.png,1,0.1070784404873848,0.347954822954823
A1_L,168,02/test/ko/0168.png,1,0.0966276228427887,
A1_L,169,02/test/ko/0169.png,1,0.10619223862886429,0.12325870646766168
A1_L,170,02/test/ko/0170.png,1,0.11964906752109528,0.1042728635682159
A1_L,171,02/test/ko/0171.png,1,0.09262645244598389,
A1_L,172,02/test/ko/0172.png,1,0.08890063315629959,
A1_L,173,02/test/ko/0173.png,1,0.11658746749162674,
A1_L,174,02/test/ko/0174.png,1,0.10292264074087143,0.32297638707250464
A1_L,175,02/test/ko/0175.png,1,0.09781905263662338,0.08242508813160987
A1_L,176,02/test/ko/0176.png,1,0.07535683363676071,
A1_L,177,02/test/ko/0177.png,1,0.10522404313087463,0.0005510877111779681
A1_L,178,02/test/ko/0178.png,1,0.10287335515022278,0.7214285714285713
A1_L,179,02/test/ko/0179.png,1,0.09837747365236282,0.020781893004115225
A1_L,180,02/test/ko/0180.png,1,0.09714552760124207,
A1_L,181,02/test/ko/0181.png,1,0.09229530394077301,0.1948388482004561
A1_L,182,02/test/ko/0182.png,1,0.09992149472236633,
A1_L,183,02/test/ko/0183.png,1,0.1404036432504654,0.6678571428571428
A1_L,184,02/test/ko/0184.png,1,0.08567668497562408,
A1_L,185,02/test/ko/0185.png,1,0.11349489539861679,0.484983084142748
A1_L,186,02/test/ko/0186.png,1,0.11170492321252823,0.026828815142993286
A1_L,187,02/test/ko/0187.png,1,0.14976570010185242,0.5338435374149659
A1_L,188,02/test/ko/0188.png,1,0.2451440691947937,0.5089761706200049
A1_L,189,02/test/ko/0189.png,1,0.3996969163417816,0.756039187219845
A1_L,190,02/test/ko/0190.png,1,0.3609049618244171,0.5153436166944636
A1_L,191,02/test/ko/0191.png,1,0.4100641906261444,0.7918534084578984
A1_L,192,02/test/ko/0192.png,1,0.29977357387542725,0.06053792630252015
A1_L,193,02/test/ko/0193.png,1,0.3637367784976959,0.648784471243943
A1_L,194,02/test/ko/0194.png,1,0.3391490876674652,0.5962743996627338
A1_L,195,02/test/ko/0195.png,1,0.20083612203598022,0.43140490902433926
A1_L,196,02/test/ko/0196.png,1,0.324051171541214,0.020443144740596362
A1_L,197,02/test/ko/0197.png,1,0.4008132517337799,0.5574677245169601
A1_L,198,02/test/ko/0198.png,1,0.46163299679756165,0.8488846552827763
A1_L,199,02/test/ko/0199.png,1,0.41605818271636963,0.5718481809707299
A1_L,200,02/test/ok/0000.png,0,0.0798485279083252,
A1_L,201,02/test/ok/0001.png,0,0.09323374181985855,
A1_L,202,02/test/ok/0002.png,0,0.09242400527000427,
A1_L,203,02/test/ok/0003.png,0,0.07837492972612381,
A1_L,204,02/test/ok/0004.png,0,0.10488449782133102,
A1_L,205,02/test/ok/0005.png,0,0.08547721803188324,
A1_L,206,02/test/ok/0006.png,0,0.10274824500083923,
A1_L,207,02/test/ok/0007.png,0,0.1069546788930893,
A1_L,208,02/test/ok/0008.png,0,0.11666359007358551,
A1_L,209,02/test/ok/0009.png,0,0.09906626492738724,
A1_L,210,02/test/ok/0010.png,0,0.0963827520608902,
A1_L,211,02/test/ok/0011.png,0,0.09185056388378143,
A1_L,212,02/test/ok/0012.png,0,0.08338460326194763,
A1_L,213,02/test/ok/0013.png,0,0.08138491213321686,
A1_L,214,02/test/ok/0014.png,0,0.07937951385974884,
A1_L,215,02/test/ok/0015.png,0,0.077870674431324,
A1_L,216,02/test/ok/0016.png,0,0.09378126263618469,
A1_L,217,02/test/ok/0017.png,0,0.09146328270435333,
A1_L,218,02/test/ok/0018.png,0,0.09335154294967651,
A1_L,219,02/test/ok/0019.png,0,0.09398156404495239,
A1_L,220,02/test/ok/0020.png,0,0.08322779089212418,
A1_L,221,02/test/ok/0021.png,0,0.0844728872179985,
A1_L,222,02/test/ok/0022.png,0,0.08673171699047089,
A1_L,223,02/test/ok/0023.png,0,0.08605054765939713,
A1_L,224,02/test/ok/0024.png,0,0.11190537363290787,
A1_L,225,02/test/ok/0025.png,0,0.0833919569849968,
A1_L,226,02/test/ok/0026.png,0,0.12039261311292648,
A1_L,227,02/test/ok/0027.png,0,0.08956076949834824,
A1_L,228,02/test/ok/0028.png,0,0.09185314923524857,
A1_L,229,02/test/ok/0029.png,0,0.10723025351762772,
DUP_L,0,02/test/ko/0000.png,1,0.5085878372192383,0.7839496428366797
DUP_L,1,02/test/ko/0001.png,1,0.5308189988136292,0.8966629808392318
DUP_L,2,02/test/ko/0002.png,1,0.40148961544036865,0.8231381678845165
DUP_L,3,02/test/ko/0003.png,1,0.3838040828704834,0.49339420598511147
DUP_L,4,02/test/ko/0004.png,1,0.46565431356430054,0.48594915882906486
DUP_L,5,02/test/ko/0005.png,1,0.4909238815307617,0.6028371678829817
DUP_L,6,02/test/ko/0006.png,1,0.5396838188171387,0.8636323279001709
DUP_L,7,02/test/ko/0007.png,1,0.4180418848991394,0.8261227791974772
DUP_L,8,02/test/ko/0008.png,1,0.44016194343566895,0.7252747092468205
DUP_L,9,02/test/ko/0009.png,1,0.4594670236110687,0.8422775685740976
DUP_L,10,02/test/ko/0010.png,1,0.5168651938438416,0.9153899253913591
DUP_L,11,02/test/ko/0011.png,1,0.30472812056541443,0.22686490354086755
DUP_L,12,02/test/ko/0012.png,1,0.42754632234573364,0.30172269970685117
DUP_L,13,02/test/ko/0013.png,1,0.3919048011302948,0.3720367533134519
DUP_L,14,02/test/ko/0014.png,1,0.44629591703414917,0.6033320179594788
DUP_L,15,02/test/ko/0015.png,1,0.4054185450077057,0.7589910036545247
DUP_L,16,02/test/ko/0016.png,1,0.4416259527206421,0.7332212576633698
DUP_L,17,02/test/ko/0017.png,1,0.5008789300918579,0.49984660847288154
DUP_L,18,02/test/ko/0018.png,1,0.42609521746635437,0.8138108259090564
DUP_L,19,02/test/ko/0019.png,1,0.3503861725330353,0.39774843136421567
DUP_L,20,02/test/ko/0020.png,1,0.42748749256134033,0.2466290818744199
DUP_L,21,02/test/ko/0021.png,1,0.3482430875301361,0.6711304016181079
DUP_L,22,02/test/ko/0022.png,1,0.3997372090816498,0.5231367386426146
DUP_L,23,02/test/ko/0023.png,1,0.4233666956424713,0.7913485464564329
DUP_L,24,02/test/ko/0024.png,1,0.5170190930366516,0.5334167934645841
DUP_L,25,02/test/ko/0025.png,1,0.4726017117500305,0.7380635407416205
DUP_L,26,02/test/ko/0026.png,1,0.4918607473373413,0.13759606802783242
DUP_L,27,02/test/ko/0027.png,1,0.2786024510860443,0.028573711245298315
DUP_L,28,02/test/ko/0028.png,1,0.47125443816185,0.6158854301582477
DUP_L,29,02/test/ko/0029.png,1,0.4159078001976013,0.7496579855834306
DUP_L,30,02/test/ko/0030.png,1,0.3952140808105469,0.8030768151940622
DUP_L,31,02/test/ko/0031.png,1,0.4443786144256592,0.07925208540165951
DUP_L,32,02/test/ko/0032.png,1,0.49858802556991577,0.41222653425029065
DUP_L,33,02/test/ko/0033.png,1,0.34512999653816223,0.2644518130362732
DUP_L,34,02/test/ko/0034.png,1,0.35618939995765686,0.6460968453587206
DUP_L,35,02/test/ko/0035.png,1,0.45659852027893066,0.5388511282752564
DUP_L,36,02/test/ko/0036.png,1,0.5225908160209656,0.498813386739678
DUP_L,37,02/test/ko/0037.png,1,0.46256786584854126,0.8120251966988602
DUP_L,38,02/test/ko/0038.png,1,0.4062593877315521,0.6607254405414925
DUP_L,39,02/test/ko/0039.png,1,0.45136502385139465,0.7849510114662637
DUP_L,40,02/test/ko/0040.png,1,0.4860316514968872,0.8491450577838191
DUP_L,41,02/test/ko/0041.png,1,0.5033283233642578,0.884627709885103
DUP_L,42,02/test/ko/0042.png,1,0.3963891267776489,0.004280657120619963
DUP_L,43,02/test/ko/0043.png,1,0.4330153465270996,0.5858820604554672
DUP_L,44,02/test/ko/0044.png,1,0.48080748319625854,0.7526193429643545
DUP_L,45,02/test/ko/0045.png,1,0.5090370774269104,0.5319703388930699
DUP_L,46,02/test/ko/0046.png,1,0.5074909329414368,0.5678266934290304
DUP_L,47,02/test/ko/0047.png,1,0.4806363582611084,0.6318147840610526
DUP_L,48,02/test/ko/0048.png,1,0.41360554099082947,0.32910453599015804
DUP_L,49,02/test/ko/0049.png,1,0.5122060179710388,0.7678252676392608
DUP_L,50,02/test/ko/0050.png,1,0.4473913609981537,0.7956190971260081
DUP_L,51,02/test/ko/0051.png,1,0.4611179828643799,0.6174210217678707
DUP_L,52,02/test/ko/0052.png,1,0.5145928859710693,0.8272208700894484
DUP_L,53,02/test/ko/0053.png,1,0.35683539509773254,0.8852081926828882
DUP_L,54,02/test/ko/0054.png,1,0.32302817702293396,0.3113546638342024
DUP_L,55,02/test/ko/0055.png,1,0.36530861258506775,0.6423834667048653
DUP_L,56,02/test/ko/0056.png,1,0.3884773850440979,0.7844662053274919
DUP_L,57,02/test/ko/0057.png,1,0.4007478654384613,0.2861645192979212
DUP_L,58,02/test/ko/0058.png,1,0.49220767617225647,0.6910007992631477
DUP_L,59,02/test/ko/0059.png,1,0.460553377866745,0.44366176077760705
DUP_L,60,02/test/ko/0060.png,1,0.397636353969574,0.5744087401672018
DUP_L,61,02/test/ko/0061.png,1,0.4853348135948181,0.5722921899423806
DUP_L,62,02/test/ko/0062.png,1,0.49965396523475647,0.8232177924041149
DUP_L,63,02/test/ko/0063.png,1,0.5327779650688171,0.6332060474103017
DUP_L,64,02/test/ko/0064.png,1,0.39590469002723694,0.6388309008274373
DUP_L,65,02/test/ko/0065.png,1,0.39788922667503357,0.37567347171929955
DUP_L,66,02/test/ko/0066.png,1,0.45859307050704956,0.5556801905724527
DUP_L,67,02/test/ko/0067.png,1,0.44416239857673645,0.22732775714761053
DUP_L,68,02/test/ko/0068.png,1,0.46899405121803284,0.2897251325282057
DUP_L,69,02/test/ko/0069.png,1,0.5842937231063843,0.8878278922746914
DUP_L,70,02/test/ko/0070.png,1,0.40063104033470154,0.022265114348365166
DUP_L,71,02/test/ko/0071.png,1,0.42562711238861084,0.030247377346553007
DUP_L,72,02/test/ko/0072.png,1,0.5141251087188721,0.27398607096090905
DUP_L,73,02/test/ko/0073.png,1,0.3650399148464203,0.04811388557724819
DUP_L,74,02/test/ko/0074.png,1,0.3136034905910492,0.04742327386888698
DUP_L,75,02/test/ko/0075.png,1,0.4982242286205292,0.5007970272445574
DUP_L,76,02/test/ko/0076.png,1,0.4595116078853607,0.4933282571706987
DUP_L,77,02/test/ko/0077.png,1,0.49902117252349854,0.5317801823998427
DUP_L,78,02/test/ko/0078.png,1,0.4648682475090027,0.7118452866350254
DUP_L,79,02/test/ko/0079.png,1,0.42660295963287354,0.7219006424471447
DUP_L,80,02/test/ko/0080.png,1,0.1991232931613922,0.6231241741368867
DUP_L,81,02/test/ko/0081.png,1,0.1219881996512413,0.640769313606223
DUP_L,82,02/test/ko/0082.png,1,0.12187148630619049,0.05735552266854196
DUP_L,83,02/test/ko/0083.png,1,0.1349104642868042,0.03386433650594893
DUP_L,84,02/test/ko/0084.png,1,0.20182067155838013,0.8555555555555555
DUP_L,85,02/test/ko/0085.png,1,0.1897779405117035,0.3268797869908787
DUP_L,86,02/test/ko/0086.png,1,0.1369405835866928,0.2923160173160173
DUP_L,87,02/test/ko/0087.png,1,0.14790615439414978,0.440653863436128
DUP_L,88,02/test/ko/0088.png,1,0.13708940148353577,
DUP_L,89,02/test/ko/0089.png,1,0.12018024176359177,0.10427807486631016
DUP_L,90,02/test/ko/0090.png,1,0.13247530162334442,0.10927789919386557
DUP_L,91,02/test/ko/0091.png,1,0.2106006145477295,0.6466147616511543
DUP_L,92,02/test/ko/0092.png,1,0.13218745589256287,
DUP_L,93,02/test/ko/0093.png,1,0.149110347032547,0.5064339042599911
DUP_L,94,02/test/ko/0094.png,1,0.2018279731273651,0.4766541964094113
DUP_L,95,02/test/ko/0095.png,1,0.13138851523399353,0.14381674172660258
DUP_L,96,02/test/ko/0096.png,1,0.12110931426286697,0.14406511243846942
DUP_L,97,02/test/ko/0097.png,1,0.13595369458198547,0.13505827112021804
DUP_L,98,02/test/ko/0098.png,1,0.17596477270126343,0.10031454017467606
DUP_L,99,02/test/ko/0099.png,1,0.14636540412902832,0.6699785177228786
DUP_L,100,02/test/ko/0100.png,1,0.14251865446567535,0.566060606060606
DUP_L,101,02/test/ko/0101.png,1,0.1563032567501068,0.41028138528138525
DUP_L,102,02/test/ko/0102.png,1,0.13633215427398682,0.18544106167056987
DUP_L,103,02/test/ko/0103.png,1,0.11658841371536255,0.1657124232490626
DUP_L,104,02/test/ko/0104.png,1,0.1746494621038437,0.02041555522236934
DUP_L,105,02/test/ko/0105.png,1,0.134799063205719,0.06853382542269373
DUP_L,106,02/test/ko/0106.png,1,0.1666431874036789,0.20002810630998769
DUP_L,107,02/test/ko/0107.png,1,0.20041096210479736,0.3931640211438587
DUP_L,108,02/test/ko/0108.png,1,0.16055122017860413,0.005542059646300409
DUP_L,109,02/test/ko/0109.png,1,0.13797451555728912,
DUP_L,110,02/test/ko/0110.png,1,0.14847446978092194,0.18965171621763585
DUP_L,111,02/test/ko/0111.png,1,0.14263395965099335,0.40277777777777773
DUP_L,112,02/test/ko/0112.png,1,0.1340945065021515,
DUP_L,113,02/test/ko/0113.png,1,0.13567475974559784,0.7522012578616353
DUP_L,114,02/test/ko/0114.png,1,0.1660139411687851,0.31839934060637726
DUP_L,115,02/test/ko/0115.png,1,0.15645769238471985,0.0483505035741694
DUP_L,116,02/test/ko/0116.png,1,0.14088505506515503,
DUP_L,117,02/test/ko/0117.png,1,0.17746146023273468,0.07356348696380241
DUP_L,118,02/test/ko/0118.png,1,0.1695733517408371,
DUP_L,119,02/test/ko/0119.png,1,0.11714042723178864,
DUP_L,120,02/test/ko/0120.png,1,0.11402363330125809,
DUP_L,121,02/test/ko/0121.png,1,0.13381634652614594,0.07474109225484836
DUP_L,122,02/test/ko/0122.png,1,0.10595434159040451,
DUP_L,123,02/test/ko/0123.png,1,0.11636054515838623,
DUP_L,124,02/test/ko/0124.png,1,0.17335081100463867,0.4170864542053402
DUP_L,125,02/test/ko/0125.png,1,0.12709903717041016,0.3023809523809524
DUP_L,126,02/test/ko/0126.png,1,0.162273570895195,0.20854978354978354
DUP_L,127,02/test/ko/0127.png,1,0.11807163804769516,
DUP_L,128,02/test/ko/0128.png,1,0.20351138710975647,0.2571068590105459
DUP_L,129,02/test/ko/0129.png,1,0.1324363797903061,
DUP_L,130,02/test/ko/0130.png,1,0.11124512553215027,0.24248721227621484
DUP_L,131,02/test/ko/0131.png,1,0.17389364540576935,0.037013397364365805
DUP_L,132,02/test/ko/0132.png,1,0.14568991959095,0.08544956535965775
DUP_L,133,02/test/ko/0133.png,1,0.14560280740261078,
DUP_L,134,02/test/ko/0134.png,1,0.15918536484241486,0.17370694984186033
DUP_L,135,02/test/ko/0135.png,1,0.14146175980567932,0.16102851396969045
DUP_L,136,02/test/ko/0136.png,1,0.11821005493402481,
DUP_L,137,02/test/ko/0137.png,1,0.12088054418563843,
DUP_L,138,02/test/ko/0138.png,1,0.13022461533546448,
DUP_L,139,02/test/ko/0139.png,1,0.1254296451807022,
DUP_L,140,02/test/ko/0140.png,1,0.1425536423921585,0.766955266955267
DUP_L,141,02/test/ko/0141.png,1,0.13419164717197418,
DUP_L,142,02/test/ko/0142.png,1,0.12451175600290298,0.03455122883734364
DUP_L,143,02/test/ko/0143.png,1,0.16774728894233704,0.4029812779812781
DUP_L,144,02/test/ko/0144.png,1,0.11949128657579422,
DUP_L,145,02/test/ko/0145.png,1,0.15199995040893555,
DUP_L,146,02/test/ko/0146.png,1,0.10958834737539291,
DUP_L,147,02/test/ko/0147.png,1,0.15064437687397003,0.36313190205089513
DUP_L,148,02/test/ko/0148.png,1,0.1573699414730072,
DUP_L,149,02/test/ko/0149.png,1,0.11196058988571167,
DUP_L,150,02/test/ko/0150.png,1,0.10399658977985382,
DUP_L,151,02/test/ko/0151.png,1,0.1044502705335617,0.04692735949098622
DUP_L,152,02/test/ko/0152.png,1,0.14377397298812866,0.4633641488358626
DUP_L,153,02/test/ko/0153.png,1,0.14559900760650635,0.3863245088245088
DUP_L,154,02/test/ko/0154.png,1,0.12388159334659576,
DUP_L,155,02/test/ko/0155.png,1,0.13339027762413025,0.11456531703590528
DUP_L,156,02/test/ko/0156.png,1,0.10627878457307816,
DUP_L,157,02/test/ko/0157.png,1,0.15699662268161774,
DUP_L,158,02/test/ko/0158.png,1,0.12244566529989243,0.016502862772649837
DUP_L,159,02/test/ko/0159.png,1,0.1566794365644455,
DUP_L,160,02/test/ko/0160.png,1,0.1280568689107895,
DUP_L,161,02/test/ko/0161.png,1,0.10077326744794846,0.05053459766855825
DUP_L,162,02/test/ko/0162.png,1,0.1142551377415657,0.006732302963195292
DUP_L,163,02/test/ko/0163.png,1,0.15377868711948395,
DUP_L,164,02/test/ko/0164.png,1,0.14030058681964874,0.5777777777777777
DUP_L,165,02/test/ko/0165.png,1,0.1325250267982483,0.09093993093603216
DUP_L,166,02/test/ko/0166.png,1,0.1219601184129715,0.5908695652173913
DUP_L,167,02/test/ko/0167.png,1,0.1323506385087967,0.11881673881673882
DUP_L,168,02/test/ko/0168.png,1,0.12424157559871674,
DUP_L,169,02/test/ko/0169.png,1,0.13216057419776917,0.1056547619047619
DUP_L,170,02/test/ko/0170.png,1,0.14368665218353271,0.1375310366232154
DUP_L,171,02/test/ko/0171.png,1,0.11528055369853973,
DUP_L,172,02/test/ko/0172.png,1,0.1106703132390976,
DUP_L,173,02/test/ko/0173.png,1,0.14875255525112152,
DUP_L,174,02/test/ko/0174.png,1,0.12655821442604065,0.3126835927784717
DUP_L,175,02/test/ko/0175.png,1,0.12414631247520447,0.07188339056299006
DUP_L,176,02/test/ko/0176.png,1,0.09465469419956207,
DUP_L,177,02/test/ko/0177.png,1,0.1289139986038208,0.0005316799719278236
DUP_L,178,02/test/ko/0178.png,1,0.12661801278591156,0.7055555555555555
DUP_L,179,02/test/ko/0179.png,1,0.1216711699962616,0.02032521519289763
DUP_L,180,02/test/ko/0180.png,1,0.12177145481109619,
DUP_L,181,02/test/ko/0181.png,1,0.11627543717622757,0.18395750793709975
DUP_L,182,02/test/ko/0182.png,1,0.12509199976921082,
DUP_L,183,02/test/ko/0183.png,1,0.1813473254442215,0.6916666666666667
DUP_L,184,02/test/ko/0184.png,1,0.10678917169570923,
DUP_L,185,02/test/ko/0185.png,1,0.1426793783903122,0.46880112368834176
DUP_L,186,02/test/ko/0186.png,1,0.14020977914333344,0.02526631999238024
DUP_L,187,02/test/ko/0187.png,1,0.18785600364208221,0.5508634222919937
DUP_L,188,02/test/ko/0188.png,1,0.2998940348625183,0.49727593057917996
DUP_L,189,02/test/ko/0189.png,1,0.4720792770385742,0.7188585966083818
DUP_L,190,02/test/ko/0190.png,1,0.45417818427085876,0.4862628017268483
DUP_L,191,02/test/ko/0191.png,1,0.4903331995010376,0.8276026451307257
DUP_L,192,02/test/ko/0192.png,1,0.38115593791007996,0.05724808841490856
DUP_L,193,02/test/ko/0193.png,1,0.4375836253166199,0.6534477176109683
DUP_L,194,02/test/ko/0194.png,1,0.41045716404914856,0.5410312309756184
DUP_L,195,02/test/ko/0195.png,1,0.23789145052433014,0.41926286651787537
DUP_L,196,02/test/ko/0196.png,1,0.4125445485115051,0.0194603144308751
DUP_L,197,02/test/ko/0197.png,1,0.48592016100883484,0.5636682419336577
DUP_L,198,02/test/ko/0198.png,1,0.5411449074745178,0.8459820161999183
DUP_L,199,02/test/ko/0199.png,1,0.4935394823551178,0.5325348296003131
DUP_L,200,02/test/ok/0000.png,0,0.0944674089550972,
DUP_L,201,02/test/ok/0001.png,0,0.1208198294043541,
DUP_L,202,02/test/ok/0002.png,0,0.11737863719463348,
DUP_L,203,02/test/ok/0003.png,0,0.09755213558673859,
DUP_L,204,02/test/ok/0004.png,0,0.130352184176445,
DUP_L,205,02/test/ok/0005.png,0,0.10017072409391403,
DUP_L,206,02/test/ok/0006.png,0,0.12852948904037476,
DUP_L,207,02/test/ok/0007.png,0,0.13435189425945282,
DUP_L,208,02/test/ok/0008.png,0,0.15154695510864258,
DUP_L,209,02/test/ok/0009.png,0,0.12060427665710449,
DUP_L,210,02/test/ok/0010.png,0,0.12323633581399918,
DUP_L,211,02/test/ok/0011.png,0,0.11537003517150879,
DUP_L,212,02/test/ok/0012.png,0,0.10292445868253708,
DUP_L,213,02/test/ok/0013.png,0,0.10113250464200974,
DUP_L,214,02/test/ok/0014.png,0,0.10057524591684341,
DUP_L,215,02/test/ok/0015.png,0,0.0992613285779953,
DUP_L,216,02/test/ok/0016.png,0,0.11958950012922287,
DUP_L,217,02/test/ok/0017.png,0,0.11367499083280563,
DUP_L,218,02/test/ok/0018.png,0,0.11608041822910309,
DUP_L,219,02/test/ok/0019.png,0,0.11724486202001572,
DUP_L,220,02/test/ok/0020.png,0,0.10591177642345428,
DUP_L,221,02/test/ok/0021.png,0,0.10588813573122025,
DUP_L,222,02/test/ok/0022.png,0,0.10762825608253479,
DUP_L,223,02/test/ok/0023.png,0,0.10662109404802322,
DUP_L,224,02/test/ok/0024.png,0,0.14102233946323395,
DUP_L,225,02/test/ok/0025.png,0,0.10238951444625854,
DUP_L,226,02/test/ok/0026.png,0,0.14328227937221527,
DUP_L,227,02/test/ok/0027.png,0,0.11504461616277695,
DUP_L,228,02/test/ok/0028.png,0,0.11466192454099655,
DUP_L,229,02/test/ok/0029.png,0,0.13817934691905975,
TRI_L,0,02/test/ko/0000.png,1,0.4872809946537018,0.8235382566625556
TRI_L,1,02/test/ko/0001.png,1,0.5046972036361694,0.9134080027108199
TRI_L,2,02/test/ko/0002.png,1,0.34654781222343445,0.8222810488185153
TRI_L,3,02/test/ko/0003.png,1,0.33033210039138794,0.5065452771802755
TRI_L,4,02/test/ko/0004.png,1,0.4076196849346161,0.5017989148389459
TRI_L,5,02/test/ko/0005.png,1,0.410671204328537,0.6505545172171393
TRI_L,6,02/test/ko/0006.png,1,0.49615582823753357,0.8700987283196863
TRI_L,7,02/test/ko/0007.png,1,0.366036981344223,0.8402345619042048
TRI_L,8,02/test/ko/0008.png,1,0.38915425539016724,0.802043588733479
TRI_L,9,02/test/ko/0009.png,1,0.39895859360694885,0.8442962798886499
TRI_L,10,02/test/ko/0010.png,1,0.46630868315696716,0.9251300143871134
TRI_L,11,02/test/ko/0011.png,1,0.24523521959781647,0.2046975306812938
TRI_L,12,02/test/ko/0012.png,1,0.38866469264030457,0.23897219948767517
TRI_L,13,02/test/ko/0013.png,1,0.3512430787086487,0.5185665824883826
TRI_L,14,02/test/ko/0014.png,1,0.40215593576431274,0.6496083037881298
TRI_L,15,02/test/ko/0015.png,1,0.3684322237968445,0.806077419868541
TRI_L,16,02/test/ko/0016.png,1,0.4099911153316498,0.7476795759642288
TRI_L,17,02/test/ko/0017.png,1,0.4105988144874573,0.5470986681035663
TRI_L,18,02/test/ko/0018.png,1,0.3710162937641144,0.8099056164912878
TRI_L,19,02/test/ko/0019.png,1,0.3249766230583191,0.4580786677640824
TRI_L,20,02/test/ko/0020.png,1,0.37762340903282166,0.306457551990339
TRI_L,21,02/test/ko/0021.png,1,0.28663769364356995,0.627481928502382
TRI_L,22,02/test/ko/0022.png,1,0.380248486995697,0.4577153524339986
TRI_L,23,02/test/ko/0023.png,1,0.3718302845954895,0.7960860075473846
TRI_L,24,02/test/ko/0024.png,1,0.45814967155456543,0.6066999384829516
TRI_L,25,02/test/ko/0025.png,1,0.41477692127227783,0.7663427391748516
TRI_L,26,02/test/ko/0026.png,1,0.4358261227607727,0.15166819927686961
TRI_L,27,02/test/ko/0027.png,1,0.2535260021686554,0.03218866156530591
TRI_L,28,02/test/ko/0028.png,1,0.4266020655632019,0.6681008274029816
TRI_L,29,02/test/ko/0029.png,1,0.3627510666847229,0.7901098256563991
TRI_L,30,02/test/ko/0030.png,1,0.35546398162841797,0.8138789255150243
TRI_L,31,02/test/ko/0031.png,1,0.37596264481544495,0.07588721193534642
TRI_L,32,02/test/ko/0032.png,1,0.4435206949710846,0.4627054522691171
TRI_L,33,02/test/ko/0033.png,1,0.28559333086013794,0.19976645201038265
TRI_L,34,02/test/ko/0034.png,1,0.33112633228302,0.7151677713993945
TRI_L,35,02/test/ko/0035.png,1,0.433671772480011,0.725923486731762
TRI_L,36,02/test/ko/0036.png,1,0.4649951756000519,0.5638532727272006
TRI_L,37,02/test/ko/0037.png,1,0.41927021741867065,0.8470279530545973
TRI_L,38,02/test/ko/0038.png,1,0.41019946336746216,0.7548120465171586
TRI_L,39,02/test/ko/0039.png,1,0.4168495535850525,0.811954794250637
TRI_L,40,02/test/ko/0040.png,1,0.44052422046661377,0.8428784718738035
TRI_L,41,02/test/ko/0041.png,1,0.47845423221588135,0.8878987184852127
TRI_L,42,02/test/ko/0042.png,1,0.3236386179924011,0.004237357192913835
TRI_L,43,02/test/ko/0043.png,1,0.3981894552707672,0.7388127331345541
TRI_L,44,02/test/ko/0044.png,1,0.4415096044540405,0.7779601196444657
TRI_L,45,02/test/ko/0045.png,1,0.4524398148059845,0.5999902079391837
TRI_L,46,02/test/ko/0046.png,1,0.44485053420066833,0.6166261605741883
TRI_L,47,02/test/ko/0047.png,1,0.43454450368881226,0.7146720572341587
TRI_L,48,02/test/ko/0048.png,1,0.3376123309135437,0.4905400268961821
TRI_L,49,02/test/ko/0049.png,1,0.49473103880882263,0.801783145399784
TRI_L,50,02/test/ko/0050.png,1,0.4062354266643524,0.7949635344783326
TRI_L,51,02/test/ko/0051.png,1,0.44531092047691345,0.7220042911377869
TRI_L,52,02/test/ko/0052.png,1,0.47578543424606323,0.8316985641856328
TRI_L,53,02/test/ko/0053.png,1,0.33135005831718445,0.9205249758390488
TRI_L,54,02/test/ko/0054.png,1,0.29103967547416687,0.3768608466679813
TRI_L,55,02/test/ko/0055.png,1,0.3311402499675751,0.7440286616399094
TRI_L,56,02/test/ko/0056.png,1,0.3676088750362396,0.8506277722871555
TRI_L,57,02/test/ko/0057.png,1,0.34899285435676575,0.35244269221868574
TRI_L,58,02/test/ko/0058.png,1,0.4351019561290741,0.7254115042465782
TRI_L,59,02/test/ko/0059.png,1,0.41878950595855713,0.45601048088887364
TRI_L,60,02/test/ko/0060.png,1,0.3571629524230957,0.6620725730729293
TRI_L,61,02/test/ko/0061.png,1,0.43752002716064453,0.6730020169524147
TRI_L,62,02/test/ko/0062.png,1,0.4676986038684845,0.8266255896531751
TRI_L,63,02/test/ko/0063.png,1,0.45709696412086487,0.6408875503778377
TRI_L,64,02/test/ko/0064.png,1,0.3704501688480377,0.6609453896928498
TRI_L,65,02/test/ko/0065.png,1,0.34244534373283386,0.6098275964017232
TRI_L,66,02/test/ko/0066.png,1,0.4081791937351227,0.587155890198751
TRI_L,67,02/test/ko/0067.png,1,0.38857007026672363,0.24199650483728435
TRI_L,68,02/test/ko/0068.png,1,0.39304035902023315,0.30655979784875526
TRI_L,69,02/test/ko/0069.png,1,0.5627133250236511,0.9172590054055071
TRI_L,70,02/test/ko/0070.png,1,0.33139243721961975,0.02193878505632875
TRI_L,71,02/test/ko/0071.png,1,0.3918265700340271,0.028209689952888063
TRI_L,72,02/test/ko/0072.png,1,0.4155784249305725,0.2998217230919407
TRI_L,73,02/test/ko/0073.png,1,0.278491348028183,0.04894482228546611
TRI_L,74,02/test/ko/0074.png,1,0.2602579891681671,0.04869284345695077
TRI_L,75,02/test/ko/0075.png,1,0.4312986433506012,0.6181495703617504
TRI_L,76,02/test/ko/0076.png,1,0.39640945196151733,0.511103050270853
TRI_L,77,02/test/ko/0077.png,1,0.44962823390960693,0.6662912803750599
TRI_L,78,02/test/ko/0078.png,1,0.4316798150539398,0.8504943558889363
TRI_L,79,02/test/ko/0079.png,1,0.3867134153842926,0.8126527796899427
TRI_L,80,02/test/ko/0080.png,1,0.19767694175243378,0.7356787813543141
TRI_L,81,02/test/ko/0081.png,1,0.14304772019386292,0.6744075963718821
TRI_L,82,02/test/ko/0082.png,1,0.09952335059642792,0.0755292240276355
TRI_L,83,02/test/ko/0083.png,1,0.12181901186704636,0.04986891135498884
TRI_L,84,02/test/ko/0084.png,1,0.14983242750167847,0.6333194096351991
TRI_L,85,02/test/ko/0085.png,1,0.15388275682926178,0.315883087359236
TRI_L,86,02/test/ko/0086.png,1,0.1230076476931572,0.24375
TRI_L,87,02/test/ko/0087.png,1,0.12602649629116058,0.4826277192165148
TRI_L,88,02/test/ko/0088.png,1,0.10957372933626175,
TRI_L,89,02/test/ko/0089.png,1,0.09684847295284271,1.0
TRI_L,90,02/test/ko/0090.png,1,0.11622624099254608,0.26746031746031745
TRI_L,91,02/test/ko/0091.png,1,0.17396721243858337,0.5842755102040816
TRI_L,92,02/test/ko/0092.png,1,0.12424663454294205,
TRI_L,93,02/test/ko/0093.png,1,0.11611808091402054,0.39215054682159944
TRI_L,94,02/test/ko/0094.png,1,0.19981296360492706,0.42690322943785974
TRI_L,95,02/test/ko/0095.png,1,0.10934775322675705,0.08585067867213103
TRI_L,96,02/test/ko/0096.png,1,0.10484076291322708,0.18077684729833446
TRI_L,97,02/test/ko/0097.png,1,0.11576753109693527,0.29640003716090674
TRI_L,98,02/test/ko/0098.png,1,0.14924843609333038,0.15634987575777048
TRI_L,99,02/test/ko/0099.png,1,0.1152322068810463,0.6427738927738927
TRI_L,100,02/test/ko/0100.png,1,0.13514168560504913,0.605
TRI_L,101,02/test/ko/0101.png,1,0.12766359746456146,0.34664224664224663
TRI_L,102,02/test/ko/0102.png,1,0.10536006093025208,0.25971177944862156
TRI_L,103,02/test/ko/0103.png,1,0.10613922774791718,0.06924826845225775
TRI_L,104,02/test/ko/0104.png,1,0.12973147630691528,0.06312330965708812
TRI_L,105,02/test/ko/0105.png,1,0.11237961053848267,0.11119338527623474
TRI_L,106,02/test/ko/0106.png,1,0.15239641070365906,0.21697973236869691
TRI_L,107,02/test/ko/0107.png,1,0.1687769591808319,0.39740300271092127
TRI_L,108,02/test/ko/0108.png,1,0.13311709463596344,0.004993170636650899
TRI_L,109,02/test/ko/0109.png,1,0.12421426177024841,
TRI_L,110,02/test/ko/0110.png,1,0.13979153335094452,0.20139042003211977
TRI_L,111,02/test/ko/0111.png,1,0.10597832500934601,0.4206349206349207
TRI_L,112,02/test/ko/0112.png,1,0.11071992665529251,
TRI_L,113,02/test/ko/0113.png,1,0.11113157123327255,0.6511494252873562
TRI_L,114,02/test/ko/0114.png,1,0.14141611754894257,0.23570255973368165
TRI_L,115,02/test/ko/0115.png,1,0.12428626418113708,0.058274730426629166
TRI_L,116,02/test/ko/0116.png,1,0.1348976343870163,
TRI_L,117,02/test/ko/0117.png,1,0.15526878833770752,0.057751467314308844
TRI_L,118,02/test/ko/0118.png,1,0.1189311295747757,
TRI_L,119,02/test/ko/0119.png,1,0.09651480615139008,
TRI_L,120,02/test/ko/0120.png,1,0.08737803250551224,
TRI_L,121,02/test/ko/0121.png,1,0.10673530399799347,0.05611045286081523
TRI_L,122,02/test/ko/0122.png,1,0.08560678362846375,
TRI_L,123,02/test/ko/0123.png,1,0.08675113320350647,
TRI_L,124,02/test/ko/0124.png,1,0.1508568674325943,0.43423022026391184
TRI_L,125,02/test/ko/0125.png,1,0.09675084054470062,0.32439024390243903
TRI_L,126,02/test/ko/0126.png,1,0.13787902891635895,0.13513998900995805
TRI_L,127,02/test/ko/0127.png,1,0.09222162514925003,
TRI_L,128,02/test/ko/0128.png,1,0.1514556109905243,0.23845769278215692
TRI_L,129,02/test/ko/0129.png,1,0.09907062351703644,
TRI_L,130,02/test/ko/0130.png,1,0.0992962047457695,0.1991717268562906
TRI_L,131,02/test/ko/0131.png,1,0.15167070925235748,0.03915301857186029
TRI_L,132,02/test/ko/0132.png,1,0.11979253590106964,0.1335021780147445
TRI_L,133,02/test/ko/0133.png,1,0.11513211578130722,
TRI_L,134,02/test/ko/0134.png,1,0.1267470270395279,0.3330952013180929
TRI_L,135,02/test/ko/0135.png,1,0.1425062119960785,0.08492063492063491
TRI_L,136,02/test/ko/0136.png,1,0.11354526877403259,
TRI_L,137,02/test/ko/0137.png,1,0.08984703570604324,
TRI_L,138,02/test/ko/0138.png,1,0.13046875596046448,
TRI_L,139,02/test/ko/0139.png,1,0.10315011441707611,
TRI_L,140,02/test/ko/0140.png,1,0.11937620490789413,0.8135614456586325
TRI_L,141,02/test/ko/0141.png,1,0.10910595208406448,
TRI_L,142,02/test/ko/0142.png,1,0.11202753335237503,0.05320174452004557
TRI_L,143,02/test/ko/0143.png,1,0.14774663746356964,0.6370370370370371
TRI_L,144,02/test/ko/0144.png,1,0.09458461403846741,
TRI_L,145,02/test/ko/0145.png,1,0.1179579645395279,
TRI_L,146,02/test/ko/0146.png,1,0.08493161201477051,
TRI_L,147,02/test/ko/0147.png,1,0.11538075655698776,0.3602789546220203
TRI_L,148,02/test/ko/0148.png,1,0.11367408186197281,
TRI_L,149,02/test/ko/0149.png,1,0.09404655545949936,
TRI_L,150,02/test/ko/0150.png,1,0.08519347757101059,
TRI_L,151,02/test/ko/0151.png,1,0.0869324803352356,0.08875461936437547
TRI_L,152,02/test/ko/0152.png,1,0.13010379672050476,0.39013126208567256
TRI_L,153,02/test/ko/0153.png,1,0.11130306869745255,0.3335616924038583
TRI_L,154,02/test/ko/0154.png,1,0.11062309890985489,
TRI_L,155,02/test/ko/0155.png,1,0.10562439262866974,0.2872912047302291
TRI_L,156,02/test/ko/0156.png,1,0.09184245765209198,
TRI_L,157,02/test/ko/0157.png,1,0.12358494848012924,
TRI_L,158,02/test/ko/0158.png,1,0.10352563858032227,0.02004566842352172
TRI_L,159,02/test/ko/0159.png,1,0.12972314655780792,
TRI_L,160,02/test/ko/0160.png,1,0.10537631064653397,
TRI_L,161,02/test/ko/0161.png,1,0.08385594189167023,0.16125263625263625
TRI_L,162,02/test/ko/0162.png,1,0.09519822150468826,0.004594803576261105
TRI_L,163,02/test/ko/0163.png,1,0.1350618600845337,
TRI_L,164,02/test/ko/0164.png,1,0.09855998307466507,0.23412698412698413
TRI_L,165,02/test/ko/0165.png,1,0.10365219414234161,0.16524932897215505
TRI_L,166,02/test/ko/0166.png,1,0.10083159059286118,0.49159519725557466
TRI_L,167,02/test/ko/0167.png,1,0.11187360435724258,0.6638888888888889
TRI_L,168,02/test/ko/0168.png,1,0.10609902441501617,
TRI_L,169,02/test/ko/0169.png,1,0.08931470662355423,0.25114942528735634
TRI_L,170,02/test/ko/0170.png,1,0.12305103987455368,0.08448773448773449
TRI_L,171,02/test/ko/0171.png,1,0.10534745454788208,
TRI_L,172,02/test/ko/0172.png,1,0.09877526760101318,
TRI_L,173,02/test/ko/0173.png,1,0.11234387010335922,
TRI_L,174,02/test/ko/0174.png,1,0.10691449046134949,0.2599224750701179
TRI_L,175,02/test/ko/0175.png,1,0.08781777322292328,0.07039193809898385
TRI_L,176,02/test/ko/0176.png,1,0.08051803708076477,
TRI_L,177,02/test/ko/0177.png,1,0.1116757020354271,0.0005471157673862093
TRI_L,178,02/test/ko/0178.png,1,0.10794626921415329,0.5482828282828283
TRI_L,179,02/test/ko/0179.png,1,0.1009417176246643,0.0435969970623436
TRI_L,180,02/test/ko/0180.png,1,0.09145057946443558,
TRI_L,181,02/test/ko/0181.png,1,0.09977132827043533,0.19414372127340113
TRI_L,182,02/test/ko/0182.png,1,0.11577156186103821,
TRI_L,183,02/test/ko/0183.png,1,0.1348348706960678,0.8214285714285714
TRI_L,184,02/test/ko/0184.png,1,0.09530230611562729,
TRI_L,185,02/test/ko/0185.png,1,0.12450633198022842,0.7274986917844062
TRI_L,186,02/test/ko/0186.png,1,0.1256115585565567,0.04342071170252035
TRI_L,187,02/test/ko/0187.png,1,0.14706239104270935,0.4397959183673469
TRI_L,188,02/test/ko/0188.png,1,0.2754095792770386,0.4861352628601162
TRI_L,189,02/test/ko/0189.png,1,0.43752098083496094,0.8007879789948947
TRI_L,190,02/test/ko/0190.png,1,0.38022565841674805,0.6584750311401393
TRI_L,191,02/test/ko/0191.png,1,0.5106813907623291,0.8983248795769244
TRI_L,192,02/test/ko/0192.png,1,0.314633846282959,0.058924276398187765
TRI_L,193,02/test/ko/0193.png,1,0.40131646394729614,0.6566721180174748
TRI_L,194,02/test/ko/0194.png,1,0.34406766295433044,0.6279745143190356
TRI_L,195,02/test/ko/0195.png,1,0.21615765988826752,0.4870611664881626
TRI_L,196,02/test/ko/0196.png,1,0.3405889570713043,0.019698338149115018
TRI_L,197,02/test/ko/0197.png,1,0.428130567073822,0.5666981491385221
TRI_L,198,02/test/ko/0198.png,1,0.49008432030677795,0.8631792138298502
TRI_L,199,02/test/ko/0199.png,1,0.4442625939846039,0.660110434778917
TRI_L,200,02/test/ok/0000.png,0,0.07802259176969528,
TRI_L,201,02/test/ok/0001.png,0,0.09418327361345291,
TRI_L,202,02/test/ok/0002.png,0,0.09588361531496048,
TRI_L,203,02/test/ok/0003.png,0,0.07990086823701859,
TRI_L,204,02/test/ok/0004.png,0,0.10136674344539642,
TRI_L,205,02/test/ok/0005.png,0,0.08080466836690903,
TRI_L,206,02/test/ok/0006.png,0,0.0987539067864418,
TRI_L,207,02/test/ok/0007.png,0,0.10704777389764786,
TRI_L,208,02/test/ok/0008.png,0,0.1399034708738327,
TRI_L,209,02/test/ok/0009.png,0,0.09884239733219147,
TRI_L,210,02/test/ok/0010.png,0,0.11512893438339233,
TRI_L,211,02/test/ok/0011.png,0,0.07633954286575317,
TRI_L,212,02/test/ok/0012.png,0,0.07881050556898117,
TRI_L,213,02/test/ok/0013.png,0,0.09789158403873444,
TRI_L,214,02/test/ok/0014.png,0,0.0949292927980423,
TRI_L,215,02/test/ok/0015.png,0,0.0771205946803093,
TRI_L,216,02/test/ok/0016.png,0,0.09736557304859161,
TRI_L,217,02/test/ok/0017.png,0,0.0996527373790741,
TRI_L,218,02/test/ok/0018.png,0,0.10146701335906982,
TRI_L,219,02/test/ok/0019.png,0,0.08651889115571976,
TRI_L,220,02/test/ok/0020.png,0,0.08320071548223495,
TRI_L,221,02/test/ok/0021.png,0,0.08969652652740479,
TRI_L,222,02/test/ok/0022.png,0,0.0847121924161911,
TRI_L,223,02/test/ok/0023.png,0,0.09118533134460449,
TRI_L,224,02/test/ok/0024.png,0,0.12880465388298035,
TRI_L,225,02/test/ok/0025.png,0,0.08047235012054443,
TRI_L,226,02/test/ok/0026.png,0,0.12096551805734634,
TRI_L,227,02/test/ok/0027.png,0,0.09532643854618073,
TRI_L,228,02/test/ok/0028.png,0,0.09084442257881165,
TRI_L,229,02/test/ok/0029.png,0,0.11148703843355179,
BAL_L,0,02/test/ko/0000.png,1,0.40460991859436035,0.8210883241011874
BAL_L,1,02/test/ko/0001.png,1,0.4174419939517975,0.9162184331513579
BAL_L,2,02/test/ko/0002.png,1,0.2937448024749756,0.8131836390478503
BAL_L,3,02/test/ko/0003.png,1,0.26922231912612915,0.5194895027495343
BAL_L,4,02/test/ko/0004.png,1,0.354124516248703,0.5696006088661233
BAL_L,5,02/test/ko/0005.png,1,0.34078794717788696,0.6674929862691917
BAL_L,6,02/test/ko/0006.png,1,0.4139435291290283,0.8602499541354071
BAL_L,7,02/test/ko/0007.png,1,0.3143542408943176,0.852804762361242
BAL_L,8,02/test/ko/0008.png,1,0.3187282383441925,0.8031557715567766
BAL_L,9,02/test/ko/0009.png,1,0.3397030532360077,0.8518757775201418
BAL_L,10,02/test/ko/0010.png,1,0.3991474509239197,0.9224097334729597
BAL_L,11,02/test/ko/0011.png,1,0.19534926116466522,0.21543606208301755
BAL_L,12,02/test/ko/0012.png,1,0.3121495246887207,0.23134241246889856
BAL_L,13,02/test/ko/0013.png,1,0.30394425988197327,0.6112191040835093
BAL_L,14,02/test/ko/0014.png,1,0.32376188039779663,0.6273936620761758
BAL_L,15,02/test/ko/0015.png,1,0.3030697703361511,0.7913849962248942
BAL_L,16,02/test/ko/0016.png,1,0.34080970287323,0.7327204743142045
BAL_L,17,02/test/ko/0017.png,1,0.3361395001411438,0.5696692471439242
BAL_L,18,02/test/ko/0018.png,1,0.31653904914855957,0.8215189531077836
BAL_L,19,02/test/ko/0019.png,1,0.28881558775901794,0.6457013421087227
BAL_L,20,02/test/ko/0020.png,1,0.3160885274410248,0.3252659828987716
BAL_L,21,02/test/ko/0021.png,1,0.23906254768371582,0.5962552184920874
BAL_L,22,02/test/ko/0022.png,1,0.3096911609172821,0.48903626632762387
BAL_L,23,02/test/ko/0023.png,1,0.3128996789455414,0.8003505891781196
BAL_L,24,02/test/ko/0024.png,1,0.36346325278282166,0.6191124691837139
BAL_L,25,02/test/ko/0025.png,1,0.3515491485595703,0.7741444559789268
BAL_L,26,02/test/ko/0026.png,1,0.36831411719322205,0.1732044920993734
BAL_L,27,02/test/ko/0027.png,1,0.19991151988506317,0.0314144238370451
BAL_L,28,02/test/ko/0028.png,1,0.3770225942134857,0.6462347992430225
BAL_L,29,02/test/ko/0029.png,1,0.3127593696117401,0.7788465317374853
BAL_L,30,02/test/ko/0030.png,1,0.3197270333766937,0.8248186255100387
BAL_L,31,02/test/ko/0031.png,1,0.31729453802108765,0.0771338697298268
BAL_L,32,02/test/ko/0032.png,1,0.36372110247612,0.47295892673002443
BAL_L,33,02/test/ko/0033.png,1,0.2298492044210434,0.233294330395986
BAL_L,34,02/test/ko/0034.png,1,0.2875592112541199,0.7477210408958838
BAL_L,35,02/test/ko/0035.png,1,0.3792112171649933,0.7374117814818337
BAL_L,36,02/test/ko/0036.png,1,0.383871853351593,0.5672644082827394
BAL_L,37,02/test/ko/0037.png,1,0.36114272475242615,0.8409045395187925
BAL_L,38,02/test/ko/0038.png,1,0.3602069020271301,0.7390391640196052
BAL_L,39,02/test/ko/0039.png,1,0.3443583846092224,0.8106513449177448
BAL_L,40,02/test/ko/0040.png,1,0.3745090961456299,0.8338572491569252
BAL_L,41,02/test/ko/0041.png,1,0.41559651494026184,0.9054846816498378
BAL_L,42,02/test/ko/0042.png,1,0.2595781981945038,0.004495051319648094
BAL_L,43,02/test/ko/0043.png,1,0.33641767501831055,0.7073218703388646
BAL_L,44,02/test/ko/0044.png,1,0.37670227885246277,0.8122450304677901
BAL_L,45,02/test/ko/0045.png,1,0.38045769929885864,0.6240925114307571
BAL_L,46,02/test/ko/0046.png,1,0.36394065618515015,0.600050035032805
BAL_L,47,02/test/ko/0047.png,1,0.37656256556510925,0.7232819863809512
BAL_L,48,02/test/ko/0048.png,1,0.2745755612850189,0.5280417048884469
BAL_L,49,02/test/ko/0049.png,1,0.42739051580429077,0.8145153590798901
BAL_L,50,02/test/ko/0050.png,1,0.3507130742073059,0.8153087634398237
BAL_L,51,02/test/ko/0051.png,1,0.39355188608169556,0.7190711979937401
BAL_L,52,02/test/ko/0052.png,1,0.3918657898902893,0.842960065768996
BAL_L,53,02/test/ko/0053.png,1,0.2821485996246338,0.92290759539187
BAL_L,54,02/test/ko/0054.png,1,0.23344704508781433,0.38287154559343856
BAL_L,55,02/test/ko/0055.png,1,0.2846159338951111,0.7653225775439114
BAL_L,56,02/test/ko/0056.png,1,0.31332698464393616,0.8524280914235234
BAL_L,57,02/test/ko/0057.png,1,0.2852167785167694,0.3733241848859707
BAL_L,58,02/test/ko/0058.png,1,0.36192163825035095,0.7190626872409118
BAL_L,59,02/test/ko/0059.png,1,0.35783103108406067,0.5137343474875697
BAL_L,60,02/test/ko/0060.png,1,0.3051829934120178,0.6640046037677045
BAL_L,61,02/test/ko/0061.png,1,0.3767024278640747,0.701089650347605
BAL_L,62,02/test/ko/0062.png,1,0.4422016143798828,0.8286463668096183
BAL_L,63,02/test/ko/0063.png,1,0.3808844983577728,0.6529496203153518
BAL_L,64,02/test/ko/0064.png,1,0.3024354875087738,0.618564480588342
BAL_L,65,02/test/ko/0065.png,1,0.2992672324180603,0.6659204527268899
BAL_L,66,02/test/ko/0066.png,1,0.3481460511684418,0.5411868412616737
BAL_L,67,02/test/ko/0067.png,1,0.31718745827674866,0.2488636856779901
BAL_L,68,02/test/ko/0068.png,1,0.315234512090683,0.32753958564858676
BAL_L,69,02/test/ko/0069.png,1,0.4656556248664856,0.9121675091001185
BAL_L,70,02/test/ko/0070.png,1,0.2588713765144348,0.022116370426557744
BAL_L,71,02/test/ko/0071.png,1,0.3205755650997162,0.02847716827009231
BAL_L,72,02/test/ko/0072.png,1,0.3397503197193146,0.35071532387009385
BAL_L,73,02/test/ko/0073.png,1,0.2192063331604004,0.050056940379118696
BAL_L,74,02/test/ko/0074.png,1,0.2083275467157364,0.04936429547846446
BAL_L,75,02/test/ko/0075.png,1,0.3588317930698395,0.6120706931044093
BAL_L,76,02/test/ko/0076.png,1,0.346554160118103,0.5606384510403319
BAL_L,77,02/test/ko/0077.png,1,0.38949304819107056,0.6602306387187756
BAL_L,78,02/test/ko/0078.png,1,0.3607742488384247,0.8521920323257806
BAL_L,79,02/test/ko/0079.png,1,0.3343472182750702,0.8245278307621062
BAL_L,80,02/test/ko/0080.png,1,0.16448979079723358,0.7574848524086715
BAL_L,81,02/test/ko/0081.png,1,0.12529928982257843,0.6957132391444909
BAL_L,82,02/test/ko/0082.png,1,0.07842963188886642,0.08311353716613695
BAL_L,83,02/test/ko/0083.png,1,0.10500689595937729,0.0407240550397878
BAL_L,84,02/test/ko/0084.png,1,0.11729566007852554,0.5777638540796436
BAL_L,85,02/test/ko/0085.png,1,0.1329553872346878,0.34239320765363507
BAL_L,86,02/test/ko/0086.png,1,0.09742887318134308,0.25801016759021356
BAL_L,87,02/test/ko/0087.png,1,0.10200093686580658,0.485465001528111
BAL_L,88,02/test/ko/0088.png,1,0.09255972504615784,
BAL_L,89,02/test/ko/0089.png,1,0.0776350349187851,1.0
BAL_L,90,02/test/ko/0090.png,1,0.09700920432806015,0.28097826086956523
BAL_L,91,02/test/ko/0091.png,1,0.14777442812919617,0.5641186299081036
BAL_L,92,02/test/ko/0092.png,1,0.10260618478059769,
BAL_L,93,02/test/ko/0093.png,1,0.09385740011930466,0.4567337190542933
BAL_L,94,02/test/ko/0094.png,1,0.15964120626449585,0.4735298034435172
BAL_L,95,02/test/ko/0095.png,1,0.08691065013408661,0.0861772036944501
BAL_L,96,02/test/ko/0096.png,1,0.08672308176755905,0.17469212347543905
BAL_L,97,02/test/ko/0097.png,1,0.09345531463623047,0.29784390591589455
BAL_L,98,02/test/ko/0098.png,1,0.12043117731809616,0.162779753543147
BAL_L,99,02/test/ko/0099.png,1,0.09423548728227615,0.6105394605394605
BAL_L,100,02/test/ko/0100.png,1,0.12151762843132019,0.6909090909090909
BAL_L,101,02/test/ko/0101.png,1,0.103971466422081,0.34664224664224663
BAL_L,102,02/test/ko/0102.png,1,0.08803727477788925,0.40131578947368424
BAL_L,103,02/test/ko/0103.png,1,0.0867295190691948,0.07973055884448696
BAL_L,104,02/test/ko/0104.png,1,0.10494567453861237,0.07461989530175957
BAL_L,105,02/test/ko/0105.png,1,0.0944482758641243,0.11339819215538177
BAL_L,106,02/test/ko/0106.png,1,0.12199362367391586,0.2242935386953909
BAL_L,107,02/test/ko/0107.png,1,0.13713186979293823,0.43437260552525636
BAL_L,108,02/test/ko/0108.png,1,0.10405510663986206,0.00464556187917981
BAL_L,109,02/test/ko/0109.png,1,0.09863711893558502,
BAL_L,110,02/test/ko/0110.png,1,0.11198142170906067,0.20689828476694788
BAL_L,111,02/test/ko/0111.png,1,0.08551398664712906,0.3472222222222222
BAL_L,112,02/test/ko/0112.png,1,0.08870409429073334,
BAL_L,113,02/test/ko/0113.png,1,0.09150796383619308,0.21957049486461253
BAL_L,114,02/test/ko/0114.png,1,0.11494942754507065,0.2632732800880776
BAL_L,115,02/test/ko/0115.png,1,0.10056161880493164,0.053037457682389565
BAL_L,116,02/test/ko/0116.png,1,0.10813626646995544,
BAL_L,117,02/test/ko/0117.png,1,0.12969522178173065,0.05284590325158277
BAL_L,118,02/test/ko/0118.png,1,0.09551640599966049,
BAL_L,119,02/test/ko/0119.png,1,0.07651716470718384,
BAL_L,120,02/test/ko/0120.png,1,0.07033463567495346,
BAL_L,121,02/test/ko/0121.png,1,0.08804235607385635,0.04818819457190303
BAL_L,122,02/test/ko/0122.png,1,0.07031190395355225,
BAL_L,123,02/test/ko/0123.png,1,0.06919467449188232,
BAL_L,124,02/test/ko/0124.png,1,0.1259380728006363,0.4413812377435686
BAL_L,125,02/test/ko/0125.png,1,0.07807008177042007,0.3079922027290448
BAL_L,126,02/test/ko/0126.png,1,0.11591443419456482,0.14449179919381158
BAL_L,127,02/test/ko/0127.png,1,0.07422800362110138,
BAL_L,128,02/test/ko/0128.png,1,0.12616024911403656,0.23596301341336748
BAL_L,129,02/test/ko/0129.png,1,0.07879733294248581,
BAL_L,130,02/test/ko/0130.png,1,0.079513318836689,0.2185891817793658
BAL_L,131,02/test/ko/0131.png,1,0.12164686620235443,0.04836487042369395
BAL_L,132,02/test/ko/0132.png,1,0.09888340532779694,0.1576152323352319
BAL_L,133,02/test/ko/0133.png,1,0.09220127016305923,
BAL_L,134,02/test/ko/0134.png,1,0.10018474608659744,0.2864890828126122
BAL_L,135,02/test/ko/0135.png,1,0.11398939043283463,0.089297052154195
BAL_L,136,02/test/ko/0136.png,1,0.09214698523283005,
BAL_L,137,02/test/ko/0137.png,1,0.07265579700469971,
BAL_L,138,02/test/ko/0138.png,1,0.10427063703536987,
BAL_L,139,02/test/ko/0139.png,1,0.0809532180428505,
BAL_L,140,02/test/ko/0140.png,1,0.09731420874595642,0.8351778123836947
BAL_L,141,02/test/ko/0141.png,1,0.08698438107967377,
BAL_L,142,02/test/ko/0142.png,1,0.08972776681184769,0.05077966781103115
BAL_L,143,02/test/ko/0143.png,1,0.1222495585680008,0.7297138047138046
BAL_L,144,02/test/ko/0144.png,1,0.07589572668075562,
BAL_L,145,02/test/ko/0145.png,1,0.09724424034357071,
BAL_L,146,02/test/ko/0146.png,1,0.06901319324970245,
BAL_L,147,02/test/ko/0147.png,1,0.09197385609149933,0.21575257024005376
BAL_L,148,02/test/ko/0148.png,1,0.09028249979019165,
BAL_L,149,02/test/ko/0149.png,1,0.07599563896656036,
BAL_L,150,02/test/ko/0150.png,1,0.06981965154409409,
BAL_L,151,02/test/ko/0151.png,1,0.0693833976984024,0.10989884839660033
BAL_L,152,02/test/ko/0152.png,1,0.10481183230876923,0.39232934083750326
BAL_L,153,02/test/ko/0153.png,1,0.08932843804359436,0.30806141800894427
BAL_L,154,02/test/ko/0154.png,1,0.08839407563209534,
BAL_L,155,02/test/ko/0155.png,1,0.08314226567745209,0.3354493207941484
BAL_L,156,02/test/ko/0156.png,1,0.07402399927377701,
BAL_L,157,02/test/ko/0157.png,1,0.10107875615358353,
BAL_L,158,02/test/ko/0158.png,1,0.08667683601379395,0.02075667864869501
BAL_L,159,02/test/ko/0159.png,1,0.10187414288520813,
BAL_L,160,02/test/ko/0160.png,1,0.08050263673067093,
BAL_L,161,02/test/ko/0161.png,1,0.0686037540435791,0.14941919191919192
BAL_L,162,02/test/ko/0162.png,1,0.07994594424962997,0.0037960250492640947
BAL_L,163,02/test/ko/0163.png,1,0.11781999468803406,
BAL_L,164,02/test/ko/0164.png,1,0.08091801404953003,0.22771672771672774
BAL_L,165,02/test/ko/0165.png,1,0.08335044234991074,0.25902531419299835
BAL_L,166,02/test/ko/0166.png,1,0.08125077933073044,0.44946236559139785
BAL_L,167,02/test/ko/0167.png,1,0.09188777953386307,1.0
BAL_L,168,02/test/ko/0168.png,1,0.08430185168981552,
BAL_L,169,02/test/ko/0169.png,1,0.07423646748065948,0.2145363408521303
BAL_L,170,02/test/ko/0170.png,1,0.10909771174192429,0.08352826510721247
BAL_L,171,02/test/ko/0171.png,1,0.08304140716791153,
BAL_L,172,02/test/ko/0172.png,1,0.08199720084667206,
BAL_L,173,02/test/ko/0173.png,1,0.08888740092515945,
BAL_L,174,02/test/ko/0174.png,1,0.08801524341106415,0.27906784403310675
BAL_L,175,02/test/ko/0175.png,1,0.07013460248708725,0.11254105090311986
BAL_L,176,02/test/ko/0176.png,1,0.06709113717079163,
BAL_L,177,02/test/ko/0177.png,1,0.0928274467587471,0.0005777634215269818
BAL_L,178,02/test/ko/0178.png,1,0.08938724547624588,0.5453588516746412
BAL_L,179,02/test/ko/0179.png,1,0.08302929252386093,0.041484762883067974
BAL_L,180,02/test/ko/0180.png,1,0.0723540261387825,
BAL_L,181,02/test/ko/0181.png,1,0.07980960607528687,0.20443966737966304
BAL_L,182,02/test/ko/0182.png,1,0.09415537118911743,
BAL_L,183,02/test/ko/0183.png,1,0.107119619846344,0.75
BAL_L,184,02/test/ko/0184.png,1,0.07852743566036224,
BAL_L,185,02/test/ko/0185.png,1,0.09991388767957687,0.7138605442176871
BAL_L,186,02/test/ko/0186.png,1,0.10120388865470886,0.04509733502897535
BAL_L,187,02/test/ko/0187.png,1,0.1187237948179245,0.4408372044469962
BAL_L,188,02/test/ko/0188.png,1,0.22683461010456085,0.5056083477579913
BAL_L,189,02/test/ko/0189.png,1,0.3753895163536072,0.8209174507367908
BAL_L,190,02/test/ko/0190.png,1,0.3217872083187103,0.6929897143743605
BAL_L,191,02/test/ko/0191.png,1,0.42315590381622314,0.8749051287598848
BAL_L,192,02/test/ko/0192.png,1,0.24992549419403076,0.06440815468428836
BAL_L,193,02/test/ko/0193.png,1,0.3368237614631653,0.6497290702453611
BAL_L,194,02/test/ko/0194.png,1,0.2976313531398773,0.6508810447281551
BAL_L,195,02/test/ko/0195.png,1,0.1857423335313797,0.46800131001293405
BAL_L,196,02/test/ko/0196.png,1,0.2683495581150055,0.020892316056074917
BAL_L,197,02/test/ko/0197.png,1,0.35760608315467834,0.5572465250495137
BAL_L,198,02/test/ko/0198.png,1,0.42062416672706604,0.8623410811066793
BAL_L,199,02/test/ko/0199.png,1,0.3806093633174896,0.6742256047551257
BAL_L,200,02/test/ok/0000.png,0,0.06271148473024368,
BAL_L,201,02/test/ok/0001.png,0,0.07613769918680191,
BAL_L,202,02/test/ok/0002.png,0,0.07622255384922028,
BAL_L,203,02/test/ok/0003.png,0,0.06451232731342316,
BAL_L,204,02/test/ok/0004.png,0,0.08305736631155014,
BAL_L,205,02/test/ok/0005.png,0,0.07246499508619308,
BAL_L,206,02/test/ok/0006.png,0,0.08031471818685532,
BAL_L,207,02/test/ok/0007.png,0,0.08682011067867279,
BAL_L,208,02/test/ok/0008.png,0,0.10802017152309418,
BAL_L,209,02/test/ok/0009.png,0,0.08274485170841217,
BAL_L,210,02/test/ok/0010.png,0,0.08992565423250198,
BAL_L,211,02/test/ok/0011.png,0,0.0638972595334053,
BAL_L,212,02/test/ok/0012.png,0,0.06653594970703125,
BAL_L,213,02/test/ok/0013.png,0,0.082206591963768,
BAL_L,214,02/test/ok/0014.png,0,0.07597530633211136,
BAL_L,215,02/test/ok/0015.png,0,0.0610649511218071,
BAL_L,216,02/test/ok/0016.png,0,0.0790838748216629,
BAL_L,217,02/test/ok/0017.png,0,0.07773478329181671,
BAL_L,218,02/test/ok/0018.png,0,0.08241591602563858,
BAL_L,219,02/test/ok/0019.png,0,0.07230731099843979,
BAL_L,220,02/test/ok/0020.png,0,0.06782649457454681,
BAL_L,221,02/test/ok/0021.png,0,0.0727367177605629,
BAL_L,222,02/test/ok/0022.png,0,0.06944698840379715,
BAL_L,223,02/test/ok/0023.png,0,0.07492760568857193,
BAL_L,224,02/test/ok/0024.png,0,0.1026253029704094,
BAL_L,225,02/test/ok/0025.png,0,0.06922442466020584,
BAL_L,226,02/test/ok/0026.png,0,0.10368026793003082,
BAL_L,227,02/test/ok/0027.png,0,0.07477214187383652,
BAL_L,228,02/test/ok/0028.png,0,0.07446420937776566,
BAL_L,229,02/test/ok/0029.png,0,0.08735006302595139,
