method,image_index,sample_id,image_label,region,grid,boundary_count,patch_count,mean,p05,p25,median,p75,p95,min,max
A1_G,0,bracket_brown/test/bend_and_parts_mismatch/000.png,1,abnormal_normal,32x32,19,990,0.009251269005765818,1.173317432403565e-05,0.0022332891821861267,0.00610584020614624,0.012880094349384308,0.029828652739524838,0.0,0.09191173315048218
A1_G,0,bracket_brown/test/bend_and_parts_mismatch/000.png,1,defect,32x32,19,34,0.013168845106573665,0.0,0.002513088285923004,0.0076266080141067505,0.017412357032299042,0.04704658836126325,0.0,0.06618809700012207
A1_G,0,bracket_brown/test/bend_and_parts_mismatch/000.png,1,clean_defect,32x32,19,15,0.014932153622309367,0.0,0.004101455211639404,0.008017659187316895,0.021727904677391052,0.04489339888095854,0.0,0.05579036474227905
A1_G,0,bracket_brown/test/bend_and_parts_mismatch/000.png,1,boundary,32x32,19,19,0.011776759436256007,0.0,0.002115026116371155,0.006143003702163696,0.014018639922142029,0.04472337067127223,0.0,0.06618809700012207
A1_G,1,bracket_brown/test/bend_and_parts_mismatch/001.png,1,abnormal_normal,32x32,15,994,0.009297059815174617,7.037818431854301e-06,0.0023648887872695923,0.005990937352180481,0.012616351246833801,0.030526502430438942,0.0,0.08725321292877197
A1_G,1,bracket_brown/test/bend_and_parts_mismatch/001.png,1,defect,32x32,15,30,0.01289137601852417,0.00015082061290740972,0.003492981195449829,0.008445382118225098,0.015291258692741394,0.04636521935462948,0.0,0.06450480222702026
A1_G,1,bracket_brown/test/bend_and_parts_mismatch/001.png,1,clean_defect,32x32,15,15,0.009049795071283976,0.0,0.0009470880031585693,0.005642354488372803,0.014169260859489441,0.02606756091117857,0.0,0.03844672441482544
A1_G,1,bracket_brown/test/bend_and_parts_mismatch/001.png,1,boundary,32x32,15,15,0.016732956965764365,0.0008369207382202149,0.00761646032333374,0.009519636631011963,0.019266143441200256,0.05634223222732543,0.0003351569175720215,0.06450480222702026
A1_G,2,bracket_brown/test/bend_and_parts_mismatch/002.png,1,abnormal_normal,32x32,12,996,0.00904214041060712,9.613484144210815e-05,0.0020419731736183167,0.005991682410240173,0.012637868523597717,0.02888348698616028,0.0,0.07267919182777405
A1_G,2,bracket_brown/test/bend_and_parts_mismatch/002.png,1,defect,32x32,12,28,0.01334872203213828,0.00034675151109695443,0.0041685551404953,0.008094623684883118,0.013995446264743805,0.05363810360431671,0.0,0.06311321258544922
A1_G,2,bracket_brown/test/bend_and_parts_mismatch/002.png,1,clean_defect,32x32,12,16,0.008352130651473999,0.0,0.004400923848152161,0.0067761242389678955,0.011782735586166382,0.01878608763217926,0.0,0.021172404289245605
A1_G,2,bracket_brown/test/bend_and_parts_mismatch/002.png,1,boundary,32x32,12,12,0.020010843873023987,0.0018828138709068298,0.003458857536315918,0.012231051921844482,0.024491555988788605,0.05839673727750778,0.0009907186031341553,0.06311321258544922
A1_G,3,bracket_brown/test/bend_and_parts_mismatch/003.png,1,abnormal_normal,32x32,10,997,0.010385067048020205,0.00010616183280944825,0.002402663230895996,0.006800919771194458,0.013796836137771606,0.0325020909309387,0.0,0.08297416567802429
A1_G,3,bracket_brown/test/bend_and_parts_mismatch/003.png,1,defect,32x32,10,27,0.013201007136592158,0.0,0.0029570013284683228,0.010737687349319458,0.02321179211139679,0.03301437497138977,0.0,0.033804118633270264
A1_G,3,bracket_brown/test/bend_and_parts_mismatch/003.png,1,clean_defect,32x32,10,17,0.009751388255287619,0.0,0.0,0.005950272083282471,0.013407111167907715,0.029493248462676997,0.0,0.033804118633270264
A1_G,3,bracket_brown/test/bend_and_parts_mismatch/003.png,1,boundary,32x32,10,10,0.019065359234809877,0.002222438156604767,0.010213695466518402,0.02093183994293213,0.02758128196001053,0.032940265536308286,0.0,0.033162593841552734
A1_G,4,bracket_brown/test/bend_and_parts_mismatch/004.png,1,abnormal_normal,32x32,14,990,0.009444658714111405,0.0,0.0019807368516921997,0.005895867943763733,0.012818917632102966,0.030807821452617644,0.0,0.07690861821174622
A1_G,4,bracket_brown/test/bend_and_parts_mismatch/004.png,1,defect,32x32,14,34,0.010743880096603842,0.0,0.004586257040500641,0.007480621337890625,0.017692506313323975,0.029828548431396484,0.0,0.03306704759597778
A1_G,4,bracket_brown/test/bend_and_parts_mismatch/004.png,1,clean_defect,32x32,14,20,0.009266839921474456,0.0,0.0032785534858703613,0.005914434790611267,0.012899570167064667,0.028993375599384308,0.0,0.030041635036468506
A1_G,4,bracket_brown/test/bend_and_parts_mismatch/004.png,1,boundary,32x32,14,14,0.012853937489645821,0.0035530835390090946,0.006847076117992401,0.009337082505226135,0.01819881796836853,0.03088744282722473,0.0,0.03306704759597778
A1_G,5,bracket_brown/test/bend_and_parts_mismatch/005.png,1,abnormal_normal,32x32,20,985,0.010291857041683294,4.629492759704598e-05,0.0023071467876434326,0.006615191698074341,0.014174491167068481,0.033185136318206784,0.0,0.0835578441619873
A1_G,5,bracket_brown/test/bend_and_parts_mismatch/005.png,1,defect,32x32,20,39,0.015765029650468092,0.0018323898315429688,0.00546322762966156,0.01217275857925415,0.021749988198280334,0.045398145914077766,0.0004824399948120117,0.05555230379104614
A1_G,5,bracket_brown/test/bend_and_parts_mismatch/005.png,1,clean_defect,32x32,20,19,0.01118558645248413,0.0008625894784927368,0.0038899481296539307,0.010450124740600586,0.013284027576446533,0.024509373307228043,0.0004824399948120117,0.04455113410949707
A1_G,5,bracket_brown/test/bend_and_parts_mismatch/005.png,1,boundary,32x32,20,20,0.020115500688552855,0.003468360006809235,0.007338561117649078,0.013889223337173462,0.027108192443847656,0.048307181894779214,0.0019354522228240967,0.05555230379104614
A1_G,6,bracket_brown/test/bend_and_parts_mismatch/006.png,1,abnormal_normal,32x32,13,994,0.009887548339678727,0.00012228935956954957,0.002295583486557007,0.006702885031700134,0.014027610421180725,0.03106673806905744,0.0,0.07037654519081116
A1_G,6,bracket_brown/test/bend_and_parts_mismatch/006.png,1,defect,32x32,13,30,0.010559471448262532,0.0,0.005166284739971161,0.010641008615493774,0.015032276511192322,0.021460002660751328,0.0,0.025771141052246094
A1_G,6,bracket_brown/test/bend_and_parts_mismatch/006.png,1,clean_defect,32x32,13,17,0.010407204137128942,0.0,0.007783353328704834,0.010636746883392334,0.012583494186401367,0.01891400814056396,0.0,0.025771141052246094
A1_G,6,bracket_brown/test/bend_and_parts_mismatch/006.png,1,boundary,32x32,13,13,0.01075859023974492,0.0015182733535766605,0.004416078329086304,0.010645270347595215,0.016921162605285645,0.020605611801147453,0.0,0.02402317523956299
A1_G,7,bracket_brown/test/bend_and_parts_mismatch/007.png,1,abnormal_normal,32x32,18,989,0.009166379066521286,0.00020817518234252948,0.002364933490753174,0.0062340497970581055,0.01240512728691101,0.02920655608177181,0.0,0.08203703165054321
A1_G,7,bracket_brown/test/bend_and_parts_mismatch/007.png,1,defect,32x32,18,35,0.011154684850147792,0.00013693571090698245,0.004918694496154785,0.008345484733581543,0.01746349036693573,0.02584377229213714,0.0,0.03931403160095215
A1_G,7,bracket_brown/test/bend_and_parts_mismatch/007.png,1,clean_defect,32x32,18,17,0.0085679993909948,0.00015649795532226565,0.004907816648483276,0.007985740900039673,0.00875142216682434,0.02174822688102722,0.0,0.0250454843044281
A1_G,7,bracket_brown/test/bend_and_parts_mismatch/007.png,1,boundary,32x32,18,18,0.013597665561570061,0.001975969970226288,0.0072859302163124084,0.009219855070114136,0.022996999323368073,0.02944758236408232,0.0,0.03931403160095215
A1_G,8,bracket_brown/test/bend_and_parts_mismatch/008.png,1,abnormal_normal,32x32,25,982,0.00989577328964552,0.0004675045609474183,0.002611108124256134,0.006640031933784485,0.014131970703601837,0.02963380515575407,0.0,0.08350658416748047
A1_G,8,bracket_brown/test/bend_and_parts_mismatch/008.png,1,defect,32x32,25,42,0.014729853187288557,0.0021769419312477117,0.006555035710334778,0.01352471113204956,0.01803046464920044,0.028103473782539367,0.0,0.06395232677459717
A1_G,8,bracket_brown/test/bend_and_parts_mismatch/008.png,1,clean_defect,32x32,25,17,0.016499926062191233,0.0035323381423950197,0.006489545106887817,0.01542752981185913,0.017554819583892822,0.03980057239532468,0.0,0.06395232677459717
A1_G,8,bracket_brown/test/bend_and_parts_mismatch/008.png,1,boundary,32x32,25,25,0.013526203632354737,0.0024629592895507816,0.006751507520675659,0.012374460697174072,0.018278151750564575,0.027504789829254146,0.0016494393348693848,0.028122246265411377
A1_G,9,bracket_brown/test/bend_and_parts_mismatch/009.png,1,abnormal_normal,32x32,19,993,0.0095617953924254,0.0004276394844055176,0.0025156736373901367,0.006531774997711182,0.013079822063446045,0.029839271306991568,0.0,0.06891804933547974
A1_G,9,bracket_brown/test/bend_and_parts_mismatch/009.png,1,defect,32x32,19,31,0.01117121115807564,0.0004589259624481201,0.0034805387258529663,0.007381826639175415,0.015404343605041504,0.03175513446331024,0.0,0.04334014654159546
A1_G,9,bracket_brown/test/bend_and_parts_mismatch/009.png,1,clean_defect,32x32,19,12,0.006496829291184743,0.0,0.0017489567399024963,0.0058328211307525635,0.010542899370193481,0.015007333457469936,0.0,0.01761975884437561
A1_G,9,bracket_brown/test/bend_and_parts_mismatch/009.png,1,boundary,32x32,19,19,0.014123452337164628,0.0015117526054382324,0.004599094390869141,0.008397132158279419,0.024317532777786255,0.03351400792598722,0.0014307498931884766,0.04334014654159546
A1_G,10,bracket_brown/test/bend_and_parts_mismatch/010.png,1,abnormal_normal,32x32,14,992,0.00949156353430402,0.00021965950727462777,0.0025808513164520264,0.00626729428768158,0.013038448989391327,0.028821676969528195,0.0,0.09207084774971008
A1_G,10,bracket_brown/test/bend_and_parts_mismatch/010.png,1,defect,32x32,14,32,0.012057582847774029,0.0,0.0039179325103759766,0.010589048266410828,0.014617308974266052,0.034066835045814495,0.0,0.05642637610435486
A1_G,10,bracket_brown/test/bend_and_parts_mismatch/010.png,1,clean_defect,32x32,14,18,0.013814002275466919,0.0,0.005550704896450043,0.011475175619125366,0.019244030117988586,0.029049123823642685,0.0,0.05642637610435486
A1_G,10,bracket_brown/test/bend_and_parts_mismatch/010.png,1,boundary,32x32,14,14,0.00979932929788317,0.0,0.0004089474678039551,0.007312610745429993,0.014317236840724945,0.02872861474752425,0.0,0.046104490756988525
A1_G,11,bracket_brown/test/bend_and_parts_mismatch/011.png,1,abnormal_normal,32x32,19,991,0.008469085219409223,0.0,0.0021305084228515625,0.0055148303508758545,0.011651471257209778,0.02732984721660614,0.0,0.06115555763244629
A1_G,11,bracket_brown/test/bend_and_parts_mismatch/011.png,1,defect,32x32,19,33,0.011293823971892849,0.00011513829231262209,0.004764944314956665,0.0075280070304870605,0.014221936464309692,0.036872529983520495,0.0,0.04654020071029663
A1_G,11,bracket_brown/test/bend_and_parts_mismatch/011.png,1,clean_defect,32x32,19,14,0.011947978820119585,0.0002667292952537537,0.003927350044250488,0.007861331105232239,0.013439357280731201,0.03815958201885223,0.00019189715385437012,0.04654020071029663
A1_G,11,bracket_brown/test/bend_and_parts_mismatch/011.png,1,boundary,32x32,19,19,0.010811815136357358,0.0,0.004819825291633606,0.007358968257904053,0.014814034104347229,0.026707547903060878,0.0,0.04171091318130493
A1_G,12,bracket_brown/test/bend_and_parts_mismatch/012.png,1,abnormal_normal,32x32,18,992,0.008820454950534528,7.471889257431033e-05,0.00185471773147583,0.005068451166152954,0.012054167687892914,0.028676997125148772,0.0,0.07841813564300537
A1_G,12,bracket_brown/test/bend_and_parts_mismatch/012.png,1,defect,32x32,18,32,0.009414726868271828,0.0,0.003195822238922119,0.008604004979133606,0.01357300579547882,0.021720661222934718,0.0,0.04070460796356201
A1_G,12,bracket_brown/test/bend_and_parts_mismatch/012.png,1,clean_defect,32x32,18,14,0.012483782001904078,0.0016750112175941468,0.005839154124259949,0.011445567011833191,0.01343495398759842,0.03082492500543594,0.0005321502685546875,0.04070460796356201
A1_G,12,bracket_brown/test/bend_and_parts_mismatch/012.png,1,boundary,32x32,18,18,0.007027683986557854,0.0,0.0017012059688568115,0.005261600017547607,0.012469939887523651,0.01810745745897293,0.0,0.018624305725097656
A1_G,13,bracket_brown/test/bend_and_parts_mismatch/013.png,1,abnormal_normal,32x32,14,994,0.00845269211221269,7.481575012207037e-05,0.0017272382974624634,0.00541628897190094,0.012062430381774902,0.026476067304611176,0.0,0.060625314712524414
A1_G,13,bracket_brown/test/bend_and_parts_mismatch/013.png,1,defect,32x32,14,30,0.013370010256767272,0.0,0.004696667194366455,0.009818851947784424,0.01586507260799408,0.042698636651039096,0.0,0.0638573169708252
A1_G,13,bracket_brown/test/bend_and_parts_mismatch/013.png,1,clean_defect,32x32,14,16,0.013109857216477394,0.0,0.0036305487155914307,0.009818851947784424,0.012319602072238922,0.0437961146235466,0.0,0.0638573169708252
A1_G,13,bracket_brown/test/bend_and_parts_mismatch/013.png,1,boundary,32x32,14,14,0.013667328017098563,0.0006554350256919861,0.007328234612941742,0.010458290576934814,0.016612693667411804,0.03411955386400222,0.0,0.047271937131881714
A1_G,14,bracket_brown/test/bend_and_parts_mismatch/014.png,1,abnormal_normal,32x32,23,983,0.00899709550434551,0.0,0.0020037293434143066,0.0055072009563446045,0.01195015013217926,0.028977683186531062,0.0,0.08601927757263184
A1_G,14,bracket_brown/test/bend_and_parts_mismatch/014.png,1,defect,32x32,23,41,0.009636495171523676,0.0,0.0025430917739868164,0.0077394843101501465,0.015353888273239136,0.026359856128692627,0.0,0.02955421805381775
A1_G,14,bracket_brown/test/bend_and_parts_mismatch/014.png,1,clean_defect,32x32,23,18,0.010645674334632026,0.0,0.005115136504173279,0.008583739399909973,0.016443908214569092,0.02482049465179443,0.0,0.027816355228424072
A1_G,14,bracket_brown/test/bend_and_parts_mismatch/014.png,1,boundary,32x32,23,23,0.008846702783004097,0.0,0.0019510388374328613,0.005142897367477417,0.013938933610916138,0.026064753532409664,0.0,0.02955421805381775
A1_G,15,bracket_brown/test/bend_and_parts_mismatch/015.png,1,abnormal_normal,32x32,17,990,0.0087980152982654,0.0,0.002059824764728546,0.005454331636428833,0.011815495789051056,0.028745421767234765,0.0,0.07934236526489258
A1_G,15,bracket_brown/test/bend_and_parts_mismatch/015.png,1,defect,32x32,17,34,0.011482677038978128,0.0,0.00283600389957428,0.00831514596939087,0.015015259385108948,0.028688015043735495,0.0,0.0632975697517395
A1_G,15,bracket_brown/test/bend_and_parts_mismatch/015.png,1,clean_defect,32x32,17,17,0.00859968101277071,0.0,0.002469390630722046,0.007602721452713013,0.012265622615814209,0.022459024190902704,0.0,0.026722639799118042
A1_G,15,bracket_brown/test/bend_and_parts_mismatch/015.png,1,boundary,32x32,17,17,0.014365673065185547,0.0009410619735717774,0.005468428134918213,0.011436522006988525,0.015248537063598633,0.03807402849197385,0.0,0.0632975697517395
A1_G,16,bracket_brown/test/bend_and_parts_mismatch/016.png,1,abnormal_normal,32x32,15,995,0.008986360613425174,0.0,0.0020983070135116577,0.005739718675613403,0.012575477361679077,0.02644368410110473,0.0,0.08884885907173157
A1_G,16,bracket_brown/test/bend_and_parts_mismatch/016.png,1,defect,32x32,15,29,0.012075270044392553,0.001593613624572754,0.005827784538269043,0.009923934936523438,0.014457613229751587,0.029458618164062495,0.0010712742805480957,0.04085230827331543
A1_G,16,bracket_brown/test/bend_and_parts_mismatch/016.png,1,clean_defect,32x32,15,14,0.007401176861354283,0.0012112528085708619,0.0040330588817596436,0.006341814994812012,0.010197833180427551,0.015781953930854797,0.0010712742805480957,0.018708795309066772
A1_G,16,bracket_brown/test/bend_and_parts_mismatch/016.png,1,boundary,32x32,15,15,0.01643775701522827,0.0053599953651428224,0.009821638464927673,0.012504279613494873,0.02131064236164093,0.0335638403892517,0.005014151334762573,0.04085230827331543
A1_G,17,bracket_brown/test/good/000.png,0,normal_image,32x32,0,1024,0.0075962044356856495,0.0,0.0010755881667137146,0.003968045115470886,0.010694675147533417,0.02765049338340759,0.0,0.06958422064781189
A1_G,18,bracket_brown/test/good/001.png,0,normal_image,32x32,0,1024,0.00902696736739017,0.0,0.0013812407851219177,0.005319386720657349,0.012603327631950378,0.03238062262535094,0.0,0.07302108407020569
A1_G,19,bracket_brown/test/good/002.png,0,normal_image,32x32,0,1024,0.009266772540286183,4.283934831619273e-05,0.0020445510745048523,0.005612611770629883,0.012801334261894226,0.030207490921020437,0.0,0.11606916785240173
A1_G,20,bracket_brown/test/good/003.png,0,normal_image,32x32,0,1024,0.010759755445178598,0.00026013851165771504,0.002298913896083832,0.006635695695877075,0.014408834278583527,0.03464217782020568,0.0,0.08941423892974854
A1_G,21,bracket_brown/test/good/004.png,0,normal_image,32x32,0,1024,0.008685132081154734,0.0,0.0017390549182891846,0.005265548825263977,0.012217298150062561,0.027639274299144718,0.0,0.103762686252594
A1_G,22,bracket_brown/test/good/005.png,0,normal_image,32x32,0,1024,0.00826268148375675,0.0,0.0012077167630195618,0.004651859402656555,0.011875860393047333,0.027958305180072772,0.0,0.10247460007667542
A1_G,23,bracket_brown/test/good/006.png,0,normal_image,32x32,0,1024,0.008480816322844476,0.0,0.0012212768197059631,0.004030346870422363,0.010896772146224976,0.033110560476779856,0.0,0.09699240326881409
A1_G,24,bracket_brown/test/good/007.png,0,normal_image,32x32,0,1024,0.009017157077323645,0.0,0.00154886394739151,0.005150645971298218,0.012352421879768372,0.031052052974700886,0.0,0.06904703378677368
A1_G,25,bracket_brown/test/good/008.png,0,normal_image,32x32,0,1024,0.009675441862782463,0.0,0.002078242599964142,0.005986347794532776,0.013138465583324432,0.03231870383024215,0.0,0.11277639865875244
A1_G,26,bracket_brown/test/good/009.png,0,normal_image,32x32,0,1024,0.008906497183488682,0.0,0.0018701404333114624,0.005239754915237427,0.012380339205265045,0.029498270153999275,0.0,0.08639699220657349
A1_G,27,bracket_brown/test/good/010.png,0,normal_image,32x32,0,1024,0.009607456013327464,5.7396292686462405e-05,0.002286478877067566,0.006273925304412842,0.013212881982326508,0.02882390469312664,0.0,0.12072956562042236
A1_G,28,bracket_brown/test/good/011.png,0,normal_image,32x32,0,1024,0.008604594273492694,0.0,0.0012311860918998718,0.005187556147575378,0.012256234884262085,0.029825240373611443,0.0,0.07700890302658081
A1_G,29,bracket_brown/test/good/012.png,0,normal_image,32x32,0,1024,0.009478980908170342,0.0,0.0018135607242584229,0.005684882402420044,0.013204909861087799,0.03129076361656188,0.0,0.0807739794254303
A1_G,30,bracket_brown/test/good/013.png,0,normal_image,32x32,0,1024,0.00825350743252784,0.0,0.0014042854309082031,0.00454847514629364,0.011010758578777313,0.029448743164539305,0.0,0.08155524730682373
A1_G,31,bracket_brown/test/good/014.png,0,normal_image,32x32,0,1024,0.007963002804899588,0.0,0.0013789236545562744,0.004369631409645081,0.011135391891002655,0.02612143903970716,0.0,0.0715799331665039
A1_G,32,bracket_brown/test/good/015.png,0,normal_image,32x32,0,1024,0.0076419435208663344,0.0,0.001054808497428894,0.0038340985774993896,0.009675465524196625,0.02884580492973327,0.0,0.10251221060752869
A1_G,33,bracket_brown/test/good/016.png,0,normal_image,32x32,0,1024,0.007598101103212684,0.0,0.0,0.0022885948419570923,0.009137354791164398,0.03333207666873924,0.0,0.1258305311203003
A1_G,34,bracket_brown/test/good/017.png,0,normal_image,32x32,0,1024,0.007856326876208186,0.0,0.0011776536703109741,0.004254743456840515,0.01110181212425232,0.027245408296585078,0.0,0.06724017858505249
A1_G,35,bracket_brown/test/good/018.png,0,normal_image,32x32,0,1024,0.00782199646346271,0.0,0.000912107527256012,0.004224926233291626,0.010705284774303436,0.028119362890720347,0.0,0.08680281043052673
A1_G,36,bracket_brown/test/good/019.png,0,normal_image,32x32,0,1024,0.008797463378868997,0.0,0.0017698407173156738,0.0054182857275009155,0.012010820209980011,0.028890711069107046,0.0,0.07203605771064758
A1_G,37,bracket_brown/test/good/020.png,0,normal_image,32x32,0,1024,0.00952972608502023,3.89426946640016e-05,0.002052009105682373,0.005890682339668274,0.013276226818561554,0.030040346086025217,0.0,0.10915818810462952
A1_G,38,bracket_brown/test/good/021.png,0,normal_image,32x32,0,1024,0.00838298731832765,0.0,0.0012326538562774658,0.00460013747215271,0.011077716946601868,0.029240204393863663,0.0,0.077720046043396
A1_G,39,bracket_brown/test/good/022.png,0,normal_image,32x32,0,1024,0.00764272955711931,0.0,0.0011071860790252686,0.004025503993034363,0.010520577430725098,0.027045357227325432,0.0,0.07212799787521362
A1_G,40,bracket_brown/test/good/023.png,0,normal_image,32x32,0,1024,0.007870010187616572,0.0,0.0013812705874443054,0.004754513502120972,0.011121951043605804,0.027543033659458097,0.0,0.06651848554611206
A1_G,41,bracket_brown/test/good/024.png,0,normal_image,32x32,0,1024,0.0093665451859124,0.0,0.001579485833644867,0.005400598049163818,0.013049222528934479,0.033364553749561265,0.0,0.08038720488548279
A1_G,42,bracket_brown/test/good/025.png,0,normal_image,32x32,0,1024,0.005753046396421269,0.0,0.0,0.0017426908016204834,0.007439017295837402,0.025353005528449993,0.0,0.07933834195137024
A1_G,43,bracket_brown/test/parts_mismatch/000.png,1,abnormal_normal,32x32,1,1020,0.00911308836703207,0.0001214265823364259,0.0023771002888679504,0.006626293063163757,0.012771978974342346,0.026094011962413767,0.0,0.09424063563346863
A1_G,43,bracket_brown/test/parts_mismatch/000.png,1,defect,32x32,1,4,0.013441763818264008,0.008207446336746216,0.010488897562026978,0.013156324625015259,0.01610919088125229,0.019075696170330045,0.007637083530426025,0.019817322492599487
A1_G,43,bracket_brown/test/parts_mismatch/000.png,1,clean_defect,32x32,1,3,0.012964636087417603,0.008017325401306152,0.00953829288482666,0.011439502239227295,0.01562841236591339,0.018979540467262267,0.007637083530426025,0.019817322492599487
A1_G,43,bracket_brown/test/parts_mismatch/000.png,1,boundary,32x32,1,1,0.014873147010803223,0.014873147010803223,0.014873147010803223,0.014873147010803223,0.014873147010803223,0.014873147010803223,0.014873147010803223,0.014873147010803223
A1_G,44,bracket_brown/test/parts_mismatch/001.png,1,abnormal_normal,32x32,5,1018,0.009137397928415909,9.119510650634781e-07,0.0021433010697364807,0.006391257047653198,0.012097209692001343,0.027859218418598175,0.0,0.09357213973999023
A1_G,44,bracket_brown/test/parts_mismatch/001.png,1,defect,32x32,5,6,0.031130512555440266,0.0024642720818519592,0.012048855423927307,0.027743220329284668,0.045129142701625824,0.06713727861642838,0.0,0.07355478405952454
A1_G,44,bracket_brown/test/parts_mismatch/001.png,1,clean_defect,32x32,5,1,0.03686228394508362,0.03686228394508362,0.03686228394508362,0.03686228394508362,0.03686228394508362,0.03686228394508362,0.03686228394508362,0.03686228394508362
A1_G,44,bracket_brown/test/parts_mismatch/001.png,1,boundary,32x32,5,5,0.029984158277511597,0.0019714176654815675,0.009857088327407837,0.018624156713485718,0.04788476228713989,0.0684207797050476,0.0,0.07355478405952454
A1_G,45,bracket_brown/test/parts_mismatch/002.png,1,abnormal_normal,32x32,1,1022,0.009121316898825584,0.0,0.001866072416305542,0.005557700991630554,0.012882895767688751,0.029835762083530414,0.0,0.06285056471824646
A1_G,45,bracket_brown/test/parts_mismatch/002.png,1,defect,32x32,1,2,0.009430408477783203,0.0037100613117218018,0.0062524378299713135,0.009430408477783203,0.012608379125595093,0.015150755643844604,0.003074467182159424,0.015786349773406982
A1_G,45,bracket_brown/test/parts_mismatch/002.png,1,clean_defect,32x32,1,1,0.015786349773406982,0.015786349773406982,0.015786349773406982,0.015786349773406982,0.015786349773406982,0.015786349773406982,0.015786349773406982,0.015786349773406982
A1_G,45,bracket_brown/test/parts_mismatch/002.png,1,boundary,32x32,1,1,0.003074467182159424,0.003074467182159424,0.003074467182159424,0.003074467182159424,0.003074467182159424,0.003074467182159424,0.003074467182159424,0.003074467182159424
A1_G,46,bracket_brown/test/parts_mismatch/003.png,1,abnormal_normal,32x32,4,1020,0.010898928431903614,0.00038522481918334966,0.0025538206100463867,0.006948351860046387,0.01485782116651535,0.03558439612388609,0.0,0.0923251211643219
A1_G,46,bracket_brown/test/parts_mismatch/003.png,1,defect,32x32,4,4,0.008220002055168152,0.00033910721540451053,0.0016955360770225525,0.008052274584770203,0.014576740562915802,0.01633571535348892,0.0,0.016775459051132202
A1_G,46,bracket_brown/test/parts_mismatch/003.png,1,clean_defect,32x32,4,0,,,,,,,,
A1_G,46,bracket_brown/test/parts_mismatch/003.png,1,boundary,32x32,4,4,0.008220002055168152,0.00033910721540451053,0.0016955360770225525,0.008052274584770203,0.014576740562915802,0.01633571535348892,0.0,0.016775459051132202
A1_G,47,bracket_brown/test/parts_mismatch/004.png,1,abnormal_normal,32x32,4,1019,0.009795449198871646,0.0,0.0024271160364151,0.006446778774261475,0.013205304741859436,0.03124403953552243,0.0,0.07559004426002502
A1_G,47,bracket_brown/test/parts_mismatch/004.png,1,defect,32x32,4,5,0.01490747332572937,0.00015070438385009766,0.0007535219192504883,0.0038157999515533447,0.028648674488067627,0.038785231113433835,0.0,0.04131937026977539
A1_G,47,bracket_brown/test/parts_mismatch/004.png,1,clean_defect,32x32,4,1,0.0038157999515533447,0.0038157999515533447,0.0038157999515533447,0.0038157999515533447,0.0038157999515533447,0.0038157999515533447,0.0038157999515533447,0.0038157999515533447
A1_G,47,bracket_brown/test/parts_mismatch/004.png,1,boundary,32x32,4,4,0.017680391669273376,0.00011302828788757325,0.0005651414394378662,0.014701098203659058,0.03181634843349457,0.03941876590251922,0.0,0.04131937026977539
A1_G,48,bracket_brown/test/parts_mismatch/005.png,1,abnormal_normal,32x32,3,1020,0.010124589882644952,0.00030507445335388185,0.0023942887783050537,0.006420135498046875,0.013297654688358307,0.03203912824392318,0.0,0.09836864471435547
A1_G,48,bracket_brown/test/parts_mismatch/005.png,1,defect,32x32,3,4,0.01195041835308075,0.0014374405145645144,0.007187202572822571,0.010971412062644958,0.015734627842903137,0.02383400499820709,0.0,0.02585884928703308
A1_G,48,bracket_brown/test/parts_mismatch/005.png,1,clean_defect,32x32,3,1,0.009582936763763428,0.009582936763763428,0.009582936763763428,0.009582936763763428,0.009582936763763428,0.009582936763763428,0.009582936763763428,0.009582936763763428
A1_G,48,bracket_brown/test/parts_mismatch/005.png,1,boundary,32x32,3,3,0.01273957888285319,0.001235988736152649,0.006179943680763245,0.01235988736152649,0.019109368324279785,0.024508953094482422,0.0,0.02585884928703308
A1_G,49,bracket_brown/test/parts_mismatch/006.png,1,abnormal_normal,32x32,3,1020,0.010441039093569214,0.0003681525588035584,0.0029297545552253723,0.007036566734313965,0.013650663197040558,0.03365992903709411,0.0,0.07335290312767029
A1_G,49,bracket_brown/test/parts_mismatch/006.png,1,defect,32x32,3,4,0.021287046372890472,0.010626865923404694,0.011715538799762726,0.01571466028690338,0.025286167860031128,0.03974856734275817,0.010354697704315186,0.04336416721343994
A1_G,49,bracket_brown/test/parts_mismatch/006.png,1,clean_defect,32x32,3,1,0.01216915249824524,0.01216915249824524,0.01216915249824524,0.01216915249824524,0.01216915249824524,0.01216915249824524,0.01216915249824524,0.01216915249824524
A1_G,49,bracket_brown/test/parts_mismatch/006.png,1,boundary,32x32,3,3,0.02432634433110555,0.011245244741439819,0.014807432889938354,0.019260168075561523,0.03131216764450073,0.0409537672996521,0.010354697704315186,0.04336416721343994
A1_G,50,bracket_brown/test/parts_mismatch/007.png,1,abnormal_normal,32x32,5,1018,0.009719313157096593,0.000171603262424469,0.0026073604822158813,0.006715714931488037,0.013619750738143921,0.028560623526573178,0.0,0.11838078498840332
A1_G,50,bracket_brown/test/parts_mismatch/007.png,1,defect,32x32,5,6,0.014826600750287374,0.00399431586265564,0.009361028671264648,0.015226885676383972,0.017811283469200134,0.026845812797546387,0.002771824598312378,0.029655516147613525
A1_G,50,bracket_brown/test/parts_mismatch/007.png,1,clean_defect,32x32,5,1,0.029655516147613525,0.029655516147613525,0.029655516147613525,0.029655516147613525,0.029655516147613525,0.029655516147613525,0.029655516147613525,0.029655516147613525
A1_G,50,bracket_brown/test/parts_mismatch/007.png,1,boundary,32x32,5,5,0.011860817670822144,0.0037498176097869873,0.007661789655685425,0.01445874571800232,0.015995025634765625,0.017932367324829102,0.002771824598312378,0.01841670274734497
A1_G,51,bracket_brown/test/parts_mismatch/008.png,1,abnormal_normal,32x32,3,1020,0.010626972452098248,0.0004131317138671875,0.0027829259634017944,0.0072057247161865234,0.015454597771167755,0.03135085105895996,0.0,0.07935541868209839
A1_G,51,bracket_brown/test/parts_mismatch/008.png,1,defect,32x32,3,4,0.013662397861480713,0.004367347061634064,0.00855407863855362,0.01470397412776947,0.019812293350696564,0.0214992418885231,0.003320664167404175,0.021920979022979736
A1_G,51,bracket_brown/test/parts_mismatch/008.png,1,clean_defect,32x32,3,1,0.010298550128936768,0.010298550128936768,0.010298550128936768,0.010298550128936768,0.010298550128936768,0.010298550128936768,0.010298550128936768,0.010298550128936768
A1_G,51,bracket_brown/test/parts_mismatch/008.png,1,boundary,32x32,3,3,0.014783680438995361,0.004899537563323975,0.011215031147003174,0.019109398126602173,0.020515188574790955,0.02163982093334198,0.003320664167404175,0.021920979022979736
A1_G,52,bracket_brown/test/parts_mismatch/009.png,1,abnormal_normal,32x32,7,1016,0.009528397545805128,0.0002728775143623352,0.0026344582438468933,0.006570905447006226,0.013306990265846252,0.03048582375049591,0.0,0.05785799026489258
A1_G,52,bracket_brown/test/parts_mismatch/009.png,1,defect,32x32,7,8,0.01124507188796997,0.0018108516931533815,0.007476732134819031,0.010505691170692444,0.01645391434431076,0.02056749016046524,0.0012625455856323242,0.022189199924468994
A1_G,52,bracket_brown/test/parts_mismatch/009.png,1,clean_defect,32x32,7,1,0.011168748140335083,0.011168748140335083,0.011168748140335083,0.011168748140335083,0.011168748140335083,0.011168748140335083,0.011168748140335083,0.011168748140335083
A1_G,52,bracket_brown/test/parts_mismatch/009.png,1,boundary,32x32,7,7,0.011255975280489241,0.0017325222492218018,0.005927532911300659,0.009842634201049805,0.01682119071483612,0.020799162983894344,0.0012625455856323242,0.022189199924468994
A1_G,53,bracket_brown/test/parts_mismatch/010.png,1,abnormal_normal,32x32,8,1014,0.011006317165711458,0.0003680616617202759,0.0032186359167099,0.008245483040809631,0.014619678258895874,0.03482945412397377,0.0,0.10617369413375854
A1_G,53,bracket_brown/test/parts_mismatch/010.png,1,defect,32x32,8,10,0.024347737431526184,0.0016741305589675903,0.005628809332847595,0.01983274519443512,0.0347856804728508,0.06254548877477642,0.0003961920738220215,0.07721713185310364
A1_G,53,bracket_brown/test/parts_mismatch/010.png,1,clean_defect,32x32,8,2,0.024141639471054077,0.022154015302658082,0.02303740382194519,0.024141639471054077,0.025245875120162964,0.026129263639450073,0.021933168172836304,0.02635011076927185
A1_G,53,bracket_brown/test/parts_mismatch/010.png,1,boundary,32x32,8,8,0.02439926192164421,0.0013901442289352417,0.0038517117500305176,0.014038383960723877,0.03935152292251587,0.06580585390329359,0.0003961920738220215,0.07721713185310364
A1_G,54,bracket_brown/test/parts_mismatch/011.png,1,abnormal_normal,32x32,5,1019,0.01031530023323074,0.0002235114574432373,0.002603575587272644,0.0070683956146240234,0.014585211873054504,0.03150288462638849,0.0,0.08341506123542786
A1_G,54,bracket_brown/test/parts_mismatch/011.png,1,defect,32x32,5,5,0.01303722858428955,0.004740256071090698,0.0070799291133880615,0.01384204626083374,0.018932491540908813,0.020727568864822386,0.004155337810516357,0.02117633819580078
A1_G,54,bracket_brown/test/parts_mismatch/011.png,1,clean_defect,32x32,5,0,,,,,,,,
A1_G,54,bracket_brown/test/parts_mismatch/011.png,1,boundary,32x32,5,5,0.01303722858428955,0.004740256071090698,0.0070799291133880615,0.01384204626083374,0.018932491540908813,0.020727568864822386,0.004155337810516357,0.02117633819580078
A1_G,55,bracket_brown/test/parts_mismatch/012.png,1,abnormal_normal,32x32,8,1015,0.010854146251537529,0.00027250051498413087,0.0030290186405181885,0.007512897253036499,0.015109747648239136,0.032192552089691136,0.0,0.07834389805793762
A1_G,55,bracket_brown/test/parts_mismatch/012.png,1,defect,32x32,8,9,0.022993021541171603,0.0015330195426940918,0.002925962209701538,0.023106485605239868,0.03306823968887329,0.048430347442626955,0.0014933943748474121,0.04857277870178223
A1_G,55,bracket_brown/test/parts_mismatch/012.png,1,clean_defect,32x32,8,1,0.0014933943748474121,0.0014933943748474121,0.0014933943748474121,0.0014933943748474121,0.0014933943748474121,0.0014933943748474121,0.0014933943748474121,0.0014933943748474121
A1_G,55,bracket_brown/test/parts_mismatch/012.png,1,boundary,32x32,8,8,0.025680474936962128,0.0020591840147972107,0.015646114945411682,0.025590747594833374,0.03685535490512848,0.04844815135002136,0.0015924572944641113,0.04857277870178223
A1_G,56,bracket_brown/test/parts_mismatch/013.png,1,abnormal_normal,32x32,7,1015,0.01145201968442043,0.0005483925342559816,0.0030303746461868286,0.0078202486038208,0.015568718314170837,0.035313460230827314,0.0,0.08698952198028564
A1_G,56,bracket_brown/test/parts_mismatch/013.png,1,defect,32x32,7,9,0.019569241338306002,0.006576472520828247,0.009347736835479736,0.013697177171707153,0.022408276796340942,0.049819266796112045,0.006496518850326538,0.06753826141357422
A1_G,56,bracket_brown/test/parts_mismatch/013.png,1,clean_defect,32x32,7,2,0.010096848011016846,0.006856551766395569,0.008296683430671692,0.010096848011016846,0.011897012591362,0.013337144255638122,0.006496518850326538,0.013697177171707153
A1_G,56,bracket_brown/test/parts_mismatch/013.png,1,boundary,32x32,7,7,0.02227563943181719,0.007491803169250489,0.010956376791000366,0.01413300633430481,0.022824525833129883,0.05424901545047757,0.0066964030265808105,0.06753826141357422
A1_G,57,bracket_brown/test/parts_mismatch/014.png,1,abnormal_normal,32x32,6,1016,0.008884101020773565,9.574741125106812e-05,0.00212869793176651,0.006078094244003296,0.012212328612804413,0.027096174657344818,0.0,0.06914952397346497
A1_G,57,bracket_brown/test/parts_mismatch/014.png,1,defect,32x32,6,8,0.022529330104589462,0.01025925874710083,0.01370956003665924,0.01953043043613434,0.023906253278255463,0.045237573981285084,0.008748918771743774,0.05294442176818848
A1_G,57,bracket_brown/test/parts_mismatch/014.png,1,clean_defect,32x32,6,2,0.01953043043613434,0.018144063651561737,0.018760226666927338,0.01953043043613434,0.02030063420534134,0.02091679722070694,0.017990022897720337,0.02107083797454834
A1_G,57,bracket_brown/test/parts_mismatch/014.png,1,boundary,32x32,6,6,0.023528963327407837,0.009827733039855957,0.013279303908348083,0.01774570345878601,0.028585322201251984,0.04743953049182892,0.008748918771743774,0.05294442176818848
A1_G,58,bracket_brown/test/parts_mismatch/015.png,1,abnormal_normal,32x32,8,1014,0.00925841668888897,0.00026673823595047,0.002555452287197113,0.006245136260986328,0.01276872307062149,0.028473632037639595,0.0,0.08337342739105225
A1_G,58,bracket_brown/test/parts_mismatch/015.png,1,defect,32x32,8,10,0.016736242175102233,0.008414208889007568,0.013603299856185913,0.016213268041610718,0.021157294511795044,0.02382126003503799,0.005144864320755005,0.02578875422477722
A1_G,58,bracket_brown/test/parts_mismatch/015.png,1,clean_defect,32x32,8,2,0.013262972235679626,0.005956675112247467,0.009203918278217316,0.013262972235679626,0.017322026193141937,0.020569269359111787,0.005144864320755005,0.021381080150604248
A1_G,58,bracket_brown/test/parts_mismatch/015.png,1,boundary,32x32,8,8,0.017604559659957886,0.012634848058223725,0.01470533013343811,0.016213268041610718,0.020718589425086975,0.024258480966091154,0.012410074472427368,0.02578875422477722
A1_G,59,bracket_brown/test/parts_mismatch/016.png,1,abnormal_normal,32x32,11,1012,0.00927987691795402,0.0,0.002090759575366974,0.005829870700836182,0.012760572135448456,0.029116272926330563,0.0,0.07126975059509277
A1_G,59,bracket_brown/test/parts_mismatch/016.png,1,defect,32x32,11,12,0.011549554765224457,0.0028710737824440002,0.00494210422039032,0.01013500988483429,0.016700953245162964,0.023790317773818966,0.002381056547164917,0.028595715761184692
A1_G,59,bracket_brown/test/parts_mismatch/016.png,1,clean_defect,32x32,11,1,0.019858628511428833,0.019858628511428833,0.019858628511428833,0.019858628511428833,0.019858628511428833,0.019858628511428833,0.019858628511428833,0.019858628511428833
A1_G,59,bracket_brown/test/parts_mismatch/016.png,1,boundary,32x32,11,11,0.010794184424660423,0.0028265267610549927,0.00483211874961853,0.008077561855316162,0.015289798378944397,0.022701486945152283,0.002381056547164917,0.028595715761184692
A1_G,60,bracket_brown/test/parts_mismatch/017.png,1,abnormal_normal,32x32,7,1015,0.009031525591911354,0.0,0.002074018120765686,0.005683630704879761,0.012716978788375854,0.029908746480941772,0.0,0.0660916268825531
A1_G,60,bracket_brown/test/parts_mismatch/017.png,1,defect,32x32,7,9,0.0103566845258077,0.00027589797973632814,0.0032128989696502686,0.01011955738067627,0.013675600290298462,0.024267512559890743,0.0,0.030967742204666138
A1_G,60,bracket_brown/test/parts_mismatch/017.png,1,clean_defect,32x32,7,2,0.011158064007759094,0.008892281353473664,0.00989929586648941,0.011158064007759094,0.012416832149028778,0.013423846662044525,0.008640527725219727,0.013675600290298462
A1_G,60,bracket_brown/test/parts_mismatch/017.png,1,boundary,32x32,7,7,0.010127718959535872,0.00020692348480224612,0.0019513219594955444,0.01011955738067627,0.012952044606208801,0.025942569971084583,0.0,0.030967742204666138
A1_G,61,bracket_brown/test/parts_mismatch/018.png,1,abnormal_normal,32x32,12,1011,0.00866603983969646,0.0,0.0021239817142486572,0.0055946409702301025,0.011748701333999634,0.02598540484905243,0.0,0.1190636157989502
A1_G,61,bracket_brown/test/parts_mismatch/018.png,1,defect,32x32,12,13,0.010192015996346107,0.0,0.0006600618362426758,0.00438845157623291,0.01292005181312561,0.03415039181709289,0.0,0.0380670428276062
A1_G,61,bracket_brown/test/parts_mismatch/018.png,1,clean_defect,32x32,12,1,0.0,0.0,0.0,0.0,0.0,0.0,0.0,0.0
A1_G,61,bracket_brown/test/parts_mismatch/018.png,1,boundary,32x32,12,12,0.011041350662708282,0.00026047378778457645,0.000896453857421875,0.005488947033882141,0.016136780381202698,0.03447677940130233,0.0,0.0380670428276062
A1_G,62,bracket_brown/test/parts_mismatch/019.png,1,abnormal_normal,32x32,9,1013,0.00875043339461,2.2333860397338873e-05,0.0019444525241851807,0.005656003952026367,0.012330621480941772,0.02655866146087646,0.0,0.07071340084075928
A1_G,62,bracket_brown/test/parts_mismatch/019.png,1,defect,32x32,9,11,0.019415692849592728,0.0,0.010883435606956482,0.013342142105102539,0.027723297476768494,0.04438170790672302,0.0,0.05600738525390625
A1_G,62,bracket_brown/test/parts_mismatch/019.png,1,clean_defect,32x32,9,2,0.016378015279769897,0.0016378015279769897,0.008189007639884949,0.016378015279769897,0.024567022919654846,0.031118229031562805,0.0,0.032756030559539795
A1_G,62,bracket_brown/test/parts_mismatch/019.png,1,boundary,32x32,9,9,0.02009073230955336,0.0037105679512023926,0.012490451335906982,0.013342142105102539,0.02597692608833313,0.04539229869842529,0.0,0.05600738525390625
A1_G,63,bracket_brown/test/parts_mismatch/020.png,1,abnormal_normal,32x32,10,1012,0.008292467550562304,0.0,0.0016234219074249268,0.0053360313177108765,0.011415183544158936,0.02666342407464979,0.0,0.07810690999031067
A1_G,63,bracket_brown/test/parts_mismatch/020.png,1,defect,32x32,10,12,0.012416424850622812,6.179511547088623e-05,0.0012129992246627808,0.010024935007095337,0.02106183022260666,0.03036021590232849,0.0,0.0324360728263855
A1_G,63,bracket_brown/test/parts_mismatch/020.png,1,clean_defect,32x32,10,2,0.014602795243263245,0.0028389617800712585,0.008067332208156586,0.014602795243263245,0.021138258278369904,0.02636662870645523,0.0015318691730499268,0.027673721313476562
A1_G,63,bracket_brown/test/parts_mismatch/020.png,1,boundary,32x32,10,10,0.011979150772094726,5.05596399307251e-05,0.0014202520251274109,0.010024935007095337,0.01776973158121109,0.030737644433975215,0.0,0.0324360728263855
A1_G,64,bracket_brown/test/parts_mismatch/021.png,1,abnormal_normal,32x32,10,1013,0.009461348995875276,0.00021265745162963868,0.00262606143951416,0.00606265664100647,0.012602001428604126,0.0285723865032196,0.0,0.08298790454864502
A1_G,64,bracket_brown/test/parts_mismatch/021.png,1,defect,32x32,10,11,0.014390807260166515,0.001242414116859436,0.005329936742782593,0.01286044716835022,0.021919935941696167,0.031600773334503174,0.0,0.034871041774749756
A1_G,64,bracket_brown/test/parts_mismatch/021.png,1,clean_defect,32x32,10,1,0.034871041774749756,0.034871041774749756,0.034871041774749756,0.034871041774749756,0.034871041774749756,0.034871041774749756,0.034871041774749756,0.034871041774749756
A1_G,64,bracket_brown/test/parts_mismatch/021.png,1,boundary,32x32,10,10,0.01234278380870819,0.0011181727051734925,0.003972873091697693,0.010530710220336914,0.019283518195152283,0.026297309994697565,0.0,0.028330504894256592
A1_G,65,bracket_brown/test/parts_mismatch/022.png,1,abnormal_normal,32x32,11,1013,0.008530882274527894,0.0,0.0018788576126098633,0.005760908126831055,0.011631011962890625,0.02728201150894165,0.0,0.06851118803024292
A1_G,65,bracket_brown/test/parts_mismatch/022.png,1,defect,32x32,11,11,0.018687893043864857,0.0007775425910949707,0.0019315332174301147,0.003545314073562622,0.014271572232246399,0.08044128119945526,0.0,0.13681262731552124
A1_G,65,bracket_brown/test/parts_mismatch/022.png,1,clean_defect,32x32,11,0,,,,,,,,
A1_G,65,bracket_brown/test/parts_mismatch/022.png,1,boundary,32x32,11,11,0.018687893043864857,0.0007775425910949707,0.0019315332174301147,0.003545314073562622,0.014271572232246399,0.08044128119945526,0.0,0.13681262731552124
A1_G,66,bracket_brown/test/parts_mismatch/023.png,1,abnormal_normal,32x32,3,1021,0.009832041737615304,0.000152587890625,0.002503305673599243,0.006080180406570435,0.013114780187606812,0.03287893533706665,0.0,0.07048013806343079
A1_G,66,bracket_brown/test/parts_mismatch/023.png,1,defect,32x32,3,3,0.005900075038274129,0.004696768522262573,0.004806488752365112,0.004943639039993286,0.006515443325042725,0.007772886753082275,0.0046693384647369385,0.008087247610092163
A1_G,66,bracket_brown/test/parts_mismatch/023.png,1,clean_defect,32x32,3,0,,,,,,,,
A1_G,66,bracket_brown/test/parts_mismatch/023.png,1,boundary,32x32,3,3,0.005900075038274129,0.004696768522262573,0.004806488752365112,0.004943639039993286,0.006515443325042725,0.007772886753082275,0.0046693384647369385,0.008087247610092163
A1_G,67,bracket_brown/test/parts_mismatch/024.png,1,abnormal_normal,32x32,5,1019,0.009458293653914925,0.00015943944454193117,0.00251200795173645,0.006616264581680298,0.013111993670463562,0.02909786999225616,0.0,0.06787222623825073
A1_G,67,bracket_brown/test/parts_mismatch/024.png,1,defect,32x32,5,5,0.006229543685913086,0.0019293367862701417,0.0022528469562530518,0.005608707666397095,0.00986945629119873,0.011228489875793456,0.001848459243774414,0.011568248271942139
A1_G,67,bracket_brown/test/parts_mismatch/024.png,1,clean_defect,32x32,5,0,,,,,,,,
A1_G,67,bracket_brown/test/parts_mismatch/024.png,1,boundary,32x32,5,5,0.006229543685913086,0.0019293367862701417,0.0022528469562530518,0.005608707666397095,0.00986945629119873,0.011228489875793456,0.001848459243774414,0.011568248271942139
A1_G,68,bracket_brown/test/parts_mismatch/025.png,1,abnormal_normal,32x32,4,1020,0.008774826456518734,0.0,0.0018398836255073547,0.005524575710296631,0.011958472430706024,0.028150047361850738,0.0,0.07536721229553223
A1_G,68,bracket_brown/test/parts_mismatch/025.png,1,defect,32x32,4,4,0.008100591599941254,0.002480044960975647,0.006263568997383118,0.007952317595481873,0.009789340198040009,0.013928721845149991,0.0015341639518737793,0.01496356725692749
A1_G,68,bracket_brown/test/parts_mismatch/025.png,1,clean_defect,32x32,4,0,,,,,,,,
A1_G,68,bracket_brown/test/parts_mismatch/025.png,1,boundary,32x32,4,4,0.008100591599941254,0.002480044960975647,0.006263568997383118,0.007952317595481873,0.009789340198040009,0.013928721845149991,0.0015341639518737793,0.01496356725692749
A1_G,69,bracket_brown/test/parts_mismatch/026.png,1,abnormal_normal,32x32,10,1014,0.009527391906555823,0.0001632168889045716,0.00222005695104599,0.006627991795539856,0.012964911758899689,0.02872220724821089,0.0,0.08847710490226746
A1_G,69,bracket_brown/test/parts_mismatch/026.png,1,defect,32x32,10,10,0.018533754348754882,0.007341369986534119,0.009409137070178986,0.013780668377876282,0.025616422295570374,0.03790987730026245,0.0070078372955322266,0.038286030292510986
A1_G,69,bracket_brown/test/parts_mismatch/026.png,1,clean_defect,32x32,10,0,,,,,,,,
A1_G,69,bracket_brown/test/parts_mismatch/026.png,1,boundary,32x32,10,10,0.018533754348754882,0.007341369986534119,0.009409137070178986,0.013780668377876282,0.025616422295570374,0.03790987730026245,0.0070078372955322266,0.038286030292510986
A1_G,70,bracket_brown/test/parts_mismatch/027.png,1,abnormal_normal,32x32,8,1015,0.009196826066876867,0.0,0.0019502639770507812,0.006097704172134399,0.013463065028190613,0.02920135557651518,0.0,0.07259956002235413
A1_G,70,bracket_brown/test/parts_mismatch/027.png,1,defect,32x32,8,9,0.010650873184204102,0.0,0.0,0.006181895732879639,0.015160918235778809,0.03160626292228698,0.0,0.042180925607681274
A1_G,70,bracket_brown/test/parts_mismatch/027.png,1,clean_defect,32x32,8,1,0.0,0.0,0.0,0.0,0.0,0.0,0.0,0.0
A1_G,70,bracket_brown/test/parts_mismatch/027.png,1,boundary,32x32,8,8,0.011982232332229614,0.0,0.002574138343334198,0.009669780731201172,0.015306755900382996,0.03292809575796126,0.0,0.042180925607681274
A1_G,71,bracket_brown/test/parts_mismatch/028.png,1,abnormal_normal,32x32,7,1016,0.008466066719274822,0.0,0.0019352659583091736,0.005457773804664612,0.011923708021640778,0.027012676000595093,0.0,0.06814900040626526
A1_G,71,bracket_brown/test/parts_mismatch/028.png,1,defect,32x32,7,8,0.013279128819704056,0.0006849467754364014,0.003476262092590332,0.012853831052780151,0.018960215151309967,0.029794992506504057,0.000570833683013916,0.030706405639648438
A1_G,71,bracket_brown/test/parts_mismatch/028.png,1,clean_defect,32x32,7,1,0.030706405639648438,0.030706405639648438,0.030706405639648438,0.030706405639648438,0.030706405639648438,0.030706405639648438,0.030706405639648438,0.030706405639648438
A1_G,71,bracket_brown/test/parts_mismatch/028.png,1,boundary,32x32,7,7,0.010789517845426286,0.000668644905090332,0.0026164650917053223,0.011112391948699951,0.015254050493240356,0.02444550693035125,0.000570833683013916,0.028102368116378784
A1_G,72,bracket_brown/test/parts_mismatch/029.png,1,abnormal_normal,32x32,5,1019,0.009029811100122154,0.0,0.0019947290420532227,0.005970120429992676,0.012832626700401306,0.02791207134723662,0.0,0.10122090578079224
A1_G,72,bracket_brown/test/parts_mismatch/029.png,1,defect,32x32,5,5,0.011711889505386352,0.00015828609466552737,0.0007914304733276367,0.012869477272033691,0.014087885618209839,0.02746610045433044,0.0,0.030810654163360596
A1_G,72,bracket_brown/test/parts_mismatch/029.png,1,clean_defect,32x32,5,0,,,,,,,,
A1_G,72,bracket_brown/test/parts_mismatch/029.png,1,boundary,32x32,5,5,0.011711889505386352,0.00015828609466552737,0.0007914304733276367,0.012869477272033691,0.014087885618209839,0.02746610045433044,0.0,0.030810654163360596
A1_G,73,bracket_brown/test/parts_mismatch/030.png,1,abnormal_normal,32x32,7,1017,0.009759288328821563,0.0,0.0021801888942718506,0.006405681371688843,0.013639837503433228,0.032849657535552974,0.0,0.07200321555137634
A1_G,73,bracket_brown/test/parts_mismatch/030.png,1,defect,32x32,7,7,0.006408917052405221,0.0,0.0014416277408599854,0.0074615478515625,0.010241568088531494,0.01292064785957336,0.0,0.014034479856491089
A1_G,73,bracket_brown/test/parts_mismatch/030.png,1,clean_defect,32x32,7,0,,,,,,,,
A1_G,73,bracket_brown/test/parts_mismatch/030.png,1,boundary,32x32,7,7,0.006408917052405221,0.0,0.0014416277408599854,0.0074615478515625,0.010241568088531494,0.01292064785957336,0.0,0.014034479856491089
A1_G,74,bracket_brown/test/parts_mismatch/031.png,1,abnormal_normal,32x32,7,1014,0.010321710236679167,0.00027449727058410646,0.0026609301567077637,0.007263839244842529,0.01407904177904129,0.032163557410240164,0.0,0.07501304149627686
A1_G,74,bracket_brown/test/parts_mismatch/031.png,1,defect,32x32,7,10,0.007509836554527282,0.0007627665996551514,0.004664473235607147,0.007516622543334961,0.010259874165058136,0.013755281269550317,0.0,0.016465425491333008
A1_G,74,bracket_brown/test/parts_mismatch/031.png,1,clean_defect,32x32,7,3,0.003978153069814046,0.00016950368881225587,0.0008475184440612793,0.0016950368881225586,0.005967229604721069,0.009384983777999878,0.0,0.01023942232131958
A1_G,74,bracket_brown/test/parts_mismatch/031.png,1,boundary,32x32,7,7,0.009023415190832955,0.004827144742012024,0.007117435336112976,0.007902920246124268,0.010354787111282349,0.014658662676811214,0.0038511157035827637,0.016465425491333008
A1_G,75,bracket_brown/test/parts_mismatch/032.png,1,abnormal_normal,32x32,8,1014,0.010188462201660201,0.0,0.0022905319929122925,0.006150603294372559,0.014030985534191132,0.033877241611480695,0.0,0.08894842863082886
A1_G,75,bracket_brown/test/parts_mismatch/032.png,1,defect,32x32,8,10,0.01654086112976074,0.0002635002136230469,0.0038655921816825867,0.012418046593666077,0.022460229694843292,0.04654316455125805,0.0,0.06011432409286499
A1_G,75,bracket_brown/test/parts_mismatch/032.png,1,clean_defect,32x32,8,2,0.015498936176300049,0.007259431481361389,0.010921433568000793,0.015498936176300049,0.020076438784599304,0.02373844087123871,0.006343930959701538,0.02465394139289856
A1_G,75,bracket_brown/test/parts_mismatch/032.png,1,boundary,32x32,8,8,0.016801342368125916,0.00020494461059570316,0.0024259984493255615,0.012418046593666077,0.019398368895053864,0.04955897778272627,0.0,0.06011432409286499
A1_G,76,bracket_brown/test/parts_mismatch/033.png,1,abnormal_normal,32x32,8,1014,0.009290060788922055,3.8166344165802086e-05,0.002082906663417816,0.005884513258934021,0.013156309723854065,0.030142642557620978,0.0,0.08840125799179077
A1_G,76,bracket_brown/test/parts_mismatch/033.png,1,defect,32x32,8,10,0.011522859334945679,0.0005827516317367554,0.004417777061462402,0.01000376045703888,0.02011828124523163,0.024044679105281828,0.00015598535537719727,0.024670183658599854
A1_G,76,bracket_brown/test/parts_mismatch/033.png,1,clean_defect,32x32,8,2,0.01093931496143341,0.007066111266613007,0.00878753513097763,0.01093931496143341,0.01309109479188919,0.014812518656253814,0.006635755300521851,0.01524287462234497
A1_G,76,bracket_brown/test/parts_mismatch/033.png,1,boundary,32x32,8,8,0.011668745428323746,0.00048791468143463137,0.003518722951412201,0.009036168456077576,0.022127605974674225,0.02418368011713028,0.00015598535537719727,0.024670183658599854
DUP_G,0,bracket_brown/test/bend_and_parts_mismatch/000.png,1,abnormal_normal,32x32,19,990,0.008014607694319853,7.82236456871033e-06,0.0016134697943925858,0.004642855376005173,0.011070668697357178,0.026985068246722217,0.0,0.06773905456066132
DUP_G,0,bracket_brown/test/bend_and_parts_mismatch/000.png,1,defect,32x32,19,34,0.010655377279309666,0.0,0.0021700412034988403,0.0056803226470947266,0.013703301548957825,0.04150426685810088,0.0,0.047967664897441864
DUP_G,0,bracket_brown/test/bend_and_parts_mismatch/000.png,1,clean_defect,32x32,19,15,0.011440722147623698,0.0,0.003692030906677246,0.006095528602600098,0.01846509426832199,0.032228420674800855,0.0,0.04485855996608734
DUP_G,0,bracket_brown/test/bend_and_parts_mismatch/000.png,1,boundary,32x32,19,19,0.010035368172745956,0.0,0.0018368437886238098,0.004095330834388733,0.01236547902226448,0.040525064617395384,0.0,0.047967664897441864
DUP_G,1,bracket_brown/test/bend_and_parts_mismatch/001.png,1,abnormal_normal,32x32,15,994,0.007885903566494825,4.692748188972508e-06,0.0016920305788516998,0.004683563485741615,0.010616949759423733,0.025263285823166358,0.0,0.06529831886291504
DUP_G,1,bracket_brown/test/bend_and_parts_mismatch/001.png,1,defect,32x32,15,30,0.01136747325460116,0.00010054260492324833,0.0023286528885364532,0.005689613521099091,0.013768915086984634,0.047280237451195715,0.0,0.06463998556137085
DUP_G,1,bracket_brown/test/bend_and_parts_mismatch/001.png,1,clean_defect,32x32,15,15,0.007852891087532043,0.0,0.0006530024111270905,0.0037615597248077393,0.010164082050323486,0.02406590506434437,0.0,0.04792293161153793
DUP_G,1,bracket_brown/test/bend_and_parts_mismatch/001.png,1,boundary,32x32,15,15,0.014882055421670278,0.0005579441785812378,0.005077637732028961,0.010321930050849915,0.01584596186876297,0.05193830132484434,0.00022342801094055176,0.06463998556137085
DUP_G,2,bracket_brown/test/bend_and_parts_mismatch/002.png,1,abnormal_normal,32x32,12,996,0.007755880129063524,8.853152394294739e-05,0.0014866162091493607,0.004768310114741325,0.010772504843771458,0.025310305878520012,0.0,0.07350895553827286
DUP_G,2,bracket_brown/test/bend_and_parts_mismatch/002.png,1,defect,32x32,12,28,0.011699566351515906,0.00023116767406463628,0.0027790367603302,0.005729645490646362,0.011379003524780273,0.04812836647033691,0.0,0.0793720930814743
DUP_G,2,bracket_brown/test/bend_and_parts_mismatch/002.png,1,clean_defect,32x32,12,16,0.006118863821029663,0.0,0.0029339566826820374,0.00485064834356308,0.007855162024497986,0.015427496284246445,0.0,0.01802370697259903
DUP_G,2,bracket_brown/test/bend_and_parts_mismatch/002.png,1,boundary,32x32,12,12,0.019140503058830898,0.0012552119791507722,0.002305906265974045,0.008221756666898727,0.02360224723815918,0.06318610012531278,0.0006604790687561035,0.0793720930814743
DUP_G,3,bracket_brown/test/bend_and_parts_mismatch/003.png,1,abnormal_normal,32x32,10,997,0.008841429127113092,7.07775354385376e-05,0.0017613954842090607,0.005194026976823807,0.01199352741241455,0.027594649791717527,0.0,0.08865222334861755
DUP_G,3,bracket_brown/test/bend_and_parts_mismatch/003.png,1,defect,32x32,10,27,0.010648538255029254,0.0,0.001971334218978882,0.008217796683311462,0.018526248633861542,0.028263340890407558,0.0,0.034917548298835754
DUP_G,3,bracket_brown/test/bend_and_parts_mismatch/003.png,1,clean_defect,32x32,10,17,0.007129071389927584,0.0,0.0,0.005335375666618347,0.008938081562519073,0.020878955721855164,0.0,0.022536084055900574
DUP_G,3,bracket_brown/test/bend_and_parts_mismatch/003.png,1,boundary,32x32,10,10,0.016631631925702096,0.0014816254377365112,0.008961119689047337,0.016729123890399933,0.022336747497320175,0.03302769735455512,0.0,0.034917548298835754
DUP_G,4,bracket_brown/test/bend_and_parts_mismatch/004.png,1,abnormal_normal,32x32,14,990,0.007960120762105692,0.0,0.0014191791415214539,0.004401126876473427,0.011382161639630795,0.02725307978689667,0.0,0.07421791553497314
DUP_G,4,bracket_brown/test/bend_and_parts_mismatch/004.png,1,defect,32x32,14,34,0.008469207321896273,0.0,0.003658713772892952,0.005269698798656464,0.014128899201750755,0.0211170993745327,0.0,0.02600446343421936
DUP_G,4,bracket_brown/test/bend_and_parts_mismatch/004.png,1,clean_defect,32x32,14,20,0.007428284734487534,0.0,0.0025041699409484863,0.004851989448070526,0.009393131360411644,0.020993659645318984,0.0,0.021384552121162415
DUP_G,4,bracket_brown/test/bend_and_parts_mismatch/004.png,1,boundary,32x32,14,14,0.009956239589623042,0.002368723973631859,0.0045647211372852325,0.006299834698438644,0.014128899201750755,0.02197754792869091,0.0,0.02600446343421936
DUP_G,5,bracket_brown/test/bend_and_parts_mismatch/005.png,1,abnormal_normal,32x32,20,985,0.008577830313709636,3.085881471633917e-05,0.001668095588684082,0.005150914192199707,0.011733375489711761,0.029056958854198442,0.0,0.09241896867752075
DUP_G,5,bracket_brown/test/bend_and_parts_mismatch/005.png,1,defect,32x32,20,39,0.0120101565351853,0.0012819059193134308,0.004516825079917908,0.008436955511569977,0.015163376927375793,0.03415256291627884,0.0003216266632080078,0.04826338589191437
DUP_G,5,bracket_brown/test/bend_and_parts_mismatch/005.png,1,clean_defect,32x32,20,19,0.009004537212221246,0.0011179544031620025,0.004516825079917908,0.0077015310525894165,0.009681761264801025,0.02361526340246198,0.0003216266632080078,0.033737316727638245
DUP_G,5,bracket_brown/test/bend_and_parts_mismatch/005.png,1,boundary,32x32,20,20,0.014865494892001152,0.002312234789133072,0.004892371594905853,0.012128874659538269,0.018072130158543587,0.03565256297588349,0.0012902915477752686,0.04826338589191437
DUP_G,6,bracket_brown/test/bend_and_parts_mismatch/006.png,1,abnormal_normal,32x32,13,994,0.00839450891491333,8.152630180120469e-05,0.001677708700299263,0.0049615781754255295,0.011405105236917734,0.028222042694687803,0.0,0.06996705383062363
DUP_G,6,bracket_brown/test/bend_and_parts_mismatch/006.png,1,defect,32x32,13,30,0.008484368026256562,0.0,0.003444196656346321,0.007564254105091095,0.011259086430072784,0.021477762609720227,0.0,0.024168401956558228
DUP_G,6,bracket_brown/test/bend_and_parts_mismatch/006.png,1,clean_defect,32x32,13,17,0.008700639886014602,0.0,0.005188904702663422,0.008031651377677917,0.010932773351669312,0.021507400274276733,0.0,0.024168401956558228
DUP_G,6,bracket_brown/test/bend_and_parts_mismatch/006.png,1,boundary,32x32,13,13,0.008201550978880662,0.001118007302284241,0.00337393581867218,0.0070968568325042725,0.01128077507019043,0.019233900308609,0.0,0.021997809410095215
DUP_G,7,bracket_brown/test/bend_and_parts_mismatch/007.png,1,abnormal_normal,32x32,18,989,0.007825803425053795,0.00015476644039154057,0.0016489401459693909,0.004816733300685883,0.010422725230455399,0.025602491199970212,0.0,0.10510853677988052
DUP_G,7,bracket_brown/test/bend_and_parts_mismatch/007.png,1,defect,32x32,18,35,0.008725621977022716,0.0001825809478759766,0.003279130905866623,0.0058342814445495605,0.014100737869739532,0.021684139966964718,0.0,0.029087334871292114
DUP_G,7,bracket_brown/test/bend_and_parts_mismatch/007.png,1,clean_defect,32x32,18,17,0.006321127581245759,0.0002086639404296875,0.0032718777656555176,0.005323827266693115,0.00854169949889183,0.014741158485412596,0.0,0.0166969895362854
DUP_G,7,bracket_brown/test/bend_and_parts_mismatch/007.png,1,boundary,32x32,18,18,0.010996533350812064,0.0013536393642425539,0.0048572830855846405,0.008717812597751617,0.01770131289958954,0.023334570229053487,0.0,0.029087334871292114
DUP_G,8,bracket_brown/test/bend_and_parts_mismatch/008.png,1,abnormal_normal,32x32,25,982,0.008307570901219478,0.0003185801208019257,0.001912659965455532,0.005203217267990112,0.01154635101556778,0.02713762614876029,0.0,0.06457193940877914
DUP_G,8,bracket_brown/test/bend_and_parts_mismatch/008.png,1,defect,32x32,25,42,0.012734137741582734,0.0014512903988361363,0.0046953363344073296,0.011280346661806107,0.016487818211317062,0.02995110154151916,0.0,0.06328912824392319
DUP_G,8,bracket_brown/test/bend_and_parts_mismatch/008.png,1,clean_defect,32x32,25,17,0.013719857615583083,0.0023548901081085205,0.004326358437538147,0.011703215539455414,0.014228388667106628,0.03760930150747297,0.0,0.06328912824392319
DUP_G,8,bracket_brown/test/bend_and_parts_mismatch/008.png,1,boundary,32x32,25,25,0.012063848227262497,0.0016419708728790286,0.004702553153038025,0.009009718894958496,0.017302319407463074,0.028065522015094747,0.0010996237397193909,0.030020833015441895
DUP_G,9,bracket_brown/test/bend_and_parts_mismatch/009.png,1,abnormal_normal,32x32,19,993,0.008040610517019712,0.000322481244802475,0.001804150640964508,0.004970669746398926,0.011087775230407715,0.026348318159580223,0.0,0.061932846903800964
DUP_G,9,bracket_brown/test/bend_and_parts_mismatch/009.png,1,defect,32x32,19,31,0.008995837982623808,0.0003059506416320801,0.002320360392332077,0.006474778056144714,0.012744300067424774,0.0228000208735466,0.0,0.04278586804866791
DUP_G,9,bracket_brown/test/bend_and_parts_mismatch/009.png,1,clean_defect,32x32,19,12,0.004713411753376325,0.0,0.001165967434644699,0.003888547420501709,0.008472481742501259,0.010374896973371505,0.0,0.011746510863304138
DUP_G,9,bracket_brown/test/bend_and_parts_mismatch/009.png,1,boundary,32x32,19,19,0.01170052823267485,0.0010078445076942444,0.0036722570657730103,0.0066280364990234375,0.01923748478293419,0.025136463344097096,0.0009538382291793823,0.04278586804866791
DUP_G,10,bracket_brown/test/bend_and_parts_mismatch/010.png,1,abnormal_normal,32x32,14,992,0.008081570881674247,0.00014643967151641853,0.0019189519807696342,0.0049118772149086,0.01057817181572318,0.02685652896761889,0.0,0.07605468481779099
DUP_G,10,bracket_brown/test/bend_and_parts_mismatch/010.png,1,defect,32x32,14,32,0.010908085270784795,0.0,0.0026119574904441833,0.007524173706769943,0.014330139383673668,0.04111711233854292,0.0,0.05603870749473572
DUP_G,10,bracket_brown/test/bend_and_parts_mismatch/010.png,1,clean_defect,32x32,14,18,0.012845228943559859,0.0,0.004097983241081238,0.008114323019981384,0.014667555689811707,0.03323813229799267,0.0,0.05603870749473572
DUP_G,10,bracket_brown/test/bend_and_parts_mismatch/010.png,1,boundary,32x32,14,14,0.008417471977216857,0.0,0.00030449777841567993,0.004875075072050095,0.00954483076930046,0.02787735387682913,0.0,0.05566474795341492
DUP_G,11,bracket_brown/test/bend_and_parts_mismatch/011.png,1,abnormal_normal,32x32,19,991,0.007231084395887933,0.0,0.0014735274016857147,0.004229189828038216,0.009471535682678223,0.024362760595977306,0.0,0.06569155305624008
DUP_G,11,bracket_brown/test/bend_and_parts_mismatch/011.png,1,defect,32x32,19,33,0.009749548114610441,7.676035165786745e-05,0.0031766295433044434,0.005153335630893707,0.009481295943260193,0.04159263670444488,0.0,0.05928339809179306
DUP_G,11,bracket_brown/test/bend_and_parts_mismatch/011.png,1,clean_defect,32x32,19,14,0.011462453752756119,0.0001778203994035721,0.002712428569793701,0.00552763044834137,0.009004469960927963,0.04659994095563888,0.00012793391942977905,0.05928339809179306
DUP_G,11,bracket_brown/test/bend_and_parts_mismatch/011.png,1,boundary,32x32,19,19,0.008487407118082047,0.0,0.0032132193446159363,0.005153335630893707,0.009876027703285217,0.023721512779593418,0.0,0.04432601109147072
DUP_G,12,bracket_brown/test/bend_and_parts_mismatch/012.png,1,abnormal_normal,32x32,18,992,0.00764462846564129,4.981216043233873e-05,0.0013642888516187668,0.003875862807035446,0.01009351760149002,0.027345435693860047,0.0,0.084627166390419
DUP_G,12,bracket_brown/test/bend_and_parts_mismatch/012.png,1,defect,32x32,18,32,0.007351134205237031,0.0,0.0021305521950125694,0.006001116707921028,0.009621907025575638,0.018651751056313514,0.0,0.03402911126613617
DUP_G,12,bracket_brown/test/bend_and_parts_mismatch/012.png,1,clean_defect,32x32,18,14,0.009101159604532378,0.0011166725307703018,0.0038927681744098663,0.008273780345916748,0.009625252336263657,0.022962395474314685,0.000354766845703125,0.03402911126613617
DUP_G,12,bracket_brown/test/bend_and_parts_mismatch/012.png,1,boundary,32x32,18,18,0.005990003339118428,0.0,0.0011341366916894913,0.003715984523296356,0.008313293568789959,0.018273745104670523,0.0,0.019344761967658997
DUP_G,13,bracket_brown/test/bend_and_parts_mismatch/013.png,1,abnormal_normal,32x32,14,994,0.0073710653871874995,5.332268774509431e-05,0.0012241732329130173,0.004165690392255783,0.009930881671607494,0.025081411190330978,0.0,0.0613272599875927
DUP_G,13,bracket_brown/test/bend_and_parts_mismatch/013.png,1,defect,32x32,14,30,0.010421700651446979,0.0,0.0031311074271798134,0.007315643131732941,0.012504126876592636,0.029758190363645527,0.0,0.04931378364562988
DUP_G,13,bracket_brown/test/bend_and_parts_mismatch/013.png,1,clean_defect,32x32,14,16,0.010594211518764496,0.0,0.0024203676730394363,0.006974145770072937,0.013893358409404755,0.030882973223924637,0.0,0.04931378364562988
DUP_G,13,bracket_brown/test/bend_and_parts_mismatch/013.png,1,boundary,32x32,14,14,0.010224545374512672,0.0004369582980871201,0.004998078569769859,0.008928287774324417,0.011206602677702904,0.024283184856176372,0.0,0.033864498138427734
DUP_G,14,bracket_brown/test/bend_and_parts_mismatch/014.png,1,abnormal_normal,32x32,23,983,0.007531961529171767,0.0,0.0014171488583087921,0.00434035062789917,0.009770434349775314,0.025505764409899694,0.0,0.0929245576262474
DUP_G,14,bracket_brown/test/bend_and_parts_mismatch/014.png,1,defect,32x32,23,41,0.0073952845683911955,0.0,0.002219170331954956,0.005159653723239899,0.011899873614311218,0.018544241786003113,0.0,0.032304055988788605
DUP_G,14,bracket_brown/test/bend_and_parts_mismatch/014.png,1,clean_defect,32x32,23,18,0.007636402009261979,0.0,0.003466891124844551,0.005722492933273315,0.012086890637874603,0.01654699612408876,0.0,0.018544241786003113
DUP_G,14,bracket_brown/test/bend_and_parts_mismatch/014.png,1,boundary,32x32,23,23,0.007206583962492321,0.0,0.0013591796159744263,0.0034285932779312134,0.011504698544740677,0.02166437655687331,0.0,0.032304055988788605
DUP_G,15,bracket_brown/test/bend_and_parts_mismatch/015.png,1,abnormal_normal,32x32,17,990,0.007383308097992958,0.0,0.0014280099421739578,0.00427357479929924,0.00995250977575779,0.02518747635185718,0.0,0.09470562636852264
DUP_G,15,bracket_brown/test/bend_and_parts_mismatch/015.png,1,defect,32x32,17,34,0.009227563353145824,0.0,0.0028713904321193695,0.006340384483337402,0.010966485366225243,0.03006241694092747,0.0,0.042261213064193726
DUP_G,15,bracket_brown/test/bend_and_parts_mismatch/015.png,1,clean_defect,32x32,17,17,0.006108434761271757,0.0,0.0024909228086471558,0.005068480968475342,0.008879102766513824,0.015071597695350644,0.0,0.018309667706489563
DUP_G,15,bracket_brown/test/bend_and_parts_mismatch/015.png,1,boundary,32x32,17,17,0.01234669194501989,0.0006273746490478516,0.004389487206935883,0.007624350488185883,0.016603097319602966,0.041128844022750854,0.0,0.042261213064193726
DUP_G,16,bracket_brown/test/bend_and_parts_mismatch/016.png,1,abnormal_normal,32x32,15,995,0.007639264933596454,0.0,0.0015660226345062256,0.004511576145887375,0.00999152846634388,0.02565588653087615,0.0,0.0933680534362793
DUP_G,16,bracket_brown/test/bend_and_parts_mismatch/016.png,1,defect,32x32,15,29,0.009667996702523067,0.001062406599521637,0.004674859344959259,0.006948232650756836,0.01443307101726532,0.024091514945030198,0.0007141828536987305,0.03265662491321564
DUP_G,16,bracket_brown/test/bend_and_parts_mismatch/016.png,1,clean_defect,32x32,15,14,0.0058186086160796026,0.0008075002580881119,0.003953173756599426,0.004921741783618927,0.008080324158072472,0.012695662677288054,0.0007141828536987305,0.01561465859413147
DUP_G,16,bracket_brown/test/bend_and_parts_mismatch/016.png,1,boundary,32x32,15,15,0.013260758916536967,0.004374042898416519,0.00678209587931633,0.010907649993896484,0.016965165734291077,0.028575131297111506,0.0036721378564834595,0.03265662491321564
DUP_G,17,bracket_brown/test/good/000.png,0,normal_image,32x32,0,1024,0.006409885019820649,0.0,0.0007507642731070518,0.0030781738460063934,0.008528551086783409,0.02412540055811405,0.0,0.07400204241275787
DUP_G,18,bracket_brown/test/good/001.png,0,normal_image,32x32,0,1024,0.007728473125780511,0.0,0.0009804456494748592,0.003910393454134464,0.010329741053283215,0.02630690913647413,0.0,0.0815194845199585
DUP_G,19,bracket_brown/test/good/002.png,0,normal_image,32x32,0,1024,0.007974660834406677,2.8559472411871028e-05,0.001508976798504591,0.004400561563670635,0.010771078057587147,0.02757367268204687,0.0,0.09410785138607025
DUP_G,20,bracket_brown/test/good/003.png,0,normal_image,32x32,0,1024,0.009288130110235215,0.000193038396537304,0.0016508297994732857,0.005184324458241463,0.01202227920293808,0.033229866623878467,0.0,0.09042630344629288
DUP_G,21,bracket_brown/test/good/004.png,0,normal_image,32x32,0,1024,0.007161952125443349,0.0,0.0011943081626668572,0.00380027387291193,0.009971348568797112,0.025475055910646915,0.0,0.08655647933483124
DUP_G,22,bracket_brown/test/good/005.png,0,normal_image,32x32,0,1024,0.006984534463072123,0.0,0.0008800532668828964,0.003576776012778282,0.009484728798270226,0.025497249793261283,0.0,0.1052083745598793
DUP_G,23,bracket_brown/test/good/006.png,0,normal_image,32x32,0,1024,0.007089066176376946,0.0,0.0008702147752046585,0.003029685467481613,0.008941181469708681,0.02869911110028622,0.0,0.07951444387435913
DUP_G,24,bracket_brown/test/good/007.png,0,normal_image,32x32,0,1024,0.007614293588176224,0.0,0.0010698437690734863,0.00405131746083498,0.010141668375581503,0.02785293981432913,0.0,0.06241389364004135
DUP_G,25,bracket_brown/test/good/008.png,0,normal_image,32x32,0,1024,0.008139584326045224,0.0,0.0014612236991524696,0.004602154716849327,0.011196485720574856,0.027665200829505906,0.0,0.07959136366844177
DUP_G,26,bracket_brown/test/good/009.png,0,normal_image,32x32,0,1024,0.007779955162732222,0.0,0.0012897457927465439,0.004172761924564838,0.010647750459611416,0.028079759329557395,0.0,0.084378682076931
DUP_G,27,bracket_brown/test/good/010.png,0,normal_image,32x32,0,1024,0.008249414620422613,3.826534375548363e-05,0.0015889517962932587,0.004934269934892654,0.010835360735654831,0.02801196575164795,0.0,0.0856626033782959
DUP_G,28,bracket_brown/test/good/011.png,0,normal_image,32x32,0,1024,0.007142492826460511,0.0,0.0009212018921971321,0.00396748585626483,0.009673037566244602,0.02618845850229261,0.0,0.06575366854667664
DUP_G,29,bracket_brown/test/good/012.png,0,normal_image,32x32,0,1024,0.007965318738115457,0.0,0.0012684110552072525,0.004226088523864746,0.01091308519244194,0.027928123250603662,0.0,0.07586362957954407
DUP_G,30,bracket_brown/test/good/013.png,0,normal_image,32x32,0,1024,0.0070557548840497475,0.0,0.0010134235490113497,0.0034513473510742188,0.009629542473703623,0.026535985339432938,0.0,0.07145562022924423
DUP_G,31,bracket_brown/test/good/014.png,0,normal_image,32x32,0,1024,0.0067287251245033985,0.0,0.0009876508265733719,0.0034797294065356255,0.008678511716425419,0.02297086715698242,0.0,0.07845592498779297
DUP_G,32,bracket_brown/test/good/015.png,0,normal_image,32x32,0,1024,0.0066627948654058855,0.0,0.0007596167270094156,0.0029779281467199326,0.008144589141011238,0.026905037183314544,0.0,0.09673378616571426
DUP_G,33,bracket_brown/test/good/016.png,0,normal_image,32x32,0,1024,0.006385448342371092,0.0,0.0,0.001603493932634592,0.006932061165571213,0.02882735598832368,0.0,0.09850852191448212
DUP_G,34,bracket_brown/test/good/017.png,0,normal_image,32x32,0,1024,0.006565123932887218,0.0,0.0008661540923640132,0.0032448675483465195,0.009623125195503235,0.023721832968294602,0.0,0.06749004125595093
DUP_G,35,bracket_brown/test/good/018.png,0,normal_image,32x32,0,1024,0.006527967383817668,0.0,0.0006518878508359194,0.003343641757965088,0.009102507960051298,0.02278397846966981,0.0,0.08374027907848358
DUP_G,36,bracket_brown/test/good/019.png,0,normal_image,32x32,0,1024,0.0073066806498900405,0.0,0.0012831036001443863,0.004227600060403347,0.010036207735538483,0.025485108606517308,0.0,0.05401582270860672
DUP_G,37,bracket_brown/test/good/020.png,0,normal_image,32x32,0,1024,0.007972559114250544,2.5963224470615478e-05,0.0014894325286149979,0.004628777503967285,0.010695087723433971,0.02682143282145261,0.0,0.11112237721681595
DUP_G,38,bracket_brown/test/good/021.png,0,normal_image,32x32,0,1024,0.007260119991542524,0.0,0.0008573094382882118,0.003539521247148514,0.008971083909273148,0.02814583126455544,0.0,0.08312730491161346
DUP_G,39,bracket_brown/test/good/022.png,0,normal_image,32x32,0,1024,0.006442261998017784,0.0,0.0007756156846880913,0.0029777996242046356,0.008249228354543447,0.025587263051420447,0.0,0.06956644356250763
DUP_G,40,bracket_brown/test/good/023.png,0,normal_image,32x32,0,1024,0.006606519676097378,0.0,0.000988091342151165,0.00368649885058403,0.008760993368923664,0.024284840188920454,0.0,0.06864786148071289
DUP_G,41,bracket_brown/test/good/024.png,0,normal_image,32x32,0,1024,0.00785944618087342,0.0,0.0010807928629219532,0.004061292856931686,0.010746597778052092,0.029843943193554875,0.0,0.0880659818649292
DUP_G,42,bracket_brown/test/good/025.png,0,normal_image,32x32,0,1024,0.0045931461093005055,0.0,0.0,0.0012692511081695557,0.0056043172953650355,0.021428149845451102,0.0,0.06880700588226318
DUP_G,43,bracket_brown/test/parts_mismatch/000.png,1,abnormal_normal,32x32,1,1020,0.0077096172083424876,8.095353841781625e-05,0.0016924291849136353,0.0050154998898506165,0.010560627561062574,0.024259995296597458,0.0,0.0812101736664772
DUP_G,43,bracket_brown/test/parts_mismatch/000.png,1,defect,32x32,1,4,0.009484302252531052,0.005471614748239517,0.006992597132921219,0.009817145764827728,0.012308850884437561,0.013031008839607238,0.005091369152069092,0.013211548328399658
DUP_G,43,bracket_brown/test/parts_mismatch/000.png,1,clean_defect,32x32,1,3,0.008643085757891336,0.005344866216182709,0.0063588544726371765,0.007626339793205261,0.01041894406080246,0.012653027474880217,0.005091369152069092,0.013211548328399658
DUP_G,43,bracket_brown/test/parts_mismatch/000.png,1,boundary,32x32,1,1,0.012007951736450195,0.012007951736450195,0.012007951736450195,0.012007951736450195,0.012007951736450195,0.012007951736450195,0.012007951736450195,0.012007951736450195
DUP_G,44,bracket_brown/test/parts_mismatch/001.png,1,abnormal_normal,32x32,5,1018,0.007696439974533288,6.079673767089854e-07,0.001461552456021309,0.0048932041972875595,0.009680954739451408,0.024470011424273252,0.0,0.08450359106063843
DUP_G,44,bracket_brown/test/parts_mismatch/001.png,1,defect,32x32,5,6,0.02326780805985133,0.0016428492963314056,0.008260153234004974,0.01895064115524292,0.03408043086528778,0.052726149559020996,0.0,0.05788521468639374
DUP_G,44,bracket_brown/test/parts_mismatch/001.png,1,clean_defect,32x32,5,1,0.02457486093044281,0.02457486093044281,0.02457486093044281,0.02457486093044281,0.02457486093044281,0.02457486093044281,0.02457486093044281,0.02457486093044281
DUP_G,44,bracket_brown/test/parts_mismatch/001.png,1,boundary,32x32,5,5,0.02300639748573303,0.0013142794370651246,0.0065713971853256226,0.01332642138004303,0.03724895417690277,0.05375796258449554,0.0,0.05788521468639374
DUP_G,45,bracket_brown/test/parts_mismatch/002.png,1,abnormal_normal,32x32,1,1022,0.007843691213676111,0.0,0.001382078044116497,0.004365395754575729,0.010854681953787804,0.027921531721949566,0.0,0.08033333718776703
DUP_G,45,bracket_brown/test/parts_mismatch/002.png,1,defect,32x32,1,2,0.006286937743425369,0.0024733763188123704,0.004168292507529259,0.006286937743425369,0.00840558297932148,0.010100499168038369,0.002049647271633148,0.01052422821521759
DUP_G,45,bracket_brown/test/parts_mismatch/002.png,1,clean_defect,32x32,1,1,0.01052422821521759,0.01052422821521759,0.01052422821521759,0.01052422821521759,0.01052422821521759,0.01052422821521759,0.01052422821521759,0.01052422821521759
DUP_G,45,bracket_brown/test/parts_mismatch/002.png,1,boundary,32x32,1,1,0.002049647271633148,0.002049647271633148,0.002049647271633148,0.002049647271633148,0.002049647271633148,0.002049647271633148,0.002049647271633148,0.002049647271633148
DUP_G,46,bracket_brown/test/parts_mismatch/003.png,1,abnormal_normal,32x32,4,1020,0.009326150372861794,0.00028483308851718904,0.0018391180783510208,0.0053988974541425705,0.012666858732700348,0.03049593288451433,0.0,0.10007409751415253
DUP_G,46,bracket_brown/test/parts_mismatch/003.png,1,defect,32x32,4,4,0.005479998886585236,0.000226069986820221,0.0011303499341011047,0.005368176847696304,0.009717825800180435,0.010890478640794753,0.0,0.011183641850948334
DUP_G,46,bracket_brown/test/parts_mismatch/003.png,1,clean_defect,32x32,4,0,,,,,,,,
DUP_G,46,bracket_brown/test/parts_mismatch/003.png,1,boundary,32x32,4,4,0.005479998886585236,0.000226069986820221,0.0011303499341011047,0.005368176847696304,0.009717825800180435,0.010890478640794753,0.0,0.011183641850948334
DUP_G,47,bracket_brown/test/parts_mismatch/004.png,1,abnormal_normal,32x32,4,1019,0.008284692214280952,0.0,0.0018087700009346008,0.004944581538438797,0.01127559132874012,0.02801821157336232,0.0,0.07142564654350281
DUP_G,47,bracket_brown/test/parts_mismatch/004.png,1,defect,32x32,4,5,0.014272485673427582,0.00010046958923339845,0.0005023479461669922,0.0031968504190444946,0.032507218420505524,0.034626252949237823,0.0,0.0351560115814209
DUP_G,47,bracket_brown/test/parts_mismatch/004.png,1,clean_defect,32x32,4,1,0.0031968504190444946,0.0031968504190444946,0.0031968504190444946,0.0031968504190444946,0.0031968504190444946,0.0031968504190444946,0.0031968504190444946,0.0031968504190444946
DUP_G,47,bracket_brown/test/parts_mismatch/004.png,1,boundary,32x32,4,4,0.017041394487023354,7.535219192504884e-05,0.00037676095962524414,0.016504783183336258,0.03316941671073437,0.03475869260728359,0.0,0.0351560115814209
DUP_G,48,bracket_brown/test/parts_mismatch/005.png,1,abnormal_normal,32x32,3,1020,0.008579205234955046,0.00020943060517311098,0.0017797411419451237,0.0049360692501068115,0.011396531015634537,0.0298680244013667,0.0,0.07422739267349243
DUP_G,48,bracket_brown/test/parts_mismatch/005.png,1,defect,32x32,3,4,0.009053938090801239,0.0009582929313182833,0.004791464656591415,0.007314272224903107,0.01157674565911293,0.019585115462541575,0.0,0.021587207913398743
DUP_G,48,bracket_brown/test/parts_mismatch/005.png,1,clean_defect,32x32,3,1,0.006388619542121887,0.006388619542121887,0.006388619542121887,0.006388619542121887,0.006388619542121887,0.006388619542121887,0.006388619542121887,0.006388619542121887
DUP_G,48,bracket_brown/test/parts_mismatch/005.png,1,boundary,32x32,3,3,0.009942377607027689,0.0008239924907684327,0.004119962453842163,0.008239924907684326,0.014913566410541534,0.0202524796128273,0.0,0.021587207913398743
DUP_G,49,bracket_brown/test/parts_mismatch/006.png,1,abnormal_normal,32x32,3,1020,0.008831802621830765,0.00026612188667058946,0.0021015703678131104,0.005601029843091965,0.011474356055259705,0.028426914662122712,0.0,0.07515733689069748
DUP_G,49,bracket_brown/test/parts_mismatch/006.png,1,defect,32x32,3,4,0.01686811074614525,0.008966797590255737,0.01238289475440979,0.015225112438201904,0.019710328429937363,0.02706962153315544,0.008112773299217224,0.02890944480895996
DUP_G,49,bracket_brown/test/parts_mismatch/006.png,1,clean_defect,32x32,3,1,0.008112773299217224,0.008112773299217224,0.008112773299217224,0.008112773299217224,0.008112773299217224,0.008112773299217224,0.008112773299217224,0.008112773299217224
DUP_G,49,bracket_brown/test/parts_mismatch/006.png,1,boundary,32x32,3,3,0.019786556561787922,0.01409003734588623,0.015225112438201904,0.016643956303596497,0.02277670055627823,0.027682895958423614,0.013806268572807312,0.02890944480895996
DUP_G,50,bracket_brown/test/parts_mismatch/007.png,1,abnormal_normal,32x32,5,1018,0.008165740535168201,0.0001148819923400879,0.00200655497610569,0.005195628851652145,0.011700045317411423,0.02394675705581903,0.0,0.07892052084207535
DUP_G,50,bracket_brown/test/parts_mismatch/007.png,1,defect,32x32,5,6,0.01009554291764895,0.002925349399447441,0.006240682676434517,0.010151244699954987,0.011874191462993622,0.01858489215373993,0.00219784677028656,0.020687252283096313
DUP_G,50,bracket_brown/test/parts_mismatch/007.png,1,clean_defect,32x32,5,1,0.020687252283096313,0.020687252283096313,0.020687252283096313,0.020687252283096313,0.020687252283096313,0.020687252283096313,0.020687252283096313,0.020687252283096313
DUP_G,50,bracket_brown/test/parts_mismatch/007.png,1,boundary,32x32,5,5,0.007977201044559479,0.002779848873615265,0.005107857286930084,0.009639158844947815,0.010663330554962158,0.011954915523529052,0.00219784677028656,0.012277811765670776
DUP_G,51,bracket_brown/test/parts_mismatch/008.png,1,abnormal_normal,32x32,3,1020,0.008797623723854913,0.000275421142578125,0.0019748955965042114,0.0056387875229120255,0.012412482872605324,0.027343171462416646,0.0,0.0746939554810524
DUP_G,51,bracket_brown/test/parts_mismatch/008.png,1,defect,32x32,3,4,0.01053982600569725,0.002911563962697983,0.005702715367078781,0.009802646934986115,0.014639757573604584,0.019200138747692105,0.002213776111602783,0.02034023404121399
DUP_G,51,bracket_brown/test/parts_mismatch/008.png,1,clean_defect,32x32,3,1,0.006865695118904114,0.006865695118904114,0.006865695118904114,0.006865695118904114,0.006865695118904114,0.006865695118904114,0.006865695118904114,0.006865695118904114
DUP_G,51,bracket_brown/test/parts_mismatch/008.png,1,boundary,32x32,3,3,0.011764536301294962,0.0032663583755493165,0.007476687431335449,0.012739598751068115,0.016539916396141052,0.019580170512199402,0.002213776111602783,0.02034023404121399
DUP_G,52,bracket_brown/test/parts_mismatch/009.png,1,abnormal_normal,32x32,7,1016,0.008312613312815001,0.00018192268908023834,0.0019182097166776657,0.0052423663437366486,0.011041420511901379,0.027170544490218163,0.0,0.05842269957065582
DUP_G,52,bracket_brown/test/parts_mismatch/009.png,1,defect,32x32,7,8,0.008537160232663155,0.0012072347104549407,0.004984498023986816,0.008643090724945068,0.0121389701962471,0.01583210155367851,0.0008416920900344849,0.017117798328399658
DUP_G,52,bracket_brown/test/parts_mismatch/009.png,1,clean_defect,32x32,7,1,0.013444378972053528,0.013444378972053528,0.013444378972053528,0.013444378972053528,0.013444378972053528,0.013444378972053528,0.013444378972053528,0.013444378972053528
DUP_G,52,bracket_brown/test/parts_mismatch/009.png,1,boundary,32x32,7,7,0.007836128984178816,0.0011550143361091616,0.003951698541641235,0.006561756134033203,0.011214129626750946,0.015493609011173245,0.0008416920900344849,0.017117798328399658
DUP_G,53,bracket_brown/test/parts_mismatch/010.png,1,abnormal_normal,32x32,8,1014,0.009628062108917349,0.00025420039892196664,0.0024023521691560745,0.00635860301554203,0.012730907648801804,0.030792143940925592,0.0,0.11041322350502014
DUP_G,53,bracket_brown/test/parts_mismatch/010.png,1,defect,32x32,8,10,0.01753508597612381,0.0011160947382450105,0.003752540796995163,0.014527030289173126,0.0238795205950737,0.046761660277843446,0.00026413798332214355,0.05935931205749512
DUP_G,53,bracket_brown/test/parts_mismatch/010.png,1,clean_defect,32x32,8,2,0.0173996239900589,0.017249219119548798,0.017316065728664398,0.0173996239900589,0.0174831822514534,0.017550028860569,0.017232507467269897,0.0175667405128479
DUP_G,53,bracket_brown/test/parts_mismatch/010.png,1,boundary,32x32,8,8,0.017568951472640038,0.0009267710149288178,0.002567809075117111,0.009358927607536316,0.027328968048095703,0.049561138451099385,0.00026413798332214355,0.05935931205749512
DUP_G,54,bracket_brown/test/parts_mismatch/011.png,1,abnormal_normal,32x32,5,1019,0.008776439499599865,0.00014900751411914826,0.001898057758808136,0.005510807037353516,0.011398304253816605,0.02945355623960493,0.0,0.08859850466251373
DUP_G,54,bracket_brown/test/parts_mismatch/011.png,1,defect,32x32,5,5,0.008691489696502686,0.0031601637601852417,0.004719957709312439,0.009228035807609558,0.012621670961380005,0.013818389177322388,0.0027702152729034424,0.014117568731307983
DUP_G,54,bracket_brown/test/parts_mismatch/011.png,1,clean_defect,32x32,5,0,,,,,,,,
DUP_G,54,bracket_brown/test/parts_mismatch/011.png,1,boundary,32x32,5,5,0.008691489696502686,0.0031601637601852417,0.004719957709312439,0.009228035807609558,0.012621670961380005,0.013818389177322388,0.0027702152729034424,0.014117568731307983
DUP_G,55,bracket_brown/test/parts_mismatch/012.png,1,abnormal_normal,32x32,8,1015,0.009024782224645462,0.00018166601657867434,0.0020619742572307587,0.005872130393981934,0.01260066032409668,0.027442623302340503,0.0,0.07743705064058304
DUP_G,55,bracket_brown/test/parts_mismatch/012.png,1,defect,32x32,8,9,0.019184514466259215,0.0010220199823379517,0.003290534019470215,0.023442000150680542,0.03181910514831543,0.032550522685050966,0.0009956061840057373,0.03282122313976288
DUP_G,55,bracket_brown/test/parts_mismatch/012.png,1,clean_defect,32x32,8,1,0.0009956061840057373,0.0009956061840057373,0.0009956061840057373,0.0009956061840057373,0.0009956061840057373,0.0009956061840057373,0.0009956061840057373,0.0009956061840057373
DUP_G,55,bracket_brown/test/parts_mismatch/012.png,1,boundary,32x32,8,8,0.0214581280015409,0.0018417533487081529,0.014860130846500397,0.02590569294989109,0.031900446861982346,0.03258436024188995,0.0010616406798362732,0.03282122313976288
DUP_G,56,bracket_brown/test/parts_mismatch/013.png,1,abnormal_normal,32x32,7,1015,0.009672279874312467,0.0004038572311401368,0.0023471303284168243,0.006100058555603027,0.0130641870200634,0.030844493955373753,0.0,0.07778439670801163
DUP_G,56,bracket_brown/test/parts_mismatch/013.png,1,defect,32x32,7,9,0.01777431782748964,0.004384316504001617,0.006231829524040222,0.01460401713848114,0.01524786651134491,0.04847256094217299,0.004331015050411224,0.06090477854013443
DUP_G,56,bracket_brown/test/parts_mismatch/013.png,1,clean_defect,32x32,7,2,0.009467516094446182,0.00484466515481472,0.006899265572428703,0.009467516094446182,0.012035766616463661,0.014090367034077645,0.004331015050411224,0.01460401713848114
DUP_G,56,bracket_brown/test/parts_mismatch/013.png,1,boundary,32x32,7,7,0.020147689751216342,0.004994536936283112,0.007826916873455048,0.014938846230506897,0.022536050528287888,0.05158061534166334,0.004464268684387207,0.06090477854013443
DUP_G,57,bracket_brown/test/parts_mismatch/014.png,1,abnormal_normal,32x32,6,1016,0.0074934075200585575,6.383098661899567e-05,0.0015747901052236557,0.00463392399251461,0.009855818934738636,0.024152652360498905,0.0,0.0789516419172287
DUP_G,57,bracket_brown/test/parts_mismatch/014.png,1,defect,32x32,6,8,0.015114054083824158,0.007330910861492157,0.009139705449342728,0.013020284473896027,0.015937495976686478,0.03015839084982871,0.0065886229276657104,0.03529629111289978
DUP_G,57,bracket_brown/test/parts_mismatch/014.png,1,clean_defect,32x32,6,2,0.013020284473896027,0.012096042186021805,0.012506816536188126,0.013020284473896027,0.013533752411603928,0.013944526761770248,0.011993348598480225,0.014047220349311829
DUP_G,57,bracket_brown/test/parts_mismatch/014.png,1,boundary,32x32,6,6,0.015811977287133534,0.007118828594684601,0.008852865546941757,0.011830464005470276,0.019056882709264755,0.03162636235356331,0.0065886229276657104,0.03529629111289978
DUP_G,58,bracket_brown/test/parts_mismatch/015.png,1,abnormal_normal,32x32,8,1014,0.00792407504506997,0.00019764862954616555,0.0018404582515358925,0.004888128489255905,0.011004935018718243,0.025549151003360745,0.0,0.06667677313089371
DUP_G,58,bracket_brown/test/parts_mismatch/015.png,1,defect,32x32,8,10,0.012634488940238952,0.00683201402425766,0.009068867191672325,0.010808847844600677,0.01410485990345478,0.0227533310651779,0.005420058965682983,0.029687941074371338
DUP_G,58,bracket_brown/test/parts_mismatch/015.png,1,clean_defect,32x32,8,2,0.009837053716182709,0.005861758440732956,0.007628556340932846,0.009837053716182709,0.012045551091432571,0.01381234899163246,0.005420058965682983,0.014254048466682434
DUP_G,58,bracket_brown/test/parts_mismatch/015.png,1,boundary,32x32,8,8,0.013333847746253014,0.00860806293785572,0.009803550317883492,0.010808847844600677,0.013812394812703133,0.024294355511665335,0.008557736873626709,0.029687941074371338
DUP_G,59,bracket_brown/test/parts_mismatch/016.png,1,abnormal_normal,32x32,11,1012,0.007869762337210739,0.0,0.0015044882893562317,0.004298399202525616,0.010501929558813572,0.027182409260421977,0.0,0.07958165556192398
DUP_G,59,bracket_brown/test/parts_mismatch/016.png,1,defect,32x32,11,12,0.008633653322855631,0.0019140508025884627,0.0032947342842817307,0.0071426331996917725,0.011872958391904831,0.019590598717331886,0.0015873685479164124,0.020594879984855652
DUP_G,59,bracket_brown/test/parts_mismatch/016.png,1,clean_defect,32x32,11,1,0.01876891404390335,0.01876891404390335,0.01876891404390335,0.01876891404390335,0.01876891404390335,0.01876891404390335,0.01876891404390335,0.01876891404390335
DUP_G,59,bracket_brown/test/parts_mismatch/016.png,1,boundary,32x32,11,11,0.0077122659845785665,0.0018843524158000946,0.003221411257982254,0.0061569660902023315,0.010240446776151657,0.017236098647117615,0.0015873685479164124,0.020594879984855652
DUP_G,60,bracket_brown/test/parts_mismatch/017.png,1,abnormal_normal,32x32,7,1015,0.007588265334333986,0.0,0.0014498941600322723,0.004287697374820709,0.010110050439834595,0.026144239306449876,0.0,0.07706332951784134
DUP_G,60,bracket_brown/test/parts_mismatch/017.png,1,defect,32x32,7,9,0.009646933525800705,0.00036786794662475587,0.002141933888196945,0.007791280746459961,0.01783713698387146,0.01968075633049011,0.0,0.020645171403884888
DUP_G,60,bracket_brown/test/parts_mismatch/017.png,1,clean_defect,32x32,7,2,0.011997237801551819,0.006384031474590301,0.008878789842128754,0.011997237801551819,0.015115685760974884,0.017610444128513335,0.0057603418827056885,0.01823413372039795
DUP_G,60,bracket_brown/test/parts_mismatch/017.png,1,boundary,32x32,7,7,0.008975418018443244,0.0002759009599685669,0.0015308018773794174,0.007791280746459961,0.01566493511199951,0.019802761077880857,0.0,0.020645171403884888
DUP_G,61,bracket_brown/test/parts_mismatch/018.png,1,abnormal_normal,32x32,12,1011,0.00739092740039576,0.0,0.001552782952785492,0.004339277744293213,0.009689966216683388,0.023837346583604813,0.0,0.09427139163017273
DUP_G,61,bracket_brown/test/parts_mismatch/018.png,1,defect,32x32,12,13,0.008301984805327196,0.0,0.0004400387406349182,0.0029256343841552734,0.008613362908363342,0.02927001267671583,0.0,0.038247428834438324
DUP_G,61,bracket_brown/test/parts_mismatch/018.png,1,clean_defect,32x32,12,1,0.0,0.0,0.0,0.0,0.0,0.0,0.0,0.0
DUP_G,61,bracket_brown/test/parts_mismatch/018.png,1,boundary,32x32,12,12,0.008993816872437796,0.0001736491918563843,0.0005976352840662003,0.0036592967808246613,0.011373564600944519,0.03001813068985938,0.0,0.038247428834438324
DUP_G,62,bracket_brown/test/parts_mismatch/019.png,1,abnormal_normal,32x32,9,1013,0.007437941265685037,1.4887750148773199e-05,0.0014154519885778427,0.0044296979904174805,0.010423460975289345,0.025016794353723525,0.0,0.06724018603563309
DUP_G,62,bracket_brown/test/parts_mismatch/019.png,1,defect,32x32,9,11,0.014815617014061321,0.0,0.007255621254444122,0.014169573783874512,0.01848219707608223,0.03710047900676727,0.0,0.05236360430717468
DUP_G,62,bracket_brown/test/parts_mismatch/019.png,1,clean_defect,32x32,9,2,0.010918676853179932,0.0010918676853179932,0.005459338426589966,0.010918676853179932,0.016378015279769897,0.02074548602104187,0.0,0.021837353706359863
DUP_G,62,bracket_brown/test/parts_mismatch/019.png,1,boundary,32x32,9,9,0.015681603716479406,0.0024737119674682617,0.00832696259021759,0.014169573783874512,0.017317958176136017,0.039276736974716175,0.0,0.05236360430717468
DUP_G,63,bracket_brown/test/parts_mismatch/020.png,1,abnormal_normal,32x32,10,1012,0.006950998069578598,0.0,0.0012424089945852757,0.004074086435139179,0.010099874809384346,0.024424455314874634,0.0,0.07809542119503021
DUP_G,63,bracket_brown/test/parts_mismatch/020.png,1,defect,32x32,10,12,0.00865277647972107,4.11994755268097e-05,0.0008086692541837692,0.006683282554149628,0.01581398956477642,0.021174647286534308,0.0,0.02162405103445053
DUP_G,63,bracket_brown/test/parts_mismatch/020.png,1,clean_defect,32x32,10,2,0.01091410219669342,0.002010536193847656,0.005967676639556885,0.01091410219669342,0.015860527753829956,0.019817668199539184,0.0010212510824203491,0.02080695331096649
DUP_G,63,bracket_brown/test/parts_mismatch/020.png,1,boundary,32x32,10,10,0.008200511336326599,3.370866179466248e-05,0.0009468328207731247,0.006683282554149628,0.013454582542181015,0.020491759851574896,0.0,0.02162405103445053
DUP_G,64,bracket_brown/test/parts_mismatch/021.png,1,abnormal_normal,32x32,10,1013,0.007884119028687065,0.00014177262783050538,0.0018045306205749512,0.0046607255935668945,0.010149165987968445,0.0256447359919548,0.0,0.06906803697347641
DUP_G,64,bracket_brown/test/parts_mismatch/021.png,1,defect,32x32,10,11,0.01108531112020666,0.000828281044960022,0.0041105374693870544,0.008573651313781738,0.017876997590065002,0.02487155795097351,0.0,0.029497742652893066
DUP_G,64,bracket_brown/test/parts_mismatch/021.png,1,clean_defect,32x32,10,1,0.029497742652893066,0.029497742652893066,0.029497742652893066,0.029497742652893066,0.029497742652893066,0.029497742652893066,0.029497742652893066,0.029497742652893066
DUP_G,64,bracket_brown/test/parts_mismatch/021.png,1,boundary,32x32,10,10,0.00924406796693802,0.0007454529404640198,0.002927202731370926,0.007598057389259338,0.014748036861419678,0.02008056491613388,0.0,0.020245373249053955
DUP_G,65,bracket_brown/test/parts_mismatch/022.png,1,abnormal_normal,32x32,11,1013,0.007102030960324442,0.0,0.0013277120888233185,0.004221875220537186,0.009889379143714905,0.023723400384187687,0.0,0.061362531036138535
DUP_G,65,bracket_brown/test/parts_mismatch/022.png,1,defect,32x32,11,11,0.01363169401884079,0.00051836296916008,0.0012876875698566437,0.0033642053604125977,0.00971551239490509,0.058278121054172516,0.0,0.09564208984375
DUP_G,65,bracket_brown/test/parts_mismatch/022.png,1,clean_defect,32x32,11,0,,,,,,,,
DUP_G,65,bracket_brown/test/parts_mismatch/022.png,1,boundary,32x32,11,11,0.01363169401884079,0.00051836296916008,0.0012876875698566437,0.0033642053604125977,0.00971551239490509,0.058278121054172516,0.0,0.09564208984375
DUP_G,66,bracket_brown/test/parts_mismatch/023.png,1,abnormal_normal,32x32,3,1021,0.008260123722663881,0.00010216236114501953,0.0018044710159301758,0.004727721214294434,0.010827384889125824,0.028174176812171936,0.0,0.08393947780132294
DUP_G,66,bracket_brown/test/parts_mismatch/023.png,1,defect,32x32,3,3,0.0053317248821258545,0.004461009800434112,0.004884697496891022,0.005414307117462158,0.005820043385028839,0.006144632399082184,0.004355087876319885,0.00622577965259552
DUP_G,66,bracket_brown/test/parts_mismatch/023.png,1,clean_defect,32x32,3,0,,,,,,,,
DUP_G,66,bracket_brown/test/parts_mismatch/023.png,1,boundary,32x32,3,3,0.0053317248821258545,0.004461009800434112,0.004884697496891022,0.005414307117462158,0.005820043385028839,0.006144632399082184,0.004355087876319885,0.00622577965259552
DUP_G,67,bracket_brown/test/parts_mismatch/024.png,1,abnormal_normal,32x32,5,1019,0.007880559403602843,0.00010629184544086456,0.0017220079898834229,0.005376219749450684,0.011020801961421967,0.02471658699214458,0.0,0.06457826495170593
DUP_G,67,bracket_brown/test/parts_mismatch/024.png,1,defect,32x32,5,5,0.004153025150299072,0.0012862265110015869,0.0015018880367279053,0.0037391334772109985,0.00657963752746582,0.007485651969909668,0.0012323111295700073,0.00771215558052063
DUP_G,67,bracket_brown/test/parts_mismatch/024.png,1,clean_defect,32x32,5,0,,,,,,,,
DUP_G,67,bracket_brown/test/parts_mismatch/024.png,1,boundary,32x32,5,5,0.004153025150299072,0.0012862265110015869,0.0015018880367279053,0.0037391334772109985,0.00657963752746582,0.007485651969909668,0.0012323111295700073,0.00771215558052063
DUP_G,68,bracket_brown/test/parts_mismatch/025.png,1,abnormal_normal,32x32,4,1020,0.007364074990847239,0.0,0.0012887208722531796,0.0041790008544921875,0.00959255825728178,0.025037316791713237,0.0,0.07885980606079102
DUP_G,68,bracket_brown/test/parts_mismatch/025.png,1,defect,32x32,4,4,0.006743215024471283,0.0016533657908439636,0.004175715148448944,0.007601205259561539,0.010168705135583878,0.010631877928972244,0.0010227784514427185,0.010747671127319336
DUP_G,68,bracket_brown/test/parts_mismatch/025.png,1,clean_defect,32x32,4,0,,,,,,,,
DUP_G,68,bracket_brown/test/parts_mismatch/025.png,1,boundary,32x32,4,4,0.006743215024471283,0.0016533657908439636,0.004175715148448944,0.007601205259561539,0.010168705135583878,0.010631877928972244,0.0010227784514427185,0.010747671127319336
DUP_G,69,bracket_brown/test/parts_mismatch/026.png,1,abnormal_normal,32x32,10,1014,0.008085686471441823,0.00010881330817937856,0.0015868013724684715,0.005049675703048706,0.010775372385978699,0.02647721655666828,0.0,0.08189476281404495
DUP_G,69,bracket_brown/test/parts_mismatch/026.png,1,defect,32x32,10,10,0.013757535070180894,0.004910760745406151,0.006272757425904274,0.009681347757577896,0.022449519485235214,0.027310458570718763,0.004671886563301086,0.028295546770095825
DUP_G,69,bracket_brown/test/parts_mismatch/026.png,1,clean_defect,32x32,10,0,,,,,,,,
DUP_G,69,bracket_brown/test/parts_mismatch/026.png,1,boundary,32x32,10,10,0.013757535070180894,0.004910760745406151,0.006272757425904274,0.009681347757577896,0.022449519485235214,0.027310458570718763,0.004671886563301086,0.028295546770095825
DUP_G,70,bracket_brown/test/parts_mismatch/027.png,1,abnormal_normal,32x32,8,1015,0.007702635063702617,0.0,0.0013835132122039795,0.004650413990020752,0.0107740992680192,0.024085640907287594,0.0,0.06627437472343445
DUP_G,70,bracket_brown/test/parts_mismatch/027.png,1,defect,32x32,8,9,0.008509972857104408,0.0,0.0,0.004121258854866028,0.01479550451040268,0.023266720771789547,0.0,0.028486579656600952
DUP_G,70,bracket_brown/test/parts_mismatch/027.png,1,clean_defect,32x32,8,1,0.0,0.0,0.0,0.0,0.0,0.0,0.0,0.0
DUP_G,70,bracket_brown/test/parts_mismatch/027.png,1,boundary,32x32,8,8,0.009573719464242458,0.0,0.0027316510677337646,0.0071142688393592834,0.014955861493945122,0.02391920313239097,0.0,0.028486579656600952
DUP_G,71,bracket_brown/test/parts_mismatch/028.png,1,abnormal_normal,32x32,7,1016,0.007010712872688314,0.0,0.0013705780729651451,0.004134975373744965,0.00949763786047697,0.02367796190083027,0.0,0.06347037851810455
DUP_G,71,bracket_brown/test/parts_mismatch/028.png,1,defect,32x32,7,8,0.011525135487318039,0.0004566352814435959,0.002524217590689659,0.012337785214185715,0.016230124980211258,0.025425447523593898,0.0003805607557296753,0.028093263506889343
DUP_G,71,bracket_brown/test/parts_mismatch/028.png,1,clean_defect,32x32,7,1,0.020470932126045227,0.020470932126045227,0.020470932126045227,0.020470932126045227,0.020470932126045227,0.020470932126045227,0.020470932126045227,0.020470932126045227
DUP_G,71,bracket_brown/test/parts_mismatch/028.png,1,boundary,32x32,7,7,0.010247164538928441,0.00044576749205589296,0.0018821172416210175,0.010608553886413574,0.014441769570112228,0.024110241234302512,0.0003805607557296753,0.028093263506889343
DUP_G,72,bracket_brown/test/parts_mismatch/029.png,1,abnormal_normal,32x32,5,1019,0.007630250701850775,0.0,0.001393139362335205,0.004541851580142975,0.01048089936375618,0.02508918270468711,0.0,0.0981166735291481
DUP_G,72,bracket_brown/test/parts_mismatch/029.png,1,defect,32x32,5,5,0.008110710978507995,0.00010552406311035157,0.0005276203155517578,0.008579656481742859,0.009391918778419495,0.01952187120914459,0.0,0.022054359316825867
DUP_G,72,bracket_brown/test/parts_mismatch/029.png,1,clean_defect,32x32,5,0,,,,,,,,
DUP_G,72,bracket_brown/test/parts_mismatch/029.png,1,boundary,32x32,5,5,0.008110710978507995,0.00010552406311035157,0.0005276203155517578,0.008579656481742859,0.009391918778419495,0.01952187120914459,0.0,0.022054359316825867
DUP_G,73,bracket_brown/test/parts_mismatch/030.png,1,abnormal_normal,32x32,7,1017,0.008116789004191273,0.0,0.0015727430582046509,0.004764065146446228,0.011265359818935394,0.02691231071949005,0.0,0.06894853711128235
DUP_G,73,bracket_brown/test/parts_mismatch/030.png,1,defect,32x32,7,7,0.004272613142217908,0.0,0.0009610876441001892,0.004974365234375,0.006827712059020996,0.008613768965005873,0.0,0.00935632735490799
DUP_G,73,bracket_brown/test/parts_mismatch/030.png,1,clean_defect,32x32,7,0,,,,,,,,
DUP_G,73,bracket_brown/test/parts_mismatch/030.png,1,boundary,32x32,7,7,0.004272613142217908,0.0,0.0009610876441001892,0.004974365234375,0.006827712059020996,0.008613768965005873,0.0,0.00935632735490799
DUP_G,74,bracket_brown/test/parts_mismatch/031.png,1,abnormal_normal,32x32,7,1014,0.008574221801211142,0.0001858167350292206,0.0019201040267944336,0.005298726260662079,0.011771958321332932,0.028856568038463582,0.0,0.06430383771657944
DUP_G,74,bracket_brown/test/parts_mismatch/031.png,1,defect,32x32,7,10,0.0050065569579601284,0.0005085065960884095,0.003109648823738098,0.005011081695556641,0.006839916110038757,0.009170188382267947,0.0,0.010976947844028473
DUP_G,74,bracket_brown/test/parts_mismatch/031.png,1,clean_defect,32x32,7,3,0.0026520987351735434,0.00011300146579742432,0.0005650073289871216,0.0011300146579742432,0.003978148102760315,0.0062566548585891715,0.0,0.006826281547546387
DUP_G,74,bracket_brown/test/parts_mismatch/031.png,1,boundary,32x32,7,7,0.006015610482011523,0.0032180964946746824,0.004744958132505417,0.005268611013889313,0.006903193891048431,0.009772441536188123,0.0025674104690551758,0.010976947844028473
DUP_G,75,bracket_brown/test/parts_mismatch/032.png,1,abnormal_normal,32x32,8,1014,0.008362146458612421,0.0,0.0016082338988780975,0.0046710968017578125,0.011508414521813393,0.029603574797511082,0.0,0.07764542102813721
DUP_G,75,bracket_brown/test/parts_mismatch/032.png,1,defect,32x32,8,10,0.01278882697224617,0.00017566457390785217,0.0025770626962184906,0.008278701454401016,0.01791958138346672,0.03683428540825843,0.0,0.04007621109485626
DUP_G,75,bracket_brown/test/parts_mismatch/032.png,1,clean_defect,32x32,8,2,0.018550612032413483,0.005661424249410629,0.011389952152967453,0.018550612032413483,0.025711271911859512,0.031439799815416336,0.004229292273521423,0.03287193179130554
DUP_G,75,bracket_brown/test/parts_mismatch/032.png,1,boundary,32x32,8,8,0.011348380707204342,0.00013662800192832948,0.0016173310577869415,0.008278701454401016,0.013817165046930313,0.033039313554763784,0.0,0.04007621109485626
DUP_G,76,bracket_brown/test/parts_mismatch/033.png,1,abnormal_normal,32x32,8,1014,0.007851365505014151,2.5445409119129238e-05,0.0014986437745392323,0.004473315551877022,0.010690352879464626,0.025637096166610696,0.0,0.10323598235845566
DUP_G,76,bracket_brown/test/parts_mismatch/033.png,1,defect,32x32,8,10,0.009993814304471016,0.0003885038197040558,0.0029451847076416016,0.007161388173699379,0.01621512696146965,0.023742932826280587,0.00010399520397186279,0.026864588260650635
DUP_G,76,bracket_brown/test/parts_mismatch/033.png,1,clean_defect,32x32,8,2,0.01266792044043541,0.006134230270981788,0.009038092568516731,0.01266792044043541,0.016297748312354088,0.01920161060988903,0.005408264696598053,0.019927576184272766
DUP_G,76,bracket_brown/test/parts_mismatch/033.png,1,boundary,32x32,8,8,0.009325287770479918,0.0003252796828746796,0.002345813438296318,0.006024116650223732,0.015751782804727554,0.023218362033367152,0.00010399520397186279,0.026864588260650635
TRI_G,0,bracket_brown/test/bend_and_parts_mismatch/000.png,1,abnormal_normal,32x32,19,990,0.01247214850066512,0.0007697867229580879,0.004899408668279648,0.009823393076658249,0.01733251754194498,0.03314123935997485,0.0,0.08773071318864822
TRI_G,0,bracket_brown/test/bend_and_parts_mismatch/000.png,1,defect,32x32,19,34,0.016603891354273346,0.0005150202661752701,0.005920058116316795,0.011167183518409729,0.02325270138680935,0.043440441787242864,0.0,0.07598340511322021
TRI_G,0,bracket_brown/test/bend_and_parts_mismatch/000.png,1,clean_defect,32x32,19,15,0.014820866286754608,1.863464713096619e-05,0.00321892648935318,0.009103812277317047,0.02218358963727951,0.04280371367931365,0.0,0.051717907190322876
TRI_G,0,bracket_brown/test/bend_and_parts_mismatch/000.png,1,boundary,32x32,19,19,0.01801154272336709,0.0015143781900405883,0.0065756142139434814,0.012669920921325684,0.02278802916407585,0.04212297052144996,0.00077800452709198,0.07598340511322021
TRI_G,1,bracket_brown/test/bend_and_parts_mismatch/001.png,1,abnormal_normal,32x32,15,994,0.012131333757769053,0.0007586387917399407,0.004578041844069958,0.009402669966220856,0.016653194092214108,0.03192295171320438,0.0,0.08508285135030746
TRI_G,1,bracket_brown/test/bend_and_parts_mismatch/001.png,1,defect,32x32,15,30,0.01396618274350961,0.00010054931044578556,0.0034038573503494263,0.006946112960577011,0.017544135451316833,0.04859293475747108,0.0,0.05202969163656235
TRI_G,1,bracket_brown/test/bend_and_parts_mismatch/001.png,1,clean_defect,32x32,15,15,0.010068118572235107,0.0,0.0018289461731910706,0.004225194454193115,0.013550728559494019,0.03295618221163747,0.0,0.04842629283666611
TRI_G,1,bracket_brown/test/bend_and_parts_mismatch/001.png,1,boundary,32x32,15,15,0.017864246914784113,0.000557948648929596,0.005077645182609558,0.009033203125,0.027636028826236725,0.04971940219402313,0.0002234429121017456,0.05202969163656235
TRI_G,2,bracket_brown/test/bend_and_parts_mismatch/002.png,1,abnormal_normal,32x32,12,996,0.01269997301535778,0.0007192781195044518,0.004610399715602398,0.010004904121160507,0.017334776930510998,0.03393931873142719,0.0,0.07925866544246674
TRI_G,2,bracket_brown/test/bend_and_parts_mismatch/002.png,1,defect,32x32,12,28,0.021655244952333823,0.0020829766988754274,0.005673334002494812,0.012372344732284546,0.025338957086205482,0.07143716663122177,0.0,0.09017699211835861
TRI_G,2,bracket_brown/test/bend_and_parts_mismatch/002.png,1,clean_defect,32x32,12,16,0.016773519571870565,0.0020374059677124023,0.005673334002494812,0.009386084973812103,0.0239845123142004,0.04691574163734913,0.0,0.0552830770611763
TRI_G,2,bracket_brown/test/bend_and_parts_mismatch/002.png,1,boundary,32x32,12,12,0.028164212126284838,0.0026809155941009523,0.007119292393326759,0.01435466855764389,0.03841974399983883,0.08014418222010135,0.0017418265342712402,0.09017699211835861
TRI_G,3,bracket_brown/test/bend_and_parts_mismatch/003.png,1,abnormal_normal,32x32,10,997,0.01312039071533347,0.000480322539806366,0.004401184618473053,0.010188918560743332,0.017453555017709732,0.03521825596690178,0.0,0.09194104373455048
TRI_G,3,bracket_brown/test/bend_and_parts_mismatch/003.png,1,defect,32x32,10,27,0.01786693765057458,0.0,0.007305268198251724,0.016918689012527466,0.027146752923727036,0.03716681748628616,0.0,0.03915509581565857
TRI_G,3,bracket_brown/test/bend_and_parts_mismatch/003.png,1,clean_defect,32x32,10,17,0.013707217048196232,0.0,0.005676150321960449,0.010765597224235535,0.022903025150299072,0.029337203502655024,0.0,0.034171730279922485
TRI_G,3,bracket_brown/test/bend_and_parts_mismatch/003.png,1,boundary,32x32,10,10,0.024938462674617766,0.0058445602655410765,0.018324067816138268,0.026088081300258636,0.034853020682930946,0.038525279611349106,0.0,0.03915509581565857
TRI_G,4,bracket_brown/test/bend_and_parts_mismatch/004.png,1,abnormal_normal,32x32,14,990,0.012254354144644104,0.00029324311763048174,0.003923078067600727,0.009288173168897629,0.017011668533086777,0.03591597471386193,0.0,0.08597420156002045
TRI_G,4,bracket_brown/test/bend_and_parts_mismatch/004.png,1,defect,32x32,14,34,0.012993898900116192,0.003314756229519844,0.005392231047153473,0.010956931859254837,0.021258201450109482,0.0258749820291996,0.0014251470565795898,0.02911324054002762
TRI_G,4,bracket_brown/test/bend_and_parts_mismatch/004.png,1,clean_defect,32x32,14,20,0.01190587505698204,0.0028231542557477954,0.005654985085129738,0.00895063579082489,0.018908647820353508,0.02546013817191124,0.0014251470565795898,0.026773810386657715
TRI_G,4,bracket_brown/test/bend_and_parts_mismatch/004.png,1,boundary,32x32,14,14,0.01454821867602212,0.004447737336158752,0.005631864070892334,0.013417519629001617,0.022031759843230247,0.026427918300032615,0.0037022829055786133,0.02911324054002762
TRI_G,5,bracket_brown/test/bend_and_parts_mismatch/005.png,1,abnormal_normal,32x32,20,985,0.012992591633541785,0.0006157070398330689,0.004916545003652573,0.00986393541097641,0.017552219331264496,0.03522564172744749,0.0,0.08118307590484619
TRI_G,5,bracket_brown/test/bend_and_parts_mismatch/005.png,1,defect,32x32,20,39,0.020471166150692183,0.0022584550082683564,0.008688822388648987,0.019034788012504578,0.03047962859272957,0.040071430057287215,0.00032164156436920166,0.05997554957866669
TRI_G,5,bracket_brown/test/bend_and_parts_mismatch/005.png,1,clean_defect,32x32,20,19,0.017735233824504048,0.004646086692810058,0.007815252989530563,0.01482352614402771,0.029735848307609558,0.03567522913217543,0.00032164156436920166,0.04051186889410019
TRI_G,5,bracket_brown/test/bend_and_parts_mismatch/005.png,1,boundary,32x32,20,20,0.023070301860570908,0.0023122418671846392,0.013879228383302689,0.02085062488913536,0.03282594308257103,0.04102014526724817,0.0012902915477752686,0.05997554957866669
TRI_G,6,bracket_brown/test/bend_and_parts_mismatch/006.png,1,abnormal_normal,32x32,13,994,0.013439853897719256,0.0011270180344581614,0.005627667531371117,0.010872308164834976,0.017781177535653114,0.03608342967927455,0.0,0.08413192629814148
TRI_G,6,bracket_brown/test/bend_and_parts_mismatch/006.png,1,defect,32x32,13,30,0.015789771576722463,0.0029280297458171844,0.00968078151345253,0.012972384691238403,0.023478401824831963,0.03223316334187983,4.157423973083496e-05,0.03598931431770325
TRI_G,6,bracket_brown/test/bend_and_parts_mismatch/006.png,1,clean_defect,32x32,13,17,0.014580269070232616,0.002723115682601929,0.009670108556747437,0.012447118759155273,0.02093132585287094,0.027368612587451928,4.157423973083496e-05,0.03436655551195145
TRI_G,6,bracket_brown/test/bend_and_parts_mismatch/006.png,1,boundary,32x32,13,13,0.017371428700593803,0.005020436644554139,0.01168164610862732,0.013497650623321533,0.027642711997032166,0.032171136140823356,0.0025471895933151245,0.03598931431770325
TRI_G,7,bracket_brown/test/bend_and_parts_mismatch/007.png,1,abnormal_normal,32x32,18,989,0.013055620149542606,0.0006456561386585237,0.0054849423468112946,0.010552603751420975,0.017567992210388184,0.0341866225004196,0.0,0.09820893406867981
TRI_G,7,bracket_brown/test/bend_and_parts_mismatch/007.png,1,defect,32x32,18,35,0.013234976040465491,0.0012519903481006624,0.005380231887102127,0.011249363422393799,0.018280453979969025,0.02753182426095008,0.000282876193523407,0.05014517903327942
TRI_G,7,bracket_brown/test/bend_and_parts_mismatch/007.png,1,clean_defect,32x32,18,17,0.01051309726694051,0.0026856765151023866,0.005315028131008148,0.00961427390575409,0.013134695589542389,0.022155830264091486,0.000282876193523407,0.026763364672660828
TRI_G,7,bracket_brown/test/bend_and_parts_mismatch/007.png,1,boundary,32x32,18,18,0.015805639326572418,0.0014008853584527971,0.007030962035059929,0.016625359654426575,0.020498955622315407,0.03244793899357316,0.0005571469664573669,0.05014517903327942
TRI_G,8,bracket_brown/test/bend_and_parts_mismatch/008.png,1,abnormal_normal,32x32,25,982,0.013347629063654607,0.001393529959022999,0.005391057580709457,0.010354313999414444,0.018331419676542282,0.03471068982034917,0.0,0.08663862943649292
TRI_G,8,bracket_brown/test/bend_and_parts_mismatch/008.png,1,defect,32x32,25,42,0.019671122410467694,0.004882430285215378,0.014349082484841347,0.01841174066066742,0.022910241968929768,0.03603232130408286,7.450580596923828e-09,0.06489773839712143
TRI_G,8,bracket_brown/test/bend_and_parts_mismatch/008.png,1,clean_defect,32x32,25,17,0.022167994257281807,0.0038801684975624086,0.016934044659137726,0.02173587679862976,0.02452116459608078,0.04190059155225752,7.450580596923828e-09,0.06489773839712143
TRI_G,8,bracket_brown/test/bend_and_parts_mismatch/008.png,1,boundary,32x32,25,25,0.017973249554634096,0.005663025379180908,0.012483760714530945,0.01716272532939911,0.022478535771369934,0.03351474702358245,0.0036971047520637512,0.04562355577945709
TRI_G,9,bracket_brown/test/bend_and_parts_mismatch/009.png,1,abnormal_normal,32x32,19,993,0.012327148081980504,0.0009179949760437012,0.004931330680847168,0.009682219475507736,0.016659818589687347,0.031942965090274805,0.0,0.08851516246795654
TRI_G,9,bracket_brown/test/bend_and_parts_mismatch/009.png,1,defect,32x32,19,31,0.01606834223193507,0.0016431920230388641,0.00647633895277977,0.014760948717594147,0.022732779383659363,0.03468725457787514,0.0,0.045745037496089935
TRI_G,9,bracket_brown/test/bend_and_parts_mismatch/009.png,1,clean_defect,32x32,19,12,0.013308999439080557,0.002382045984268189,0.005840960890054703,0.011974994093179703,0.01788799650967121,0.02873719856142997,0.0,0.03537857532501221
TRI_G,9,bracket_brown/test/bend_and_parts_mismatch/009.png,1,boundary,32x32,19,19,0.017811085048474763,0.0021946750581264495,0.007834270596504211,0.0186370387673378,0.024864602833986282,0.03517084419727323,0.0009538382291793823,0.045745037496089935
TRI_G,10,bracket_brown/test/bend_and_parts_mismatch/010.png,1,abnormal_normal,32x32,14,992,0.012342763665665482,0.0006895516067743303,0.0050507113337516785,0.009483074769377708,0.017229458317160606,0.032676957547664615,0.0,0.08757363259792328
TRI_G,10,bracket_brown/test/bend_and_parts_mismatch/010.png,1,defect,32x32,14,32,0.014819674310274422,4.097819328308106e-09,0.00384523905813694,0.00927017629146576,0.01883884333074093,0.052038657292723646,0.0,0.06569362431764603
TRI_G,10,bracket_brown/test/bend_and_parts_mismatch/010.png,1,clean_defect,32x32,14,18,0.01627266200052367,0.002597339078783989,0.005748245865106583,0.009620197117328644,0.020764663815498352,0.04771367795765398,7.450580596923828e-09,0.05996778607368469
TRI_G,10,bracket_brown/test/bend_and_parts_mismatch/010.png,1,boundary,32x32,14,14,0.012951547279953957,0.0,0.0033945441246032715,0.008923178538680077,0.013045495375990868,0.04208385609090327,0.0,0.06569362431764603
TRI_G,11,bracket_brown/test/bend_and_parts_mismatch/011.png,1,abnormal_normal,32x32,19,991,0.011484975632896608,0.0003948025405406952,0.004388739354908466,0.009181108325719833,0.015014173462986946,0.032442161813378334,0.0,0.06021980568766594
TRI_G,11,bracket_brown/test/bend_and_parts_mismatch/011.png,1,defect,32x32,19,33,0.012475526129657572,0.00017398297786712648,0.004198402166366577,0.007967084646224976,0.016710661351680756,0.034876658022403716,7.450580596923828e-09,0.06580664962530136
TRI_G,11,bracket_brown/test/bend_and_parts_mismatch/011.png,1,clean_defect,32x32,19,14,0.014774949955088752,0.0001778203994035721,0.004228556528687477,0.008882559835910797,0.02012581191956997,0.04545349851250648,0.00012793391942977905,0.06580664962530136
TRI_G,11,bracket_brown/test/bend_and_parts_mismatch/011.png,1,boundary,32x32,19,19,0.010781213837234597,0.0012949779629707336,0.00447893887758255,0.006290338933467865,0.015392841771245003,0.02672216370701788,7.450580596923828e-09,0.03545048087835312
TRI_G,12,bracket_brown/test/bend_and_parts_mismatch/012.png,1,abnormal_normal,32x32,18,992,0.011571598287592943,0.0007720218971371651,0.003853333182632923,0.008606748655438423,0.01531375665217638,0.03414865136146544,0.0,0.0846271812915802
TRI_G,12,bracket_brown/test/bend_and_parts_mismatch/012.png,1,defect,32x32,18,32,0.012536337366327643,0.000298980250954628,0.0060099270194768906,0.009608829393982887,0.015309254638850689,0.04031119495630264,0.0,0.04166628420352936
TRI_G,12,bracket_brown/test/bend_and_parts_mismatch/012.png,1,clean_defect,32x32,18,14,0.013756712366427695,0.005683046765625477,0.008186226710677147,0.009608829393982887,0.01151217520236969,0.041178248077631,0.00432664155960083,0.04166628420352936
TRI_G,12,bracket_brown/test/bend_and_parts_mismatch/012.png,1,boundary,32x32,18,18,0.01158715681069427,6.3329935073852546e-09,0.003801812417805195,0.009559150785207748,0.018504243344068527,0.027605354040861108,0.0,0.03981679677963257
TRI_G,13,bracket_brown/test/bend_and_parts_mismatch/013.png,1,abnormal_normal,32x32,14,994,0.0110198878327111,0.0005893910303711892,0.0039684586226940155,0.008547259494662285,0.015247531235218048,0.031039816886186566,0.0,0.059848275035619736
TRI_G,13,bracket_brown/test/bend_and_parts_mismatch/013.png,1,defect,32x32,14,30,0.015059001371264457,0.0013369075953960424,0.0063421037048101425,0.010440059006214142,0.02060420624911785,0.04061322510242462,0.0,0.07028593868017197
TRI_G,13,bracket_brown/test/bend_and_parts_mismatch/013.png,1,clean_defect,32x32,14,16,0.01517862780019641,0.0022281724959611893,0.006510443985462189,0.009938906878232956,0.013654546812176704,0.047697464004158974,0.0,0.07028593868017197
TRI_G,13,bracket_brown/test/bend_and_parts_mismatch/013.png,1,boundary,32x32,14,14,0.014922285452485085,0.00234765037894249,0.006607729941606522,0.011403478682041168,0.021911470219492912,0.03286857977509498,7.450580596923828e-09,0.04097752273082733
TRI_G,14,bracket_brown/test/bend_and_parts_mismatch/014.png,1,abnormal_normal,32x32,23,983,0.011421584783809776,0.00014585480093955993,0.0033245738595724106,0.00802745670080185,0.015496104955673218,0.03303925432264804,0.0,0.09794841706752777
TRI_G,14,bracket_brown/test/bend_and_parts_mismatch/014.png,1,defect,32x32,23,41,0.013470132812494186,7.450580596923828e-09,0.003928862512111664,0.011349599808454514,0.01855701208114624,0.041721541434526443,0.0,0.04766513407230377
TRI_G,14,bracket_brown/test/bend_and_parts_mismatch/014.png,1,clean_defect,32x32,23,18,0.01699876764582263,0.0038277678191661834,0.005869414657354355,0.01468658447265625,0.02351865079253912,0.04261308033019304,0.003254897892475128,0.04766513407230377
TRI_G,14,bracket_brown/test/bend_and_parts_mismatch/014.png,1,boundary,32x32,23,23,0.010708592508150183,7.450580596923828e-09,0.0019074007868766785,0.00878753513097763,0.016952820122241974,0.02631447166204452,0.0,0.044110655784606934
TRI_G,15,bracket_brown/test/bend_and_parts_mismatch/015.png,1,abnormal_normal,32x32,17,990,0.011309121364746431,0.0005836747586727142,0.00400209566578269,0.00862816907465458,0.014775244519114494,0.03237800505012272,0.0,0.07942039519548416
TRI_G,15,bracket_brown/test/bend_and_parts_mismatch/015.png,1,defect,32x32,17,34,0.015053792254013173,0.0001821067184209824,0.005685441195964813,0.009645961225032806,0.019598116166889668,0.04085741341114043,0.0,0.07472221553325653
TRI_G,15,bracket_brown/test/bend_and_parts_mismatch/015.png,1,clean_defect,32x32,17,17,0.016242413617232266,0.00022413134574890138,0.005622163414955139,0.014085657894611359,0.01949697732925415,0.04615322053432462,0.0,0.07472221553325653
TRI_G,15,bracket_brown/test/bend_and_parts_mismatch/015.png,1,boundary,32x32,17,17,0.01386517089079408,0.0006273746490478516,0.0058752745389938354,0.00940682739019394,0.019631829112768173,0.0335496962070465,0.0,0.044286519289016724
TRI_G,16,bracket_brown/test/bend_and_parts_mismatch/016.png,1,abnormal_normal,32x32,15,995,0.011230797924559993,0.0005935052409768105,0.003869527019560337,0.008443791419267654,0.014857560396194458,0.031482511013746245,0.0,0.08975840359926224
TRI_G,16,bracket_brown/test/bend_and_parts_mismatch/016.png,1,defect,32x32,15,29,0.015673884030046135,0.003941464424133301,0.006948240101337433,0.01223570853471756,0.02065524458885193,0.03813258409500121,0.0007141828536987305,0.0563596710562706
TRI_G,16,bracket_brown/test/bend_and_parts_mismatch/016.png,1,clean_defect,32x32,15,14,0.008979738290820802,0.0026571355760097505,0.004768386483192444,0.00689387321472168,0.011722065508365631,0.01958104595541954,0.0007141828536987305,0.02065524458885193
TRI_G,16,bracket_brown/test/bend_and_parts_mismatch/016.png,1,boundary,32x32,15,15,0.02192175338665644,0.007552152872085572,0.011973582208156586,0.01974942535161972,0.0246143639087677,0.04507460072636603,0.006948240101337433,0.0563596710562706
TRI_G,17,bracket_brown/test/good/000.png,0,normal_image,32x32,0,1024,0.009778035106137395,0.0,0.002521386370062828,0.007013094611465931,0.013423477299511433,0.030267750378698097,0.0,0.07400205731391907
TRI_G,18,bracket_brown/test/good/001.png,0,normal_image,32x32,0,1024,0.010950798745852808,1.264177262783098e-06,0.0031454679556190968,0.007388487458229065,0.01468436699360609,0.03266871012747285,0.0,0.09257537126541138
TRI_G,19,bracket_brown/test/good/002.png,0,normal_image,32x32,0,1024,0.01234820145100457,0.00029522962868213667,0.00422954186797142,0.00921151228249073,0.016581845469772816,0.033031325973570315,0.0,0.14023613929748535
TRI_G,20,bracket_brown/test/good/003.png,0,normal_image,32x32,0,1024,0.013492875973497576,0.001006628293544054,0.004592454992234707,0.009964260272681713,0.018299082294106483,0.03852993771433828,0.0,0.08697449415922165
TRI_G,21,bracket_brown/test/good/004.png,0,normal_image,32x32,0,1024,0.010468598589341127,0.00020400995854288342,0.003318494651466608,0.008212994784116745,0.014305060729384422,0.030037499032914618,0.0,0.08753379434347153
TRI_G,22,bracket_brown/test/good/005.png,0,normal_image,32x32,0,1024,0.009882573230242997,1.862645149230957e-09,0.0020349095575511456,0.006480746902525425,0.0136310625821352,0.031063045933842647,0.0,0.09994415938854218
TRI_G,23,bracket_brown/test/good/006.png,0,normal_image,32x32,0,1024,0.010412923421426967,4.284083843231222e-09,0.002468263264745474,0.006885428912937641,0.013854675460606813,0.034481655806302934,0.0,0.08669611066579819
TRI_G,24,bracket_brown/test/good/007.png,0,normal_image,32x32,0,1024,0.010893803470025887,3.725290298461914e-09,0.003083369694650173,0.007552148774266243,0.015294855227693915,0.032555741630494586,0.0,0.07104980945587158
TRI_G,25,bracket_brown/test/good/008.png,0,normal_image,32x32,0,1024,0.01195820930888658,0.0003399722278118134,0.003817872144281864,0.008818330243229866,0.016951784025877714,0.034020291827619065,0.0,0.07960571348667145
TRI_G,26,bracket_brown/test/good/009.png,0,normal_image,32x32,0,1024,0.011893740022514976,0.00044277459383010873,0.004225596785545349,0.008998304605484009,0.016410575713962317,0.03314963672310114,0.0,0.08258449286222458
TRI_G,27,bracket_brown/test/good/010.png,0,normal_image,32x32,0,1024,0.012627663395505806,0.0006544793024659157,0.004788708407431841,0.00984271802008152,0.016882038675248623,0.03364424481987953,0.0,0.08220939338207245
TRI_G,28,bracket_brown/test/good/011.png,0,normal_image,32x32,0,1024,0.01013262422588923,5.729962140321793e-06,0.0025851549580693245,0.006832772865891457,0.014772629830986261,0.03116519786417483,0.0,0.10178530961275101
TRI_G,29,bracket_brown/test/good/012.png,0,normal_image,32x32,0,1024,0.01215717321701959,0.00039882156997919096,0.003917957656085491,0.008854500949382782,0.01646591816097498,0.034104884229600424,0.0,0.09750084578990936
TRI_G,30,bracket_brown/test/good/013.png,0,normal_image,32x32,0,1024,0.010717871729411854,0.00016358541324734701,0.0027803878765553236,0.007203690707683563,0.0148973329924047,0.033354515768587584,0.0,0.09147506952285767
TRI_G,31,bracket_brown/test/good/014.png,0,normal_image,32x32,0,1024,0.010329481975077215,4.992913454771049e-05,0.0029312167316675186,0.0075770532712340355,0.014284833334386349,0.030124423652887342,0.0,0.07888247817754745
TRI_G,32,bracket_brown/test/good/015.png,0,normal_image,32x32,0,1024,0.009594395368822006,4.938431084156223e-06,0.002091162372380495,0.006059547886252403,0.012535388581454754,0.031740396842360484,0.0,0.09473693370819092
TRI_G,33,bracket_brown/test/good/016.png,0,normal_image,32x32,0,1024,0.008297566323108185,0.0,0.00010039331391453743,0.003201366402208805,0.011218817438930273,0.03244304712861775,0.0,0.12037301063537598
TRI_G,34,bracket_brown/test/good/017.png,0,normal_image,32x32,0,1024,0.009662976207437168,3.725290298461914e-09,0.002528243698179722,0.006762228906154633,0.013649899512529373,0.028938947990536663,0.0,0.07701847702264786
TRI_G,35,bracket_brown/test/good/018.png,0,normal_image,32x32,0,1024,0.009658001568823238,0.0,0.0018974952399730682,0.006553671322762966,0.01376636466011405,0.0294031050056219,0.0,0.1032642126083374
TRI_G,36,bracket_brown/test/good/019.png,0,normal_image,32x32,0,1024,0.011634607198629965,2.1954905241728003e-05,0.0035859416238963604,0.00940789096057415,0.016139250248670578,0.031218191795051076,0.0,0.10486508160829544
TRI_G,37,bracket_brown/test/good/020.png,0,normal_image,32x32,0,1024,0.012423259946444887,0.00044326707720756533,0.004455940797924995,0.009483803063631058,0.017628265544772148,0.03294316008687016,0.0,0.0898846685886383
TRI_G,38,bracket_brown/test/good/021.png,0,normal_image,32x32,0,1024,0.010313533497310345,1.862645149230957e-09,0.002341817133128643,0.006965490058064461,0.014127977192401886,0.03362428452819585,0.0,0.07860395312309265
TRI_G,39,bracket_brown/test/good/022.png,0,normal_image,32x32,0,1024,0.00962548564507415,3.725290298461914e-09,0.002237706445157528,0.006314496509730816,0.013384734746068716,0.030184514634311124,0.0,0.10976112633943558
TRI_G,40,bracket_brown/test/good/023.png,0,normal_image,32x32,0,1024,0.009344566757590655,7.208324968814856e-05,0.0027682343497872353,0.0063137151300907135,0.012824418023228645,0.028727194759994742,0.0,0.0687355026602745
TRI_G,41,bracket_brown/test/good/024.png,0,normal_image,32x32,0,1024,0.01123940622437658,2.142041921615611e-09,0.0028343265876173973,0.0077712079510092735,0.015721668489277363,0.03377372175455093,0.0,0.07602629065513611
TRI_G,42,bracket_brown/test/good/025.png,0,normal_image,32x32,0,1024,0.006103385969481678,0.0,1.862645149230957e-09,0.0023166444152593613,0.008708232082426548,0.024499467480927684,-9.313225746154785e-10,0.057219959795475006
TRI_G,43,bracket_brown/test/parts_mismatch/000.png,1,abnormal_normal,32x32,1,1020,0.012052354129834795,0.0010156990960240365,0.004912840202450752,0.009614359587430954,0.01619950868189335,0.032183435559272756,0.0,0.10153639316558838
TRI_G,43,bracket_brown/test/parts_mismatch/000.png,1,defect,32x32,1,4,0.024384494870901108,0.011176563054323196,0.017043117433786392,0.02457423508167267,0.031915612518787384,0.037326790392398834,0.009709924459457397,0.0386795848608017
TRI_G,43,bracket_brown/test/parts_mismatch/000.png,1,clean_defect,32x32,1,3,0.019619464874267578,0.010687683522701264,0.014598719775676727,0.019487515091896057,0.02457423508167267,0.028643611073493957,0.009709924459457397,0.02966095507144928
TRI_G,43,bracket_brown/test/parts_mismatch/000.png,1,boundary,32x32,1,1,0.0386795848608017,0.0386795848608017,0.0386795848608017,0.0386795848608017,0.0386795848608017,0.0386795848608017,0.0386795848608017,0.0386795848608017
TRI_G,44,bracket_brown/test/parts_mismatch/001.png,1,abnormal_normal,32x32,5,1018,0.011762297791401418,0.0006036048755049706,0.004553594626486301,0.009294245392084122,0.01589295919984579,0.03193389400839806,0.0,0.07866056263446808
TRI_G,44,bracket_brown/test/parts_mismatch/001.png,1,defect,32x32,5,6,0.030791660770773888,0.006809751503169537,0.015455791726708412,0.028714492917060852,0.0402294285595417,0.061129000037908554,0.004940968006849289,0.06727604568004608
TRI_G,44,bracket_brown/test/parts_mismatch/001.png,1,clean_defect,32x32,5,1,0.02457486093044281,0.02457486093044281,0.02457486093044281,0.02457486093044281,0.02457486093044281,0.02457486093044281,0.02457486093044281,0.02457486093044281
TRI_G,44,bracket_brown/test/parts_mismatch/001.png,1,boundary,32x32,5,5,0.032035020738840105,0.006435994803905487,0.01241610199213028,0.032854124903678894,0.04268786311149597,0.06235840916633605,0.004940968006849289,0.06727604568004608
TRI_G,45,bracket_brown/test/parts_mismatch/002.png,1,abnormal_normal,32x32,1,1022,0.012079756804459423,0.0003424149006605149,0.0038706064224243164,0.00924009084701538,0.01727454923093319,0.03291390836238861,0.0,0.06739996373653412
TRI_G,45,bracket_brown/test/parts_mismatch/002.png,1,defect,32x32,1,2,0.008346814662218094,0.002679364010691643,0.005198230966925621,0.008346814662218094,0.011495398357510567,0.014014265313744544,0.002049647271633148,0.01464398205280304
TRI_G,45,bracket_brown/test/parts_mismatch/002.png,1,clean_defect,32x32,1,1,0.01464398205280304,0.01464398205280304,0.01464398205280304,0.01464398205280304,0.01464398205280304,0.01464398205280304,0.01464398205280304,0.01464398205280304
TRI_G,45,bracket_brown/test/parts_mismatch/002.png,1,boundary,32x32,1,1,0.002049647271633148,0.002049647271633148,0.002049647271633148,0.002049647271633148,0.002049647271633148,0.002049647271633148,0.002049647271633148,0.002049647271633148
TRI_G,46,bracket_brown/test/parts_mismatch/003.png,1,abnormal_normal,32x32,4,1020,0.013918433852457241,0.0010597468353807926,0.005074894055724144,0.010520868003368378,0.019062134437263012,0.038552584499120704,0.0,0.10007409751415253
TRI_G,46,bracket_brown/test/parts_mismatch/003.png,1,defect,32x32,4,4,0.007382111623883247,0.00022608488798141484,0.0011303648352622986,0.007727853953838348,0.013979600742459297,0.014054099097847939,1.4901161193847656e-08,0.014072723686695099
TRI_G,46,bracket_brown/test/parts_mismatch/003.png,1,clean_defect,32x32,4,0,,,,,,,,
TRI_G,46,bracket_brown/test/parts_mismatch/003.png,1,boundary,32x32,4,4,0.007382111623883247,0.00022608488798141484,0.0011303648352622986,0.007727853953838348,0.013979600742459297,0.014054099097847939,1.4901161193847656e-08,0.014072723686695099
TRI_G,47,bracket_brown/test/parts_mismatch/004.png,1,abnormal_normal,32x32,4,1019,0.012787437952974476,0.0006001602858304977,0.00503902230411768,0.009961169213056564,0.01767657697200775,0.03554465770721431,0.0,0.0776766985654831
TRI_G,47,bracket_brown/test/parts_mismatch/004.png,1,defect,32x32,4,5,0.018995989859104157,0.0033996433019638063,0.004384621977806091,0.020349547266960144,0.03193636238574982,0.03451208770275116,0.003153398633003235,0.035156019032001495
TRI_G,47,bracket_brown/test/parts_mismatch/004.png,1,clean_defect,32x32,4,1,0.003153398633003235,0.003153398633003235,0.003153398633003235,0.003153398633003235,0.003153398633003235,0.003153398633003235,0.003153398633003235,0.003153398633003235
TRI_G,47,bracket_brown/test/parts_mismatch/004.png,1,boundary,32x32,4,4,0.022956637665629387,0.006779360771179199,0.01635831594467163,0.02614295482635498,0.032741276547312737,0.034673070535063744,0.004384621977806091,0.035156019032001495
TRI_G,48,bracket_brown/test/parts_mismatch/005.png,1,abnormal_normal,32x32,3,1020,0.013763448273690016,0.0012874282896518708,0.005392263177782297,0.010808400809764862,0.017851751297712326,0.035418520495295515,0.0,0.09312128275632858
TRI_G,48,bracket_brown/test/parts_mismatch/005.png,1,defect,32x32,3,4,0.016195572912693024,0.002820306271314621,0.006843950599431992,0.016576752066612244,0.025928374379873276,0.029037188738584515,0.0018143951892852783,0.02981439232826233
TRI_G,48,bracket_brown/test/parts_mismatch/005.png,1,clean_defect,32x32,3,1,0.008520469069480896,0.008520469069480896,0.008520469069480896,0.008520469069480896,0.008520469069480896,0.008520469069480896,0.008520469069480896,0.008520469069480896
TRI_G,48,bracket_brown/test/parts_mismatch/005.png,1,boundary,32x32,3,3,0.0187539408604304,0.00409625917673111,0.013223715126514435,0.02463303506374359,0.02722371369600296,0.029296256601810455,0.0018143951892852783,0.02981439232826233
TRI_G,49,bracket_brown/test/parts_mismatch/006.png,1,abnormal_normal,32x32,3,1020,0.014035727213337726,0.00133591927587986,0.005580733995884657,0.010965874418616295,0.018803362734615803,0.037453842908144,0.0,0.07515735179185867
TRI_G,49,bracket_brown/test/parts_mismatch/006.png,1,defect,32x32,3,4,0.01600634679198265,0.00737968385219574,0.009285911917686462,0.014106407761573792,0.02082684263586998,0.02729292437434196,0.006903126835823059,0.02890944480895996
TRI_G,49,bracket_brown/test/parts_mismatch/006.png,1,clean_defect,32x32,3,1,0.01008017361164093,0.01008017361164093,0.01008017361164093,0.01008017361164093,0.01008017361164093,0.01008017361164093,0.01008017361164093,0.01008017361164093
TRI_G,49,bracket_brown/test/parts_mismatch/006.png,1,boundary,32x32,3,3,0.017981737852096558,0.008026078343391418,0.012517884373664856,0.018132641911506653,0.023521043360233307,0.027831764519214628,0.006903126835823059,0.02890944480895996
TRI_G,50,bracket_brown/test/parts_mismatch/007.png,1,abnormal_normal,32x32,5,1018,0.0128156418847158,0.0011596886441111564,0.005377288442105055,0.010578717105090618,0.017102587036788464,0.03261688612401485,0.0,0.08262153714895248
TRI_G,50,bracket_brown/test/parts_mismatch/007.png,1,defect,32x32,5,6,0.017523376892010372,0.0060769300907850266,0.011909907683730125,0.021128356456756592,0.021595612168312073,0.025791503489017487,0.005107864737510681,0.027187228202819824
TRI_G,50,bracket_brown/test/parts_mismatch/007.png,1,clean_defect,32x32,5,1,0.020687252283096313,0.020687252283096313,0.020687252283096313,0.020687252283096313,0.020687252283096313,0.020687252283096313,0.020687252283096313,0.020687252283096313
TRI_G,50,bracket_brown/test/parts_mismatch/007.png,1,boundary,32x32,5,5,0.016890601813793184,0.005883117020130157,0.008984126150608063,0.02156946063041687,0.021604329347610474,0.026070648431777952,0.005107864737510681,0.027187228202819824
TRI_G,51,bracket_brown/test/parts_mismatch/008.png,1,abnormal_normal,32x32,3,1020,0.014183236344936578,0.0013675108551979066,0.005949215963482857,0.011473968625068665,0.018932403065264225,0.03629425466060636,0.0,0.09050505608320236
TRI_G,51,bracket_brown/test/parts_mismatch/008.png,1,defect,32x32,3,4,0.011303557083010674,0.0033724211156368256,0.008007001131772995,0.011338844895362854,0.014635400846600533,0.019185290113091467,0.002213776111602783,0.020322762429714203
TRI_G,51,bracket_brown/test/parts_mismatch/008.png,1,clean_defect,32x32,3,1,0.009938076138496399,0.009938076138496399,0.009938076138496399,0.009938076138496399,0.009938076138496399,0.009938076138496399,0.009938076138496399,0.009938076138496399
TRI_G,51,bracket_brown/test/parts_mismatch/008.png,1,boundary,32x32,3,3,0.011758717397848764,0.003266359865665436,0.007476694881916046,0.012739613652229309,0.016531188040971756,0.01956444755196571,0.002213776111602783,0.020322762429714203
TRI_G,52,bracket_brown/test/parts_mismatch/009.png,1,abnormal_normal,32x32,7,1016,0.013529486507800679,0.0012422418221831322,0.006310274824500084,0.01144808903336525,0.018272297456860542,0.03234866075217724,0.0,0.07291282713413239
TRI_G,52,bracket_brown/test/parts_mismatch/009.png,1,defect,32x32,7,8,0.011764172464609146,0.0012072395533323289,0.005392841994762421,0.01111932098865509,0.016672944650053978,0.024579848721623415,0.0008416995406150818,0.027149513363838196
TRI_G,52,bracket_brown/test/parts_mismatch/009.png,1,clean_defect,32x32,7,1,0.007445842027664185,0.007445842027664185,0.007445842027664185,0.007445842027664185,0.007445842027664185,0.007445842027664185,0.007445842027664185,0.007445842027664185
TRI_G,52,bracket_brown/test/parts_mismatch/009.png,1,boundary,32x32,7,7,0.01238107681274414,0.0011550195515155793,0.004223927855491638,0.014792799949645996,0.017717834562063217,0.02494694367051124,0.0008416995406150818,0.027149513363838196
TRI_G,53,bracket_brown/test/parts_mismatch/010.png,1,abnormal_normal,32x32,8,1014,0.014207180787825726,0.0015434762462973597,0.006534304469823837,0.01127355545759201,0.018526588566601276,0.037698651850223516,0.0,0.1110636293888092
TRI_G,53,bracket_brown/test/parts_mismatch/010.png,1,defect,32x32,8,10,0.0235988087952137,0.0059051748365163805,0.01693926751613617,0.019976161420345306,0.03111148253083229,0.04604966044425963,0.005094252526760101,0.051478102803230286
TRI_G,53,bracket_brown/test/parts_mismatch/010.png,1,clean_defect,32x32,8,2,0.029157131910324097,0.01992514282464981,0.024028249084949493,0.029157131910324097,0.0342860147356987,0.03838912099599838,0.01889936625957489,0.0394148975610733
TRI_G,53,bracket_brown/test/parts_mismatch/010.png,1,boundary,32x32,8,8,0.0222092280164361,0.005724969878792762,0.014054223895072937,0.019744716584682465,0.027164053171873093,0.04504058584570884,0.005094252526760101,0.051478102803230286
TRI_G,54,bracket_brown/test/parts_mismatch/011.png,1,abnormal_normal,32x32,5,1019,0.013565649638561142,0.0009442493319511415,0.005199601873755455,0.010811015963554382,0.01843942329287529,0.034847595170140265,0.0,0.09327272325754166
TRI_G,54,bracket_brown/test/parts_mismatch/011.png,1,defect,32x32,5,5,0.021401089429855347,0.010964721441268921,0.012621670961380005,0.01466439664363861,0.03245861828327179,0.035859945416450496,0.01055048406124115,0.03671027719974518
TRI_G,54,bracket_brown/test/parts_mismatch/011.png,1,clean_defect,32x32,5,0,,,,,,,,
TRI_G,54,bracket_brown/test/parts_mismatch/011.png,1,boundary,32x32,5,5,0.021401089429855347,0.010964721441268921,0.012621670961380005,0.01466439664363861,0.03245861828327179,0.035859945416450496,0.01055048406124115,0.03671027719974518
TRI_G,55,bracket_brown/test/parts_mismatch/012.png,1,abnormal_normal,32x32,8,1015,0.014286558778286714,0.0011940527707338337,0.006363902240991592,0.011940822005271912,0.018962375819683075,0.03776489049196242,0.0,0.11311359703540802
TRI_G,55,bracket_brown/test/parts_mismatch/012.png,1,defect,32x32,8,9,0.022377524111005995,0.0010220199823379517,0.005128145217895508,0.018716663122177124,0.03667749464511871,0.04806925058364868,0.0009956061840057373,0.050184980034828186
TRI_G,55,bracket_brown/test/parts_mismatch/012.png,1,clean_defect,32x32,8,1,0.0009956061840057373,0.0009956061840057373,0.0009956061840057373,0.0009956061840057373,0.0009956061840057373,0.0009956061840057373,0.0009956061840057373,0.0009956061840057373
TRI_G,55,bracket_brown/test/parts_mismatch/012.png,1,boundary,32x32,8,8,0.025050263851881027,0.0024849172681570054,0.014850124716758728,0.02218170464038849,0.03873203508555889,0.048333716765046116,0.0010616406798362732,0.050184980034828186
TRI_G,56,bracket_brown/test/parts_mismatch/013.png,1,abnormal_normal,32x32,7,1015,0.014816709348170334,0.001415454223752022,0.006417635828256607,0.0114634670317173,0.019835568964481354,0.0401730291545391,0.0,0.10190999507904053
TRI_G,56,bracket_brown/test/parts_mismatch/013.png,1,defect,32x32,7,9,0.024836400316821203,0.006808555126190186,0.00898653268814087,0.01493886113166809,0.03726997971534729,0.06013314723968505,0.006231829524040222,0.07175347208976746
TRI_G,56,bracket_brown/test/parts_mismatch/013.png,1,clean_defect,32x32,7,2,0.008402552455663681,0.007746534422039986,0.008038097992539406,0.008402552455663681,0.008767006918787956,0.009058570489287376,0.007673643529415131,0.009131461381912231
TRI_G,56,bracket_brown/test/parts_mismatch/013.png,1,boundary,32x32,7,7,0.029531785420009067,0.007058240473270416,0.01196269690990448,0.024839162826538086,0.039986319839954376,0.06303822845220564,0.006231829524040222,0.07175347208976746
TRI_G,57,bracket_brown/test/parts_mismatch/014.png,1,abnormal_normal,32x32,6,1016,0.011658472756994522,0.0006910248193889856,0.004164372570812702,0.008901774883270264,0.01584235206246376,0.03092289622873068,0.0,0.09111655503511429
TRI_G,57,bracket_brown/test/parts_mismatch/014.png,1,defect,32x32,6,8,0.023583076894283295,0.008910233527421952,0.011315792798995972,0.013898506760597229,0.03775939717888832,0.048585893213748926,0.008709445595741272,0.050436705350875854
TRI_G,57,bracket_brown/test/parts_mismatch/014.png,1,clean_defect,32x32,6,2,0.028571009635925293,0.013651114702224732,0.02028217911720276,0.028571009635925293,0.03685984015464783,0.04349090456962585,0.011993348598480225,0.04514867067337036
TRI_G,57,bracket_brown/test/parts_mismatch/014.png,1,boundary,32x32,6,6,0.021920432647069294,0.008852865546941757,0.01003124937415123,0.013898506760597229,0.030352577567100525,0.046651605516672134,0.008709445595741272,0.050436705350875854
TRI_G,58,bracket_brown/test/parts_mismatch/015.png,1,abnormal_normal,32x32,8,1014,0.012632978536350252,0.0009872954338788988,0.005253349430859089,0.010056864470243454,0.017550688236951828,0.0330215562134981,0.0,0.07851302623748779
TRI_G,58,bracket_brown/test/parts_mismatch/015.png,1,defect,32x32,8,10,0.017363875359296798,0.008466048538684845,0.011534353718161583,0.015070967376232147,0.023587532341480255,0.028714245557785033,0.008273385465145111,0.029028519988059998
TRI_G,58,bracket_brown/test/parts_mismatch/015.png,1,clean_defect,32x32,8,2,0.021683484315872192,0.015072952210903167,0.01801096647977829,0.021683484315872192,0.025356002151966095,0.028294016420841218,0.014338448643684387,0.029028519988059998
TRI_G,58,bracket_brown/test/parts_mismatch/015.png,1,boundary,32x32,8,8,0.01628397312015295,0.008423234522342681,0.010206988081336021,0.014907237142324448,0.020855925977230072,0.027148253470659255,0.008273385465145111,0.028330132365226746
TRI_G,59,bracket_brown/test/parts_mismatch/016.png,1,abnormal_normal,32x32,11,1012,0.011816687692369043,0.0002299431711435318,0.004023763816803694,0.008700569160282612,0.016658480279147625,0.03351513948291538,0.0,0.08504222333431244
TRI_G,59,bracket_brown/test/parts_mismatch/016.png,1,defect,32x32,11,12,0.012777383749683699,0.004461704194545746,0.005947204306721687,0.014194827526807785,0.018669771030545235,0.019590595364570616,0.0030747726559638977,0.020594872534275055
TRI_G,59,bracket_brown/test/parts_mismatch/016.png,1,clean_defect,32x32,11,1,0.01876891404390335,0.01876891404390335,0.01876891404390335,0.01876891404390335,0.01876891404390335,0.01876891404390335,0.01876891404390335,0.01876891404390335
TRI_G,59,bracket_brown/test/parts_mismatch/016.png,1,boundary,32x32,11,11,0.01223269917748191,0.004335619509220123,0.0058588795363903046,0.011916376650333405,0.01769251376390457,0.01964282989501953,0.0030747726559638977,0.020594872534275055
TRI_G,60,bracket_brown/test/parts_mismatch/017.png,1,abnormal_normal,32x32,7,1015,0.011384172042088556,7.803682237863541e-05,0.0037645529955625534,0.008532267063856125,0.015542419627308846,0.03186174966394901,0.0,0.07850565016269684
TRI_G,60,bracket_brown/test/parts_mismatch/017.png,1,defect,32x32,7,9,0.010186494638522467,0.0008567772805690766,0.005760356783866882,0.009249493479728699,0.016004756093025208,0.01995513141155243,3.725290298461914e-09,0.020645171403884888
TRI_G,60,bracket_brown/test/parts_mismatch/017.png,1,clean_defect,32x32,7,2,0.007438715547323227,0.005928192660212517,0.006599536165595055,0.007438715547323227,0.0082778949290514,0.008949238434433937,0.005760356783866882,0.009117074310779572
TRI_G,60,bracket_brown/test/parts_mismatch/017.png,1,boundary,32x32,7,7,0.010971574378865106,0.0006425838917493821,0.005695715546607971,0.009839586913585663,0.017462413758039474,0.020127641409635542,3.725290298461914e-09,0.020645171403884888
TRI_G,61,bracket_brown/test/parts_mismatch/018.png,1,abnormal_normal,32x32,12,1011,0.011484433076520377,0.000469377264380455,0.004171164706349373,0.008953968062996864,0.015949919819831848,0.030433278530836105,0.0,0.11405131965875626
TRI_G,61,bracket_brown/test/parts_mismatch/018.png,1,defect,32x32,12,13,0.010491131016841302,0.0003901034593582154,0.0011004284024238586,0.005311891436576843,0.013086110353469849,0.033422100543975784,7.450580596923828e-09,0.05201596021652222
TRI_G,61,bracket_brown/test/parts_mismatch/018.png,1,clean_defect,32x32,12,1,0.005311891436576843,0.005311891436576843,0.005311891436576843,0.005311891436576843,0.005311891436576843,0.005311891436576843,0.005311891436576843,0.005311891436576843
TRI_G,61,bracket_brown/test/parts_mismatch/018.png,1,boundary,32x32,12,12,0.010922734315196672,0.00035759545862674714,0.0010593663901090622,0.005964566022157669,0.014728125184774399,0.03497158885002134,7.450580596923828e-09,0.05201596021652222
TRI_G,62,bracket_brown/test/parts_mismatch/019.png,1,abnormal_normal,32x32,9,1013,0.011311777132799572,0.00047717317938804625,0.003995560109615326,0.008709393441677094,0.015713971108198166,0.03170887976884841,0.0,0.08187013119459152
TRI_G,62,bracket_brown/test/parts_mismatch/019.png,1,defect,32x32,9,11,0.020631738007068634,0.0030921436846256256,0.008496563881635666,0.01962168514728546,0.032098934054374695,0.04128292202949524,7.450580596923828e-09,0.04342244565486908
TRI_G,62,bracket_brown/test/parts_mismatch/019.png,1,clean_defect,32x32,9,2,0.019571702927350998,0.0019571769982576373,0.009785855188965797,0.019571702927350998,0.0293575506657362,0.037186228856444355,7.450580596923828e-09,0.0391433984041214
TRI_G,62,bracket_brown/test/parts_mismatch/019.png,1,boundary,32x32,9,9,0.020867301358117,0.007041355967521668,0.008666157722473145,0.01962168514728546,0.028384581208229065,0.040378782153129573,0.006184279918670654,0.04342244565486908
TRI_G,63,bracket_brown/test/parts_mismatch/020.png,1,abnormal_normal,32x32,10,1012,0.011041723299410798,0.000305359810590744,0.003746887668967247,0.008623024448752403,0.014894369058310986,0.03182648662477731,0.0,0.08147851377725601
TRI_G,63,bracket_brown/test/parts_mismatch/020.png,1,defect,32x32,10,12,0.013768012324968973,0.000638599693775177,0.005996186286211014,0.011766556650400162,0.021922416985034943,0.02908028699457645,0.00017092376947402954,0.03204616159200668
TRI_G,63,bracket_brown/test/parts_mismatch/020.png,1,clean_defect,32x32,10,2,0.013837452977895737,0.0023028645664453506,0.0074293483048677444,0.013837452977895737,0.02024555765092373,0.025372041389346123,0.0010212436318397522,0.02665366232395172
TRI_G,63,bracket_brown/test/parts_mismatch/020.png,1,boundary,32x32,10,10,0.013754124194383622,0.0015675600618124009,0.007595101371407509,0.011766556650400162,0.020680172368884087,0.027799517288804046,0.00017092376947402954,0.03204616159200668
TRI_G,64,bracket_brown/test/parts_mismatch/021.png,1,abnormal_normal,32x32,10,1013,0.012668700545827645,0.0009644925594329834,0.004989206790924072,0.009806890040636063,0.017187416553497314,0.03324115127325058,0.0,0.10226775705814362
TRI_G,64,bracket_brown/test/parts_mismatch/021.png,1,defect,32x32,10,11,0.021416493437506935,0.007122121751308441,0.012906529009342194,0.023694664239883423,0.028052717447280884,0.03620952367782593,0.002876684069633484,0.041953086853027344
TRI_G,64,bracket_brown/test/parts_mismatch/021.png,1,clean_defect,32x32,10,1,0.023694664239883423,0.023694664239883423,0.023694664239883423,0.023694664239883423,0.023694664239883423,0.023694664239883423,0.023694664239883423,0.023694664239883423
TRI_G,64,bracket_brown/test/parts_mismatch/021.png,1,boundary,32x32,10,10,0.021188676357269287,0.006697577983140945,0.012244794517755508,0.02165248990058899,0.02860800176858902,0.036783879995346054,0.002876684069633484,0.041953086853027344
TRI_G,65,bracket_brown/test/parts_mismatch/022.png,1,abnormal_normal,32x32,11,1013,0.01140921891171408,0.0005197688937187195,0.004226211458444595,0.00898047536611557,0.01621337980031967,0.030509449541568756,0.0,0.06693437695503235
TRI_G,65,bracket_brown/test/parts_mismatch/022.png,1,defect,32x32,11,11,0.015703390267762272,0.0007104501128196716,0.0022942200303077698,0.005409270524978638,0.015206415206193924,0.060200221836566925,0.0,0.09120842814445496
TRI_G,65,bracket_brown/test/parts_mismatch/022.png,1,clean_defect,32x32,11,0,,,,,,,,
TRI_G,65,bracket_brown/test/parts_mismatch/022.png,1,boundary,32x32,11,11,0.015703390267762272,0.0007104501128196716,0.0022942200303077698,0.005409270524978638,0.015206415206193924,0.060200221836566925,0.0,0.09120842814445496
TRI_G,66,bracket_brown/test/parts_mismatch/023.png,1,abnormal_normal,32x32,3,1021,0.013319414752981571,0.0007918104529380798,0.005432803183794022,0.01039913296699524,0.01825917512178421,0.03589964658021927,0.0,0.08847631514072418
TRI_G,66,bracket_brown/test/parts_mismatch/023.png,1,defect,32x32,3,3,0.0077175771196683245,0.006284637004137039,0.006573203951120377,0.006933912634849548,0.008470118045806885,0.009699082374572754,0.006212495267391205,0.010006323456764221
TRI_G,66,bracket_brown/test/parts_mismatch/023.png,1,clean_defect,32x32,3,0,,,,,,,,
TRI_G,66,bracket_brown/test/parts_mismatch/023.png,1,boundary,32x32,3,3,0.0077175771196683245,0.006284637004137039,0.006573203951120377,0.006933912634849548,0.008470118045806885,0.009699082374572754,0.006212495267391205,0.010006323456764221
TRI_G,67,bracket_brown/test/parts_mismatch/024.png,1,abnormal_normal,32x32,5,1019,0.012286949857075034,0.0007488910108804705,0.005259951576590538,0.010136805474758148,0.016362164169549942,0.03061591759324073,0.0,0.06964866816997528
TRI_G,67,bracket_brown/test/parts_mismatch/024.png,1,defect,32x32,5,5,0.007500001788139343,0.001286238431930542,0.0015018880367279053,0.0037391483783721924,0.008790060877799988,0.01954728066921234,0.0012323260307312012,0.02223658561706543
TRI_G,67,bracket_brown/test/parts_mismatch/024.png,1,clean_defect,32x32,5,0,,,,,,,,
TRI_G,67,bracket_brown/test/parts_mismatch/024.png,1,boundary,32x32,5,5,0.007500001788139343,0.001286238431930542,0.0015018880367279053,0.0037391483783721924,0.008790060877799988,0.01954728066921234,0.0012323260307312012,0.02223658561706543
TRI_G,68,bracket_brown/test/parts_mismatch/025.png,1,abnormal_normal,32x32,4,1020,0.011038905858317865,7.450580596923828e-09,0.003269858192652464,0.00838722288608551,0.015105154365301132,0.032109644636511794,0.0,0.08121496438980103
TRI_G,68,bracket_brown/test/parts_mismatch/025.png,1,defect,32x32,4,4,0.017158828675746918,0.004555599391460418,0.005029313266277313,0.014636073261499405,0.02676558867096901,0.03329391553997993,0.004437170922756195,0.034925997257232666
TRI_G,68,bracket_brown/test/parts_mismatch/025.png,1,clean_defect,32x32,4,0,,,,,,,,
TRI_G,68,bracket_brown/test/parts_mismatch/025.png,1,boundary,32x32,4,4,0.017158828675746918,0.004555599391460418,0.005029313266277313,0.014636073261499405,0.02676558867096901,0.03329391553997993,0.004437170922756195,0.034925997257232666
TRI_G,69,bracket_brown/test/parts_mismatch/026.png,1,abnormal_normal,32x32,10,1014,0.012370248418852422,0.000795448571443558,0.004719442222267389,0.009859423618763685,0.016865414567291737,0.031279500573873506,0.0,0.09107815474271774
TRI_G,69,bracket_brown/test/parts_mismatch/026.png,1,defect,32x32,10,10,0.020217639952898027,0.008452178537845611,0.013412229716777802,0.022598005831241608,0.025413451716303825,0.031719712167978274,0.008360728621482849,0.03588636964559555
TRI_G,69,bracket_brown/test/parts_mismatch/026.png,1,clean_defect,32x32,10,0,,,,,,,,
TRI_G,69,bracket_brown/test/parts_mismatch/026.png,1,boundary,32x32,10,10,0.020217639952898027,0.008452178537845611,0.013412229716777802,0.022598005831241608,0.025413451716303825,0.031719712167978274,0.008360728621482849,0.03588636964559555
TRI_G,70,bracket_brown/test/parts_mismatch/027.png,1,abnormal_normal,32x32,8,1015,0.011705519993023331,0.00013643316924571994,0.0038377493619918823,0.008809022605419159,0.01651683822274208,0.03205006346106528,0.0,0.09440447390079498
TRI_G,70,bracket_brown/test/parts_mismatch/027.png,1,defect,32x32,8,9,0.013847310923867755,0.0014568820595741274,0.007450766861438751,0.012469403445720673,0.021528810262680054,0.027089034020900724,0.0,0.02848658710718155
TRI_G,70,bracket_brown/test/parts_mismatch/027.png,1,clean_defect,32x32,8,1,0.0,0.0,0.0,0.0,0.0,0.0,0.0,0.0
TRI_G,70,bracket_brown/test/parts_mismatch/027.png,1,boundary,32x32,8,8,0.015578224789351225,0.00497520174831152,0.010768681764602661,0.013325035572052002,0.022394783794879913,0.02726372815668583,0.003642205148935318,0.02848658710718155
TRI_G,71,bracket_brown/test/parts_mismatch/028.png,1,abnormal_normal,32x32,7,1016,0.011156017996561457,0.0005047670565545559,0.00422833114862442,0.008732249960303307,0.01499616913497448,0.03064687456935644,0.0,0.07471555471420288
TRI_G,71,bracket_brown/test/parts_mismatch/028.png,1,defect,32x32,7,8,0.015446933917701244,0.0014227066189050675,0.008695032447576523,0.014006074517965317,0.022159850224852562,0.03181249573826789,0.0005979239940643311,0.03670508414506912
TRI_G,71,bracket_brown/test/parts_mismatch/028.png,1,clean_defect,32x32,7,1,0.021971046924591064,0.021971046924591064,0.021971046924591064,0.021971046924591064,0.021971046924591064,0.021971046924591064,0.021971046924591064,0.021971046924591064
TRI_G,71,bracket_brown/test/parts_mismatch/028.png,1,boundary,32x32,7,7,0.014514917773859841,0.0013048805296421054,0.0067815035581588745,0.013605684041976929,0.01856636255979538,0.03251143693923949,0.0005979239940643311,0.03670508414506912
TRI_G,72,bracket_brown/test/parts_mismatch/029.png,1,abnormal_normal,32x32,5,1019,0.011635168550592701,0.00044750683009624507,0.004073215648531914,0.009197793900966644,0.016065817326307297,0.030818067491054528,0.0,0.08397185802459717
TRI_G,72,bracket_brown/test/parts_mismatch/029.png,1,defect,32x32,5,5,0.01172044575214386,0.0016715168952941895,0.00835755467414856,0.008579656481742859,0.019610658288002014,0.02156561315059662,7.450580596923828e-09,0.02205435186624527
TRI_G,72,bracket_brown/test/parts_mismatch/029.png,1,clean_defect,32x32,5,0,,,,,,,,
TRI_G,72,bracket_brown/test/parts_mismatch/029.png,1,boundary,32x32,5,5,0.01172044575214386,0.0016715168952941895,0.00835755467414856,0.008579656481742859,0.019610658288002014,0.02156561315059662,7.450580596923828e-09,0.02205435186624527
TRI_G,73,bracket_brown/test/parts_mismatch/030.png,1,abnormal_normal,32x32,7,1017,0.011976083448008362,0.0004901323467493059,0.00400189682841301,0.009029470384120941,0.016550227999687195,0.03351973444223403,0.0,0.07764603197574615
TRI_G,73,bracket_brown/test/parts_mismatch/030.png,1,defect,32x32,7,7,0.007669389247894287,0.0006266847252845765,0.0054747797548770905,0.009356319904327393,0.010284192860126495,0.012293804436922072,0.0,0.012811459600925446
TRI_G,73,bracket_brown/test/parts_mismatch/030.png,1,clean_defect,32x32,7,0,,,,,,,,
TRI_G,73,bracket_brown/test/parts_mismatch/030.png,1,boundary,32x32,7,7,0.007669389247894287,0.0006266847252845765,0.0054747797548770905,0.009356319904327393,0.010284192860126495,0.012293804436922072,0.0,0.012811459600925446
TRI_G,74,bracket_brown/test/parts_mismatch/031.png,1,abnormal_normal,32x32,7,1014,0.012944354349196222,0.0009445318952202799,0.0054412465542554855,0.010410867631435394,0.017656108364462852,0.03427517544478177,0.0,0.06468474864959717
TRI_G,74,bracket_brown/test/parts_mismatch/031.png,1,defect,32x32,7,10,0.007986856251955032,0.0005085214972496033,0.004740666598081589,0.007632952183485031,0.00931122899055481,0.01831239312887191,1.4901161193847656e-08,0.022007323801517487
TRI_G,74,bracket_brown/test/parts_mismatch/031.png,1,clean_defect,32x32,7,3,0.002706033488114675,0.00011301636695861817,0.0005650222301483154,0.001130029559135437,0.004059042781591415,0.006402253359556197,1.4901161193847656e-08,0.006988056004047394
TRI_G,74,bracket_brown/test/parts_mismatch/031.png,1,boundary,32x32,7,7,0.010250066007886614,0.004741525650024414,0.0065157003700733185,0.00864604115486145,0.011664662510156631,0.019544036686420435,0.004736371338367462,0.022007323801517487
TRI_G,75,bracket_brown/test/parts_mismatch/032.png,1,abnormal_normal,32x32,8,1014,0.012502016977239877,0.0004105662927031517,0.0039389729499816895,0.009310217574238777,0.017434915527701378,0.03621198125183581,0.0,0.0846703052520752
TRI_G,75,bracket_brown/test/parts_mismatch/032.png,1,defect,32x32,8,10,0.0169248353689909,0.00017567612230777742,0.0033654440194368362,0.012048386037349701,0.01980872731655836,0.04882469326257704,1.4901161193847656e-08,0.05598253011703491
TRI_G,75,bracket_brown/test/parts_mismatch/032.png,1,clean_defect,32x32,8,2,0.034659527242183685,0.015468824654817581,0.023998025804758072,0.034659527242183685,0.0453210286796093,0.05385022982954979,0.013336524367332458,0.05598253011703491
TRI_G,75,bracket_brown/test/parts_mismatch/032.png,1,boundary,32x32,8,8,0.012491162400692701,0.00013664029538631441,0.0016173385083675385,0.00907152146100998,0.01948458794504404,0.033039325848221765,1.4901161193847656e-08,0.040076225996017456
TRI_G,76,bracket_brown/test/parts_mismatch/033.png,1,abnormal_normal,32x32,8,1014,0.011930799851546714,0.0003957167267799377,0.0042570531368255615,0.009492596611380577,0.016595824621617794,0.03231650311499833,0.0,0.08421649038791656
TRI_G,76,bracket_brown/test/parts_mismatch/033.png,1,defect,32x32,8,10,0.01555323526263237,0.0003885071724653244,0.0029451902955770493,0.013147817924618721,0.02994115836918354,0.03491639178246259,0.00010399520397186279,0.03567029535770416
TRI_G,76,bracket_brown/test/parts_mismatch/033.png,1,clean_defect,32x32,8,2,0.02743035927414894,0.02001441679894924,0.02331039123237133,0.02743035927414894,0.03155032731592655,0.03484630174934864,0.01919042319059372,0.03567029535770416
TRI_G,76,bracket_brown/test/parts_mismatch/033.png,1,boundary,32x32,8,8,0.012583954259753227,0.0003252822905778885,0.002345820888876915,0.00695461593568325,0.02002127841114998,0.033830378018319604,0.00010399520397186279,0.03399495407938957
BAL_G,0,bracket_brown/test/bend_and_parts_mismatch/000.png,1,abnormal_normal,32x32,19,990,0.012371795887898917,0.000909051299095154,0.00522250309586525,0.009732447564601898,0.016570117324590683,0.032147165387868853,0.0,0.07023078203201294
BAL_G,0,bracket_brown/test/bend_and_parts_mismatch/000.png,1,defect,32x32,19,34,0.017108349677394417,0.0006310708820819856,0.00621771439909935,0.010756142437458038,0.019046135246753693,0.0541413031518459,0.0,0.07620805501937866
BAL_G,0,bracket_brown/test/bend_and_parts_mismatch/000.png,1,clean_defect,32x32,19,15,0.01645158529281616,1.3977289199829103e-05,0.0038842037320137024,0.009143292903900146,0.020479373633861542,0.05344705730676649,0.0,0.06316649913787842
BAL_G,0,bracket_brown/test/bend_and_parts_mismatch/000.png,1,boundary,32x32,19,19,0.01762684787574567,0.0014346972107887267,0.008608803153038025,0.011669710278511047,0.01862676441669464,0.04362958222627632,0.001166999340057373,0.07620805501937866
BAL_G,1,bracket_brown/test/bend_and_parts_mismatch/001.png,1,abnormal_normal,32x32,15,994,0.012250003860270234,0.0010530844330787661,0.00483446940779686,0.009659022092819214,0.015969015657901764,0.03355234935879706,0.0,0.0869666039943695
BAL_G,1,bracket_brown/test/bend_and_parts_mismatch/001.png,1,defect,32x32,15,30,0.013764997820059459,8.127763867378239e-05,0.00488145649433136,0.00863301008939743,0.02036295086145401,0.039753780514001844,0.0,0.04680448770523071
BAL_G,1,bracket_brown/test/bend_and_parts_mismatch/001.png,1,clean_defect,32x32,15,15,0.010807688037554422,0.0,0.0019649937748908997,0.006337791681289673,0.01612958312034607,0.03181129693984984,0.0,0.03913967311382294
BAL_G,1,bracket_brown/test/bend_and_parts_mismatch/001.png,1,boundary,32x32,15,15,0.016722307602564494,0.0008369207382202149,0.0071124061942100525,0.010929301381111145,0.02432100474834442,0.0422207087278366,0.0003351569175720215,0.04680448770523071
BAL_G,2,bracket_brown/test/bend_and_parts_mismatch/002.png,1,abnormal_normal,32x32,12,996,0.012307348201073796,0.0008493214845657349,0.004992984235286713,0.01017192006111145,0.01645154505968094,0.033524349331855774,0.0,0.06475012004375458
BAL_G,2,bracket_brown/test/bend_and_parts_mismatch/002.png,1,defect,32x32,12,28,0.0192154555448464,0.002954871952533722,0.0065873414278030396,0.011938393115997314,0.023102696985006332,0.05821914449334144,0.0,0.07318952679634094
BAL_G,2,bracket_brown/test/bend_and_parts_mismatch/002.png,1,clean_defect,32x32,12,16,0.015162384137511253,0.0026927366852760315,0.005563512444496155,0.010473042726516724,0.021526172757148743,0.03726037219166756,0.0,0.04733189940452576
BAL_G,2,bracket_brown/test/bend_and_parts_mismatch/002.png,1,boundary,32x32,12,12,0.02461955075462659,0.0035743944346904753,0.0096060149371624,0.013748258352279663,0.030352622270584106,0.06632981821894644,0.0026127099990844727,0.07318952679634094
BAL_G,3,bracket_brown/test/bend_and_parts_mismatch/003.png,1,abnormal_normal,32x32,10,997,0.013395909081729747,0.0006072163581848145,0.004901483654975891,0.010347694158554077,0.018288537859916687,0.03470190167427051,0.0,0.08062785863876343
BAL_G,3,bracket_brown/test/bend_and_parts_mismatch/003.png,1,defect,32x32,10,27,0.016421946110548796,0.0,0.008260175585746765,0.017743855714797974,0.02475384622812271,0.03412745743989944,0.0,0.036160826683044434
BAL_G,3,bracket_brown/test/bend_and_parts_mismatch/003.png,1,clean_defect,32x32,10,17,0.01325011341010823,0.0,0.005415737628936768,0.012113377451896667,0.021096423268318176,0.02713274657726287,0.0,0.035983309149742126
BAL_G,3,bracket_brown/test/bend_and_parts_mismatch/003.png,1,boundary,32x32,10,10,0.02181406170129776,0.006981166452169419,0.01792731136083603,0.022886715829372406,0.028282079845666885,0.033297166228294366,0.0,0.036160826683044434
BAL_G,4,bracket_brown/test/bend_and_parts_mismatch/004.png,1,abnormal_normal,32x32,14,990,0.012404018309381273,0.0004039019346237184,0.004169296473264694,0.009507589042186737,0.016767464578151703,0.03528224825859069,0.0,0.10044069588184357
BAL_G,4,bracket_brown/test/bend_and_parts_mismatch/004.png,1,defect,32x32,14,34,0.013650806949419133,0.0035249389708042144,0.007694404572248459,0.01261080801486969,0.018582768738269806,0.029220969229936597,0.0016038715839385986,0.032152026891708374
BAL_G,4,bracket_brown/test/bend_and_parts_mismatch/004.png,1,clean_defect,32x32,14,20,0.01264573186635971,0.003192766755819321,0.005847722291946411,0.009771034121513367,0.018226347863674164,0.029115415364503863,0.0016038715839385986,0.032152026891708374
BAL_G,4,bracket_brown/test/bend_and_parts_mismatch/004.png,1,boundary,32x32,14,14,0.015086628496646881,0.006671606004238129,0.007802445441484451,0.014910325407981873,0.02181766927242279,0.027220066636800766,0.00555342435836792,0.029713809490203857
BAL_G,5,bracket_brown/test/bend_and_parts_mismatch/005.png,1,abnormal_normal,32x32,20,985,0.013331566940104296,0.0007383823394775391,0.005163908004760742,0.010307729244232178,0.018886417150497437,0.03508356809616088,0.0,0.07042628526687622
BAL_G,5,bracket_brown/test/bend_and_parts_mismatch/005.png,1,defect,32x32,20,39,0.021224374572436016,0.0033876806497573856,0.010373130440711975,0.02138569951057434,0.028996288776397705,0.04435721039772035,0.0004824399948120117,0.06433641910552979
BAL_G,5,bracket_brown/test/bend_and_parts_mismatch/005.png,1,clean_defect,32x32,20,19,0.01739169186667392,0.0035086825489997866,0.010373130440711975,0.016788989305496216,0.026325345039367676,0.031103329360485064,0.0004824399948120117,0.036740005016326904
BAL_G,5,bracket_brown/test/bend_and_parts_mismatch/005.png,1,boundary,32x32,20,20,0.024865423142910004,0.003468360006809235,0.011597521603107452,0.026158027350902557,0.031453561037778854,0.053897906839847576,0.0019354522228240967,0.06433641910552979
BAL_G,6,bracket_brown/test/bend_and_parts_mismatch/006.png,1,abnormal_normal,32x32,13,994,0.013393628780151037,0.0011930152773857118,0.005854271352291107,0.010942712426185608,0.018057931214571,0.035598500818014134,0.0,0.06969913840293884
BAL_G,6,bracket_brown/test/bend_and_parts_mismatch/006.png,1,defect,32x32,13,30,0.015746282537778218,0.003341320157051087,0.009398873895406723,0.014116667211055756,0.02213054522871971,0.030607987195253365,3.11732292175293e-05,0.03545258939266205
BAL_G,6,bracket_brown/test/bend_and_parts_mismatch/006.png,1,clean_defect,32x32,13,17,0.014479535467484417,0.004078423976898194,0.009270057082176208,0.012691140174865723,0.020361974835395813,0.02468294203281402,3.11732292175293e-05,0.02915896475315094
BAL_G,6,bracket_brown/test/bend_and_parts_mismatch/006.png,1,boundary,32x32,13,13,0.01740279793739319,0.004603826999664307,0.009785324335098267,0.014409065246582031,0.024838492274284363,0.03324755430221557,0.001910388469696045,0.03545258939266205
BAL_G,7,bracket_brown/test/bend_and_parts_mismatch/007.png,1,abnormal_normal,32x32,18,989,0.01282911129197891,0.0009515047073364259,0.005510225892066956,0.010331079363822937,0.016852110624313354,0.03325576782226562,0.0,0.07577314972877502
BAL_G,7,bracket_brown/test/bend_and_parts_mismatch/007.png,1,defect,32x32,18,35,0.014422745364052908,0.001730190217494965,0.007305413484573364,0.012525096535682678,0.018987834453582764,0.03363422453403472,0.00021214783191680908,0.06260420382022858
BAL_G,7,bracket_brown/test/bend_and_parts_mismatch/007.png,1,clean_defect,32x32,18,17,0.011322651715839611,0.0032314449548721314,0.005845740437507629,0.008964359760284424,0.01371796429157257,0.027376255393028254,0.00021214783191680908,0.03152112662792206
BAL_G,7,bracket_brown/test/bend_and_parts_mismatch/007.png,1,boundary,32x32,18,18,0.017350611587365467,0.002011404186487198,0.007684275507926941,0.016234740614891052,0.019558917731046677,0.03889827653765675,0.000417858362197876,0.06260420382022858
BAL_G,8,bracket_brown/test/bend_and_parts_mismatch/008.png,1,abnormal_normal,32x32,25,982,0.013244111280577247,0.0015848077833652498,0.005583487451076508,0.01048634946346283,0.01764242723584175,0.03434367477893828,0.0,0.08479252457618713
BAL_G,8,bracket_brown/test/bend_and_parts_mismatch/008.png,1,defect,32x32,25,42,0.019155054574921018,0.0051975205540657045,0.013700779527425766,0.01750640571117401,0.02272608131170273,0.03331394866108894,0.0,0.074027419090271
BAL_G,8,bracket_brown/test/bend_and_parts_mismatch/008.png,1,clean_defect,32x32,25,17,0.021418159498887902,0.0047013163566589355,0.01523810625076294,0.01880475878715515,0.022915184497833252,0.04152503013610837,0.0,0.074027419090271
BAL_G,8,bracket_brown/test/bend_and_parts_mismatch/008.png,1,boundary,32x32,25,25,0.017616143226623537,0.0053464859724044805,0.011924907565116882,0.01697765290737152,0.02084195613861084,0.03125333487987518,0.004791557788848877,0.04741930961608887
BAL_G,9,bracket_brown/test/bend_and_parts_mismatch/009.png,1,abnormal_normal,32x32,19,993,0.01238949053657259,0.0011945128440856933,0.005180910229682922,0.00983014702796936,0.016008466482162476,0.03319724798202514,0.0,0.08459010720252991
BAL_G,9,bracket_brown/test/bend_and_parts_mismatch/009.png,1,defect,32x32,19,31,0.015634267560897336,0.002464786171913147,0.006474345922470093,0.013026341795921326,0.021171122789382935,0.03343338519334793,0.0,0.05680882930755615
BAL_G,9,bracket_brown/test/bend_and_parts_mismatch/009.png,1,clean_defect,32x32,19,12,0.011453650891780853,0.0023285776376724245,0.005919955670833588,0.011651314795017242,0.015801746398210526,0.021939571201801296,0.0,0.026533931493759155
BAL_G,9,bracket_brown/test/bend_and_parts_mismatch/009.png,1,boundary,32x32,19,19,0.018274657036128798,0.003292015194892883,0.006973251700401306,0.015927091240882874,0.025788404047489166,0.038600867986679034,0.0014307498931884766,0.05680882930755615
BAL_G,10,bracket_brown/test/bend_and_parts_mismatch/010.png,1,abnormal_normal,32x32,14,992,0.01233768611845951,0.0009856149554252625,0.005210302770137787,0.009421199560165405,0.01649404689669609,0.032745207846164685,0.0,0.09896673262119293
BAL_G,10,bracket_brown/test/bend_and_parts_mismatch/010.png,1,defect,32x32,14,32,0.01422366639599204,0.0,0.005325354635715485,0.01000659167766571,0.01695438101887703,0.04882625937461853,0.0,0.05945809185504913
BAL_G,10,bracket_brown/test/bend_and_parts_mismatch/010.png,1,clean_defect,32x32,14,18,0.015279554658465914,0.0024851933121681218,0.005871966481208801,0.009830191731452942,0.016480177640914917,0.04708292856812475,0.0,0.05945809185504913
BAL_G,10,bracket_brown/test/bend_and_parts_mismatch/010.png,1,boundary,32x32,14,14,0.012866095772811345,0.0,0.003851603716611862,0.011263415217399597,0.01640106737613678,0.033087468147277824,0.0,0.05362614989280701
BAL_G,11,bracket_brown/test/bend_and_parts_mismatch/011.png,1,abnormal_normal,32x32,19,991,0.01133345485515479,0.0004795193672180176,0.004720829427242279,0.009097009897232056,0.01498328149318695,0.03022059053182602,0.0,0.06106409430503845
BAL_G,11,bracket_brown/test/bend_and_parts_mismatch/011.png,1,defect,32x32,19,33,0.012433489615266973,0.00026097297668457035,0.0047177523374557495,0.007788792252540588,0.01792261004447937,0.033310616016387934,0.0,0.051163628697395325
BAL_G,11,bracket_brown/test/bend_and_parts_mismatch/011.png,1,clean_defect,32x32,19,14,0.01332245341369084,0.0002667292952537537,0.006342828273773193,0.007880613207817078,0.017548929899930954,0.03799884766340255,0.00019189715385437012,0.051163628697395325
BAL_G,11,bracket_brown/test/bend_and_parts_mismatch/011.png,1,boundary,32x32,19,19,0.011778463658533599,0.0009712278842926025,0.004701830446720123,0.007019221782684326,0.01643507182598114,0.03243879079818725,0.0,0.03505426645278931
BAL_G,12,bracket_brown/test/bend_and_parts_mismatch/012.png,1,abnormal_normal,32x32,18,992,0.011477646793449117,0.000907084345817566,0.00434715673327446,0.008714564144611359,0.014965921640396118,0.032073199003934794,0.0,0.07665625214576721
BAL_G,12,bracket_brown/test/bend_and_parts_mismatch/012.png,1,defect,32x32,18,32,0.012151349801570177,0.0004484653472900391,0.006134979426860809,0.011120013892650604,0.014708232134580612,0.03385601490736007,0.0,0.037885770201683044
BAL_G,12,bracket_brown/test/bend_and_parts_mismatch/012.png,1,clean_defect,32x32,18,14,0.013824858835765294,0.005245862156152725,0.009305823594331741,0.01169026643037796,0.013384032994508743,0.03378230333328247,0.0035110563039779663,0.037885770201683044
BAL_G,12,bracket_brown/test/bend_and_parts_mismatch/012.png,1,boundary,32x32,18,18,0.010849731663862864,0.0,0.005397006869316101,0.009642697870731354,0.015761513262987137,0.0219845578074455,0.0,0.036646679043769836
BAL_G,13,bracket_brown/test/bend_and_parts_mismatch/013.png,1,abnormal_normal,32x32,14,994,0.010995591160517104,0.0006749257445335389,0.004411380738019943,0.008907832205295563,0.015095334500074387,0.029444171488285042,0.0,0.06972464919090271
BAL_G,13,bracket_brown/test/bend_and_parts_mismatch/013.png,1,defect,32x32,14,30,0.015844210485617318,0.002005353569984437,0.008366938680410385,0.012376740574836731,0.019785255193710327,0.036035862565040586,0.0,0.0769275575876236
BAL_G,13,bracket_brown/test/bend_and_parts_mismatch/013.png,1,clean_defect,32x32,14,16,0.015800173394382,0.00334225594997406,0.007515136152505875,0.011450350284576416,0.013774998486042023,0.04612087830901146,0.0,0.0769275575876236
BAL_G,13,bracket_brown/test/bend_and_parts_mismatch/013.png,1,boundary,32x32,14,14,0.015894538589886258,0.003521469235420227,0.009266890585422516,0.016065984964370728,0.022226322442293167,0.030913266539573665,0.0,0.03618630766868591
BAL_G,14,bracket_brown/test/bend_and_parts_mismatch/014.png,1,abnormal_normal,32x32,23,983,0.011633577751846546,0.00019220709800720216,0.00396391749382019,0.008840307593345642,0.01571250706911087,0.03306239843368529,0.0,0.09617920219898224
BAL_G,14,bracket_brown/test/bend_and_parts_mismatch/014.png,1,defect,32x32,23,41,0.014463960397534253,0.0,0.004869043827056885,0.012427866458892822,0.02156740427017212,0.03405866026878357,0.0,0.054980114102363586
BAL_G,14,bracket_brown/test/bend_and_parts_mismatch/014.png,1,clean_defect,32x32,23,18,0.0183543860912323,0.0036838434636592868,0.00788974016904831,0.018129907548427582,0.022187214344739914,0.037196878343820544,0.0029466450214385986,0.054980114102363586
BAL_G,14,bracket_brown/test/bend_and_parts_mismatch/014.png,1,boundary,32x32,23,23,0.011419279419857523,0.0,0.00231335312128067,0.009297728538513184,0.01701560616493225,0.03257798254489897,0.0,0.038549527525901794
BAL_G,15,bracket_brown/test/bend_and_parts_mismatch/015.png,1,abnormal_normal,32x32,17,990,0.011478447974330248,0.0007829979062080384,0.004351042211055756,0.008597463369369507,0.015211820602416992,0.03229191824793815,0.0,0.07120046019554138
BAL_G,15,bracket_brown/test/bend_and_parts_mismatch/015.png,1,defect,32x32,17,34,0.01627384652109707,0.0001365788280963898,0.006349392235279083,0.012808285653591156,0.019306275993585587,0.04539882764220233,0.0,0.06642976403236389
BAL_G,15,bracket_brown/test/bend_and_parts_mismatch/015.png,1,clean_defect,32x32,17,17,0.01659247454474954,0.00016809701919555666,0.0051465630531311035,0.013318657875061035,0.01949717104434967,0.04213331639766692,0.0,0.059549376368522644
BAL_G,15,bracket_brown/test/bend_and_parts_mismatch/015.png,1,boundary,32x32,17,17,0.015955218497444603,0.0009410619735717774,0.006582766771316528,0.011436522006988525,0.018460005521774292,0.03794062733650205,0.0,0.06642976403236389
BAL_G,16,bracket_brown/test/bend_and_parts_mismatch/016.png,1,abnormal_normal,32x32,15,995,0.011428213688596409,0.0006268873810768128,0.004359528422355652,0.008595019578933716,0.015598557889461517,0.031436747312545754,0.0,0.07961216568946838
BAL_G,16,bracket_brown/test/bend_and_parts_mismatch/016.png,1,defect,32x32,15,29,0.016361400998871903,0.0039029479026794437,0.007712572813034058,0.014074757695198059,0.022199690341949463,0.034031543135642994,0.0010712742805480957,0.05477513372898102
BAL_G,16,bracket_brown/test/bend_and_parts_mismatch/016.png,1,clean_defect,32x32,15,14,0.009757001485143389,0.0025164082646369932,0.006278343498706818,0.008135095238685608,0.01417316123843193,0.01707078590989113,0.0010712742805480957,0.01840531826019287
BAL_G,16,bracket_brown/test/bend_and_parts_mismatch/016.png,1,boundary,32x32,15,15,0.02252550721168518,0.009030485153198242,0.01150587946176529,0.022199690341949463,0.02827940136194229,0.041497251391410805,0.007712572813034058,0.05477513372898102
BAL_G,17,bracket_brown/test/good/000.png,0,normal_image,32x32,0,1024,0.009963916294509545,0.0,0.002814207226037979,0.007020406424999237,0.013440199196338654,0.03054346963763234,0.0,0.07912293076515198
BAL_G,18,bracket_brown/test/good/001.png,0,normal_image,32x32,0,1024,0.011168110620928928,1.8864870071411848e-06,0.003385506570339203,0.007897958159446716,0.015295431017875671,0.033080761879682535,0.0,0.07275660336017609
BAL_G,19,bracket_brown/test/good/002.png,0,normal_image,32x32,0,1024,0.012304839474381879,0.0003779068589210513,0.004365231841802597,0.009415611624717712,0.017128199338912964,0.03426093757152556,0.0,0.13163244724273682
BAL_G,20,bracket_brown/test/good/003.png,0,normal_image,32x32,0,1024,0.013591196096967906,0.00124453604221344,0.004962150007486343,0.010222099721431732,0.018766388297080994,0.03686132058501244,0.0,0.08384940028190613
BAL_G,21,bracket_brown/test/good/004.png,0,normal_image,32x32,0,1024,0.010804295146954246,0.00028312802314758314,0.003421451896429062,0.008360706269741058,0.014810137450695038,0.029598477482795697,0.0,0.07823877036571503
BAL_G,22,bracket_brown/test/good/005.png,0,normal_image,32x32,0,1024,0.010169409069931135,0.0,0.002289794385433197,0.0070159584283828735,0.01469915360212326,0.03274607360362997,0.0,0.08777987957000732
BAL_G,23,bracket_brown/test/good/006.png,0,normal_image,32x32,0,1024,0.010784447615151294,0.0,0.0027908384799957275,0.0072260573506355286,0.013652622699737549,0.035807728022336956,0.0,0.10141168534755707
BAL_G,24,bracket_brown/test/good/007.png,0,normal_image,32x32,0,1024,0.011169825273100287,0.0,0.003457438200712204,0.00773138552904129,0.015386588871479034,0.033823645859956716,0.0,0.07471226155757904
BAL_G,25,bracket_brown/test/good/008.png,0,normal_image,32x32,0,1024,0.012185793035314418,0.0004740916192531587,0.0043136849999427795,0.009015202522277832,0.016745109111070633,0.034697636961936916,0.0,0.10265327990055084
BAL_G,26,bracket_brown/test/good/009.png,0,normal_image,32x32,0,1024,0.011745472089387476,0.0005708932876586914,0.004272844642400742,0.008949175477027893,0.016241759061813354,0.032783120125532146,0.0,0.08535854518413544
BAL_G,27,bracket_brown/test/good/010.png,0,normal_image,32x32,0,1024,0.01267047859437298,0.000806902348995209,0.00513482466340065,0.01005881279706955,0.016846198588609695,0.03431067764759063,0.0,0.09360598027706146
BAL_G,28,bracket_brown/test/good/011.png,0,normal_image,32x32,0,1024,0.010536462141317315,8.593499660492036e-06,0.002820398658514023,0.007487647235393524,0.014539740979671478,0.03102009817957877,0.0,0.10002771019935608
BAL_G,29,bracket_brown/test/good/012.png,0,normal_image,32x32,0,1024,0.012348609889158979,0.0005172774195671082,0.004212036728858948,0.008863285183906555,0.016623809933662415,0.03727151826024054,0.0,0.09460332989692688
BAL_G,30,bracket_brown/test/good/013.png,0,normal_image,32x32,0,1024,0.01079848398512695,0.00020315200090408346,0.0029244646430015564,0.007815055549144745,0.014659561216831207,0.03273547887802114,0.0,0.08319874107837677
BAL_G,31,bracket_brown/test/good/014.png,0,normal_image,32x32,0,1024,0.010357192135415971,7.394254207611092e-05,0.002970043569803238,0.007731057703495026,0.014209605753421783,0.029277799278497656,0.0,0.07066352665424347
BAL_G,32,bracket_brown/test/good/015.png,0,normal_image,32x32,0,1024,0.009678940929006785,7.402896881103796e-06,0.002402309328317642,0.006242424249649048,0.0123789943754673,0.030805138498544642,0.0,0.09975786507129669
BAL_G,33,bracket_brown/test/good/016.png,0,normal_image,32x32,0,1024,0.008878122651367448,0.0,0.0001491457223892212,0.0037901028990745544,0.012024473398923874,0.03458322882652282,0.0,0.1250113546848297
BAL_G,34,bracket_brown/test/good/017.png,0,normal_image,32x32,0,1024,0.009938154704286717,0.0,0.002694740891456604,0.006845161318778992,0.013884056359529495,0.02939333617687224,0.0,0.06655043363571167
BAL_G,35,bracket_brown/test/good/018.png,0,normal_image,32x32,0,1024,0.0099912786972709,0.0,0.002305068075656891,0.006817728281021118,0.014374397695064545,0.030278690159320807,0.0,0.08796541392803192
BAL_G,36,bracket_brown/test/good/019.png,0,normal_image,32x32,0,1024,0.01174429978709668,3.1349807977676594e-05,0.004012849181890488,0.00935027003288269,0.01633196696639061,0.032415226846933355,0.0,0.08730155229568481
BAL_G,37,bracket_brown/test/good/020.png,0,normal_image,32x32,0,1024,0.012523152254289016,0.0005635559558868409,0.004736945033073425,0.009817428886890411,0.017510995268821716,0.032847716659307476,0.0,0.07874935865402222
BAL_G,38,bracket_brown/test/good/021.png,0,normal_image,32x32,0,1024,0.010511639702599496,0.0,0.002703387290239334,0.0073500871658325195,0.014314517378807068,0.03110151439905165,0.0,0.08877632021903992
BAL_G,39,bracket_brown/test/good/022.png,0,normal_image,32x32,0,1024,0.009916184193571098,0.0,0.002560604363679886,0.006623685359954834,0.013094846159219742,0.03141856789588928,0.0,0.11822308599948883
BAL_G,40,bracket_brown/test/good/023.png,0,normal_image,32x32,0,1024,0.009744827868416905,0.00010488331317901612,0.0029010139405727386,0.006907299160957336,0.012897387146949768,0.029145706444978686,0.0,0.06603211164474487
BAL_G,41,bracket_brown/test/good/024.png,0,normal_image,32x32,0,1024,0.011637709816568531,0.0,0.0031966902315616608,0.00820586085319519,0.016077477484941483,0.03409320861101147,0.0,0.09493735432624817
BAL_G,42,bracket_brown/test/good/025.png,0,normal_image,32x32,0,1024,0.006842904724180698,0.0,0.0,0.0028906017541885376,0.009623438119888306,0.027858660370111463,0.0,0.07580900192260742
BAL_G,43,bracket_brown/test/parts_mismatch/000.png,1,abnormal_normal,32x32,1,1020,0.012117346609924353,0.0012111224234104157,0.005362741649150848,0.0098651722073555,0.01599259302020073,0.03053942769765853,0.0,0.094718798995018
BAL_G,43,bracket_brown/test/parts_mismatch/000.png,1,defect,32x32,1,4,0.022950217127799988,0.013816986232995987,0.01707618311047554,0.02165864408016205,0.027532678097486496,0.0338916502892971,0.013002187013626099,0.035481393337249756
BAL_G,43,bracket_brown/test/parts_mismatch/000.png,1,clean_defect,32x32,1,3,0.01877315839131673,0.013545386493206024,0.015718184411525726,0.018434181809425354,0.02165864408016205,0.024238213896751404,0.013002187013626099,0.024883106350898743
BAL_G,43,bracket_brown/test/parts_mismatch/000.png,1,boundary,32x32,1,1,0.035481393337249756,0.035481393337249756,0.035481393337249756,0.035481393337249756,0.035481393337249756,0.035481393337249756,0.035481393337249756,0.035481393337249756
BAL_G,44,bracket_brown/test/parts_mismatch/001.png,1,abnormal_normal,32x32,5,1018,0.011857612398846444,0.0007407337427139283,0.005202885717153549,0.009418979287147522,0.01555728167295456,0.031128953397274017,0.0,0.07665544748306274
BAL_G,44,bracket_brown/test/parts_mismatch/001.png,1,defect,32x32,5,6,0.03198995441198349,0.006889600306749344,0.019404973834753036,0.02893267571926117,0.03323196992278099,0.06821911036968231,0.003705725073814392,0.07947450876235962
BAL_G,44,bracket_brown/test/parts_mismatch/001.png,1,clean_defect,32x32,5,1,0.02829621732234955,0.02829621732234955,0.02829621732234955,0.02829621732234955,0.02829621732234955,0.02829621732234955,0.02829621732234955,0.02829621732234955
BAL_G,44,bracket_brown/test/parts_mismatch/001.png,1,boundary,32x32,5,5,0.03272870182991028,0.0062528252601623535,0.0164412260055542,0.02956913411617279,0.03445291519165039,0.07047019004821777,0.003705725073814392,0.07947450876235962
BAL_G,45,bracket_brown/test/parts_mismatch/002.png,1,abnormal_normal,32x32,1,1022,0.011974906122381206,0.00043386220932006863,0.004190400242805481,0.009423717856407166,0.01712895929813385,0.03150800615549087,0.0,0.06489169597625732
BAL_G,45,bracket_brown/test/parts_mismatch/002.png,1,defect,32x32,1,2,0.009459204971790314,0.003712940961122513,0.006266836076974869,0.009459204971790314,0.012651573866605759,0.015205468982458115,0.003074467182159424,0.015843942761421204
BAL_G,45,bracket_brown/test/parts_mismatch/002.png,1,clean_defect,32x32,1,1,0.015843942761421204,0.015843942761421204,0.015843942761421204,0.015843942761421204,0.015843942761421204,0.015843942761421204,0.015843942761421204,0.015843942761421204
BAL_G,45,bracket_brown/test/parts_mismatch/002.png,1,boundary,32x32,1,1,0.003074467182159424,0.003074467182159424,0.003074467182159424,0.003074467182159424,0.003074467182159424,0.003074467182159424,0.003074467182159424,0.003074467182159424
BAL_G,46,bracket_brown/test/parts_mismatch/003.png,1,abnormal_normal,32x32,4,1020,0.013830345445403866,0.0013142213225364684,0.005483299493789673,0.010442763566970825,0.018785420805215836,0.038004091382026664,0.0,0.106321781873703
BAL_G,46,bracket_brown/test/parts_mismatch/003.png,1,defect,32x32,4,4,0.009646579623222351,0.00033910721540451053,0.0016955360770225525,0.009822025895118713,0.017773069441318512,0.018708427250385285,0.0,0.018942266702651978
BAL_G,46,bracket_brown/test/parts_mismatch/003.png,1,clean_defect,32x32,4,0,,,,,,,,
BAL_G,46,bracket_brown/test/parts_mismatch/003.png,1,boundary,32x32,4,4,0.009646579623222351,0.00033910721540451053,0.0016955360770225525,0.009822025895118713,0.017773069441318512,0.018708427250385285,0.0,0.018942266702651978
BAL_G,47,bracket_brown/test/parts_mismatch/004.png,1,abnormal_normal,32x32,4,1019,0.012930981573576548,0.000886112451553345,0.005206204950809479,0.010081171989440918,0.017644181847572327,0.03356272727251046,0.0,0.07581210136413574
BAL_G,47,bracket_brown/test/parts_mismatch/004.png,1,defect,32x32,4,5,0.01802048981189728,0.0026250869035720826,0.003665223717689514,0.019530415534973145,0.029914215207099915,0.03368487656116485,0.0023650527000427246,0.03462754189968109
BAL_G,47,bracket_brown/test/parts_mismatch/004.png,1,clean_defect,32x32,4,1,0.0023650527000427246,0.0023650527000427246,0.0023650527000427246,0.0023650527000427246,0.0023650527000427246,0.0023650527000427246,0.0023650527000427246,0.0023650527000427246
BAL_G,47,bracket_brown/test/parts_mismatch/004.png,1,boundary,32x32,4,4,0.021934349089860916,0.006045002490282059,0.015564117580652237,0.02472231537103653,0.03109254688024521,0.033920542895793916,0.003665223717689514,0.03462754189968109
BAL_G,48,bracket_brown/test/parts_mismatch/005.png,1,abnormal_normal,32x32,3,1020,0.013642653895943773,0.0015615679323673249,0.005636584013700485,0.011002771556377411,0.01802544668316841,0.0352889224886894,0.0,0.09836864471435547
BAL_G,48,bracket_brown/test/parts_mismatch/005.png,1,defect,32x32,3,4,0.01820460706949234,0.002833943068981171,0.008726559579372406,0.018633916974067688,0.028111964464187622,0.03297423720359802,0.0013607889413833618,0.03418980538845062
BAL_G,48,bracket_brown/test/parts_mismatch/005.png,1,clean_defect,32x32,3,1,0.011181816458702087,0.011181816458702087,0.011181816458702087,0.011181816458702087,0.011181816458702087,0.011181816458702087,0.011181816458702087,0.011181816458702087
BAL_G,48,bracket_brown/test/parts_mismatch/005.png,1,boundary,32x32,3,3,0.020545537273089092,0.0038333117961883547,0.013723403215408325,0.02608601748943329,0.030137911438941956,0.03337942659854889,0.0013607889413833618,0.03418980538845062
BAL_G,49,bracket_brown/test/parts_mismatch/006.png,1,abnormal_normal,32x32,3,1020,0.014084589335263945,0.001627933979034424,0.005880352109670639,0.011143118143081665,0.01903603971004486,0.03850125223398208,0.0,0.06156180799007416
BAL_G,49,bracket_brown/test/parts_mismatch/006.png,1,defect,32x32,3,4,0.020640723407268524,0.006447450816631317,0.011527858674526215,0.01701068878173828,0.02612355351448059,0.03991604447364806,0.005177348852157593,0.04336416721343994
BAL_G,49,bracket_brown/test/parts_mismatch/006.png,1,clean_defect,32x32,3,1,0.013644695281982422,0.013644695281982422,0.013644695281982422,0.013644695281982422,0.013644695281982422,0.013644695281982422,0.013644695281982422,0.013644695281982422
BAL_G,49,bracket_brown/test/parts_mismatch/006.png,1,boundary,32x32,3,3,0.02297273278236389,0.0066972821950912476,0.012777015566825867,0.02037668228149414,0.03187042474746704,0.041065418720245356,0.005177348852157593,0.04336416721343994
BAL_G,50,bracket_brown/test/parts_mismatch/007.png,1,abnormal_normal,32x32,5,1018,0.012744721149648804,0.0013278819620609283,0.005640875548124313,0.010060079395771027,0.01684356853365898,0.03166377618908882,0.0,0.12091413140296936
BAL_G,50,bracket_brown/test/parts_mismatch/007.png,1,defect,32x32,5,6,0.018342452744642895,0.007729530334472656,0.01153605431318283,0.022889286279678345,0.023989103734493256,0.024423900991678238,0.007661789655685425,0.024507001042366028
BAL_G,50,bracket_brown/test/parts_mismatch/007.png,1,clean_defect,32x32,5,1,0.024507001042366028,0.024507001042366028,0.024507001042366028,0.024507001042366028,0.024507001042366028,0.024507001042366028,0.024507001042366028,0.024507001042366028
BAL_G,50,bracket_brown/test/parts_mismatch/007.png,1,boundary,32x32,5,5,0.017109543085098267,0.00771598219871521,0.00793275237083435,0.02234596014022827,0.023432612419128418,0.024026203155517577,0.007661789655685425,0.024174600839614868
BAL_G,51,bracket_brown/test/parts_mismatch/008.png,1,abnormal_normal,32x32,3,1020,0.014139930918520572,0.0017229154706001283,0.006410665810108185,0.011496946215629578,0.019555721431970596,0.034371881932020176,0.0,0.08569000661373138
BAL_G,51,bracket_brown/test/parts_mismatch/008.png,1,defect,32x32,3,4,0.01423519104719162,0.004712989926338196,0.01028229296207428,0.015856117010116577,0.019809015095233917,0.021488095819950103,0.003320664167404175,0.02190786600112915
BAL_G,51,bracket_brown/test/parts_mismatch/008.png,1,clean_defect,32x32,3,1,0.012602835893630981,0.012602835893630981,0.012602835893630981,0.012602835893630981,0.012602835893630981,0.012602835893630981,0.012602835893630981,0.012602835893630981
BAL_G,51,bracket_brown/test/parts_mismatch/008.png,1,boundary,32x32,3,3,0.014779309431711832,0.004899537563323975,0.011215031147003174,0.019109398126602173,0.02050863206386566,0.021628019213676453,0.003320664167404175,0.02190786600112915
BAL_G,52,bracket_brown/test/parts_mismatch/009.png,1,abnormal_normal,32x32,7,1016,0.013195768306691816,0.0012318938970565796,0.0065111927688121796,0.01131989061832428,0.01748526096343994,0.03194457292556763,0.0,0.06533387303352356
BAL_G,52,bracket_brown/test/parts_mismatch/009.png,1,defect,32x32,7,8,0.014955410733819008,0.0018108516931533815,0.005709659308195114,0.013038314878940582,0.02105884626507759,0.03366408944129943,0.0012625455856323242,0.03946065902709961
BAL_G,52,bracket_brown/test/parts_mismatch/009.png,1,clean_defect,32x32,7,1,0.00666983425617218,0.00666983425617218,0.00666983425617218,0.00666983425617218,0.00666983425617218,0.00666983425617218,0.00666983425617218,0.00666983425617218
BAL_G,52,bracket_brown/test/parts_mismatch/009.png,1,boundary,32x32,7,7,0.016139064516339983,0.0017325222492218018,0.00633588433265686,0.01623399555683136,0.021672241389751434,0.034492170810699455,0.0012625455856323242,0.03946065902709961
BAL_G,53,bracket_brown/test/parts_mismatch/010.png,1,abnormal_normal,32x32,8,1014,0.014104920555148604,0.0019311189651489262,0.00658024474978447,0.011203289031982422,0.0184665247797966,0.036135178059339496,0.0,0.0864763855934143
BAL_G,53,bracket_brown/test/parts_mismatch/010.png,1,defect,32x32,8,10,0.0258222296833992,0.008119485527276992,0.015057925134897232,0.02044178545475006,0.033254556357860565,0.05633548423647877,0.006299063563346863,0.07130621373653412
BAL_G,53,bracket_brown/test/parts_mismatch/010.png,1,clean_defect,32x32,8,2,0.025474712252616882,0.015304540097713471,0.019824616611003876,0.025474712252616882,0.03112480789422989,0.03564488440752029,0.01417452096939087,0.036774903535842896
BAL_G,53,bracket_brown/test/parts_mismatch/010.png,1,boundary,32x32,8,8,0.02590910904109478,0.007714947313070297,0.015867214649915695,0.02044178545475006,0.026529617607593536,0.05966231301426886,0.006299063563346863,0.07130621373653412
BAL_G,54,bracket_brown/test/parts_mismatch/011.png,1,abnormal_normal,32x32,5,1019,0.013621456328856231,0.0011487841606140138,0.005494013428688049,0.011064931750297546,0.017849870026111603,0.03627093732357024,0.0,0.08788876235485077
BAL_G,54,bracket_brown/test/parts_mismatch/011.png,1,defect,32x32,5,5,0.021660402417182922,0.012286192178726197,0.018932491540908813,0.02158646285533905,0.027883917093276978,0.02899640202522278,0.010624617338180542,0.02927452325820923
BAL_G,54,bracket_brown/test/parts_mismatch/011.png,1,clean_defect,32x32,5,0,,,,,,,,
BAL_G,54,bracket_brown/test/parts_mismatch/011.png,1,boundary,32x32,5,5,0.021660402417182922,0.012286192178726197,0.018932491540908813,0.02158646285533905,0.027883917093276978,0.02899640202522278,0.010624617338180542,0.02927452325820923
BAL_G,55,bracket_brown/test/parts_mismatch/012.png,1,abnormal_normal,32x32,8,1015,0.014369234369306141,0.0014209389686584478,0.00671648234128952,0.011644959449768066,0.0187089741230011,0.03652818948030471,0.0,0.11398681998252869
BAL_G,55,bracket_brown/test/parts_mismatch/012.png,1,defect,32x32,8,9,0.026253917151027255,0.0015330195426940918,0.004304155707359314,0.026661843061447144,0.05119650065898895,0.054397392272949215,0.0014933943748474121,0.056251347064971924
BAL_G,55,bracket_brown/test/parts_mismatch/012.png,1,clean_defect,32x32,8,1,0.0014933943748474121,0.0014933943748474121,0.0014933943748474121,0.0014933943748474121,0.0014933943748474121,0.0014933943748474121,0.0014933943748474121,0.0014933943748474121
BAL_G,55,bracket_brown/test/parts_mismatch/012.png,1,boundary,32x32,8,8,0.029348982498049736,0.0025415517389774326,0.01239660382270813,0.02736842632293701,0.051301490515470505,0.054629136621952054,0.0015924572944641113,0.056251347064971924
BAL_G,56,bracket_brown/test/parts_mismatch/013.png,1,abnormal_normal,32x32,7,1015,0.014780281300615207,0.0019048824906349182,0.006716012954711914,0.011571913957595825,0.01969791203737259,0.03744100928306579,0.0,0.11713466048240662
BAL_G,56,bracket_brown/test/parts_mismatch/013.png,1,defect,32x32,7,9,0.024163530932532415,0.006964784860610962,0.009347736835479736,0.02197757363319397,0.032617390155792236,0.05777789354324339,0.006361961364746094,0.07429534196853638
BAL_G,56,bracket_brown/test/parts_mismatch/013.png,1,clean_defect,32x32,7,2,0.007977358996868134,0.006523501127958298,0.007169660180807114,0.007977358996868134,0.008785057812929153,0.00943121686577797,0.006361961364746094,0.009592756628990173
BAL_G,56,bracket_brown/test/parts_mismatch/013.png,1,boundary,32x32,7,7,0.028788151485579356,0.008312635123729706,0.015662655234336853,0.022408276796340942,0.032809555530548096,0.06190725564956662,0.007869020104408264,0.07429534196853638
BAL_G,57,bracket_brown/test/parts_mismatch/014.png,1,abnormal_normal,32x32,6,1016,0.011699429735189348,0.0008740872144699097,0.004678647965192795,0.009464934468269348,0.016063697636127472,0.031064826995134354,0.0,0.0701591968536377
BAL_G,57,bracket_brown/test/parts_mismatch/014.png,1,defect,32x32,6,8,0.02734292298555374,0.013365355134010316,0.01410478726029396,0.018281005322933197,0.043091028928756714,0.05049386918544769,0.013064175844192505,0.05294442176818848
BAL_G,57,bracket_brown/test/parts_mismatch/014.png,1,clean_defect,32x32,6,2,0.030065223574638367,0.01919754296541214,0.024027623236179352,0.030065223574638367,0.03610282391309738,0.04093290418386459,0.017990022897720337,0.042140424251556396
BAL_G,57,bracket_brown/test/parts_mismatch/014.png,1,boundary,32x32,6,6,0.026435489455858868,0.013279303908348083,0.013984721153974533,0.016368404030799866,0.039100129157304764,0.051194027066230774,0.013064175844192505,0.05294442176818848
BAL_G,58,bracket_brown/test/parts_mismatch/015.png,1,abnormal_normal,32x32,8,1014,0.012443291438519367,0.0012223295867443086,0.005554724484682083,0.010187104344367981,0.016956284642219543,0.031071384996175764,0.0,0.065542072057724
BAL_G,58,bracket_brown/test/parts_mismatch/015.png,1,defect,32x32,8,10,0.0184681236743927,0.011515964567661286,0.0134233757853508,0.016496680676937103,0.02298716828227043,0.02892097532749176,0.01095890998840332,0.02895796298980713
BAL_G,58,bracket_brown/test/parts_mismatch/015.png,1,clean_defect,32x32,8,2,0.01768925040960312,0.0116319440305233,0.01432408019900322,0.01768925040960312,0.021054420620203018,0.023746556788682937,0.01095890998840332,0.024419590830802917
BAL_G,58,bracket_brown/test/parts_mismatch/015.png,1,boundary,32x32,8,8,0.018662841990590096,0.012496225535869598,0.01416555792093277,0.016496680676937103,0.021236367523670197,0.028929194808006285,0.01219680905342102,0.02895796298980713
BAL_G,59,bracket_brown/test/parts_mismatch/016.png,1,abnormal_normal,32x32,11,1012,0.012097090026253298,0.0003407925367355347,0.004393111914396286,0.009257860481739044,0.016788240522146225,0.03419034257531162,0.0,0.0695173442363739
BAL_G,59,bracket_brown/test/parts_mismatch/016.png,1,defect,32x32,11,12,0.0137051393588384,0.005038796365261078,0.006631448864936829,0.014444112777709961,0.01685219630599022,0.025379622727632514,0.004612147808074951,0.03089231252670288
BAL_G,59,bracket_brown/test/parts_mismatch/016.png,1,clean_defect,32x32,11,1,0.01777227222919464,0.01777227222919464,0.01777227222919464,0.01777227222919464,0.01777227222919464,0.01777227222919464,0.01777227222919464,0.01777227222919464
BAL_G,59,bracket_brown/test/parts_mismatch/016.png,1,boundary,32x32,11,11,0.013335400006987831,0.005000010132789612,0.006475180387496948,0.014018088579177856,0.016219913959503174,0.025880776345729828,0.004612147808074951,0.03089231252670288
BAL_G,60,bracket_brown/test/parts_mismatch/017.png,1,abnormal_normal,32x32,7,1015,0.011633494099959951,0.00010347366333007818,0.004298463463783264,0.008850052952766418,0.016102030873298645,0.032819932699203455,0.0,0.07068568468093872
BAL_G,60,bracket_brown/test/parts_mismatch/017.png,1,defect,32x32,7,9,0.011757988068792555,0.0012851595878601075,0.006837800145149231,0.007950127124786377,0.014347285032272339,0.029174977540969847,0.0,0.030967742204666138
BAL_G,60,bracket_brown/test/parts_mismatch/017.png,1,clean_defect,32x32,7,2,0.007739163935184479,0.006927936524152756,0.007288482040166855,0.007739163935184479,0.008189845830202103,0.008550391346216202,0.006837800145149231,0.008640527725219727
BAL_G,60,bracket_brown/test/parts_mismatch/017.png,1,boundary,32x32,7,7,0.01290622353553772,0.0009638696908950807,0.005296289920806885,0.007950127124786377,0.020416557788848877,0.029623168706893917,0.0,0.030967742204666138
BAL_G,61,bracket_brown/test/parts_mismatch/018.png,1,abnormal_normal,32x32,12,1011,0.011469225236145608,0.0006496235728263855,0.004786163568496704,0.00909566879272461,0.01523900032043457,0.02928447723388672,0.0,0.1353306770324707
BAL_G,61,bracket_brown/test/parts_mismatch/018.png,1,defect,32x32,12,13,0.012262422304887038,0.0005633533000946046,0.0016506314277648926,0.006589442491531372,0.013034403324127197,0.038059672713279695,0.0,0.050381481647491455
BAL_G,61,bracket_brown/test/parts_mismatch/018.png,1,clean_defect,32x32,12,1,0.003983914852142334,0.003983914852142334,0.003983914852142334,0.003983914852142334,0.003983914852142334,0.003983914852142334,0.003983914852142334,0.003983914852142334
BAL_G,61,bracket_brown/test/parts_mismatch/018.png,1,boundary,32x32,12,12,0.012952297925949097,0.0005164071917533875,0.0014817863702774048,0.007162310183048248,0.01714611053466797,0.039086490124464024,0.0,0.050381481647491455
BAL_G,62,bracket_brown/test/parts_mismatch/019.png,1,abnormal_normal,32x32,9,1013,0.011314513005485421,0.0006578803062438965,0.004205226898193359,0.009031638503074646,0.01561988890171051,0.031161218881607052,0.0,0.07635745406150818
BAL_G,62,bracket_brown/test/parts_mismatch/019.png,1,defect,32x32,9,11,0.02052717317234386,0.004412859678268433,0.010883435606956482,0.01640436053276062,0.03076811134815216,0.037400469183921814,0.0,0.04347458481788635
BAL_G,62,bracket_brown/test/parts_mismatch/019.png,1,clean_defect,32x32,9,2,0.01512066274881363,0.001512066274881363,0.007560331374406815,0.01512066274881363,0.022680994123220444,0.028729259222745895,0.0,0.03024132549762726
BAL_G,62,bracket_brown/test/parts_mismatch/019.png,1,boundary,32x32,9,9,0.021728619933128357,0.009005999565124512,0.012490451335906982,0.01640436053276062,0.03129489719867706,0.03861529231071472,0.008825719356536865,0.04347458481788635
BAL_G,63,bracket_brown/test/parts_mismatch/020.png,1,abnormal_normal,32x32,10,1012,0.011042713721396894,0.0004368752241134646,0.004042003303766251,0.008584439754486084,0.014804709702730179,0.03036690726876256,0.0,0.08816972374916077
BAL_G,63,bracket_brown/test/parts_mismatch/020.png,1,defect,32x32,10,12,0.014775974055131277,0.000957903265953064,0.008994273841381073,0.013981185853481293,0.02070065587759018,0.028678034245967862,0.0002563893795013428,0.03068181872367859
BAL_G,63,bracket_brown/test/parts_mismatch/020.png,1,clean_defect,32x32,10,2,0.014285221695899963,0.0028072044253349302,0.007908545434474945,0.014285221695899963,0.02066189795732498,0.025763238966464996,0.0015318691730499268,0.02703857421875
BAL_G,63,bracket_brown/test/parts_mismatch/020.png,1,boundary,32x32,10,10,0.014874124526977539,0.0023513421416282653,0.011073850095272064,0.013981185853481293,0.018828246742486954,0.02800773680210113,0.0002563893795013428,0.03068181872367859
BAL_G,64,bracket_brown/test/parts_mismatch/021.png,1,abnormal_normal,32x32,10,1013,0.012628012280708945,0.001134634017944336,0.005200624465942383,0.009943544864654541,0.016936004161834717,0.03221610188484192,0.0,0.10865721106529236
BAL_G,64,bracket_brown/test/parts_mismatch/021.png,1,defect,32x32,10,11,0.022483291951092808,0.0060436055064201355,0.015527278184890747,0.02415737509727478,0.02989821881055832,0.03704877942800522,0.0021575093269348145,0.04031895101070404
BAL_G,64,bracket_brown/test/parts_mismatch/021.png,1,clean_defect,32x32,10,1,0.03118966519832611,0.03118966519832611,0.03118966519832611,0.03118966519832611,0.03118966519832611,0.03118966519832611,0.03118966519832611,0.03118966519832611
BAL_G,64,bracket_brown/test/parts_mismatch/021.png,1,boundary,32x32,10,10,0.021612654626369476,0.005654995888471603,0.014765247702598572,0.022849805653095245,0.02760028839111328,0.037375796586275094,0.0021575093269348145,0.04031895101070404
BAL_G,65,bracket_brown/test/parts_mismatch/022.png,1,abnormal_normal,32x32,11,1013,0.011621797014200675,0.0006370902061462403,0.004793807864189148,0.009221494197845459,0.015921831130981445,0.030272218585014343,0.0,0.09072761237621307
BAL_G,65,bracket_brown/test/parts_mismatch/022.png,1,defect,32x32,11,11,0.01816171407699585,0.0005328357219696045,0.0024453401565551758,0.007812201976776123,0.01600170135498047,0.07119335979223251,0.0,0.11903421580791473
BAL_G,65,bracket_brown/test/parts_mismatch/022.png,1,clean_defect,32x32,11,0,,,,,,,,
BAL_G,65,bracket_brown/test/parts_mismatch/022.png,1,boundary,32x32,11,11,0.01816171407699585,0.0005328357219696045,0.0024453401565551758,0.007812201976776123,0.01600170135498047,0.07119335979223251,0.0,0.11903421580791473
BAL_G,66,bracket_brown/test/parts_mismatch/023.png,1,abnormal_normal,32x32,3,1021,0.013205377686035387,0.0008786320686340332,0.0054890066385269165,0.010458558797836304,0.017407670617103577,0.033842071890830994,0.0,0.06755465269088745
BAL_G,66,bracket_brown/test/parts_mismatch/023.png,1,defect,32x32,3,3,0.007130354642868042,0.004943907260894775,0.006082057952880859,0.007504746317863464,0.008365847170352936,0.009054727852344513,0.004659369587898254,0.009226948022842407
BAL_G,66,bracket_brown/test/parts_mismatch/023.png,1,clean_defect,32x32,3,0,,,,,,,,
BAL_G,66,bracket_brown/test/parts_mismatch/023.png,1,boundary,32x32,3,3,0.007130354642868042,0.004943907260894775,0.006082057952880859,0.007504746317863464,0.008365847170352936,0.009054727852344513,0.004659369587898254,0.009226948022842407
BAL_G,67,bracket_brown/test/parts_mismatch/024.png,1,abnormal_normal,32x32,5,1019,0.01243978627647572,0.0009402036666870117,0.005385071039199829,0.010373860597610474,0.01650594174861908,0.03206242620944976,0.0,0.06603541970252991
BAL_G,67,bracket_brown/test/parts_mismatch/024.png,1,defect,32x32,5,5,0.007985812425613404,0.0019293367862701417,0.0022528469562530518,0.005608707666397095,0.011527270078659058,0.017258876562118528,0.001848459243774414,0.0186917781829834
BAL_G,67,bracket_brown/test/parts_mismatch/024.png,1,clean_defect,32x32,5,0,,,,,,,,
BAL_G,67,bracket_brown/test/parts_mismatch/024.png,1,boundary,32x32,5,5,0.007985812425613404,0.0019293367862701417,0.0022528469562530518,0.005608707666397095,0.011527270078659058,0.017258876562118528,0.001848459243774414,0.0186917781829834
BAL_G,68,bracket_brown/test/parts_mismatch/025.png,1,abnormal_normal,32x32,4,1020,0.011437767554147571,0.0,0.0037563778460025787,0.008770495653152466,0.01584509015083313,0.03270466029644012,0.0,0.07627524435520172
BAL_G,68,bracket_brown/test/parts_mismatch/025.png,1,defect,32x32,4,4,0.013912349939346313,0.004004700481891632,0.006711997091770172,0.012938976287841797,0.020139329135417938,0.025182722508907317,0.003327876329421997,0.026443570852279663
BAL_G,68,bracket_brown/test/parts_mismatch/025.png,1,clean_defect,32x32,4,0,,,,,,,,
BAL_G,68,bracket_brown/test/parts_mismatch/025.png,1,boundary,32x32,4,4,0.013912349939346313,0.004004700481891632,0.006711997091770172,0.012938976287841797,0.020139329135417938,0.025182722508907317,0.003327876329421997,0.026443570852279663
BAL_G,69,bracket_brown/test/parts_mismatch/026.png,1,abnormal_normal,32x32,10,1014,0.012364312198152674,0.0010035745799541473,0.0052469708025455475,0.0099993497133255,0.01661144569516182,0.031858050823211644,0.0,0.09813439846038818
BAL_G,69,bracket_brown/test/parts_mismatch/026.png,1,defect,32x32,10,10,0.021041686832904815,0.009093480557203293,0.014786951243877411,0.02030526101589203,0.025315873324871063,0.03518324196338653,0.006879270076751709,0.03794315457344055
BAL_G,69,bracket_brown/test/parts_mismatch/026.png,1,clean_defect,32x32,10,0,,,,,,,,
BAL_G,69,bracket_brown/test/parts_mismatch/026.png,1,boundary,32x32,10,10,0.021041686832904815,0.009093480557203293,0.014786951243877411,0.02030526101589203,0.025315873324871063,0.03518324196338653,0.006879270076751709,0.03794315457344055
BAL_G,70,bracket_brown/test/parts_mismatch/027.png,1,abnormal_normal,32x32,8,1015,0.01195367313370916,0.00019316077232360841,0.004238948225975037,0.009417995810508728,0.016990303993225098,0.03223968297243118,0.0,0.07232823967933655
BAL_G,70,bracket_brown/test/parts_mismatch/027.png,1,defect,32x32,8,9,0.013841327693727281,0.0021853208541870116,0.005588069558143616,0.01063549518585205,0.01934388279914856,0.03377500176429748,0.0,0.042729854583740234
BAL_G,70,bracket_brown/test/parts_mismatch/027.png,1,clean_defect,32x32,8,1,0.0,0.0,0.0,0.0,0.0,0.0,0.0,0.0
BAL_G,70,bracket_brown/test/parts_mismatch/027.png,1,boundary,32x32,8,8,0.015571493655443192,0.005506970733404159,0.008188672363758087,0.011024288833141327,0.01959359273314476,0.034894358366727815,0.005463302135467529,0.042729854583740234
BAL_G,71,bracket_brown/test/parts_mismatch/028.png,1,abnormal_normal,32x32,7,1016,0.01129010222910896,0.0006700456142425537,0.00445922464132309,0.008962146937847137,0.014834489673376083,0.02971670776605606,0.0,0.06061670184135437
BAL_G,71,bracket_brown/test/parts_mismatch/028.png,1,defect,32x32,7,8,0.016818569973111153,0.0013994172215461731,0.008236370980739594,0.0164787620306015,0.023906420916318893,0.03393065258860588,0.0008968710899353027,0.03506097197532654
BAL_G,71,bracket_brown/test/parts_mismatch/028.png,1,clean_defect,32x32,7,1,0.03183148801326752,0.03183148801326752,0.03183148801326752,0.03183148801326752,0.03183148801326752,0.03183148801326752,0.03183148801326752,0.03183148801326752
BAL_G,71,bracket_brown/test/parts_mismatch/028.png,1,boundary,32x32,7,7,0.014673867395945958,0.0013276249170303346,0.006268486380577087,0.01591283082962036,0.019154712557792664,0.030922099947929372,0.0008968710899353027,0.03506097197532654
BAL_G,72,bracket_brown/test/parts_mismatch/029.png,1,abnormal_normal,32x32,5,1019,0.011665446118938794,0.0006011471152305603,0.004342421889305115,0.009530261158943176,0.01650911569595337,0.029288026690483082,0.0,0.08287905156612396
BAL_G,72,bracket_brown/test/parts_mismatch/029.png,1,defect,32x32,5,5,0.013992652297019958,0.0012536317110061646,0.006268158555030823,0.012869477272033691,0.019908234477043152,0.02871555984020233,0.0,0.030917391180992126
BAL_G,72,bracket_brown/test/parts_mismatch/029.png,1,clean_defect,32x32,5,0,,,,,,,,
BAL_G,72,bracket_brown/test/parts_mismatch/029.png,1,boundary,32x32,5,5,0.013992652297019958,0.0012536317110061646,0.006268158555030823,0.012869477272033691,0.019908234477043152,0.02871555984020233,0.0,0.030917391180992126
BAL_G,73,bracket_brown/test/parts_mismatch/030.png,1,abnormal_normal,32x32,7,1017,0.01242998835787309,0.0006199538707733155,0.004655301570892334,0.009070739150047302,0.016830146312713623,0.03487529158592224,0.0,0.07568329572677612
BAL_G,73,bracket_brown/test/parts_mismatch/030.png,1,defect,32x32,7,7,0.008956500462123327,0.0009025007486343385,0.006308466196060181,0.011726170778274536,0.012158960103988647,0.013505941629409789,0.0,0.014034479856491089
BAL_G,73,bracket_brown/test/parts_mismatch/030.png,1,clean_defect,32x32,7,0,,,,,,,,
BAL_G,73,bracket_brown/test/parts_mismatch/030.png,1,boundary,32x32,7,7,0.008956500462123327,0.0009025007486343385,0.006308466196060181,0.011726170778274536,0.012158960103988647,0.013505941629409789,0.0,0.014034479856491089
BAL_G,74,bracket_brown/test/parts_mismatch/031.png,1,abnormal_normal,32x32,7,1014,0.013077307103065814,0.0011743463575839997,0.005525179207324982,0.010591857135295868,0.017381232231855392,0.03344661965966223,0.0,0.08388245105743408
BAL_G,74,bracket_brown/test/parts_mismatch/031.png,1,defect,32x32,7,10,0.00928751826286316,0.0007627665996551514,0.007110990583896637,0.008635327219963074,0.01186855137348175,0.018888622522354116,0.0,0.022643983364105225
BAL_G,74,bracket_brown/test/parts_mismatch/031.png,1,clean_defect,32x32,7,3,0.0040185948212941485,0.00016950368881225587,0.0008475184440612793,0.0016950368881225586,0.006027892231941223,0.009494176506996153,0.0,0.010360747575759888
BAL_G,74,bracket_brown/test/parts_mismatch/031.png,1,boundary,32x32,7,7,0.011545628309249878,0.007112279534339905,0.007632128894329071,0.00913672149181366,0.01333494484424591,0.020140409469604485,0.007104545831680298,0.022643983364105225
BAL_G,75,bracket_brown/test/parts_mismatch/032.png,1,abnormal_normal,32x32,8,1014,0.013022992826072423,0.0005805119872093202,0.004579879343509674,0.009618096053600311,0.017686080187559128,0.038407406210899345,0.0,0.07334646582603455
BAL_G,75,bracket_brown/test/parts_mismatch/032.png,1,defect,32x32,8,10,0.01985946446657181,0.0002635002136230469,0.005048155784606934,0.015145748853683472,0.027853772044181824,0.05195698216557501,0.0,0.06011432409286499
BAL_G,75,bracket_brown/test/parts_mismatch/032.png,1,clean_defect,32x32,8,2,0.028663627803325653,0.016672684997320174,0.022001992911100388,0.028663627803325653,0.03532526269555092,0.04065457060933113,0.015340358018875122,0.041986897587776184
BAL_G,75,bracket_brown/test/parts_mismatch/032.png,1,boundary,32x32,8,8,0.017658423632383347,0.00020494461059570316,0.0024259984493255615,0.013012662529945374,0.023648932576179504,0.04955897778272627,0.0,0.06011432409286499
BAL_G,76,bracket_brown/test/parts_mismatch/033.png,1,abnormal_normal,32x32,8,1014,0.012245124848871776,0.0005908668041229248,0.004550725221633911,0.009732522070407867,0.016361650079488754,0.032380398362874964,0.0,0.06712654232978821
BAL_G,76,bracket_brown/test/parts_mismatch/033.png,1,defect,32x32,8,10,0.015503428876399994,0.0005827516317367554,0.004417777061462402,0.016588442027568817,0.025757484138011932,0.03108187466859817,0.00015598535537719727,0.03312575817108154
BAL_G,76,bracket_brown/test/parts_mismatch/033.png,1,clean_defect,32x32,8,2,0.023496583104133606,0.018918092548847198,0.020952977240085602,0.023496583104133606,0.02604018896818161,0.028075073659420014,0.018409371376037598,0.028583794832229614
BAL_G,76,bracket_brown/test/parts_mismatch/033.png,1,boundary,32x32,8,8,0.013505140319466591,0.00048791468143463137,0.003518722951412201,0.00973404198884964,0.024105943739414215,0.030835881829261776,0.00015598535537719727,0.03312575817108154
