method,image_index,sample_id,image_label,region,grid,boundary_count,patch_count,mean,p05,p25,median,p75,p95,min,max
A1_G,0,capsule/test/crack/000.png,1,abnormal_normal,32x32,4,1017,0.007302659304561634,0.0,0.0015450119972229004,0.0043828487396240234,0.009827107191085815,0.022311991453170775,0.0,0.13310813903808594
A1_G,0,capsule/test/crack/000.png,1,defect,32x32,4,7,0.012663585799080985,0.0015254765748977661,0.004601836204528809,0.014116555452346802,0.01940758526325226,0.024553748965263366,0.0010060667991638184,0.02550363540649414
A1_G,0,capsule/test/crack/000.png,1,clean_defect,32x32,4,3,0.009936551253000895,0.0015520840883255006,0.003736153244972229,0.00646623969078064,0.014401793479919434,0.020750236511230466,0.0010060667991638184,0.022337347269058228
A1_G,0,capsule/test/crack/000.png,1,boundary,32x32,4,4,0.014708861708641052,0.004444301128387451,0.011271774768829346,0.015297189354896545,0.018734276294708252,0.02414976358413696,0.0027374327182769775,0.02550363540649414
A1_G,1,capsule/test/crack/001.png,1,abnormal_normal,32x32,20,978,0.008704552956397792,0.0,0.0015473738312721252,0.005052775144577026,0.011843852698802948,0.030015657842159264,0.0,0.0674191415309906
A1_G,1,capsule/test/crack/001.png,1,defect,32x32,20,46,0.03980955611104551,0.01019381731748581,0.02429927885532379,0.03498256206512451,0.0566154420375824,0.07155141234397888,0.007840245962142944,0.08864524960517883
A1_G,1,capsule/test/crack/001.png,1,clean_defect,32x32,20,26,0.0475862599336184,0.02233995497226715,0.030842654407024384,0.04661138355731964,0.06188291311264038,0.08038370311260223,0.01951614022254944,0.08864524960517883
A1_G,1,capsule/test/crack/001.png,1,boundary,32x32,20,20,0.029699841141700746,0.00824986696243286,0.01637408882379532,0.026296168565750122,0.039842940866947174,0.0596176490187645,0.007840245962142944,0.06157195568084717
A1_G,2,capsule/test/crack/002.png,1,abnormal_normal,32x32,4,1018,0.008404453312484126,3.146231174468999e-05,0.0018320754170417786,0.00454363226890564,0.010483033955097198,0.02823441922664642,0.0,0.11179089546203613
A1_G,2,capsule/test/crack/002.png,1,defect,32x32,4,6,0.010304073492685953,0.0007175356149673462,0.0028716400265693665,0.0080709308385849,0.018729545176029205,0.02183391898870468,0.0,0.022261619567871094
A1_G,2,capsule/test/crack/002.png,1,clean_defect,32x32,4,2,0.0080709308385849,0.0033956125378608705,0.005473531782627106,0.0080709308385849,0.010668329894542694,0.012746249139308928,0.0028761327266693115,0.013265728950500488
A1_G,2,capsule/test/crack/002.png,1,boundary,32x32,4,4,0.01142064481973648,0.00043052136898040776,0.0021526068449020386,0.011710479855537415,0.020978517830371857,0.022004999220371246,0.0,0.022261619567871094
A1_G,3,capsule/test/crack/003.png,1,abnormal_normal,32x32,4,1017,0.007752816292623034,0.0,0.0015006661415100098,0.0040496885776519775,0.009702950716018677,0.02768378853797909,0.0,0.08621391654014587
A1_G,3,capsule/test/crack/003.png,1,defect,32x32,4,7,0.01534038782119751,0.003506374359130859,0.006992042064666748,0.010656803846359253,0.01963895559310913,0.03554756939411162,0.003425031900405884,0.040038883686065674
A1_G,3,capsule/test/crack/003.png,1,clean_defect,32x32,4,3,0.025254507859547932,0.012097907066345216,0.017862319946289062,0.025067836046218872,0.03255335986614227,0.038541778922080994,0.010656803846359253,0.040038883686065674
A1_G,3,capsule/test/crack/003.png,1,boundary,32x32,4,4,0.007904797792434692,0.0034657031297683715,0.0036283880472183228,0.006992042064666748,0.011268451809883118,0.013621750473976135,0.003425031900405884,0.01421007513999939
A1_G,4,capsule/test/crack/004.png,1,abnormal_normal,32x32,9,1013,0.007481797514639625,0.0,0.0014286339282989502,0.004323422908782959,0.009973734617233276,0.02494122982025146,0.0,0.08730769157409668
A1_G,4,capsule/test/crack/004.png,1,defect,32x32,9,11,0.03137786821885542,0.013043731451034546,0.024600476026535034,0.030809134244918823,0.035842761397361755,0.053034842014312744,0.008191943168640137,0.0546189546585083
A1_G,4,capsule/test/crack/004.png,1,clean_defect,32x32,9,2,0.028001055121421814,0.02406967431306839,0.02581695467233658,0.028001055121421814,0.03018515557050705,0.03193243592977524,0.023632854223251343,0.032369256019592285
A1_G,4,capsule/test/crack/004.png,1,boundary,32x32,9,9,0.03212827112939623,0.012073373794555664,0.025568097829818726,0.030809134244918823,0.03757253289222717,0.05335166454315186,0.008191943168640137,0.0546189546585083
A1_G,5,capsule/test/crack/005.png,1,abnormal_normal,32x32,7,1013,0.0074450761403406715,0.0,0.0015125572681427002,0.004387497901916504,0.009710580110549927,0.025329428911209102,0.0,0.1661495864391327
A1_G,5,capsule/test/crack/005.png,1,defect,32x32,7,11,0.02024253390052102,0.0009807050228118896,0.004136711359024048,0.017317503690719604,0.032077670097351074,0.0442756712436676,0.0,0.04841235280036926
A1_G,5,capsule/test/crack/005.png,1,clean_defect,32x32,7,4,0.03817667067050934,0.03052836060523987,0.033184319734573364,0.0372149795293808,0.04220733046531677,0.04717134833335876,0.029864370822906494,0.04841235280036926
A1_G,5,capsule/test/crack/005.png,1,boundary,32x32,7,7,0.009994455746241979,0.0005884230136871339,0.0024434030055999756,0.005348026752471924,0.01660175621509552,0.023761242628097527,0.0,0.026522845029830933
A1_G,6,capsule/test/crack/006.png,1,abnormal_normal,32x32,10,1009,0.007500984830591677,3.1071901321411205e-05,0.001805335283279419,0.004252254962921143,0.009447336196899414,0.02521656751632685,0.0,0.12750819325447083
A1_G,6,capsule/test/crack/006.png,1,defect,32x32,10,15,0.032142762343088785,0.016022038459777833,0.03049011528491974,0.033271223306655884,0.037413448095321655,0.044582006335258474,0.0024613142013549805,0.04927530884742737
A1_G,6,capsule/test/crack/006.png,1,clean_defect,32x32,10,5,0.03654534816741943,0.032300668954849246,0.033271223306655884,0.03563237190246582,0.03919452428817749,0.04189537763595581,0.03205803036689758,0.04257059097290039
A1_G,6,capsule/test/crack/006.png,1,boundary,32x32,10,10,0.029941469430923462,0.011178922653198243,0.025509819388389587,0.03158751130104065,0.034672342240810394,0.04526335448026656,0.0024613142013549805,0.04927530884742737
A1_G,7,capsule/test/crack/007.png,1,abnormal_normal,32x32,11,1009,0.007847999852996161,0.0,0.0016267001628875732,0.004275292158126831,0.010914236307144165,0.028219962120056147,0.0,0.06479212641716003
A1_G,7,capsule/test/crack/007.png,1,defect,32x32,11,15,0.01011837919553121,0.0,0.003085300326347351,0.008395850658416748,0.013226911425590515,0.02563828527927398,0.0,0.030661076307296753
A1_G,7,capsule/test/crack/007.png,1,clean_defect,32x32,11,4,0.017547614872455597,0.009140422940254212,0.012118712067604065,0.015566766262054443,0.020995669066905975,0.028727994859218592,0.008395850658416748,0.030661076307296753
A1_G,7,capsule/test/crack/007.png,1,boundary,32x32,11,11,0.007416838949376886,0.0,0.0003050565719604492,0.006609916687011719,0.012132570147514343,0.01828990876674652,0.0,0.023485660552978516
A1_G,8,capsule/test/crack/008.png,1,abnormal_normal,32x32,9,1013,0.007381405964537882,0.0,0.001363992691040039,0.004265725612640381,0.00934690237045288,0.026701813936233505,0.0,0.06768608093261719
A1_G,8,capsule/test/crack/008.png,1,defect,32x32,9,11,0.027064976367083462,0.005814895033836365,0.015662536025047302,0.01897883415222168,0.03598815202713013,0.06336669623851776,0.0,0.06601467728614807
A1_G,8,capsule/test/crack/008.png,1,clean_defect,32x32,9,2,0.02108035981655121,0.0021080359816551208,0.010540179908275604,0.02108035981655121,0.03162053972482681,0.04005268365144729,0.0,0.04216071963310242
A1_G,8,capsule/test/crack/008.png,1,boundary,32x32,9,9,0.028394891156090632,0.013237637281417847,0.015675663948059082,0.01897883415222168,0.029815584421157837,0.06389629244804382,0.01162979006767273,0.06601467728614807
A1_G,9,capsule/test/crack/009.png,1,abnormal_normal,32x32,16,1005,0.007616433990535451,0.0,0.0017064809799194336,0.004202455282211304,0.009685426950454712,0.025607758760452255,0.0,0.14967119693756104
A1_G,9,capsule/test/crack/009.png,1,defect,32x32,16,19,0.01708383779776724,0.002896597981452942,0.007818102836608887,0.009946256875991821,0.027220457792282104,0.04311271011829375,0.0026787221431732178,0.050438493490219116
A1_G,9,capsule/test/crack/009.png,1,clean_defect,32x32,16,3,0.02882806460062663,0.01660529673099518,0.018022850155830383,0.01979479193687439,0.03511664271354675,0.04737412333488464,0.016250908374786377,0.050438493490219116
A1_G,9,capsule/test/crack/009.png,1,boundary,32x32,16,16,0.014881795272231102,0.0028602853417396545,0.006614089012145996,0.009653016924858093,0.025524437427520752,0.03369706869125366,0.0026787221431732178,0.042298734188079834
A1_G,10,capsule/test/crack/010.png,1,abnormal_normal,32x32,10,996,0.007126543895307794,0.0,0.001130029559135437,0.004131689667701721,0.009824350476264954,0.024464018642902374,0.0,0.07835841178894043
A1_G,10,capsule/test/crack/010.png,1,defect,32x32,10,28,0.012052071946007865,0.0,0.003818109631538391,0.00870048999786377,0.0204034224152565,0.02536489814519882,0.0,0.03219255805015564
A1_G,10,capsule/test/crack/010.png,1,clean_defect,32x32,10,18,0.013580307364463806,0.0004830300807952881,0.006896980106830597,0.0114249587059021,0.020423047244548798,0.02705698162317275,0.0,0.03219255805015564
A1_G,10,capsule/test/crack/010.png,1,boundary,32x32,10,10,0.00930124819278717,0.0,0.0035240501165390015,0.006300941109657288,0.014807134866714478,0.022770968079566953,0.0,0.023200631141662598
A1_G,11,capsule/test/crack/011.png,1,abnormal_normal,32x32,7,1013,0.007922421055979225,3.455877304077149e-05,0.0017892718315124512,0.004328727722167969,0.009489834308624268,0.026114600896835323,0.0,0.18649226427078247
A1_G,11,capsule/test/crack/011.png,1,defect,32x32,7,11,0.015303844755346125,0.0030279457569122314,0.007471367716789246,0.011726975440979004,0.022103384137153625,0.03367447853088379,5.662441253662109e-06,0.03488752245903015
A1_G,11,capsule/test/crack/011.png,1,clean_defect,32x32,7,4,0.016672559082508087,0.01090206503868103,0.011484354734420776,0.016714036464691162,0.021902240812778473,0.022384984791278838,0.010756492614746094,0.02250567078590393
A1_G,11,capsule/test/crack/011.png,1,boundary,32x32,7,7,0.014521722282682146,0.0018190324306488039,0.006277009844779968,0.008438944816589355,0.02288295328617096,0.03415969610214233,5.662441253662109e-06,0.03488752245903015
A1_G,12,capsule/test/crack/012.png,1,abnormal_normal,32x32,8,1013,0.008242485347881487,1.2183189392089861e-05,0.0016800463199615479,0.004923403263092041,0.010642051696777344,0.029408568143844602,0.0,0.08404472470283508
A1_G,12,capsule/test/crack/012.png,1,defect,32x32,8,11,0.013883495872670954,0.00502130389213562,0.007450088858604431,0.014651089906692505,0.018735945224761963,0.02508673071861267,0.003414720296859741,0.027802467346191406
A1_G,12,capsule/test/crack/012.png,1,clean_defect,32x32,8,3,0.018933782974878948,0.008202198147773742,0.014499440789222717,0.022370994091033936,0.02508673071861267,0.02725932002067566,0.006627887487411499,0.027802467346191406
A1_G,12,capsule/test/crack/012.png,1,boundary,32x32,8,8,0.011989638209342957,0.004614399373531341,0.007753945887088776,0.012371987104415894,0.015572652220726013,0.019517254829406736,0.003414720296859741,0.02134031057357788
A1_G,13,capsule/test/crack/013.png,1,abnormal_normal,32x32,2,1022,0.006811884051433048,0.0,0.0012491792440414429,0.0036842525005340576,0.008468568325042725,0.02426894903182982,0.0,0.0716688334941864
A1_G,13,capsule/test/crack/013.png,1,defect,32x32,2,2,0.03277118504047394,0.026416777074337004,0.029240958392620087,0.03277118504047394,0.03630141168832779,0.03912559300661087,0.025710731744766235,0.03983163833618164
A1_G,13,capsule/test/crack/013.png,1,clean_defect,32x32,2,0,,,,,,,,
A1_G,13,capsule/test/crack/013.png,1,boundary,32x32,2,2,0.03277118504047394,0.026416777074337004,0.029240958392620087,0.03277118504047394,0.03630141168832779,0.03912559300661087,0.025710731744766235,0.03983163833618164
A1_G,14,capsule/test/crack/014.png,1,abnormal_normal,32x32,3,1020,0.007294187943140666,0.0,0.0014207959175109863,0.003793656826019287,0.00944305956363678,0.024222554266452753,0.0,0.08206924796104431
A1_G,14,capsule/test/crack/014.png,1,defect,32x32,3,4,0.011152751743793488,0.0005097225308418274,0.002548612654209137,0.008613884449005127,0.017218023538589478,0.025350195169448846,0.0,0.027383238077163696
A1_G,14,capsule/test/crack/014.png,1,clean_defect,32x32,3,1,0.013829618692398071,0.013829618692398071,0.013829618692398071,0.013829618692398071,0.013829618692398071,0.013829618692398071,0.013829618692398071,0.013829618692398071
A1_G,14,capsule/test/crack/014.png,1,boundary,32x32,3,3,0.010260462760925293,0.0003398150205612183,0.0016990751028060913,0.0033981502056121826,0.01539069414138794,0.024984729290008542,0.0,0.027383238077163696
A1_G,15,capsule/test/crack/015.png,1,abnormal_normal,32x32,6,1006,0.007667133603133928,0.0,0.0015415400266647339,0.004321381449699402,0.010127216577529907,0.027134157717227936,0.0,0.09946361184120178
A1_G,15,capsule/test/crack/015.png,1,defect,32x32,6,18,0.02211353348361121,0.005529232323169708,0.016714274883270264,0.020591720938682556,0.0291084423661232,0.042300219833850856,0.005383700132369995,0.04457703232765198
A1_G,15,capsule/test/crack/015.png,1,clean_defect,32x32,6,12,0.024247939387957256,0.012644609808921814,0.017351821064949036,0.024612247943878174,0.029201239347457886,0.03660819977521895,0.008028924465179443,0.04457703232765198
A1_G,15,capsule/test/crack/015.png,1,boundary,32x32,6,6,0.01784472167491913,0.0054265037178993225,0.008327953517436981,0.016781479120254517,0.01973021775484085,0.036590903997421265,0.005383700132369995,0.04189842939376831
A1_G,16,capsule/test/crack/016.png,1,abnormal_normal,32x32,6,1016,0.007390307570536305,0.0,0.00141240656375885,0.004144400358200073,0.00995568186044693,0.025820329785346985,0.0,0.06271326541900635
A1_G,16,capsule/test/crack/016.png,1,defect,32x32,6,8,0.02607172727584839,0.000812382996082306,0.0028487741947174072,0.028588414192199707,0.038534969091415405,0.058209943771362294,0.0,0.06806021928787231
A1_G,16,capsule/test/crack/016.png,1,clean_defect,32x32,6,2,0.03672158718109131,0.03550402522087097,0.03604516386985779,0.03672158718109131,0.03739801049232483,0.03793914914131165,0.03536874055862427,0.03807443380355835
A1_G,16,capsule/test/crack/016.png,1,boundary,32x32,6,6,0.02252177397410075,0.0005802735686302185,0.0024969875812530518,0.012416377663612366,0.035389453172683716,0.06102430820465088,0.0,0.06806021928787231
A1_G,17,capsule/test/crack/017.png,1,abnormal_normal,32x32,7,1012,0.007787359532395842,0.0,0.0015021413564682007,0.004556387662887573,0.01007729023694992,0.026244273781776378,0.0,0.0860704779624939
A1_G,17,capsule/test/crack/017.png,1,defect,32x32,7,12,0.023332213362058003,0.004714561998844147,0.018167465925216675,0.022466659545898438,0.027780890464782715,0.042875805497169496,0.0015648305416107178,0.04389098286628723
A1_G,17,capsule/test/crack/017.png,1,clean_defect,32x32,7,5,0.028070706129074096,0.01659449338912964,0.02258819341659546,0.025249749422073364,0.03537431359291077,0.04071102738380432,0.015096068382263184,0.04204520583152771
A1_G,17,capsule/test/crack/017.png,1,boundary,32x32,7,7,0.019947575671332225,0.003282865881919861,0.013241440057754517,0.020278096199035645,0.023708119988441467,0.038245022296905504,0.0015648305416107178,0.04389098286628723
A1_G,18,capsule/test/crack/018.png,1,abnormal_normal,32x32,5,1017,0.008153530846889275,0.0,0.0016192793846130371,0.004741102457046509,0.01061159372329712,0.02837354540824889,0.0,0.0779702365398407
A1_G,18,capsule/test/crack/018.png,1,defect,32x32,5,7,0.027359345129558017,0.014019191265106201,0.02540506422519684,0.026153355836868286,0.031346455216407776,0.03990703523159026,0.009187370538711548,0.042671650648117065
A1_G,18,capsule/test/crack/018.png,1,clean_defect,32x32,5,2,0.038063958287239075,0.033917035162448886,0.03576011210680008,0.038063958287239075,0.04036780446767807,0.042210881412029264,0.033456265926361084,0.042671650648117065
A1_G,18,capsule/test/crack/018.png,1,boundary,32x32,5,5,0.023077499866485596,0.012408584356307983,0.025293439626693726,0.02551668882369995,0.026153355836868286,0.028619986772537232,0.009187370538711548,0.029236644506454468
A1_G,19,capsule/test/crack/019.png,1,abnormal_normal,32x32,4,1017,0.008271244100882006,5.4359436035156304e-05,0.0018187165260314941,0.004451155662536621,0.01067933440208435,0.025802415609359742,0.0,0.09984701871871948
A1_G,19,capsule/test/crack/019.png,1,defect,32x32,4,7,0.03762461457933698,0.010215538740158082,0.03412875533103943,0.04166227579116821,0.046285733580589294,0.056894251704216,0.0012850165367126465,0.05959603190422058
A1_G,19,capsule/test/crack/019.png,1,clean_defect,32x32,4,3,0.028309553861618042,0.005322742462158203,0.02147364616394043,0.04166227579116821,0.04182182252407074,0.04194945991039276,0.0012850165367126465,0.04198136925697327
A1_G,19,capsule/test/crack/019.png,1,boundary,32x32,4,4,0.04461091011762619,0.03197602331638336,0.03566642105579376,0.04389709234237671,0.05284158140420914,0.05824514180421829,0.03105342388153076,0.05959603190422058
A1_G,20,capsule/test/crack/020.png,1,abnormal_normal,32x32,2,1022,0.0073778306201479436,0.0,0.001410655677318573,0.0039047449827194214,0.009520396590232849,0.02494692057371139,0.0,0.10216057300567627
A1_G,20,capsule/test/crack/020.png,1,defect,32x32,2,2,0.019517213106155396,0.017046764492988586,0.018144741654396057,0.019517213106155396,0.020889684557914734,0.021987661719322205,0.01677227020263672,0.022262156009674072
A1_G,20,capsule/test/crack/020.png,1,clean_defect,32x32,2,0,,,,,,,,
A1_G,20,capsule/test/crack/020.png,1,boundary,32x32,2,2,0.019517213106155396,0.017046764492988586,0.018144741654396057,0.019517213106155396,0.020889684557914734,0.021987661719322205,0.01677227020263672,0.022262156009674072
A1_G,21,capsule/test/crack/021.png,1,abnormal_normal,32x32,4,1020,0.007959151793928707,0.0,0.00164041668176651,0.004536330699920654,0.010089613497257233,0.02923417389392851,0.0,0.11462929844856262
A1_G,21,capsule/test/crack/021.png,1,defect,32x32,4,4,0.015874259173870087,0.01151716262102127,0.013690091669559479,0.015839800238609314,0.018023967742919922,0.02027959823608398,0.010973930358886719,0.020843505859375
A1_G,21,capsule/test/crack/021.png,1,clean_defect,32x32,4,0,,,,,,,,
A1_G,21,capsule/test/crack/021.png,1,boundary,32x32,4,4,0.015874259173870087,0.01151716262102127,0.013690091669559479,0.015839800238609314,0.018023967742919922,0.02027959823608398,0.010973930358886719,0.020843505859375
A1_G,22,capsule/test/crack/022.png,1,abnormal_normal,32x32,3,1021,0.00722226894567342,0.0,0.001323014497756958,0.0037564635276794434,0.009561210870742798,0.025390177965164185,0.0,0.07389438152313232
A1_G,22,capsule/test/crack/022.png,1,defect,32x32,3,3,0.030146588881810505,0.022716960310935973,0.025235459208488464,0.028383582830429077,0.034176215529441833,0.03881032168865204,0.02208733558654785,0.03996884822845459
A1_G,22,capsule/test/crack/022.png,1,clean_defect,32x32,3,0,,,,,,,,
A1_G,22,capsule/test/crack/022.png,1,boundary,32x32,3,3,0.030146588881810505,0.022716960310935973,0.025235459208488464,0.028383582830429077,0.034176215529441833,0.03881032168865204,0.02208733558654785,0.03996884822845459
A1_G,23,capsule/test/faulty_imprint/000.png,1,abnormal_normal,32x32,4,1017,0.007410738291173089,0.0,0.001402735710144043,0.004559636116027832,0.009720712900161743,0.025794577598571775,0.0,0.08746466040611267
A1_G,23,capsule/test/faulty_imprint/000.png,1,defect,32x32,4,7,0.023037608180727278,0.004283684492111206,0.00849713385105133,0.014771312475204468,0.0386541485786438,0.045723932981491085,0.003465414047241211,0.048723965883255005
A1_G,23,capsule/test/faulty_imprint/000.png,1,clean_defect,32x32,4,3,0.042010754346847534,0.038598382472991945,0.0386541485786438,0.03872385621070862,0.04372391104698181,0.047723954916000365,0.03858444094657898,0.048723965883255005
A1_G,23,capsule/test/faulty_imprint/000.png,1,boundary,32x32,4,4,0.008807748556137085,0.0038745492696762086,0.005511090159416199,0.00849713385105133,0.011793792247772217,0.014175808429718016,0.003465414047241211,0.014771312475204468
A1_G,24,capsule/test/faulty_imprint/001.png,1,abnormal_normal,32x32,3,1018,0.00768755751063641,0.0,0.0013384148478507996,0.004040256142616272,0.010297015309333801,0.026144877076148983,0.0,0.08030194044113159
A1_G,24,capsule/test/faulty_imprint/001.png,1,defect,32x32,3,6,0.024133046468098957,0.01281099021434784,0.021139517426490784,0.027534931898117065,0.02900775521993637,0.03023211658000946,0.010612517595291138,0.030609488487243652
A1_G,24,capsule/test/faulty_imprint/001.png,1,clean_defect,32x32,3,3,0.018785923719406128,0.011491906642913819,0.015009462833404541,0.019406408071517944,0.022872626781463623,0.025645601749420165,0.010612517595291138,0.026338845491409302
A1_G,24,capsule/test/faulty_imprint/001.png,1,boundary,32x32,3,3,0.02948016921679179,0.028767916560173034,0.028915509581565857,0.029100000858306885,0.02985474467277527,0.030458539724349976,0.02873101830482483,0.030609488487243652
A1_G,25,capsule/test/faulty_imprint/002.png,1,abnormal_normal,32x32,4,1017,0.007027723005035985,0.0,0.0012634098529815674,0.0037645697593688965,0.009632319211959839,0.02328404784202574,0.0,0.05616027116775513
A1_G,25,capsule/test/faulty_imprint/002.png,1,defect,32x32,4,7,0.02734834381512233,0.00909767746925354,0.013771981000900269,0.01879662275314331,0.03998635709285736,0.05588472783565521,0.007270127534866333,0.05785498023033142
A1_G,25,capsule/test/faulty_imprint/002.png,1,clean_defect,32x32,4,3,0.041108151276906334,0.017892548441886903,0.03273473680019379,0.05128747224807739,0.05457122623920441,0.05719822943210602,0.01418200135231018,0.05785498023033142
A1_G,25,capsule/test/faulty_imprint/002.png,1,boundary,32x32,4,4,0.017028488218784332,0.008183902502059937,0.01183900237083435,0.016079291701316833,0.021268777549266815,0.02720194905996322,0.007270127534866333,0.02868524193763733
A1_G,26,capsule/test/faulty_imprint/003.png,1,abnormal_normal,32x32,6,1016,0.007006374107101771,0.0,0.0012139379978179932,0.004039764404296875,0.009578466415405273,0.024400465190410614,0.0,0.07426652312278748
A1_G,26,capsule/test/faulty_imprint/003.png,1,defect,32x32,6,8,0.011242624372243881,0.001443292200565338,0.0024110227823257446,0.007077857851982117,0.015899427235126495,0.030338595807552327,0.0011765658855438232,0.0373188853263855
A1_G,26,capsule/test/faulty_imprint/003.png,1,clean_defect,32x32,6,2,0.02734704315662384,0.018372385203838347,0.02236112207174301,0.02734704315662384,0.03233296424150467,0.036321701109409334,0.017375200986862183,0.0373188853263855
A1_G,26,capsule/test/faulty_imprint/003.png,1,boundary,32x32,6,6,0.0058744847774505615,0.0013670846819877625,0.0020961016416549683,0.004481226205825806,0.007419802248477936,0.013496063649654388,0.0011765658855438232,0.0154075026512146
A1_G,27,capsule/test/faulty_imprint/004.png,1,abnormal_normal,32x32,15,967,0.0075324504735427905,0.0,0.0014259517192840576,0.004266649484634399,0.010099858045578003,0.025711175799369813,0.0,0.09104585647583008
A1_G,27,capsule/test/faulty_imprint/004.png,1,defect,32x32,15,57,0.021358072757720947,0.0,0.009031444787979126,0.0185239315032959,0.029788613319396973,0.04838538169860836,0.0,0.0823160707950592
A1_G,27,capsule/test/faulty_imprint/004.png,1,clean_defect,32x32,15,42,0.023885004577182588,0.001743693649768831,0.01247166097164154,0.020180687308311462,0.03102216124534607,0.04629362374544143,0.0,0.0823160707950592
A1_G,27,capsule/test/faulty_imprint/004.png,1,boundary,32x32,15,15,0.014282663663228353,0.0,0.0005853027105331421,0.008405953645706177,0.02945186197757721,0.04069477915763853,0.0,0.05643808841705322
A1_G,28,capsule/test/faulty_imprint/005.png,1,abnormal_normal,32x32,16,969,0.007170972655555166,0.0,0.0010938048362731934,0.0036203861236572266,0.009149104356765747,0.02757619619369498,0.0,0.07912856340408325
A1_G,28,capsule/test/faulty_imprint/005.png,1,defect,32x32,16,55,0.024493769082156093,0.0012764006853103638,0.008511364459991455,0.016165554523468018,0.028601542115211487,0.08824808001518247,0.0,0.1176295280456543
A1_G,28,capsule/test/faulty_imprint/005.png,1,clean_defect,32x32,16,39,0.02557200651902419,0.0033909559249877936,0.010543227195739746,0.016797423362731934,0.028265565633773804,0.08676810264587405,0.0,0.1176295280456543
A1_G,28,capsule/test/faulty_imprint/005.png,1,boundary,32x32,16,16,0.021865565329790115,0.0013109669089317322,0.005397148430347443,0.013919517397880554,0.03454653173685074,0.062263861298561096,0.0007924735546112061,0.09487339854240417
A1_G,29,capsule/test/faulty_imprint/006.png,1,abnormal_normal,32x32,4,1018,0.007650621894066367,0.00011029094457626344,0.0019072890281677246,0.004572615027427673,0.009823121130466461,0.02310616374015808,0.0,0.09308472275733948
A1_G,29,capsule/test/faulty_imprint/006.png,1,defect,32x32,4,6,0.019595543543497723,0.010252222418785095,0.017459213733673096,0.01791742444038391,0.018950901925563812,0.032750651240348816,0.00786060094833374,0.03727594017982483
A1_G,29,capsule/test/faulty_imprint/006.png,1,clean_defect,32x32,4,2,0.01264384388923645,0.008338925242424012,0.010252222418785095,0.01264384388923645,0.015035465359687805,0.01694876253604889,0.00786060094833374,0.01742708683013916
A1_G,29,capsule/test/faulty_imprint/006.png,1,boundary,32x32,4,4,0.023071393370628357,0.017664143443107606,0.018098339438438416,0.018727019429206848,0.02370007336139679,0.03456076681613922,0.017555594444274902,0.03727594017982483
A1_G,30,capsule/test/faulty_imprint/007.png,1,abnormal_normal,32x32,8,1014,0.006935470643833544,0.0,0.0012698248028755188,0.0041344016790390015,0.00977577269077301,0.02301780730485915,0.0,0.058902084827423096
A1_G,30,capsule/test/faulty_imprint/007.png,1,defect,32x32,8,10,0.02169579267501831,0.004190570116043091,0.007825128734111786,0.02175334095954895,0.029643967747688293,0.045176480710506436,0.003985971212387085,0.04659232497215271
A1_G,30,capsule/test/faulty_imprint/007.png,1,clean_defect,32x32,8,2,0.036798447370529175,0.030815646052360535,0.033474668860435486,0.036798447370529175,0.040122225880622864,0.042781248688697815,0.030150890350341797,0.04344600439071655
A1_G,30,capsule/test/faulty_imprint/007.png,1,boundary,32x32,8,8,0.017920129001140594,0.004145103693008423,0.006580770015716553,0.014543458819389343,0.02490917593240738,0.040128131210803976,0.003985971212387085,0.04659232497215271
A1_G,31,capsule/test/faulty_imprint/008.png,1,abnormal_normal,32x32,7,1015,0.007739930757748082,0.0,0.0016259849071502686,0.004139065742492676,0.00975567102432251,0.026209336519241323,0.0,0.1566205620765686
A1_G,31,capsule/test/faulty_imprint/008.png,1,defect,32x32,7,9,0.03242998984124926,0.01335570216178894,0.014748066663742065,0.03244423866271973,0.042806029319763184,0.05426053404808044,0.0132923424243927,0.06005784869194031
A1_G,31,capsule/test/faulty_imprint/008.png,1,clean_defect,32x32,7,2,0.044185295701026917,0.04294395595788956,0.04349566251039505,0.044185295701026917,0.04487492889165878,0.045426635444164275,0.042806029319763184,0.04556456208229065
A1_G,31,capsule/test/faulty_imprint/008.png,1,boundary,32x32,7,7,0.029071331024169922,0.01333986222743988,0.014099404215812683,0.030009090900421143,0.03597061336040497,0.05388959050178527,0.0132923424243927,0.06005784869194031
A1_G,32,capsule/test/faulty_imprint/009.png,1,abnormal_normal,32x32,6,1016,0.007128832055123773,0.0,0.0011635199189186096,0.004045635461807251,0.00918789952993393,0.02623576670885086,0.0,0.07860594987869263
A1_G,32,capsule/test/faulty_imprint/009.png,1,defect,32x32,6,8,0.02187982201576233,0.004374830424785614,0.016029387712478638,0.020313367247581482,0.02824806421995163,0.04114382863044738,0.0012940168380737305,0.04627925157546997
A1_G,32,capsule/test/faulty_imprint/009.png,1,clean_defect,32x32,6,2,0.032143160700798035,0.01942067891359329,0.025075115263462067,0.032143160700798035,0.039211206138134,0.044865642488002774,0.0180070698261261,0.04627925157546997
A1_G,32,capsule/test/faulty_imprint/009.png,1,boundary,32x32,6,6,0.018458709120750427,0.0034945979714393616,0.012117080390453339,0.020313367247581482,0.025958269834518433,0.030487097799777985,0.0012940168380737305,0.03160661458969116
A1_G,33,capsule/test/faulty_imprint/010.png,1,abnormal_normal,32x32,3,1018,0.008830601580016506,8.72522592544556e-05,0.0018480122089385986,0.004812180995941162,0.011278010904788971,0.02920044511556625,0.0,0.11679238080978394
A1_G,33,capsule/test/faulty_imprint/010.png,1,defect,32x32,3,6,0.012621512015660604,0.0037657320499420166,0.007345318794250488,0.009362146258354187,0.017328135669231415,0.025659598410129547,0.002748429775238037,0.027599841356277466
A1_G,33,capsule/test/faulty_imprint/010.png,1,clean_defect,32x32,3,3,0.010505219300587973,0.003366422653198242,0.0058383941650390625,0.008928358554840088,0.01438361406326294,0.018747818470001218,0.002748429775238037,0.01983886957168579
A1_G,33,capsule/test/faulty_imprint/010.png,1,boundary,32x32,3,3,0.014737804730733236,0.007115468382835388,0.00830678641796112,0.009795933961868286,0.018697887659072876,0.025819450616836548,0.006817638874053955,0.027599841356277466
A1_G,34,capsule/test/faulty_imprint/011.png,1,abnormal_normal,32x32,3,1020,0.008240208584888309,0.0,0.0020555630326271057,0.005038231611251831,0.010799258947372437,0.02715414762496948,0.0,0.08726760745048523
A1_G,34,capsule/test/faulty_imprint/011.png,1,defect,32x32,3,4,0.02408653497695923,0.008248792588710785,0.00914173573255539,0.022338733077049255,0.037283532321453094,0.04237120002508163,0.008025556802749634,0.04364311695098877
A1_G,34,capsule/test/faulty_imprint/011.png,1,clean_defect,32x32,3,1,0.04364311695098877,0.04364311695098877,0.04364311695098877,0.04364311695098877,0.04364311695098877,0.04364311695098877,0.04364311695098877,0.04364311695098877
A1_G,34,capsule/test/faulty_imprint/011.png,1,boundary,32x32,3,3,0.017567674318949383,0.008174380660057068,0.008769676089286804,0.009513795375823975,0.022338733077049255,0.032598683238029474,0.008025556802749634,0.035163670778274536
A1_G,35,capsule/test/faulty_imprint/012.png,1,abnormal_normal,32x32,6,1010,0.0073762646110931245,0.0,0.0015709027647972107,0.004624396562576294,0.009555287659168243,0.024701370298862397,0.0,0.06551477313041687
A1_G,35,capsule/test/faulty_imprint/012.png,1,defect,32x32,6,14,0.015862569212913513,0.00484689325094223,0.010601729154586792,0.013064488768577576,0.019343920052051544,0.03403479158878326,0.0033294260501861572,0.04000288248062134
A1_G,35,capsule/test/faulty_imprint/012.png,1,clean_defect,32x32,6,8,0.017762698233127594,0.0041465237736701965,0.006332419812679291,0.015504568815231323,0.026245087385177612,0.03678929507732391,0.0033294260501861572,0.04000288248062134
A1_G,35,capsule/test/faulty_imprint/012.png,1,boundary,32x32,6,6,0.013329063852628073,0.010601729154586792,0.01079406589269638,0.013064488768577576,0.015844106674194336,0.01637837290763855,0.010575056076049805,0.01646244525909424
A1_G,36,capsule/test/faulty_imprint/013.png,1,abnormal_normal,32x32,10,1012,0.00818836909862375,0.0,0.0016708895564079285,0.004564270377159119,0.010586142539978027,0.027852679789066286,0.0,0.09198907017707825
A1_G,36,capsule/test/faulty_imprint/013.png,1,defect,32x32,10,12,0.03299481421709061,0.0028428524732589723,0.007032625377178192,0.032500773668289185,0.04370633512735367,0.07488973736763,0.0028096437454223633,0.082207590341568
A1_G,36,capsule/test/faulty_imprint/013.png,1,clean_defect,32x32,10,2,0.03968879580497742,0.03892986476421356,0.0392671674489975,0.03968879580497742,0.040110424160957336,0.04044772684574127,0.03884553909301758,0.040532052516937256
A1_G,36,capsule/test/faulty_imprint/013.png,1,boundary,32x32,10,10,0.03165601789951324,0.002836814522743225,0.006803132593631744,0.029201090335845947,0.04849773645401001,0.07622025609016417,0.0028096437454223633,0.082207590341568
A1_G,37,capsule/test/faulty_imprint/014.png,1,abnormal_normal,32x32,11,1009,0.009171173700137937,0.00018097758293151878,0.0019481182098388672,0.004890501499176025,0.011731773614883423,0.03376092910766601,0.0,0.10030776262283325
A1_G,37,capsule/test/faulty_imprint/014.png,1,defect,32x32,11,15,0.02620014746983846,0.0041781157255172735,0.017480120062828064,0.021876752376556396,0.02986331284046173,0.060967296361923204,0.001476973295211792,0.07245787978172302
A1_G,37,capsule/test/faulty_imprint/014.png,1,clean_defect,32x32,11,4,0.02199835330247879,0.017439179122447968,0.01750936359167099,0.020935073494911194,0.025424063205718994,0.028046119213104247,0.017421633005142212,0.02870163321495056
A1_G,37,capsule/test/faulty_imprint/014.png,1,boundary,32x32,11,11,0.027728072621605614,0.0034063607454299927,0.013801321387290955,0.021876752376556396,0.039138928055763245,0.06425032019615173,0.001476973295211792,0.07245787978172302
A1_G,38,capsule/test/faulty_imprint/015.png,1,abnormal_normal,32x32,4,1019,0.007595100890665924,4.101991653442383e-05,0.0018802881240844727,0.0045434534549713135,0.009537339210510254,0.024945151805877662,0.0,0.07962515950202942
A1_G,38,capsule/test/faulty_imprint/015.png,1,defect,32x32,4,5,0.05655894875526428,0.01853894591331482,0.030127018690109253,0.03671759366989136,0.0774717628955841,0.1137635052204132,0.01564192771911621,0.12283644080162048
A1_G,38,capsule/test/faulty_imprint/015.png,1,clean_defect,32x32,4,1,0.12283644080162048,0.12283644080162048,0.12283644080162048,0.12283644080162048,0.12283644080162048,0.12283644080162048,0.12283644080162048,0.12283644080162048
A1_G,38,capsule/test/faulty_imprint/015.png,1,boundary,32x32,4,4,0.03998957574367523,0.017814691364765167,0.026505745947360992,0.033422306180000305,0.046906135976314545,0.07135863751173017,0.01564192771911621,0.0774717628955841
A1_G,39,capsule/test/faulty_imprint/016.png,1,abnormal_normal,32x32,6,1016,0.007875955450957216,4.537403583526611e-06,0.0015810057520866394,0.004564166069030762,0.010728493332862854,0.02727542072534561,0.0,0.08053213357925415
A1_G,39,capsule/test/faulty_imprint/016.png,1,defect,32x32,6,8,0.029334452003240585,0.011000926792621612,0.014776572585105896,0.026630550622940063,0.03309720754623413,0.06133432090282438,0.00915643572807312,0.07567775249481201
A1_G,39,capsule/test/faulty_imprint/016.png,1,clean_defect,32x32,6,2,0.018396541476249695,0.010080446302890778,0.013776488602161407,0.018396541476249695,0.023016594350337982,0.02671263664960861,0.00915643572807312,0.02763664722442627
A1_G,39,capsule/test/faulty_imprint/016.png,1,boundary,32x32,6,6,0.03298042217890421,0.014543130993843079,0.017576083540916443,0.029094278812408447,0.03416341543197632,0.06543244421482086,0.01442641019821167,0.07567775249481201
A1_G,40,capsule/test/faulty_imprint/017.png,1,abnormal_normal,32x32,6,1015,0.0077666135550719766,0.0,0.0015675723552703857,0.00449177622795105,0.01075407862663269,0.026053917407989475,0.0,0.10083475708961487
A1_G,40,capsule/test/faulty_imprint/017.png,1,defect,32x32,6,9,0.023463894923528034,0.008177787065505981,0.016418427228927612,0.01955622434616089,0.028418004512786865,0.04381954073905945,0.006122618913650513,0.045833319425582886
A1_G,40,capsule/test/faulty_imprint/017.png,1,clean_defect,32x32,6,3,0.028545101483662922,0.01761838495731354,0.02241821587085724,0.028418004512786865,0.03460843861103058,0.03956078588962555,0.016418427228927612,0.04079887270927429
A1_G,40,capsule/test/faulty_imprint/017.png,1,boundary,32x32,6,6,0.02092329164346059,0.007407099008560181,0.012851141393184662,0.01858958601951599,0.02374713122844696,0.04066101461648941,0.006122618913650513,0.045833319425582886
A1_G,41,capsule/test/faulty_imprint/018.png,1,abnormal_normal,32x32,6,1016,0.008184805131099355,5.4895877838134766e-05,0.0016264691948890686,0.004727005958557129,0.01085738092660904,0.025875873863697052,0.0,0.11823427677154541
A1_G,41,capsule/test/faulty_imprint/018.png,1,defect,32x32,6,8,0.023160401731729507,0.005454014241695404,0.00882481038570404,0.021870464086532593,0.031058043241500854,0.047581784427165985,0.004683583974838257,0.0484691858291626
A1_G,41,capsule/test/faulty_imprint/018.png,1,clean_defect,32x32,6,2,0.04720146954059601,0.04606052488088608,0.046567611396312714,0.04720146954059601,0.0478353276848793,0.04834241420030594,0.04593375325202942,0.0484691858291626
A1_G,41,capsule/test/faulty_imprint/018.png,1,boundary,32x32,6,6,0.01514671246210734,0.005233891308307648,0.007531479001045227,0.014180630445480347,0.023360803723335266,0.025787390768527985,0.004683583974838257,0.026099473237991333
A1_G,42,capsule/test/faulty_imprint/019.png,1,abnormal_normal,32x32,6,1017,0.007334323524842689,0.0,0.0017026066780090332,0.004511356353759766,0.010205209255218506,0.023931998014450055,0.0,0.09665104746818542
A1_G,42,capsule/test/faulty_imprint/019.png,1,defect,32x32,6,7,0.006963691541126796,0.0017496436834335328,0.003562048077583313,0.005616635084152222,0.009440645575523376,0.014061680436134335,0.001709580421447754,0.015414237976074219
A1_G,42,capsule/test/faulty_imprint/019.png,1,clean_defect,32x32,6,1,0.015414237976074219,0.015414237976074219,0.015414237976074219,0.015414237976074219,0.015414237976074219,0.015414237976074219,0.015414237976074219,0.015414237976074219
A1_G,42,capsule/test/faulty_imprint/019.png,1,boundary,32x32,6,6,0.005555267135302226,0.0017429664731025696,0.002702586352825165,0.0054488033056259155,0.007385842502117157,0.01017317920923233,0.001709580421447754,0.010905712842941284
A1_G,43,capsule/test/faulty_imprint/020.png,1,abnormal_normal,32x32,3,1018,0.0074598799461465925,0.0,0.0014845579862594604,0.004056945443153381,0.009198300540447235,0.026084019243717192,0.0,0.1538841724395752
A1_G,43,capsule/test/faulty_imprint/020.png,1,defect,32x32,3,6,0.038551280895868935,0.018114134669303894,0.022617094218730927,0.03538207709789276,0.055809952318668365,0.06180284172296524,0.0168096125125885,0.06275257468223572
A1_G,43,capsule/test/faulty_imprint/020.png,1,clean_defect,32x32,3,3,0.05602836608886719,0.04763635694980621,0.05266626179218292,0.05895364284515381,0.06085310876369476,0.062372681498527524,0.046378880739212036,0.06275257468223572
A1_G,43,capsule/test/faulty_imprint/020.png,1,boundary,32x32,3,3,0.021074195702870686,0.017331421375274658,0.019418656826019287,0.022027701139450073,0.02320648729801178,0.024149516224861146,0.0168096125125885,0.024385273456573486
A1_G,44,capsule/test/faulty_imprint/021.png,1,abnormal_normal,32x32,3,1018,0.0069086159083604345,0.0,0.0011855736374855042,0.003725603222846985,0.00867469608783722,0.023785609006881713,0.0,0.07995644211769104
A1_G,44,capsule/test/faulty_imprint/021.png,1,defect,32x32,3,6,0.037013848622639976,0.022480159997940063,0.02418917417526245,0.03482469916343689,0.04326854646205902,0.05848152935504913,0.022240936756134033,0.06346559524536133
A1_G,44,capsule/test/faulty_imprint/021.png,1,clean_defect,32x32,3,3,0.03762324651082357,0.022733163833618165,0.024702072143554688,0.027163207530975342,0.045314401388168335,0.05983535647392273,0.022240936756134033,0.06346559524536133
A1_G,44,capsule/test/faulty_imprint/021.png,1,boundary,32x32,3,3,0.03640445073445638,0.025126665830612183,0.032842010259628296,0.04248619079589844,0.04300776124000549,0.04342501759529114,0.023197829723358154,0.04352933168411255
A1_G,45,capsule/test/good/000.png,0,normal_image,32x32,0,1024,0.007522616506321356,0.0,0.0014123842120170593,0.0043201446533203125,0.010266348719596863,0.024835740029811856,0.0,0.14232149720191956
A1_G,46,capsule/test/good/001.png,0,normal_image,32x32,0,1024,0.006688731111353263,0.0,0.001254647970199585,0.003720983862876892,0.008949771523475647,0.022810673713684077,0.0,0.05649518966674805
A1_G,47,capsule/test/good/002.png,0,normal_image,32x32,0,1024,0.008489185071084648,0.0,0.0019346028566360474,0.004521846771240234,0.010982878506183624,0.02861823886632919,0.0,0.11745032668113708
A1_G,48,capsule/test/good/003.png,0,normal_image,32x32,0,1024,0.007213463919470087,0.0,0.001267164945602417,0.004141390323638916,0.00988304615020752,0.0245593637228012,0.0,0.0721190869808197
A1_G,49,capsule/test/good/004.png,0,normal_image,32x32,0,1024,0.0075186226749792695,0.0,0.0014883875846862793,0.004050463438034058,0.010334722697734833,0.0242771565914154,0.0,0.09570249915122986
A1_G,50,capsule/test/good/005.png,0,normal_image,32x32,0,1024,0.00691858323989436,1.8765032291412383e-05,0.0015034079551696777,0.004177525639533997,0.009464554488658905,0.02416071891784667,0.0,0.04872840642929077
A1_G,51,capsule/test/good/006.png,0,normal_image,32x32,0,1024,0.007329238607781008,0.0,0.0016298145055770874,0.004192128777503967,0.010213196277618408,0.025646398961544022,0.0,0.104145348072052
A1_G,52,capsule/test/good/007.png,0,normal_image,32x32,0,1024,0.00765304037486203,0.0,0.001819424331188202,0.0046152472496032715,0.010212622582912445,0.025562533736228937,0.0,0.10783469676971436
A1_G,53,capsule/test/good/008.png,0,normal_image,32x32,0,1024,0.00776463164947927,0.0,0.0014606267213821411,0.004367902874946594,0.010094977915287018,0.028305615484714497,0.0,0.06878793239593506
A1_G,54,capsule/test/good/009.png,0,normal_image,32x32,0,1024,0.007712584192631766,0.0,0.001776568591594696,0.00441451370716095,0.009927503764629364,0.02653778344392775,0.0,0.08927857875823975
A1_G,55,capsule/test/good/010.png,0,normal_image,32x32,0,1024,0.007418167078867555,0.0,0.0015522614121437073,0.0040014684200286865,0.010477118194103241,0.024591203033924088,0.0,0.10204297304153442
A1_G,56,capsule/test/good/011.png,0,normal_image,32x32,0,1024,0.0072465242992620915,0.0,0.0013712495565414429,0.00406995415687561,0.009226836264133453,0.025371442735195152,0.0,0.09865415096282959
A1_G,57,capsule/test/good/012.png,0,normal_image,32x32,0,1024,0.007500220730435103,0.0,0.0016332641243934631,0.0043106526136398315,0.009639590978622437,0.027235412597656217,0.0,0.06951257586479187
A1_G,58,capsule/test/good/013.png,0,normal_image,32x32,0,1024,0.00709145879955031,0.0,0.0012304484844207764,0.0037198513746261597,0.008909054100513458,0.025937776267528533,0.0,0.12552794814109802
A1_G,59,capsule/test/good/014.png,0,normal_image,32x32,0,1024,0.008009960962226614,0.0,0.0016895681619644165,0.004609793424606323,0.0101579949259758,0.02822436392307275,0.0,0.10141754150390625
A1_G,60,capsule/test/good/015.png,0,normal_image,32x32,0,1024,0.007457536441506818,0.00010419338941574102,0.0016113370656967163,0.004302620887756348,0.010091222822666168,0.02413636595010755,0.0,0.07017046213150024
A1_G,61,capsule/test/good/016.png,0,normal_image,32x32,0,1024,0.007282682636287063,0.0,0.001227542757987976,0.0038236677646636963,0.009504690766334534,0.02458792626857757,0.0,0.07576480507850647
A1_G,62,capsule/test/good/017.png,0,normal_image,32x32,0,1024,0.006562484486494213,0.0,0.001237921416759491,0.0037726014852523804,0.008970461785793304,0.022103011608123755,0.0,0.07781088352203369
A1_G,63,capsule/test/good/018.png,0,normal_image,32x32,0,1024,0.007656273490283638,0.0,0.0015706568956375122,0.004125490784645081,0.009819775819778442,0.028218774497508967,0.0,0.07454973459243774
A1_G,64,capsule/test/good/019.png,0,normal_image,32x32,0,1024,0.008346040034666657,0.0,0.0016814842820167542,0.004416465759277344,0.010528534650802612,0.029953400790691347,0.0,0.140663743019104
A1_G,65,capsule/test/good/020.png,0,normal_image,32x32,0,1024,0.007880199031205848,0.0,0.0016439110040664673,0.004217967391014099,0.009724453091621399,0.025726270675659146,0.0,0.14178606867790222
A1_G,66,capsule/test/good/021.png,0,normal_image,32x32,0,1024,0.008006868709344417,0.0,0.0015220791101455688,0.004232525825500488,0.009979233145713806,0.028902617096900892,0.0,0.1093805730342865
A1_G,67,capsule/test/good/022.png,0,normal_image,32x32,0,1024,0.007071503234328702,0.0,0.0014852732419967651,0.0038029253482818604,0.00912628322839737,0.02365414798259732,0.0,0.07259732484817505
A1_G,68,capsule/test/poke/000.png,1,abnormal_normal,32x32,8,1003,0.007776690088026783,0.0,0.0015913397073745728,0.004668712615966797,0.010487809777259827,0.026261687278747555,0.0,0.08437737822532654
A1_G,68,capsule/test/poke/000.png,1,defect,32x32,8,21,0.027125253563835508,0.0022961199283599854,0.020417898893356323,0.028021901845932007,0.03500533103942871,0.045889467000961304,0.001979827880859375,0.059745997190475464
A1_G,68,capsule/test/poke/000.png,1,clean_defect,32x32,8,13,0.029045756046588603,0.00639106035232544,0.023371517658233643,0.03031057119369507,0.03500533103942871,0.04814626574516294,0.001979827880859375,0.059745997190475464
A1_G,68,capsule/test/poke/000.png,1,boundary,32x32,8,8,0.024004437029361725,0.005831007659435273,0.016618646681308746,0.021440699696540833,0.0304986834526062,0.045515960454940795,0.0022961199283599854,0.045889467000961304
A1_G,69,capsule/test/poke/001.png,1,abnormal_normal,32x32,5,1017,0.00810247407667522,0.0,0.0016060471534729004,0.004771769046783447,0.01045939326286316,0.02646874785423278,0.0,0.19928410649299622
A1_G,69,capsule/test/poke/001.png,1,defect,32x32,5,7,0.013105609587260656,0.0034122496843338014,0.009961023926734924,0.012639224529266357,0.016103506088256836,0.023010104894638055,0.0011880993843078613,0.025782883167266846
A1_G,69,capsule/test/poke/001.png,1,clean_defect,32x32,5,2,0.01257111132144928,0.008998851478099822,0.01058652251958847,0.01257111132144928,0.014555700123310089,0.016143371164798737,0.008601933717727661,0.0165402889251709
A1_G,69,capsule/test/poke/001.png,1,boundary,32x32,5,5,0.013319408893585205,0.0032145023345947266,0.011320114135742188,0.012639224529266357,0.015666723251342773,0.02375965118408203,0.0011880993843078613,0.025782883167266846
A1_G,70,capsule/test/poke/002.png,1,abnormal_normal,32x32,5,1018,0.007132535481968188,0.0,0.0013449937105178833,0.003927558660507202,0.009308330714702606,0.024920897185802454,0.0,0.08030718564987183
A1_G,70,capsule/test/poke/002.png,1,defect,32x32,5,6,0.014376570781071981,0.0,0.003039740025997162,0.012969151139259338,0.013935267925262451,0.03824722021818161,0.0,0.046333879232406616
A1_G,70,capsule/test/poke/002.png,1,clean_defect,32x32,5,1,0.012158960103988647,0.012158960103988647,0.012158960103988647,0.012158960103988647,0.012158960103988647,0.012158960103988647,0.012158960103988647,0.012158960103988647
A1_G,70,capsule/test/poke/002.png,1,boundary,32x32,5,5,0.014820092916488647,0.0,0.0,0.01377934217453003,0.013987243175506592,0.03986455202102661,0.0,0.046333879232406616
A1_G,71,capsule/test/poke/003.png,1,abnormal_normal,32x32,4,1018,0.008246150372773117,0.0,0.0015923082828521729,0.004806101322174072,0.010833606123924255,0.027076238393783567,0.0,0.10413280129432678
A1_G,71,capsule/test/poke/003.png,1,defect,32x32,4,6,0.02105814218521118,0.0031264200806617737,0.010117344558238983,0.017196670174598694,0.03339751809835434,0.04256252944469452,0.0010930299758911133,0.04430711269378662
A1_G,71,capsule/test/poke/003.png,1,clean_defect,32x32,4,2,0.011348381638526917,0.0021185651421546936,0.006220705807209015,0.011348381638526917,0.016476057469844818,0.02057819813489914,0.0010930299758911133,0.02160373330116272
A1_G,71,capsule/test/poke/003.png,1,boundary,32x32,4,4,0.025913022458553314,0.009761042892932892,0.01189885288476944,0.02505919337272644,0.039073362946510315,0.04326036274433136,0.009226590394973755,0.04430711269378662
A1_G,72,capsule/test/poke/004.png,1,abnormal_normal,32x32,12,1008,0.00711603450869757,0.0,0.0010888054966926575,0.003497213125228882,0.009660795331001282,0.024018779397010796,0.0,0.07640945911407471
A1_G,72,capsule/test/poke/004.png,1,defect,32x32,12,16,0.02374660223722458,0.0019737929105758667,0.007823944091796875,0.020729005336761475,0.04048740118741989,0.05231908708810806,0.0,0.060687869787216187
A1_G,72,capsule/test/poke/004.png,1,clean_defect,32x32,12,4,0.02525118738412857,0.004827031493186951,0.013608261942863464,0.028844475746154785,0.04048740118741989,0.04064473956823349,0.0026317238807678223,0.04068407416343689
A1_G,72,capsule/test/poke/004.png,1,boundary,32x32,12,12,0.02324507385492325,0.001852230727672577,0.007823944091796875,0.017266854643821716,0.03480023145675659,0.054550762474536885,0.0,0.060687869787216187
A1_G,73,capsule/test/poke/005.png,1,abnormal_normal,32x32,4,1020,0.008175336087451262,0.0,0.0020085498690605164,0.005097925662994385,0.01031520962715149,0.026683984696865077,0.0,0.0710432231426239
A1_G,73,capsule/test/poke/005.png,1,defect,32x32,4,4,0.032632410526275635,0.02722541391849518,0.030501320958137512,0.03233109414577484,0.034462183713912964,0.0384612500667572,0.026406437158584595,0.03946101665496826
A1_G,73,capsule/test/poke/005.png,1,clean_defect,32x32,4,0,,,,,,,,
A1_G,73,capsule/test/poke/005.png,1,boundary,32x32,4,4,0.032632410526275635,0.02722541391849518,0.030501320958137512,0.03233109414577484,0.034462183713912964,0.0384612500667572,0.026406437158584595,0.03946101665496826
A1_G,74,capsule/test/poke/006.png,1,abnormal_normal,32x32,6,1018,0.0075135640287680334,0.0,0.0014917626976966858,0.0044633448123931885,0.010068446397781372,0.025516031682491294,0.0,0.1165178120136261
A1_G,74,capsule/test/poke/006.png,1,defect,32x32,6,6,0.01723802586396535,0.006320498883724213,0.009479455649852753,0.012865915894508362,0.01994021236896515,0.03662727028131485,0.005549490451812744,0.041497886180877686
A1_G,74,capsule/test/poke/006.png,1,clean_defect,32x32,6,0,,,,,,,,
A1_G,74,capsule/test/poke/006.png,1,boundary,32x32,6,6,0.01723802586396535,0.006320498883724213,0.009479455649852753,0.012865915894508362,0.01994021236896515,0.03662727028131485,0.005549490451812744,0.041497886180877686
A1_G,75,capsule/test/poke/007.png,1,abnormal_normal,32x32,3,1020,0.007369234924222909,0.0,0.0012885332107543945,0.0041468143463134766,0.009524673223495483,0.02795540541410445,0.0,0.11825823783874512
A1_G,75,capsule/test/poke/007.png,1,defect,32x32,3,4,0.010277584195137024,0.0014696031808853149,0.0024991780519485474,0.008839115500450134,0.01661752164363861,0.021099421381950374,0.0012122094631195068,0.02221989631652832
A1_G,75,capsule/test/poke/007.png,1,clean_defect,32x32,3,1,0.0012122094631195068,0.0012122094631195068,0.0012122094631195068,0.0012122094631195068,0.0012122094631195068,0.0012122094631195068,0.0012122094631195068,0.0012122094631195068
A1_G,75,capsule/test/poke/007.png,1,boundary,32x32,3,3,0.013299375772476196,0.004110357165336609,0.008839115500450134,0.014750063419342041,0.01848497986793518,0.021472913026809693,0.0029281675815582275,0.02221989631652832
A1_G,76,capsule/test/poke/008.png,1,abnormal_normal,32x32,13,1005,0.008019963514745532,1.7648935317993193e-05,0.0017970502376556396,0.004409462213516235,0.010100901126861572,0.02849227190017698,0.0,0.0852971076965332
A1_G,76,capsule/test/poke/008.png,1,defect,32x32,13,19,0.02870901948527286,0.012487313151359558,0.025775805115699768,0.0292949378490448,0.03372564911842346,0.041724717617034904,0.01132744550704956,0.04623812437057495
A1_G,76,capsule/test/poke/008.png,1,clean_defect,32x32,13,6,0.03689594566822052,0.027651898562908173,0.03276859223842621,0.03796687722206116,0.04088255763053894,0.044984400272369385,0.02631351351737976,0.04623812437057495
A1_G,76,capsule/test/poke/008.png,1,boundary,32x32,13,13,0.024930438170066245,0.012100690603256225,0.017807364463806152,0.027532130479812622,0.030298233032226562,0.03326355814933776,0.01132744550704956,0.035784244537353516
A1_G,77,capsule/test/poke/009.png,1,abnormal_normal,32x32,9,1014,0.006734572159938323,0.0,0.0012532621622085571,0.003596588969230652,0.008562222123146057,0.024688108265399918,0.0,0.0835949182510376
A1_G,77,capsule/test/poke/009.png,1,defect,32x32,9,10,0.011520597338676452,0.0031961560249328612,0.004590682685375214,0.006275057792663574,0.014290101826190948,0.03258856087923047,0.002579033374786377,0.04482591152191162
A1_G,77,capsule/test/poke/009.png,1,clean_defect,32x32,9,1,0.002579033374786377,0.002579033374786377,0.002579033374786377,0.002579033374786377,0.002579033374786377,0.002579033374786377,0.002579033374786377,0.002579033374786377
A1_G,77,capsule/test/poke/009.png,1,boundary,32x32,9,9,0.01251410444577535,0.0040803194046020504,0.005537211894989014,0.006407260894775391,0.016652047634124756,0.03394826650619506,0.0039504170417785645,0.04482591152191162
A1_G,78,capsule/test/poke/010.png,1,abnormal_normal,32x32,4,1018,0.007177815924458981,0.0,0.0012778490781784058,0.0037191957235336304,0.009305477142333984,0.026078604161739346,0.0,0.10050040483474731
A1_G,78,capsule/test/poke/010.png,1,defect,32x32,4,6,0.027494728565216064,0.005566984415054321,0.02234792709350586,0.027431830763816833,0.03354983776807785,0.04889031499624252,0.0,0.05386224389076233
A1_G,78,capsule/test/poke/010.png,1,clean_defect,32x32,4,2,0.026931121945381165,0.0026931121945381166,0.013465560972690582,0.026931121945381165,0.04039668291807175,0.05116913169622421,0.0,0.05386224389076233
A1_G,78,capsule/test/poke/010.png,1,boundary,32x32,4,4,0.027776531875133514,0.02231593132019043,0.022507905960083008,0.027431830763816833,0.03270045667886734,0.033719713985919955,0.022267937660217285,0.033974528312683105
A1_G,79,capsule/test/poke/011.png,1,abnormal_normal,32x32,7,1016,0.007423833716572739,0.0,0.0015189722180366516,0.004247412085533142,0.009899996221065521,0.025605633854866028,0.0,0.06569653749465942
A1_G,79,capsule/test/poke/011.png,1,defect,32x32,7,8,0.016436059027910233,0.0,0.00014126300811767578,0.012689411640167236,0.028223566710948944,0.04188511371612548,0.0,0.04826343059539795
A1_G,79,capsule/test/poke/011.png,1,clean_defect,32x32,7,1,0.00018835067749023438,0.00018835067749023438,0.00018835067749023438,0.00018835067749023438,0.00018835067749023438,0.00018835067749023438,0.00018835067749023438,0.00018835067749023438
A1_G,79,capsule/test/poke/011.png,1,boundary,32x32,7,7,0.018757160220827376,0.0,0.0036928951740264893,0.017993032932281494,0.028828933835029602,0.04279630184173583,0.0,0.04826343059539795
A1_G,80,capsule/test/poke/012.png,1,abnormal_normal,32x32,5,1016,0.008567391330097604,0.0,0.0018042102456092834,0.004943177103996277,0.010934300720691681,0.026994623243808746,0.0,0.1437065303325653
A1_G,80,capsule/test/poke/012.png,1,defect,32x32,5,8,0.012774113565683365,0.0,0.00017163902521133423,0.005850046873092651,0.015608720481395721,0.041845211386680604,0.0,0.04306188225746155
A1_G,80,capsule/test/poke/012.png,1,clean_defect,32x32,5,3,0.014353960752487183,0.0,0.0,0.0,0.021530941128730774,0.03875569403171539,0.0,0.04306188225746155
A1_G,80,capsule/test/poke/012.png,1,boundary,32x32,5,5,0.011826205253601074,0.0011310577392578125,0.004739880561828613,0.0069602131843566895,0.007616400718688965,0.03319182395935058,0.0002288520336151123,0.03958567976951599
A1_G,81,capsule/test/poke/013.png,1,abnormal_normal,32x32,5,1016,0.007746878190068748,0.0,0.0015518292784690857,0.004335179924964905,0.01024889200925827,0.027199074625968933,0.0,0.14515328407287598
A1_G,81,capsule/test/poke/013.png,1,defect,32x32,5,8,0.023832999169826508,0.009608981013298035,0.016528546810150146,0.02580803632736206,0.031200438737869263,0.035376128554344174,0.00699654221534729,0.03616538643836975
A1_G,81,capsule/test/poke/013.png,1,clean_defect,32x32,5,3,0.01462687055269877,0.007742953300476074,0.010728597640991211,0.014460653066635132,0.01844203472137451,0.021627140045166016,0.00699654221534729,0.02242341637611389
A1_G,81,capsule/test/poke/013.png,1,boundary,32x32,5,5,0.02935667634010315,0.019612807035446166,0.02919265627861023,0.030297130346298218,0.0339103639125824,0.03571438193321228,0.01721784472465515,0.03616538643836975
A1_G,82,capsule/test/poke/014.png,1,abnormal_normal,32x32,9,1013,0.008058133594846207,0.0,0.0016113221645355225,0.0046117305755615234,0.010269254446029663,0.02759427428245544,0.0,0.13008922338485718
A1_G,82,capsule/test/poke/014.png,1,defect,32x32,9,11,0.01482600515538996,0.0016683340072631836,0.007038787007331848,0.01451265811920166,0.019213378429412842,0.03211137652397156,0.0,0.037663042545318604
A1_G,82,capsule/test/poke/014.png,1,clean_defect,32x32,9,2,0.013655662536621094,0.012884366512298583,0.01322716474533081,0.013655662536621094,0.014084160327911377,0.014426958560943604,0.012798666954040527,0.01451265811920166
A1_G,82,capsule/test/poke/014.png,1,boundary,32x32,9,9,0.015086081292894151,0.0013346672058105469,0.00681796669960022,0.0157109797000885,0.02140769362449646,0.03322170972824096,0.0,0.037663042545318604
A1_G,83,capsule/test/poke/015.png,1,abnormal_normal,32x32,13,1007,0.008093016357147232,0.0,0.0017637908458709717,0.004805207252502441,0.010655388236045837,0.028205993771553032,0.0,0.0769907534122467
A1_G,83,capsule/test/poke/015.png,1,defect,32x32,13,17,0.01856302163180183,0.0016907870769500733,0.0036250948905944824,0.013384252786636353,0.02499958872795105,0.0535599648952484,0.00167807936668396,0.07125386595726013
A1_G,83,capsule/test/poke/015.png,1,clean_defect,32x32,13,4,0.024003148078918457,0.009582597017288207,0.011782437562942505,0.018921732902526855,0.031142443418502808,0.04553768038749694,0.009032636880874634,0.04913648962974548
A1_G,83,capsule/test/poke/015.png,1,boundary,32x32,13,13,0.01688913657115056,0.001687610149383545,0.0027655959129333496,0.013384252786636353,0.01873570680618286,0.05056178569793696,0.00167807936668396,0.07125386595726013
A1_G,84,capsule/test/poke/016.png,1,abnormal_normal,32x32,5,1018,0.007658064306836231,0.0,0.0015627890825271606,0.004444807767868042,0.010480515658855438,0.02571741938591002,0.0,0.07736086845397949
A1_G,84,capsule/test/poke/016.png,1,defect,32x32,5,6,0.00993401308854421,0.0026244446635246277,0.004013821482658386,0.007968619465827942,0.015565164387226105,0.019729234278202057,0.002224266529083252,0.02064967155456543
A1_G,84,capsule/test/poke/016.png,1,clean_defect,32x32,5,1,0.01696792244911194,0.01696792244911194,0.01696792244911194,0.01696792244911194,0.01696792244911194,0.01696792244911194,0.01696792244911194,0.01696792244911194
A1_G,84,capsule/test/poke/016.png,1,boundary,32x32,5,5,0.008527231216430665,0.0025444090366363525,0.003824979066848755,0.00458034873008728,0.011356890201568604,0.018791115283966063,0.002224266529083252,0.02064967155456543
A1_G,85,capsule/test/poke/017.png,1,abnormal_normal,32x32,4,1020,0.008076676083546059,0.0,0.0016165301203727722,0.004337608814239502,0.011037908494472504,0.026706776022911057,0.0,0.1737768054008484
A1_G,85,capsule/test/poke/017.png,1,defect,32x32,4,4,0.011631682515144348,0.007008603215217591,0.010329142212867737,0.01231914758682251,0.013621687889099121,0.01529231071472168,0.006178468465805054,0.01570996642112732
A1_G,85,capsule/test/poke/017.png,1,clean_defect,32x32,4,0,,,,,,,,
A1_G,85,capsule/test/poke/017.png,1,boundary,32x32,4,4,0.011631682515144348,0.007008603215217591,0.010329142212867737,0.01231914758682251,0.013621687889099121,0.01529231071472168,0.006178468465805054,0.01570996642112732
A1_G,86,capsule/test/poke/018.png,1,abnormal_normal,32x32,5,1016,0.007880478657371416,0.0,0.0014991164207458496,0.004022523760795593,0.010456584393978119,0.028126172721385956,0.0,0.07841882109642029
A1_G,86,capsule/test/poke/018.png,1,defect,32x32,5,8,0.01850297302007675,0.001473081111907959,0.007275797426700592,0.018110334873199463,0.02306433767080307,0.041938383877277365,0.0,0.047623395919799805
A1_G,86,capsule/test/poke/018.png,1,clean_defect,32x32,5,3,0.02402229110399882,0.005811390280723572,0.012221738696098328,0.020234674215316772,0.03392903506755829,0.0448845237493515,0.004208803176879883,0.047623395919799805
A1_G,86,capsule/test/poke/018.png,1,boundary,32x32,5,5,0.015191382169723511,0.0016596257686614991,0.008298128843307495,0.015985995531082153,0.020292282104492188,0.02916285991668701,0.0,0.03138050436973572
A1_G,87,capsule/test/poke/019.png,1,abnormal_normal,32x32,8,1015,0.007404810659991109,0.0,0.0012782663106918335,0.00403982400894165,0.010181382298469543,0.0259185433387756,0.0,0.08136487007141113
A1_G,87,capsule/test/poke/019.png,1,defect,32x32,8,9,0.027408440907796223,0.0,0.009892940521240234,0.015970706939697266,0.024916231632232666,0.09258192181587216,0.0,0.1291954219341278
A1_G,87,capsule/test/poke/019.png,1,clean_defect,32x32,8,1,0.0182572603225708,0.0182572603225708,0.0182572603225708,0.0182572603225708,0.0182572603225708,0.0182572603225708,0.0182572603225708,0.0182572603225708
A1_G,87,capsule/test/poke/019.png,1,boundary,32x32,8,8,0.028552338480949402,0.0,0.007419705390930176,0.013376221060752869,0.028102591633796692,0.0971586093306541,0.0,0.1291954219341278
A1_G,88,capsule/test/poke/020.png,1,abnormal_normal,32x32,5,1017,0.007468074560165405,0.0,0.00127488374710083,0.004431784152984619,0.009931564331054688,0.027136045694351144,0.0,0.061376363039016724
A1_G,88,capsule/test/poke/020.png,1,defect,32x32,5,7,0.018806129693984985,0.002672049403190613,0.007138609886169434,0.021644175052642822,0.027785152196884155,0.035962647199630736,0.0023490488529205322,0.037802159786224365
A1_G,88,capsule/test/poke/020.png,1,clean_defect,32x32,5,2,0.006600275635719299,0.002774171531200409,0.004474662244319916,0.006600275635719299,0.008725889027118683,0.01042637974023819,0.0023490488529205322,0.010851502418518066
A1_G,88,capsule/test/poke/020.png,1,boundary,32x32,5,5,0.02368847131729126,0.007069408893585205,0.021644175052642822,0.023899853229522705,0.031670451164245605,0.036575818061828615,0.0034257173538208008,0.037802159786224365
A1_G,89,capsule/test/scratch/000.png,1,abnormal_normal,32x32,18,1006,0.007465101408200046,0.0,0.0013004019856452942,0.003957703709602356,0.009502299129962921,0.02514464408159256,0.0,0.08842504024505615
A1_G,89,capsule/test/scratch/000.png,1,defect,32x32,18,18,0.026303744978374906,0.0035735473036766054,0.009215906262397766,0.013265728950500488,0.035711608827114105,0.07951568514108656,0.0006550252437591553,0.0865805447101593
A1_G,89,capsule/test/scratch/000.png,1,clean_defect,32x32,18,0,,,,,,,,
A1_G,89,capsule/test/scratch/000.png,1,boundary,32x32,18,18,0.026303744978374906,0.0035735473036766054,0.009215906262397766,0.013265728950500488,0.035711608827114105,0.07951568514108656,0.0006550252437591553,0.0865805447101593
A1_G,90,capsule/test/scratch/001.png,1,abnormal_normal,32x32,10,1008,0.007347584066409913,0.0,0.001490369439125061,0.004451662302017212,0.009638242423534393,0.026469814777374246,0.0,0.06897968053817749
A1_G,90,capsule/test/scratch/001.png,1,defect,32x32,10,16,0.02289123646914959,0.004855848848819733,0.010031141340732574,0.022615402936935425,0.03358529508113861,0.04598564654588699,0.003973156213760376,0.04648715257644653
A1_G,90,capsule/test/scratch/001.png,1,clean_defect,32x32,10,6,0.03189927339553833,0.016770139336586,0.023325428366661072,0.035086363554000854,0.03910239785909653,0.04422394931316376,0.015558242797851562,0.045818477869033813
A1_G,90,capsule/test/scratch/001.png,1,boundary,32x32,10,10,0.017486414313316344,0.00450277179479599,0.007328703999519348,0.011014655232429504,0.025306813418865204,0.03986829221248625,0.003973156213760376,0.04648715257644653
A1_G,91,capsule/test/scratch/002.png,1,abnormal_normal,32x32,15,1006,0.008051358474414818,0.0,0.001682877540588379,0.004195794463157654,0.00980442762374878,0.02696378529071808,0.0,0.17050454020500183
A1_G,91,capsule/test/scratch/002.png,1,defect,32x32,15,18,0.02538336647881402,0.0,0.008146867156028748,0.015597373247146606,0.04025141894817352,0.05949327051639553,0.0,0.08323556184768677
A1_G,91,capsule/test/scratch/002.png,1,clean_defect,32x32,15,3,0.04323697090148926,0.03243535757064819,0.03720372915267944,0.043164193630218506,0.049233824014663696,0.054089528322219846,0.03124326467514038,0.05530345439910889
A1_G,91,capsule/test/scratch/002.png,1,boundary,32x32,15,15,0.021812645594278972,0.0,0.007186025381088257,0.014037787914276123,0.032583773136138916,0.062144625186920134,0.0,0.08323556184768677
A1_G,92,capsule/test/scratch/003.png,1,abnormal_normal,32x32,13,1005,0.008200684352893735,0.0,0.0017042458057403564,0.004282623529434204,0.009660929441452026,0.030458366870880087,0.0,0.14617589116096497
A1_G,92,capsule/test/scratch/003.png,1,defect,32x32,13,19,0.029902142913717972,0.006599941849708558,0.015721425414085388,0.027728796005249023,0.042626842856407166,0.05764297246932982,0.00023299455642700195,0.06369221210479736
A1_G,92,capsule/test/scratch/003.png,1,clean_defect,32x32,13,6,0.040557339787483215,0.02156125009059906,0.03537203371524811,0.04220777750015259,0.04907868057489395,0.05540389567613602,0.01751604676246643,0.056950002908706665
A1_G,92,capsule/test/scratch/003.png,1,boundary,32x32,13,13,0.024984359741210938,0.004477626085281372,0.009455949068069458,0.02141129970550537,0.02958148717880249,0.05965938568115233,0.00023299455642700195,0.06369221210479736
A1_G,93,capsule/test/scratch/004.png,1,abnormal_normal,32x32,30,990,0.007871002861947723,0.0,0.0016362369060516357,0.004452019929885864,0.00967109203338623,0.02617664188146591,0.0,0.19948354363441467
A1_G,93,capsule/test/scratch/004.png,1,defect,32x32,30,34,0.023055000340237337,0.00045743882656097424,0.0037427321076393127,0.018047988414764404,0.03553438186645508,0.05913549810647964,0.0,0.06950217485427856
A1_G,93,capsule/test/scratch/004.png,1,clean_defect,32x32,30,4,0.018552161753177643,0.0011416763067245484,0.0028933733701705933,0.00805714726448059,0.02371593564748764,0.05065566748380659,0.0007037520408630371,0.05739060044288635
A1_G,93,capsule/test/scratch/004.png,1,boundary,32x32,30,30,0.023655378818511964,0.0006656169891357424,0.0043944865465164185,0.020801320672035217,0.03553438186645508,0.05962892323732375,0.0,0.06950217485427856
A1_G,94,capsule/test/scratch/005.png,1,abnormal_normal,32x32,5,1016,0.0070885112142469,0.0,0.001069493591785431,0.003974169492721558,0.009942211210727692,0.024448782205581665,0.0,0.07938998937606812
A1_G,94,capsule/test/scratch/005.png,1,defect,32x32,5,8,0.011387057602405548,0.000353500247001648,0.0026579946279525757,0.008668377995491028,0.01742156594991684,0.027815106511116027,0.0,0.02800363302230835
A1_G,94,capsule/test/scratch/005.png,1,clean_defect,32x32,5,3,0.014025797446568808,0.0014073759317398073,0.007036879658699036,0.014073759317398071,0.02103869616985321,0.02661064565181732,0.0,0.02800363302230835
A1_G,94,capsule/test/scratch/005.png,1,boundary,32x32,5,5,0.009803813695907593,0.0014494657516479492,0.0032073259353637695,0.006895929574966431,0.010440826416015625,0.02406015396118164,0.0010100007057189941,0.027464985847473145
A1_G,95,capsule/test/scratch/006.png,1,abnormal_normal,32x32,7,1009,0.008265283139656982,0.0,0.001839965581893921,0.004495412111282349,0.010086148977279663,0.028037923574447586,0.0,0.17231109738349915
A1_G,95,capsule/test/scratch/006.png,1,defect,32x32,7,15,0.023972678184509277,0.006629803776741028,0.01388782262802124,0.02701297402381897,0.03159305453300476,0.03800905942916869,0.0041869282722473145,0.04432383179664612
A1_G,95,capsule/test/scratch/006.png,1,clean_defect,32x32,7,8,0.019960526376962662,0.009379570186138154,0.013005636632442474,0.018464505672454834,0.027024880051612854,0.03241798281669616,0.007676750421524048,0.03530272841453552
A1_G,95,capsule/test/scratch/006.png,1,boundary,32x32,7,7,0.028557994535991123,0.01076895296573639,0.027591094374656677,0.03121548891067505,0.032498762011528015,0.04093475341796874,0.0041869282722473145,0.04432383179664612
A1_G,96,capsule/test/scratch/007.png,1,abnormal_normal,32x32,13,1007,0.007500076749710719,0.0,0.0016316622495651245,0.0040954649448394775,0.009243801236152649,0.024680995941162107,0.0,0.151178240776062
A1_G,96,capsule/test/scratch/007.png,1,defect,32x32,13,17,0.020283020594540763,0.0015226542949676515,0.006820857524871826,0.01234021782875061,0.025962859392166138,0.052656775712966904,0.0013889968395233154,0.06982174515724182
A1_G,96,capsule/test/scratch/007.png,1,clean_defect,32x32,13,4,0.015237696468830109,0.0027949616312980654,0.008418820798397064,0.01755906641483307,0.024377942085266113,0.024430513381958008,0.0013889968395233154,0.02444365620613098
A1_G,96,capsule/test/scratch/007.png,1,boundary,32x32,13,13,0.02183542801783635,0.0033854067325592044,0.006820857524871826,0.01234021782875061,0.030314743518829346,0.056948018074035614,0.0015560686588287354,0.06982174515724182
A1_G,97,capsule/test/scratch/008.png,1,abnormal_normal,32x32,9,1009,0.006837943175621146,0.0,0.0015196800231933594,0.00416797399520874,0.009128928184509277,0.024051827192306495,0.0,0.06446856260299683
A1_G,97,capsule/test/scratch/008.png,1,defect,32x32,9,15,0.0230590283870697,0.008550554513931274,0.013260558247566223,0.021123290061950684,0.027570605278015137,0.045927685499191254,0.007803916931152344,0.06637203693389893
A1_G,97,capsule/test/scratch/008.png,1,clean_defect,32x32,9,6,0.020946552356084187,0.009124889969825745,0.015096679329872131,0.021859601140022278,0.02420470118522644,0.033430807292461395,0.007803916931152344,0.03632742166519165
A1_G,97,capsule/test/scratch/008.png,1,boundary,32x32,9,9,0.024467345741060045,0.009773671627044678,0.013433307409286499,0.015250951051712036,0.030400246381759644,0.05468955039978026,0.008870542049407959,0.06637203693389893
A1_G,98,capsule/test/scratch/009.png,1,abnormal_normal,32x32,16,1000,0.007991826057434082,2.6330351829528887e-06,0.001811109483242035,0.0044164955615997314,0.010076552629470825,0.026935693621635434,0.0,0.11652916669845581
A1_G,98,capsule/test/scratch/009.png,1,defect,32x32,16,24,0.022394653409719467,0.00547780990600586,0.01454346626996994,0.02099323272705078,0.027872316539287567,0.04265211224555968,0.004571467638015747,0.05777829885482788
A1_G,98,capsule/test/scratch/009.png,1,clean_defect,32x32,16,8,0.02264595404267311,0.013949188590049743,0.019208461046218872,0.02099323272705078,0.027872316539287567,0.031739015877246854,0.012268930673599243,0.03232815861701965
A1_G,98,capsule/test/scratch/009.png,1,boundary,32x32,16,16,0.022269003093242645,0.005094610154628754,0.012371085584163666,0.019600525498390198,0.027548521757125854,0.046860210597515106,0.004571467638015747,0.05777829885482788
A1_G,99,capsule/test/scratch/010.png,1,abnormal_normal,32x32,11,1006,0.006870161230948052,0.0,0.001162692904472351,0.00396353006362915,0.009587660431861877,0.024268411099910736,0.0,0.06401893496513367
A1_G,99,capsule/test/scratch/010.png,1,defect,32x32,11,18,0.018142999874220953,0.0,0.0009810775518417358,0.011933237314224243,0.022385500371456146,0.06471756547689438,0.0,0.06683585047721863
A1_G,99,capsule/test/scratch/010.png,1,clean_defect,32x32,11,7,0.010492959192820958,0.0,0.000474393367767334,0.011303514242172241,0.019244566559791565,0.022320744395256043,0.0,0.022709280252456665
A1_G,99,capsule/test/scratch/010.png,1,boundary,32x32,11,11,0.023011207580566406,0.0,0.0026648491621017456,0.012562960386276245,0.041397303342819214,0.0655898004770279,0.0,0.06683585047721863
A1_G,100,capsule/test/scratch/011.png,1,abnormal_normal,32x32,7,1010,0.0071469449465817745,0.0,0.001511014997959137,0.004043102264404297,0.00892222672700882,0.02433796972036361,0.0,0.06976470351219177
A1_G,100,capsule/test/scratch/011.png,1,defect,32x32,7,14,0.030595213174819946,0.003336210548877716,0.014312304556369781,0.03630654513835907,0.045995838940143585,0.057854825258255006,0.00013872981071472168,0.05995059013366699
A1_G,100,capsule/test/scratch/011.png,1,clean_defect,32x32,7,7,0.04100739104407174,0.019645091891288758,0.03763960301876068,0.043885231018066406,0.046889230608940125,0.05608913898468017,0.014158248901367188,0.05995059013366699
A1_G,100,capsule/test/scratch/011.png,1,boundary,32x32,7,7,0.02018303530556815,0.0016144901514053348,0.006862059235572815,0.014774471521377563,0.027958795428276062,0.05175804495811461,0.00013872981071472168,0.05672633647918701
A1_G,101,capsule/test/scratch/012.png,1,abnormal_normal,32x32,9,1012,0.007708629541717499,3.5092234611511244e-05,0.0015554055571556091,0.004522532224655151,0.010123416781425476,0.026339243352413173,0.0,0.09588479995727539
A1_G,101,capsule/test/scratch/012.png,1,defect,32x32,9,12,0.026237671573956806,0.009338320791721344,0.016490794718265533,0.02536746859550476,0.031498983502388,0.04687546640634536,0.007212519645690918,0.055385440587997437
A1_G,101,capsule/test/scratch/012.png,1,clean_defect,32x32,9,3,0.02713930606842041,0.02513837218284607,0.02536746859550476,0.025653839111328125,0.028168410062789917,0.03018006682395935,0.025081098079681396,0.03068298101425171
A1_G,101,capsule/test/scratch/012.png,1,boundary,32x32,9,9,0.02593712674246894,0.008758556842803956,0.015718698501586914,0.0238381028175354,0.033946990966796875,0.04919636845588683,0.007212519645690918,0.055385440587997437
A1_G,102,capsule/test/scratch/013.png,1,abnormal_normal,32x32,10,1013,0.008217196709311843,8.306503295898438e-05,0.0018467605113983154,0.004771590232849121,0.010226815938949585,0.02814095020294189,0.0,0.08962735533714294
A1_G,102,capsule/test/scratch/013.png,1,defect,32x32,10,11,0.018401874737306076,0.007304191589355469,0.01093725860118866,0.016560375690460205,0.022265523672103882,0.03598718345165253,0.003940790891647339,0.04078313708305359
A1_G,102,capsule/test/scratch/013.png,1,clean_defect,32x32,10,1,0.010667592287063599,0.010667592287063599,0.010667592287063599,0.010667592287063599,0.010667592287063599,0.010667592287063599,0.010667592287063599,0.010667592287063599
A1_G,102,capsule/test/scratch/013.png,1,boundary,32x32,10,10,0.019175302982330323,0.007019349932670593,0.01237400621175766,0.01660686731338501,0.02305850386619568,0.03646677881479262,0.003940790891647339,0.04078313708305359
A1_G,103,capsule/test/scratch/014.png,1,abnormal_normal,32x32,14,995,0.007838911776566626,0.0,0.0016045421361923218,0.004335463047027588,0.009926930069923401,0.02732111513614652,0.0,0.10952889919281006
A1_G,103,capsule/test/scratch/014.png,1,defect,32x32,14,29,0.023218774589998967,0.0033387541770935067,0.011579632759094238,0.02008649706840515,0.027284562587738037,0.06050732135772703,0.0,0.06883594393730164
A1_G,103,capsule/test/scratch/014.png,1,clean_defect,32x32,14,15,0.02180680235226949,0.007359689474105835,0.015369370579719543,0.016619116067886353,0.020751744508743286,0.05794225335121154,0.0,0.06392741203308105
A1_G,103,capsule/test/scratch/014.png,1,boundary,32x32,14,14,0.024731601987566267,0.005029849708080292,0.008514970541000366,0.022822290658950806,0.03608319163322449,0.053291721642017356,0.0006330013275146484,0.06883594393730164
A1_G,104,capsule/test/scratch/015.png,1,abnormal_normal,32x32,16,997,0.007923757450032976,0.00018605589866638203,0.002144932746887207,0.0049224793910980225,0.009937316179275513,0.02507675886154173,0.0,0.1766546368598938
A1_G,104,capsule/test/scratch/015.png,1,defect,32x32,16,27,0.01877239015367296,0.0,0.005009949207305908,0.010938465595245361,0.02682948112487793,0.06401259303092956,0.0,0.07183825969696045
A1_G,104,capsule/test/scratch/015.png,1,clean_defect,32x32,16,11,0.014912282878702337,0.0,0.003032997250556946,0.007308989763259888,0.01487034559249878,0.05203463137149811,0.0,0.07183825969696045
A1_G,104,capsule/test/scratch/015.png,1,boundary,32x32,16,16,0.021426213905215263,0.0016193389892578125,0.009605832397937775,0.013953760266304016,0.0282554030418396,0.05892623960971832,0.0,0.06740349531173706
A1_G,105,capsule/test/scratch/016.png,1,abnormal_normal,32x32,16,1004,0.007824854932695746,0.0,0.0014825165271759033,0.0043499767780303955,0.010967321693897247,0.02733377218246459,0.0,0.07039019465446472
A1_G,105,capsule/test/scratch/016.png,1,defect,32x32,16,20,0.025669026374816894,0.004316508769989014,0.007924102246761322,0.02351050078868866,0.04149109870195389,0.05797094553709031,0.0014003515243530273,0.07076418399810791
A1_G,105,capsule/test/scratch/016.png,1,clean_defect,32x32,16,4,0.011334270238876343,0.0018925949931144713,0.003861568868160248,0.00566631555557251,0.013139016926288605,0.02871108204126357,0.0014003515243530273,0.032604098320007324
A1_G,105,capsule/test/scratch/016.png,1,boundary,32x32,16,16,0.029252715408802032,0.0056923627853393555,0.010031439363956451,0.02655544877052307,0.0434224009513855,0.060664258897304535,0.0044699907302856445,0.07076418399810791
A1_G,106,capsule/test/scratch/017.png,1,abnormal_normal,32x32,8,1012,0.007293775766027775,0.0,0.0013916343450546265,0.004136919975280762,0.009435050189495087,0.023892410099506375,0.0,0.08353203535079956
A1_G,106,capsule/test/scratch/017.png,1,defect,32x32,8,12,0.012295822302500406,0.0005087852478027344,0.0052620768547058105,0.010532006621360779,0.020457394421100616,0.026115253567695614,0.0,0.029655933380126953
A1_G,106,capsule/test/scratch/017.png,1,clean_defect,32x32,8,4,0.016988113522529602,0.006596106290817261,0.009721845388412476,0.0162409245967865,0.023507192730903625,0.028426185250282284,0.005814671516418457,0.029655933380126953
A1_G,106,capsule/test/scratch/017.png,1,boundary,32x32,8,8,0.00994967669248581,0.00032377243041992193,0.002934485673904419,0.009848669171333313,0.014052294194698334,0.022135312855243682,0.0,0.02321833372116089
A1_G,107,capsule/test/scratch/018.png,1,abnormal_normal,32x32,11,1009,0.007523449962982692,0.0,0.0015215277671813965,0.0041532814502716064,0.009481996297836304,0.027216649055480956,0.0,0.09710371494293213
A1_G,107,capsule/test/scratch/018.png,1,defect,32x32,11,15,0.03235923647880554,0.012898635864257813,0.017251968383789062,0.02823612093925476,0.04119618237018585,0.07348409891128539,0.010696649551391602,0.07983925938606262
A1_G,107,capsule/test/scratch/018.png,1,clean_defect,32x32,11,4,0.014169424772262573,0.011168503761291504,0.013055920600891113,0.014554247260093689,0.01566775143146515,0.01663159430027008,0.010696649551391602,0.016872555017471313
A1_G,107,capsule/test/scratch/018.png,1,boundary,32x32,11,11,0.03897371346300298,0.017650291323661804,0.02819015085697174,0.030413329601287842,0.04353620111942291,0.07529985904693604,0.01763138175010681,0.07983925938606262
A1_G,108,capsule/test/scratch/019.png,1,abnormal_normal,32x32,10,1005,0.0074089215466039094,0.0,0.0015471577644348145,0.004431635141372681,0.009522557258605957,0.026005411148071284,0.0,0.0855821967124939
A1_G,108,capsule/test/scratch/019.png,1,defect,32x32,10,19,0.019626938983013754,0.004132089018821716,0.009092405438423157,0.011643052101135254,0.03108556568622589,0.037986719608306824,0.004005998373031616,0.06422001123428345
A1_G,108,capsule/test/scratch/019.png,1,clean_defect,32x32,10,9,0.01439577341079712,0.004062038660049438,0.007930874824523926,0.011583298444747925,0.01617676019668579,0.03263555765151977,0.004005998373031616,0.03460568189620972
A1_G,108,capsule/test/scratch/019.png,1,boundary,32x32,10,10,0.024334987998008727,0.007044050097465515,0.010011926293373108,0.02142028510570526,0.033128589391708374,0.051103365421295135,0.005719870328903198,0.06422001123428345
A1_G,109,capsule/test/scratch/020.png,1,abnormal_normal,32x32,22,1001,0.007137003150972334,0.0,0.0014756321907043457,0.004468172788619995,0.009554862976074219,0.02407047152519226,0.0,0.06354913115501404
A1_G,109,capsule/test/scratch/020.png,1,defect,32x32,22,23,0.02196074957432954,0.0008330255746841431,0.007503300905227661,0.016841232776641846,0.026298820972442627,0.05614433586597441,0.0,0.09236714243888855
A1_G,109,capsule/test/scratch/020.png,1,clean_defect,32x32,22,1,0.0010225772857666016,0.0010225772857666016,0.0010225772857666016,0.0010225772857666016,0.0010225772857666016,0.0010225772857666016,0.0010225772857666016,0.0010225772857666016
A1_G,109,capsule/test/scratch/020.png,1,boundary,32x32,22,22,0.02291248467835513,0.0008911311626434327,0.008716762065887451,0.017168790102005005,0.027215316891670227,0.05670766979455947,0.0,0.09236714243888855
A1_G,110,capsule/test/scratch/021.png,1,abnormal_normal,32x32,16,1007,0.007623030063293896,0.0,0.0015504807233810425,0.004079461097717285,0.009393170475959778,0.025715899467468252,0.0,0.09797096252441406
A1_G,110,capsule/test/scratch/021.png,1,defect,32x32,16,17,0.02392452254014857,0.007106626033782959,0.012899547815322876,0.02127280831336975,0.03142666816711426,0.0445190906524658,0.004906952381134033,0.0669325590133667
A1_G,110,capsule/test/scratch/021.png,1,clean_defect,32x32,16,1,0.017736703157424927,0.017736703157424927,0.017736703157424927,0.017736703157424927,0.017736703157424927,0.017736703157424927,0.017736703157424927,0.017736703157424927
A1_G,110,capsule/test/scratch/021.png,1,boundary,32x32,16,16,0.024311261251568794,0.006969146430492401,0.012848630547523499,0.02344745397567749,0.032188743352890015,0.045919932425022125,0.004906952381134033,0.0669325590133667
A1_G,111,capsule/test/scratch/022.png,1,abnormal_normal,32x32,22,988,0.007317943490951167,0.0,0.0014950335025787354,0.004198968410491943,0.009006507694721222,0.02539919465780258,0.0,0.10348963737487793
A1_G,111,capsule/test/scratch/022.png,1,defect,32x32,22,36,0.016512292126814525,0.0,0.006102241575717926,0.009989678859710693,0.02285037934780121,0.04502294957637787,0.0,0.05746948719024658
A1_G,111,capsule/test/scratch/022.png,1,clean_defect,32x32,22,14,0.015976631215640476,0.0,0.002617359161376953,0.010821595788002014,0.02178167551755905,0.04587039053440094,0.0,0.0513787567615509
A1_G,111,capsule/test/scratch/022.png,1,boundary,32x32,22,22,0.0168531672521071,0.0030254974961280824,0.007464483380317688,0.009989678859710693,0.02241084724664688,0.040246354043483736,0.0,0.05746948719024658
A1_G,112,capsule/test/squeeze/000.png,1,abnormal_normal,32x32,20,925,0.0078032452351338155,1.1718273162841835e-05,0.0017304420471191406,0.004747718572616577,0.011141002178192139,0.025051951408386227,0.0,0.1011858880519867
A1_G,112,capsule/test/squeeze/000.png,1,defect,32x32,20,99,0.021316447342285,0.0013779938220977786,0.0066400617361068726,0.01612567901611328,0.0313369482755661,0.0583688676357269,0.0,0.07030445337295532
A1_G,112,capsule/test/squeeze/000.png,1,clean_defect,32x32,20,79,0.0208535213259202,0.0007750630378723146,0.006106540560722351,0.015384972095489502,0.0313369482755661,0.056984558701515156,0.0,0.07030445337295532
A1_G,112,capsule/test/squeeze/000.png,1,boundary,32x32,20,20,0.023145005106925964,0.003389260172843933,0.01066577434539795,0.016962870955467224,0.02851218730211258,0.058131399750709536,0.0032820701599121094,0.06264328956604004
A1_G,113,capsule/test/squeeze/001.png,1,abnormal_normal,32x32,65,921,0.010053423147377569,0.0003705620765686035,0.002197563648223877,0.0057909488677978516,0.013598829507827759,0.0338362455368042,0.0,0.18384841084480286
A1_G,113,capsule/test/squeeze/001.png,1,defect,32x32,65,103,0.01813898734676028,0.00016143023967742925,0.007143795490264893,0.014976143836975098,0.026483282446861267,0.047234547138214074,0.0,0.08110120892524719
A1_G,113,capsule/test/squeeze/001.png,1,clean_defect,32x32,65,38,0.017109226239354985,0.0,0.0037266910076141357,0.013947442173957825,0.0268256738781929,0.04015763849020002,0.0,0.08110120892524719
A1_G,113,capsule/test/squeeze/001.png,1,boundary,32x32,65,65,0.018741001532627987,0.0037383079528808595,0.008962661027908325,0.015613943338394165,0.02617812156677246,0.046789729595184314,0.0,0.0573408305644989
A1_G,114,capsule/test/squeeze/002.png,1,abnormal_normal,32x32,16,1008,0.008091901266385638,0.0,0.0016219839453697205,0.004685074090957642,0.010504744946956635,0.02622925490140914,0.0,0.0855627954006195
A1_G,114,capsule/test/squeeze/002.png,1,defect,32x32,16,16,0.019117800518870354,0.0001280084252357483,0.006492972373962402,0.009426146745681763,0.026332400739192963,0.054032981395721436,0.0,0.07418906688690186
A1_G,114,capsule/test/squeeze/002.png,1,clean_defect,32x32,16,0,,,,,,,,
A1_G,114,capsule/test/squeeze/002.png,1,boundary,32x32,16,16,0.019117800518870354,0.0001280084252357483,0.006492972373962402,0.009426146745681763,0.026332400739192963,0.054032981395721436,0.0,0.07418906688690186
A1_G,115,capsule/test/squeeze/003.png,1,abnormal_normal,32x32,6,1015,0.007442616770420169,0.0,0.0015639960765838623,0.004624903202056885,0.010335609316825867,0.02385196685791015,0.0,0.07434365153312683
A1_G,115,capsule/test/squeeze/003.png,1,defect,32x32,6,9,0.008601499928368462,0.0012583136558532715,0.002572685480117798,0.006489098072052002,0.013437867164611816,0.01873435378074646,0.0008376240730285645,0.019750386476516724
A1_G,115,capsule/test/squeeze/003.png,1,clean_defect,32x32,6,3,0.01107361912727356,0.0036592036485671997,0.008005276322364807,0.013437867164611816,0.01532408595085144,0.01683306097984314,0.002572685480117798,0.017210304737091064
A1_G,115,capsule/test/squeeze/003.png,1,boundary,32x32,6,6,0.007365440328915914,0.0011005550622940063,0.0022705793380737305,0.004951685667037964,0.010481208562850952,0.017765767872333527,0.0008376240730285645,0.019750386476516724
A1_G,116,capsule/test/squeeze/004.png,1,abnormal_normal,32x32,10,1008,0.008588654447406058,0.0,0.001985415816307068,0.0048815906047821045,0.01078622043132782,0.02978740632534027,0.0,0.15566524863243103
A1_G,116,capsule/test/squeeze/004.png,1,defect,32x32,10,16,0.012607647106051445,0.004292681813240051,0.007383003830909729,0.009828940033912659,0.017802640795707703,0.024990998208522797,0.004124462604522705,0.025224149227142334
A1_G,116,capsule/test/squeeze/004.png,1,clean_defect,32x32,10,6,0.0144682377576828,0.008360639214515686,0.009494684636592865,0.010592058300971985,0.02026483416557312,0.024549350142478943,0.008094042539596558,0.024913281202316284
A1_G,116,capsule/test/squeeze/004.png,1,boundary,32x32,10,10,0.011491292715072631,0.004225394129753113,0.006431154906749725,0.007944613695144653,0.015177987515926361,0.024352189898490903,0.004124462604522705,0.025224149227142334
A1_G,117,capsule/test/squeeze/005.png,1,abnormal_normal,32x32,21,999,0.007319400916705738,0.0,0.0014762729406356812,0.0042035579681396484,0.009759172797203064,0.02569026350975033,0.0,0.08418571949005127
A1_G,117,capsule/test/squeeze/005.png,1,defect,32x32,21,25,0.01529285430908203,0.0013900756835937501,0.005953490734100342,0.013568520545959473,0.022252678871154785,0.0394010245800018,0.0,0.045112401247024536
A1_G,117,capsule/test/squeeze/005.png,1,clean_defect,32x32,21,4,0.02343299239873886,0.011703833937644958,0.014240309596061707,0.01877492666244507,0.027967609465122223,0.04168344289064407,0.011069715023040771,0.045112401247024536
A1_G,117,capsule/test/squeeze/005.png,1,boundary,32x32,21,21,0.013742351815814064,0.0011622309684753418,0.004012614488601685,0.013322174549102783,0.020003795623779297,0.03164634108543396,0.0,0.0413396954536438
A1_G,118,capsule/test/squeeze/006.png,1,abnormal_normal,32x32,29,922,0.00810014522773842,3.929138183593762e-05,0.0016384199261665344,0.004634201526641846,0.010952837765216827,0.02823134362697597,0.0,0.07254928350448608
A1_G,118,capsule/test/squeeze/006.png,1,defect,32x32,29,102,0.016596954827215158,0.0,0.005856931209564209,0.014041468501091003,0.024912603199481964,0.03763941526412962,0.0,0.07027438282966614
A1_G,118,capsule/test/squeeze/006.png,1,clean_defect,32x32,29,73,0.017110651486540493,0.0,0.008534222841262817,0.014941036701202393,0.024968832731246948,0.03676320314407347,0.0,0.050818562507629395
A1_G,118,capsule/test/squeeze/006.png,1,boundary,32x32,29,29,0.01530385633994793,3.336668014526368e-05,0.004304409027099609,0.009302616119384766,0.02067321538925171,0.03922796845436095,0.0,0.07027438282966614
A1_G,119,capsule/test/squeeze/007.png,1,abnormal_normal,32x32,36,921,0.009120582628198348,0.00018891692161560059,0.0018119513988494873,0.004910141229629517,0.011272519826889038,0.03435719013214111,0.0,0.09179070591926575
A1_G,119,capsule/test/squeeze/007.png,1,defect,32x32,36,103,0.01743458457363462,8.368492126464888e-06,0.007065296173095703,0.013476341962814331,0.025571823120117188,0.04428363740444183,0.0,0.06609025597572327
A1_G,119,capsule/test/squeeze/007.png,1,clean_defect,32x32,36,67,0.017865359783172607,0.00015428960323333747,0.005385175347328186,0.01513981819152832,0.025922507047653198,0.044148600101470946,0.0,0.06540554761886597
A1_G,119,capsule/test/squeeze/007.png,1,boundary,32x32,36,36,0.016632864044772253,0.0,0.008339442312717438,0.012693673372268677,0.021034106612205505,0.045411668717861176,0.0,0.06609025597572327
A1_G,120,capsule/test/squeeze/008.png,1,abnormal_normal,32x32,37,959,0.007385158656908896,5.870759487152101e-05,0.0016423016786575317,0.004227936267852783,0.009835571050643921,0.02548851966857909,0.0,0.07042136788368225
A1_G,120,capsule/test/squeeze/008.png,1,defect,32x32,37,65,0.01611826282281142,0.0007201969623565675,0.008043557405471802,0.014632731676101685,0.021683573722839355,0.03920412063598632,0.0,0.04248115420341492
A1_G,120,capsule/test/squeeze/008.png,1,clean_defect,32x32,37,28,0.019425504973956516,0.004429773986339569,0.009355627000331879,0.015054509043693542,0.02971750497817993,0.04167624861001968,0.0013294816017150879,0.04248115420341492
A1_G,120,capsule/test/squeeze/008.png,1,boundary,32x32,37,37,0.013615484978701617,0.0,0.006533205509185791,0.011881709098815918,0.019198447465896606,0.031277501583099346,0.0,0.034511953592300415
A1_G,121,capsule/test/squeeze/009.png,1,abnormal_normal,32x32,38,946,0.007903662090825733,0.0005024746060371399,0.002312786877155304,0.004819914698600769,0.010313741862773895,0.02452373504638672,0.0,0.09079742431640625
A1_G,121,capsule/test/squeeze/009.png,1,defect,32x32,38,78,0.01829715111316779,0.0011562019586563112,0.008871734142303467,0.015003994107246399,0.025735095143318176,0.04280845522880548,0.0,0.07455170154571533
A1_G,121,capsule/test/squeeze/009.png,1,clean_defect,32x32,38,40,0.01963178962469101,0.0025524780154228214,0.01359548419713974,0.01711021363735199,0.02632824331521988,0.0394873425364494,0.0,0.05461367964744568
A1_G,121,capsule/test/squeeze/009.png,1,boundary,32x32,38,38,0.016892268469459133,0.00031760334968566895,0.007977619767189026,0.011555641889572144,0.0225493386387825,0.044264242053031894,0.0,0.07455170154571533
A1_G,122,capsule/test/squeeze/010.png,1,abnormal_normal,32x32,8,1004,0.008122407820120275,0.0,0.0014900490641593933,0.004705712199211121,0.01139339804649353,0.02745841145515441,0.0,0.07977411150932312
A1_G,122,capsule/test/squeeze/010.png,1,defect,32x32,8,20,0.01806577146053314,0.00452103614807129,0.009372659027576447,0.018282458186149597,0.026465602219104767,0.0353547677397728,0.0012984275817871094,0.03901901841163635
A1_G,122,capsule/test/squeeze/010.png,1,clean_defect,32x32,8,12,0.020410629610220592,0.007553695142269135,0.014765359461307526,0.019508391618728638,0.027164913713932037,0.03513053953647614,0.004690647125244141,0.03516191244125366
A1_G,122,capsule/test/squeeze/010.png,1,boundary,32x32,8,8,0.014548484236001968,0.0024895846843719484,0.005594685673713684,0.009268149733543396,0.021443791687488556,0.034995238482952114,0.0012984275817871094,0.03901901841163635
A1_G,123,capsule/test/squeeze/011.png,1,abnormal_normal,32x32,27,934,0.00822924738011983,0.0,0.0017039179801940918,0.004937663674354553,0.011381879448890686,0.02617003619670867,0.0,0.06958398222923279
A1_G,123,capsule/test/squeeze/011.png,1,defect,32x32,27,90,0.013489284780290392,0.0012595653533935547,0.005578398704528809,0.012262731790542603,0.01869823783636093,0.02771093398332596,0.0,0.04101419448852539
A1_G,123,capsule/test/squeeze/011.png,1,clean_defect,32x32,27,63,0.015063361043021792,0.0013465821743011475,0.007069632411003113,0.014726430177688599,0.02173878252506256,0.02992894649505615,0.0,0.04101419448852539
A1_G,123,capsule/test/squeeze/011.png,1,boundary,32x32,27,27,0.009816440167250457,0.001450994610786438,0.004093930125236511,0.008930057287216187,0.012107938528060913,0.02453630268573761,0.0,0.026817500591278076
A1_G,124,capsule/test/squeeze/012.png,1,abnormal_normal,32x32,23,934,0.008889985448287948,8.36834311485291e-05,0.0022595077753067017,0.00506138801574707,0.010878898203372955,0.027835574746131873,0.0,0.15105301141738892
A1_G,124,capsule/test/squeeze/012.png,1,defect,32x32,23,90,0.016133943531248304,0.0001285314559936524,0.004596248269081116,0.012869864702224731,0.026733078062534332,0.039875189960002895,0.0,0.04768890142440796
A1_G,124,capsule/test/squeeze/012.png,1,clean_defect,32x32,23,67,0.015716470444380348,0.0,0.00432257354259491,0.011832475662231445,0.025717079639434814,0.040010538697242734,0.0,0.045695483684539795
A1_G,124,capsule/test/squeeze/012.png,1,boundary,32x32,23,23,0.01735006078429844,0.0012995392084121705,0.006407186388969421,0.015634149312973022,0.02715367078781128,0.038399383425712585,0.0008249878883361816,0.04768890142440796
A1_G,125,capsule/test/squeeze/013.png,1,abnormal_normal,32x32,27,978,0.009078964773862639,0.00010435134172439579,0.0018921494483947754,0.004959270358085632,0.011668696999549866,0.030412833392620086,0.0,0.15852999687194824
A1_G,125,capsule/test/squeeze/013.png,1,defect,32x32,27,46,0.0196779674809912,0.0033784955739974976,0.007732205092906952,0.013733580708503723,0.025445841252803802,0.054602302610874176,0.001465439796447754,0.061178505420684814
A1_G,125,capsule/test/squeeze/013.png,1,clean_defect,32x32,27,19,0.01304942996878373,0.0031232059001922606,0.007864072918891907,0.009617984294891357,0.015031397342681885,0.028401061892509395,0.001465439796447754,0.05569267272949219
A1_G,125,capsule/test/squeeze/013.png,1,boundary,32x32,27,27,0.024342493878470525,0.004066473245620728,0.008301585912704468,0.01861506700515747,0.04017357528209686,0.056973135471343986,0.0026839077472686768,0.061178505420684814
A1_G,126,capsule/test/squeeze/014.png,1,abnormal_normal,32x32,56,890,0.009405191929152842,0.00010097175836563116,0.0019874274730682373,0.005968853831291199,0.012401610612869263,0.031949388980865454,0.0,0.07002496719360352
A1_G,126,capsule/test/squeeze/014.png,1,defect,32x32,56,134,0.01794965965534324,0.0,0.005492277443408966,0.013140097260475159,0.02594800293445587,0.047190462052822096,0.0,0.08047980070114136
A1_G,126,capsule/test/squeeze/014.png,1,clean_defect,32x32,56,78,0.017002494289324835,9.329766035079957e-05,0.005049571394920349,0.012254312634468079,0.026019394397735596,0.04162133634090422,0.0,0.07131960988044739
A1_G,126,capsule/test/squeeze/014.png,1,boundary,32x32,56,56,0.01926892570086888,0.0,0.006877623498439789,0.014821827411651611,0.025706134736537933,0.05350077152252197,0.0,0.08047980070114136
A1_G,127,capsule/test/squeeze/015.png,1,abnormal_normal,32x32,32,970,0.008625823075009375,3.1067430973053014e-05,0.0016263052821159363,0.005001485347747803,0.012506738305091858,0.02853986024856566,0.0,0.07509002089500427
A1_G,127,capsule/test/squeeze/015.png,1,defect,32x32,32,54,0.01828325843369519,0.0019385069608688359,0.007597833871841431,0.015553727746009827,0.02453678846359253,0.04547578394412993,0.00017112493515014648,0.08169567584991455
A1_G,127,capsule/test/squeeze/015.png,1,clean_defect,32x32,32,22,0.018150200897997074,0.006788992881774902,0.010158397257328033,0.015898272395133972,0.023837968707084656,0.03363305479288101,0.003778815269470215,0.046867936849594116
A1_G,127,capsule/test/squeeze/015.png,1,boundary,32x32,32,32,0.018374735489487648,0.0008426159620285034,0.005566231906414032,0.014138206839561462,0.02518986165523529,0.05114438086748122,0.00017112493515014648,0.08169567584991455
A1_G,128,capsule/test/squeeze/016.png,1,abnormal_normal,32x32,21,922,0.007594168412452665,0.00017867386341094977,0.0016535446047782898,0.004249796271324158,0.009711198508739471,0.027669326961040484,0.0,0.12729454040527344
A1_G,128,capsule/test/squeeze/016.png,1,defect,32x32,21,102,0.016797633732066435,0.00047023892402648954,0.007244206964969635,0.014215141534805298,0.02514229714870453,0.03721855133771895,0.0,0.06426528096199036
A1_G,128,capsule/test/squeeze/016.png,1,clean_defect,32x32,21,81,0.0182562948744974,0.0008669495582580566,0.008537977933883667,0.016506075859069824,0.0272655189037323,0.03840446472167969,0.0,0.06426528096199036
A1_G,128,capsule/test/squeeze/016.png,1,boundary,32x32,21,21,0.01117136932554699,0.00035375356674194336,0.005015760660171509,0.010845780372619629,0.015996158123016357,0.023884087800979614,0.0,0.025864839553833008
A1_G,129,capsule/test/squeeze/017.png,1,abnormal_normal,32x32,19,1002,0.007610621447572689,0.00014434009790420532,0.0016673430800437927,0.0044002532958984375,0.010110616683959961,0.025585238635539964,0.0,0.08512875437736511
A1_G,129,capsule/test/squeeze/017.png,1,defect,32x32,19,22,0.01760903542692011,0.0031085431575775145,0.010138727724552155,0.015177518129348755,0.027485229074954987,0.034155911207199095,0.0,0.045207321643829346
A1_G,129,capsule/test/squeeze/017.png,1,clean_defect,32x32,19,3,0.016953180233637493,0.010262444615364075,0.011667147278785706,0.013423025608062744,0.020474135875701904,0.02611502408981323,0.009911268949508667,0.027525246143341064
A1_G,129,capsule/test/squeeze/017.png,1,boundary,32x32,19,19,0.017712591510069996,0.00277056097984314,0.008267715573310852,0.016932010650634766,0.02799113094806671,0.03528746664524076,0.0,0.045207321643829346
A1_G,130,capsule/test/squeeze/018.png,1,abnormal_normal,32x32,15,999,0.007969246582464652,0.0001025050878524784,0.0017282217741012573,0.0045667290687561035,0.010079815983772278,0.026660475134849534,0.0,0.08692362904548645
A1_G,130,capsule/test/squeeze/018.png,1,defect,32x32,15,25,0.020833759307861327,0.0016031205654144292,0.007721900939941406,0.017024338245391846,0.03162485361099243,0.04842433929443359,0.0,0.04909268021583557
A1_G,130,capsule/test/squeeze/018.png,1,clean_defect,32x32,15,10,0.02472850978374481,0.0062415838241577145,0.013100504875183105,0.024605199694633484,0.03217533975839615,0.046969310939311976,0.006075501441955566,0.04848182201385498
A1_G,130,capsule/test/squeeze/018.png,1,boundary,32x32,15,15,0.018237258990605673,0.0006830096244812012,0.007344365119934082,0.014865487813949585,0.028148144483566284,0.048463889956474306,0.0,0.04909268021583557
A1_G,131,capsule/test/squeeze/019.png,1,abnormal_normal,32x32,12,1001,0.007323728068606122,0.0,0.0015073418617248535,0.003955721855163574,0.009739309549331665,0.025813430547714233,0.0,0.07374575734138489
A1_G,131,capsule/test/squeeze/019.png,1,defect,32x32,12,23,0.01889532286187877,0.0036803841590881347,0.010381072759628296,0.015324681997299194,0.022782057523727417,0.0452421873807907,0.0005778372287750244,0.05268150568008423
A1_G,131,capsule/test/squeeze/019.png,1,clean_defect,32x32,12,11,0.023106661709872158,0.010056853294372559,0.013937339186668396,0.01977407932281494,0.026052311062812805,0.04929709434509277,0.009715497493743896,0.05268150568008423
A1_G,131,capsule/test/squeeze/019.png,1,boundary,32x32,12,12,0.015034928917884827,0.002273662388324738,0.003957666456699371,0.01225396990776062,0.01914326846599579,0.03833669424057007,0.0005778372287750244,0.03920772671699524
DUP_G,0,capsule/test/crack/000.png,1,abnormal_normal,32x32,4,1017,0.006134962062090415,0.0,0.001098891720175743,0.0034919753670692444,0.007829029113054276,0.01907577663660048,0.0,0.13748639822006226
DUP_G,0,capsule/test/crack/000.png,1,defect,32x32,4,7,0.009553081222942897,0.0014864861965179442,0.003067895770072937,0.010985210537910461,0.015703357756137848,0.016710393130779266,0.0013414323329925537,0.017002418637275696
DUP_G,0,capsule/test/crack/000.png,1,clean_defect,32x32,4,3,0.007227092981338501,0.0016383737325668334,0.0028261393308639526,0.0043108463287353516,0.010169923305511475,0.014857184886932372,0.0013414323329925537,0.016029000282287598
DUP_G,0,capsule/test/crack/000.png,1,boundary,32x32,4,4,0.011297572404146194,0.0031989850103855133,0.008695144206285477,0.01318146288394928,0.015783891081809998,0.016758713126182555,0.0018249452114105225,0.017002418637275696
DUP_G,1,capsule/test/crack/001.png,1,abnormal_normal,32x32,20,978,0.007355945603826782,0.0,0.0010960730724036694,0.004069456830620766,0.009882038459181786,0.027319257333874695,0.0,0.056231021881103516
DUP_G,1,capsule/test/crack/001.png,1,defect,32x32,20,46,0.03368048078340033,0.011206179857254028,0.020583629608154297,0.030302569270133972,0.04660238325595856,0.0650777667760849,0.005226835608482361,0.06903237104415894
DUP_G,1,capsule/test/crack/001.png,1,clean_defect,32x32,20,26,0.038974293149434604,0.01745910942554474,0.022530287504196167,0.03622180223464966,0.05178184062242508,0.06638685613870621,0.015215486288070679,0.06903237104415894
DUP_G,1,capsule/test/crack/001.png,1,boundary,32x32,20,20,0.02679852470755577,0.00549992099404335,0.013698618859052658,0.026032015681266785,0.036965347826480865,0.058014315366745,0.005226835608482361,0.06430041790008545
DUP_G,2,capsule/test/crack/002.png,1,abnormal_normal,32x32,4,1018,0.0070823393414466695,2.0974874496459997e-05,0.001304779201745987,0.0033285021781921387,0.00872816052287817,0.02763003055006265,0.0,0.08540956676006317
DUP_G,2,capsule/test/crack/002.png,1,defect,32x32,4,6,0.008025718231995901,0.00047835707664489746,0.0019144266843795776,0.0053806304931640625,0.013341769576072693,0.019189175218343735,0.0,0.020638540387153625
DUP_G,2,capsule/test/crack/002.png,1,clean_defect,32x32,4,2,0.0053806304931640625,0.0022637426853179933,0.0036490261554718018,0.0053806304931640625,0.007112234830856323,0.00849751830101013,0.001917421817779541,0.008843839168548584
DUP_G,2,capsule/test/crack/002.png,1,boundary,32x32,4,4,0.00934826210141182,0.00028701424598693854,0.0014350712299346924,0.008377254009246826,0.016290444880723953,0.01976892128586769,0.0,0.020638540387153625
DUP_G,3,capsule/test/crack/003.png,1,abnormal_normal,32x32,4,1017,0.00649751506877684,0.0,0.0011712312698364258,0.0031898021697998047,0.007792392745614052,0.023516073822975117,0.0,0.07960480451583862
DUP_G,3,capsule/test/crack/003.png,1,defect,32x32,4,7,0.010443930115018572,0.0023375898599624634,0.00466136634349823,0.008623570203781128,0.013092637062072754,0.023698365688323966,0.0022833645343780518,0.026692569255828857
DUP_G,3,capsule/test/crack/003.png,1,clean_defect,32x32,4,3,0.017342676719029743,0.00943240225315094,0.012667730450630188,0.016711890697479248,0.021702229976654053,0.025694501399993897,0.008623570203781128,0.026692569255828857
DUP_G,3,capsule/test/crack/003.png,1,boundary,32x32,4,4,0.005269870162010193,0.0023104771971702576,0.002418927848339081,0.00466136634349823,0.007512308657169342,0.009081168472766875,0.0022833645343780518,0.00947338342666626
DUP_G,4,capsule/test/crack/004.png,1,abnormal_normal,32x32,9,1013,0.0063232002988538585,0.0,0.0010570688173174858,0.0033691134303808212,0.008029857650399208,0.02126833647489547,0.0,0.07707605510950089
DUP_G,4,capsule/test/crack/004.png,1,defect,32x32,9,11,0.026959201828999954,0.0086958147585392,0.018147334456443787,0.024158447980880737,0.033548370003700256,0.050775736570358276,0.005461297929286957,0.05438968539237976
DUP_G,4,capsule/test/crack/004.png,1,clean_defect,32x32,9,2,0.02097444236278534,0.01627715677022934,0.018364839255809784,0.02097444236278534,0.023584045469760895,0.02567172795534134,0.01575523614883423,0.02619364857673645
DUP_G,4,capsule/test/crack/004.png,1,boundary,32x32,9,9,0.028289148377047643,0.008048911392688752,0.020539432764053345,0.024158447980880737,0.03607708215713501,0.05149852633476257,0.005461297929286957,0.05438968539237976
DUP_G,5,capsule/test/crack/005.png,1,abnormal_normal,32x32,7,1013,0.0062445833741688155,0.0,0.001065373420715332,0.003467777743935585,0.007562875747680664,0.022550199180841446,0.0,0.13984377682209015
DUP_G,5,capsule/test/crack/005.png,1,defect,32x32,7,11,0.017528213221918453,0.0006538033485412598,0.003608832135796547,0.01696176826953888,0.027586981654167175,0.038871847093105316,0.0,0.045468807220458984
DUP_G,5,capsule/test/crack/005.png,1,clean_defect,32x32,7,4,0.0312778539955616,0.023107610642910004,0.02409546822309494,0.028390981256961823,0.03557336702942848,0.043489719182252876,0.02286064624786377,0.045468807220458984
DUP_G,5,capsule/test/crack/005.png,1,boundary,32x32,7,7,0.009671275636979513,0.0003922820091247559,0.0016289353370666504,0.005267400294542313,0.014253385365009308,0.0265553519129753,0.0,0.030666887760162354
DUP_G,6,capsule/test/crack/006.png,1,abnormal_normal,32x32,10,1009,0.006282176982105606,2.7220323681831365e-05,0.0012515000998973846,0.0032904744148254395,0.007688600569963455,0.020245218276977537,0.0,0.08500546216964722
DUP_G,6,capsule/test/crack/006.png,1,defect,32x32,10,15,0.025916979213555656,0.01068137362599373,0.02161867916584015,0.025903135538101196,0.028359785676002502,0.04549170881509781,0.0016408786177635193,0.046210214495658875
DUP_G,6,capsule/test/crack/006.png,1,clean_defect,32x32,10,5,0.024867320060729982,0.021533775329589843,0.022180795669555664,0.025903135538101196,0.026500225067138672,0.028004384040832518,0.02137202024459839,0.02838042378425598
DUP_G,6,capsule/test/crack/006.png,1,boundary,32x32,10,10,0.02644180878996849,0.007452625408768654,0.021294742822647095,0.025042764842510223,0.033659376204013824,0.04574831798672676,0.0016408786177635193,0.046210214495658875
DUP_G,7,capsule/test/crack/007.png,1,abnormal_normal,32x32,11,1009,0.00659878612509804,0.0,0.0011117663234472275,0.0034195594489574432,0.008517425507307053,0.024992784857749927,0.0,0.06927474588155746
DUP_G,7,capsule/test/crack/007.png,1,defect,32x32,11,15,0.008557902773221333,0.0,0.0020568668842315674,0.008733510971069336,0.011778846383094788,0.02141805291175842,0.0,0.023698478937149048
DUP_G,7,capsule/test/crack/007.png,1,clean_defect,32x32,11,4,0.016060031950473785,0.009249655902385712,0.010622464120388031,0.01581759750843048,0.021255165338516235,0.023209816217422484,0.008906453847885132,0.023698478937149048
DUP_G,7,capsule/test/crack/007.png,1,boundary,32x32,11,11,0.005829855799674988,0.0,0.0002033710479736328,0.0044066160917282104,0.009894996881484985,0.01401016116142273,0.0,0.015657097101211548
DUP_G,8,capsule/test/crack/008.png,1,abnormal_normal,32x32,9,1013,0.006151974723864666,0.0,0.001026928424835205,0.003278616815805435,0.00793217122554779,0.022505054622888564,0.0,0.0639461874961853
DUP_G,8,capsule/test/crack/008.png,1,defect,32x32,9,11,0.02153844115408984,0.004298856481909752,0.010553356260061264,0.01743665337562561,0.024247638881206512,0.05471795052289963,0.0,0.06762905418872833
DUP_G,8,capsule/test/crack/008.png,1,clean_defect,32x32,9,2,0.014053575694561005,0.0014053575694561006,0.007026787847280502,0.014053575694561005,0.021080363541841507,0.026701793819665906,0.0,0.02810715138912201
DUP_G,8,capsule/test/crack/008.png,1,boundary,32x32,9,9,0.023201744589540694,0.009331802278757096,0.010673776268959045,0.01743665337562561,0.020388126373291016,0.05730017125606536,0.008597712963819504,0.06762905418872833
DUP_G,9,capsule/test/crack/009.png,1,abnormal_normal,32x32,16,1005,0.006232882240805682,0.0,0.00118919275701046,0.0032136449590325356,0.007882550358772278,0.021284094452857966,0.0,0.12101984024047852
DUP_G,9,capsule/test/crack/009.png,1,defect,32x32,16,19,0.014854183714640768,0.002250678464770317,0.005405822768807411,0.008334778249263763,0.01850453019142151,0.04399129301309582,0.0017858147621154785,0.060982510447502136
DUP_G,9,capsule/test/crack/009.png,1,clean_defect,32x32,16,3,0.02931070824464162,0.011377474665641785,0.013474807143211365,0.01609647274017334,0.03853949159383774,0.056493906676769255,0.01085314154624939,0.060982510447502136
DUP_G,9,capsule/test/crack/009.png,1,boundary,32x32,16,16,0.012143585365265608,0.0021732011809945107,0.004409391433000565,0.007069937884807587,0.01748017966747284,0.029642954468727112,0.0017858147621154785,0.04210337996482849
DUP_G,10,capsule/test/crack/010.png,1,abnormal_normal,32x32,10,996,0.005903790106465778,0.0,0.0008480707183480263,0.0031305141746997833,0.007913917303085327,0.02167442999780178,0.0,0.06323368847370148
DUP_G,10,capsule/test/crack/010.png,1,defect,32x32,10,28,0.011651427884187018,0.0,0.004025585949420929,0.009628649801015854,0.01994878426194191,0.0283542912453413,0.0,0.031810540705919266
DUP_G,10,capsule/test/crack/010.png,1,clean_defect,32x32,10,18,0.014143536488215128,0.0006440401077270508,0.0058576688170433044,0.011845847591757774,0.02258875034749508,0.029404937289655205,0.0,0.031810540705919266
DUP_G,10,capsule/test/crack/010.png,1,boundary,32x32,10,10,0.007165632396936417,0.0,0.0023493748158216476,0.006145186722278595,0.010713092982769012,0.01766714602708816,0.0,0.01946718990802765
DUP_G,11,capsule/test/crack/011.png,1,abnormal_normal,32x32,7,1013,0.006499400076218251,2.975426614284517e-05,0.0012963209301233292,0.003357410430908203,0.007441680878400803,0.02324228994548321,0.0,0.13129474222660065
DUP_G,11,capsule/test/crack/011.png,1,defect,32x32,7,11,0.011386210268194025,0.002020522952079773,0.006139829754829407,0.007817983627319336,0.016829952597618103,0.02435237169265747,7.539987564086914e-06,0.02706378698348999
DUP_G,11,capsule/test/crack/011.png,1,clean_defect,32x32,7,4,0.0121622234582901,0.00726805180311203,0.0076562389731407166,0.011930450797080994,0.016436435282230377,0.017380876839160918,0.007171005010604858,0.017616987228393555
DUP_G,11,capsule/test/crack/011.png,1,boundary,32x32,7,7,0.010942774159567696,0.0012153297662734987,0.004829734563827515,0.006653696298599243,0.016607463359832764,0.025436937808990475,7.539987564086914e-06,0.02706378698348999
DUP_G,12,capsule/test/crack/012.png,1,abnormal_normal,32x32,8,1013,0.0069926879400900414,8.121877908706676e-06,0.0012002810835838318,0.0038780756294727325,0.008626759052276611,0.02527876831591128,0.0,0.06897753477096558
DUP_G,12,capsule/test/crack/012.png,1,defect,32x32,8,11,0.011774654415520754,0.004485771059989929,0.006008848547935486,0.010754391551017761,0.015262305736541748,0.021769095212221146,0.00441858172416687,0.022053100168704987
DUP_G,12,capsule/test/crack/012.png,1,clean_defect,32x32,8,3,0.015985590716203053,0.006125232577323914,0.012951835989952087,0.021485090255737305,0.021769095212221146,0.021996299177408217,0.00441858172416687,0.022053100168704987
DUP_G,12,capsule/test/crack/012.png,1,boundary,32x32,8,8,0.010195553302764893,0.0045559749007225035,0.006732486188411713,0.010505981743335724,0.01364961452782154,0.015572934597730636,0.004552960395812988,0.016297735273838043
DUP_G,13,capsule/test/crack/013.png,1,abnormal_normal,32x32,2,1022,0.005713099794218102,0.0,0.0008749705739319324,0.0027411188930273056,0.007200236432254314,0.021038400940597047,0.0,0.06452451646327972
DUP_G,13,capsule/test/crack/013.png,1,defect,32x32,2,2,0.028934553265571594,0.02332419008016586,0.025817684829235077,0.028934553265571594,0.03205142170190811,0.03454491645097733,0.02270081639289856,0.03516829013824463
DUP_G,13,capsule/test/crack/013.png,1,clean_defect,32x32,2,0,,,,,,,,
DUP_G,13,capsule/test/crack/013.png,1,boundary,32x32,2,2,0.028934553265571594,0.02332419008016586,0.025817684829235077,0.028934553265571594,0.03205142170190811,0.03454491645097733,0.02270081639289856,0.03516829013824463
DUP_G,14,capsule/test/crack/014.png,1,abnormal_normal,32x32,3,1020,0.006110391339204986,0.0,0.0009823753498494625,0.0030013322830200195,0.008150681853294373,0.022250885330140576,0.0,0.07204486429691315
DUP_G,14,capsule/test/crack/014.png,1,defect,32x32,3,4,0.012356743216514587,0.00033981353044509893,0.0016990676522254944,0.006801441311836243,0.017459116876125336,0.03215109556913375,0.0,0.035824090242385864
DUP_G,14,capsule/test/crack/014.png,1,clean_defect,32x32,3,1,0.011337459087371826,0.011337459087371826,0.011337459087371826,0.011337459087371826,0.011337459087371826,0.011337459087371826,0.011337459087371826,0.011337459087371826
DUP_G,14,capsule/test/crack/014.png,1,boundary,32x32,3,3,0.012696504592895508,0.00022654235363006592,0.0011327117681503296,0.002265423536300659,0.01904475688934326,0.03246822357177734,0.0,0.035824090242385864
DUP_G,15,capsule/test/crack/015.png,1,abnormal_normal,32x32,6,1006,0.00653085132753458,0.0,0.0011763982474803925,0.0033403560519218445,0.008593700360506773,0.022920461371541023,0.0,0.09676644206047058
DUP_G,15,capsule/test/crack/015.png,1,defect,32x32,6,18,0.021516161660353344,0.0036861449480056763,0.01397746056318283,0.01797601580619812,0.030593596398830414,0.03731108754873275,0.003589123487472534,0.04103460907936096
DUP_G,15,capsule/test/crack/015.png,1,clean_defect,32x32,6,12,0.025504374255736668,0.011248906701803207,0.017184600234031677,0.027433589100837708,0.032885774970054626,0.038625271618366236,0.010705232620239258,0.04103460907936096
DUP_G,15,capsule/test/crack/015.png,1,boundary,32x32,6,6,0.01353973646958669,0.0036176592111587524,0.006222173571586609,0.014176025986671448,0.016889557242393494,0.02536463737487793,0.003589123487472534,0.027932286262512207
DUP_G,16,capsule/test/crack/016.png,1,abnormal_normal,32x32,6,1016,0.006260762932778182,0.0,0.0010187872685492039,0.0032206764444708824,0.008299525827169418,0.02246607979759574,0.0,0.062394484877586365
DUP_G,16,capsule/test/crack/016.png,1,defect,32x32,6,8,0.022108151810243726,0.0005415886640548706,0.0018991832621395588,0.0190589502453804,0.031158247962594032,0.05682510081678628,0.0,0.061316411942243576
DUP_G,16,capsule/test/crack/016.png,1,clean_defect,32x32,6,2,0.024481065571308136,0.023669355362653733,0.024030115455389023,0.024481065571308136,0.02493201568722725,0.02529277577996254,0.02357916533946991,0.025382965803146362
DUP_G,16,capsule/test/crack/016.png,1,boundary,32x32,6,6,0.021317180556555588,0.000386849045753479,0.0016646585427224636,0.0082775903865695,0.039997754618525505,0.05810833256691694,0.0,0.061316411942243576
DUP_G,17,capsule/test/crack/017.png,1,abnormal_normal,32x32,7,1012,0.006488664857739502,0.0,0.0010709930211305618,0.0034641828387975693,0.008492760360240936,0.02336987257003782,0.0,0.07223320007324219
DUP_G,17,capsule/test/crack/017.png,1,defect,32x32,7,12,0.02177463099360466,0.0058166258037090305,0.014685370028018951,0.01918567717075348,0.029716894030570984,0.0392849564552307,0.0010432153940200806,0.047619134187698364
DUP_G,17,capsule/test/crack/017.png,1,clean_defect,32x32,7,5,0.02663191556930542,0.015507668256759644,0.01730307936668396,0.021068274974822998,0.03211027383804321,0.04451736211776733,0.015058815479278564,0.047619134187698364
DUP_G,17,capsule/test/crack/017.png,1,boundary,32x32,7,7,0.01830514201096126,0.0036468937993049625,0.011886686086654663,0.014896750450134277,0.027978286147117615,0.031401988863945005,0.0010432153940200806,0.03246608376502991
DUP_G,18,capsule/test/crack/018.png,1,abnormal_normal,32x32,5,1017,0.006797616815308041,0.0,0.0011302642524242401,0.0035516396164894104,0.008508801460266113,0.023853571712970735,0.0,0.06503486633300781
DUP_G,18,capsule/test/crack/018.png,1,defect,32x32,5,7,0.024541626019137248,0.009390780329704286,0.01867804303765297,0.03040793538093567,0.031781405210494995,0.03366504311561584,0.006124913692474365,0.03433963656425476
DUP_G,18,capsule/test/crack/018.png,1,clean_defect,32x32,5,2,0.03290572762489319,0.03161520957946777,0.0321887731552124,0.03290572762489319,0.033622682094573975,0.034196245670318606,0.031471818685531616,0.03433963656425476
DUP_G,18,capsule/test/crack/018.png,1,boundary,32x32,5,5,0.02119598537683487,0.008302158117294312,0.017011135816574097,0.020344950258731842,0.03040793538093567,0.03175438046455383,0.006124913692474365,0.032090991735458374
DUP_G,19,capsule/test/crack/019.png,1,abnormal_normal,32x32,4,1017,0.006833762826531716,3.6239624023437534e-05,0.0012952880933880806,0.003412088379263878,0.008544445037841797,0.02337710335850715,0.0,0.10097682476043701
DUP_G,19,capsule/test/crack/019.png,1,defect,32x32,4,7,0.028395097170557295,0.007718098163604737,0.024998165667057037,0.027774840593338013,0.03464983403682709,0.047980341315269466,0.0008566677570343018,0.0508381724357605
DUP_G,19,capsule/test/crack/019.png,1,clean_defect,32x32,4,3,0.01887303590774536,0.003548485040664673,0.014315754175186157,0.027774840593338013,0.02788121998310089,0.027966323494911193,0.0008566677570343018,0.02798759937286377
DUP_G,19,capsule/test/crack/019.png,1,boundary,32x32,4,4,0.035536643117666245,0.024109121412038803,0.025633197277784348,0.03379014879465103,0.04369359463453293,0.04940925687551498,0.023728102445602417,0.0508381724357605
DUP_G,20,capsule/test/crack/020.png,1,abnormal_normal,32x32,2,1022,0.006237328901372981,0.0,0.0009970276150852442,0.0030131724197417498,0.007943813223391771,0.022320321481674888,0.0,0.11385565251111984
DUP_G,20,capsule/test/crack/020.png,1,defect,32x32,2,2,0.019643612205982208,0.016001500934362412,0.01762021705508232,0.019643612205982208,0.021667007356882095,0.023285723477602004,0.015596821904182434,0.023690402507781982
DUP_G,20,capsule/test/crack/020.png,1,clean_defect,32x32,2,0,,,,,,,,
DUP_G,20,capsule/test/crack/020.png,1,boundary,32x32,2,2,0.019643612205982208,0.016001500934362412,0.01762021705508232,0.019643612205982208,0.021667007356882095,0.023285723477602004,0.015596821904182434,0.023690402507781982
DUP_G,21,capsule/test/crack/021.png,1,abnormal_normal,32x32,4,1020,0.006663664434945174,0.0,0.0011427751742303371,0.0034346990287303925,0.00825895881280303,0.023689438402652738,0.0,0.07641953229904175
DUP_G,21,capsule/test/crack/021.png,1,defect,32x32,4,4,0.010582834482192993,0.0076781027019023895,0.00912671908736229,0.010559864342212677,0.01201597973704338,0.013519724458456039,0.0073159486055374146,0.013895660638809204
DUP_G,21,capsule/test/crack/021.png,1,clean_defect,32x32,4,0,,,,,,,,
DUP_G,21,capsule/test/crack/021.png,1,boundary,32x32,4,4,0.010582834482192993,0.0076781027019023895,0.00912671908736229,0.010559864342212677,0.01201597973704338,0.013519724458456039,0.0073159486055374146,0.013895660638809204
DUP_G,22,capsule/test/crack/022.png,1,abnormal_normal,32x32,3,1021,0.006009810675760179,0.0,0.0009277686476707458,0.0027780532836914062,0.007514774799346924,0.022845547646284103,0.0,0.0658494234085083
DUP_G,22,capsule/test/crack/022.png,1,defect,32x32,3,3,0.02009771764278412,0.015144629776477814,0.016823627054691315,0.01892237365245819,0.02278413623571396,0.025873546302318574,0.014724880456924438,0.026645898818969727
DUP_G,22,capsule/test/crack/022.png,1,clean_defect,32x32,3,0,,,,,,,,
DUP_G,22,capsule/test/crack/022.png,1,boundary,32x32,3,3,0.02009771764278412,0.015144629776477814,0.016823627054691315,0.01892237365245819,0.02278413623571396,0.025873546302318574,0.014724880456924438,0.026645898818969727
DUP_G,23,capsule/test/faulty_imprint/000.png,1,abnormal_normal,32x32,4,1017,0.006279486462276066,0.0,0.0010148510336875916,0.003338158130645752,0.008222699165344238,0.023785109072923655,0.0,0.09785795956850052
DUP_G,23,capsule/test/faulty_imprint/000.png,1,defect,32x32,4,7,0.020550575639520372,0.00421968474984169,0.005816467106342316,0.011296093463897705,0.037165477871894836,0.04100950360298156,0.004128657281398773,0.042465388774871826
DUP_G,23,capsule/test/faulty_imprint/000.png,1,clean_defect,32x32,4,3,0.03893211483955383,0.03680790960788727,0.037165477871894836,0.0376124382019043,0.04003891348838806,0.04198009371757507,0.036718517541885376,0.042465388774871826
DUP_G,23,capsule/test/faulty_imprint/000.png,1,boundary,32x32,4,4,0.006764421239495277,0.004174171015620232,0.004356225952506065,0.005816467106342316,0.008224662393331528,0.010681807249784469,0.004128657281398773,0.011296093463897705
DUP_G,24,capsule/test/faulty_imprint/001.png,1,abnormal_normal,32x32,3,1018,0.006437652148782095,0.0,0.000990674365311861,0.0031731929630041122,0.008197076618671417,0.02393027003854513,0.0,0.1028788834810257
DUP_G,24,capsule/test/faulty_imprint/001.png,1,defect,32x32,3,6,0.024743828922510147,0.0130423903465271,0.02173605188727379,0.02585577219724655,0.03104490600526333,0.03295246697962284,0.01050877571105957,0.03310522437095642
DUP_G,24,capsule/test/faulty_imprint/001.png,1,clean_defect,32x32,3,3,0.02141907811164856,0.011522221565246581,0.015576004981994629,0.020643234252929688,0.026874229311943054,0.03185902535915375,0.01050877571105957,0.03310522437095642
DUP_G,24,capsule/test/faulty_imprint/001.png,1,boundary,32x32,3,3,0.028068579733371735,0.025182758271694184,0.02585577219724655,0.02669703960418701,0.029595617204904556,0.031914479285478595,0.02501450479030609,0.0324941948056221
DUP_G,25,capsule/test/faulty_imprint/002.png,1,abnormal_normal,32x32,4,1017,0.005999124888239123,0.0,0.0008935928344726562,0.0029057268984615803,0.007935605943202972,0.023299671709537492,0.0,0.04732377827167511
DUP_G,25,capsule/test/faulty_imprint/002.png,1,defect,32x32,4,7,0.0227191975074155,0.007332320138812065,0.01217004843056202,0.01645660400390625,0.032589737325906754,0.04590100944042206,0.006577670574188232,0.046480536460876465
DUP_G,25,capsule/test/faulty_imprint/002.png,1,clean_defect,32x32,4,3,0.035425414641698204,0.01817711293697357,0.02989785373210907,0.04454877972602844,0.045514658093452454,0.046287360787391665,0.015246927738189697,0.046480536460876465
DUP_G,25,capsule/test/faulty_imprint/002.png,1,boundary,32x32,4,4,0.013189534656703472,0.006954995356500149,0.008464294485747814,0.012774886563420296,0.017500126734375954,0.02000458128750324,0.006577670574188232,0.020630694925785065
DUP_G,26,capsule/test/faulty_imprint/003.png,1,abnormal_normal,32x32,6,1016,0.005779633801302132,0.0,0.0008527431637048721,0.0030871834605932236,0.0077353110536932945,0.02167358063161373,0.0,0.06026891618967056
DUP_G,26,capsule/test/faulty_imprint/003.png,1,defect,32x32,6,8,0.007501153042539954,0.0009621982462704182,0.0016073486767709255,0.004742864519357681,0.010599613189697266,0.020225717127323142,0.0007843822240829468,0.024879246950149536
DUP_G,26,capsule/test/faulty_imprint/003.png,1,clean_defect,32x32,6,2,0.0182313472032547,0.012248237431049348,0.014907397329807281,0.0182313472032547,0.021555297076702118,0.024214456975460052,0.011583447456359863,0.024879246950149536
DUP_G,26,capsule/test/faulty_imprint/003.png,1,boundary,32x32,6,6,0.003924421655635039,0.0009113936685025692,0.0013974015600979328,0.002987489104270935,0.004982968792319298,0.009009519591927528,0.0007843822240829468,0.010271668434143066
DUP_G,27,capsule/test/faulty_imprint/004.png,1,abnormal_normal,32x32,15,967,0.0063521437454803036,0.0,0.0010316772386431694,0.0032944679260253906,0.008058697916567326,0.021839512139558783,0.0,0.07248494774103165
DUP_G,27,capsule/test/faulty_imprint/004.png,1,defect,32x32,15,57,0.01850707992388491,0.0,0.007782399654388428,0.015100479125976562,0.028168410062789917,0.04791416972875593,0.0,0.067985400557518
DUP_G,27,capsule/test/faulty_imprint/004.png,1,clean_defect,32x32,15,42,0.02047695911356381,0.0011981610208749783,0.011947818100452423,0.015692129731178284,0.028383176773786545,0.04675734266638754,0.0,0.067985400557518
DUP_G,27,capsule/test/faulty_imprint/004.png,1,boundary,32x32,15,15,0.012991418192783991,0.0,0.00041928887367248535,0.00560397282242775,0.019634578377008438,0.04422431737184522,0.0,0.06024368852376938
DUP_G,28,capsule/test/faulty_imprint/005.png,1,abnormal_normal,32x32,16,969,0.005960376562225807,0.0,0.0007755570113658905,0.0027300305664539337,0.007540620863437653,0.02314022704958912,0.0,0.08935616910457611
DUP_G,28,capsule/test/faulty_imprint/005.png,1,defect,32x32,16,55,0.021565721387212928,0.0010364007204771042,0.008687973022460938,0.015320435166358948,0.0270734503865242,0.06715385168790813,0.0,0.10208652913570404
DUP_G,28,capsule/test/faulty_imprint/005.png,1,clean_defect,32x32,16,39,0.022983830135602217,0.003701160103082657,0.00930476188659668,0.015320435166358948,0.029089372605085373,0.06553307250142101,0.0,0.10208652913570404
DUP_G,28,capsule/test/faulty_imprint/005.png,1,boundary,32x32,16,16,0.01810908131301403,0.0010397722944617271,0.004200886003673077,0.013170842081308365,0.024025842547416687,0.05050913244485855,0.0009891986846923828,0.07749369740486145
DUP_G,29,capsule/test/faulty_imprint/006.png,1,abnormal_normal,32x32,4,1018,0.0062239902891760256,8.228700608015062e-05,0.0013295214157551527,0.0034369034692645073,0.007930607534945011,0.021674202196300025,0.0,0.06910854578018188
DUP_G,29,capsule/test/faulty_imprint/006.png,1,defect,32x32,4,6,0.019456093509991963,0.006840735673904419,0.012797921895980835,0.01915634423494339,0.02355996146798134,0.03412402793765068,0.005240410566329956,0.03747718036174774
DUP_G,29,capsule/test/faulty_imprint/006.png,1,clean_defect,32x32,4,2,0.008441060781478882,0.005560475587844849,0.006840735673904419,0.008441060781478882,0.010041385889053345,0.011321645975112914,0.005240410566329956,0.011641710996627808
DUP_G,29,capsule/test/faulty_imprint/006.png,1,boundary,32x32,4,4,0.024963609874248505,0.017133491486310957,0.020601239055395126,0.02305535227060318,0.027417723089456558,0.0354652889072895,0.016266554594039917,0.03747718036174774
DUP_G,30,capsule/test/faulty_imprint/007.png,1,abnormal_normal,32x32,8,1014,0.005704087889257311,0.0,0.0008838865906000137,0.0030852779746055603,0.007670234190300107,0.0195612325333058,0.0,0.05936334654688835
DUP_G,30,capsule/test/faulty_imprint/007.png,1,defect,32x32,8,10,0.017235320433974265,0.0036639710888266563,0.006407829001545906,0.016519658267498016,0.02407512441277504,0.03528934717178344,0.002657312899827957,0.03775563836097717
DUP_G,30,capsule/test/faulty_imprint/007.png,1,clean_defect,32x32,8,2,0.03096744418144226,0.02485806941986084,0.027573347091674805,0.03096744418144226,0.03436154127120972,0.037076818943023684,0.02417925000190735,0.03775563836097717
DUP_G,30,capsule/test/faulty_imprint/007.png,1,boundary,32x32,8,8,0.013802289497107267,0.0034402692690491676,0.005664220079779625,0.010642629116773605,0.02065780572593212,0.02929570600390434,0.002657312899827957,0.032274991273880005
DUP_G,31,capsule/test/faulty_imprint/008.png,1,abnormal_normal,32x32,7,1015,0.006401530092609633,0.0,0.00115309190005064,0.0032075047492980957,0.008048225194215775,0.0236384991556406,0.0,0.11124755442142487
DUP_G,31,capsule/test/faulty_imprint/008.png,1,defect,32x32,7,9,0.03128219561444388,0.012503355741500854,0.019664093852043152,0.028844259679317474,0.047738730907440186,0.05353581309318542,0.009858101606369019,0.056683510541915894
DUP_G,31,capsule/test/faulty_imprint/008.png,1,clean_defect,32x32,7,2,0.03978739678859711,0.032631196081638336,0.03581172972917557,0.03978739678859711,0.043763063848018646,0.04694359749555588,0.03183606266975403,0.047738730907440186
DUP_G,31,capsule/test/faulty_imprint/008.png,1,boundary,32x32,7,7,0.028852138136114393,0.011842042207717896,0.01806766539812088,0.021629497408866882,0.0388292632997036,0.05432273745536804,0.009858101606369019,0.056683510541915894
DUP_G,32,capsule/test/faulty_imprint/009.png,1,abnormal_normal,32x32,6,1016,0.005952853829770415,0.0,0.0008133254013955593,0.0030732546001672745,0.007497076876461506,0.022524825297296047,0.0,0.0662122368812561
DUP_G,32,capsule/test/faulty_imprint/009.png,1,defect,32x32,6,8,0.01888086646795273,0.0049240140244364745,0.012366525828838348,0.01921982504427433,0.023909471929073334,0.03322410136461258,0.0017253570258617401,0.03365457057952881
DUP_G,32,capsule/test/faulty_imprint/009.png,1,clean_defect,32x32,6,2,0.02326090633869171,0.013906608521938323,0.018064074218273163,0.02326090633869171,0.02845773845911026,0.032615204155445096,0.012867242097854614,0.03365457057952881
DUP_G,32,capsule/test/faulty_imprint/009.png,1,boundary,32x32,6,6,0.0174208531777064,0.004010112024843693,0.012606501579284668,0.01921982504427433,0.02095500100404024,0.02958626300096512,0.0017253570258617401,0.03242465853691101
DUP_G,33,capsule/test/faulty_imprint/010.png,1,abnormal_normal,32x32,3,1018,0.007409228903949554,5.8168219402432463e-05,0.0013068653643131256,0.0037586484104394913,0.009176033549010754,0.026135450974106782,0.0,0.10123172402381897
DUP_G,33,capsule/test/faulty_imprint/010.png,1,defect,32x32,3,6,0.008999203642209372,0.002510480582714081,0.005041472613811493,0.007996022701263428,0.012284792959690094,0.017106398940086365,0.0018322765827178955,0.01839989423751831
DUP_G,33,capsule/test/faulty_imprint/010.png,1,clean_defect,32x32,3,3,0.008173207441965738,0.0025951921939849853,0.005646854639053345,0.009461432695388794,0.01134367287158966,0.012849465012550354,0.0018322765827178955,0.013225913047790527
DUP_G,33,capsule/test/faulty_imprint/010.png,1,boundary,32x32,3,3,0.009825199842453003,0.004743644595146179,0.005537852644920349,0.0065306127071380615,0.012465253472328186,0.017212966084480284,0.004545092582702637,0.01839989423751831
DUP_G,34,capsule/test/faulty_imprint/011.png,1,abnormal_normal,32x32,3,1020,0.00687281234354219,0.0,0.0014919182285666466,0.00409503816626966,0.008882544003427029,0.023398355115205043,0.0,0.08613596111536026
DUP_G,34,capsule/test/faulty_imprint/011.png,1,defect,32x32,3,4,0.01769913174211979,0.006532856076955795,0.007496636360883713,0.01640922948718071,0.026611724868416786,0.03067127056419849,0.006291911005973816,0.03168615698814392
DUP_G,34,capsule/test/faulty_imprint/011.png,1,clean_defect,32x32,3,1,0.03168615698814392,0.03168615698814392,0.03168615698814392,0.03168615698814392,0.03168615698814392,0.03168615698814392,0.03168615698814392,0.03168615698814392
DUP_G,34,capsule/test/faulty_imprint/011.png,1,boundary,32x32,3,3,0.013036789993445078,0.006452541053295136,0.007095061242580414,0.007898211479187012,0.01640922948718071,0.023218043893575666,0.006291911005973816,0.024920247495174408
DUP_G,35,capsule/test/faulty_imprint/012.png,1,abnormal_normal,32x32,6,1010,0.006151611098355734,0.0,0.0011083977296948433,0.00348757766187191,0.007849923335015774,0.021336431056261054,0.0,0.0641804188489914
DUP_G,35,capsule/test/faulty_imprint/012.png,1,defect,32x32,6,14,0.014675226328628404,0.004162199050188065,0.007386606186628342,0.012485191226005554,0.020164689980447292,0.03354708105325699,0.0037759989500045776,0.03741198778152466
DUP_G,35,capsule/test/faulty_imprint/012.png,1,clean_defect,32x32,6,8,0.015804311260581017,0.003983952850103378,0.0044219642877578735,0.010678045451641083,0.025577779859304428,0.0353308841586113,0.0037759989500045776,0.03741198778152466
DUP_G,35,capsule/test/faulty_imprint/012.png,1,boundary,32x32,6,6,0.013169779752691587,0.008162816986441612,0.008867921307682991,0.012496549636125565,0.015667869709432125,0.020164689980447292,0.008136987686157227,0.021505236625671387
DUP_G,36,capsule/test/faulty_imprint/013.png,1,abnormal_normal,32x32,10,1012,0.006935858635669905,0.0,0.0011858055368065834,0.0034524518996477127,0.0085991770029068,0.02364749480038881,0.0,0.08129414170980453
DUP_G,36,capsule/test/faulty_imprint/013.png,1,defect,32x32,10,12,0.029809107383092243,0.0018952351063489914,0.006172461435198784,0.03378377854824066,0.04140530899167061,0.05950062274932861,0.0018730945885181427,0.0643286406993866
DUP_G,36,capsule/test/faulty_imprint/013.png,1,clean_defect,32x32,10,2,0.029966354370117188,0.026303958892822266,0.027931690216064453,0.029966354370117188,0.03200101852416992,0.03362874984741211,0.02589702606201172,0.034035682678222656
DUP_G,36,capsule/test/faulty_imprint/013.png,1,boundary,32x32,10,10,0.029777657985687257,0.0018912095576524735,0.005913430824875832,0.03514069691300392,0.05033847317099571,0.06037844419479369,0.0018730945885181427,0.0643286406993866
DUP_G,37,capsule/test/faulty_imprint/014.png,1,abnormal_normal,32x32,11,1009,0.0075181595767904496,0.00012065321207046525,0.001450657844543457,0.003552556037902832,0.009702127426862717,0.027900443971157072,0.0,0.07510876655578613
DUP_G,37,capsule/test/faulty_imprint/014.png,1,defect,32x32,11,15,0.023453589777151743,0.003591912239789963,0.013290748000144958,0.020314663648605347,0.028206810355186462,0.05094473212957378,0.0019693002104759216,0.07663516700267792
DUP_G,37,capsule/test/faulty_imprint/014.png,1,clean_defect,32x32,11,4,0.016969144344329834,0.012171907722949982,0.014089919626712799,0.017601877450942993,0.020481102168560028,0.020880554616451264,0.011692404747009277,0.020980417728424072
DUP_G,37,capsule/test/faulty_imprint/014.png,1,boundary,32x32,11,11,0.02581156993454153,0.003128308802843094,0.012425355613231659,0.02285623550415039,0.03413764759898186,0.058284856379032135,0.0019693002104759216,0.07663516700267792
DUP_G,38,capsule/test/faulty_imprint/015.png,1,abnormal_normal,32x32,4,1019,0.006383070811333173,2.734661102294922e-05,0.0013469457626342773,0.0034590549767017365,0.007996587082743645,0.022650842368602753,0.0,0.0743950754404068
DUP_G,38,capsule/test/faulty_imprint/015.png,1,defect,32x32,4,5,0.047800485789775846,0.018687528371810914,0.040169358253479004,0.04842129349708557,0.05240774154663086,0.0782311201095581,0.01331707090139389,0.08468696475028992
DUP_G,38,capsule/test/faulty_imprint/015.png,1,clean_defect,32x32,4,1,0.08468696475028992,0.08468696475028992,0.08468696475028992,0.08468696475028992,0.08468696475028992,0.08468696475028992,0.08468696475028992,0.08468696475028992
DUP_G,38,capsule/test/faulty_imprint/015.png,1,boundary,32x32,4,4,0.03857886604964733,0.01734491400420666,0.033456286415457726,0.04429532587528229,0.04941790550947189,0.05180977433919907,0.01331707090139389,0.05240774154663086
DUP_G,39,capsule/test/faulty_imprint/016.png,1,abnormal_normal,32x32,6,1016,0.006675103974462611,3.0258670449256897e-06,0.0011604935862123966,0.003555675968527794,0.008841210976243019,0.02491073217242956,0.0,0.07526533305644989
DUP_G,39,capsule/test/faulty_imprint/016.png,1,defect,32x32,6,8,0.02428095694631338,0.008263279125094414,0.015197107568383217,0.022695086896419525,0.028949856758117676,0.04658475220203399,0.007534027099609375,0.05327180027961731
DUP_G,39,capsule/test/faulty_imprint/016.png,1,clean_defect,32x32,6,2,0.01737259328365326,0.008517883718013763,0.012453310191631317,0.01737259328365326,0.0222918763756752,0.026227302849292755,0.007534027099609375,0.027211159467697144
DUP_G,39,capsule/test/faulty_imprint/016.png,1,boundary,32x32,6,6,0.026583744833866756,0.011477438732981682,0.018357496708631516,0.022695086896419525,0.03140721470117569,0.0484953373670578,0.009617604315280914,0.05327180027961731
DUP_G,40,capsule/test/faulty_imprint/017.png,1,abnormal_normal,32x32,6,1015,0.006431432013294379,0.0,0.001073559746146202,0.003522157669067383,0.009134630672633648,0.021035505086183535,0.0,0.08443690836429596
DUP_G,40,capsule/test/faulty_imprint/017.png,1,defect,32x32,6,9,0.018943301505512662,0.007175002992153168,0.0122242271900177,0.015014052391052246,0.027199268341064453,0.03130419850349426,0.004125915467739105,0.03310224413871765
DUP_G,40,capsule/test/faulty_imprint/017.png,1,clean_defect,32x32,6,3,0.021618088086446125,0.013544881343841552,0.018827497959136963,0.025430768728256226,0.02631501853466034,0.02702241837978363,0.0122242271900177,0.027199268341064453
DUP_G,40,capsule/test/faulty_imprint/017.png,1,boundary,32x32,6,6,0.01760590821504593,0.006031595170497894,0.012070843949913979,0.014025762677192688,0.025208860635757446,0.03197846561670303,0.004125915467739105,0.03310224413871765
DUP_G,41,capsule/test/faulty_imprint/018.png,1,abnormal_normal,32x32,6,1016,0.0068054950482571335,3.65974847227335e-05,0.0012391856871545315,0.0037195291370153427,0.008735086768865585,0.022134337574243546,0.0,0.08641707897186279
DUP_G,41,capsule/test/faulty_imprint/018.png,1,defect,32x32,6,8,0.021014920435845852,0.005242466367781163,0.009932246059179306,0.01780744642019272,0.0254388265311718,0.046742020547389976,0.003122389316558838,0.05431273579597473
DUP_G,41,capsule/test/faulty_imprint/018.png,1,clean_defect,32x32,6,2,0.04349742829799652,0.03376365154981613,0.038089774549007416,0.04349742829799652,0.048905082046985626,0.053231205046176906,0.03268212080001831,0.05431273579597473
DUP_G,41,capsule/test/faulty_imprint/018.png,1,boundary,32x32,6,6,0.013520751148462296,0.004636730067431927,0.00943058356642723,0.013375254347920418,0.018427453935146332,0.022030161693692207,0.003122389316558838,0.02302439510822296
DUP_G,42,capsule/test/faulty_imprint/019.png,1,abnormal_normal,32x32,6,1017,0.006171627089677923,0.0,0.001214146614074707,0.003457825630903244,0.008518140763044357,0.021238551288843145,0.0,0.08022819459438324
DUP_G,42,capsule/test/faulty_imprint/019.png,1,defect,32x32,6,7,0.005772027054003307,0.00116642564535141,0.002374701201915741,0.004965424537658691,0.009227106347680092,0.010630979761481285,0.001139715313911438,0.011095434427261353
DUP_G,42,capsule/test/faulty_imprint/019.png,1,clean_defect,32x32,6,1,0.011095434427261353,0.011095434427261353,0.011095434427261353,0.011095434427261353,0.011095434427261353,0.011095434427261353,0.011095434427261353,0.011095434427261353
DUP_G,42,capsule/test/faulty_imprint/019.png,1,boundary,32x32,6,6,0.0048847924917936325,0.001161973923444748,0.0018017254769802094,0.004243038594722748,0.007921576499938965,0.009387179277837276,0.001139715313911438,0.009547252207994461
DUP_G,43,capsule/test/faulty_imprint/020.png,1,abnormal_normal,32x32,3,1018,0.006029312668344434,0.0,0.0010826389770954847,0.003077000379562378,0.007488692877814174,0.02153155133128165,0.0,0.102589450776577
DUP_G,43,capsule/test/faulty_imprint/020.png,1,defect,32x32,3,6,0.027964840332667034,0.015714555978775024,0.019169524312019348,0.026517555117607117,0.0378127247095108,0.041201911866664886,0.01462090015411377,0.04183506965637207
DUP_G,43,capsule/test/faulty_imprint/020.png,1,clean_defect,32x32,3,3,0.038160363833109535,0.033939468860626223,0.03632301092147827,0.039302438497543335,0.0405687540769577,0.041581806540489194,0.03334358334541321,0.04183506965637207
DUP_G,43,capsule/test/faulty_imprint/020.png,1,boundary,32x32,3,3,0.01776931683222453,0.015058362483978271,0.01680821180343628,0.01899552345275879,0.019343525171279907,0.0196219265460968,0.01462090015411377,0.019691526889801025
DUP_G,44,capsule/test/faulty_imprint/021.png,1,abnormal_normal,32x32,3,1018,0.0057405531630542106,0.0,0.0008863704279065132,0.0028482982888817787,0.006931621581315994,0.021153378393501038,0.0,0.070752814412117
DUP_G,44,capsule/test/faulty_imprint/021.png,1,defect,32x32,3,6,0.03479749709367752,0.02297108620405197,0.030555061995983124,0.03548051416873932,0.04122614115476608,0.04436958208680153,0.020713388919830322,0.045055970549583435
DUP_G,44,capsule/test/faulty_imprint/021.png,1,clean_defect,32x32,3,3,0.03200383981068929,0.021940821409225465,0.02685055136680603,0.03298771381378174,0.037649065256118774,0.0413781464099884,0.020713388919830322,0.04231041669845581
DUP_G,44,capsule/test/faulty_imprint/021.png,1,boundary,32x32,3,3,0.03759115437666575,0.030567091703414918,0.03385874629020691,0.0379733145236969,0.04151464253664017,0.04434770494699478,0.02974417805671692,0.045055970549583435
DUP_G,45,capsule/test/good/000.png,0,normal_image,32x32,0,1024,0.0064567733991225396,0.0,0.0010433001443743706,0.0033089416101574898,0.008386990055441856,0.021947529353201347,0.0,0.12843431532382965
DUP_G,46,capsule/test/good/001.png,0,normal_image,32x32,0,1024,0.005703888502011978,0.0,0.0009049894288182259,0.002826342359185219,0.007664225529879332,0.020954660885035968,0.0,0.06446800380945206
DUP_G,47,capsule/test/good/002.png,0,normal_image,32x32,0,1024,0.0070190546916819585,0.0,0.0013758144341409206,0.0036255819723010063,0.00930623710155487,0.025861846841871726,0.0,0.0846952348947525
DUP_G,48,capsule/test/good/003.png,0,normal_image,32x32,0,1024,0.006061403568764945,0.0,0.0009258443024009466,0.003110806457698345,0.007908105850219727,0.022885038517415517,0.0,0.06706185638904572
DUP_G,49,capsule/test/good/004.png,0,normal_image,32x32,0,1024,0.006235079415318978,0.0,0.0010680807754397392,0.0031874878332018852,0.008410399779677391,0.022009583842009302,0.0,0.06706682592630386
DUP_G,50,capsule/test/good/005.png,0,normal_image,32x32,0,1024,0.005885014288196544,1.2508779764175434e-05,0.0011483151465654373,0.0032135844230651855,0.007665675133466721,0.020637512765824793,0.0,0.055921755731105804
DUP_G,51,capsule/test/good/006.png,0,normal_image,32x32,0,1024,0.006040333963710509,0.0,0.0011404315009713173,0.00311318039894104,0.007945890072733164,0.021799055673182008,0.0,0.07170575112104416
DUP_G,52,capsule/test/good/007.png,0,normal_image,32x32,0,1024,0.006394043198042709,0.0,0.0012734532356262207,0.0035426709800958633,0.008293373510241508,0.020723542012274263,0.0,0.07227099686861038
DUP_G,53,capsule/test/good/008.png,0,normal_image,32x32,0,1024,0.006576926513844228,0.0,0.0010393261909484863,0.0033749137073755264,0.008424976840615273,0.024881154857575888,0.0,0.06132704019546509
DUP_G,54,capsule/test/good/009.png,0,normal_image,32x32,0,1024,0.00658373297073922,0.0,0.0012987146619707346,0.003448963165283203,0.008490265812724829,0.0239993905648589,0.0,0.07710260897874832
DUP_G,55,capsule/test/good/010.png,0,normal_image,32x32,0,1024,0.006149871367824744,0.0,0.001133754849433899,0.0030603408813476562,0.008412281051278114,0.022279706690460428,0.0,0.06802865117788315
DUP_G,56,capsule/test/good/011.png,0,normal_image,32x32,0,1024,0.005878764221733945,0.0,0.0009472549427300692,0.0030489275231957436,0.007314959540963173,0.021241750009357924,0.0,0.07857725024223328
DUP_G,57,capsule/test/good/012.png,0,normal_image,32x32,0,1024,0.006181361411563557,0.0,0.0011551287025213242,0.0032726526260375977,0.007851342670619488,0.02281785625964403,0.0,0.0589519739151001
DUP_G,58,capsule/test/good/013.png,0,normal_image,32x32,0,1024,0.00591319935165302,0.0,0.0008898042142391205,0.0028708167374134064,0.007537732715718448,0.022454831376671747,0.0,0.08368530869483948
DUP_G,59,capsule/test/good/014.png,0,normal_image,32x32,0,1024,0.006592991496745526,0.0,0.0012139524333178997,0.003667205572128296,0.008371710777282715,0.023504610639065504,0.0,0.0804373025894165
DUP_G,60,capsule/test/good/015.png,0,normal_image,32x32,0,1024,0.006138445546866933,6.946139037609105e-05,0.001141335116699338,0.0032543540000915527,0.007952287327498198,0.021354147978126996,0.0,0.055085740983486176
DUP_G,61,capsule/test/good/016.png,0,normal_image,32x32,0,1024,0.006170629107600689,0.0,0.0009022755548357964,0.0029737954027950764,0.007654134649783373,0.023428409732878176,0.0,0.07203646749258041
DUP_G,62,capsule/test/good/017.png,0,normal_image,32x32,0,1024,0.005475411525139862,0.0,0.0008867487777024508,0.0028491620905697346,0.007567812222987413,0.019388059526681888,0.0,0.06303996592760086
DUP_G,63,capsule/test/good/018.png,0,normal_image,32x32,0,1024,0.006382100614246156,0.0,0.0011539896950125694,0.0031745024025440216,0.008126042783260345,0.023376029729843133,0.0,0.0637315884232521
DUP_G,64,capsule/test/good/019.png,0,normal_image,32x32,0,1024,0.007004302441146137,0.0,0.0012202565558254719,0.0035030944272875786,0.00906580500304699,0.024565379880368658,0.0,0.09377583116292953
DUP_G,65,capsule/test/good/020.png,0,normal_image,32x32,0,1024,0.006474665501173149,0.0,0.0011725765652954578,0.0030820188112556934,0.007985051721334457,0.02218383373692632,0.0,0.1250288486480713
DUP_G,66,capsule/test/good/021.png,0,normal_image,32x32,0,1024,0.006657516415998543,0.0,0.0010643107816576958,0.0031602480448782444,0.00794330332428217,0.025210234336554994,0.0,0.07668867707252502
DUP_G,67,capsule/test/good/022.png,0,normal_image,32x32,0,1024,0.005925329357978626,0.0,0.0010525286197662354,0.0029902849346399307,0.007147471187636256,0.021379799302667358,0.0,0.09481370449066162
DUP_G,68,capsule/test/poke/000.png,1,abnormal_normal,32x32,8,1003,0.0065440232935152646,0.0,0.0011697020381689072,0.0036020688712596893,0.00832782220095396,0.023118822462856767,0.0,0.07834259420633316
DUP_G,68,capsule/test/poke/000.png,1,defect,32x32,8,21,0.02263544216042473,0.0030615031719207764,0.014972895383834839,0.02370154857635498,0.026970505714416504,0.03751307725906372,0.0026397705078125,0.061176806688308716
DUP_G,68,capsule/test/poke/000.png,1,clean_defect,32x32,8,13,0.02452354247753437,0.007936006784439087,0.01868128776550293,0.02474820613861084,0.02663564682006836,0.04697856903076168,0.0026397705078125,0.061176806688308716
DUP_G,68,capsule/test/poke/000.png,1,boundary,32x32,8,8,0.019567279145121574,0.004882326722145081,0.01329563558101654,0.021397478878498077,0.02769826352596283,0.030343973636627195,0.0030615031719207764,0.03059297800064087
DUP_G,69,capsule/test/poke/001.png,1,abnormal_normal,32x32,5,1017,0.006771068282392437,0.0,0.001139901578426361,0.0037013301625847816,0.008661925792694092,0.023864892870187754,0.0,0.1647631824016571
DUP_G,69,capsule/test/poke/001.png,1,defect,32x32,5,7,0.009667567908763885,0.002274826169013977,0.006640680134296417,0.009170576930046082,0.01073567196726799,0.01937840431928634,0.0007920563220977783,0.022957637906074524
DUP_G,69,capsule/test/poke/001.png,1,clean_defect,32x32,5,2,0.008380740880966187,0.005999234318733215,0.007057681679725647,0.008380740880966187,0.009703800082206726,0.010762247443199157,0.005734622478485107,0.011026859283447266
DUP_G,69,capsule/test/poke/001.png,1,boundary,32x32,5,5,0.010182298719882965,0.002142992615699768,0.007546737790107727,0.009170576930046082,0.010444484651088715,0.02045500725507736,0.0007920563220977783,0.022957637906074524
DUP_G,70,capsule/test/poke/002.png,1,abnormal_normal,32x32,5,1018,0.006126015438617725,0.0,0.0009738868102431297,0.003076772205531597,0.007827961351722479,0.023943339288234708,0.0,0.06989036500453949
DUP_G,70,capsule/test/poke/002.png,1,defect,32x32,5,6,0.017375078052282333,0.0,0.003216587007045746,0.01331242173910141,0.01721895858645439,0.049032995477318764,0.0,0.05925317853689194
DUP_G,70,capsule/test/poke/002.png,1,clean_defect,32x32,5,1,0.013758495450019836,0.013758495450019836,0.013758495450019836,0.013758495450019836,0.013758495450019836,0.013758495450019836,0.013758495450019836,0.013758495450019836
DUP_G,70,capsule/test/poke/002.png,1,boundary,32x32,5,5,0.018098394572734832,0.0,0.0,0.012866348028182983,0.018372446298599243,0.05107703208923339,0.0,0.05925317853689194
DUP_G,71,capsule/test/poke/003.png,1,abnormal_normal,32x32,4,1018,0.006939103345209202,0.0,0.0011491868644952774,0.0036728987470269203,0.008612711913883686,0.024294418282806863,0.0,0.0990481823682785
DUP_G,71,capsule/test/poke/003.png,1,defect,32x32,4,6,0.01978173479437828,0.0026545654982328415,0.007394159212708473,0.013111695647239685,0.0347803458571434,0.04294992610812187,0.0014573633670806885,0.04351811110973358
DUP_G,71,capsule/test/poke/003.png,1,clean_defect,32x32,4,2,0.008421316742897034,0.002153758704662323,0.004939340054988861,0.008421316742897034,0.011903293430805206,0.014688874781131744,0.0014573633670806885,0.015385270118713379
DUP_G,71,capsule/test/poke/003.png,1,boundary,32x32,4,4,0.025461943820118904,0.006934964284300804,0.009690133854746819,0.026041746139526367,0.04181355610489845,0.04317720010876656,0.0062461718916893005,0.04351811110973358
DUP_G,72,capsule/test/poke/004.png,1,abnormal_normal,32x32,12,1008,0.005866222402324811,0.0,0.0007648360915482044,0.0026909206062555313,0.007809577509760857,0.020728966780006883,0.0,0.06282450258731842
DUP_G,72,capsule/test/poke/004.png,1,defect,32x32,12,16,0.019837053725495934,0.002556039020419121,0.008001591078937054,0.01896653324365616,0.027992889285087585,0.04959609918296337,0.0,0.05245159566402435
DUP_G,72,capsule/test/poke/004.png,1,clean_defect,32x32,12,4,0.021064475178718567,0.006436032056808472,0.018144339323043823,0.025072753429412842,0.027992889285087585,0.030081328749656674,0.003508955240249634,0.03060343861579895
DUP_G,72,capsule/test/poke/004.png,1,boundary,32x32,12,12,0.01942791324108839,0.001874428614974022,0.008001591078937054,0.01376468688249588,0.025752311572432518,0.050357564911246294,0.0,0.05245159566402435
DUP_G,73,capsule/test/poke/005.png,1,abnormal_normal,32x32,4,1020,0.006828186037612385,0.0,0.0014253496192395687,0.0038333823904395103,0.008720471989363432,0.023335868306457994,0.0,0.06207694485783577
DUP_G,73,capsule/test/poke/005.png,1,defect,32x32,4,4,0.023315265774726868,0.021337158977985382,0.021709002554416656,0.022044360637664795,0.023650623857975006,0.027072639763355253,0.021244198083877563,0.027928143739700317
DUP_G,73,capsule/test/poke/005.png,1,clean_defect,32x32,4,0,,,,,,,,
DUP_G,73,capsule/test/poke/005.png,1,boundary,32x32,4,4,0.023315265774726868,0.021337158977985382,0.021709002554416656,0.022044360637664795,0.023650623857975006,0.027072639763355253,0.021244198083877563,0.027928143739700317
DUP_G,74,capsule/test/poke/006.png,1,abnormal_normal,32x32,6,1018,0.006281224299452774,0.0,0.0010370900854468346,0.003448694944381714,0.008127848152071238,0.021916256658732886,0.0,0.10433745384216309
DUP_G,74,capsule/test/poke/006.png,1,defect,32x32,6,6,0.01377727339665095,0.006721831858158112,0.0070444680750370026,0.008622847497463226,0.013316266238689423,0.031642086803913116,0.0067217350006103516,0.03729712963104248
DUP_G,74,capsule/test/poke/006.png,1,clean_defect,32x32,6,0,,,,,,,,
DUP_G,74,capsule/test/poke/006.png,1,boundary,32x32,6,6,0.01377727339665095,0.006721831858158112,0.0070444680750370026,0.008622847497463226,0.013316266238689423,0.031642086803913116,0.0067217350006103516,0.03729712963104248
DUP_G,75,capsule/test/poke/007.png,1,abnormal_normal,32x32,3,1020,0.006256921918761423,0.0,0.0009517865255475044,0.0031794197857379913,0.007917081471532583,0.02284443341195583,0.0,0.07883883267641068
DUP_G,75,capsule/test/poke/007.png,1,defect,32x32,3,4,0.007350090891122818,0.000979718565940857,0.0016661137342453003,0.005892746150493622,0.01157672330737114,0.01576074585318565,0.0008081197738647461,0.016806751489639282
DUP_G,75,capsule/test/poke/007.png,1,clean_defect,32x32,3,1,0.0008081197738647461,0.0008081197738647461,0.0008081197738647461,0.0008081197738647461,0.0008081197738647461,0.0008081197738647461,0.0008081197738647461,0.0008081197738647461
DUP_G,75,capsule/test/poke/007.png,1,boundary,32x32,3,3,0.009530747930208841,0.002740238606929779,0.005892746150493622,0.009833380579948425,0.013320066034793854,0.016109414398670197,0.0019521117210388184,0.016806751489639282
DUP_G,76,capsule/test/poke/008.png,1,abnormal_normal,32x32,13,1005,0.006615715313804758,1.1767446994781512e-05,0.0012758579105138779,0.003353198990225792,0.008252859115600586,0.023827289789915072,0.0,0.09833507984876633
DUP_G,76,capsule/test/poke/008.png,1,defect,32x32,13,19,0.022894251111306642,0.00832488015294075,0.017285197973251343,0.02227628231048584,0.027027934789657593,0.0422137588262558,0.007551632821559906,0.043990105390548706
DUP_G,76,capsule/test/poke/008.png,1,clean_defect,32x32,13,6,0.02806020776430766,0.019062668085098267,0.02436111867427826,0.027027934789657593,0.028732530772686005,0.04027990996837616,0.017542362213134766,0.043990105390548706
DUP_G,76,capsule/test/poke/008.png,1,boundary,32x32,13,13,0.020509963425306175,0.008067131042480469,0.014859586954116821,0.021230652928352356,0.02269667387008667,0.03511960506439207,0.007551632821559906,0.04201638698577881
DUP_G,77,capsule/test/poke/009.png,1,abnormal_normal,32x32,9,1014,0.005623989283884242,0.0,0.0008917939849197865,0.0027355458587408066,0.007013067603111267,0.021527944691479183,0.0,0.05800528824329376
DUP_G,77,capsule/test/poke/009.png,1,defect,32x32,9,10,0.009819155558943748,0.002130771242082119,0.004139302298426628,0.005797414109110832,0.010835639201104641,0.027503662556409826,0.001719355583190918,0.03184080123901367
DUP_G,77,capsule/test/poke/009.png,1,clean_defect,32x32,9,1,0.001719355583190918,0.001719355583190918,0.001719355583190918,0.001719355583190918,0.001719355583190918,0.001719355583190918,0.001719355583190918,0.001719355583190918
DUP_G,77,capsule/test/poke/009.png,1,boundary,32x32,9,9,0.010719133334027397,0.0032182611525058747,0.004271507263183594,0.006693940609693527,0.011754527688026428,0.027985566854476927,0.0026336126029491425,0.03184080123901367
DUP_G,78,capsule/test/poke/010.png,1,abnormal_normal,32x32,4,1018,0.006031313958195402,0.0,0.0009111561812460423,0.0026924405246973038,0.007640835363417864,0.022077293321490277,0.0,0.11054006963968277
DUP_G,78,capsule/test/poke/010.png,1,defect,32x32,4,6,0.025784304986397426,0.003711320459842682,0.016796380281448364,0.024358972907066345,0.035019611939787865,0.04935525543987751,0.0,0.05313920974731445
DUP_G,78,capsule/test/poke/010.png,1,clean_defect,32x32,4,2,0.026569604873657227,0.0026569604873657227,0.013284802436828613,0.026569604873657227,0.03985440731048584,0.05048224925994873,0.0,0.05313920974731445
DUP_G,78,capsule/test/poke/010.png,1,boundary,32x32,4,4,0.025391655042767525,0.01601594090461731,0.020698577165603638,0.024358972907066345,0.029052050784230232,0.036213124170899384,0.014845281839370728,0.03800339251756668
DUP_G,79,capsule/test/poke/011.png,1,abnormal_normal,32x32,7,1016,0.006312242782891061,0.0,0.0010977527126669884,0.0032575642690062523,0.008306768722832203,0.02215023385360837,0.0,0.0651504248380661
DUP_G,79,capsule/test/poke/011.png,1,defect,32x32,7,8,0.01567000988870859,0.0,9.419023990631104e-05,0.01219489797949791,0.0237935371696949,0.042620029300451265,0.0,0.05065631866455078
DUP_G,79,capsule/test/poke/011.png,1,clean_defect,32x32,7,1,0.00012558698654174805,0.00012558698654174805,0.00012558698654174805,0.00012558698654174805,0.00012558698654174805,0.00012558698654174805,0.00012558698654174805,0.00012558698654174805
DUP_G,79,capsule/test/poke/011.png,1,boundary,32x32,7,7,0.017890641731875285,0.0,0.003895144909620285,0.01659950613975525,0.02509418874979019,0.043768070638179765,0.0,0.05065631866455078
DUP_G,80,capsule/test/poke/012.png,1,abnormal_normal,32x32,5,1016,0.007013233020804514,0.0,0.0013025905936956406,0.0038215909153223038,0.008928900584578514,0.023786058649420738,0.0,0.095804363489151
DUP_G,80,capsule/test/poke/012.png,1,defect,32x32,5,8,0.00964725622907281,0.0,0.00011442974209785461,0.004692096263170242,0.01186672318726778,0.031401295214891434,0.0,0.03357061743736267
DUP_G,80,capsule/test/poke/012.png,1,clean_defect,32x32,5,3,0.011190205812454224,0.0,0.0,0.0,0.016785308718681335,0.030213555693626402,0.0,0.03357061743736267
DUP_G,80,capsule/test/poke/012.png,1,boundary,32x32,5,5,0.008721486479043961,0.0007540419697761536,0.003159917891025543,0.006224274635314941,0.0066981129348278046,0.02323766574263572,0.00015257298946380615,0.027372553944587708
DUP_G,81,capsule/test/poke/013.png,1,abnormal_normal,32x32,5,1016,0.00659876041949404,0.0,0.001133524812757969,0.00340159609913826,0.008602140471339226,0.02315314020961523,0.0,0.14731726050376892
DUP_G,81,capsule/test/poke/013.png,1,defect,32x32,5,8,0.021058689802885056,0.010174065828323364,0.018742866814136505,0.022014111280441284,0.024613916873931885,0.029532420635223385,0.006429195404052734,0.03136724233627319
DUP_G,81,capsule/test/poke/013.png,1,clean_defect,32x32,5,3,0.01427963376045227,0.0074991583824157715,0.01177901029586792,0.017128825187683105,0.01820485293865204,0.019065675139427186,0.006429195404052734,0.01928088068962097
DUP_G,81,capsule/test/poke/013.png,1,boundary,32x32,5,5,0.025126123428344728,0.021658414602279664,0.02260693907737732,0.024110257625579834,0.026124894618988037,0.03031877279281616,0.02142128348350525,0.03136724233627319
DUP_G,82,capsule/test/poke/014.png,1,abnormal_normal,32x32,9,1013,0.006721472848245372,0.0,0.0011887922883033752,0.0037129968404769897,0.008561648428440094,0.0242772027850151,0.0,0.15341421961784363
DUP_G,82,capsule/test/poke/014.png,1,defect,32x32,9,11,0.012490377846089277,0.001112222671508789,0.006711915135383606,0.009675085544586182,0.01799931935966015,0.02825377881526947,0.0,0.03139886260032654
DUP_G,82,capsule/test/poke/014.png,1,clean_defect,32x32,9,2,0.009103760123252869,0.008589567244052887,0.008818097412586212,0.009103760123252869,0.009389422833919525,0.00961795300245285,0.008532434701919556,0.009675085544586182
DUP_G,82,capsule/test/poke/014.png,1,boundary,32x32,9,9,0.013242959562275145,0.0008897781372070312,0.004891395568847656,0.01047399640083313,0.019035950303077698,0.02888279557228088,0.0,0.03139886260032654
DUP_G,83,capsule/test/poke/015.png,1,abnormal_normal,32x32,13,1007,0.006715047166959309,0.0,0.0013110442087054253,0.00363977812230587,0.008698942139744759,0.023150482214987254,0.0,0.06371976435184479
DUP_G,83,capsule/test/poke/015.png,1,defect,32x32,13,17,0.015172306667355931,0.0016966819763183593,0.0024167299270629883,0.011090561747550964,0.016666382551193237,0.05699850916862488,0.0016911029815673828,0.05703529715538025
DUP_G,83,capsule/test/poke/015.png,1,clean_defect,32x32,13,4,0.02361903339624405,0.009002630412578583,0.011149130761623383,0.01451040804386139,0.026980310678482056,0.050987511873245225,0.008466005325317383,0.056989312171936035
DUP_G,83,capsule/test/poke/015.png,1,boundary,32x32,13,13,0.012573313827698048,0.0016952872276306153,0.002258613705635071,0.009576454758644104,0.012490473687648773,0.03973030149936672,0.0016911029815673828,0.05703529715538025
DUP_G,84,capsule/test/poke/016.png,1,abnormal_normal,32x32,5,1018,0.006227655375599568,0.0,0.0011219484731554985,0.003375680185854435,0.008481662254780531,0.021849717944860448,0.0,0.07055782526731491
DUP_G,84,capsule/test/poke/016.png,1,defect,32x32,5,6,0.008275693282485008,0.0020268643274903297,0.0031459862366318703,0.006252624094486237,0.012217666953802109,0.017676591873168945,0.0018524900078773499,0.018979966640472412
DUP_G,84,capsule/test/poke/016.png,1,clean_defect,32x32,5,1,0.018979966640472412,0.018979966640472412,0.018979966640472412,0.018979966640472412,0.018979966640472412,0.018979966640472412,0.018979966640472412,0.018979966640472412
DUP_G,84,capsule/test/poke/016.png,1,boundary,32x32,5,5,0.006134838610887527,0.0019919894635677337,0.0025499872863292694,0.004933983087539673,0.0075712651014328,0.012527427077293395,0.0018524900078773499,0.013766467571258545
DUP_G,85,capsule/test/poke/017.png,1,abnormal_normal,32x32,4,1020,0.006831386153056633,0.0,0.0011510401964187622,0.0034497580491006374,0.008591624908149242,0.02591211255639791,0.0,0.14573201537132263
DUP_G,85,capsule/test/poke/017.png,1,defect,32x32,4,4,0.013223172165453434,0.008900387585163117,0.01155010610818863,0.013760911300778389,0.015433977358043194,0.016793121956288813,0.008237957954406738,0.01713290810585022
DUP_G,85,capsule/test/poke/017.png,1,clean_defect,32x32,4,0,,,,,,,,
DUP_G,85,capsule/test/poke/017.png,1,boundary,32x32,4,4,0.013223172165453434,0.008900387585163117,0.01155010610818863,0.013760911300778389,0.015433977358043194,0.016793121956288813,0.008237957954406738,0.01713290810585022
DUP_G,86,capsule/test/poke/018.png,1,abnormal_normal,32x32,5,1016,0.006540524255847339,0.0,0.0010686218738555908,0.00306546688079834,0.008419588208198547,0.02527700737118721,0.0,0.06006558984518051
DUP_G,86,capsule/test/poke/018.png,1,defect,32x32,5,8,0.013320490717887878,0.0019362300634384157,0.005591832101345062,0.013339906930923462,0.015376221388578415,0.029611761122941962,0.0,0.03429175913333893
DUP_G,86,capsule/test/poke/018.png,1,clean_defect,32x32,5,3,0.017797763148943584,0.0063995510339736935,0.00955076515674591,0.013489782810211182,0.023890770971775055,0.03221156150102615,0.00561174750328064,0.03429175913333893
DUP_G,86,capsule/test/poke/018.png,1,boundary,32x32,5,5,0.010634127259254455,0.0011064171791076661,0.00553208589553833,0.013190031051635742,0.013528183102607727,0.019441905617713928,0.0,0.02092033624649048
DUP_G,87,capsule/test/poke/019.png,1,abnormal_normal,32x32,8,1015,0.0062395206420898,0.0,0.0009333956986665726,0.0030270814895629883,0.008085861802101135,0.02198033742606639,0.0,0.0814797580242157
DUP_G,87,capsule/test/poke/019.png,1,defect,32x32,8,9,0.01998666963643498,0.0,0.006595294922590256,0.010647140443325043,0.024343013763427734,0.0618312209844589,0.0,0.08613027632236481
DUP_G,87,capsule/test/poke/019.png,1,clean_defect,32x32,8,1,0.024343013763427734,0.024343013763427734,0.024343013763427734,0.024343013763427734,0.024343013763427734,0.024343013763427734,0.024343013763427734,0.024343013763427734
DUP_G,87,capsule/test/poke/019.png,1,boundary,32x32,8,8,0.019442126620560884,0.0,0.004946471191942692,0.008917484432458878,0.021041035652160645,0.06486860290169713,0.0,0.08613027632236481
DUP_G,88,capsule/test/poke/020.png,1,abnormal_normal,32x32,5,1017,0.006324308351801311,0.0,0.000926673412322998,0.00335649773478508,0.00861433893442154,0.022324055433273277,0.0,0.06945686042308807
DUP_G,88,capsule/test/poke/020.png,1,defect,32x32,5,7,0.020304113626480103,0.003510114550590515,0.00943043828010559,0.017411231994628906,0.030248671770095825,0.03911902606487273,0.003132075071334839,0.04222726821899414
DUP_G,88,capsule/test/poke/020.png,1,clean_defect,32x32,5,2,0.00880037248134613,0.003698904812335968,0.005966223776340485,0.00880037248134613,0.011634521186351776,0.013901840150356292,0.003132075071334839,0.014468669891357422
DUP_G,88,capsule/test/poke/020.png,1,boundary,32x32,5,5,0.02490561008453369,0.006996011734008789,0.017411231994628906,0.028630882501602173,0.03186646103858948,0.04015510678291321,0.00439220666885376,0.04222726821899414
DUP_G,89,capsule/test/scratch/000.png,1,abnormal_normal,32x32,18,1006,0.0062689504636614535,0.0,0.0008916798979043961,0.0030965516343712807,0.007982742041349411,0.023611915297806263,0.0,0.09933825582265854
DUP_G,89,capsule/test/scratch/000.png,1,defect,32x32,18,18,0.023257695138454437,0.004464141279459,0.00874414760619402,0.011562870815396309,0.037772830575704575,0.05637137219309807,0.000873371958732605,0.0577203631401062
DUP_G,89,capsule/test/scratch/000.png,1,clean_defect,32x32,18,0,,,,,,,,
DUP_G,89,capsule/test/scratch/000.png,1,boundary,32x32,18,18,0.023257695138454437,0.004464141279459,0.00874414760619402,0.011562870815396309,0.037772830575704575,0.05637137219309807,0.000873371958732605,0.0577203631401062
DUP_G,90,capsule/test/scratch/001.png,1,abnormal_normal,32x32,10,1008,0.006158204407603037,0.0,0.0010651107877492905,0.0033844299614429474,0.007932593114674091,0.022423292882740496,0.0,0.06351897120475769
DUP_G,90,capsule/test/scratch/001.png,1,defect,32x32,10,16,0.021889527095481753,0.003981873393058777,0.010012801736593246,0.022455668076872826,0.03310101851820946,0.03909838944673538,0.002648770809173584,0.04055878520011902
DUP_G,90,capsule/test/scratch/001.png,1,clean_defect,32x32,10,6,0.030787721276283264,0.018112502992153168,0.022467322647571564,0.03423316776752472,0.038169778883457184,0.04006881266832352,0.017673850059509277,0.04055878520011902
DUP_G,90,capsule/test/scratch/001.png,1,boundary,32x32,10,10,0.016550610587000848,0.0034486323595046995,0.0057142348960042,0.011829385533928871,0.02642879169434309,0.03556462153792381,0.002648770809173584,0.03861159086227417
DUP_G,91,capsule/test/scratch/002.png,1,abnormal_normal,32x32,15,1006,0.006617272547659118,0.0,0.0011873298790305853,0.0030128154903650284,0.00806557945907116,0.023896468337625265,0.0,0.11628787964582443
DUP_G,91,capsule/test/scratch/002.png,1,defect,32x32,15,18,0.02169140862921874,0.0,0.008511681109666824,0.013006133958697319,0.03215890750288963,0.05529092773795126,0.0,0.06747166812419891
DUP_G,91,capsule/test/scratch/002.png,1,clean_defect,32x32,15,3,0.03441699345906576,0.022044385969638824,0.026906557381153107,0.03298427164554596,0.041211068630218506,0.04779250621795654,0.020828843116760254,0.04943786561489105
DUP_G,91,capsule/test/scratch/002.png,1,boundary,32x32,15,15,0.019146291663249333,0.0,0.0067850276827812195,0.010764911770820618,0.025280863046646118,0.057440470159053784,0.0,0.06747166812419891
DUP_G,92,capsule/test/scratch/003.png,1,abnormal_normal,32x32,13,1005,0.0066849191283890564,0.0,0.0012263655662536621,0.003334682434797287,0.008099716156721115,0.025174279510974874,0.0,0.09745059162378311
DUP_G,92,capsule/test/scratch/003.png,1,defect,32x32,13,19,0.02865966821187421,0.00652795322239399,0.012072540819644928,0.032128095626831055,0.03805304691195488,0.05429524183273313,0.00015532970428466797,0.06630885601043701
DUP_G,92,capsule/test/scratch/003.png,1,clean_defect,32x32,13,6,0.034923763324817024,0.021138828247785568,0.03245989978313446,0.03366662561893463,0.03820330835878849,0.049631571397185326,0.017475739121437073,0.05296039581298828
DUP_G,92,capsule/test/scratch/003.png,1,boundary,32x32,13,13,0.025768547390515987,0.004403745383024216,0.010628264397382736,0.020925819873809814,0.0364609956741333,0.055304870009422274,0.00015532970428466797,0.06630885601043701
DUP_G,93,capsule/test/scratch/004.png,1,abnormal_normal,32x32,30,990,0.006532484156578177,0.0,0.0011775647290050983,0.003485103603452444,0.007842462044209242,0.021274742390960447,0.0,0.14145715534687042
DUP_G,93,capsule/test/scratch/004.png,1,defect,32x32,30,34,0.020214589340064454,0.0003049656748771668,0.0034130671992897987,0.014420896768569946,0.034299461171031,0.053037925995886324,0.0,0.0693850964307785
DUP_G,93,capsule/test/scratch/004.png,1,clean_defect,32x32,30,4,0.015387389808893204,0.0007611274719238281,0.0019289255142211914,0.006274238228797913,0.019732702523469925,0.04277206435799597,0.0004691779613494873,0.0485319048166275
DUP_G,93,capsule/test/scratch/004.png,1,boundary,32x32,30,30,0.02085821594422062,0.0005028739571571352,0.0036597102880477905,0.015559075400233269,0.034299461171031,0.05337549019604921,0.0,0.0693850964307785
DUP_G,94,capsule/test/scratch/005.png,1,abnormal_normal,32x32,5,1016,0.005853561032288451,0.0,0.0007723355665802956,0.0029877126216888428,0.007313082925975323,0.021309282165020704,0.0,0.07098834216594696
DUP_G,94,capsule/test/scratch/005.png,1,defect,32x32,5,8,0.0122634363360703,0.00023566856980323793,0.0033756643533706665,0.00791545957326889,0.019468724727630615,0.03140400815755128,0.0,0.03548439219594002
DUP_G,94,capsule/test/scratch/005.png,1,clean_defect,32x32,5,3,0.01394746700922648,0.0018016248941421509,0.009008124470710754,0.01801624894142151,0.02092120051383972,0.02324516177177429,0.0,0.023826152086257935
DUP_G,94,capsule/test/scratch/005.png,1,boundary,32x32,5,5,0.01125301793217659,0.0013939589262008667,0.004276439547538757,0.005671784281730652,0.010159134864807129,0.030419340729713435,0.000673338770866394,0.03548439219594002
DUP_G,95,capsule/test/scratch/006.png,1,abnormal_normal,32x32,7,1009,0.0067428222283300076,0.0,0.0013195276260375977,0.003659624606370926,0.008165836334228516,0.02440923005342482,0.0,0.11969370394945145
DUP_G,95,capsule/test/scratch/006.png,1,defect,32x32,7,15,0.02186334542930126,0.004419869184494019,0.013526925817131996,0.021945694461464882,0.030265234410762787,0.038142488896846766,0.002791285514831543,0.042216263711452484
DUP_G,95,capsule/test/scratch/006.png,1,clean_defect,32x32,7,8,0.018848694395273924,0.0068183794617652895,0.010884575545787811,0.016107702627778053,0.028243830427527428,0.03293868452310562,0.005117833614349365,0.034046322107315063
DUP_G,95,capsule/test/scratch/006.png,1,boundary,32x32,7,7,0.025308660896761075,0.007179302349686624,0.019681851379573345,0.026743963360786438,0.03302270546555519,0.040470360219478606,0.002791285514831543,0.042216263711452484
DUP_G,96,capsule/test/scratch/007.png,1,abnormal_normal,32x32,13,1007,0.0062636143061801305,0.0,0.0011850912123918533,0.003096858039498329,0.00789897795766592,0.022459916770458176,0.0,0.10518914461135864
DUP_G,96,capsule/test/scratch/007.png,1,defect,32x32,13,17,0.017469608170144698,0.0019500285387039184,0.00606691837310791,0.01045827567577362,0.024657785892486572,0.04621230959892271,0.0014511048793792725,0.07140500843524933
DUP_G,96,capsule/test/scratch/007.png,1,clean_defect,32x32,13,4,0.012380242347717285,0.00230964869260788,0.005743823945522308,0.011706039309501648,0.018342457711696625,0.02339472025632858,0.0014511048793792725,0.024657785892486572
DUP_G,96,capsule/test/scratch/007.png,1,boundary,32x32,13,13,0.01903556688473775,0.003558246791362763,0.00606691837310791,0.01045827567577362,0.02718111127614975,0.052510484308004333,0.00207475945353508,0.07140500843524933
DUP_G,97,capsule/test/scratch/008.png,1,abnormal_normal,32x32,9,1009,0.005785857993007312,0.0,0.0010778680443763733,0.0032223835587501526,0.007409274578094482,0.021650069206953032,0.0,0.062414709478616714
DUP_G,97,capsule/test/scratch/008.png,1,defect,32x32,9,15,0.019627378880977632,0.007214539870619774,0.009934833273291588,0.017508208751678467,0.025494776666164398,0.03563684076070783,0.006737671792507172,0.049739643931388855
DUP_G,97,capsule/test/scratch/008.png,1,clean_defect,32x32,9,6,0.02071268856525421,0.011004634201526642,0.016220949590206146,0.021274402737617493,0.026460491120815277,0.028928034007549286,0.009408891201019287,0.029592782258987427
DUP_G,97,capsule/test/scratch/008.png,1,boundary,32x32,9,9,0.01890383909145991,0.007010167837142945,0.009702365845441818,0.011972926557064056,0.024490714073181152,0.04022336900234222,0.006737671792507172,0.049739643931388855
DUP_G,98,capsule/test/scratch/009.png,1,abnormal_normal,32x32,16,1000,0.006541928937193006,1.7553567886352592e-06,0.0012672590091824532,0.0034527573734521866,0.008466850034892559,0.021577139850705855,0.0,0.08130262047052383
DUP_G,98,capsule/test/scratch/009.png,1,defect,32x32,16,24,0.019027402546877663,0.004567516781389714,0.011789798736572266,0.015356047078967094,0.02407323569059372,0.03654476888477802,0.0035126619040966034,0.06770025193691254
DUP_G,98,capsule/test/scratch/009.png,1,clean_defect,32x32,16,8,0.016647353768348694,0.009802508354187011,0.013399600982666016,0.01413719356060028,0.021951600909233093,0.024706463515758514,0.008179306983947754,0.02526053786277771
DUP_G,98,capsule/test/scratch/009.png,1,boundary,32x32,16,16,0.020217426936142147,0.003999689593911171,0.00843193382024765,0.01629224233329296,0.02631920063868165,0.04448808543384075,0.0035126619040966034,0.06770025193691254
DUP_G,99,capsule/test/scratch/010.png,1,abnormal_normal,32x32,11,1006,0.005752681564747043,0.0,0.0008564253803342581,0.003033658489584923,0.007613829802721739,0.021692634094506502,0.0,0.06111723557114601
DUP_G,99,capsule/test/scratch/010.png,1,defect,32x32,11,18,0.013853045180439949,0.0,0.0007144957780838013,0.007955491542816162,0.019376032054424286,0.04619656577706336,0.0,0.05016617476940155
DUP_G,99,capsule/test/scratch/010.png,1,clean_defect,32x32,11,7,0.009548257504190718,0.0,0.00031626224517822266,0.007535681128501892,0.016869261860847473,0.02335834205150604,0.0,0.02493107318878174
DUP_G,99,capsule/test/scratch/010.png,1,boundary,32x32,11,11,0.016592455519871277,0.0,0.0022548455744981766,0.008375301957130432,0.02872338891029358,0.047831110656261444,0.0,0.05016617476940155
DUP_G,100,capsule/test/scratch/011.png,1,abnormal_normal,32x32,7,1010,0.005861285093268103,0.0,0.001050253864377737,0.0030826032161712646,0.007164205890148878,0.020939669571816907,0.0,0.06069878861308098
DUP_G,100,capsule/test/scratch/011.png,1,defect,32x32,7,14,0.023343438814793314,0.0025264982134103773,0.010089108720421791,0.024624312296509743,0.03678961843252182,0.04403252638876438,0.00018497183918952942,0.046217046678066254
DUP_G,100,capsule/test/scratch/011.png,1,clean_defect,32x32,7,7,0.03142777191741126,0.014054791629314424,0.027717258781194687,0.03425025939941406,0.03832294046878815,0.04170231521129608,0.010807499289512634,0.04285624623298645
DUP_G,100,capsule/test/scratch/011.png,1,boundary,32x32,7,7,0.01525910571217537,0.0012656763195991517,0.0047823842614889145,0.00984964519739151,0.02049865387380123,0.04063697792589663,0.00018497183918952942,0.046217046678066254
DUP_G,101,capsule/test/scratch/012.png,1,abnormal_normal,32x32,9,1012,0.006259652874993874,2.882685512304307e-05,0.0011604917235672474,0.0035099489614367485,0.0076835257932543755,0.022415241226553917,0.0,0.07054512947797775
DUP_G,101,capsule/test/scratch/012.png,1,defect,32x32,9,12,0.01919313333928585,0.009396306425333022,0.011269409209489822,0.017288126051425934,0.02187197282910347,0.03511834964156149,0.008033830672502518,0.04551926255226135
DUP_G,101,capsule/test/scratch/012.png,1,clean_defect,32x32,9,3,0.018186251322428387,0.016758924722671507,0.01691165566444397,0.017102569341659546,0.01891900599002838,0.02037215530872345,0.016720741987228394,0.020735442638397217
DUP_G,101,capsule/test/scratch/012.png,1,boundary,32x32,9,9,0.01952876067823834,0.009024722129106521,0.011165440082550049,0.017473682761192322,0.02397054433822632,0.03795496225357055,0.008033830672502518,0.04551926255226135
DUP_G,102,capsule/test/scratch/013.png,1,abnormal_normal,32x32,10,1013,0.006736526760132018,7.557868957519535e-05,0.0013410057872533798,0.0036363601684570312,0.008683264255523682,0.023239653557538983,0.0,0.0738850086927414
DUP_G,102,capsule/test/scratch/013.png,1,defect,32x32,10,11,0.0193479945036498,0.008069772273302078,0.013579338788986206,0.018653005361557007,0.025251002982258797,0.03303832933306694,0.005127869546413422,0.034516870975494385
DUP_G,102,capsule/test/scratch/013.png,1,clean_defect,32x32,10,1,0.011011675000190735,0.011011675000190735,0.011011675000190735,0.011011675000190735,0.011011675000190735,0.011011675000190735,0.011011675000190735,0.011011675000190735
DUP_G,102,capsule/test/scratch/013.png,1,boundary,32x32,10,10,0.020181626453995703,0.008679593726992608,0.014179464429616928,0.01932372897863388,0.027038532309234142,0.03318618349730968,0.005127869546413422,0.034516870975494385
DUP_G,103,capsule/test/scratch/014.png,1,abnormal_normal,32x32,14,995,0.006444673795234318,0.0,0.0011298339813947678,0.003286518156528473,0.008228124119341373,0.024211358651518806,0.0,0.12321698665618896
DUP_G,103,capsule/test/scratch/014.png,1,defect,32x32,14,29,0.0223936488016926,0.002225837111473084,0.012158602476119995,0.02068936824798584,0.02994784712791443,0.04179905951023101,0.0,0.05834832787513733
DUP_G,103,capsule/test/scratch/014.png,1,clean_defect,32x32,14,15,0.022207437952359518,0.008511021733283997,0.019605904817581177,0.02068936824798584,0.02628985047340393,0.038694690167903896,0.0,0.04283998906612396
DUP_G,103,capsule/test/scratch/014.png,1,boundary,32x32,14,14,0.02259316042597805,0.0033532347530126575,0.00608367333188653,0.02168959379196167,0.03633929416537285,0.0465763971209526,0.0004220008850097656,0.05834832787513733
DUP_G,104,capsule/test/scratch/015.png,1,abnormal_normal,32x32,16,997,0.0064889932389454235,0.00013117045164108283,0.001531362533569336,0.0037976056337356567,0.008177757263183594,0.02090146839618679,0.0,0.133576899766922
DUP_G,104,capsule/test/scratch/015.png,1,defect,32x32,16,27,0.01761128380894661,0.0,0.004177626222372055,0.010634943842887878,0.02525937557220459,0.05195556730031966,0.0,0.07027329504489899
DUP_G,104,capsule/test/scratch/015.png,1,clean_defect,32x32,16,11,0.015630511397665196,0.0,0.002021998167037964,0.00974532961845398,0.019827131181955338,0.05194712430238724,0.0,0.07027329504489899
DUP_G,104,capsule/test/scratch/015.png,1,boundary,32x32,16,16,0.01897306484170258,0.0010795611888170242,0.006403891369700432,0.014947868883609772,0.02685079537332058,0.042598627507686615,0.0,0.05819352716207504
DUP_G,105,capsule/test/scratch/016.png,1,abnormal_normal,32x32,16,1004,0.006713116083728276,0.0,0.00104904780164361,0.0033896081149578094,0.008993937633931637,0.025158590264618388,0.0,0.07024331390857697
DUP_G,105,capsule/test/scratch/016.png,1,defect,32x32,16,20,0.024277547746896742,0.0028776727616786958,0.005717787891626358,0.018792133778333664,0.04013686440885067,0.06011525467038155,0.0009335726499557495,0.06841623783111572
DUP_G,105,capsule/test/scratch/016.png,1,clean_defect,32x32,16,4,0.008172407746315002,0.0013939961791038513,0.0032356902956962585,0.00500999391078949,0.009946711361408234,0.019378198683261866,0.0009335726499557495,0.02173607051372528
DUP_G,105,capsule/test/scratch/016.png,1,boundary,32x32,16,16,0.02830383274704218,0.0048567019402980804,0.0069127390161156654,0.026156969368457794,0.044797396287322044,0.06186283007264137,0.0029799938201904297,0.06841623783111572
DUP_G,106,capsule/test/scratch/017.png,1,abnormal_normal,32x32,8,1012,0.006151465156111911,0.0,0.001021822914481163,0.0032941801473498344,0.007666901685297489,0.022411616053432226,0.0,0.06419266015291214
DUP_G,106,capsule/test/scratch/017.png,1,defect,32x32,8,12,0.012443965766578913,0.000339190848171711,0.004573405720293522,0.010555222630500793,0.01740630529820919,0.029636957217007872,0.0,0.03306525945663452
DUP_G,106,capsule/test/scratch/017.png,1,clean_defect,32x32,8,4,0.017686394043266773,0.004887278378009796,0.008930601179599762,0.016901934519410133,0.025657727383077145,0.03158375304192304,0.0038764476776123047,0.03306525945663452
DUP_G,106,capsule/test/scratch/017.png,1,boundary,32x32,8,8,0.009822751628234982,0.0002158487215638161,0.0037584714591503143,0.008466750383377075,0.014306125231087208,0.022858400363475077,0.0,0.026831982657313347
DUP_G,107,capsule/test/scratch/018.png,1,abnormal_normal,32x32,11,1009,0.006112335621064568,0.0,0.0010687513276934624,0.0031136684119701385,0.007573466747999191,0.022189433872699723,0.0,0.0796847715973854
DUP_G,107,capsule/test/scratch/018.png,1,defect,32x32,11,15,0.028342068692048392,0.011303341388702393,0.017475835978984833,0.02522037923336029,0.03574679046869278,0.05495573282241819,0.009825170040130615,0.07037420570850372
DUP_G,107,capsule/test/scratch/018.png,1,clean_defect,32x32,11,4,0.012727759778499603,0.010141921043395997,0.01140892505645752,0.012141972780227661,0.013460807502269745,0.016133700311183927,0.009825170040130615,0.016801923513412476
DUP_G,107,capsule/test/scratch/018.png,1,boundary,32x32,11,11,0.03401999920606613,0.018211469054222107,0.021991584450006485,0.029688268899917603,0.042419999837875366,0.059361010789871216,0.01814974844455719,0.07037420570850372
DUP_G,108,capsule/test/scratch/019.png,1,abnormal_normal,32x32,10,1005,0.006123217114650492,0.0,0.0010936055332422256,0.00324360653758049,0.007975637912750244,0.02210402451455593,0.0,0.057054806500673294
DUP_G,108,capsule/test/scratch/019.png,1,defect,32x32,10,19,0.016508910020715313,0.004001164436340332,0.008695980533957481,0.011549979448318481,0.02269434928894043,0.03654686361551283,0.0035322606563568115,0.04582187533378601
DUP_G,108,capsule/test/scratch/019.png,1,clean_defect,32x32,10,9,0.013425678014755249,0.0037406623363494874,0.007818877696990967,0.009586602449417114,0.015502572059631348,0.029997646808624268,0.0035322606563568115,0.03094613552093506
DUP_G,108,capsule/test/scratch/019.png,1,boundary,32x32,10,10,0.01928381882607937,0.007102418132126332,0.010674450546503067,0.01492171362042427,0.023211270570755005,0.041184369474649415,0.0065153613686561584,0.04582187533378601
DUP_G,109,capsule/test/scratch/020.png,1,abnormal_normal,32x32,22,1001,0.00603769679314696,0.0,0.0010614395141601562,0.003581404685974121,0.0077313389629125595,0.020337224006652832,0.0,0.055776238441467285
DUP_G,109,capsule/test/scratch/020.png,1,defect,32x32,22,23,0.0190587670582792,0.0006235122680664063,0.008354589343070984,0.013458333909511566,0.024198707193136215,0.05157723873853681,0.0,0.08013297617435455
DUP_G,109,capsule/test/scratch/020.png,1,clean_defect,32x32,22,1,0.0013634264469146729,0.0013634264469146729,0.0013634264469146729,0.0013634264469146729,0.0013634264469146729,0.0013634264469146729,0.0013634264469146729,0.0013634264469146729
DUP_G,109,capsule/test/scratch/020.png,1,boundary,32x32,22,22,0.019863100722432137,0.0006318196654319764,0.010145213454961777,0.013795856386423111,0.02514045499265194,0.0523214928805828,0.0,0.08013297617435455
DUP_G,110,capsule/test/scratch/021.png,1,abnormal_normal,32x32,16,1007,0.00625817841307335,0.0,0.0010968856513500214,0.00303041934967041,0.007396996021270752,0.023357571475207776,0.0,0.07352808117866516
DUP_G,110,capsule/test/scratch/021.png,1,defect,32x32,16,17,0.021213197532822105,0.005782568454742431,0.008599698543548584,0.018164321780204773,0.03128909319639206,0.04364393576979637,0.005104362964630127,0.04854099079966545
DUP_G,110,capsule/test/scratch/021.png,1,clean_defect,32x32,16,1,0.023648932576179504,0.023648932576179504,0.023648932576179504,0.023648932576179504,0.023648932576179504,0.023648932576179504,0.023648932576179504,0.023648932576179504
DUP_G,110,capsule/test/scratch/021.png,1,boundary,32x32,16,16,0.021060964092612267,0.005740180611610413,0.008565753698348999,0.016173098236322403,0.03316069580614567,0.04395000170916319,0.005104362964630127,0.04854099079966545
DUP_G,111,capsule/test/scratch/022.png,1,abnormal_normal,32x32,22,988,0.006082641378163854,0.0,0.0010858871974050999,0.0031058299355208874,0.0076422980055212975,0.021341231465339658,0.0,0.07688600569963455
DUP_G,111,capsule/test/scratch/022.png,1,defect,32x32,22,36,0.014463320840150118,0.0,0.0043642036616802216,0.0098832743242383,0.01950093824416399,0.041186630725860596,0.0,0.045977771282196045
DUP_G,111,capsule/test/scratch/022.png,1,clean_defect,32x32,22,14,0.013075278805834907,0.0,0.002476334571838379,0.00956377387046814,0.015711581334471703,0.036862737685441974,0.0,0.03800591826438904
DUP_G,111,capsule/test/scratch/022.png,1,boundary,32x32,22,22,0.015346620316532526,0.0020169980823993685,0.005201607011258602,0.0098832743242383,0.020332208834588528,0.04456262588500976,0.0,0.045977771282196045
DUP_G,112,capsule/test/squeeze/000.png,1,abnormal_normal,32x32,20,925,0.0065848802171043445,7.811188697814967e-06,0.0012087821960449219,0.0037175193428993225,0.009074252098798752,0.022974582016468046,0.0,0.07136702537536621
DUP_G,112,capsule/test/squeeze/000.png,1,defect,32x32,20,99,0.01746014351345072,0.001401837915182114,0.004892274737358093,0.011994361877441406,0.0277651846408844,0.0436782568693161,0.0,0.05801801383495331
DUP_G,112,capsule/test/squeeze/000.png,1,clean_defect,32x32,20,79,0.017004787308883062,0.0005167096853256227,0.004426717758178711,0.011504054069519043,0.0277651846408844,0.04313299432396889,0.0,0.052473098039627075
DUP_G,112,capsule/test/squeeze/000.png,1,boundary,32x32,20,20,0.01925880052149296,0.0025931216776371004,0.007110517472028732,0.01233953982591629,0.025864508002996445,0.050409717112779626,0.002263270318508148,0.05801801383495331
DUP_G,113,capsule/test/squeeze/001.png,1,abnormal_normal,32x32,65,921,0.008357160082582412,0.0002510771155357361,0.0016742534935474396,0.004397314041852951,0.010836005210876465,0.028790514916181564,0.0,0.14462901651859283
DUP_G,113,capsule/test/squeeze/001.png,1,defect,32x32,65,103,0.015207155598598776,0.00014568343758583068,0.00604277104139328,0.011034861207008362,0.02319064363837242,0.03822741657495499,0.0,0.06634868681430817
DUP_G,113,capsule/test/squeeze/001.png,1,clean_defect,32x32,65,38,0.014970635897234866,0.0,0.003913635388016701,0.010423246771097183,0.026170551776885986,0.038212575018405914,0.0,0.06634868681430817
DUP_G,113,capsule/test/squeeze/001.png,1,boundary,32x32,65,65,0.015345428654780755,0.0025807827711105346,0.00718456506729126,0.011163726449012756,0.02187296748161316,0.03813474774360657,0.0,0.049993112683296204
DUP_G,114,capsule/test/squeeze/002.png,1,abnormal_normal,32x32,16,1008,0.006764356041833433,0.0,0.0011835899204015732,0.0033967308700084686,0.008691821247339249,0.02445925306528806,0.0,0.07957236468791962
DUP_G,114,capsule/test/squeeze/002.png,1,defect,32x32,16,16,0.017244705464690924,8.533895015716553e-05,0.004916112869977951,0.008884143084287643,0.025851275771856308,0.04948257654905319,0.0,0.049552157521247864
DUP_G,114,capsule/test/squeeze/002.png,1,clean_defect,32x32,16,0,,,,,,,,
DUP_G,114,capsule/test/squeeze/002.png,1,boundary,32x32,16,16,0.017244705464690924,8.533895015716553e-05,0.004916112869977951,0.008884143084287643,0.025851275771856308,0.04948257654905319,0.0,0.049552157521247864
DUP_G,115,capsule/test/squeeze/003.png,1,abnormal_normal,32x32,6,1015,0.006344862861256,0.0,0.0010955827310681343,0.003701925277709961,0.008528352715075016,0.022317864559590814,0.0,0.06519094854593277
DUP_G,115,capsule/test/squeeze/003.png,1,defect,32x32,6,9,0.007220551371574402,0.001173931360244751,0.0023203790187835693,0.006642848253250122,0.008958578109741211,0.016627371311187744,0.0011168420314788818,0.018059909343719482
DUP_G,115,capsule/test/squeeze/003.png,1,clean_defect,32x32,6,3,0.008585840463638306,0.0029841989278793337,0.00563947856426239,0.008958578109741211,0.011718571186065674,0.013926565647125244,0.0023203790187835693,0.014478564262390137
DUP_G,115,capsule/test/squeeze/003.png,1,boundary,32x32,6,6,0.00653790682554245,0.00115252286195755,0.0017827264964580536,0.004997529089450836,0.008257761597633362,0.01574394851922989,0.0011168420314788818,0.018059909343719482
DUP_G,116,capsule/test/squeeze/004.png,1,abnormal_normal,32x32,10,1008,0.007120423281097799,0.0,0.0013865157961845398,0.0036623990163207054,0.008941358886659145,0.02666626963764429,0.0,0.10933927446603775
DUP_G,116,capsule/test/squeeze/004.png,1,defect,32x32,10,16,0.010073641780763865,0.0032614925876259804,0.006543338298797607,0.008281214162707329,0.012861797586083412,0.02192053571343422,0.0027496404945850372,0.022773176431655884
DUP_G,116,capsule/test/squeeze/004.png,1,clean_defect,32x32,10,6,0.013133312265078226,0.0071732047945261,0.007425734773278236,0.01000574603676796,0.01922081597149372,0.02248896285891533,0.007156968116760254,0.022773176431655884
DUP_G,116,capsule/test/squeeze/004.png,1,boundary,32x32,10,10,0.008237839490175248,0.0030567517504096033,0.004287432879209518,0.007890095934271812,0.010131027549505234,0.01623479016125202,0.0027496404945850372,0.01681610196828842
DUP_G,117,capsule/test/squeeze/005.png,1,abnormal_normal,32x32,21,999,0.0061727421872366265,0.0,0.0011063823476433754,0.0032198037952184677,0.008036285638809204,0.022786831110715864,0.0,0.07794146239757538
DUP_G,117,capsule/test/squeeze/005.png,1,defect,32x32,21,25,0.012322597429156304,0.0009267196059226991,0.0039689987897872925,0.01071147620677948,0.019067376852035522,0.026604014635086045,0.0,0.04084433615207672
DUP_G,117,capsule/test/squeeze/005.png,1,clean_defect,32x32,21,4,0.018314342945814133,0.007802547514438629,0.009493537247180939,0.012516617774963379,0.021337423473596573,0.03694295361638068,0.007379800081253052,0.04084433615207672
DUP_G,117,capsule/test/squeeze/005.png,1,boundary,32x32,21,21,0.011181312568840526,0.0007748212665319443,0.0035637207329273224,0.01071147620677948,0.019067376852035522,0.02278086543083191,0.0,0.027559801936149597
DUP_G,118,capsule/test/squeeze/006.png,1,abnormal_normal,32x32,29,922,0.0067643323997055825,2.6196613907814102e-05,0.0011515216901898384,0.003509889356791973,0.008953893557190895,0.023798815347254275,0.0,0.07546807080507278
DUP_G,118,capsule/test/squeeze/006.png,1,defect,32x32,29,102,0.013906176695052315,0.0,0.00494297593832016,0.011780321598052979,0.0211957897990942,0.034711036086082434,0.0,0.06072075664997101
DUP_G,118,capsule/test/squeeze/006.png,1,clean_defect,32x32,29,73,0.014471990043578083,0.0,0.005872055888175964,0.012850314378738403,0.021779656410217285,0.03352286517620085,0.0,0.06072075664997101
DUP_G,118,capsule/test/squeeze/006.png,1,boundary,32x32,29,29,0.012481887921177107,4.4488906860351575e-05,0.0028696060180664062,0.00881030410528183,0.02072872221469879,0.04053087234497066,0.0,0.05074617266654968
DUP_G,119,capsule/test/squeeze/007.png,1,abnormal_normal,32x32,36,921,0.007507131891031866,0.0001259446144104004,0.0013005323708057404,0.0038038045167922974,0.009238224476575851,0.02807760238647461,0.0,0.0809909999370575
DUP_G,119,capsule/test/squeeze/007.png,1,defect,32x32,36,103,0.0146817475629663,5.578994750976593e-06,0.00489179790019989,0.01149401068687439,0.020280733704566956,0.04245874434709548,0.0,0.06479066610336304
DUP_G,119,capsule/test/squeeze/007.png,1,clean_defect,32x32,36,67,0.015145465342411355,0.00010285377502441411,0.004244603216648102,0.01290673017501831,0.021604478359222412,0.042138729989528646,0.0,0.06479066610336304
DUP_G,119,capsule/test/squeeze/007.png,1,boundary,32x32,36,36,0.013818717251221338,0.0,0.005559638142585754,0.009208805859088898,0.018603332340717316,0.035676028579473495,0.0,0.06296542286872864
DUP_G,120,capsule/test/squeeze/008.png,1,abnormal_normal,32x32,37,959,0.006162855414357095,3.913715481758119e-05,0.0011625979095697403,0.0031474437564611435,0.0081328134983778,0.022556530684232707,0.0,0.06481961160898209
DUP_G,120,capsule/test/squeeze/008.png,1,defect,32x32,37,65,0.01378514589025424,0.0004882097244262696,0.0058889687061309814,0.011516287922859192,0.020961463451385498,0.033028674125671384,0.0,0.03663584589958191
DUP_G,120,capsule/test/squeeze/008.png,1,clean_defect,32x32,37,28,0.016616095123546466,0.004271533712744713,0.007128395140171051,0.01200849562883377,0.026275288313627243,0.033759312331676485,0.0008863210678100586,0.03663584589958191
DUP_G,120,capsule/test/squeeze/008.png,1,boundary,32x32,37,37,0.01164280592992499,0.0,0.005784645676612854,0.011072471737861633,0.01761806011199951,0.02526221275329589,0.0,0.030290409922599792
DUP_G,121,capsule/test/squeeze/009.png,1,abnormal_normal,32x32,38,946,0.006538978016326877,0.00039395783096551895,0.0016076862812042236,0.003584107384085655,0.008796554058790207,0.0222593005746603,0.0,0.06428489089012146
DUP_G,121,capsule/test/squeeze/009.png,1,defect,32x32,38,78,0.015047474501606746,0.0007708016782999039,0.006394349038600922,0.011602453887462616,0.020248547196388245,0.037364495545625646,0.0,0.05182528495788574
DUP_G,121,capsule/test/squeeze/009.png,1,clean_defect,32x32,38,40,0.016582193318754435,0.0017016567289829256,0.009063662961125374,0.01599171757698059,0.020966775715351105,0.0369134984910488,0.0,0.04612003266811371
DUP_G,121,capsule/test/squeeze/009.png,1,boundary,32x32,38,38,0.013431981009872336,0.00021532811224460603,0.005811991170048714,0.00953827053308487,0.019778721034526825,0.03634670972824096,0.0,0.05182528495788574
DUP_G,122,capsule/test/squeeze/010.png,1,abnormal_normal,32x32,8,1004,0.006749644810593579,0.0,0.0010166037827730179,0.0035303309559822083,0.0088510075584054,0.025289594661444398,0.0,0.07885044813156128
DUP_G,122,capsule/test/squeeze/010.png,1,defect,32x32,8,20,0.01595722623169422,0.0030140236020088198,0.0077256448566913605,0.014703862369060516,0.02510829083621502,0.02813567593693734,0.0008656084537506104,0.036068543791770935
DUP_G,122,capsule/test/squeeze/010.png,1,clean_defect,32x32,8,12,0.01935774025817712,0.006977130472660065,0.012870661914348602,0.019838586449623108,0.025220705196261406,0.03147583082318305,0.0031270980834960938,0.036068543791770935
DUP_G,122,capsule/test/squeeze/010.png,1,boundary,32x32,8,8,0.010856455191969872,0.0016597166657447817,0.003729788586497307,0.006884224712848663,0.01621195115149021,0.026132586225867272,0.0008656084537506104,0.026197150349617004
DUP_G,123,capsule/test/squeeze/011.png,1,abnormal_normal,32x32,27,934,0.006917308261159337,0.0,0.001201588660478592,0.0038364455103874207,0.009309763088822365,0.023738152906298632,0.0,0.08211429417133331
DUP_G,123,capsule/test/squeeze/011.png,1,defect,32x32,27,90,0.011342682027154499,0.0008397091180086136,0.004426967352628708,0.010543391108512878,0.015857424587011337,0.026821973174810405,0.0,0.0441979318857193
DUP_G,123,capsule/test/squeeze/011.png,1,clean_defect,32x32,27,63,0.012771580190885635,0.0008977197110652924,0.006257884204387665,0.011307120323181152,0.016947180032730103,0.0273724228143692,0.0,0.0441979318857193
DUP_G,123,capsule/test/squeeze/011.png,1,boundary,32x32,27,27,0.008008586311781848,0.0010087855160236358,0.00346934050321579,0.006726503372192383,0.012491464614868164,0.01727328598499298,0.0,0.02244323492050171
DUP_G,124,capsule/test/squeeze/012.png,1,abnormal_normal,32x32,23,934,0.007250423603481763,5.578976124525074e-05,0.001573837362229824,0.003906112164258957,0.008761772885918617,0.025527019705623377,0.0,0.10070201009511948
DUP_G,124,capsule/test/squeeze/012.png,1,defect,32x32,23,90,0.013537805693017112,8.568651974201206e-05,0.0037759924307465553,0.010983284562826157,0.020464032888412476,0.03714082017540931,0.0,0.05054779350757599
DUP_G,124,capsule/test/squeeze/012.png,1,clean_defect,32x32,23,67,0.012891739217647866,0.0,0.003465808928012848,0.010335765779018402,0.02008393406867981,0.033980316668748844,0.0,0.04828481376171112
DUP_G,124,capsule/test/squeeze/012.png,1,boundary,32x32,23,23,0.015419825425614481,0.000994418188929558,0.004638258367776871,0.011630803346633911,0.022592119872570038,0.04118146076798439,0.0005499869585037231,0.05054779350757599
DUP_G,125,capsule/test/squeeze/013.png,1,abnormal_normal,32x32,27,978,0.007601377490911717,6.956765428185465e-05,0.001322855707257986,0.00387740321457386,0.009844750165939331,0.026734561659395695,0.0,0.10568666458129883
DUP_G,125,capsule/test/squeeze/013.png,1,defect,32x32,27,46,0.01600784662625064,0.0026582423597574234,0.006809564307332039,0.010279804468154907,0.023875746876001358,0.04054489731788635,0.0017892718315124512,0.04838275909423828
DUP_G,125,capsule/test/squeeze/013.png,1,clean_defect,32x32,27,19,0.01141457808645148,0.0036881908774375914,0.007073499262332916,0.009229451417922974,0.011354416608810425,0.028485916554927805,0.001953914761543274,0.03712846338748932
DUP_G,125,capsule/test/squeeze/013.png,1,boundary,32x32,27,27,0.019240146709813014,0.0027109868824481964,0.005534391850233078,0.014821365475654602,0.030372142791748047,0.04582085758447647,0.0017892718315124512,0.04838275909423828
DUP_G,126,capsule/test/squeeze/014.png,1,abnormal_normal,32x32,56,890,0.0077411989875012235,7.938779890537265e-05,0.0014178990386426449,0.004387332126498222,0.010231439024209976,0.027426574192941186,0.0,0.05992533266544342
DUP_G,126,capsule/test/squeeze/014.png,1,defect,32x32,56,134,0.014945256287482247,0.0,0.0038500186055898666,0.010499775409698486,0.02218611165881157,0.04334869235754012,0.0,0.07202677428722382
DUP_G,126,capsule/test/squeeze/014.png,1,clean_defect,32x32,56,78,0.013778342220645685,0.00012440532445907594,0.003682909533381462,0.011084720492362976,0.022016536444425583,0.03284945674240588,0.0,0.048375651240348816
DUP_G,126,capsule/test/squeeze/014.png,1,boundary,32x32,56,56,0.01657060088057603,0.0,0.004997506737709045,0.01025158166885376,0.022834185510873795,0.053748320788145065,0.0,0.07202677428722382
DUP_G,127,capsule/test/squeeze/015.png,1,abnormal_normal,32x32,32,970,0.0071412422195000136,2.0710378885269187e-05,0.001173003576695919,0.0037231743335723877,0.009831743780523539,0.023888785764575003,0.0,0.06854459643363953
DUP_G,127,capsule/test/squeeze/015.png,1,defect,32x32,32,54,0.015488042047730199,0.0014196066185832026,0.005602583289146423,0.013308629393577576,0.01881774142384529,0.04086536988615987,0.00011408329010009766,0.05676794797182083
DUP_G,127,capsule/test/squeeze/015.png,1,clean_defect,32x32,32,22,0.014492025429552252,0.004525995254516602,0.009049773216247559,0.012177631258964539,0.01751244068145752,0.029649485647678372,0.0025192052125930786,0.04372434318065643
DUP_G,127,capsule/test/squeeze/015.png,1,boundary,32x32,32,32,0.016172803472727537,0.0007617412135004997,0.004386972635984421,0.013830497860908508,0.024490362033247948,0.04578897356986998,0.00011408329010009766,0.05676794797182083
DUP_G,128,capsule/test/squeeze/016.png,1,abnormal_normal,32x32,21,922,0.006363817854277354,0.00013961950317025192,0.001156090758740902,0.003210078924894333,0.0079880659468472,0.02199500612914562,0.0,0.09270435571670532
DUP_G,128,capsule/test/squeeze/016.png,1,defect,32x32,21,102,0.013993306633304147,0.0005790229886770249,0.005100209265947342,0.01161237433552742,0.020137280225753784,0.030251191928982728,0.0,0.05078849196434021
DUP_G,128,capsule/test/squeeze/016.png,1,clean_defect,32x32,21,81,0.015378668904304504,0.0005991458892822266,0.007800281047821045,0.013017058372497559,0.021846085786819458,0.030403196811676025,0.0,0.05078849196434021
DUP_G,128,capsule/test/squeeze/016.png,1,boundary,32x32,21,21,0.008649766445159912,0.0002358369529247284,0.0038962215185165405,0.00754779577255249,0.012850433588027954,0.017243236303329468,0.0,0.024964511394500732
DUP_G,129,capsule/test/squeeze/017.png,1,abnormal_normal,32x32,19,1002,0.006304708686369116,9.622732177376747e-05,0.0011685420759022236,0.003421444445848465,0.008380042389035225,0.02263369709253311,0.0,0.06591488420963287
DUP_G,129,capsule/test/squeeze/017.png,1,defect,32x32,19,22,0.01673900488425385,0.0020723644644021987,0.006843164563179016,0.012154420837759972,0.020068395882844925,0.04393432140350342,0.0,0.0541309118270874
DUP_G,129,capsule/test/squeeze/017.png,1,clean_defect,32x32,19,3,0.011339465777079264,0.006942445039749145,0.007834106683731079,0.008948683738708496,0.013649433851242065,0.01741003394126892,0.006719529628753662,0.018350183963775635
DUP_G,129,capsule/test/squeeze/017.png,1,boundary,32x32,19,19,0.017591563690649837,0.0018470428884029388,0.0055118128657341,0.012268483638763428,0.025990217924118042,0.04497909396886823,0.0,0.0541309118270874
DUP_G,130,capsule/test/squeeze/018.png,1,abnormal_normal,32x32,15,999,0.006757989323495685,6.833784282207513e-05,0.0012269504368305206,0.0035065822303295135,0.008169513195753098,0.0244228076189756,0.0,0.09273001551628113
DUP_G,130,capsule/test/squeeze/018.png,1,defect,32x32,15,25,0.016575916856527328,0.0013304501771926886,0.005876999348402023,0.013557583093643188,0.02434694766998291,0.03746950626373291,0.0,0.04277384281158447
DUP_G,130,capsule/test/squeeze/018.png,1,clean_defect,32x32,15,10,0.01875562369823456,0.005010639131069183,0.00929095596075058,0.016403451561927795,0.025581352412700653,0.03733628988265991,0.004050314426422119,0.03757607936859131
DUP_G,130,capsule/test/squeeze/018.png,1,boundary,32x32,15,15,0.015122778962055843,0.00045533888041973116,0.005484526976943016,0.009910330176353455,0.024000346660614014,0.035742066800594316,0.0,0.04277384281158447
DUP_G,131,capsule/test/squeeze/019.png,1,abnormal_normal,32x32,12,1001,0.006065774191920827,0.0,0.0010796189308166504,0.0029982924461364746,0.007748367264866829,0.022274278104305267,0.0,0.08038422465324402
DUP_G,131,capsule/test/squeeze/019.png,1,defect,32x32,12,23,0.015277372106261875,0.0024535983800888063,0.010331213474273682,0.013591557741165161,0.020234480500221252,0.03407534062862396,0.0003852248191833496,0.035121023654937744
DUP_G,131,capsule/test/squeeze/019.png,1,clean_defect,32x32,12,11,0.017138723622668873,0.009456314146518707,0.010675802826881409,0.013771355152130127,0.020234480500221252,0.03286474943161011,0.008910536766052246,0.035121023654937744
DUP_G,131,capsule/test/squeeze/019.png,1,boundary,32x32,12,12,0.013571133216222128,0.0015157803893089295,0.002696499228477478,0.012375880032777786,0.01728275790810585,0.033662240207195285,0.0003852248191833496,0.03416714072227478
TRI_G,0,capsule/test/crack/000.png,1,abnormal_normal,32x32,4,1017,0.009573202577008406,0.00037539824843406687,0.0030098184943199158,0.006855588406324387,0.012638866901397705,0.02849229425191879,0.0,0.1071622297167778
TRI_G,0,capsule/test/crack/000.png,1,defect,32x32,4,7,0.029793000646999905,0.010924504697322847,0.019103974103927612,0.028676986694335938,0.042504921555519104,0.04854298084974289,0.007591426372528076,0.04906480014324188
TRI_G,0,capsule/test/crack/000.png,1,clean_defect,32x32,4,3,0.03789560993512472,0.02957773208618164,0.03318071365356445,0.03768444061279297,0.042504921555519104,0.046361306309700014,0.028676986694335938,0.04732540249824524
TRI_G,0,capsule/test/crack/000.png,1,boundary,32x32,4,4,0.023716043680906296,0.009257965534925462,0.015924122184515,0.019103974103927612,0.02689589560031891,0.044631019234657274,0.007591426372528076,0.04906480014324188
TRI_G,1,capsule/test/crack/001.png,1,abnormal_normal,32x32,20,978,0.011441158272653575,0.00035507362335920336,0.003798644058406353,0.007998618297278881,0.015122316777706146,0.03480207920074463,0.0,0.09131266921758652
TRI_G,1,capsule/test/crack/001.png,1,defect,32x32,20,46,0.039954172366339226,0.011177066713571548,0.027111709117889404,0.039256803691387177,0.05277073383331299,0.06739091128110886,0.006737738847732544,0.07957452535629272
TRI_G,1,capsule/test/crack/001.png,1,clean_defect,32x32,20,26,0.045912749492205106,0.021753475069999695,0.03250826150178909,0.047021836042404175,0.060133956372737885,0.06739091128110886,0.01983782649040222,0.07620576024055481
TRI_G,1,capsule/test/crack/001.png,1,boundary,32x32,20,20,0.032208022102713584,0.009638112038373947,0.012901978567242622,0.03301513195037842,0.043674930930137634,0.06213378161191942,0.006737738847732544,0.07957452535629272
TRI_G,2,capsule/test/crack/002.png,1,abnormal_normal,32x32,4,1018,0.010658750144493984,0.0005068125203251839,0.0032319528982043266,0.007430833764374256,0.014175314456224442,0.03210547640919685,0.0,0.09975574910640717
TRI_G,2,capsule/test/crack/002.png,1,defect,32x32,4,6,0.023237877214948337,0.006407367996871471,0.020382574759423733,0.026095088571310043,0.03159300610423088,0.033068422228097916,0.0019134432077407837,0.033419594168663025
TRI_G,2,capsule/test/crack/002.png,1,clean_defect,32x32,4,2,0.031171105802059174,0.0304116852581501,0.030749205499887466,0.031171105802059174,0.03159300610423088,0.03193052634596825,0.03032730519771576,0.03201490640640259
TRI_G,2,capsule/test/crack/002.png,1,boundary,32x32,4,4,0.019271262921392918,0.004609798081219196,0.015395217575132847,0.02087600715458393,0.024752052500844002,0.031686085835099215,0.0019134432077407837,0.033419594168663025
TRI_G,3,capsule/test/crack/003.png,1,abnormal_normal,32x32,4,1017,0.010123528572185845,0.00030307769775390626,0.002698998898267746,0.0068924035876989365,0.012909194454550743,0.0326416045427322,0.0,0.08998430520296097
TRI_G,3,capsule/test/crack/003.png,1,defect,32x32,4,7,0.029721551707812717,0.010239818692207336,0.01439504325389862,0.032915160059928894,0.04274451732635498,0.04917249977588653,0.00926893949508667,0.05158764123916626
TRI_G,3,capsule/test/crack/003.png,1,clean_defect,32x32,4,3,0.031257246931393944,0.011633561551570892,0.021092049777507782,0.032915160059928894,0.04225140064954758,0.049720393121242525,0.00926893949508667,0.05158764123916626
TRI_G,3,capsule/test/crack/003.png,1,boundary,32x32,4,4,0.0285697802901268,0.01307215541601181,0.015339963138103485,0.0291183739900589,0.042348191142082214,0.04329937398433685,0.012505203485488892,0.04353716969490051
TRI_G,4,capsule/test/crack/004.png,1,abnormal_normal,32x32,9,1013,0.010062761224626113,0.00031232088804244995,0.0031269621104002,0.006806850433349609,0.01330801472067833,0.03078767955303192,0.0,0.07922052592039108
TRI_G,4,capsule/test/crack/004.png,1,defect,32x32,9,11,0.036317898468537765,0.01329898089170456,0.028556138277053833,0.03768402338027954,0.047660402953624725,0.05383431911468506,0.010084152221679688,0.05501237511634827
TRI_G,4,capsule/test/crack/004.png,1,clean_defect,32x32,9,2,0.029229864478111267,0.023489762842655183,0.02604091912508011,0.029229864478111267,0.032418809831142426,0.034969966113567355,0.02285197377204895,0.035607755184173584
TRI_G,4,capsule/test/crack/004.png,1,boundary,32x32,9,9,0.03789301713307699,0.012656015157699586,0.034260302782058716,0.03950542211532593,0.05061843991279602,0.0540699303150177,0.010084152221679688,0.05501237511634827
TRI_G,5,capsule/test/crack/005.png,1,abnormal_normal,32x32,7,1013,0.010051994273293789,0.0003580272197723389,0.0030015911906957626,0.006757041439414024,0.01350635476410389,0.029136163741350172,0.0,0.15102356672286987
TRI_G,5,capsule/test/crack/005.png,1,defect,32x32,7,11,0.019379501315680416,0.003995221108198166,0.006496172398328781,0.02286064624786377,0.027219265699386597,0.03746812790632248,0.0038791708648204803,0.04266133904457092
TRI_G,5,capsule/test/crack/005.png,1,clean_defect,32x32,7,4,0.03057599812746048,0.02310761287808418,0.024095479398965836,0.028391003608703613,0.03487152233719826,0.041103375703096384,0.02286064624786377,0.04266133904457092
TRI_G,5,capsule/test/crack/005.png,1,boundary,32x32,7,7,0.01298150313752038,0.0039488010108470915,0.0045492760837078094,0.008005063980817795,0.019978147000074387,0.027850366383790966,0.0038791708648204803,0.029931440949440002
TRI_G,6,capsule/test/crack/006.png,1,abnormal_normal,32x32,10,1009,0.009849535024653829,0.00043384321033954634,0.002935510128736496,0.006484430283308029,0.01280193030834198,0.02960080131888384,0.0,0.10824815183877945
TRI_G,6,capsule/test/crack/006.png,1,defect,32x32,10,15,0.03808364619811376,0.017115481197834015,0.0320332795381546,0.0385875403881073,0.04469946026802063,0.05517859011888503,0.002580404281616211,0.0594673752784729
TRI_G,6,capsule/test/crack/006.png,1,clean_defect,32x32,10,5,0.04509385228157044,0.03812984824180603,0.0385875403881073,0.04444846510887146,0.0449504554271698,0.056563991308212276,0.03801542520523071,0.0594673752784729
TRI_G,6,capsule/test/crack/006.png,1,boundary,32x32,10,10,0.03457854315638542,0.0119243822991848,0.029819637537002563,0.0343015193939209,0.04379057139158249,0.05253939367830753,0.002580404281616211,0.05334053933620453
TRI_G,7,capsule/test/crack/007.png,1,abnormal_normal,32x32,11,1009,0.010012058689784189,0.000526043400168419,0.0031137093901634216,0.006916781887412071,0.014115095138549805,0.02935383394360542,0.0,0.061990611255168915
TRI_G,7,capsule/test/crack/007.png,1,defect,32x32,11,15,0.013437856733798981,1.043081283569336e-08,0.005001924932003021,0.01059633493423462,0.026349380612373352,0.029369664192199708,0.0,0.029811054468154907
TRI_G,7,capsule/test/crack/007.png,1,clean_defect,32x32,11,4,0.017171062529087067,0.006093616783618927,0.008079148828983307,0.017074644565582275,0.026166558265686035,0.028383493423461914,0.005597233772277832,0.028937727212905884
TRI_G,7,capsule/test/crack/007.png,1,boundary,32x32,11,11,0.012080327353694222,7.450580596923828e-09,0.0022560283541679382,0.01059633493423462,0.019582822918891907,0.02949577569961548,0.0,0.029811054468154907
TRI_G,8,capsule/test/crack/008.png,1,abnormal_normal,32x32,9,1013,0.009832775471263142,0.0003599822521209717,0.0029632654041051865,0.006870873272418976,0.013694565743207932,0.02945500165224075,0.0,0.06234924867749214
TRI_G,8,capsule/test/crack/008.png,1,defect,32x32,9,11,0.026829381896690888,0.01111903041601181,0.01811683177947998,0.023233890533447266,0.03672954440116882,0.04807773977518082,0.010432939976453781,0.04926508665084839
TRI_G,8,capsule/test/crack/008.png,1,clean_defect,32x32,9,2,0.02630479633808136,0.024587686359882354,0.025350846350193024,0.02630479633808136,0.027258746325969696,0.028021906316280366,0.024396896362304688,0.028212696313858032
TRI_G,8,capsule/test/crack/008.png,1,boundary,32x32,9,9,0.026945956465270784,0.010981812328100204,0.017689645290374756,0.019406121224164963,0.045246392488479614,0.04831520915031433,0.010432939976453781,0.04926508665084839
TRI_G,9,capsule/test/crack/009.png,1,abnormal_normal,32x32,16,1005,0.00993289264794717,0.00046373605728149413,0.0030014924705028534,0.006874682381749153,0.013585807755589485,0.02835155427455902,0.0,0.12199732661247253
TRI_G,9,capsule/test/crack/009.png,1,defect,32x32,16,19,0.02165839860313817,0.003368086740374565,0.007430635392665863,0.015547022223472595,0.029259558767080307,0.061353999376296924,0.0017858147621154785,0.09112949669361115
TRI_G,9,capsule/test/crack/009.png,1,clean_defect,32x32,16,3,0.042976588010787964,0.01621764451265335,0.018900133669376373,0.02225324511528015,0.05669137090444565,0.08424187153577804,0.015547022223472595,0.09112949669361115
TRI_G,9,capsule/test/crack/009.png,1,boundary,32x32,16,16,0.017661238089203835,0.0031043747439980507,0.006368978880345821,0.011744968593120575,0.02726820297539234,0.042264487594366074,0.0017858147621154785,0.058045610785484314
TRI_G,10,capsule/test/crack/010.png,1,abnormal_normal,32x32,10,996,0.008970320921383768,0.00011266814544796944,0.002372408751398325,0.006522387731820345,0.012355810031294823,0.026504356414079666,0.0,0.09288983047008514
TRI_G,10,capsule/test/crack/010.png,1,defect,32x32,10,28,0.018076974233346327,0.0010686863213777544,0.009679075330495834,0.01609181798994541,0.023255696520209312,0.03475792706012725,0.0,0.061673298478126526
TRI_G,10,capsule/test/crack/010.png,1,clean_defect,32x32,10,18,0.01896148237089316,0.007087513804435731,0.012010199017822742,0.01766800321638584,0.027103666216135025,0.03280498087406158,0.0003788471221923828,0.03612498939037323
TRI_G,10,capsule/test/crack/010.png,1,boundary,32x32,10,10,0.016484859585762023,0.0010574173182249069,0.007339075207710266,0.013468392193317413,0.01896786503493786,0.043269193917512855,0.0,0.061673298478126526
TRI_G,11,capsule/test/crack/011.png,1,abnormal_normal,32x32,7,1013,0.01059289275220828,0.0007566653192043304,0.0033151917159557343,0.00749516487121582,0.014044508337974548,0.029668513312935827,0.0,0.1698186993598938
TRI_G,11,capsule/test/crack/011.png,1,defect,32x32,7,11,0.017644141208041798,0.0038789138197898865,0.0065036192536354065,0.01354515552520752,0.024177350103855133,0.04053816199302673,0.003724321722984314,0.04750525951385498
TRI_G,11,capsule/test/crack/011.png,1,clean_defect,32x32,7,4,0.024855829775333405,0.009694553911685944,0.01806367188692093,0.02215789258480072,0.028950050473213196,0.04379421770572661,0.007602274417877197,0.04750525951385498
TRI_G,11,capsule/test/crack/011.png,1,boundary,32x32,7,7,0.013523176312446594,0.0038170769810676576,0.004719235002994537,0.008793503046035767,0.01956743746995926,0.031176660954952234,0.003724321722984314,0.033571064472198486
TRI_G,12,capsule/test/crack/012.png,1,abnormal_normal,32x32,8,1013,0.010912092011385145,0.0004478283226490021,0.003426315262913704,0.007498523220419884,0.015472911298274994,0.03198176324367523,0.0,0.06357002258300781
TRI_G,12,capsule/test/crack/012.png,1,defect,32x32,8,11,0.020314588804136623,0.0035901200026273727,0.007409580051898956,0.015066094696521759,0.03554580360651016,0.04283066466450691,0.0027616284787654877,0.04394834488630295
TRI_G,12,capsule/test/crack/012.png,1,clean_defect,32x32,8,3,0.02867427219947179,0.007742336392402649,0.021037235856056213,0.03765586018562317,0.04080210253596306,0.04331909641623497,0.004418611526489258,0.04394834488630295
TRI_G,12,capsule/test/crack/012.png,1,boundary,32x32,8,8,0.017179707530885935,0.0033916143700480463,0.008833575993776321,0.013405364006757736,0.02178199589252472,0.03881595134735107,0.0027616284787654877,0.041712984442710876
TRI_G,13,capsule/test/crack/013.png,1,abnormal_normal,32x32,2,1022,0.009608707795787144,0.00029543102718889715,0.00252165412530303,0.006521871313452721,0.013185841962695122,0.02984219714999199,0.0,0.06242834031581879
TRI_G,13,capsule/test/crack/013.png,1,defect,32x32,2,2,0.0451449453830719,0.04095361828804016,0.04281643033027649,0.0451449453830719,0.04747346043586731,0.04933627247810364,0.04048791527748108,0.04980197548866272
TRI_G,13,capsule/test/crack/013.png,1,clean_defect,32x32,2,0,,,,,,,,
TRI_G,13,capsule/test/crack/013.png,1,boundary,32x32,2,2,0.0451449453830719,0.04095361828804016,0.04281643033027649,0.0451449453830719,0.04747346043586731,0.04933627247810364,0.04048791527748108,0.04980197548866272
TRI_G,14,capsule/test/crack/014.png,1,abnormal_normal,32x32,3,1020,0.010385898554095012,0.00022116010077297688,0.0028750950004905462,0.007441482041031122,0.014391393400728703,0.030852661654353124,0.0,0.07595755159854889
TRI_G,14,capsule/test/crack/014.png,1,defect,32x32,3,4,0.01161758229136467,0.0026295147836208344,0.00408582016825676,0.010093092918395996,0.017624855041503906,0.022739934921264644,0.002265438437461853,0.024018704891204834
TRI_G,14,capsule/test/crack/014.png,1,clean_defect,32x32,3,1,0.015493571758270264,0.015493571758270264,0.015493571758270264,0.015493571758270264,0.015493571758270264,0.015493571758270264,0.015493571758270264,0.015493571758270264
TRI_G,14,capsule/test/crack/014.png,1,boundary,32x32,3,3,0.010325585802396139,0.0025081560015678406,0.0034790262579917908,0.0046926140785217285,0.014355659484863281,0.02208609580993652,0.002265438437461853,0.024018704891204834
TRI_G,15,capsule/test/crack/015.png,1,abnormal_normal,32x32,6,1006,0.010326083815725109,0.0004134546034038067,0.0031152297742664814,0.007246237248182297,0.013579266611486673,0.03049057349562645,0.0,0.10527223348617554
TRI_G,15,capsule/test/crack/015.png,1,defect,32x32,6,18,0.03321078999174966,0.020090748369693757,0.025955669581890106,0.03100048005580902,0.038919150829315186,0.04887235239148138,0.019698888063430786,0.060729071497917175
TRI_G,15,capsule/test/crack/015.png,1,clean_defect,32x32,6,12,0.03326542178789774,0.02034785896539688,0.026997976005077362,0.0327267199754715,0.04004489630460739,0.045999765396118164,0.020159900188446045,0.04677999019622803
TRI_G,15,capsule/test/crack/015.png,1,boundary,32x32,6,6,0.03310152639945348,0.020919550210237503,0.024911802262067795,0.02865348756313324,0.03507060930132866,0.05461997538805008,0.019698888063430786,0.060729071497917175
TRI_G,16,capsule/test/crack/016.png,1,abnormal_normal,32x32,6,1016,0.009965591798591479,0.000329137546941638,0.0028916606679558754,0.006946149282157421,0.013397654984146357,0.030563551001250744,0.0,0.07743015885353088
TRI_G,16,capsule/test/crack/016.png,1,defect,32x32,6,8,0.026902149664238095,0.0005415886640548706,0.0036323373205959797,0.03301224112510681,0.04576710984110832,0.04952661488205194,0.0,0.05057312920689583
TRI_G,16,capsule/test/crack/016.png,1,clean_defect,32x32,6,2,0.03926724195480347,0.033962154388427736,0.03631997108459473,0.03926724195480347,0.04221451282501221,0.0445723295211792,0.033372700214385986,0.04516178369522095
TRI_G,16,capsule/test/crack/016.png,1,boundary,32x32,6,6,0.022780452234049637,0.000386849045753479,0.0022423765622079372,0.01848954986780882,0.043850261718034744,0.04982561897486448,0.0,0.05057312920689583
TRI_G,17,capsule/test/crack/017.png,1,abnormal_normal,32x32,7,1012,0.010021895229569802,0.0004434337839484215,0.002914195181801915,0.006936222314834595,0.01422321842983365,0.029237469285726528,0.0,0.07510030269622803
TRI_G,17,capsule/test/crack/017.png,1,defect,32x32,7,12,0.03644052582482497,0.014740508794784547,0.02416938729584217,0.04198993742465973,0.04687104374170303,0.05378233790397644,0.011639147996902466,0.05441051721572876
TRI_G,17,capsule/test/crack/017.png,1,clean_defect,32x32,7,5,0.04022899270057678,0.022006416320800783,0.040920138359069824,0.043152958154678345,0.0465255081653595,0.051919800043106076,0.01727798581123352,0.053268373012542725
TRI_G,17,capsule/test/crack/017.png,1,boundary,32x32,7,7,0.03373447805643082,0.014991846680641175,0.023717861622571945,0.031688570976257324,0.04548369348049164,0.05245965719223022,0.011639147996902466,0.05441051721572876
TRI_G,18,capsule/test/crack/018.png,1,abnormal_normal,32x32,5,1017,0.010327344646287264,0.00045383460819721223,0.0031341928988695145,0.0072985123842954636,0.014598431065678596,0.029854712635278693,0.0,0.07297394424676895
TRI_G,18,capsule/test/crack/018.png,1,defect,32x32,5,7,0.021504923701286316,0.009396684169769288,0.01916615664958954,0.022287458181381226,0.026213280856609344,0.030814284086227415,0.006124943494796753,0.03136318922042847
TRI_G,18,capsule/test/crack/018.png,1,clean_defect,32x32,5,2,0.030448347330093384,0.029624989628791808,0.029990926384925842,0.030448347330093384,0.030905768275260925,0.03127170503139496,0.0295335054397583,0.03136318922042847
TRI_G,18,capsule/test/crack/018.png,1,boundary,32x32,5,5,0.01792755424976349,0.008306103944778442,0.0170307457447052,0.021301567554473877,0.022287458181381226,0.022771936655044556,0.006124943494796753,0.022893056273460388
TRI_G,19,capsule/test/crack/019.png,1,abnormal_normal,32x32,4,1017,0.010673352025427298,0.0005957446992397308,0.0033415593206882477,0.0075785331428050995,0.0138995461165905,0.03218034058809279,0.0,0.09282435476779938
TRI_G,19,capsule/test/crack/019.png,1,defect,32x32,4,7,0.03466647969824927,0.011299484968185426,0.036681145429611206,0.0380798876285553,0.038402922451496124,0.04909805133938788,0.0008566975593566895,0.053560636937618256
TRI_G,19,capsule/test/crack/019.png,1,clean_defect,32x32,4,3,0.02506934603055318,0.004337626695632935,0.018261343240737915,0.03566598892211914,0.03717567026615143,0.03838341534137726,0.0008566975593566895,0.038685351610183716
TRI_G,19,capsule/test/crack/019.png,1,boundary,32x32,4,4,0.04186432994902134,0.03775383979082107,0.03798399120569229,0.038100190460681915,0.04198052920401096,0.051244615390896794,0.03769630193710327,0.053560636937618256
TRI_G,20,capsule/test/crack/020.png,1,abnormal_normal,32x32,2,1022,0.010094699994551561,0.00017691641114652156,0.0027416656957939267,0.006838959641754627,0.013672436587512493,0.030737794749438736,0.0,0.0884653776884079
TRI_G,20,capsule/test/crack/020.png,1,defect,32x32,2,2,0.01301148533821106,0.01136452853679657,0.012096509337425232,0.01301148533821106,0.013926461338996887,0.01465844213962555,0.011181533336639404,0.014841437339782715
TRI_G,20,capsule/test/crack/020.png,1,clean_defect,32x32,2,0,,,,,,,,
TRI_G,20,capsule/test/crack/020.png,1,boundary,32x32,2,2,0.01301148533821106,0.01136452853679657,0.012096509337425232,0.01301148533821106,0.013926461338996887,0.01465844213962555,0.011181533336639404,0.014841437339782715
TRI_G,21,capsule/test/crack/021.png,1,abnormal_normal,32x32,4,1020,0.010670047132389657,0.00042944378219544893,0.003063337178900838,0.0071471258997917175,0.014419442508369684,0.03320594336837529,0.0,0.10122521966695786
TRI_G,21,capsule/test/crack/021.png,1,defect,32x32,4,4,0.027275417000055313,0.013127781450748444,0.020081229507923126,0.02748364955186844,0.034677837044000626,0.041131526976823804,0.011389419436454773,0.0427449494600296
TRI_G,21,capsule/test/crack/021.png,1,clean_defect,32x32,4,0,,,,,,,,
TRI_G,21,capsule/test/crack/021.png,1,boundary,32x32,4,4,0.027275417000055313,0.013127781450748444,0.020081229507923126,0.02748364955186844,0.034677837044000626,0.041131526976823804,0.011389419436454773,0.0427449494600296
TRI_G,22,capsule/test/crack/022.png,1,abnormal_normal,32x32,3,1021,0.009095565143180875,0.00038005970418453217,0.002448083832859993,0.005691707134246826,0.012265089899301529,0.028727315366268158,0.0,0.07316268980503082
TRI_G,22,capsule/test/crack/022.png,1,defect,32x32,3,3,0.024944742520650227,0.017118938267230988,0.017920471727848053,0.018922388553619385,0.02895783632993698,0.03698619455099106,0.01691855490207672,0.03899328410625458
TRI_G,22,capsule/test/crack/022.png,1,clean_defect,32x32,3,0,,,,,,,,
TRI_G,22,capsule/test/crack/022.png,1,boundary,32x32,3,3,0.024944742520650227,0.017118938267230988,0.017920471727848053,0.018922388553619385,0.02895783632993698,0.03698619455099106,0.01691855490207672,0.03899328410625458
TRI_G,23,capsule/test/faulty_imprint/000.png,1,abnormal_normal,32x32,4,1017,0.010720619076502123,0.00029344558715820317,0.0033173365518450737,0.007323702797293663,0.014724038541316986,0.03076789751648902,0.0,0.09142697602510452
TRI_G,23,capsule/test/faulty_imprint/000.png,1,defect,32x32,4,7,0.03249060522232737,0.009796100109815598,0.015725744888186455,0.02156919240951538,0.046398743987083435,0.06721504032611846,0.00778111070394516,0.07383495569229126
TRI_G,23,capsule/test/faulty_imprint/000.png,1,clean_defect,32x32,4,3,0.055544147888819374,0.04210288226604462,0.046398743987083435,0.05176857113838196,0.06280176341533661,0.07162831723690033,0.04102891683578491,0.07383495569229126
TRI_G,23,capsule/test/faulty_imprint/000.png,1,boundary,32x32,4,4,0.015200448222458363,0.008788605406880378,0.012818584218621254,0.015725744888186455,0.018107608892023563,0.020876875706017015,0.00778111070394516,0.02156919240951538
TRI_G,24,capsule/test/faulty_imprint/001.png,1,abnormal_normal,32x32,3,1018,0.01017859970102332,0.00014430545270442964,0.0027466677129268646,0.007077794522047043,0.013442812021821737,0.029798851534724235,0.0,0.09862136095762253
TRI_G,24,capsule/test/faulty_imprint/001.png,1,defect,32x32,3,6,0.047523319721221924,0.022569574415683746,0.03019864857196808,0.0373314693570137,0.06326751410961151,0.08542120829224586,0.020628303289413452,0.0901147723197937
TRI_G,24,capsule/test/faulty_imprint/001.png,1,clean_defect,32x32,3,3,0.028212040662765503,0.02140481173992157,0.02451084554195404,0.02839338779449463,0.03200390934944153,0.034892326593399046,0.020628303289413452,0.03561443090438843
TRI_G,24,capsule/test/faulty_imprint/001.png,1,boundary,32x32,3,3,0.06683459877967834,0.042277708649635315,0.055194512009620667,0.07134051620960236,0.08072764426469803,0.08823734670877456,0.03904850780963898,0.0901147723197937
TRI_G,25,capsule/test/faulty_imprint/002.png,1,abnormal_normal,32x32,4,1017,0.009537324199916368,0.0002009093761444092,0.002697370946407318,0.006974261254072189,0.013496600091457367,0.026919420808553692,0.0,0.06477813422679901
TRI_G,25,capsule/test/faulty_imprint/002.png,1,defect,32x32,4,7,0.02547048032283783,0.011378292366862297,0.015083670616149902,0.025470159947872162,0.03638085722923279,0.038723140954971313,0.011105380952358246,0.03878876566886902
TRI_G,25,capsule/test/faulty_imprint/002.png,1,clean_defect,32x32,4,3,0.0371834933757782,0.03462952971458435,0.03638085722923279,0.038570016622543335,0.03867939114570618,0.03876689076423645,0.03419169783592224,0.03878876566886902
TRI_G,25,capsule/test/faulty_imprint/002.png,1,boundary,32x32,4,4,0.016685720533132553,0.01124183665961027,0.011787659488618374,0.015083670616149902,0.01998173166066408,0.024372474290430542,0.011105380952358246,0.025470159947872162
TRI_G,26,capsule/test/faulty_imprint/003.png,1,abnormal_normal,32x32,6,1016,0.00965517714498638,0.00028663454577326775,0.0027952154050581157,0.006680273450911045,0.012573040556162596,0.02944076433777809,0.0,0.14980857074260712
TRI_G,26,capsule/test/faulty_imprint/003.png,1,defect,32x32,6,8,0.017624811735004187,0.007251135632395744,0.01063588261604309,0.01227879524230957,0.0210545863956213,0.03709101974964142,0.005624692887067795,0.037527382373809814
TRI_G,26,capsule/test/faulty_imprint/003.png,1,clean_defect,32x32,6,2,0.03690400719642639,0.03634296953678131,0.03659231960773468,0.03690400719642639,0.0372156947851181,0.037465044856071474,0.03628063201904297,0.037527382373809814
TRI_G,26,capsule/test/faulty_imprint/003.png,1,boundary,32x32,6,6,0.011198413247863451,0.006786437705159187,0.01039307564496994,0.011164302006363869,0.01263253390789032,0.015230996534228325,0.005624692887067795,0.015979237854480743
TRI_G,27,capsule/test/faulty_imprint/004.png,1,abnormal_normal,32x32,15,967,0.00964485875483999,0.00026210229843854905,0.0027806079015135765,0.006728349253535271,0.013562840409576893,0.028096829727292043,0.0,0.07566100358963013
TRI_G,27,capsule/test/faulty_imprint/004.png,1,defect,32x32,15,57,0.020500150035347855,0.0033156819641590126,0.0110182985663414,0.01797942817211151,0.02412175014615059,0.05181760787963867,0.0,0.08715063333511353
TRI_G,27,capsule/test/faulty_imprint/004.png,1,clean_defect,32x32,15,42,0.02194166946269217,0.003878146782517434,0.012492803856730461,0.01974891871213913,0.027401497587561607,0.05113841034471985,0.0,0.08715063333511353
TRI_G,27,capsule/test/faulty_imprint/004.png,1,boundary,32x32,15,15,0.01646389563878377,0.00415380708873272,0.007931506261229515,0.013994306325912476,0.01963457651436329,0.03767069950699804,0.0015169419348239899,0.05283662676811218
TRI_G,28,capsule/test/faulty_imprint/005.png,1,abnormal_normal,32x32,16,969,0.009550721521063548,8.20960849523545e-05,0.0024804696440696716,0.006271641701459885,0.012481950223445892,0.03016778305172919,0.0,0.09629864990711212
TRI_G,28,capsule/test/faulty_imprint/005.png,1,defect,32x32,16,55,0.025468898564577104,0.004362966120243073,0.011261940002441406,0.01715981960296631,0.0317839290946722,0.06777433380484577,7.450580596923828e-09,0.10689322650432587
TRI_G,28,capsule/test/faulty_imprint/005.png,1,clean_defect,32x32,16,39,0.02696670658695392,0.008526572585105897,0.011708946898579597,0.02104099839925766,0.033766260370612144,0.06534835249185567,7.450580596923828e-09,0.10689322650432587
TRI_G,28,capsule/test/faulty_imprint/005.png,1,boundary,32x32,16,16,0.021817991510033607,0.003484840504825115,0.010641043074429035,0.013770820572972298,0.03020278364419937,0.05185457319021225,0.0005283169448375702,0.07956197112798691
TRI_G,29,capsule/test/faulty_imprint/006.png,1,abnormal_normal,32x32,4,1018,0.00981938588128321,0.0007336732000112533,0.0032147380989044905,0.007100771181285381,0.013414648361504078,0.028340439125895497,0.0,0.07648604363203049
TRI_G,29,capsule/test/faulty_imprint/006.png,1,defect,32x32,4,6,0.021607631196578343,0.016825608909130096,0.01757807284593582,0.020394645631313324,0.023387707769870758,0.02930445782840252,0.0166911780834198,0.031140707433223724
TRI_G,29,capsule/test/faulty_imprint/006.png,1,clean_defect,32x32,4,2,0.016960039734840393,0.01671806424856186,0.016825608909130096,0.016960039734840393,0.01709447056055069,0.017202015221118926,0.0166911780834198,0.017228901386260986
TRI_G,29,capsule/test/faulty_imprint/006.png,1,boundary,32x32,4,4,0.02393142692744732,0.019156304746866228,0.021279174834489822,0.022979706525802612,0.02563195861876011,0.030038957670330997,0.018625587224960327,0.031140707433223724
TRI_G,30,capsule/test/faulty_imprint/007.png,1,abnormal_normal,32x32,8,1014,0.009892354709467312,0.00031241858378052724,0.0029499828815460205,0.007297378033399582,0.013914930168539286,0.027910096198320383,0.0,0.061839163303375244
TRI_G,30,capsule/test/faulty_imprint/007.png,1,defect,32x32,8,10,0.022674015909433364,0.0037160953506827354,0.013476327992975712,0.019692927598953247,0.034467196092009544,0.04683031141757964,0.002986811101436615,0.051261454820632935
TRI_G,30,capsule/test/faulty_imprint/007.png,1,clean_defect,32x32,8,2,0.04017047584056854,0.039050881564617154,0.03954847902059555,0.04017047584056854,0.040792472660541534,0.04129007011651993,0.03892648220062256,0.041414469480514526
TRI_G,30,capsule/test/faulty_imprint/007.png,1,boundary,32x32,8,8,0.01829990092664957,0.0035540321841835976,0.011215738020837307,0.016115477308630943,0.02087586186826229,0.040701213851571064,0.002986811101436615,0.051261454820632935
TRI_G,31,capsule/test/faulty_imprint/008.png,1,abnormal_normal,32x32,7,1015,0.010531936551265308,0.00021800175309181217,0.0027654794976115227,0.007070284336805344,0.014255590736865997,0.03351949714124201,0.0,0.11325301229953766
TRI_G,31,capsule/test/faulty_imprint/008.png,1,defect,32x32,7,9,0.03389081358909607,0.014097556471824646,0.026215143501758575,0.03786742687225342,0.04074855148792267,0.04913951158523559,0.008967176079750061,0.049429744482040405
TRI_G,31,capsule/test/faulty_imprint/008.png,1,clean_defect,32x32,7,2,0.038536787033081055,0.03793436288833618,0.038202106952667236,0.038536787033081055,0.03887146711349487,0.03913921117782593,0.03786742687225342,0.03920614719390869
TRI_G,31,capsule/test/faulty_imprint/008.png,1,boundary,32x32,7,7,0.03256339260510036,0.012814961373806,0.02400413528084755,0.0320858433842659,0.044726356863975525,0.0492120698094368,0.008967176079750061,0.049429744482040405
TRI_G,32,capsule/test/faulty_imprint/009.png,1,abnormal_normal,32x32,6,1016,0.009637086374014177,0.00012922845780849457,0.00261301314458251,0.00650580832734704,0.0133610088378191,0.0294746533036232,0.0,0.08167829364538193
TRI_G,32,capsule/test/faulty_imprint/009.png,1,defect,32x32,6,8,0.023202682379633188,0.005341903492808342,0.014529597014188766,0.015133177861571312,0.030814804136753082,0.05183481574058532,0.0008626803755760193,0.05798828601837158
TRI_G,32,capsule/test/faulty_imprint/009.png,1,clean_defect,32x32,6,2,0.03582437336444855,0.015876851975917816,0.02474241703748703,0.03582437336444855,0.046906329691410065,0.05577189475297928,0.013660460710525513,0.05798828601837158
TRI_G,32,capsule/test/faulty_imprint/009.png,1,boundary,32x32,6,6,0.0189954520513614,0.004351837560534477,0.014855722896754742,0.015133177861571312,0.024538416415452957,0.037209562957286835,0.0008626803755760193,0.04040694236755371
TRI_G,33,capsule/test/faulty_imprint/010.png,1,abnormal_normal,32x32,3,1018,0.011059998155412335,0.0007412832230329514,0.003512144088745117,0.007961532101035118,0.014409171417355537,0.03276137914508581,0.0,0.13765272498130798
TRI_G,33,capsule/test/faulty_imprint/010.png,1,defect,32x32,3,6,0.029195228591561317,0.005235639400780201,0.0080319344997406,0.013214528560638428,0.03801591694355011,0.08002737164497375,0.0047219060361385345,0.09143295884132385
TRI_G,33,capsule/test/faulty_imprint/010.png,1,clean_defect,32x32,3,3,0.011068632205327352,0.0072788774967193605,0.009287029504776001,0.011797219514846802,0.013214528560638428,0.014348375797271728,0.0067768394947052,0.014631837606430054
TRI_G,33,capsule/test/faulty_imprint/010.png,1,boundary,32x32,3,3,0.04732182497779528,0.008830776438117027,0.025266258046030998,0.04581061005592346,0.06862178444862366,0.08687072396278381,0.0047219060361385345,0.09143295884132385
TRI_G,34,capsule/test/faulty_imprint/011.png,1,abnormal_normal,32x32,3,1020,0.01066655413562651,0.0005576175637543202,0.0035085398703813553,0.008117885328829288,0.014045998454093933,0.030417961627244944,0.0,0.0804499015212059
TRI_G,34,capsule/test/faulty_imprint/011.png,1,defect,32x32,3,4,0.02315370738506317,0.012526939809322356,0.0132632777094841,0.02059340476989746,0.030483834445476532,0.03736489862203598,0.012342855334281921,0.03908516466617584
TRI_G,34,capsule/test/faulty_imprint/011.png,1,clean_defect,32x32,3,1,0.03908516466617584,0.03908516466617584,0.03908516466617584,0.03908516466617584,0.03908516466617584,0.03908516466617584,0.03908516466617584,0.03908516466617584
TRI_G,34,capsule/test/faulty_imprint/011.png,1,boundary,32x32,3,3,0.01784322162469228,0.012465578317642213,0.012956470251083374,0.013570085167884827,0.02059340476989746,0.026212060451507566,0.012342855334281921,0.027616724371910095
TRI_G,35,capsule/test/faulty_imprint/012.png,1,abnormal_normal,32x32,6,1010,0.009975969849043701,0.00046060769818723207,0.0033060628920793533,0.0076218764297664165,0.013795556733384728,0.027759267948567857,0.0,0.07529857009649277
TRI_G,35,capsule/test/faulty_imprint/012.png,1,defect,32x32,6,14,0.020232215789811953,0.005286558531224728,0.014330788515508175,0.02017975226044655,0.02476053684949875,0.039124845713376995,0.004370152950286865,0.04260936379432678
TRI_G,35,capsule/test/faulty_imprint/012.png,1,clean_defect,32x32,6,8,0.02305891504511237,0.0048636021092534065,0.014622862450778484,0.02388884127140045,0.03114844113588333,0.04073308482766151,0.004370152950286865,0.04260936379432678
TRI_G,35,capsule/test/faulty_imprint/012.png,1,boundary,32x32,6,6,0.016463283449411392,0.008653598837554455,0.014334870502352715,0.018812650814652443,0.020250381901860237,0.020426249131560326,0.007121168076992035,0.020461328327655792
TRI_G,36,capsule/test/faulty_imprint/013.png,1,abnormal_normal,32x32,10,1012,0.01129052283130991,0.00022262567654252058,0.0032988199964165688,0.007767627947032452,0.015584558714181185,0.036887197382748094,0.0,0.09314258396625519
TRI_G,36,capsule/test/faulty_imprint/013.png,1,defect,32x32,10,12,0.03013203851878643,0.0018952367827296257,0.021615550853312016,0.032673127949237823,0.03934096544981003,0.055275285989046095,0.0018730983138084412,0.05535787343978882
TRI_G,36,capsule/test/faulty_imprint/013.png,1,clean_defect,32x32,10,2,0.029975995421409607,0.027316813170909882,0.02849867194890976,0.029975995421409607,0.031453318893909454,0.032635177671909335,0.027021348476409912,0.0329306423664093
TRI_G,36,capsule/test/faulty_imprint/013.png,1,boundary,32x32,10,10,0.030163247138261795,0.0018912116065621376,0.011961012147367,0.03391960263252258,0.04305253177881241,0.05529030188918114,0.0018730983138084412,0.05535787343978882
TRI_G,37,capsule/test/faulty_imprint/014.png,1,abnormal_normal,32x32,11,1009,0.01176536493640249,0.0006948951631784439,0.0033986978232860565,0.008156558498740196,0.01550203561782837,0.03526828959584235,0.0,0.10852166265249252
TRI_G,37,capsule/test/faulty_imprint/014.png,1,defect,32x32,11,15,0.03250314916173617,0.012263870611786843,0.024786971509456635,0.028164595365524292,0.035778842866420746,0.056938027590513196,0.010798078030347824,0.07753444463014603
TRI_G,37,capsule/test/faulty_imprint/014.png,1,clean_defect,32x32,11,4,0.029813721776008606,0.024852971732616424,0.027190588414669037,0.03076593577861786,0.03338906913995743,0.03344137221574783,0.02426856756210327,0.033454447984695435
TRI_G,37,capsule/test/faulty_imprint/014.png,1,boundary,32x32,11,11,0.033481122756546196,0.011845072731375694,0.024468757212162018,0.027129679918289185,0.04166083782911301,0.06282271817326546,0.010798078030347824,0.07753444463014603
TRI_G,38,capsule/test/faulty_imprint/015.png,1,abnormal_normal,32x32,4,1019,0.010428016000656709,0.0006257418543100358,0.0032353801652789116,0.007255794480443001,0.014112623408436775,0.03020517099648712,0.0,0.07485802471637726
TRI_G,38,capsule/test/faulty_imprint/015.png,1,defect,32x32,4,5,0.04150435924530029,0.01646738648414612,0.02878740429878235,0.031318098306655884,0.052137941122055054,0.0759403645992279,0.01338738203048706,0.08189097046852112
TRI_G,38,capsule/test/faulty_imprint/015.png,1,clean_defect,32x32,4,1,0.08189097046852112,0.08189097046852112,0.08189097046852112,0.08189097046852112,0.08189097046852112,0.08189097046852112,0.08189097046852112,0.08189097046852112
TRI_G,38,capsule/test/faulty_imprint/015.png,1,boundary,32x32,4,4,0.03140770643949509,0.015697385370731353,0.024937398731708527,0.030052751302719116,0.036523059010505676,0.04901496469974517,0.01338738203048706,0.052137941122055054
TRI_G,39,capsule/test/faulty_imprint/016.png,1,abnormal_normal,32x32,6,1016,0.010884101156559663,0.00042202044278383255,0.0030595757998526096,0.007773340679705143,0.014756869990378618,0.032477445900440216,0.0,0.08190470933914185
TRI_G,39,capsule/test/faulty_imprint/016.png,1,defect,32x32,6,8,0.03290772391483188,0.012097261287271977,0.01855089608579874,0.031435057520866394,0.04190227761864662,0.0608868934214115,0.010797880589962006,0.0699680894613266
TRI_G,39,capsule/test/faulty_imprint/016.png,1,clean_defect,32x32,6,2,0.031435057520866394,0.028141801059246064,0.029605470597743988,0.031435057520866394,0.0332646444439888,0.03472831398248673,0.027775883674621582,0.035094231367111206
TRI_G,39,capsule/test/faulty_imprint/016.png,1,boundary,32x32,6,6,0.03339861271282037,0.011726009659469128,0.015857229940593243,0.030546747148036957,0.043315302580595016,0.06348152086138725,0.010797880589962006,0.0699680894613266
TRI_G,40,capsule/test/faulty_imprint/017.png,1,abnormal_normal,32x32,6,1015,0.010578063608656449,0.0003818755969405174,0.0036425814032554626,0.007801417261362076,0.014841808006167412,0.028725131787359703,0.0,0.09800073504447937
TRI_G,40,capsule/test/faulty_imprint/017.png,1,defect,32x32,6,9,0.03428268929322561,0.012083980441093444,0.018986903131008148,0.03741900622844696,0.04701218008995056,0.05781118869781494,0.008506447076797485,0.05894780158996582
TRI_G,40,capsule/test/faulty_imprint/017.png,1,clean_defect,32x32,6,3,0.054022083679835,0.047921589016914366,0.05155922472476959,0.05610626935958862,0.05752703547477722,0.0586636483669281,0.04701218008995056,0.05894780158996582
TRI_G,40,capsule/test/faulty_imprint/017.png,1,boundary,32x32,6,6,0.02441299209992091,0.01074240542948246,0.017834436148405075,0.022679414600133896,0.03465723618865013,0.03766229376196861,0.008506447076797485,0.03774338960647583
TRI_G,41,capsule/test/faulty_imprint/018.png,1,abnormal_normal,32x32,6,1016,0.010733421649930514,0.000572508666664362,0.003376774489879608,0.00745223113335669,0.01436824444681406,0.031646450981497765,0.0,0.10841904580593109
TRI_G,41,capsule/test/faulty_imprint/018.png,1,defect,32x32,6,8,0.022609204053878784,0.007833382673561573,0.010247387923300266,0.02029791660606861,0.029082566499710083,0.045621059834957116,0.007516704499721527,0.05119982361793518
TRI_G,41,capsule/test/faulty_imprint/018.png,1,clean_defect,32x32,6,2,0.04323016107082367,0.03605746477842331,0.039245329797267914,0.04323016107082367,0.047214992344379425,0.05040285736322403,0.03526049852371216,0.05119982361793518
TRI_G,41,capsule/test/faulty_imprint/018.png,1,boundary,32x32,6,6,0.015735551714897156,0.00774290319532156,0.009030128829181194,0.01412377879023552,0.0217511048540473,0.02606851514428854,0.007516704499721527,0.027023255825042725
TRI_G,42,capsule/test/faulty_imprint/019.png,1,abnormal_normal,32x32,6,1017,0.010284369619107177,0.0004239335656166077,0.0032809972763061523,0.007402023300528526,0.013980112969875336,0.030802163481712337,0.0,0.08258886635303497
TRI_G,42,capsule/test/faulty_imprint/019.png,1,defect,32x32,6,7,0.018338924007756368,0.006586113944649696,0.00965338945388794,0.01649366319179535,0.025564052164554596,0.034613832831382745,0.0053170546889305115,0.036126866936683655
TRI_G,42,capsule/test/faulty_imprint/019.png,1,clean_defect,32x32,6,1,0.031083419919013977,0.031083419919013977,0.031083419919013977,0.031083419919013977,0.031083419919013977,0.031083419919013977,0.031083419919013977,0.031083419919013977
TRI_G,42,capsule/test/faulty_imprint/019.png,1,boundary,32x32,6,6,0.0162148413558801,0.006374604068696499,0.0096003208309412,0.013126594945788383,0.01915692910552025,0.032106321305036545,0.0053170546889305115,0.036126866936683655
TRI_G,43,capsule/test/faulty_imprint/020.png,1,abnormal_normal,32x32,3,1018,0.009461931138681816,0.00013240813277661803,0.0024310501758009195,0.006228388287127018,0.01274804025888443,0.028869393840432165,0.0,0.10647179186344147
TRI_G,43,capsule/test/faulty_imprint/020.png,1,defect,32x32,3,6,0.04645223915576935,0.026639331132173538,0.036166008561849594,0.04341805726289749,0.05255573242902756,0.07259351760149002,0.02365429699420929,0.07887274026870728
TRI_G,43,capsule/test/faulty_imprint/020.png,1,clean_defect,32x32,3,3,0.06052799026171366,0.04943542778491974,0.05135561525821686,0.05375584959983826,0.06631429493427277,0.07636105120182037,0.04895538091659546,0.07887274026870728
TRI_G,43,capsule/test/faulty_imprint/020.png,1,boundary,32x32,3,3,0.032376488049825035,0.024848310649394988,0.029624365270137787,0.035594433546066284,0.036737583577632904,0.0376521036028862,0.02365429699420929,0.037880733609199524
TRI_G,44,capsule/test/faulty_imprint/021.png,1,abnormal_normal,32x32,3,1018,0.00924237320210587,0.00015318007208406926,0.0024346711579710245,0.006293883081525564,0.012811772525310516,0.02935743648558855,0.0,0.08702895790338516
TRI_G,44,capsule/test/faulty_imprint/021.png,1,defect,32x32,3,6,0.05183373888333639,0.03720041364431381,0.04589144513010979,0.05013555288314819,0.061040446162223816,0.06627200543880463,0.034734323620796204,0.06684485077857971
TRI_G,44,capsule/test/faulty_imprint/021.png,1,clean_defect,32x32,3,3,0.06063323219617208,0.051906585693359375,0.05752742290496826,0.06455346941947937,0.06569916009902954,0.06661571264266967,0.05050137639045715,0.06684485077857971
TRI_G,44,capsule/test/faulty_imprint/021.png,1,boundary,32x32,3,3,0.043034245570500694,0.03572075963020325,0.03966650366783142,0.04459868371486664,0.047184206545352936,0.04925262480974198,0.034734323620796204,0.04976972937583923
TRI_G,45,capsule/test/good/000.png,0,normal_image,32x32,0,1024,0.009796635784823593,0.00032019931823015215,0.0028678770177066326,0.006833376828581095,0.013547953218221664,0.02705722991377114,0.0,0.14025570452213287
TRI_G,46,capsule/test/good/001.png,0,normal_image,32x32,0,1024,0.009037645097123459,0.00010019103065133096,0.002144441124983132,0.005788259208202362,0.012126471381634474,0.028563993796706166,0.0,0.10399508476257324
TRI_G,47,capsule/test/good/002.png,0,normal_image,32x32,0,1024,0.010712950524521148,0.0005985334049910308,0.002902289154008031,0.007286948151886463,0.014613866806030273,0.03300943635404109,0.0,0.07830021530389786
TRI_G,48,capsule/test/good/003.png,0,normal_image,32x32,0,1024,0.009569593644300767,0.0002155491150915623,0.003104184754192829,0.00689691212028265,0.013469713274389505,0.027408359386026857,0.0,0.07227320969104767
TRI_G,49,capsule/test/good/004.png,0,normal_image,32x32,0,1024,0.009913829032939248,0.00023480490781366826,0.0030417349189519882,0.006926518864929676,0.013789664953947067,0.030225276481360187,0.0,0.08884205669164658
TRI_G,50,capsule/test/good/005.png,0,normal_image,32x32,0,1024,0.009763052101789071,0.00043976241722702984,0.0027421265840530396,0.006551901809871197,0.013239085441455245,0.030378839187324043,0.0,0.07029339671134949
TRI_G,51,capsule/test/good/006.png,0,normal_image,32x32,0,1024,0.010007092018440744,0.00018395637162029756,0.0031111505813896656,0.006962248124182224,0.013797429390251637,0.02837615702301263,0.0,0.0876154825091362
TRI_G,52,capsule/test/good/007.png,0,normal_image,32x32,0,1024,0.010215047102519748,0.0005511505994945765,0.003400525776669383,0.007634183391928673,0.013915221206843853,0.029675443097949023,0.0,0.07523347437381744
TRI_G,53,capsule/test/good/008.png,0,normal_image,32x32,0,1024,0.010024003729085962,0.0003596750088036061,0.003037543036043644,0.006971975788474083,0.01404702733270824,0.03167890477925536,0.0,0.06368231773376465
TRI_G,54,capsule/test/good/009.png,0,normal_image,32x32,0,1024,0.010094651864847037,0.0003652747254818678,0.003041965886950493,0.00721951387822628,0.013829260133206844,0.02906468380242584,0.0,0.08031706511974335
TRI_G,55,capsule/test/good/010.png,0,normal_image,32x32,0,1024,0.009671603168726506,0.0002467595040798187,0.002917761681601405,0.007090619765222073,0.013589262962341309,0.027488384023308752,0.0,0.06802865117788315
TRI_G,56,capsule/test/good/011.png,0,normal_image,32x32,0,1024,0.009718158478790428,0.000446084700524807,0.002931501716375351,0.006521216593682766,0.012929868884384632,0.02979347547516225,0.0,0.08856021612882614
TRI_G,57,capsule/test/good/012.png,0,normal_image,32x32,0,1024,0.010191546077294333,0.0005601819604635239,0.0032352858688682318,0.007205985486507416,0.013666832819581032,0.03020478636026381,0.0,0.06942474842071533
TRI_G,58,capsule/test/good/013.png,0,normal_image,32x32,0,1024,0.009452014572843837,0.00018788548186421413,0.0024369109887629747,0.006437391508370638,0.012593936640769243,0.030640406161546705,0.0,0.08368529379367828
TRI_G,59,capsule/test/good/014.png,0,normal_image,32x32,0,1024,0.010334369725569559,0.0004592673853039742,0.0031232303008437157,0.00716444943100214,0.014194807037711143,0.031089256890118093,0.0,0.08972979336977005
TRI_G,60,capsule/test/good/015.png,0,normal_image,32x32,0,1024,0.010206348893234463,0.0004444088786840439,0.0031263274140655994,0.007086177356541157,0.013700749259442091,0.029615002684295167,0.0,0.09845545887947083
TRI_G,61,capsule/test/good/016.png,0,normal_image,32x32,0,1024,0.009807363232539501,9.61404759436847e-05,0.0024798973463475704,0.006546578370034695,0.01306119211949408,0.031290142238140105,0.0,0.16758279502391815
TRI_G,62,capsule/test/good/017.png,0,normal_image,32x32,0,1024,0.008976357923984324,0.00013482226058840753,0.002870038151741028,0.006543746683746576,0.012415772303938866,0.027580519299954174,0.0,0.06145459786057472
TRI_G,63,capsule/test/good/018.png,0,normal_image,32x32,0,1024,0.010477097313923878,0.00038992036134004597,0.003358247224241495,0.007222465239465237,0.01375470869243145,0.030698951892554747,0.0,0.15237268805503845
TRI_G,64,capsule/test/good/019.png,0,normal_image,32x32,0,1024,0.01060245806183957,0.0004549523815512658,0.0030981823801994324,0.006897708401083946,0.013713808730244637,0.03248658142983906,0.0,0.10436591506004333
TRI_G,65,capsule/test/good/020.png,0,normal_image,32x32,0,1024,0.009669590746852919,0.000275901146233082,0.0027577895671129227,0.006511379033327103,0.01230026176199317,0.029589298367500263,0.0,0.1269368827342987
TRI_G,66,capsule/test/good/021.png,0,normal_image,32x32,0,1024,0.010149166080736904,0.00017288140952587166,0.0026911464519798756,0.006604643538594246,0.01320009957998991,0.031107693724334237,0.0,0.10650301724672318
TRI_G,67,capsule/test/good/022.png,0,normal_image,32x32,0,1024,0.00928231759735354,0.0001541473902761937,0.0024710746947675943,0.006460488773882389,0.012486058287322521,0.027787002734839913,0.0,0.09910967200994492
TRI_G,68,capsule/test/poke/000.png,1,abnormal_normal,32x32,8,1003,0.010855842456463,0.0006460713222622872,0.0035745706409215927,0.007998768240213394,0.014339618384838104,0.0305984929203987,0.0,0.14253585040569305
TRI_G,68,capsule/test/poke/000.png,1,defect,32x32,8,21,0.030316650157883054,0.004673808813095093,0.02024690806865692,0.03125482797622681,0.040467143058776855,0.05413106083869934,0.002068430185317993,0.054828941822052
TRI_G,68,capsule/test/poke/000.png,1,clean_defect,32x32,8,13,0.03194624414810768,0.010036689043045045,0.01868128776550293,0.03689661622047424,0.04403385519981384,0.05441021323204041,0.004673808813095093,0.054828941822052
TRI_G,68,capsule/test/poke/000.png,1,boundary,32x32,8,8,0.027668559923768044,0.008430897444486617,0.021272148936986923,0.027907848358154297,0.03805382549762726,0.042690062522888185,0.002068430185317993,0.04388701915740967
TRI_G,69,capsule/test/poke/001.png,1,abnormal_normal,32x32,5,1017,0.010891890166109407,0.00044498089700937274,0.003748856484889984,0.008002502843737602,0.014974992722272873,0.029420143365859977,0.0,0.1654033660888672
TRI_G,69,capsule/test/poke/001.png,1,defect,32x32,5,7,0.014065445533820562,0.002934929728507996,0.008693777024745941,0.011857107281684875,0.021500464528799057,0.02402152046561241,0.0017350614070892334,0.024477466940879822
TRI_G,69,capsule/test/poke/001.png,1,clean_defect,32x32,5,2,0.008693777024745941,0.006030537933111191,0.007214199751615524,0.008693777024745941,0.010173354297876358,0.01135701611638069,0.005734622478485107,0.011652931571006775
TRI_G,69,capsule/test/poke/001.png,1,boundary,32x32,5,5,0.016214112937450408,0.003759470582008362,0.011857107281684875,0.020043283700942993,0.02295764535665512,0.024173502624034882,0.0017350614070892334,0.024477466940879822
TRI_G,70,capsule/test/poke/002.png,1,abnormal_normal,32x32,5,1018,0.009985625722824298,0.00022481260821223263,0.0026898200158029795,0.0066824862733483315,0.01378158200532198,0.030608111806213853,0.0,0.06540688872337341
TRI_G,70,capsule/test/poke/002.png,1,defect,32x32,5,6,0.028061160817742348,0.0007827803492546082,0.004775095731019974,0.029892398044466972,0.050511895678937435,0.05375998467206955,0.0,0.054794445633888245
TRI_G,70,capsule/test/poke/002.png,1,clean_defect,32x32,5,1,0.050656601786613464,0.050656601786613464,0.050656601786613464,0.050656601786613464,0.050656601786613464,0.050656601786613464,0.050656601786613464,0.050656601786613464
TRI_G,70,capsule/test/poke/002.png,1,boundary,32x32,5,5,0.023542072623968124,0.0006262242794036866,0.0031311213970184326,0.009707018733024597,0.05007777735590935,0.05385111197829246,0.0,0.054794445633888245
TRI_G,71,capsule/test/poke/003.png,1,abnormal_normal,32x32,4,1018,0.010854887842403795,0.00034884829074144363,0.0032756775617599487,0.007159951142966747,0.014325621072202921,0.03350776508450508,0.0,0.08976151794195175
TRI_G,71,capsule/test/poke/003.png,1,defect,32x32,4,6,0.01698384868601958,0.002179953269660473,0.00799847487360239,0.013887152075767517,0.027504444122314453,0.0343770757317543,0.0007286965847015381,0.03532096743583679
TRI_G,71,capsule/test/poke/003.png,1,clean_defect,32x32,4,2,0.008055135607719421,0.0014613404870033263,0.00439191609621048,0.008055135607719421,0.011718355119228363,0.014648930728435516,0.0007286965847015381,0.015381574630737305
TRI_G,71,capsule/test/poke/003.png,1,boundary,32x32,4,4,0.02144820522516966,0.007412574253976345,0.010927977971732616,0.021969065070152283,0.032489292323589325,0.0347546324133873,0.006533723324537277,0.03532096743583679
TRI_G,72,capsule/test/poke/004.png,1,abnormal_normal,32x32,12,1008,0.009239364409401629,8.300449699163439e-05,0.0023714317940175533,0.006335120648145676,0.01285028737038374,0.02789784027263522,0.0,0.07246875762939453
TRI_G,72,capsule/test/poke/004.png,1,defect,32x32,12,16,0.024520734325051308,0.001315876841545105,0.008425803855061531,0.018271826207637787,0.042515065521001816,0.05445992760360241,2.9802322387695312e-08,0.0665045827627182
TRI_G,72,capsule/test/poke/004.png,1,clean_defect,32x32,12,4,0.02203669399023056,0.00321803092956543,0.009072184562683105,0.020201101899147034,0.03316561132669449,0.04342518597841262,0.0017544925212860107,0.04599007964134216
TRI_G,72,capsule/test/poke/004.png,1,boundary,32x32,12,12,0.025348747769991558,0.0036580588668584826,0.008425803855061531,0.018271826207637787,0.04306538961827755,0.05767183564603327,2.9802322387695312e-08,0.0665045827627182
TRI_G,73,capsule/test/poke/005.png,1,abnormal_normal,32x32,4,1020,0.010902264769252974,0.0003468229435384274,0.003435935825109482,0.007546734064817429,0.015144763048738241,0.033126822113990775,0.0,0.09454599022865295
TRI_G,73,capsule/test/poke/005.png,1,defect,32x32,4,4,0.03446093574166298,0.030880079418420792,0.030962932854890823,0.03130517899990082,0.034803181886672974,0.04245985150337219,0.030859366059303284,0.044374018907547
TRI_G,73,capsule/test/poke/005.png,1,clean_defect,32x32,4,0,,,,,,,,
TRI_G,73,capsule/test/poke/005.png,1,boundary,32x32,4,4,0.03446093574166298,0.030880079418420792,0.030962932854890823,0.03130517899990082,0.034803181886672974,0.04245985150337219,0.030859366059303284,0.044374018907547
TRI_G,74,capsule/test/poke/006.png,1,abnormal_normal,32x32,6,1018,0.01013610018911261,0.00048723453655838964,0.003159717656672001,0.007364005781710148,0.013444257900118828,0.030011055897921322,0.0,0.10433746129274368
TRI_G,74,capsule/test/poke/006.png,1,defect,32x32,6,6,0.03259194145600001,0.01958276331424713,0.026495642960071564,0.02922479808330536,0.04022828862071037,0.04850275442004204,0.0175151526927948,0.05010485649108887
TRI_G,74,capsule/test/poke/006.png,1,clean_defect,32x32,6,0,,,,,,,,
TRI_G,74,capsule/test/poke/006.png,1,boundary,32x32,6,6,0.03259194145600001,0.01958276331424713,0.026495642960071564,0.02922479808330536,0.04022828862071037,0.04850275442004204,0.0175151526927948,0.05010485649108887
TRI_G,75,capsule/test/poke/007.png,1,abnormal_normal,32x32,3,1020,0.009979569672734714,6.0786399990320275e-05,0.002635528799146414,0.006933293770998716,0.014039795845746994,0.028708194009959668,0.0,0.0795135349035263
TRI_G,75,capsule/test/poke/007.png,1,defect,32x32,3,4,0.012061923742294312,0.0026221588253974915,0.005302347242832184,0.009420201182365417,0.016179777681827545,0.025200100243091578,0.0019521117210388184,0.027455180883407593
TRI_G,75,capsule/test/poke/007.png,1,clean_defect,32x32,3,1,0.006419092416763306,0.006419092416763306,0.006419092416763306,0.006419092416763306,0.006419092416763306,0.006419092416763306,0.006419092416763306,0.006419092416763306
TRI_G,75,capsule/test/poke/007.png,1,boundary,32x32,3,3,0.013942867517471313,0.0029990315437316895,0.007186710834503174,0.01242130994796753,0.01993824541568756,0.025951793789863585,0.0019521117210388184,0.027455180883407593
TRI_G,76,capsule/test/poke/008.png,1,abnormal_normal,32x32,13,1005,0.010867309515869514,0.0007799521088600159,0.0038208961486816406,0.007564108818769455,0.014821294695138931,0.030607009679079054,0.0,0.0865892693400383
TRI_G,76,capsule/test/poke/008.png,1,defect,32x32,13,19,0.025702729625137227,0.008470824360847473,0.020581400021910667,0.023856166750192642,0.03149407543241978,0.03830249309539788,0.008410796523094177,0.06770148873329163
TRI_G,76,capsule/test/poke/008.png,1,clean_defect,32x32,13,6,0.036052112778027855,0.022574082016944885,0.02670910209417343,0.03345875442028046,0.03492606431245804,0.05953510105609894,0.02181929349899292,0.06770148873329163
TRI_G,76,capsule/test/poke/008.png,1,boundary,32x32,13,13,0.020926091246880017,0.008450815081596374,0.01861599087715149,0.020783573389053345,0.024945616722106934,0.03189861699938774,0.008410796523094177,0.033745914697647095
TRI_G,77,capsule/test/poke/009.png,1,abnormal_normal,32x32,9,1014,0.009357013050108574,0.00022157384082674986,0.0025740428827703,0.0067395176738500595,0.01217323075979948,0.028004133235663163,0.0,0.07516991347074509
TRI_G,77,capsule/test/poke/009.png,1,defect,32x32,9,10,0.013957011885941029,0.002160479873418808,0.004769510589540005,0.008076182566583157,0.021913036704063416,0.03282521218061447,0.0017193704843521118,0.03363063931465149
TRI_G,77,capsule/test/poke/009.png,1,clean_defect,32x32,9,1,0.0017193704843521118,0.0017193704843521118,0.0017193704843521118,0.0017193704843521118,0.0017193704843521118,0.0017193704843521118,0.0017193704843521118,0.0017193704843521118
TRI_G,77,capsule/test/poke/009.png,1,boundary,32x32,9,9,0.015316749819450907,0.003257863223552704,0.006792329251766205,0.008332272991538048,0.022506192326545715,0.03291470408439636,0.002699613571166992,0.03363063931465149
TRI_G,78,capsule/test/poke/010.png,1,abnormal_normal,32x32,4,1018,0.010048962017513943,0.0003268307074904442,0.0026102671399712563,0.006550829857587814,0.013368438929319382,0.031962011381983756,0.0,0.10485818237066269
TRI_G,78,capsule/test/poke/010.png,1,defect,32x32,4,6,0.030417323112487793,0.0037113316357135773,0.016889169812202454,0.03266719728708267,0.048031438142061234,0.051774486899375916,1.4901161193847656e-08,0.052386850118637085
TRI_G,78,capsule/test/poke/010.png,1,clean_defect,32x32,4,2,0.02619343250989914,0.0026193566620349887,0.013096723705530167,0.02619343250989914,0.03929014131426811,0.049767508357763286,1.4901161193847656e-08,0.052386850118637085
TRI_G,78,capsule/test/poke/010.png,1,boundary,32x32,4,4,0.03252926841378212,0.016071614623069764,0.020976945757865906,0.03266719728708267,0.044219519942998886,0.0487938217818737,0.014845281839370728,0.04993739724159241
TRI_G,79,capsule/test/poke/011.png,1,abnormal_normal,32x32,7,1016,0.010073777206616081,0.00045171938836574554,0.003307127859443426,0.007040531374514103,0.013621085323393345,0.030500649008899927,-1.862645149230957e-09,0.07515673339366913
TRI_G,79,capsule/test/poke/011.png,1,defect,32x32,7,8,0.0309349843300879,0.01329339612275362,0.01808716356754303,0.033524200320243835,0.04017018526792526,0.048334601521492,0.01123710349202156,0.050215840339660645
TRI_G,79,capsule/test/poke/011.png,1,clean_defect,32x32,7,1,0.03861328959465027,0.03861328959465027,0.03861328959465027,0.03861328959465027,0.03861328959465027,0.03861328959465027,0.03861328959465027,0.03861328959465027
TRI_G,79,capsule/test/poke/011.png,1,boundary,32x32,7,7,0.029838083578007563,0.01299964003264904,0.017762184143066406,0.032950133085250854,0.03946956992149353,0.04860334992408752,0.01123710349202156,0.050215840339660645
TRI_G,80,capsule/test/poke/012.png,1,abnormal_normal,32x32,5,1016,0.010955182589108388,0.0003558313474059105,0.003598571289330721,0.007704348303377628,0.014811851549893618,0.03093258896842599,0.0,0.10325038433074951
TRI_G,80,capsule/test/poke/012.png,1,defect,32x32,5,8,0.013853447046130896,1.043081283569336e-08,0.002779357135295868,0.008679768070578575,0.026766031980514526,0.03282381445169449,0.0,0.03547900915145874
TRI_G,80,capsule/test/poke/012.png,1,clean_defect,32x32,5,3,0.011826346317927042,2.9802322387695314e-09,1.4901161193847656e-08,2.9802322387695312e-08,0.017739519476890564,0.0319311112165451,0.0,0.03547900915145874
TRI_G,80,capsule/test/poke/012.png,1,boundary,32x32,5,5,0.015069707483053207,0.004597306251525879,0.00816333293914795,0.009196203202009201,0.02639046311378479,0.027592283487319947,0.0037057995796203613,0.027892738580703735
TRI_G,81,capsule/test/poke/013.png,1,abnormal_normal,32x32,5,1016,0.010231111710845295,0.0004430715925991535,0.0032782522030174732,0.007219850085675716,0.013738960027694702,0.030673189088702202,0.0,0.13988041877746582
TRI_G,81,capsule/test/poke/013.png,1,defect,32x32,5,8,0.031003545969724655,0.018908216059207915,0.02103598415851593,0.024974092841148376,0.04069923609495163,0.0508640244603157,0.018213659524917603,0.053744733333587646
TRI_G,81,capsule/test/poke/013.png,1,clean_defect,32x32,5,3,0.02847367525100708,0.02168489694595337,0.02316337823867798,0.02501147985458374,0.03205287456512451,0.03768599033355713,0.021315276622772217,0.03909426927566528
TRI_G,81,capsule/test/poke/013.png,1,boundary,32x32,5,5,0.0325214684009552,0.018610548973083497,0.02019810676574707,0.024936705827713013,0.04551413655281067,0.05209861397743225,0.018213659524917603,0.053744733333587646
TRI_G,82,capsule/test/poke/014.png,1,abnormal_normal,32x32,9,1013,0.010724885411273692,0.00031254775822162626,0.003559807315468788,0.007940277457237244,0.014590661972761154,0.029683083295822137,0.0,0.1588972955942154
TRI_G,82,capsule/test/poke/014.png,1,defect,32x32,9,11,0.024778563529253006,0.006445020437240601,0.01852131448686123,0.02057310938835144,0.02897167205810547,0.05055595934391022,0.0010034143924713135,0.053998321294784546
TRI_G,82,capsule/test/poke/014.png,1,clean_defect,32x32,9,2,0.01937130093574524,0.018289673328399658,0.01877039670944214,0.01937130093574524,0.01997220516204834,0.02045292854309082,0.018169492483139038,0.02057310938835144
TRI_G,82,capsule/test/poke/014.png,1,boundary,32x32,9,9,0.0259801774389214,0.005356699228286743,0.01887313649058342,0.02378980815410614,0.03228084743022919,0.05124443173408508,0.0010034143924713135,0.053998321294784546
TRI_G,83,capsule/test/poke/015.png,1,abnormal_normal,32x32,13,1007,0.01096060536704706,0.0004503007978200913,0.0035717682912945747,0.007784407585859299,0.01476881094276905,0.03103364035487174,0.0,0.12790781259536743
TRI_G,83,capsule/test/poke/015.png,1,defect,32x32,13,17,0.02214286503765513,0.0018132030963897705,0.0071041397750377655,0.017675600945949554,0.026619255542755127,0.05491807758808132,0.0016911029815673828,0.09811671078205109
TRI_G,83,capsule/test/poke/015.png,1,clean_defect,32x32,13,4,0.024841126054525375,0.0103411003947258,0.01715078204870224,0.023303702473640442,0.030994046479463577,0.04149354472756385,0.00863867998123169,0.04411841928958893
TRI_G,83,capsule/test/poke/015.png,1,boundary,32x32,13,13,0.02131263087861813,0.0017826780676841736,0.004858974367380142,0.011393629014492035,0.025427892804145813,0.0648147299885749,0.0016911029815673828,0.09811671078205109
TRI_G,84,capsule/test/poke/016.png,1,abnormal_normal,32x32,5,1018,0.010160409408111,0.00044541135430336,0.003040142823010683,0.007058352697640657,0.01342394296079874,0.0313775971531868,0.0,0.09945325553417206
TRI_G,84,capsule/test/poke/016.png,1,defect,32x32,5,6,0.010148823261260986,0.003533409908413887,0.0048647066578269005,0.0068464502692222595,0.012217670679092407,0.02276051789522171,0.0032293014228343964,0.0257585346698761
TRI_G,84,capsule/test/poke/016.png,1,clean_defect,32x32,5,1,0.0257585346698761,0.0257585346698761,0.0257585346698761,0.0257585346698761,0.0257585346698761,0.0257585346698761,0.0257585346698761,0.0257585346698761
TRI_G,84,capsule/test/poke/016.png,1,boundary,32x32,5,5,0.007026880979537964,0.003472588211297989,0.004445735365152359,0.006121620535850525,0.007571280002593994,0.012527430057525634,0.0032293014228343964,0.013766467571258545
TRI_G,85,capsule/test/poke/017.png,1,abnormal_normal,32x32,4,1020,0.010397715278097667,0.00038654766976833357,0.003150036558508873,0.007376115769147873,0.013940778095275164,0.03130671065300703,0.0,0.14689981937408447
TRI_G,85,capsule/test/poke/017.png,1,defect,32x32,4,4,0.018007938750088215,0.008208201825618744,0.009807102382183075,0.012026490643620491,0.02022732701152563,0.03618170302361249,0.007808476686477661,0.040170297026634216
TRI_G,85,capsule/test/poke/017.png,1,clean_defect,32x32,4,0,,,,,,,,
TRI_G,85,capsule/test/poke/017.png,1,boundary,32x32,4,4,0.018007938750088215,0.008208201825618744,0.009807102382183075,0.012026490643620491,0.02022732701152563,0.03618170302361249,0.007808476686477661,0.040170297026634216
TRI_G,86,capsule/test/poke/018.png,1,abnormal_normal,32x32,5,1016,0.010309579126320516,0.00044474657624959946,0.003070404753088951,0.007413177751004696,0.014046760741621256,0.031714887358248234,0.0,0.07159417867660522
TRI_G,86,capsule/test/poke/018.png,1,defect,32x32,5,8,0.016861628741025925,0.008563410490751266,0.00972921121865511,0.013874107971787453,0.01639891415834427,0.035800512880086885,0.008084297180175781,0.04313637316226959
TRI_G,86,capsule/test/poke/018.png,1,clean_defect,32x32,5,3,0.021897877256075542,0.008723163604736328,0.011278629302978516,0.01447296142578125,0.02880466729402542,0.04027003198862075,0.008084297180175781,0.04313637316226959
TRI_G,86,capsule/test/poke/018.png,1,boundary,32x32,5,5,0.013839879631996154,0.009526797384023667,0.009821217507123947,0.013528190553188324,0.014220025390386581,0.020585422962903974,0.009453192353248596,0.022176772356033325
TRI_G,87,capsule/test/poke/019.png,1,abnormal_normal,32x32,8,1015,0.00996417337202747,0.00031847218051552775,0.0028098146431148052,0.006990374997258186,0.013647717423737049,0.030820871330797646,0.0,0.0736808031797409
TRI_G,87,capsule/test/poke/019.png,1,defect,32x32,8,9,0.029175693376196757,0.002897295355796814,0.008978113532066345,0.018532875925302505,0.03239741921424866,0.08356446325778961,0.0,0.08730046451091766
TRI_G,87,capsule/test/poke/019.png,1,clean_defect,32x32,8,1,0.03239741921424866,0.03239741921424866,0.03239741921424866,0.03239741921424866,0.03239741921424866,0.03239741921424866,0.03239741921424866,0.03239741921424866
TRI_G,87,capsule/test/poke/019.png,1,boundary,32x32,8,8,0.028772977646440268,0.0025351334363222125,0.008544394746422768,0.01495458371937275,0.03358439728617668,0.08403146341443062,0.0,0.08730046451091766
TRI_G,88,capsule/test/poke/020.png,1,abnormal_normal,32x32,5,1017,0.010016556971613959,0.0001256506890058519,0.0028886422514915466,0.006960295140743256,0.013814769685268402,0.031041126698255535,0.0,0.06422112882137299
TRI_G,88,capsule/test/poke/020.png,1,defect,32x32,5,7,0.023869828454085758,0.009372475743293763,0.017039582133293152,0.018975935876369476,0.030747786164283752,0.042665427923202506,0.00623852014541626,0.04629960656166077
TRI_G,88,capsule/test/poke/020.png,1,clean_defect,32x32,5,2,0.017039582133293152,0.016720493137836457,0.016862310469150543,0.017039582133293152,0.01721685379743576,0.017358671128749847,0.016685038805007935,0.01739412546157837
TRI_G,88,capsule/test/poke/020.png,1,boundary,32x32,5,5,0.026601926982402803,0.008786003291606902,0.018975935876369476,0.027309894561767578,0.03418567776679993,0.04387682080268859,0.00623852014541626,0.04629960656166077
TRI_G,89,capsule/test/scratch/000.png,1,abnormal_normal,32x32,18,1006,0.010091645958107595,0.00030237575992941856,0.0028760703280568123,0.006779502611607313,0.014201539102941751,0.028988396748900414,0.0,0.09068066626787186
TRI_G,89,capsule/test/scratch/000.png,1,defect,32x32,18,18,0.02670713896966643,0.005500754714012146,0.013927885331213474,0.02312777005136013,0.03947852738201618,0.05395355001091955,0.001297876238822937,0.06400759518146515
TRI_G,89,capsule/test/scratch/000.png,1,clean_defect,32x32,18,0,,,,,,,,
TRI_G,89,capsule/test/scratch/000.png,1,boundary,32x32,18,18,0.02670713896966643,0.005500754714012146,0.013927885331213474,0.02312777005136013,0.03947852738201618,0.05395355001091955,0.001297876238822937,0.06400759518146515
TRI_G,90,capsule/test/scratch/001.png,1,abnormal_normal,32x32,10,1008,0.00993735705075475,0.0005682911723852158,0.0034074001014232635,0.006914915516972542,0.013655022718012333,0.02943399678915739,0.0,0.09265415370464325
TRI_G,90,capsule/test/scratch/001.png,1,defect,32x32,10,16,0.027094042394310236,0.0048947446048259735,0.019553858786821365,0.023613013327121735,0.03482860326766968,0.049600712954998016,0.003433387726545334,0.06719768047332764
TRI_G,90,capsule/test/scratch/001.png,1,clean_defect,32x32,10,6,0.032177346448103585,0.021189246326684952,0.02681637555360794,0.03425569832324982,0.03582578897476196,0.041882388293743134,0.020131871104240417,0.04373505711555481
TRI_G,90,capsule/test/scratch/001.png,1,boundary,32x32,10,10,0.024044059962034226,0.004310201853513718,0.014300288632512093,0.02196507528424263,0.026805568486452103,0.05431374981999394,0.003433387726545334,0.06719768047332764
TRI_G,91,capsule/test/scratch/002.png,1,abnormal_normal,32x32,15,1006,0.010567502776868123,0.000498221255838871,0.002727448707446456,0.006960056722164154,0.0145697514526546,0.03092164732515812,0.0,0.17216087877750397
TRI_G,91,capsule/test/scratch/002.png,1,defect,32x32,15,18,0.037049066068397626,0.006841311231255532,0.01796885021030903,0.035104935988783836,0.05007654428482056,0.08322954848408692,0.0,0.11877211928367615
TRI_G,91,capsule/test/scratch/002.png,1,clean_defect,32x32,15,3,0.04548364380995432,0.03916136622428894,0.042691975831985474,0.04710523784160614,0.049086108803749084,0.05067080557346344,0.03827871382236481,0.05106697976589203
TRI_G,91,capsule/test/scratch/002.png,1,boundary,32x32,15,15,0.03536215052008629,0.005634021013975143,0.013770312070846558,0.027810990810394287,0.04681360349059105,0.08950176686048503,0.0,0.11877211928367615
TRI_G,92,capsule/test/scratch/003.png,1,abnormal_normal,32x32,13,1005,0.010875640713623656,0.00043740887194871904,0.0033433660864830017,0.007956684567034245,0.014037255197763443,0.03348010554909706,0.0,0.12157729268074036
TRI_G,92,capsule/test/scratch/003.png,1,defect,32x32,13,19,0.03189329469674512,0.009634130075573922,0.017663853242993355,0.02749049663543701,0.046196117997169495,0.05777969509363172,0.006790723651647568,0.06697426736354828
TRI_G,92,capsule/test/scratch/003.png,1,clean_defect,32x32,13,6,0.04779146363337835,0.029603436589241028,0.04390428215265274,0.04753828048706055,0.05446062237024307,0.06442021951079369,0.025236934423446655,0.06697426736354828
TRI_G,92,capsule/test/scratch/003.png,1,boundary,32x32,13,13,0.02455567826445286,0.008686327934265136,0.014274179935455322,0.020002227276563644,0.035254403948783875,0.046014583110809325,0.006790723651647568,0.04710379242897034
TRI_G,93,capsule/test/scratch/004.png,1,abnormal_normal,32x32,30,990,0.00974802856023113,0.000248964736238122,0.0030066086910665035,0.0067239319905638695,0.012790868524461985,0.028350330237299184,0.0,0.14189623296260834
TRI_G,93,capsule/test/scratch/004.png,1,defect,32x32,30,34,0.025113085805274108,0.0020320825278759003,0.008474820293486118,0.01801617257297039,0.03908857703208923,0.061798270046710936,0.0013515753671526909,0.08264143764972687
TRI_G,93,capsule/test/scratch/004.png,1,clean_defect,32x32,30,4,0.024729058146476746,0.012252375483512878,0.012506827712059021,0.014944791793823242,0.027167022228240967,0.0509037137031555,0.012188762426376343,0.056837886571884155
TRI_G,93,capsule/test/scratch/004.png,1,boundary,32x32,30,30,0.025164289493113758,0.001977723091840744,0.008285886608064175,0.019025985151529312,0.03908857703208923,0.06364281177520748,0.0013515753671526909,0.08264143764972687
TRI_G,94,capsule/test/scratch/005.png,1,abnormal_normal,32x32,5,1016,0.009602421822482866,3.259629011154175e-09,0.0025378528516739607,0.006550491787493229,0.013054799754172564,0.029373448807746172,0.0,0.07518598437309265
TRI_G,94,capsule/test/scratch/005.png,1,defect,32x32,5,8,0.019854568410664797,0.005965645238757134,0.01763857528567314,0.019935496151447296,0.02317795529961586,0.0324288809671998,0.0,0.03607344999909401
TRI_G,94,capsule/test/scratch/005.png,1,clean_defect,32x32,5,3,0.016003623604774475,0.0022350475192070007,0.011175237596035004,0.022350475192070007,0.024005435407161713,0.025329403579235077,0.0,0.025660395622253418
TRI_G,94,capsule/test/scratch/005.png,1,boundary,32x32,5,5,0.02216513529419899,0.017203067243099213,0.01783653348684311,0.018888384103775024,0.020982608199119568,0.03305528163909912,0.01704470068216324,0.03607344999909401
TRI_G,95,capsule/test/scratch/006.png,1,abnormal_normal,32x32,7,1009,0.010593985457285293,0.0005751065909862518,0.0029267892241477966,0.007226666435599327,0.014816109091043472,0.030353456735610934,0.0,0.1246463805437088
TRI_G,95,capsule/test/scratch/006.png,1,defect,32x32,7,15,0.026255165537198383,0.007103675603866578,0.016146861016750336,0.025816738605499268,0.03466671705245972,0.0490113854408264,0.002791285514831543,0.05701174587011337
TRI_G,95,capsule/test/scratch/006.png,1,clean_defect,32x32,7,8,0.024363699834793806,0.008991792798042297,0.013423281721770763,0.02195340394973755,0.02892974019050598,0.0488830056041479,0.008951842784881592,0.05701174587011337
TRI_G,95,capsule/test/scratch/006.png,1,boundary,32x32,7,7,0.02841684062566076,0.007179302349686624,0.020151427015662193,0.029544614255428314,0.04034823551774025,0.04545280486345291,0.002791285514831543,0.04558265954256058
TRI_G,96,capsule/test/scratch/007.png,1,abnormal_normal,32x32,13,1007,0.009831285758254737,0.0004450250416994095,0.0029974188655614853,0.006511013954877853,0.012983392924070358,0.02908239625394344,0.0,0.13300801813602448
TRI_G,96,capsule/test/scratch/007.png,1,defect,32x32,13,17,0.020177768379011574,0.0010151080787181854,0.0072318315505981445,0.01663115620613098,0.025260373950004578,0.053449970483779884,0.0009260177612304688,0.08051857352256775
TRI_G,96,capsule/test/scratch/007.png,1,clean_defect,32x32,13,4,0.010505303740501404,0.0018718898296356202,0.005655378103256226,0.011931493878364563,0.01678141951560974,0.017142051458358766,0.0009260177612304688,0.01723220944404602
TRI_G,96,capsule/test/scratch/007.png,1,boundary,32x32,13,13,0.023153911344707012,0.00297251008450985,0.009876355528831482,0.018171235918998718,0.02812260389328003,0.06021712124347682,0.0010373806580901146,0.08051857352256775
TRI_G,97,capsule/test/scratch/008.png,1,abnormal_normal,32x32,9,1009,0.009927866182025112,0.00030238404870033277,0.002963721752166748,0.006852846592664719,0.01320141926407814,0.030517115443944906,-3.725290298461914e-09,0.06565944105386734
TRI_G,97,capsule/test/scratch/008.png,1,defect,32x32,9,15,0.025442110002040864,0.008834007009863854,0.01350836455821991,0.018641233444213867,0.03710068762302399,0.05431182980537415,0.006807845085859299,0.054585158824920654
TRI_G,97,capsule/test/scratch/008.png,1,clean_defect,32x32,9,6,0.027113815148671467,0.014187626540660858,0.015349119901657104,0.02345407009124756,0.03200129419565201,0.04889451712369919,0.014082223176956177,0.05419468879699707
TRI_G,97,capsule/test/scratch/008.png,1,boundary,32x32,9,9,0.024327639904287126,0.007965651899576187,0.011005740612745285,0.018641233444213867,0.04120737314224243,0.049240201711654656,0.006807845085859299,0.054585158824920654
TRI_G,98,capsule/test/scratch/009.png,1,abnormal_normal,32x32,16,1000,0.010294419171055778,0.0006275691092014313,0.003196551464498043,0.007145734503865242,0.013472404796630144,0.030166160129010678,0.0,0.08009961247444153
TRI_G,98,capsule/test/scratch/009.png,1,defect,32x32,16,24,0.03882898266116778,0.007141686975955963,0.011261227540671825,0.030197443440556526,0.06240949034690857,0.09184239804744719,0.006062179803848267,0.09359011054039001
TRI_G,98,capsule/test/scratch/009.png,1,clean_defect,32x32,16,8,0.0777958333492279,0.054634828865528104,0.0662088692188263,0.08365601301193237,0.0898623913526535,0.09315166175365448,0.05147138237953186,0.09359011054039001
TRI_G,98,capsule/test/scratch/009.png,1,boundary,32x32,16,16,0.019345557317137718,0.006664492189884186,0.010762538760900497,0.014769058674573898,0.029496255330741405,0.0414077527821064,0.006062179803848267,0.049555130302906036
TRI_G,99,capsule/test/scratch/010.png,1,abnormal_normal,32x32,11,1006,0.00869514116560059,0.00019122683443129063,0.002488444559276104,0.006068816874176264,0.012334689497947693,0.025501679629087448,0.0,0.07673516124486923
TRI_G,99,capsule/test/scratch/010.png,1,defect,32x32,11,18,0.02380569703463051,0.0,0.006691358983516693,0.016019705682992935,0.04007809795439243,0.06422790065407752,0.0,0.06948888301849365
TRI_G,99,capsule/test/scratch/010.png,1,clean_defect,32x32,11,7,0.026841091258185252,0.00424385666847229,0.010969206690788269,0.029107093811035156,0.040278613567352295,0.051326739788055416,0.0034539997577667236,0.052830904722213745
TRI_G,99,capsule/test/scratch/010.png,1,boundary,32x32,11,11,0.02187408252873204,0.0,0.004783214069902897,0.010748311877250671,0.03071495145559311,0.06639418751001358,0.0,0.06948888301849365
TRI_G,100,capsule/test/scratch/011.png,1,abnormal_normal,32x32,7,1010,0.009718363873411597,0.00038953928742557764,0.0026830832939594984,0.0063051991164684296,0.013889287132769823,0.03165238332003355,0.0,0.06743872165679932
TRI_G,100,capsule/test/scratch/011.png,1,defect,32x32,7,14,0.024629813485911915,0.0032829525880515575,0.009846735745668411,0.030360771343111992,0.03535735607147217,0.04535145293921232,0.0022596344351768494,0.04998535290360451
TRI_G,100,capsule/test/scratch/011.png,1,clean_defect,32x32,7,7,0.03265400550195149,0.01590067595243454,0.033083364367485046,0.03526902198791504,0.03742359206080437,0.04183750823140144,0.009438827633857727,0.04285627603530884
TRI_G,100,capsule/test/scratch/011.png,1,boundary,32x32,7,7,0.01660562146987234,0.0027319351211190224,0.0049044666811823845,0.011070460081100464,0.02155748475342989,0.0439127132296562,0.0022596344351768494,0.04998535290360451
TRI_G,101,capsule/test/scratch/012.png,1,abnormal_normal,32x32,9,1012,0.010023197183788574,0.0004857972264289856,0.003208127338439226,0.006925513967871666,0.013590192422270775,0.029279351606965057,0.0,0.07237238436937332
TRI_G,101,capsule/test/scratch/012.png,1,defect,32x32,9,12,0.020765442090729874,0.009104368463158607,0.011196419596672058,0.01926286518573761,0.02385566383600235,0.0402237806469202,0.007385075092315674,0.04367808252573013
TRI_G,101,capsule/test/scratch/012.png,1,clean_defect,32x32,9,3,0.01883631944656372,0.017991945147514343,0.018026813864707947,0.01807039976119995,0.01926286518573761,0.020216837525367737,0.017983227968215942,0.02045533061027527
TRI_G,101,capsule/test/scratch/012.png,1,boundary,32x32,9,9,0.02140848297211859,0.008635470271110534,0.011165440082550049,0.02117244526743889,0.027528613805770874,0.04116586297750473,0.007385075092315674,0.04367808252573013
TRI_G,102,capsule/test/scratch/013.png,1,abnormal_normal,32x32,10,1013,0.010841293213797065,0.0007062718272209167,0.0038688182830810547,0.00791853666305542,0.014919739216566086,0.029267121851444235,0.0,0.10252837836742401
TRI_G,102,capsule/test/scratch/013.png,1,defect,32x32,10,11,0.02140200324356556,0.008429324254393578,0.011079393327236176,0.016672760248184204,0.02983299270272255,0.04494409263134003,0.006265919655561447,0.05149022489786148
TRI_G,102,capsule/test/scratch/013.png,1,clean_defect,32x32,10,1,0.010592728853225708,0.010592728853225708,0.010592728853225708,0.010592728853225708,0.010592728853225708,0.010592728853225708,0.010592728853225708,0.010592728853225708
TRI_G,102,capsule/test/scratch/013.png,1,boundary,32x32,10,10,0.022482930682599545,0.008414377458393574,0.011496134102344513,0.017110721208155155,0.030151376500725746,0.04559870585799216,0.006265919655561447,0.05149022489786148
TRI_G,103,capsule/test/scratch/014.png,1,abnormal_normal,32x32,14,995,0.010600963274213537,0.00022685248404741287,0.0031262654811143875,0.0071053095161914825,0.014601561240851879,0.03213120549917221,0.0,0.13169535994529724
TRI_G,103,capsule/test/scratch/014.png,1,defect,32x32,14,29,0.023589130876393152,0.004169159010052681,0.014287322759628296,0.020299032330513,0.030990123748779297,0.052776892483234396,0.0006393194198608398,0.06354956328868866
TRI_G,103,capsule/test/scratch/014.png,1,clean_defect,32x32,14,15,0.024311838547388713,0.010192921757698061,0.0169282928109169,0.018711060285568237,0.02638709545135498,0.057321418821811666,0.0006393194198608398,0.06354956328868866
TRI_G,103,capsule/test/scratch/014.png,1,boundary,32x32,14,14,0.022814801228897914,0.004757998418062926,0.007642521057277918,0.021036922931671143,0.03859632462263107,0.048025991581380365,0.00322701595723629,0.04996391013264656
TRI_G,104,capsule/test/scratch/015.png,1,abnormal_normal,32x32,16,997,0.010930784855602138,0.0008351843804121021,0.003812413662672043,0.007492922246456146,0.014482598751783371,0.031146313995122896,0.0,0.13280154764652252
TRI_G,104,capsule/test/scratch/015.png,1,defect,32x32,16,27,0.018361983820796013,5.587935447692872e-10,0.007274746894836426,0.012797076255083084,0.02531147189438343,0.05037004202604293,0.0,0.06613796949386597
TRI_G,104,capsule/test/scratch/015.png,1,clean_defect,32x32,16,11,0.017598114569078793,0.0,0.007274746894836426,0.011194735765457153,0.020463069900870323,0.05139787867665291,0.0,0.06613796949386597
TRI_G,104,capsule/test/scratch/015.png,1,boundary,32x32,16,16,0.018887143931351602,0.0019857012666761875,0.008156465366482735,0.013711685314774513,0.028056243434548378,0.043335922062397,1.862645149230957e-09,0.05505945533514023
TRI_G,105,capsule/test/scratch/016.png,1,abnormal_normal,32x32,16,1004,0.010739028268304479,0.0003475649282336235,0.0030966931954026222,0.007705226540565491,0.014649066142737865,0.0300254146568477,0.0,0.10859085619449615
TRI_G,105,capsule/test/scratch/016.png,1,defect,32x32,16,20,0.03096669353544712,0.004063379019498825,0.011111023835837841,0.022957008332014084,0.03668247163295746,0.07777738794684415,0.004003003239631653,0.13196274638175964
TRI_G,105,capsule/test/scratch/016.png,1,clean_defect,32x32,16,4,0.01312176138162613,0.004727791994810104,0.0076269470155239105,0.009920671582221985,0.015415485948324203,0.02599725648760795,0.004003003239631653,0.028642699122428894
TRI_G,105,capsule/test/scratch/016.png,1,boundary,32x32,16,16,0.03542792657390237,0.00496972631663084,0.017870979383587837,0.02577194944024086,0.043010586872696877,0.08918483182787895,0.004066556692123413,0.13196274638175964
TRI_G,106,capsule/test/scratch/017.png,1,abnormal_normal,32x32,8,1012,0.009446856888101285,0.00042753117159008983,0.002781730145215988,0.006546279415488243,0.013652496039867401,0.026899087429046627,0.0,0.06692270189523697
TRI_G,106,capsule/test/scratch/017.png,1,defect,32x32,8,12,0.016822611447423697,0.002287943754345179,0.0057979002594947815,0.009288838133215904,0.022767423652112484,0.04762846827507017,0.0006167106330394745,0.06283573806285858
TRI_G,106,capsule/test/scratch/017.png,1,clean_defect,32x32,8,4,0.022657512687146664,0.004397429525852203,0.006481237709522247,0.01195891760289669,0.028135192580521107,0.05589562896639107,0.0038764774799346924,0.06283573806285858
TRI_G,106,capsule/test/scratch/017.png,1,boundary,32x32,8,8,0.013905160827562213,0.0016802226193249226,0.005742609966546297,0.009288838133215904,0.022767423652112484,0.03148650769144296,0.0006167106330394745,0.03518615663051605
TRI_G,107,capsule/test/scratch/018.png,1,abnormal_normal,32x32,11,1009,0.009715128150271073,0.00012211445719003682,0.002901436761021614,0.006704114377498627,0.01247753668576479,0.0289201397448778,0.0,0.10718373209238052
TRI_G,107,capsule/test/scratch/018.png,1,defect,32x32,11,15,0.03354387159148852,0.010399317741394043,0.01660185307264328,0.03302948176860809,0.045315906405448914,0.06419511586427684,0.009228229522705078,0.09007512032985687
TRI_G,107,capsule/test/scratch/018.png,1,clean_defect,32x32,11,4,0.01141010969877243,0.009479176998138428,0.010482966899871826,0.011074796319007874,0.012001939117908478,0.013810481131076812,0.009228229522705078,0.014262616634368896
TRI_G,107,capsule/test/scratch/018.png,1,boundary,32x32,11,11,0.04159251227974892,0.020381085574626923,0.030275387689471245,0.03730571269989014,0.04684239625930786,0.0715894028544426,0.018941089510917664,0.09007512032985687
TRI_G,108,capsule/test/scratch/019.png,1,abnormal_normal,32x32,10,1005,0.009692153965924584,0.0002590138465166092,0.002797447144985199,0.006535671651363373,0.013196250423789024,0.028773117065429683,0.0,0.07950806617736816
TRI_G,108,capsule/test/scratch/019.png,1,defect,32x32,10,19,0.04478811276586432,0.013891059905290604,0.03226948156952858,0.051366835832595825,0.056083425879478455,0.06752335280179973,0.00860653817653656,0.08307996392250061
TRI_G,108,capsule/test/scratch/019.png,1,clean_defect,32x32,10,9,0.05420208639568753,0.039071428775787356,0.04689896106719971,0.05232405662536621,0.05697751045227051,0.07403172850608825,0.03386908769607544,0.08307996392250061
TRI_G,108,capsule/test/scratch/019.png,1,boundary,32x32,10,10,0.036315536499023436,0.011248799040913582,0.02198879048228264,0.03226948156952858,0.05250251665711403,0.06203282102942466,0.00860653817653656,0.06579484045505524
TRI_G,109,capsule/test/scratch/020.png,1,abnormal_normal,32x32,22,1001,0.009831827516517752,0.0005763769149780273,0.0031797103583812714,0.007165990769863129,0.013344626873731613,0.027735557407140732,0.0,0.12412166595458984
TRI_G,109,capsule/test/scratch/020.png,1,defect,32x32,22,23,0.021186214750227722,0.0007077842950820923,0.008129112422466278,0.013324461877346039,0.028105948120355606,0.0615192025899887,0.0004893764853477478,0.07421605288982391
TRI_G,109,capsule/test/scratch/020.png,1,clean_defect,32x32,22,1,0.0006817281246185303,0.0006817281246185303,0.0006817281246185303,0.0006817281246185303,0.0006817281246185303,0.0006817281246185303,0.0006817281246185303,0.0006817281246185303
TRI_G,109,capsule/test/scratch/020.png,1,boundary,32x32,22,22,0.022118236869573593,0.0009750187397003174,0.009601447731256485,0.013728920370340347,0.02825133688747883,0.061819246411323546,0.0004893764853477478,0.07421605288982391
TRI_G,110,capsule/test/scratch/021.png,1,abnormal_normal,32x32,16,1007,0.009810975320404165,0.00019361460581421855,0.0026638712733983994,0.006337445229291916,0.01344991847872734,0.030681898817419947,0.0,0.08588048070669174
TRI_G,110,capsule/test/scratch/021.png,1,defect,32x32,16,17,0.02581237902974381,0.009591171145439148,0.013400234282016754,0.023448392748832703,0.03532612323760986,0.051372449100017537,0.005104377865791321,0.06204017251729965
TRI_G,110,capsule/test/scratch/021.png,1,clean_defect,32x32,16,1,0.035924434661865234,0.035924434661865234,0.035924434661865234,0.035924434661865234,0.035924434661865234,0.035924434661865234,0.035924434661865234,0.035924434661865234
TRI_G,110,capsule/test/scratch/021.png,1,boundary,32x32,16,16,0.025180375552736223,0.009310746565461159,0.013118131086230278,0.02068602293729782,0.03400582820177078,0.05203918181359768,0.005104377865791321,0.06204017251729965
TRI_G,111,capsule/test/scratch/022.png,1,abnormal_normal,32x32,22,988,0.009308743996871824,0.0003549537155777216,0.002438024617731571,0.00596274109557271,0.012452173046767712,0.030533356126397845,0.0,0.07351002842187881
TRI_G,111,capsule/test/scratch/022.png,1,defect,32x32,22,36,0.018752471595588658,0.0023913560435175896,0.0057073188945651054,0.012233290821313858,0.03365107160061598,0.047792524099349976,7.450580596923828e-09,0.06290200352668762
TRI_G,111,capsule/test/scratch/022.png,1,clean_defect,32x32,22,14,0.019146724471024106,0.00476805567741394,0.006767846643924713,0.014765780419111252,0.03209706395864487,0.04140016660094261,0.0043318867683410645,0.04350109398365021
TRI_G,111,capsule/test/scratch/022.png,1,boundary,32x32,22,22,0.018501583402129738,0.0020170019939541816,0.005539210047572851,0.010617054998874664,0.030264729168266058,0.05950407218188046,7.450580596923828e-09,0.06290200352668762
TRI_G,112,capsule/test/squeeze/000.png,1,abnormal_normal,32x32,20,925,0.010598255732675662,0.00048519857227802277,0.003654560074210167,0.008174359798431396,0.01426965743303299,0.0294362835586071,0.0,0.09266137331724167
TRI_G,112,capsule/test/squeeze/000.png,1,defect,32x32,20,99,0.023656343796638526,0.0025623619556427004,0.009979486465454102,0.020227372646331787,0.03526661545038223,0.054873212426900846,3.725290298461914e-09,0.07737316191196442
TRI_G,112,capsule/test/squeeze/000.png,1,clean_defect,32x32,20,79,0.02420609849917738,0.002019640803337097,0.011337559670209885,0.021397024393081665,0.03676365315914154,0.05158718973398207,3.725290298461914e-09,0.07737316191196442
TRI_G,112,capsule/test/squeeze/000.png,1,boundary,32x32,20,20,0.02148481272161007,0.00381692610681057,0.008727073669433594,0.016793590039014816,0.027155157178640366,0.057946841046214115,0.002622172236442566,0.07106110453605652
TRI_G,113,capsule/test/squeeze/001.png,1,abnormal_normal,32x32,65,921,0.012889507225634738,0.0009038448333740234,0.004608489573001862,0.00938471406698227,0.017151597887277603,0.037420958280563354,0.0,0.13763731718063354
TRI_G,113,capsule/test/squeeze/001.png,1,defect,32x32,65,103,0.02067696556304265,0.002241646870970726,0.00862378254532814,0.01770244538784027,0.031038671731948853,0.04624254703521726,0.0,0.0897296816110611
TRI_G,113,capsule/test/squeeze/001.png,1,clean_defect,32x32,65,38,0.020456150762344662,0.0021076682955026627,0.007497018203139305,0.015490122139453888,0.033701539039611816,0.0434497483074665,0.0,0.0897296816110611
TRI_G,113,capsule/test/squeeze/001.png,1,boundary,32x32,65,65,0.020806057292681476,0.002616864442825317,0.01044858992099762,0.019255399703979492,0.02957010269165039,0.04598427712917327,1.4901161193847656e-08,0.06810781359672546
TRI_G,114,capsule/test/squeeze/002.png,1,abnormal_normal,32x32,16,1008,0.01084888119773481,0.0006298949010670185,0.0034547653049230576,0.007785799913108349,0.01476849801838398,0.03003840949386358,0.0,0.09983009845018387
TRI_G,114,capsule/test/squeeze/002.png,1,defect,32x32,16,16,0.020825639367103577,8.534453809261322e-05,0.006830275058746338,0.01796775683760643,0.029784616082906723,0.053332407027482986,0.0,0.0790112167596817
TRI_G,114,capsule/test/squeeze/002.png,1,clean_defect,32x32,16,0,,,,,,,,
TRI_G,114,capsule/test/squeeze/002.png,1,boundary,32x32,16,16,0.020825639367103577,8.534453809261322e-05,0.006830275058746338,0.01796775683760643,0.029784616082906723,0.053332407027482986,0.0,0.0790112167596817
TRI_G,115,capsule/test/squeeze/003.png,1,abnormal_normal,32x32,6,1015,0.009891739132552604,0.0004498412832617761,0.0032547935843467712,0.007460655644536018,0.0135034853592515,0.0286753449589014,0.0,0.06229047104716301
TRI_G,115,capsule/test/squeeze/003.png,1,defect,32x32,6,9,0.01793170885907279,0.0022264420986175537,0.0067037492990493774,0.01730358600616455,0.024402201175689697,0.03695558309555053,0.001566186547279358,0.03842329978942871
TRI_G,115,capsule/test/squeeze/003.png,1,clean_defect,32x32,6,3,0.020913124084472656,0.01767658591270447,0.019168585538864136,0.02103358507156372,0.02271789312362671,0.0240653395652771,0.01730358600616455,0.024402201175689697
TRI_G,115,capsule/test/squeeze/003.png,1,boundary,32x32,6,6,0.01644100124637286,0.0019788462668657303,0.00408855639398098,0.01034284383058548,0.029560990631580353,0.03750597685575485,0.001566186547279358,0.03842329978942871
TRI_G,116,capsule/test/squeeze/004.png,1,abnormal_normal,32x32,10,1008,0.011597258889297437,0.0005404859781265259,0.004011641256511211,0.008515538647770882,0.016260174103081226,0.03210767712444067,0.0,0.10933928191661835
TRI_G,116,capsule/test/squeeze/004.png,1,defect,32x32,10,16,0.0141401004511863,0.006016353145241737,0.009039130993187428,0.011256415396928787,0.017412565648555756,0.02942993864417076,0.005828101187944412,0.0358564555644989
TRI_G,116,capsule/test/squeeze/004.png,1,clean_defect,32x32,10,6,0.01396958902478218,0.00814862735569477,0.009336290881037712,0.013157576322555542,0.019035138189792633,0.02044973149895668,0.007794693112373352,0.02065083384513855
TRI_G,116,capsule/test/squeeze/004.png,1,boundary,32x32,10,10,0.01424240730702877,0.005941052362322808,0.009056379087269306,0.011256415396928787,0.012974558398127556,0.03200054541230201,0.005828101187944412,0.0358564555644989
TRI_G,117,capsule/test/squeeze/005.png,1,abnormal_normal,32x32,21,999,0.009921168586382785,0.0002670075744390488,0.003141782246530056,0.0071404967457056046,0.01404958963394165,0.027209044992923714,0.0,0.08887629210948944
TRI_G,117,capsule/test/squeeze/005.png,1,defect,32x32,21,25,0.01501379206776619,0.00115487352013588,0.00484040379524231,0.012013517320156097,0.021605730056762695,0.03510252237319946,1.4901161193847656e-08,0.04144570231437683
TRI_G,117,capsule/test/squeeze/005.png,1,clean_defect,32x32,21,4,0.023213230073451996,0.014854806661605834,0.014933556318283081,0.018286049365997314,0.02656572312116623,0.0384697064757347,0.014835119247436523,0.04144570231437683
TRI_G,117,capsule/test/squeeze/005.png,1,boundary,32x32,21,21,0.013451994352397464,0.0007748231291770935,0.004525899887084961,0.011670142412185669,0.021097570657730103,0.03409773111343384,1.4901161193847656e-08,0.03535372018814087
TRI_G,118,capsule/test/squeeze/006.png,1,abnormal_normal,32x32,29,922,0.011112760680216544,0.00039000455290079123,0.003908112179487944,0.008387526497244835,0.015299126505851746,0.031045325659215448,0.0,0.08031853288412094
TRI_G,118,capsule/test/squeeze/006.png,1,defect,32x32,29,102,0.017272346780872812,0.0013559317216277126,0.006948615424335003,0.014361970126628876,0.024467095732688904,0.04117111191153526,0.0,0.0555252730846405
TRI_G,118,capsule/test/squeeze/006.png,1,clean_defect,32x32,29,73,0.01836772559032048,0.0015496008098125457,0.008148431777954102,0.0164959579706192,0.026202678680419922,0.04088927209377288,0.0,0.0555252730846405
TRI_G,118,capsule/test/squeeze/006.png,1,boundary,32x32,29,29,0.014515013915711436,0.0010194718837738038,0.005851835012435913,0.011329814791679382,0.02042725682258606,0.04166638851165771,0.0,0.04684959352016449
TRI_G,119,capsule/test/squeeze/007.png,1,abnormal_normal,32x32,36,921,0.01191375999945043,0.0006309747695922852,0.004030860960483551,0.008218944072723389,0.01562337577342987,0.035012803971767426,0.0,0.08388657867908478
TRI_G,119,capsule/test/squeeze/007.png,1,defect,32x32,36,103,0.0218170100768793,0.00217692106962204,0.010773442685604095,0.019681185483932495,0.029281385242938995,0.053106300532817834,0.0,0.08467283844947815
TRI_G,119,capsule/test/squeeze/007.png,1,clean_defect,32x32,36,67,0.024684342319396004,0.0031372502446174624,0.012256070971488953,0.022786051034927368,0.030888184905052185,0.05564656257629393,5.5789947509765625e-05,0.08467283844947815
TRI_G,119,capsule/test/squeeze/007.png,1,boundary,32x32,36,36,0.016480586181084316,0.00037873536348342896,0.008141133934259415,0.013408839702606201,0.023345861583948135,0.03547549620270729,0.0,0.04979586601257324
TRI_G,120,capsule/test/squeeze/008.png,1,abnormal_normal,32x32,37,959,0.01000506057364165,0.0004968797788023948,0.0032533714547753334,0.007102811709046364,0.013140421360731125,0.02967765778303142,0.0,0.1154765859246254
TRI_G,120,capsule/test/squeeze/008.png,1,defect,32x32,37,65,0.018891035421536518,0.0033601537346839906,0.008149191737174988,0.015308260917663574,0.027987197041511536,0.044973474740982046,7.450580596923828e-09,0.058623820543289185
TRI_G,120,capsule/test/squeeze/008.png,1,clean_defect,32x32,37,28,0.025894175682749068,0.005173658579587936,0.015312451869249344,0.023723512887954712,0.03791557252407074,0.047134304046630854,0.0034975633025169373,0.058623820543289185
TRI_G,120,capsule/test/squeeze/008.png,1,boundary,32x32,37,37,0.013591361710348644,0.0007544755935668945,0.007921140640974045,0.012649789452552795,0.018898747861385345,0.03051964342594146,7.450580596923828e-09,0.03199496120214462
TRI_G,121,capsule/test/squeeze/009.png,1,abnormal_normal,32x32,38,946,0.01128155089389084,0.0010630348697304726,0.004313175566494465,0.008542557246983051,0.014174390584230423,0.031857495196163654,0.0,0.11418581753969193
TRI_G,121,capsule/test/squeeze/009.png,1,defect,32x32,38,78,0.019618158013774797,0.0038191016763448717,0.011202257126569748,0.017230287194252014,0.026957999914884567,0.04275439083576202,0.0,0.05291181802749634
TRI_G,121,capsule/test/squeeze/009.png,1,clean_defect,32x32,38,40,0.021438736654818057,0.005430289544165135,0.013378355652093887,0.018201790750026703,0.028990883380174637,0.04361023344099521,0.0,0.050621092319488525
TRI_G,121,capsule/test/squeeze/009.png,1,boundary,32x32,38,38,0.017701759444255578,0.0038191016763448717,0.009195951744914055,0.016088565811514854,0.02319362573325634,0.03739314749836921,0.0015250667929649353,0.05291181802749634
TRI_G,122,capsule/test/squeeze/010.png,1,abnormal_normal,32x32,8,1004,0.01080844719593684,0.00029824888333678255,0.0031313453800976276,0.00812852568924427,0.014753186143934727,0.03142034132033584,0.0,0.07690628618001938
TRI_G,122,capsule/test/squeeze/010.png,1,defect,32x32,8,20,0.017429662309587,0.003232915326952934,0.012217484414577484,0.01695050671696663,0.024133000522851944,0.030930987000465395,0.0031271055340766907,0.03203442692756653
TRI_G,122,capsule/test/squeeze/010.png,1,clean_defect,32x32,8,12,0.018894270683328312,0.008207790926098824,0.014113005250692368,0.017414990812540054,0.024133000522851944,0.0300850972533226,0.0031271055340766907,0.03087291121482849
TRI_G,122,capsule/test/squeeze/010.png,1,boundary,32x32,8,8,0.015232749748975039,0.00421671848744154,0.007450263015925884,0.014077141880989075,0.01982245407998562,0.03029804341495037,0.003238484263420105,0.03203442692756653
TRI_G,123,capsule/test/squeeze/011.png,1,abnormal_normal,32x32,27,934,0.010801733612547562,0.0004568330943584443,0.0036142575554549694,0.007855316624045372,0.014793075155466795,0.03001414444297549,0.0,0.08375686407089233
TRI_G,123,capsule/test/squeeze/011.png,1,defect,32x32,27,90,0.01571578909125593,0.0023908551782369615,0.009418599307537079,0.013713106513023376,0.01834883540868759,0.03812484219670295,0.0,0.052046582102775574
TRI_G,123,capsule/test/squeeze/011.png,1,clean_defect,32x32,27,63,0.017878082063463,0.006447955965995789,0.011511225253343582,0.014942735433578491,0.021892070770263672,0.03873096108436584,0.000860258936882019,0.052046582102775574
TRI_G,123,capsule/test/squeeze/011.png,1,boundary,32x32,27,27,0.010670438822772767,0.0009673319756984711,0.003407556563615799,0.008493885397911072,0.01554771140217781,0.025384961068630217,0.0,0.045173317193984985
TRI_G,124,capsule/test/squeeze/012.png,1,abnormal_normal,32x32,23,934,0.011293519804816557,0.0008156150579452515,0.003960138186812401,0.007803292945027351,0.014403684996068478,0.0330271441489458,0.0,0.1043432205915451
TRI_G,124,capsule/test/squeeze/012.png,1,defect,32x32,23,90,0.018717427882883282,0.0011393629014492036,0.007901142351329327,0.015008697286248207,0.027638787403702736,0.05211050063371658,0.0,0.07741044461727142
TRI_G,124,capsule/test/squeeze/012.png,1,clean_defect,32x32,23,67,0.018808975259759532,0.0010458365082740785,0.007913967594504356,0.015437588095664978,0.028159096837043762,0.051195067167282095,0.0,0.07741044461727142
TRI_G,124,capsule/test/squeeze/012.png,1,boundary,32x32,23,23,0.018450746393722038,0.0016877710819244386,0.0077778976410627365,0.01415032148361206,0.022475063800811768,0.054304003715515116,0.0005499944090843201,0.06454208493232727
TRI_G,125,capsule/test/squeeze/013.png,1,abnormal_normal,32x32,27,978,0.011432190282376967,0.0007302734535187483,0.003401251509785652,0.007897449657320976,0.015301075764000416,0.03288985416293142,0.0,0.14965954422950745
TRI_G,125,capsule/test/squeeze/013.png,1,defect,32x32,27,46,0.02116115253580653,0.004298301413655281,0.01040392741560936,0.017467372119426727,0.029482323676347733,0.046688392758369446,0.0009769648313522339,0.0496218204498291
TRI_G,125,capsule/test/squeeze/013.png,1,clean_defect,32x32,27,19,0.014443311252092061,0.0035904824733734133,0.008617959916591644,0.011235222220420837,0.017467372119426727,0.030122753977775547,0.0009769648313522339,0.0414767861366272
TRI_G,125,capsule/test/squeeze/013.png,1,boundary,32x32,27,27,0.02588852232805005,0.0055908836424350735,0.015075741335749626,0.02278006076812744,0.04001916944980621,0.04878332763910293,0.0036911815404891968,0.0496218204498291
TRI_G,126,capsule/test/squeeze/014.png,1,abnormal_normal,32x32,56,890,0.012386993714346645,0.0007933737710118296,0.004523837007582188,0.009077521041035652,0.016752139665186405,0.035442002117633806,0.0,0.09045152366161346
TRI_G,126,capsule/test/squeeze/014.png,1,defect,32x32,56,134,0.018636038971703444,0.0012572795152664185,0.006823482923209667,0.01572207361459732,0.028193950653076172,0.04123475924134253,0.0,0.06716054677963257
TRI_G,126,capsule/test/squeeze/014.png,1,clean_defect,32x32,56,78,0.01853392669596733,0.001604399085044861,0.0069678667932748795,0.016142837703227997,0.028365924954414368,0.03843928948044776,0.0,0.06333012878894806
TRI_G,126,capsule/test/squeeze/014.png,1,boundary,32x32,56,56,0.018778266784335886,0.0012381598353385925,0.006750631146132946,0.0143437460064888,0.027266763150691986,0.045394374057650566,7.450580596923828e-09,0.06716054677963257
TRI_G,127,capsule/test/squeeze/015.png,1,abnormal_normal,32x32,32,970,0.01116705529257348,0.00036146212369203573,0.003717916551977396,0.00837770663201809,0.015263605862855911,0.02982450406998395,0.0,0.08211352676153183
TRI_G,127,capsule/test/squeeze/015.png,1,defect,32x32,32,54,0.022070283415140928,0.0038108933717012406,0.012305807322263718,0.017894446849822998,0.02830471843481064,0.04658017754554744,0.00011408329010009766,0.09099093079566956
TRI_G,127,capsule/test/squeeze/015.png,1,clean_defect,32x32,32,22,0.022255705838853664,0.008172577619552613,0.013594012707471848,0.020310595631599426,0.026552651077508926,0.043690975010395046,0.006433144211769104,0.05167999863624573
TRI_G,127,capsule/test/squeeze/015.png,1,boundary,32x32,32,32,0.021942805498838425,0.002380863204598427,0.01082594320178032,0.01761525124311447,0.028913911432027817,0.048590892925858484,0.00011408329010009766,0.09099093079566956
TRI_G,128,capsule/test/squeeze/016.png,1,abnormal_normal,32x32,21,922,0.009983246731864785,0.0005233851261436939,0.0030396240763366222,0.007141759619116783,0.01293635182082653,0.0286381697282195,0.0,0.14816848933696747
TRI_G,128,capsule/test/squeeze/016.png,1,defect,32x32,21,102,0.01981751481984176,0.0023839475587010385,0.008508726954460144,0.016916831955313683,0.026287060230970383,0.056263852119445644,0.0,0.08367212116718292
TRI_G,128,capsule/test/squeeze/016.png,1,clean_defect,32x32,21,81,0.021732221093074777,0.0032979846000671387,0.00961294025182724,0.01872531697154045,0.02892133593559265,0.06707979738712311,0.0,0.08367212116718292
TRI_G,128,capsule/test/squeeze/016.png,1,boundary,32x32,21,21,0.012432219194514411,0.0006238669157028198,0.004149794578552246,0.009499683976173401,0.017763465642929077,0.030868813395500183,0.0002358369529247284,0.04321396350860596
TRI_G,129,capsule/test/squeeze/017.png,1,abnormal_normal,32x32,19,1002,0.010422660801894294,0.0005754440091550351,0.003081277012825012,0.007309417240321636,0.014408004935830832,0.028351659979671238,0.0,0.08425696194171906
TRI_G,129,capsule/test/squeeze/017.png,1,defect,32x32,19,22,0.02128424851054495,0.004277026653289795,0.012509855441749096,0.019500911235809326,0.028421886265277863,0.044188529253005975,0.002963222563266754,0.05453723669052124
TRI_G,129,capsule/test/squeeze/017.png,1,clean_defect,32x32,19,3,0.024576634168624878,0.021122950315475463,0.0218791663646698,0.02282443642616272,0.026398003101348877,0.0292568564414978,0.02093389630317688,0.029971569776535034
TRI_G,129,capsule/test/squeeze/017.png,1,boundary,32x32,19,19,0.0207643981434797,0.004073181003332138,0.011689849197864532,0.018037602305412292,0.027050107717514038,0.045467387139797186,0.002963222563266754,0.05453723669052124
TRI_G,130,capsule/test/squeeze/018.png,1,abnormal_normal,32x32,15,999,0.010886437410173623,0.0006076864898204804,0.0034997770562767982,0.007703583687543869,0.014164507389068604,0.03387123346328735,0.0,0.07519538700580597
TRI_G,130,capsule/test/squeeze/018.png,1,defect,32x32,15,25,0.019081480503082275,0.0015111945569515235,0.007945626974105835,0.011997103691101074,0.027884572744369507,0.04859440624713895,0.0,0.05866995453834534
TRI_G,130,capsule/test/squeeze/018.png,1,clean_defect,32x32,15,10,0.024400562047958374,0.0077307865023612974,0.008893340826034546,0.019315317273139954,0.03776852414011955,0.05040932074189184,0.0075550079345703125,0.05866995453834534
TRI_G,130,capsule/test/squeeze/018.png,1,boundary,32x32,15,15,0.015535426139831544,0.00045534148812294013,0.005493596196174622,0.010282665491104126,0.02251330390572548,0.042793940007686604,0.0,0.050664760172367096
TRI_G,131,capsule/test/squeeze/019.png,1,abnormal_normal,32x32,12,1001,0.010402501815675081,0.0003040637820959091,0.002768954262137413,0.006771985441446304,0.013943098485469818,0.03238546848297119,0.0,0.1052737832069397
TRI_G,131,capsule/test/squeeze/019.png,1,defect,32x32,12,23,0.016453205810292908,0.0026801710948348044,0.00941423885524273,0.014700368046760559,0.02254534140229225,0.03518198132514953,0.00038522854447364807,0.0430292934179306
TRI_G,131,capsule/test/squeeze/019.png,1,clean_defect,32x32,12,11,0.01863194527951154,0.009621918201446533,0.012567300349473953,0.01662522554397583,0.021145805716514587,0.034618884325027466,0.008340761065483093,0.035322755575180054
TRI_G,131,capsule/test/squeeze/019.png,1,boundary,32x32,12,12,0.014456027963509163,0.0016372373327612879,0.005121014546602964,0.011491766199469566,0.02227453701198101,0.03315866701304911,0.00038522854447364807,0.0430292934179306
BAL_G,0,capsule/test/crack/000.png,1,abnormal_normal,32x32,4,1017,0.009732176435263341,0.0004981040954589844,0.003254994750022888,0.0072855353355407715,0.01296590268611908,0.02809187471866606,0.0,0.09430553019046783
BAL_G,0,capsule/test/crack/000.png,1,defect,32x32,4,7,0.02829192578792572,0.010244302451610565,0.022223547101020813,0.03149643540382385,0.03603319823741913,0.042241282761096954,0.007062286138534546,0.04297126829624176
BAL_G,0,capsule/test/crack/000.png,1,clean_defect,32x32,4,3,0.03452094395955404,0.031499633193016054,0.03151242434978485,0.03152841329574585,0.03603319823741913,0.03963702619075775,0.03149643540382385,0.04053798317909241
BAL_G,0,capsule/test/crack/000.png,1,boundary,32x32,4,4,0.023620162159204483,0.008653294295072556,0.015017326921224594,0.022223547101020813,0.030826382339000702,0.04054229110479354,0.007062286138534546,0.04297126829624176
BAL_G,1,capsule/test/crack/001.png,1,abnormal_normal,32x32,20,978,0.011592646302742949,0.0004833713173866272,0.003979966044425964,0.007985606789588928,0.015497595071792603,0.034510085731744765,0.0,0.07439520955085754
BAL_G,1,capsule/test/crack/001.png,1,defect,32x32,20,46,0.03945517572371856,0.012088730931282043,0.02720838040113449,0.036339715123176575,0.05152022838592529,0.0719405859708786,0.005825608968734741,0.08220422267913818
BAL_G,1,capsule/test/crack/001.png,1,clean_defect,32x32,20,26,0.04678572828953083,0.02720838040113449,0.03261447697877884,0.04554092884063721,0.05572532117366791,0.0719405859708786,0.01722872257232666,0.07795709371566772
BAL_G,1,capsule/test/crack/001.png,1,boundary,32x32,20,20,0.029925457388162612,0.0111961230635643,0.01640459895133972,0.027326740324497223,0.03625059872865677,0.05905234068632127,0.005825608968734741,0.08220422267913818
BAL_G,2,capsule/test/crack/002.png,1,abnormal_normal,32x32,4,1018,0.010736623687453728,0.0006085246801376343,0.0036469101905822754,0.007616207003593445,0.014557182788848877,0.030443548411130904,0.0,0.10532486438751221
BAL_G,2,capsule/test/crack/002.png,1,defect,32x32,4,6,0.02084238827228546,0.007314469665288925,0.020896703004837036,0.02291399985551834,0.024844404309988022,0.02924920618534088,0.0028701424598693848,0.030644044280052185
BAL_G,2,capsule/test/crack/002.png,1,clean_defect,32x32,4,2,0.02741379290819168,0.02450656667351723,0.02579866722226143,0.02741379290819168,0.029028918594121933,0.030321019142866133,0.024183541536331177,0.030644044280052185
BAL_G,2,capsule/test/crack/002.png,1,boundary,32x32,4,4,0.01755668595433235,0.005536738783121109,0.016203124076128006,0.021145954728126526,0.02249951660633087,0.024551656842231748,0.0028701424598693848,0.02506469190120697
BAL_G,3,capsule/test/crack/003.png,1,abnormal_normal,32x32,4,1017,0.010203622098400412,0.00039162635803222654,0.0030178874731063843,0.007000774145126343,0.012937843799591064,0.032056775689125044,0.0,0.10273726284503937
BAL_G,3,capsule/test/crack/003.png,1,defect,32x32,4,7,0.02959084723676954,0.010583093762397766,0.015272840857505798,0.03495970368385315,0.03691406548023224,0.052263206243515,0.009092241525650024,0.05871017277240753
BAL_G,3,capsule/test/crack/003.png,1,clean_defect,32x32,4,3,0.03500756621360779,0.011905045807361602,0.023156262934207916,0.03722028434276581,0.04796522855758667,0.05656118392944336,0.009092241525650024,0.05871017277240753
BAL_G,3,capsule/test/crack/003.png,1,boundary,32x32,4,4,0.025528308004140854,0.01442507654428482,0.015878386795520782,0.025721818208694458,0.03537173941731453,0.03636062517762184,0.01406174898147583,0.03660784661769867
BAL_G,4,capsule/test/crack/004.png,1,abnormal_normal,32x32,9,1013,0.009981988521930848,0.0003823518753051758,0.003260403871536255,0.007040530443191528,0.01326492428779602,0.029517507553100585,0.0,0.09136930108070374
BAL_G,4,capsule/test/crack/004.png,1,defect,32x32,9,11,0.03720198707147078,0.013916604220867157,0.03274941444396973,0.03942978382110596,0.04496146738529205,0.05358544737100601,0.011659085750579834,0.05380252003669739
BAL_G,4,capsule/test/crack/004.png,1,clean_defect,32x32,9,2,0.03419259190559387,0.029479119181632995,0.03157399594783783,0.03419259190559387,0.036811187863349915,0.038906064629554746,0.028955399990081787,0.03942978382110596
BAL_G,4,capsule/test/crack/004.png,1,boundary,32x32,9,9,0.03787074155277676,0.013465100526809692,0.036543428897857666,0.04028749465942383,0.04872652888298035,0.05362886190414429,0.011659085750579834,0.05380252003669739
BAL_G,5,capsule/test/crack/005.png,1,abnormal_normal,32x32,7,1013,0.009956383222653388,0.00038233399391174316,0.003154262900352478,0.0070237815380096436,0.01325315237045288,0.028048008680343624,0.0,0.1613587737083435
BAL_G,5,capsule/test/crack/005.png,1,defect,32x32,7,11,0.022739564830606632,0.004440382122993469,0.005603477358818054,0.02352917194366455,0.03552578389644623,0.04322286695241928,0.00439983606338501,0.04841235280036926
BAL_G,5,capsule/test/crack/005.png,1,clean_defect,32x32,7,4,0.039374325424432755,0.03466141372919083,0.036143191158771515,0.03739698976278305,0.04062812402844429,0.04685550704598426,0.034290969371795654,0.04841235280036926
BAL_G,5,capsule/test/crack/005.png,1,boundary,32x32,7,7,0.01323398734842028,0.004424163699150085,0.004842042922973633,0.0060037970542907715,0.022148869931697845,0.026835468411445615,0.00439983606338501,0.028252452611923218
BAL_G,6,capsule/test/crack/006.png,1,abnormal_normal,32x32,10,1009,0.009984073187598388,0.0004982709884643555,0.003277301788330078,0.0070462822914123535,0.013072371482849121,0.030625161528587325,0.0,0.1181052178144455
BAL_G,6,capsule/test/crack/006.png,1,defect,32x32,10,15,0.04146039684613546,0.023121550679206848,0.03953756392002106,0.04307319223880768,0.047714829444885254,0.05336342751979827,0.003435373306274414,0.05790448188781738
BAL_G,6,capsule/test/crack/006.png,1,clean_defect,32x32,10,5,0.04701957106590271,0.039788049459457395,0.040516942739486694,0.04645034670829773,0.05062025785446167,0.05644763708114624,0.03960582613945007,0.05790448188781738
BAL_G,6,capsule/test/crack/006.png,1,boundary,32x32,10,10,0.038680809736251834,0.016090773046016693,0.03820723295211792,0.041514813899993896,0.04689359664916992,0.04978895932435989,0.003435373306274414,0.051417261362075806
BAL_G,7,capsule/test/crack/007.png,1,abnormal_normal,32x32,11,1009,0.010128488153130614,0.0005525887012481691,0.003231927752494812,0.007020503282546997,0.013912945985794067,0.029535531997680605,0.0,0.07027657330036163
BAL_G,7,capsule/test/crack/007.png,1,defect,32x32,11,15,0.013456586003303527,0.0,0.0054039061069488525,0.011348873376846313,0.019914552569389343,0.034649884700775145,0.0,0.03703382611274719
BAL_G,7,capsule/test/crack/007.png,1,clean_defect,32x32,11,4,0.018380872905254364,0.005572161078453064,0.011069223284721375,0.01614588499069214,0.023457534611225128,0.034318567812442774,0.004197895526885986,0.03703382611274719
BAL_G,7,capsule/test/crack/007.png,1,boundary,32x32,11,11,0.011665936220775951,0.0,0.003344506025314331,0.010758236050605774,0.016229771077632904,0.028384849429130554,0.0,0.0336281955242157
BAL_G,8,capsule/test/crack/008.png,1,abnormal_normal,32x32,9,1013,0.00998934176690722,0.0004941165447235107,0.0033615082502365112,0.007189899682998657,0.013206183910369873,0.02977766692638397,0.0,0.057666122913360596
BAL_G,8,capsule/test/crack/008.png,1,defect,32x32,9,11,0.0287949646061117,0.01512843370437622,0.018229395151138306,0.019227415323257446,0.04227079451084137,0.05099175125360489,0.014607459306716919,0.052241697907447815
BAL_G,8,capsule/test/crack/008.png,1,clean_defect,32x32,9,2,0.030268773436546326,0.019494782388210296,0.02428322285413742,0.030268773436546326,0.03625432401895523,0.04104276448488235,0.018297672271728516,0.042239874601364136
BAL_G,8,capsule/test/crack/008.png,1,boundary,32x32,9,9,0.028467451532681782,0.01502423882484436,0.018161118030548096,0.019227415323257446,0.042301714420318604,0.051241740584373474,0.014607459306716919,0.052241697907447815
BAL_G,9,capsule/test/crack/009.png,1,abnormal_normal,32x32,16,1005,0.010160441407516822,0.0005356401205062867,0.003312617540359497,0.006922662258148193,0.013420701026916504,0.029144164919853208,0.0,0.1499045193195343
BAL_G,9,capsule/test/crack/009.png,1,defect,32x32,16,19,0.021510171262841476,0.0033280715346336366,0.007805980741977692,0.013927161693572998,0.031043119728565216,0.05577382445335384,0.0026787221431732178,0.07304872572422028
BAL_G,9,capsule/test/crack/009.png,1,clean_defect,32x32,16,3,0.03864666819572449,0.0187383309006691,0.021445639431476593,0.024829775094985962,0.04893925040960312,0.06822683066129684,0.018061503767967224,0.07304872572422028
BAL_G,9,capsule/test/crack/009.png,1,boundary,32x32,16,16,0.01829707808792591,0.0032198466360569,0.007322132587432861,0.01254117488861084,0.030938956886529922,0.041268326342105865,0.0026787221431732178,0.05385439097881317
BAL_G,10,capsule/test/crack/010.png,1,abnormal_normal,32x32,10,996,0.009193365877292243,0.0001391284167766571,0.0025650784373283386,0.006907075643539429,0.012550614774227142,0.026007071137428284,0.0,0.07180729508399963
BAL_G,10,capsule/test/crack/010.png,1,defect,32x32,10,28,0.017030591943434308,0.0014183402061462406,0.010230712592601776,0.016154490411281586,0.022725556045770645,0.03408766984939575,0.0,0.050905242562294006
BAL_G,10,capsule/test/crack/010.png,1,clean_defect,32x32,10,18,0.017840180959966447,0.00535058081150055,0.012494530528783798,0.017666779458522797,0.023556895554065704,0.03264082670211792,0.0002841353416442871,0.035100460052490234
BAL_G,10,capsule/test/crack/010.png,1,boundary,32x32,10,10,0.015573331713676452,0.001586124300956726,0.008923180401325226,0.01325305551290512,0.017225097864866257,0.03818445056676861,0.0,0.050905242562294006
BAL_G,11,capsule/test/crack/011.png,1,abnormal_normal,32x32,7,1013,0.01065599029885581,0.0008910387754440308,0.0036475658416748047,0.007652550935745239,0.013788491487503052,0.0296640396118164,0.0,0.17485696077346802
BAL_G,11,capsule/test/crack/011.png,1,defect,32x32,7,11,0.018063901500268417,0.00418023020029068,0.008432410657405853,0.016069382429122925,0.02619016170501709,0.03576149046421051,0.002793237566947937,0.042074888944625854
BAL_G,11,capsule/test/crack/011.png,1,clean_defect,32x32,7,4,0.027108732610940933,0.013292758911848068,0.022143986076116562,0.027640044689178467,0.03260479122400284,0.040180869400501244,0.011079952120780945,0.042074888944625854
BAL_G,11,capsule/test/crack/011.png,1,boundary,32x32,7,7,0.01289542657988412,0.003625433146953583,0.005808725953102112,0.010814592242240906,0.019247189164161682,0.02531132698059082,0.002793237566947937,0.026548326015472412
BAL_G,12,capsule/test/crack/012.png,1,abnormal_normal,32x32,8,1013,0.010720771236339655,0.0005543947219848633,0.003581315279006958,0.007651656866073608,0.014652460813522339,0.03136631548404693,0.0,0.05926154553890228
BAL_G,12,capsule/test/crack/012.png,1,defect,32x32,8,11,0.020727356726473026,0.004349552094936371,0.009058281779289246,0.017743811011314392,0.03144441545009613,0.03916008025407791,0.0020712167024612427,0.04422388970851898
BAL_G,12,capsule/test/crack/012.png,1,clean_defect,32x32,8,3,0.026932870348294575,0.008959782123565675,0.018287360668182373,0.029946833848953247,0.037085361778736115,0.042796184122562406,0.006627887487411499,0.04422388970851898
BAL_G,12,capsule/test/crack/012.png,1,boundary,32x32,8,8,0.018400289118289948,0.0037411220371723177,0.010166235268115997,0.016565077006816864,0.02837008237838745,0.0336922749876976,0.0020712167024612427,0.03409627079963684
BAL_G,13,capsule/test/crack/013.png,1,abnormal_normal,32x32,2,1022,0.00937240290840078,0.00033757239580154433,0.0026927590370178223,0.006570950150489807,0.012511424720287323,0.029580149799585335,0.0,0.06270274519920349
BAL_G,13,capsule/test/crack/013.png,1,defect,32x32,2,2,0.040624380111694336,0.034398651123046874,0.03716564178466797,0.040624380111694336,0.0440831184387207,0.0468501091003418,0.0337069034576416,0.04754185676574707
BAL_G,13,capsule/test/crack/013.png,1,clean_defect,32x32,2,0,,,,,,,,
BAL_G,13,capsule/test/crack/013.png,1,boundary,32x32,2,2,0.040624380111694336,0.034398651123046874,0.03716564178466797,0.040624380111694336,0.0440831184387207,0.0468501091003418,0.0337069034576416,0.04754185676574707
BAL_G,14,capsule/test/crack/014.png,1,abnormal_normal,32x32,3,1020,0.010259233619652542,0.00029445290565490736,0.0031810104846954346,0.007394418120384216,0.01394067332148552,0.03018078356981277,0.0,0.08500376343727112
BAL_G,14,capsule/test/crack/014.png,1,defect,32x32,3,4,0.010598365217447281,0.0034163467586040496,0.003489132970571518,0.010233081877231598,0.01734231412410736,0.018291780352592466,0.0033981502056121826,0.018529146909713745
BAL_G,14,capsule/test/crack/014.png,1,clean_defect,32x32,3,1,0.0169467031955719,0.0169467031955719,0.0169467031955719,0.0169467031955719,0.0169467031955719,0.0169467031955719,0.0169467031955719,0.0169467031955719
BAL_G,14,capsule/test/crack/014.png,1,boundary,32x32,3,3,0.008482252558072409,0.003410281240940094,0.0034588053822517395,0.0035194605588912964,0.01102430373430252,0.0170281782746315,0.0033981502056121826,0.018529146909713745
BAL_G,15,capsule/test/crack/015.png,1,abnormal_normal,32x32,6,1006,0.010326079313252603,0.0004863925278186798,0.0033126771450042725,0.007127776741981506,0.013373970985412598,0.030725646764039993,0.0,0.10581232607364655
BAL_G,15,capsule/test/crack/015.png,1,defect,32x32,6,18,0.029546635846296947,0.015765351802110673,0.022329874336719513,0.0249178409576416,0.03312955051660538,0.04724503159523007,0.015376240015029907,0.06649601459503174
BAL_G,15,capsule/test/crack/015.png,1,clean_defect,32x32,6,12,0.02912837639451027,0.01829652637243271,0.022556722164154053,0.02776189148426056,0.03545466065406799,0.04236887991428375,0.015376240015029907,0.04384779930114746
BAL_G,15,capsule/test/crack/015.png,1,boundary,32x32,6,6,0.0303831547498703,0.017405208200216293,0.0224774032831192,0.023691430687904358,0.028807837516069412,0.0574888251721859,0.0158340185880661,0.06649601459503174
BAL_G,16,capsule/test/crack/016.png,1,abnormal_normal,32x32,6,1016,0.009934335873704257,0.00039391592144966125,0.0030650682747364044,0.007067427039146423,0.013301629573106766,0.030314330011606216,0.0,0.07074235379695892
BAL_G,16,capsule/test/crack/016.png,1,defect,32x32,6,8,0.029339710250496864,0.000812382996082306,0.004148639738559723,0.03834731876850128,0.04723535478115082,0.05313978940248489,0.0,0.05567096173763275
BAL_G,16,capsule/test/crack/016.png,1,clean_defect,32x32,6,2,0.04487040638923645,0.04165863543748856,0.04308608919382095,0.04487040638923645,0.04665472358465195,0.04808217734098434,0.04130177199840546,0.048439040780067444
BAL_G,16,capsule/test/crack/016.png,1,boundary,32x32,6,6,0.024162811537583668,0.0005802735686302185,0.002930276095867157,0.020075343549251556,0.043973810970783234,0.05346175283193588,0.0,0.05567096173763275
BAL_G,17,capsule/test/crack/017.png,1,abnormal_normal,32x32,7,1012,0.010227788578380238,0.0005931474268436433,0.0029959380626678467,0.007205262780189514,0.014463283121585846,0.03014756813645363,0.0,0.08863762021064758
BAL_G,17,capsule/test/crack/017.png,1,defect,32x32,7,12,0.035835438718398414,0.013691380620002747,0.02787114679813385,0.038597166538238525,0.045529916882514954,0.054011447727680205,0.009511768817901611,0.05715695023536682
BAL_G,17,capsule/test/crack/017.png,1,clean_defect,32x32,7,5,0.04023784399032593,0.026426827907562254,0.03638643026351929,0.04359102249145508,0.04583698511123657,0.050317680835723876,0.023936927318572998,0.0514378547668457
BAL_G,17,capsule/test/crack/017.png,1,boundary,32x32,7,7,0.03269086352416447,0.01179155707359314,0.02314680814743042,0.029638245701789856,0.04311773180961609,0.05363813340663909,0.009511768817901611,0.05715695023536682
BAL_G,18,capsule/test/crack/018.png,1,abnormal_normal,32x32,5,1017,0.010423085096428645,0.0004982590675354005,0.0032832175493240356,0.00782725214958191,0.014085069298744202,0.02953354716300964,0.0,0.09262558817863464
BAL_G,18,capsule/test/crack/018.png,1,defect,32x32,5,7,0.020828061870166233,0.010630631446838379,0.01670178771018982,0.02145373821258545,0.02612382173538208,0.029106687009334564,0.009187370538711548,0.02950410544872284
BAL_G,18,capsule/test/crack/018.png,1,clean_defect,32x32,5,2,0.02612382173538208,0.024273821711540224,0.025096043944358826,0.02612382173538208,0.027151599526405334,0.027973821759223937,0.02406826615333557,0.02817937731742859
BAL_G,18,capsule/test/crack/018.png,1,boundary,32x32,5,5,0.018709757924079896,0.010149544477462769,0.013998240232467651,0.019405335187911987,0.02145373821258545,0.02789403200149536,0.009187370538711548,0.02950410544872284
BAL_G,19,capsule/test/crack/019.png,1,abnormal_normal,32x32,4,1017,0.010865439121467643,0.0007733166217803955,0.0035747140645980835,0.007589071989059448,0.01416894793510437,0.030925384163856474,0.0,0.12020134925842285
BAL_G,19,capsule/test/crack/019.png,1,defect,32x32,4,7,0.03890774931226458,0.012984615564346316,0.04037448763847351,0.041228264570236206,0.04372705519199371,0.05697450041770934,0.0012850165367126465,0.06163787841796875
BAL_G,19,capsule/test/crack/019.png,1,clean_defect,32x32,4,3,0.027958035469055176,0.005279341340065003,0.021256640553474426,0.041228264570236206,0.04129454493522644,0.04134756922721863,0.0012850165367126465,0.041360825300216675
BAL_G,19,capsule/test/crack/019.png,1,boundary,32x32,4,4,0.04712003469467163,0.0403109222650528,0.040419891476631165,0.043279290199279785,0.04997943341732025,0.05930618941783904,0.0402836799621582,0.06163787841796875
BAL_G,20,capsule/test/crack/020.png,1,abnormal_normal,32x32,2,1022,0.010040535910488807,0.00016060620546340946,0.003039143979549408,0.0069855377078056335,0.013565465807914734,0.028617036342620847,0.0,0.0981450080871582
BAL_G,20,capsule/test/crack/020.png,1,defect,32x32,2,2,0.014218948781490326,0.01353660151362419,0.01383986696600914,0.014218948781490326,0.014598030596971512,0.014901296049356461,0.013460785150527954,0.014977112412452698
BAL_G,20,capsule/test/crack/020.png,1,clean_defect,32x32,2,0,,,,,,,,
BAL_G,20,capsule/test/crack/020.png,1,boundary,32x32,2,2,0.014218948781490326,0.01353660151362419,0.01383986696600914,0.014218948781490326,0.014598030596971512,0.014901296049356461,0.013460785150527954,0.014977112412452698
BAL_G,21,capsule/test/crack/021.png,1,abnormal_normal,32x32,4,1020,0.0107303894033619,0.000589335709810257,0.0034814737737178802,0.007415242493152618,0.013909909874200821,0.03243240416049957,0.0,0.11578269302845001
BAL_G,21,capsule/test/crack/021.png,1,defect,32x32,4,4,0.028393693268299103,0.017929629981517793,0.02131166309118271,0.027005091309547424,0.03408712148666382,0.04080179929733276,0.017084121704101562,0.04248046875
BAL_G,21,capsule/test/crack/021.png,1,clean_defect,32x32,4,0,,,,,,,,
BAL_G,21,capsule/test/crack/021.png,1,boundary,32x32,4,4,0.028393693268299103,0.017929629981517793,0.02131166309118271,0.027005091309547424,0.03408712148666382,0.04080179929733276,0.017084121704101562,0.04248046875
BAL_G,22,capsule/test/crack/022.png,1,abnormal_normal,32x32,3,1021,0.009305625161508155,0.0005530714988708496,0.002634987235069275,0.005870446562767029,0.01306694746017456,0.028606146574020386,0.0,0.06564493477344513
BAL_G,22,capsule/test/crack/022.png,1,defect,32x32,3,3,0.03378185133139292,0.02419767379760742,0.026058077812194824,0.028383582830429077,0.0388064906001091,0.04714481681585312,0.02373257279396057,0.049229398369789124
BAL_G,22,capsule/test/crack/022.png,1,clean_defect,32x32,3,0,,,,,,,,
BAL_G,22,capsule/test/crack/022.png,1,boundary,32x32,3,3,0.03378185133139292,0.02419767379760742,0.026058077812194824,0.028383582830429077,0.0388064906001091,0.04714481681585312,0.02373257279396057,0.049229398369789124
BAL_G,23,capsule/test/faulty_imprint/000.png,1,abnormal_normal,32x32,4,1017,0.010578556456983149,0.00037799775600433366,0.0035341084003448486,0.007616639137268066,0.014585360884666443,0.032080432772636405,0.0,0.08820052444934845
BAL_G,23,capsule/test/faulty_imprint/000.png,1,defect,32x32,4,7,0.0329538711479732,0.008927568793296814,0.01604287326335907,0.0214671790599823,0.0544520765542984,0.06132853329181671,0.00597718358039856,0.06224283576011658
BAL_G,23,capsule/test/faulty_imprint/000.png,1,clean_defect,32x32,4,3,0.05704899628957113,0.05065760910511017,0.0544520765542984,0.05919516086578369,0.060718998312950134,0.06193806827068329,0.04970899224281311,0.06224283576011658
BAL_G,23,capsule/test/faulty_imprint/000.png,1,boundary,32x32,4,4,0.01488252729177475,0.007452376186847687,0.013353146612644196,0.01604287326335907,0.017572253942489624,0.020688194036483764,0.00597718358039856,0.0214671790599823
BAL_G,24,capsule/test/faulty_imprint/001.png,1,abnormal_normal,32x32,3,1018,0.010213179107616365,0.00020585358142852784,0.0031428076326847076,0.007133699953556061,0.013633288443088531,0.02993438988924026,0.0,0.08822590112686157
BAL_G,24,capsule/test/faulty_imprint/001.png,1,defect,32x32,3,6,0.04333621263504028,0.022752180695533752,0.02839624509215355,0.03472248464822769,0.05916093289852142,0.0733797587454319,0.02153068780899048,0.07544703781604767
BAL_G,24,capsule/test/faulty_imprint/001.png,1,clean_defect,32x32,3,3,0.027427449822425842,0.022019284963607787,0.023973673582077026,0.026416659355163574,0.030375830829143524,0.03354316800832748,0.02153068780899048,0.034335002303123474
BAL_G,24,capsule/test/faulty_imprint/001.png,1,boundary,32x32,3,3,0.059244975447654724,0.038316762447357176,0.05114394426345825,0.0671779215335846,0.07131247967481613,0.07462012618780137,0.03510996699333191,0.07544703781604767
BAL_G,25,capsule/test/faulty_imprint/002.png,1,abnormal_normal,32x32,4,1017,0.00942578204086045,0.0002624273300170899,0.002845749258995056,0.007196962833404541,0.013257816433906555,0.025915369391441345,0.0,0.06188499927520752
BAL_G,25,capsule/test/faulty_imprint/002.png,1,defect,32x32,4,7,0.032580937658037455,0.014060698449611664,0.0178108811378479,0.032314836978912354,0.04739345610141754,0.05172564685344696,0.013420969247817993,0.05192208290100098
BAL_G,25,capsule/test/faulty_imprint/002.png,1,clean_defect,32x32,4,3,0.04890299836794535,0.044294384121894834,0.04739345610141754,0.05126729607582092,0.05159468948841095,0.05185660421848297,0.04351961612701416,0.05192208290100098
BAL_G,25,capsule/test/faulty_imprint/002.png,1,boundary,32x32,4,4,0.020339392125606537,0.013740833848714828,0.01502029225230217,0.0178108811378479,0.023129981011152267,0.030477865785360332,0.013420969247817993,0.032314836978912354
BAL_G,26,capsule/test/faulty_imprint/003.png,1,abnormal_normal,32x32,6,1016,0.009594836602295478,0.0003292486071586609,0.0029946081340312958,0.006936885416507721,0.012554004788398743,0.02744251862168312,0.0,0.11621680855751038
BAL_G,26,capsule/test/faulty_imprint/003.png,1,defect,32x32,6,8,0.018188364803791046,0.0067398443818092344,0.010005306452512741,0.012657217681407928,0.02010202407836914,0.04146971330046653,0.005502760410308838,0.043966323137283325
BAL_G,26,capsule/test/faulty_imprint/003.png,1,clean_defect,32x32,6,2,0.040399737656116486,0.03718981072306633,0.038616444915533066,0.040399737656116486,0.042183030396699905,0.04360966458916664,0.036833152174949646,0.043966323137283325
BAL_G,26,capsule/test/faulty_imprint/003.png,1,boundary,32x32,6,6,0.0107845738530159,0.006386391818523407,0.00935995951294899,0.01110171526670456,0.013048101216554642,0.014253482222557068,0.005502760410308838,0.014524981379508972
BAL_G,27,capsule/test/faulty_imprint/004.png,1,abnormal_normal,32x32,15,967,0.00985089659444302,0.0003108635544776917,0.0028839781880378723,0.00719296932220459,0.013679087162017822,0.027986705303192135,0.0,0.0998850017786026
BAL_G,27,capsule/test/faulty_imprint/004.png,1,defect,32x32,15,57,0.02262770946611438,0.002547508478164673,0.010929405689239502,0.020508289337158203,0.028015688061714172,0.05234426259994505,0.0,0.09668999910354614
BAL_G,27,capsule/test/faulty_imprint/004.png,1,clean_defect,32x32,15,42,0.024728597274848392,0.00295403003692627,0.01236850768327713,0.022013850510120392,0.029580343514680862,0.0509984530508518,0.0,0.09668999910354614
BAL_G,27,capsule/test/faulty_imprint/004.png,1,boundary,32x32,15,15,0.01674522360165914,0.0031153544783592228,0.006971724331378937,0.013607129454612732,0.024034559726715088,0.03773469924926755,0.0011377036571502686,0.05680447816848755
BAL_G,28,capsule/test/faulty_imprint/005.png,1,abnormal_normal,32x32,16,969,0.009590040357981427,7.572770118713386e-05,0.002579599618911743,0.006658151745796204,0.012699156999588013,0.02978088855743406,0.0,0.11420360207557678
BAL_G,28,capsule/test/faulty_imprint/005.png,1,defect,32x32,16,55,0.026651742512529546,0.005421184003353119,0.010860823094844818,0.01771688461303711,0.0348636731505394,0.08040364533662796,0.0,0.13254603743553162
BAL_G,28,capsule/test/faulty_imprint/005.png,1,clean_defect,32x32,16,39,0.027891910993135892,0.008201611042022706,0.012993939220905304,0.019212812185287476,0.03257429599761963,0.0821145057678223,0.0,0.13254603743553162
BAL_G,28,capsule/test/faulty_imprint/005.png,1,boundary,32x32,16,16,0.02362883184105158,0.0040272995829582214,0.00916801393032074,0.014280259609222412,0.03813333809375763,0.05937124043703079,0.00039623677730560303,0.08043098449707031
BAL_G,29,capsule/test/faulty_imprint/006.png,1,abnormal_normal,32x32,4,1018,0.010209672811691793,0.0009768463671207428,0.0036125481128692627,0.007424741983413696,0.013339590281248093,0.027786754071712494,0.0,0.0917445719242096
BAL_G,29,capsule/test/faulty_imprint/006.png,1,defect,32x32,4,6,0.02172686904668808,0.01706431806087494,0.018197908997535706,0.01934746652841568,0.02282901480793953,0.030783265829086304,0.01668757200241089,0.03317445516586304
BAL_G,29,capsule/test/faulty_imprint/006.png,1,clean_defect,32x32,4,2,0.01744776964187622,0.016763591766357423,0.017067670822143555,0.01744776964187622,0.017827868461608887,0.018131947517395018,0.01668757200241089,0.018207967281341553
BAL_G,29,capsule/test/faulty_imprint/006.png,1,boundary,32x32,4,4,0.02386641874909401,0.018538417667150496,0.019913863390684128,0.022048331797122955,0.026000887155532837,0.031739741563797,0.01819455623626709,0.03317445516586304
BAL_G,30,capsule/test/faulty_imprint/007.png,1,abnormal_normal,32x32,8,1014,0.009772876927838523,0.0003241285681724553,0.0030946657061576843,0.007239729166030884,0.012943081557750702,0.026701071113347997,0.0,0.05519112944602966
BAL_G,30,capsule/test/faulty_imprint/007.png,1,defect,32x32,8,10,0.027596788108348848,0.003683912754058838,0.016282763332128525,0.02115284651517868,0.04344377666711807,0.05896612182259559,0.002240106463432312,0.06019429862499237
BAL_G,30,capsule/test/faulty_imprint/007.png,1,clean_defect,32x32,8,2,0.0588296577334404,0.05760148093104363,0.05814733728766441,0.0588296577334404,0.059511978179216385,0.06005783453583717,0.05746501684188843,0.06019429862499237
BAL_G,30,capsule/test/faulty_imprint/007.png,1,boundary,32x32,8,8,0.019788570702075958,0.0033630669116973878,0.013336226344108582,0.01833755522966385,0.023594848811626434,0.04108907431364058,0.002240106463432312,0.04933053255081177
BAL_G,31,capsule/test/faulty_imprint/008.png,1,abnormal_normal,32x32,7,1015,0.0106072655745915,0.00021439492702484135,0.0029690489172935486,0.007474571466445923,0.014108508825302124,0.0328451320528984,0.0,0.1683754026889801
BAL_G,31,capsule/test/faulty_imprint/008.png,1,defect,32x32,7,9,0.0320403923590978,0.014859336614608764,0.030561402440071106,0.03588347136974335,0.03680764138698578,0.04338189363479614,0.012782543897628784,0.04686242341995239
BAL_G,31,capsule/test/faulty_imprint/008.png,1,clean_defect,32x32,7,2,0.03548170626163483,0.03307025283575058,0.034142009913921356,0.03548170626163483,0.0368214026093483,0.03789315968751907,0.032802313566207886,0.03816109895706177
BAL_G,31,capsule/test/faulty_imprint/008.png,1,boundary,32x32,7,7,0.03105715981551579,0.01434013843536377,0.02426796406507492,0.03588347136974335,0.036667875945568085,0.0438459888100624,0.012782543897628784,0.04686242341995239
BAL_G,32,capsule/test/faulty_imprint/009.png,1,abnormal_normal,32x32,6,1016,0.009643811160537202,0.00013624876737594604,0.002938583493232727,0.006885789334774017,0.013295978307723999,0.02860845997929573,0.0,0.07447901368141174
BAL_G,32,capsule/test/faulty_imprint/009.png,1,defect,32x32,6,8,0.02184954844415188,0.004310622811317444,0.011574499309062958,0.0148172527551651,0.03197270259261131,0.0484789341688156,0.0006470084190368652,0.05585387349128723
BAL_G,32,capsule/test/faulty_imprint/009.png,1,clean_defect,32x32,6,2,0.03379085659980774,0.013934141397476197,0.022759348154067993,0.03379085659980774,0.044822365045547485,0.05364757180213928,0.011727839708328247,0.05585387349128723
BAL_G,32,capsule/test/faulty_imprint/009.png,1,boundary,32x32,6,6,0.01786911239226659,0.0032638758420944214,0.011782720685005188,0.0148172527551651,0.027238812297582626,0.03384597972035408,0.0006470084190368652,0.034782618284225464
BAL_G,33,capsule/test/faulty_imprint/010.png,1,abnormal_normal,32x32,3,1018,0.01122660257200361,0.0009264223277568817,0.0036836788058280945,0.00804351270198822,0.014782097190618515,0.030349462479352943,0.0,0.11963346600532532
BAL_G,33,capsule/test/faulty_imprint/010.png,1,defect,32x32,3,6,0.027764794727166493,0.006580188870429993,0.009258095175027847,0.01660642772912979,0.03245345130562782,0.07117952406406403,0.006456837058067322,0.08237463235855103
BAL_G,33,capsule/test/faulty_imprint/010.png,1,clean_defect,32x32,3,3,0.013223230838775635,0.0074293181300163266,0.011319242417812347,0.016181647777557373,0.01660642772912979,0.016946251690387725,0.006456837058067322,0.01703120768070221
BAL_G,33,capsule/test/faulty_imprint/010.png,1,boundary,32x32,3,3,0.04230635861555735,0.010014639794826507,0.022272221744060516,0.03759419918060303,0.059984415769577026,0.07789658904075622,0.006950244307518005,0.08237463235855103
BAL_G,34,capsule/test/faulty_imprint/011.png,1,abnormal_normal,32x32,3,1020,0.01071338558606073,0.0006701886653900147,0.003670845180749893,0.008143492043018341,0.014207184314727783,0.030725898593664168,0.0,0.07969774305820465
BAL_G,34,capsule/test/faulty_imprint/011.png,1,defect,32x32,3,4,0.025547754019498825,0.010921778529882431,0.011615585535764694,0.021559350192546844,0.035491518676280975,0.045757494866847985,0.010748326778411865,0.048323988914489746
BAL_G,34,capsule/test/faulty_imprint/011.png,1,clean_defect,32x32,3,1,0.048323988914489746,0.048323988914489746,0.048323988914489746,0.048323988914489746,0.048323988914489746,0.048323988914489746,0.048323988914489746,0.048323988914489746
BAL_G,34,capsule/test/faulty_imprint/011.png,1,boundary,32x32,3,3,0.017955675721168518,0.010863961279392242,0.011326499283313751,0.011904671788215637,0.021559350192546844,0.029283092916011808,0.010748326778411865,0.031214028596878052
BAL_G,35,capsule/test/faulty_imprint/012.png,1,abnormal_normal,32x32,6,1010,0.01001828938427538,0.000470714271068573,0.0035367943346500397,0.007652148604393005,0.013830184936523438,0.026893655210733412,0.0,0.07886630296707153
BAL_G,35,capsule/test/faulty_imprint/012.png,1,defect,32x32,6,14,0.01924960208790643,0.004988818615674973,0.013789039105176926,0.018659912049770355,0.023457571864128113,0.03583043664693832,0.004335001111030579,0.038576096296310425
BAL_G,35,capsule/test/faulty_imprint/012.png,1,clean_defect,32x32,6,8,0.02203528955578804,0.0051120810210704805,0.015437241643667221,0.02161543071269989,0.031714409589767456,0.03709766417741775,0.004335001111030579,0.038576096296310425
BAL_G,35,capsule/test/faulty_imprint/012.png,1,boundary,32x32,6,6,0.015535352130730947,0.007447585463523865,0.013789039105176926,0.01604483276605606,0.018750600516796112,0.0220494344830513,0.005340874195098877,0.023091942071914673
BAL_G,36,capsule/test/faulty_imprint/013.png,1,abnormal_normal,32x32,10,1012,0.011041927169787554,0.000309683382511139,0.003408007323741913,0.007708720862865448,0.014629483222961426,0.032238067686557764,0.0,0.10123039782047272
BAL_G,36,capsule/test/faulty_imprint/013.png,1,defect,32x32,10,12,0.03410127138098081,0.0028428524732589723,0.020301971584558487,0.031781092286109924,0.044039301574230194,0.07358394488692283,0.0028096437454223633,0.08250957727432251
BAL_G,36,capsule/test/faulty_imprint/013.png,1,clean_defect,32x32,10,2,0.0385555699467659,0.03505377843976021,0.03661013022065163,0.0385555699467659,0.04050100967288017,0.04205736145377159,0.034664690494537354,0.042446449398994446
BAL_G,36,capsule/test/faulty_imprint/013.png,1,boundary,32x32,10,10,0.03321041166782379,0.002836814522743225,0.011236082762479782,0.027585551142692566,0.046885259449481964,0.0752067871391773,0.0028096437454223633,0.08250957727432251
BAL_G,37,capsule/test/faulty_imprint/014.png,1,abnormal_normal,32x32,11,1009,0.011985670025686561,0.0008707255125045777,0.003831818699836731,0.008258670568466187,0.015437796711921692,0.0344742476940155,0.0,0.10030776262283325
BAL_G,37,capsule/test/faulty_imprint/014.png,1,defect,32x32,11,15,0.032006510098775226,0.013896003365516663,0.02497706562280655,0.027828708291053772,0.03789442777633667,0.05641854256391524,0.008098557591438293,0.06361706554889679
BAL_G,37,capsule/test/faulty_imprint/014.png,1,clean_defect,32x32,11,4,0.032673925161361694,0.02502171993255615,0.025508522987365723,0.03039427101612091,0.03755967319011688,0.04351764619350433,0.02490001916885376,0.045007139444351196
BAL_G,37,capsule/test/faulty_imprint/014.png,1,boundary,32x32,11,11,0.03176381371238015,0.012239590287208557,0.02296832948923111,0.027828708291053772,0.03789442777633667,0.05847526341676712,0.008098557591438293,0.06361706554889679
BAL_G,38,capsule/test/faulty_imprint/015.png,1,abnormal_normal,32x32,4,1019,0.010417664644762625,0.0007715493440628052,0.0032125040888786316,0.007404714822769165,0.013967521488666534,0.03211829215288161,0.0,0.07321539521217346
BAL_G,38,capsule/test/faulty_imprint/015.png,1,defect,32x32,4,5,0.04558269679546356,0.01695416569709778,0.02199217677116394,0.02348858118057251,0.07700693607330322,0.08718628883361816,0.015694662928581238,0.0897311270236969
BAL_G,38,capsule/test/faulty_imprint/015.png,1,clean_defect,32x32,4,1,0.0897311270236969,0.0897311270236969,0.0897311270236969,0.0897311270236969,0.0897311270236969,0.0897311270236969,0.0897311270236969,0.0897311270236969
BAL_G,38,capsule/test/faulty_imprint/015.png,1,boundary,32x32,4,4,0.03454558923840523,0.016639290004968645,0.020417798310518265,0.022740378975868225,0.03686816990375519,0.0689791828393936,0.015694662928581238,0.07700693607330322
BAL_G,39,capsule/test/faulty_imprint/016.png,1,abnormal_normal,32x32,6,1016,0.010732449444494849,0.000551082193851471,0.003305964171886444,0.007797911763191223,0.014720253646373749,0.03135199099779129,0.0,0.10278888046741486
BAL_G,39,capsule/test/faulty_imprint/016.png,1,defect,32x32,6,8,0.030877400189638138,0.012432881444692612,0.017852861434221268,0.02894340455532074,0.038509875535964966,0.056182449311017985,0.010882794857025146,0.05931513011455536
BAL_G,39,capsule/test/faulty_imprint/016.png,1,clean_defect,32x32,6,2,0.02894340455532074,0.024798385798931122,0.026640616357326508,0.02894340455532074,0.031246192753314972,0.03308842331171036,0.024337828159332275,0.033548980951309204
BAL_G,39,capsule/test/faulty_imprint/016.png,1,boundary,32x32,6,6,0.03152206540107727,0.011989999562501907,0.01615869626402855,0.026629120111465454,0.046413034200668335,0.057077500969171524,0.010882794857025146,0.05931513011455536
BAL_G,40,capsule/test/faulty_imprint/017.png,1,abnormal_normal,32x32,6,1015,0.010500504920635317,0.0004595354199409485,0.0038768574595451355,0.007916867733001709,0.014217481017112732,0.028803369402885408,0.0,0.0853220671415329
BAL_G,40,capsule/test/faulty_imprint/017.png,1,defect,32x32,6,9,0.030851405527856614,0.009288516640663148,0.02305164933204651,0.030057832598686218,0.04161188006401062,0.05186544954776764,0.006379827857017517,0.053555771708488464
BAL_G,40,capsule/test/faulty_imprint/017.png,1,clean_defect,32x32,6,3,0.04816587269306183,0.0423836886882782,0.04547092318534851,0.0493299663066864,0.05144286900758743,0.05313319116830826,0.04161188006401062,0.053555771708488464
BAL_G,40,capsule/test/faulty_imprint/017.png,1,boundary,32x32,6,6,0.02219417194525401,0.008197758346796036,0.01600157469511032,0.026166416704654694,0.029863670468330383,0.030571699142456055,0.006379827857017517,0.030742987990379333
BAL_G,41,capsule/test/faulty_imprint/018.png,1,abnormal_normal,32x32,6,1016,0.010889681848132705,0.0006073713302612305,0.0035370104014873505,0.007792286574840546,0.014323845505714417,0.02898550033569336,0.0,0.10592138767242432
BAL_G,41,capsule/test/faulty_imprint/018.png,1,defect,32x32,6,8,0.02221742831170559,0.006544528901576996,0.00784868374466896,0.02274932712316513,0.02735765650868416,0.045855347812175734,0.006316125392913818,0.05462715029716492
BAL_G,41,capsule/test/faulty_imprint/018.png,1,clean_defect,32x32,6,2,0.04209600389003754,0.030817972123622896,0.035830430686473846,0.04209600389003754,0.04836157709360123,0.05337403565645218,0.029564857482910156,0.05462715029716492
BAL_G,41,capsule/test/faulty_imprint/018.png,1,boundary,32x32,6,6,0.015591236452261606,0.006479270756244659,0.007262032479047775,0.015015468001365662,0.02317952737212181,0.025868874043226242,0.006316125392913818,0.026621922850608826
BAL_G,42,capsule/test/faulty_imprint/019.png,1,abnormal_normal,32x32,6,1017,0.010270077482437313,0.0005203962326049805,0.0036159753799438477,0.007526621222496033,0.01391535997390747,0.029997491836547843,0.0,0.08016684651374817
BAL_G,42,capsule/test/faulty_imprint/019.png,1,defect,32x32,6,7,0.018167983208383833,0.006461866199970245,0.01067402958869934,0.015010729432106018,0.024134039878845215,0.03476746082305908,0.005283147096633911,0.03726586699485779
BAL_G,42,capsule/test/faulty_imprint/019.png,1,clean_defect,32x32,6,1,0.03726586699485779,0.03726586699485779,0.03726586699485779,0.03726586699485779,0.03726586699485779,0.03726586699485779,0.03726586699485779,0.03726586699485779
BAL_G,42,capsule/test/faulty_imprint/019.png,1,boundary,32x32,6,6,0.01498500257730484,0.006265413016080856,0.009943120181560516,0.013573288917541504,0.01825035735964775,0.026535943150520325,0.005283147096633911,0.028937846422195435
BAL_G,43,capsule/test/faulty_imprint/020.png,1,abnormal_normal,32x32,3,1018,0.009790965083305868,0.00015091300010681153,0.002703934907913208,0.006415076553821564,0.01296122744679451,0.029058800637722003,0.0,0.1553199589252472
BAL_G,43,capsule/test/faulty_imprint/020.png,1,defect,32x32,3,6,0.04957975695530573,0.024166151881217957,0.03825170919299126,0.0531376376748085,0.06480132788419724,0.06824681907892227,0.01994338631629944,0.06928092241287231
BAL_G,43,capsule/test/faulty_imprint/020.png,1,clean_defect,32x32,3,3,0.06606573859850566,0.06390905678272248,0.06445814669132233,0.06514450907707214,0.06721271574497223,0.0688672810792923,0.06377178430557251,0.06928092241287231
BAL_G,43,capsule/test/faulty_imprint/020.png,1,boundary,32x32,3,3,0.03309377531210581,0.021632492542266846,0.028388917446136475,0.03683444857597351,0.039668969810009,0.0419365867972374,0.01994338631629944,0.042503491044044495
BAL_G,44,capsule/test/faulty_imprint/021.png,1,abnormal_normal,32x32,3,1018,0.009294094440979199,0.00017290115356445314,0.002727203071117401,0.006533779203891754,0.012598168104887009,0.02699373811483383,0.0,0.08897875249385834
BAL_G,44,capsule/test/faulty_imprint/021.png,1,defect,32x32,3,6,0.05489311615626017,0.03298952430486679,0.038442809134721756,0.054665058851242065,0.06872335821390152,0.07880948483943939,0.03283636271953583,0.08074736595153809
BAL_G,44,capsule/test/faulty_imprint/021.png,1,clean_defect,32x32,3,3,0.06988303860028584,0.057614901661872865,0.06445087492465973,0.07299584150314331,0.0768716037273407,0.07997221350669861,0.05590590834617615,0.08074736595153809
BAL_G,44,capsule/test/faulty_imprint/021.png,1,boundary,32x32,3,3,0.0399031937122345,0.03289762735366821,0.033142685890197754,0.03344900906085968,0.04343660920858383,0.05142668932676315,0.03283636271953583,0.05342420935630798
BAL_G,45,capsule/test/good/000.png,0,normal_image,32x32,0,1024,0.009813826167373918,0.0003700882196426392,0.0030204840004444122,0.007067352533340454,0.013355553150177002,0.02768175601959228,0.0,0.15118753910064697
BAL_G,46,capsule/test/good/001.png,0,normal_image,32x32,0,1024,0.009029981418279931,0.0001150786876678468,0.002546846866607666,0.005952604115009308,0.01240992546081543,0.028703964501619324,0.0,0.08104860782623291
BAL_G,47,capsule/test/good/002.png,0,normal_image,32x32,0,1024,0.010996441458701156,0.0006352782249450684,0.0031966939568519592,0.007636107504367828,0.014656446874141693,0.033028598874807344,0.0,0.10889685153961182
BAL_G,48,capsule/test/good/003.png,0,normal_image,32x32,0,1024,0.009553609939757735,0.00026281177997589117,0.003128655254840851,0.007086649537086487,0.013200685381889343,0.027064175158739084,0.0,0.06155012547969818
BAL_G,49,capsule/test/good/004.png,0,normal_image,32x32,0,1024,0.010085945599712431,0.0002901345491409302,0.003319159150123596,0.006960958242416382,0.013934548944234848,0.0297523535788059,0.0,0.1006002426147461
BAL_G,50,capsule/test/good/005.png,0,normal_image,32x32,0,1024,0.009622343175578862,0.0005944281816482545,0.002970367670059204,0.007174462080001831,0.012841258198022842,0.029229096323251706,0.0,0.062053561210632324
BAL_G,51,capsule/test/good/006.png,0,normal_image,32x32,0,1024,0.010147052627871744,0.00018765032291412356,0.0033632665872573853,0.007349960505962372,0.013587888330221176,0.02942761555314058,0.0,0.1037919670343399
BAL_G,52,capsule/test/good/007.png,0,normal_image,32x32,0,1024,0.010238677656161599,0.0006893008947372438,0.0035034604370594025,0.007661350071430206,0.013834677636623383,0.02865211889147755,0.0,0.1075488030910492
BAL_G,53,capsule/test/good/008.png,0,normal_image,32x32,0,1024,0.010029342040070333,0.0003954567015171052,0.0031680986285209656,0.00705333799123764,0.013577263802289963,0.030647543072700446,0.0,0.06911006569862366
BAL_G,54,capsule/test/good/009.png,0,normal_image,32x32,0,1024,0.010165277810301632,0.0004418946802616121,0.0033828020095825195,0.007379941642284393,0.013595305383205414,0.029695910960435865,0.0,0.09709678590297699
BAL_G,55,capsule/test/good/010.png,0,normal_image,32x32,0,1024,0.009753452759468928,0.00036221891641616825,0.0030679889023303986,0.006994552910327911,0.013690702617168427,0.02644025981426238,0.0,0.10204297304153442
BAL_G,56,capsule/test/good/011.png,0,normal_image,32x32,0,1024,0.009768258139956743,0.00044066086411476135,0.003017086535692215,0.0067238882184028625,0.01320246234536171,0.028827291727066034,0.0,0.07645575702190399
BAL_G,57,capsule/test/good/012.png,0,normal_image,32x32,0,1024,0.010228210187051445,0.0006151944398880005,0.003483448177576065,0.007582575082778931,0.01373874768614769,0.02982416376471519,0.0,0.06996889412403107
BAL_G,58,capsule/test/good/013.png,0,normal_image,32x32,0,1024,0.009567928762407973,0.00024534240365028384,0.002623680979013443,0.0065683647990226746,0.012476097792387009,0.030129639804363218,0.0,0.12552794814109802
BAL_G,59,capsule/test/good/014.png,0,normal_image,32x32,0,1024,0.010573175095487386,0.00048625916242599497,0.0032536834478378296,0.007396668195724487,0.013874370604753494,0.03076947107911108,0.0,0.09802688658237457
BAL_G,60,capsule/test/good/015.png,0,normal_image,32x32,0,1024,0.010224840996670537,0.0005838148295879364,0.0032784827053546906,0.007409252226352692,0.01387234777212143,0.029333528876304613,0.0,0.07710108160972595
BAL_G,61,capsule/test/good/016.png,0,normal_image,32x32,0,1024,0.009704030497232452,0.00011691749095916753,0.002726621925830841,0.006694532930850983,0.012832138687372208,0.030247057974338434,0.0,0.1367027461528778
BAL_G,62,capsule/test/good/017.png,0,normal_image,32x32,0,1024,0.009038720483658835,0.00016208738088607788,0.002989772707223892,0.0065824538469314575,0.012213695794343948,0.025869899988174436,0.0,0.05813080072402954
BAL_G,63,capsule/test/good/018.png,0,normal_image,32x32,0,1024,0.010516570779145695,0.0004987314343452455,0.003602985292673111,0.00755339115858078,0.01391531154513359,0.029516104608774185,0.0,0.12420228123664856
BAL_G,64,capsule/test/good/019.png,0,normal_image,32x32,0,1024,0.010727947534178384,0.0005446434020996095,0.003232944756746292,0.007136926054954529,0.014041252434253693,0.03276987001299857,0.0,0.14283794164657593
BAL_G,65,capsule/test/good/020.png,0,normal_image,32x32,0,1024,0.01007470369222574,0.0003304764628410341,0.003018222749233246,0.006650641560554504,0.012674704194068909,0.030862675607204394,0.0,0.13633055984973907
BAL_G,66,capsule/test/good/021.png,0,normal_image,32x32,0,1024,0.01023091956449207,0.00020035654306411744,0.002827189862728119,0.007106699049472809,0.013461295515298843,0.0310527987778186,0.0,0.11565753817558289
BAL_G,67,capsule/test/good/022.png,0,normal_image,32x32,0,1024,0.009350630061817355,0.0001889899373054505,0.0027612894773483276,0.006697669625282288,0.012467611581087112,0.029360554367303806,0.0,0.07487240433692932
BAL_G,68,capsule/test/poke/000.png,1,abnormal_normal,32x32,8,1003,0.010687240262925328,0.0007932186126708984,0.003780178725719452,0.007908910512924194,0.013996057212352753,0.030624653398990617,0.0,0.10690188407897949
BAL_G,68,capsule/test/poke/000.png,1,defect,32x32,8,21,0.03106337430931273,0.003505319356918335,0.020417898893356323,0.02841895818710327,0.0402301549911499,0.05602511763572693,0.0015513300895690918,0.05951005220413208
BAL_G,68,capsule/test/poke/000.png,1,clean_defect,32x32,8,13,0.032778377716357894,0.009603393077850342,0.025637328624725342,0.029886186122894287,0.0402301549911499,0.05741909146308898,0.003505319356918335,0.05951005220413208
BAL_G,68,capsule/test/poke/000.png,1,boundary,32x32,8,8,0.028276493772864342,0.00632317140698433,0.01873297616839409,0.027529090642929077,0.03917911648750305,0.04954822659492492,0.0015513300895690918,0.05088174343109131
BAL_G,69,capsule/test/poke/001.png,1,abnormal_normal,32x32,5,1017,0.010887101058176954,0.0005989193916320801,0.003973484039306641,0.008211448788642883,0.01454201340675354,0.028484970331192017,0.0,0.1871505230665207
BAL_G,69,capsule/test/poke/001.png,1,defect,32x32,5,7,0.015517051730837141,0.003907327353954316,0.011577412486076355,0.017009839415550232,0.02037131041288376,0.02443699091672897,0.0018953531980514526,0.025816723704338074
BAL_G,69,capsule/test/poke/001.png,1,clean_defect,32x32,5,2,0.012805886566638947,0.00902232900261879,0.010703910142183304,0.012805886566638947,0.01490786299109459,0.016589444130659103,0.008601933717727661,0.017009839415550232
BAL_G,69,capsule/test/poke/001.png,1,boundary,32x32,5,5,0.01660151779651642,0.0044268608093261715,0.014552891254425049,0.019525006413459778,0.02121761441230774,0.024896901845932008,0.0018953531980514526,0.025816723704338074
BAL_G,70,capsule/test/poke/002.png,1,abnormal_normal,32x32,5,1018,0.009781513282615685,0.0001942567527294159,0.002747282385826111,0.006856895983219147,0.013444297015666962,0.02941026985645294,0.0,0.07782575488090515
BAL_G,70,capsule/test/poke/002.png,1,defect,32x32,5,6,0.025234681864579517,0.0005870833992958069,0.003581315279006958,0.02266387641429901,0.04433353990316391,0.0545845590531826,0.0,0.05730311572551727
BAL_G,70,capsule/test/poke/002.png,1,clean_defect,32x32,5,1,0.04642888903617859,0.04642888903617859,0.04642888903617859,0.04642888903617859,0.04642888903617859,0.04642888903617859,0.04642888903617859,0.04642888903617859
BAL_G,70,capsule/test/poke/002.png,1,boundary,32x32,5,5,0.020995840430259705,0.00046966671943664555,0.0023483335971832275,0.007280260324478149,0.03804749250411987,0.05345199108123779,0.0,0.05730311572551727
BAL_G,71,capsule/test/poke/003.png,1,abnormal_normal,32x32,4,1018,0.01088877824411411,0.0004091218113899231,0.0034165792167186737,0.007476992905139923,0.01440054178237915,0.031574936211109156,0.0,0.09246678650379181
BAL_G,71,capsule/test/poke/003.png,1,defect,32x32,4,6,0.01758027821779251,0.0019092224538326263,0.007986903190612793,0.017778269946575165,0.024316754192113876,0.0349249430000782,0.0005465149879455566,0.03815925121307373
BAL_G,71,capsule/test/poke/003.png,1,clean_defect,32x32,4,2,0.01107373833656311,0.001599237322807312,0.0058101266622543335,0.01107373833656311,0.016337350010871887,0.02054823935031891,0.0005465149879455566,0.021600961685180664
BAL_G,71,capsule/test/poke/003.png,1,boundary,32x32,4,4,0.02083354815840721,0.00719107985496521,0.011966019868850708,0.01958879828453064,0.028456326574087143,0.03621866628527641,0.0059973448514938354,0.03815925121307373
BAL_G,72,capsule/test/poke/004.png,1,abnormal_normal,32x32,12,1008,0.009360558309015773,0.000101199746131897,0.002554789185523987,0.006553292274475098,0.012443892657756805,0.028229168802499767,0.0,0.08697101473808289
BAL_G,72,capsule/test/poke/004.png,1,defect,32x32,12,16,0.02541082724928856,0.0009868964552879333,0.00819319486618042,0.018502667546272278,0.04099366441369057,0.058222174644470215,0.0,0.06588806211948395
BAL_G,72,capsule/test/poke/004.png,1,clean_defect,32x32,12,4,0.022888008505105972,0.0024135157465934756,0.006804130971431732,0.024113014340400696,0.040196891874074936,0.04164749309420585,0.0013158619403839111,0.042010143399238586
BAL_G,72,capsule/test/poke/004.png,1,boundary,32x32,12,12,0.026251766830682755,0.0037146814167499545,0.008900996297597885,0.018502667546272278,0.04321114718914032,0.06026641130447387,0.0,0.06588806211948395
BAL_G,73,capsule/test/poke/005.png,1,abnormal_normal,32x32,4,1020,0.010998355232033075,0.000448848307132721,0.0035277046263217926,0.007776238024234772,0.014849528670310974,0.031479072570800765,0.0,0.07640886306762695
BAL_G,73,capsule/test/poke/005.png,1,defect,32x32,4,4,0.03729763627052307,0.03350035846233368,0.033711716532707214,0.03548703342676163,0.039072953164577484,0.043629758059978485,0.033447518944740295,0.044768959283828735
BAL_G,73,capsule/test/poke/005.png,1,clean_defect,32x32,4,0,,,,,,,,
BAL_G,73,capsule/test/poke/005.png,1,boundary,32x32,4,4,0.03729763627052307,0.03350035846233368,0.033711716532707214,0.03548703342676163,0.039072953164577484,0.043629758059978485,0.033447518944740295,0.044768959283828735
BAL_G,74,capsule/test/poke/006.png,1,abnormal_normal,32x32,6,1018,0.01014937295016699,0.0005741201341152192,0.0034134462475776672,0.007526680827140808,0.013628527522087097,0.02809142842888832,0.0,0.13018381595611572
BAL_G,74,capsule/test/poke/006.png,1,defect,32x32,6,6,0.033113062381744385,0.017847485840320587,0.023152418434619904,0.028146646916866302,0.040809713304042816,0.055682118982076645,0.01615293323993683,0.059713736176490784
BAL_G,74,capsule/test/poke/006.png,1,clean_defect,32x32,6,0,,,,,,,,
BAL_G,74,capsule/test/poke/006.png,1,boundary,32x32,6,6,0.033113062381744385,0.017847485840320587,0.023152418434619904,0.028146646916866302,0.040809713304042816,0.055682118982076645,0.01615293323993683,0.059713736176490784
BAL_G,75,capsule/test/poke/007.png,1,abnormal_normal,32x32,3,1020,0.009876618066839144,5.781054496765138e-05,0.0028539709746837616,0.0069236233830451965,0.013701409101486206,0.029664373397827144,0.0,0.08587929606437683
BAL_G,75,capsule/test/poke/007.png,1,defect,32x32,3,4,0.01433071494102478,0.0034952603280544283,0.00576363131403923,0.011611081659793854,0.020178165286779404,0.028973656147718425,0.0029281675815582275,0.031172528862953186
BAL_G,75,capsule/test/poke/007.png,1,clean_defect,32x32,3,1,0.006708785891532898,0.006708785891532898,0.006708785891532898,0.006708785891532898,0.006708785891532898,0.006708785891532898,0.006708785891532898,0.006708785891532898
BAL_G,75,capsule/test/poke/007.png,1,boundary,32x32,3,3,0.016871357957522076,0.004286688566207886,0.009720772504806519,0.01651337742805481,0.023842953145503998,0.029706613719463346,0.0029281675815582275,0.031172528862953186
BAL_G,76,capsule/test/poke/008.png,1,abnormal_normal,32x32,13,1005,0.010927028813172335,0.0010295629501342774,0.003969103097915649,0.007748886942863464,0.014566123485565186,0.03089374899864196,0.0,0.10703504085540771
BAL_G,76,capsule/test/poke/008.png,1,defect,32x32,13,19,0.026087774257910878,0.012403723597526551,0.019313715398311615,0.023475855588912964,0.029391929507255554,0.04673969447612758,0.010491549968719482,0.06402167677879333
BAL_G,76,capsule/test/poke/008.png,1,clean_defect,32x32,13,6,0.03301817178726196,0.023312747478485107,0.02474983036518097,0.0269785076379776,0.03158462792634964,0.05623779445886612,0.02300339937210083,0.06402167677879333
BAL_G,76,capsule/test/poke/008.png,1,boundary,32x32,13,13,0.022889129244364224,0.011766332387924194,0.015782371163368225,0.02107846736907959,0.02835869789123535,0.03827697634696959,0.010491549968719482,0.04481947422027588
BAL_G,77,capsule/test/poke/009.png,1,abnormal_normal,32x32,9,1014,0.009287817605736222,0.00022154301404953008,0.002794407308101654,0.006767600774765015,0.012440860271453857,0.02869041040539741,0.0,0.06953942775726318
BAL_G,77,capsule/test/poke/009.png,1,defect,32x32,9,10,0.012923425436019898,0.0023608818650245667,0.005934514105319977,0.006827332079410553,0.017947755753993988,0.032472448796033844,0.00218239426612854,0.038403838872909546
BAL_G,77,capsule/test/poke/009.png,1,clean_defect,32x32,9,1,0.002579033374786377,0.002579033374786377,0.002579033374786377,0.002579033374786377,0.002579033374786377,0.002579033374786377,0.002579033374786377,0.002579033374786377
BAL_G,77,capsule/test/poke/009.png,1,boundary,32x32,9,9,0.01407280233171251,0.003655463457107544,0.006142854690551758,0.00723835825920105,0.018303796648979187,0.03313149213790893,0.00218239426612854,0.038403838872909546
BAL_G,78,capsule/test/poke/010.png,1,abnormal_normal,32x32,4,1018,0.010057358909215346,0.00043454170227050785,0.0027644261717796326,0.006560973823070526,0.013466469943523407,0.03137984350323677,0.0,0.09291072189807892
BAL_G,78,capsule/test/poke/010.png,1,defect,32x32,4,6,0.030473388731479645,0.004708435386419296,0.01969229057431221,0.030740514397621155,0.04672396928071976,0.05228037387132645,0.0,0.053297966718673706
BAL_G,78,capsule/test/poke/010.png,1,clean_defect,32x32,4,2,0.026648983359336853,0.0026648983359336856,0.013324491679668427,0.026648983359336853,0.03997347503900528,0.05063306838274002,0.0,0.053297966718673706
BAL_G,78,capsule/test/poke/010.png,1,boundary,32x32,4,4,0.03238559141755104,0.0193488709628582,0.02140938863158226,0.030740514397621155,0.041716717183589935,0.04772541970014572,0.018833741545677185,0.04922759532928467
BAL_G,79,capsule/test/poke/011.png,1,abnormal_normal,32x32,7,1016,0.010117989605454009,0.0003765374422073364,0.0034667886793613434,0.007149636745452881,0.013592194765806198,0.030325837433338165,0.0,0.0838085412979126
BAL_G,79,capsule/test/poke/011.png,1,defect,32x32,7,8,0.030048424378037453,0.0137105792760849,0.02249690517783165,0.028614670038223267,0.037535808980464935,0.048127308487892144,0.009970903396606445,0.051651567220687866
BAL_G,79,capsule/test/poke/011.png,1,clean_defect,32x32,7,1,0.029941260814666748,0.029941260814666748,0.029941260814666748,0.029941260814666748,0.029941260814666748,0.029941260814666748,0.029941260814666748,0.029941260814666748
BAL_G,79,capsule/test/poke/011.png,1,boundary,32x32,7,7,0.030063733458518982,0.013176339864730836,0.021883167326450348,0.027288079261779785,0.03888462483882904,0.048630774021148675,0.009970903396606445,0.051651567220687866
BAL_G,80,capsule/test/poke/012.png,1,abnormal_normal,32x32,5,1016,0.011182154374798452,0.00040127336978912354,0.0037582367658615112,0.007861822843551636,0.014232669025659561,0.031113453209400177,0.0,0.1181793212890625
BAL_G,80,capsule/test/poke/012.png,1,defect,32x32,5,8,0.013693258166313171,0.0,0.0038619674742221832,0.008952237665653229,0.022427786141633987,0.03456514477729797,0.0,0.03884910047054291
BAL_G,80,capsule/test/poke/012.png,1,clean_defect,32x32,5,3,0.008869742353757223,0.0,0.0,0.0,0.013304613530635834,0.023948304355144497,0.0,0.026609227061271667
BAL_G,80,capsule/test/poke/012.png,1,boundary,32x32,5,5,0.01658736765384674,0.005862495303153992,0.008715316653251648,0.00918915867805481,0.02103397250175476,0.03528607487678528,0.005149289965629578,0.03884910047054291
BAL_G,81,capsule/test/poke/013.png,1,abnormal_normal,32x32,5,1016,0.010287606443359158,0.00046947598457336426,0.003495350480079651,0.00720667839050293,0.013635929673910141,0.03129291534423828,0.0,0.10592804849147797
BAL_G,81,capsule/test/poke/013.png,1,defect,32x32,5,8,0.03173919580876827,0.015041692554950714,0.017682161182165146,0.024218924343585968,0.0495988130569458,0.05469353795051574,0.014393553137779236,0.057263731956481934
BAL_G,81,capsule/test/poke/013.png,1,clean_defect,32x32,5,3,0.0316501259803772,0.01907474398612976,0.02272936701774597,0.027297645807266235,0.03839464485645294,0.0472722440958023,0.018161088228225708,0.04949164390563965
BAL_G,81,capsule/test/poke/013.png,1,boundary,32x32,5,5,0.031792637705802915,0.014763918519020081,0.01624538004398346,0.0211402028799057,0.04992032051086426,0.0557950496673584,0.014393553137779236,0.057263731956481934
BAL_G,82,capsule/test/poke/014.png,1,abnormal_normal,32x32,9,1013,0.01081777074965414,0.0003788471221923828,0.0037849843502044678,0.008011400699615479,0.014665231108665466,0.03001456260681152,0.0,0.12062685191631317
BAL_G,82,capsule/test/poke/014.png,1,defect,32x32,9,11,0.024214579300446945,0.005667924880981445,0.017837725579738617,0.02085292339324951,0.029552258551120758,0.05001913756132126,0.000752568244934082,0.05446155369281769
BAL_G,82,capsule/test/poke/014.png,1,clean_defect,32x32,9,2,0.019676677882671356,0.018479963392019273,0.019011836498975754,0.019676677882671356,0.02034151926636696,0.02087339237332344,0.01834699511528015,0.02100636065006256
BAL_G,82,capsule/test/poke/014.png,1,boundary,32x32,9,9,0.025223001837730408,0.004684853553771973,0.017506301403045654,0.02085292339324951,0.032002151012420654,0.05090762078762054,0.000752568244934082,0.05446155369281769
BAL_G,83,capsule/test/poke/015.png,1,abnormal_normal,32x32,13,1007,0.011083194802865726,0.0005673676729202271,0.0038627460598945618,0.00794634222984314,0.014636799693107605,0.030719614028930645,0.0,0.09669731557369232
BAL_G,83,capsule/test/poke/015.png,1,defect,32x32,13,17,0.02137727860142203,0.0027198076248168947,0.005889087915420532,0.020012706518173218,0.0286998450756073,0.04899531602859494,0.0025366544723510742,0.08478337526321411
BAL_G,83,capsule/test/poke/015.png,1,clean_defect,32x32,13,4,0.023997928947210312,0.009665746241807938,0.02241281047463417,0.028211966156959534,0.029797084629535675,0.03243045955896377,0.006478980183601379,0.0330888032913208
BAL_G,83,capsule/test/poke/015.png,1,boundary,32x32,13,13,0.020570924648871787,0.0026740193367004394,0.003644227981567383,0.014831170439720154,0.022624552249908447,0.05794233083724969,0.0025366544723510742,0.08478337526321411
BAL_G,84,capsule/test/poke/016.png,1,abnormal_normal,32x32,5,1018,0.010324447483468384,0.0005928218364715577,0.0032881684601306915,0.007338561117649078,0.01363677904009819,0.03126752823591231,0.0,0.09079685807228088
BAL_G,84,capsule/test/poke/016.png,1,defect,32x32,5,6,0.0111861452460289,0.0036059990525245667,0.004494663327932358,0.008413977921009064,0.018326476216316223,0.021701253950595856,0.003418266773223877,0.02205178141593933
BAL_G,84,capsule/test/poke/016.png,1,clean_defect,32x32,5,1,0.02205178141593933,0.02205178141593933,0.02205178141593933,0.02205178141593933,0.02205178141593933,0.02205178141593933,0.02205178141593933,0.02205178141593933
BAL_G,84,capsule/test/poke/016.png,1,boundary,32x32,5,5,0.009013018012046814,0.0035684525966644285,0.004169195890426636,0.005471065640449524,0.011356890201568604,0.018791115283966063,0.003418266773223877,0.02064967155456543
BAL_G,85,capsule/test/poke/017.png,1,abnormal_normal,32x32,4,1020,0.010347981268868727,0.0005285471677780151,0.0032787472009658813,0.0075155943632125854,0.014039646834135056,0.029085791856050487,0.0,0.11196456849575043
BAL_G,85,capsule/test/poke/017.png,1,defect,32x32,4,4,0.014830321073532104,0.008426643908023834,0.00981951504945755,0.010557569563388824,0.015568375587463379,0.02721585035324096,0.008078426122665405,0.030127719044685364
BAL_G,85,capsule/test/poke/017.png,1,clean_defect,32x32,4,0,,,,,,,,
BAL_G,85,capsule/test/poke/017.png,1,boundary,32x32,4,4,0.014830321073532104,0.008426643908023834,0.00981951504945755,0.010557569563388824,0.015568375587463379,0.02721585035324096,0.008078426122665405,0.030127719044685364
BAL_G,86,capsule/test/poke/018.png,1,abnormal_normal,32x32,5,1016,0.010447357803231149,0.0005976296961307526,0.0032053664326667786,0.007373549044132233,0.01415061205625534,0.03093624860048294,0.0,0.08791738748550415
BAL_G,86,capsule/test/poke/018.png,1,defect,32x32,5,8,0.017554637044668198,0.006422559171915055,0.010609280318021774,0.0185253843665123,0.02201065421104431,0.02982324510812759,0.006063222885131836,0.0323522686958313
BAL_G,86,capsule/test/poke/018.png,1,clean_defect,32x32,5,3,0.019795844952265423,0.007554104924201966,0.013517633080482483,0.02097204327583313,0.026662155985832214,0.03121424615383148,0.006063222885131836,0.0323522686958313
BAL_G,86,capsule/test/poke/018.png,1,boundary,32x32,5,5,0.016209912300109864,0.00802839994430542,0.011782407760620117,0.01675848662853241,0.020292282104492188,0.02415964603424072,0.007089897990226746,0.025126487016677856
BAL_G,87,capsule/test/poke/019.png,1,abnormal_normal,32x32,8,1015,0.010003983343176067,0.00043849349021911625,0.003085717558860779,0.007166534662246704,0.01388995349407196,0.028890366852283467,0.0,0.07006406784057617
BAL_G,87,capsule/test/poke/019.png,1,defect,32x32,8,9,0.03138753937350379,0.0026934325695037844,0.008532211184501648,0.021076470613479614,0.02429807186126709,0.10190747976303098,0.0,0.13007304072380066
BAL_G,87,capsule/test/poke/019.png,1,clean_defect,32x32,8,1,0.02429807186126709,0.02429807186126709,0.02429807186126709,0.02429807186126709,0.02429807186126709,0.02429807186126709,0.02429807186126709,0.02429807186126709
BAL_G,87,capsule/test/poke/019.png,1,boundary,32x32,8,8,0.03227372281253338,0.0023567534983158114,0.008082553744316101,0.015653401613235474,0.03132854029536247,0.10542817488312717,0.0,0.13007304072380066
BAL_G,88,capsule/test/poke/020.png,1,abnormal_normal,32x32,5,1017,0.009954260513845799,0.00015664100646972673,0.003134220838546753,0.007070600986480713,0.014060333371162415,0.02965549230575561,0.0,0.06923568248748779
BAL_G,88,capsule/test/poke/020.png,1,defect,32x32,5,7,0.019708754760878428,0.008579421043395995,0.012779667973518372,0.014231950044631958,0.02306082844734192,0.0393003150820732,0.006893277168273926,0.04515506327152252
BAL_G,88,capsule/test/poke/020.png,1,clean_defect,32x32,5,2,0.012779667973518372,0.012540347874164581,0.012646712362766266,0.012779667973518372,0.012912623584270477,0.013018988072872162,0.01251375675201416,0.013045579195022583
BAL_G,88,capsule/test/poke/020.png,1,boundary,32x32,5,5,0.022480389475822447,0.008361011743545532,0.014231950044631958,0.020482420921325684,0.025639235973358154,0.04125189781188965,0.006893277168273926,0.04515506327152252
BAL_G,89,capsule/test/scratch/000.png,1,abnormal_normal,32x32,18,1006,0.01006656988833107,0.0003066547214984894,0.0029296502470970154,0.006839334964752197,0.014170918613672256,0.028751779347658157,0.0,0.08992227911949158
BAL_G,89,capsule/test/scratch/000.png,1,defect,32x32,18,18,0.0279455218050215,0.008105111867189409,0.013859018683433533,0.022458046674728394,0.0356796532869339,0.07242734879255294,0.0009733885526657104,0.07500733435153961
BAL_G,89,capsule/test/scratch/000.png,1,clean_defect,32x32,18,0,,,,,,,,
BAL_G,89,capsule/test/scratch/000.png,1,boundary,32x32,18,18,0.0279455218050215,0.008105111867189409,0.013859018683433533,0.022458046674728394,0.0356796532869339,0.07242734879255294,0.0009733885526657104,0.07500733435153961
BAL_G,90,capsule/test/scratch/001.png,1,abnormal_normal,32x32,10,1008,0.009929197736912303,0.0007344275712966919,0.0035206153988838196,0.007318452000617981,0.013578053563833237,0.02826416492462158,0.0,0.07090811431407928
BAL_G,90,capsule/test/scratch/001.png,1,defect,32x32,10,16,0.026166380383074284,0.007155954837799072,0.014722935855388641,0.023697562515735626,0.0359816737473011,0.0501997210085392,0.0044054388999938965,0.07021826505661011
BAL_G,90,capsule/test/scratch/001.png,1,clean_defect,32x32,10,6,0.03018815815448761,0.017047088593244553,0.02363530918955803,0.03115294873714447,0.03708912432193756,0.041971560567617416,0.015098899602890015,0.043526872992515564
BAL_G,90,capsule/test/scratch/001.png,1,boundary,32x32,10,10,0.023753313720226286,0.006055748462677002,0.010782759636640549,0.021254032850265503,0.02754264697432518,0.054743105918168986,0.0044054388999938965,0.07021826505661011
BAL_G,91,capsule/test/scratch/002.png,1,abnormal_normal,32x32,15,1006,0.010731385757861507,0.0005673952400684357,0.0031212419271469116,0.0069197118282318115,0.014087885618209839,0.030989564955234528,0.0,0.16762644052505493
BAL_G,91,capsule/test/scratch/002.png,1,defect,32x32,15,18,0.034742029176818,0.005396419763565064,0.017734114080667496,0.028773412108421326,0.04766140505671501,0.08540394082665442,0.0,0.09441506862640381
BAL_G,91,capsule/test/scratch/002.png,1,clean_defect,32x32,15,3,0.04948032399018606,0.045623861253261566,0.04687773436307907,0.04844507575035095,0.05156528949737549,0.05406146049499512,0.04531039297580719,0.054685503244400024
BAL_G,91,capsule/test/scratch/002.png,1,boundary,32x32,15,15,0.03179437021414439,0.00444411039352417,0.012587644159793854,0.02085822820663452,0.0398397371172905,0.08699413985013961,0.0,0.09441506862640381
BAL_G,92,capsule/test/scratch/003.png,1,abnormal_normal,32x32,13,1005,0.011005380512470037,0.0005599498748779297,0.0034857094287872314,0.007798254489898682,0.013592809438705444,0.03341771066188812,0.0,0.1450548619031906
BAL_G,92,capsule/test/scratch/003.png,1,defect,32x32,13,19,0.03097603666154962,0.008617617189884186,0.016399100422859192,0.023669719696044922,0.04622986167669296,0.061741103231906874,0.005209535360336304,0.06746041774749756
BAL_G,92,capsule/test/scratch/003.png,1,clean_defect,32x32,13,6,0.049561326702435814,0.028573092073202133,0.045255716890096664,0.05059170722961426,0.05908053368330002,0.0658717192709446,0.023336932063102722,0.06746041774749756
BAL_G,92,capsule/test/scratch/003.png,1,boundary,32x32,13,13,0.022398210488832913,0.007481589913368225,0.013134375214576721,0.017939388751983643,0.028603941202163696,0.045553681254386885,0.005209535360336304,0.0529354065656662
BAL_G,93,capsule/test/scratch/004.png,1,abnormal_normal,32x32,30,990,0.00997243957086043,0.0002528518438339234,0.0032254010438919067,0.007040210068225861,0.012974798679351807,0.029272308945655818,0.0,0.19289253652095795
BAL_G,93,capsule/test/scratch/004.png,1,defect,32x32,30,34,0.025589338558561662,0.0015240609645843506,0.007795937359333038,0.019136987626552582,0.03806363791227341,0.06743951514363286,0.0010136812925338745,0.07747742533683777
BAL_G,93,capsule/test/scratch/004.png,1,clean_defect,32x32,30,4,0.02525155246257782,0.010283403098583221,0.012171052396297455,0.013787314295768738,0.026867814362049103,0.056269635260105116,0.009811490774154663,0.06362009048461914
BAL_G,93,capsule/test/scratch/004.png,1,boundary,32x32,30,30,0.02563437670469284,0.0014832913875579834,0.007299821823835373,0.02269729971885681,0.03806363791227341,0.0694601789116859,0.0010136812925338745,0.07747742533683777
BAL_G,94,capsule/test/scratch/005.png,1,abnormal_normal,32x32,5,1016,0.009612673732239431,0.0,0.0026763789355754852,0.00680619478225708,0.013603214174509048,0.029877185821533203,0.0,0.06877970695495605
BAL_G,94,capsule/test/scratch/005.png,1,defect,32x32,5,8,0.01748277060687542,0.0050558306276798255,0.016216304153203964,0.017328642308712006,0.023013915866613388,0.026203924417495725,0.0,0.02790677547454834
BAL_G,94,capsule/test/scratch/005.png,1,clean_defect,32x32,5,3,0.015348737438519796,0.0023004725575447083,0.011502362787723541,0.023004725575447083,0.023023106157779694,0.023037810623645783,0.0,0.023041486740112305
BAL_G,94,capsule/test/scratch/005.png,1,boundary,32x32,5,5,0.018763190507888793,0.014917516708374023,0.01680666208267212,0.01718135178089142,0.017475932836532593,0.02582060694694519,0.0144452303647995,0.02790677547454834
BAL_G,95,capsule/test/scratch/006.png,1,abnormal_normal,32x32,7,1009,0.010801168274950344,0.0006441771984100347,0.003215014934539795,0.007572576403617859,0.0145731121301651,0.0294692128896713,0.0,0.15441204607486725
BAL_G,95,capsule/test/scratch/006.png,1,defect,32x32,7,15,0.02602784236272176,0.005955785512924194,0.020281940698623657,0.02273152768611908,0.03143298625946045,0.049549193680286395,0.0041869282722473145,0.05660800635814667
BAL_G,95,capsule/test/scratch/006.png,1,clean_defect,32x32,7,8,0.02409413829445839,0.0076934143900871275,0.017222560942173004,0.021170862019062042,0.02811598777770996,0.047450811415910704,0.0067138671875,0.05660800635814667
BAL_G,95,capsule/test/scratch/006.png,1,boundary,32x32,7,7,0.02823778986930847,0.009471809864044192,0.022267363965511322,0.026076510548591614,0.03817118704319,0.0457430899143219,0.0041869282722473145,0.046523988246917725
BAL_G,96,capsule/test/scratch/007.png,1,abnormal_normal,32x32,13,1007,0.009928133468168614,0.0005582511425018311,0.0032489895820617676,0.006750062108039856,0.012777402997016907,0.028812251985073076,0.0,0.1739337295293808
BAL_G,96,capsule/test/scratch/007.png,1,defect,32x32,13,17,0.019766544594484216,0.0009517341852188111,0.009967237710952759,0.01500539481639862,0.02255597710609436,0.05657536387443541,0.0007780343294143677,0.07048055529594421
BAL_G,96,capsule/test/scratch/007.png,1,clean_defect,32x32,13,4,0.010695107281208038,0.0017556078732013703,0.004797402769327164,0.010905690491199493,0.016803395003080368,0.019339790195226667,0.0009951591491699219,0.019973888993263245
BAL_G,96,capsule/test/scratch/007.png,1,boundary,32x32,13,13,0.02255775607549227,0.002462399005889893,0.010701030492782593,0.01500539481639862,0.029514789581298828,0.0600516617298126,0.0007780343294143677,0.07048055529594421
BAL_G,97,capsule/test/scratch/008.png,1,abnormal_normal,32x32,9,1009,0.009691216679229018,0.00040469169616699226,0.003296181559562683,0.007231459021568298,0.012913033366203308,0.029263082146644574,0.0,0.05601930618286133
BAL_G,97,capsule/test/scratch/008.png,1,defect,32x32,9,15,0.02614023188749949,0.011162209510803222,0.015432439744472504,0.01855379343032837,0.03361067175865173,0.05503666698932645,0.008923172950744629,0.07000617682933807
BAL_G,97,capsule/test/scratch/008.png,1,clean_defect,32x32,9,6,0.022305940588315327,0.012991301715373993,0.01633831113576889,0.020160585641860962,0.02400098741054535,0.03697188198566437,0.012121796607971191,0.04104733467102051
BAL_G,97,capsule/test/scratch/008.png,1,boundary,32x32,9,9,0.0286964260869556,0.011175322532653808,0.01526506245136261,0.017228245735168457,0.03992064297199249,0.061452171206474296,0.008923172950744629,0.07000617682933807
BAL_G,98,capsule/test/scratch/009.png,1,abnormal_normal,32x32,16,1000,0.010438653811812401,0.0008290313184261322,0.0035641267895698547,0.0075574517250061035,0.013397037982940674,0.031010753661394098,0.0,0.11101870238780975
BAL_G,98,capsule/test/scratch/009.png,1,defect,32x32,16,24,0.03657468780875206,0.009787656366825104,0.013051722198724747,0.03369052708148956,0.05696824938058853,0.07874387949705124,0.004546612501144409,0.08048954606056213
BAL_G,98,capsule/test/scratch/009.png,1,clean_defect,32x32,16,8,0.06827664002776146,0.04968458414077759,0.059990160167217255,0.07370263338088989,0.07642611116170883,0.08008136749267578,0.04657620191574097,0.08048954606056213
BAL_G,98,capsule/test/scratch/009.png,1,boundary,32x32,16,16,0.02072371169924736,0.008450690656900406,0.012063659727573395,0.014716923236846924,0.03332562744617462,0.04240238294005394,0.004546612501144409,0.043885454535484314
BAL_G,99,capsule/test/scratch/010.png,1,abnormal_normal,32x32,11,1006,0.008758709264204469,0.00020317360758781433,0.0025652870535850525,0.0062503814697265625,0.012161094695329666,0.025533873587846756,0.0,0.0644410252571106
BAL_G,99,capsule/test/scratch/010.png,1,defect,32x32,11,18,0.02514649016989602,0.0,0.005836594849824905,0.015576764941215515,0.03950727358460426,0.07449382916092871,0.0,0.08623868227005005
BAL_G,99,capsule/test/scratch/010.png,1,clean_defect,32x32,11,7,0.02265081022466932,0.003514966368675232,0.008226871490478516,0.02239467203617096,0.0365041121840477,0.043297022581100464,0.0030649006366729736,0.04363413155078888
BAL_G,99,capsule/test/scratch/010.png,1,boundary,32x32,11,11,0.026734650135040283,0.0,0.0055837482213974,0.013076990842819214,0.04122891277074814,0.0793299451470375,0.0,0.08623868227005005
BAL_G,100,capsule/test/scratch/011.png,1,abnormal_normal,32x32,7,1010,0.009830855393763816,0.00044078454375267033,0.0028397589921951294,0.006506644189357758,0.01334848627448082,0.031221467256546016,0.0,0.07518801093101501
BAL_G,100,capsule/test/scratch/011.png,1,defect,32x32,7,14,0.03043025199856077,0.0039035506546497346,0.013440214097499847,0.04071063548326492,0.04511690139770508,0.05401536449790001,0.0016947239637374878,0.05571332573890686
BAL_G,100,capsule/test/scratch/011.png,1,clean_defect,32x32,7,7,0.04119438145841871,0.021029512584209445,0.04122994840145111,0.04473763704299927,0.04615902900695801,0.0531217485666275,0.013131752610206604,0.05571332573890686
BAL_G,100,capsule/test/scratch/011.png,1,boundary,32x32,7,7,0.01966612253870283,0.002714182436466217,0.0054238662123680115,0.014365598559379578,0.028826862573623657,0.049759849905967705,0.0016947239637374878,0.0531010776758194
BAL_G,101,capsule/test/scratch/012.png,1,abnormal_normal,32x32,9,1012,0.010248954720765705,0.000649077445268631,0.003500521183013916,0.007440343499183655,0.013407032936811447,0.0299122504889965,0.0,0.08616995811462402
BAL_G,101,capsule/test/scratch/012.png,1,defect,32x32,9,12,0.026124903311332066,0.009435685724020005,0.015793059021234512,0.026931211352348328,0.029501810669898987,0.048768649250268935,0.008138373494148254,0.050604283809661865
BAL_G,101,capsule/test/scratch/012.png,1,clean_defect,32x32,9,3,0.026530295610427856,0.024934843182563782,0.02542068064212799,0.026027977466583252,0.02738875150680542,0.028477370738983154,0.02481338381767273,0.028749525547027588
BAL_G,101,capsule/test/scratch/012.png,1,boundary,32x32,9,9,0.025989772544966802,0.009081873297691345,0.01292775571346283,0.027834445238113403,0.031758666038513184,0.049269276857376094,0.008138373494148254,0.050604283809661865
BAL_G,102,capsule/test/scratch/013.png,1,abnormal_normal,32x32,10,1013,0.011052649604250389,0.0008771181106567383,0.003989100456237793,0.00808095932006836,0.01486581563949585,0.030318722128868096,0.0,0.0929419994354248
BAL_G,102,capsule/test/scratch/013.png,1,defect,32x32,10,11,0.019494032317941837,0.007508963346481323,0.008481696248054504,0.015393450856208801,0.025959178805351257,0.04299241304397583,0.006737738847732544,0.053513139486312866
BAL_G,102,capsule/test/scratch/013.png,1,clean_defect,32x32,10,1,0.008570179343223572,0.008570179343223572,0.008570179343223572,0.008570179343223572,0.008570179343223572,0.008570179343223572,0.008570179343223572,0.008570179343223572
BAL_G,102,capsule/test/scratch/013.png,1,boundary,32x32,10,10,0.020586417615413667,0.007431840896606446,0.009494096040725708,0.01587655395269394,0.027990184724330902,0.04404448568820951,0.006737738847732544,0.053513139486312866
BAL_G,103,capsule/test/scratch/014.png,1,abnormal_normal,32x32,14,995,0.010666074150770753,0.0003332674503326416,0.0034449249505996704,0.007227003574371338,0.014161907136440277,0.03229220956563949,0.0,0.12549081444740295
BAL_G,103,capsule/test/scratch/014.png,1,defect,32x32,14,29,0.022846123781697505,0.004233446717262269,0.010715484619140625,0.015872791409492493,0.02468782663345337,0.061512312293052665,0.0004794597625732422,0.07665032148361206
BAL_G,103,capsule/test/scratch/014.png,1,clean_defect,32x32,14,15,0.022254016002019247,0.007644677162170411,0.013333812355995178,0.01548275351524353,0.021670758724212646,0.06496662199497222,0.0004794597625732422,0.07665032148361206
BAL_G,103,capsule/test/scratch/014.png,1,boundary,32x32,14,14,0.02348052497420992,0.0051688745617866514,0.00852297618985176,0.01610194891691208,0.036348823457956314,0.05620694682002067,0.0027367621660232544,0.06254763901233673
BAL_G,104,capsule/test/scratch/015.png,1,abnormal_normal,32x32,16,997,0.01106062651039246,0.001007676124572754,0.004013568162918091,0.007791802287101746,0.014127939939498901,0.030607977509498594,0.0,0.15967430174350739
BAL_G,104,capsule/test/scratch/015.png,1,defect,32x32,16,27,0.018850668712898536,0.0,0.005967006087303162,0.011656612157821655,0.02707470953464508,0.06282344907522201,0.0,0.06873677670955658
BAL_G,104,capsule/test/scratch/015.png,1,clean_defect,32x32,16,11,0.01676102795384147,0.0,0.005456060171127319,0.008396044373512268,0.022023990750312805,0.05146516114473343,0.0,0.06873677670955658
BAL_G,104,capsule/test/scratch/015.png,1,boundary,32x32,16,16,0.02028729673475027,0.002263471484184265,0.009185940027236938,0.014085724949836731,0.026778802275657654,0.059479210525751114,0.0,0.06505294144153595
BAL_G,105,capsule/test/scratch/016.png,1,abnormal_normal,32x32,16,1004,0.010526193580423218,0.00043594837188720703,0.003392580896615982,0.007996276021003723,0.014227073639631271,0.028802286088466637,0.0,0.08189667761325836
BAL_G,105,capsule/test/scratch/016.png,1,defect,32x32,16,20,0.028699709475040434,0.0030475273728370667,0.010511837899684906,0.025743305683135986,0.034602705389261246,0.06485731750726703,0.003002256155014038,0.11573432385921478
BAL_G,105,capsule/test/scratch/016.png,1,clean_defect,32x32,16,4,0.01403971016407013,0.0037271320819854737,0.006626635789871216,0.008394867181777954,0.015807941555976868,0.032255068421363824,0.003002256155014038,0.03636685013771057
BAL_G,105,capsule/test/scratch/016.png,1,boundary,32x32,16,16,0.03236470930278301,0.005403537303209305,0.015347100794315338,0.026949964463710785,0.037035249173641205,0.07556826621294022,0.003049910068511963,0.11573432385921478
BAL_G,106,capsule/test/scratch/017.png,1,abnormal_normal,32x32,8,1012,0.009511834901312122,0.0005200684070587159,0.003107227385044098,0.006679520010948181,0.013151824474334717,0.026250718533992766,0.0,0.06742796301841736
BAL_G,106,capsule/test/scratch/017.png,1,defect,32x32,8,12,0.015937288602193195,0.0019240960478782655,0.006095331162214279,0.008822858333587646,0.024294547736644745,0.04133531823754308,0.0009250640869140625,0.059602290391922
BAL_G,106,capsule/test/scratch/017.png,1,clean_defect,32x32,8,4,0.022265739738941193,0.005316303670406341,0.007318250834941864,0.012322425842285156,0.027269914746284485,0.05313581526279448,0.004815816879272461,0.059602290391922
BAL_G,106,capsule/test/scratch/017.png,1,boundary,32x32,8,8,0.012773063033819199,0.001560811698436737,0.00557674840092659,0.008452370762825012,0.024294547736644745,0.02571549117565155,0.0009250640869140625,0.02638961374759674
BAL_G,107,capsule/test/scratch/018.png,1,abnormal_normal,32x32,11,1009,0.010021185231043396,0.000129520893096924,0.0031494945287704468,0.006980076432228088,0.012606635689735413,0.030433920025825487,0.0,0.10713714361190796
BAL_G,107,capsule/test/scratch/018.png,1,defect,32x32,11,15,0.034498611092567445,0.010416008532047272,0.018271155655384064,0.03471305966377258,0.04178439825773239,0.06901950240135192,0.009398743510246277,0.07814352214336395
BAL_G,107,capsule/test/scratch/018.png,1,clean_defect,32x32,11,4,0.011304214596748352,0.009616728872060776,0.010488670319318771,0.010947860777378082,0.011763405054807663,0.013490595668554305,0.009398743510246277,0.013922393321990967
BAL_G,107,capsule/test/scratch/018.png,1,boundary,32x32,11,11,0.04293293709104711,0.023018471896648407,0.033190131187438965,0.03825098276138306,0.04954405874013901,0.07162636518478394,0.02261991798877716,0.07814352214336395
BAL_G,108,capsule/test/scratch/019.png,1,abnormal_normal,32x32,10,1005,0.009785930834599395,0.0003521978855133057,0.0030059218406677246,0.006697148084640503,0.012872084975242615,0.028244286775588986,0.0,0.08335652947425842
BAL_G,108,capsule/test/scratch/019.png,1,defect,32x32,10,19,0.04104605317115784,0.015757255256175995,0.026669301092624664,0.04274880886077881,0.04945932328701019,0.06746560633182522,0.007288247346878052,0.08680583536624908
BAL_G,108,capsule/test/scratch/019.png,1,clean_defect,32x32,10,9,0.047274581260151334,0.03049923777580261,0.03955921530723572,0.04310941696166992,0.04857143759727478,0.07485259473323821,0.026645153760910034,0.08680583536624908
BAL_G,108,capsule/test/scratch/019.png,1,boundary,32x32,10,10,0.03544037789106369,0.011522751301527023,0.022860083729028702,0.02818644791841507,0.049381472170352936,0.06467493325471878,0.007288247346878052,0.06531669199466705
BAL_G,109,capsule/test/scratch/020.png,1,abnormal_normal,32x32,22,1001,0.009859121628812738,0.0005743801593780518,0.0034130513668060303,0.007106021046638489,0.013476461172103882,0.027663931250572205,0.0,0.09597733616828918
BAL_G,109,capsule/test/scratch/020.png,1,defect,32x32,22,23,0.022123454057652016,0.0005714282393455506,0.007838539779186249,0.014277264475822449,0.03027266263961792,0.061317469179630275,0.0003670305013656616,0.06175939738750458
BAL_G,109,capsule/test/scratch/020.png,1,clean_defect,32x32,22,1,0.0005112886428833008,0.0005112886428833008,0.0005112886428833008,0.0005112886428833008,0.0005112886428833008,0.0005112886428833008,0.0005112886428833008,0.0005112886428833008
BAL_G,109,capsule/test/scratch/020.png,1,boundary,32x32,22,22,0.023105825212868778,0.0011485099792480468,0.010909363627433777,0.01570717990398407,0.030602827668190002,0.06139287129044533,0.0003670305013656616,0.06175939738750458
BAL_G,110,capsule/test/scratch/021.png,1,abnormal_normal,32x32,16,1007,0.009958886904891695,0.0002148613333702088,0.0028785765171051025,0.006653815507888794,0.013279780745506287,0.02961921989917753,0.0,0.11247661709785461
BAL_G,110,capsule/test/scratch/021.png,1,defect,32x32,16,17,0.025685707435888404,0.010806375741958618,0.015653640031814575,0.023586347699165344,0.0317518413066864,0.047375193238258353,0.00765654444694519,0.055945709347724915
BAL_G,110,capsule/test/scratch/021.png,1,clean_defect,32x32,16,1,0.026943325996398926,0.026943325996398926,0.026943325996398926,0.026943325996398926,0.026943325996398926,0.026943325996398926,0.026943325996398926,0.026943325996398926
BAL_G,110,capsule/test/scratch/021.png,1,boundary,32x32,16,16,0.025607106275856495,0.010609511286020279,0.015396885573863983,0.02284139394760132,0.032858315855264664,0.04791085049510002,0.00765654444694519,0.055945709347724915
BAL_G,111,capsule/test/scratch/022.png,1,abnormal_normal,32x32,22,988,0.009402545206701224,0.0004183948040008545,0.0026460029184818268,0.006274916231632233,0.012317903339862823,0.029250622540712354,0.0,0.1009274572134018
BAL_G,111,capsule/test/scratch/022.png,1,defect,32x32,22,36,0.018474434812863667,0.0031830333173274994,0.006372172385454178,0.013536110520362854,0.030271567404270172,0.04185299947857857,0.0,0.06201276183128357
BAL_G,111,capsule/test/scratch/022.png,1,clean_defect,32x32,22,14,0.018211360488619124,0.003910791128873825,0.0053453706204891205,0.01404319703578949,0.03286515548825264,0.03624110817909241,0.0032489150762557983,0.03641773760318756
BAL_G,111,capsule/test/scratch/022.png,1,boundary,32x32,22,22,0.01864184574647383,0.0030254974961280824,0.0065853893756866455,0.012010760605335236,0.029087260365486145,0.05287441536784171,0.0,0.06201276183128357
BAL_G,112,capsule/test/squeeze/000.png,1,abnormal_normal,32x32,20,925,0.010657251235601064,0.0006367504596710206,0.0037430673837661743,0.008197978138923645,0.01450522243976593,0.029435104131698586,0.0,0.10152913630008698
BAL_G,112,capsule/test/squeeze/000.png,1,defect,32x32,20,99,0.025391818146512965,0.003029468655586243,0.011463582515716553,0.0210246741771698,0.03680703043937683,0.05843302160501476,0.0,0.08542150259017944
BAL_G,112,capsule/test/squeeze/000.png,1,clean_defect,32x32,20,79,0.025762720764437808,0.002902212738990784,0.011469133198261261,0.021053358912467957,0.03749296814203262,0.05843302160501476,0.0,0.08542150259017944
BAL_G,112,capsule/test/squeeze/000.png,1,boundary,32x32,20,20,0.023926752805709838,0.005693264305591583,0.011626627296209335,0.01916961371898651,0.035930488258600235,0.057129105180501946,0.003290832042694092,0.06841246783733368
BAL_G,113,capsule/test/squeeze/001.png,1,abnormal_normal,32x32,65,921,0.013128406077979313,0.0010899007320404053,0.004617556929588318,0.00949142873287201,0.01762416958808899,0.03597916662693024,0.0,0.19684943556785583
BAL_G,113,capsule/test/squeeze/001.png,1,defect,32x32,65,103,0.021121602324606144,0.0017544180154800417,0.010750629007816315,0.018056437373161316,0.02849869430065155,0.05591260492801656,0.0,0.09939603507518768
BAL_G,113,capsule/test/squeeze/001.png,1,clean_defect,32x32,65,38,0.020712886593843762,0.0016268968582153322,0.006608467549085617,0.01621459424495697,0.03126036748290062,0.04466319531202314,0.0,0.09939603507518768
BAL_G,113,capsule/test/squeeze/001.png,1,boundary,32x32,65,65,0.021360543828744156,0.003336334228515625,0.012191206216812134,0.020212560892105103,0.02833627164363861,0.05539286136627194,0.0,0.06354071199893951
BAL_G,114,capsule/test/squeeze/002.png,1,abnormal_normal,32x32,16,1008,0.010911059624973744,0.000682298094034195,0.003675159066915512,0.00806310772895813,0.014710765331983566,0.032157698273658726,0.0,0.07677330076694489
BAL_G,114,capsule/test/squeeze/002.png,1,defect,32x32,16,16,0.018954272381961346,0.0001280084252357483,0.0071395039558410645,0.01761721819639206,0.025588173419237137,0.046051062643527985,0.0,0.06358508765697479
BAL_G,114,capsule/test/squeeze/002.png,1,clean_defect,32x32,16,0,,,,,,,,
BAL_G,114,capsule/test/squeeze/002.png,1,boundary,32x32,16,16,0.018954272381961346,0.0001280084252357483,0.0071395039558410645,0.01761721819639206,0.025588173419237137,0.046051062643527985,0.0,0.06358508765697479
BAL_G,115,capsule/test/squeeze/003.png,1,abnormal_normal,32x32,6,1015,0.00984600071836575,0.0005621939897537232,0.0034365057945251465,0.007633835077285767,0.013414174318313599,0.027886754274368285,0.0,0.06724824011325836
BAL_G,115,capsule/test/squeeze/003.png,1,defect,32x32,6,9,0.01722659667332967,0.002029871940612793,0.0061539411544799805,0.016570746898651123,0.02446262538433075,0.03409110307693481,0.001174628734588623,0.03567051887512207
BAL_G,115,capsule/test/squeeze/003.png,1,clean_defect,32x32,6,3,0.021670718987782795,0.017311550676822662,0.02027476578950882,0.023978784680366516,0.024220705032348633,0.024414241313934326,0.016570746898651123,0.02446262538433075
BAL_G,115,capsule/test/squeeze/003.png,1,boundary,32x32,6,6,0.01500453551610311,0.0017091557383537292,0.004023037850856781,0.00907367467880249,0.026789836585521698,0.034683384001255035,0.001174628734588623,0.03567051887512207
BAL_G,116,capsule/test/squeeze/004.png,1,abnormal_normal,32x32,10,1008,0.011569493346744113,0.0006939113140106201,0.004364553838968277,0.008462227880954742,0.01543879508972168,0.03245191797614096,0.0,0.1399262398481369
BAL_G,116,capsule/test/squeeze/004.png,1,defect,32x32,10,16,0.015180077403783798,0.0068643949925899506,0.008310090750455856,0.012574523687362671,0.01782498136162758,0.03333859518170357,0.006070539355278015,0.03412069380283356
BAL_G,116,capsule/test/squeeze/004.png,1,clean_defect,32x32,10,6,0.014358932773272196,0.0076980069279670715,0.008693881332874298,0.012528426945209503,0.02075539156794548,0.022667843848466873,0.00746510922908783,0.022718220949172974
BAL_G,116,capsule/test/squeeze/004.png,1,boundary,32x32,10,10,0.015672764182090758,0.006546852737665176,0.008761301636695862,0.012574523687362671,0.01618947833776474,0.03365143463015556,0.006070539355278015,0.03412069380283356
BAL_G,117,capsule/test/squeeze/005.png,1,abnormal_normal,32x32,21,999,0.009961918891371192,0.0003403931856155396,0.003294706344604492,0.007576435804367065,0.013637848198413849,0.026953241229057293,0.0,0.09878979623317719
BAL_G,117,capsule/test/squeeze/005.png,1,defect,32x32,21,25,0.016546441316604613,0.001600071787834168,0.006371170282363892,0.015920907258987427,0.021739155054092407,0.03570401072502135,0.0,0.0596185028553009
BAL_G,117,capsule/test/squeeze/005.png,1,clean_defect,32x32,21,4,0.03062092512845993,0.019303232431411743,0.021022707223892212,0.021995916962623596,0.031594134867191315,0.05401362925767897,0.018873363733291626,0.0596185028553009
BAL_G,117,capsule/test/squeeze/005.png,1,boundary,32x32,21,21,0.0138655872572036,0.0011622309684753418,0.004781022667884827,0.010876506567001343,0.019098013639450073,0.03164634108543396,0.0,0.03671842813491821
BAL_G,118,capsule/test/squeeze/006.png,1,abnormal_normal,32x32,29,922,0.01107137412673222,0.0005529209971427918,0.004233069717884064,0.008459463715553284,0.015371594578027725,0.030605762451887095,0.0,0.06985026597976685
BAL_G,118,capsule/test/squeeze/006.png,1,defect,32x32,29,102,0.018821688697618598,0.001421140879392624,0.0066862814128398895,0.01645713299512863,0.027741454541683197,0.04981830567121502,0.0,0.05558571219444275
BAL_G,118,capsule/test/squeeze/006.png,1,clean_defect,32x32,29,73,0.02006396467555059,0.0017695069313049317,0.009586542844772339,0.017054855823516846,0.02926880121231079,0.05101392269134519,0.0,0.05558571219444275
BAL_G,118,capsule/test/squeeze/006.png,1,boundary,32x32,29,29,0.015694580201444954,0.0009655714035034181,0.005942702293395996,0.012622043490409851,0.02134011685848236,0.03865532577037811,0.0,0.05364063382148743
BAL_G,119,capsule/test/squeeze/007.png,1,abnormal_normal,32x32,36,921,0.012138462011640675,0.0007852315902709961,0.004321485757827759,0.008534461259841919,0.016199126839637756,0.039478376507759094,0.0,0.09492455422878265
BAL_G,119,capsule/test/squeeze/007.png,1,defect,32x32,36,103,0.02237237729493854,0.0025564193725585945,0.010523863136768341,0.020948588848114014,0.03017555922269821,0.04685240238904953,0.0,0.10160593688488007
BAL_G,119,capsule/test/squeeze/007.png,1,clean_defect,32x32,36,67,0.024331811648696217,0.004119101166725159,0.011415541172027588,0.021711677312850952,0.031065642833709717,0.05820180177688597,8.368492126464844e-05,0.10160593688488007
BAL_G,119,capsule/test/squeeze/007.png,1,boundary,32x32,36,36,0.018725652247667313,0.000284045934677124,0.009704187512397766,0.01528729498386383,0.026765402406454086,0.04434691369533539,0.0,0.046855390071868896
BAL_G,120,capsule/test/squeeze/008.png,1,abnormal_normal,32x32,37,959,0.010026390146662222,0.0006545037031173707,0.00333239883184433,0.0071271806955337524,0.013788603246212006,0.02872959375381469,0.0,0.098981574177742
BAL_G,120,capsule/test/squeeze/008.png,1,defect,32x32,37,65,0.01801718152486361,0.0030627816915512083,0.010322332382202148,0.01576872169971466,0.024633660912513733,0.037660786509513856,0.0,0.04865579307079315
BAL_G,120,capsule/test/squeeze/008.png,1,clean_defect,32x32,37,28,0.024188423263175145,0.006261589378118515,0.016197077929973602,0.022894471883773804,0.03541184216737747,0.04130114540457725,0.0032879114151000977,0.04865579307079315
BAL_G,120,capsule/test/squeeze/008.png,1,boundary,32x32,37,37,0.013347052641817042,0.000624161958694458,0.008157491683959961,0.011881709098815918,0.01778283715248108,0.02865423560142517,0.0,0.034970685839653015
BAL_G,121,capsule/test/squeeze/009.png,1,abnormal_normal,32x32,38,946,0.011183790531773395,0.0014504492282867432,0.0046449825167655945,0.00851394236087799,0.014172278344631195,0.030468083918094635,0.0,0.0965505838394165
BAL_G,121,capsule/test/squeeze/009.png,1,defect,32x32,38,78,0.020164990081236914,0.004192275553941726,0.012173019349575043,0.018089696764945984,0.02554485574364662,0.03956905007362366,0.0,0.07515759766101837
BAL_G,121,capsule/test/squeeze/009.png,1,clean_defect,32x32,38,40,0.020896397531032562,0.004551687836647034,0.013929404318332672,0.020598292350769043,0.02639763057231903,0.03753310739994049,0.0,0.05349282920360565
BAL_G,121,capsule/test/squeeze/009.png,1,boundary,32x32,38,38,0.01939508750250465,0.004192275553941726,0.01043245941400528,0.01649496704339981,0.02541264146566391,0.042185708135366415,0.0011437982320785522,0.07515759766101837
BAL_G,122,capsule/test/squeeze/010.png,1,abnormal_normal,32x32,8,1004,0.01092180170385961,0.00035785362124443056,0.003597509115934372,0.007940113544464111,0.014841917902231216,0.03110648617148399,0.0,0.07566295564174652
BAL_G,122,capsule/test/squeeze/010.png,1,defect,32x32,8,20,0.017663098126649856,0.004610018432140351,0.011989891529083252,0.018520034849643707,0.02132517471909523,0.030078690499067313,0.003078073263168335,0.03939078748226166
BAL_G,122,capsule/test/squeeze/010.png,1,clean_defect,32x32,8,12,0.018272279451290768,0.007984539866447449,0.013704434037208557,0.020000644028186798,0.02101217210292816,0.028153048455715177,0.004690647125244141,0.02958858013153076
BAL_G,122,capsule/test/squeeze/010.png,1,boundary,32x32,8,8,0.016749326139688492,0.004110405594110489,0.008889097720384598,0.013530701398849487,0.02301185578107834,0.0350074678659439,0.003078073263168335,0.03939078748226166
BAL_G,123,capsule/test/squeeze/011.png,1,abnormal_normal,32x32,27,934,0.01086549626810903,0.0005944527685642244,0.003926970064640045,0.008040480315685272,0.014482110738754272,0.029991123080253587,0.0,0.08671697974205017
BAL_G,123,capsule/test/squeeze/011.png,1,defect,32x32,27,90,0.016341088712215422,0.002580799162387848,0.009216010570526123,0.014615915715694427,0.02213619276881218,0.036215312033891674,0.0,0.05012139678001404
BAL_G,123,capsule/test/squeeze/011.png,1,clean_defect,32x32,27,63,0.01850174745870015,0.006226447224617004,0.011623591184616089,0.015498027205467224,0.023122191429138184,0.0401913583278656,0.0012903809547424316,0.05012139678001404
BAL_G,123,capsule/test/squeeze/011.png,1,boundary,32x32,27,27,0.011299551637084395,0.0010550782084465028,0.003545612096786499,0.008579105138778687,0.017011120915412903,0.028888164460659022,0.0,0.03496187925338745
BAL_G,124,capsule/test/squeeze/012.png,1,abnormal_normal,32x32,23,934,0.011652368709157826,0.0009580686688423157,0.004322204738855362,0.008244231343269348,0.014835227280855179,0.03275861442089081,0.0,0.14300839602947235
BAL_G,124,capsule/test/squeeze/012.png,1,defect,32x32,23,90,0.019050620992978416,0.0010882526636123656,0.007541321218013763,0.017952069640159607,0.029486261308193207,0.045454485714435576,0.0,0.06125284731388092
BAL_G,124,capsule/test/squeeze/012.png,1,clean_defect,32x32,23,67,0.019094497187813714,0.0010662764310836793,0.007057584822177887,0.017892852425575256,0.029902592301368713,0.045500704646110536,0.0,0.06125284731388092
BAL_G,124,capsule/test/squeeze/012.png,1,boundary,32x32,23,23,0.018922807729762535,0.001667261123657227,0.009178802371025085,0.018011286854743958,0.024490579962730408,0.04191012680530548,0.0008249878883361816,0.04858626425266266
BAL_G,125,capsule/test/squeeze/013.png,1,abnormal_normal,32x32,27,978,0.01171287968907132,0.0009765595197677613,0.0037467218935489655,0.008091278374195099,0.0153890959918499,0.03306299448013305,0.0,0.1820073276758194
BAL_G,125,capsule/test/squeeze/013.png,1,defect,32x32,27,46,0.021837099414804707,0.004985995590686798,0.010320354253053665,0.017292410135269165,0.027008581906557083,0.05367658659815788,0.000732719898223877,0.057885706424713135
BAL_G,125,capsule/test/squeeze/013.png,1,clean_defect,32x32,27,19,0.014489631903798957,0.0040582031011581424,0.007302545011043549,0.013111710548400879,0.017292410135269165,0.028509737551212264,0.000732719898223877,0.04887013137340546
BAL_G,125,capsule/test/squeeze/013.png,1,boundary,32x32,27,27,0.02700753951514209,0.006746549904346466,0.015091873705387115,0.022416502237319946,0.03704075515270233,0.05625963509082794,0.005536764860153198,0.057885706424713135
BAL_G,126,capsule/test/squeeze/014.png,1,abnormal_normal,32x32,56,890,0.012464976327472859,0.0010016046464443207,0.004676442593336105,0.009317457675933838,0.01666276901960373,0.03535658642649647,0.0,0.07579781115055084
BAL_G,126,capsule/test/squeeze/014.png,1,defect,32x32,56,134,0.019634750574382385,0.0013634480535984039,0.008222725242376328,0.015475988388061523,0.029468387365341187,0.046085418015718436,0.0,0.06989644467830658
BAL_G,126,capsule/test/squeeze/014.png,1,clean_defect,32x32,56,78,0.019368482323793266,0.0013971038162708283,0.007104657590389252,0.015475988388061523,0.029077712446451187,0.04524790421128269,0.0,0.06269629299640656
BAL_G,126,capsule/test/squeeze/014.png,1,boundary,32x32,56,56,0.020005624209131514,0.0016468800604343414,0.008988574147224426,0.015552476048469543,0.029636729508638382,0.047657206654548645,0.0,0.06989644467830658
BAL_G,127,capsule/test/squeeze/015.png,1,abnormal_normal,32x32,32,970,0.011396500913752723,0.00040673166513443,0.0037230215966701508,0.008192658424377441,0.01596199721097946,0.0315726451575756,0.0,0.08555559813976288
BAL_G,127,capsule/test/squeeze/015.png,1,defect,32x32,32,54,0.021542391843265958,0.0036432005465030673,0.012154806405305862,0.017726048827171326,0.028001077473163605,0.047277667373418805,0.00017112493515014648,0.07231876254081726
BAL_G,127,capsule/test/squeeze/015.png,1,clean_defect,32x32,32,22,0.022017025812105698,0.008592437207698821,0.013533763587474823,0.022528469562530518,0.027175702154636383,0.04633473902940749,0.006133273243904114,0.04789051413536072
BAL_G,127,capsule/test/squeeze/015.png,1,boundary,32x32,32,32,0.021216080989688635,0.002250718325376511,0.011670157313346863,0.015359953045845032,0.02815490961074829,0.05072515383362769,0.00017112493515014648,0.07231876254081726
BAL_G,128,capsule/test/squeeze/016.png,1,abnormal_normal,32x32,21,922,0.010006855098518529,0.0006247706711292267,0.003420073539018631,0.007432587444782257,0.012793269008398056,0.028920373320579524,0.0,0.12141354382038116
BAL_G,128,capsule/test/squeeze/016.png,1,defect,32x32,21,102,0.020506762260315465,0.0018339566886425025,0.008912503719329834,0.018281027674674988,0.02806723117828369,0.04549770355224609,0.0,0.07432398200035095
BAL_G,128,capsule/test/squeeze/016.png,1,clean_defect,32x32,21,81,0.022280416002979985,0.0036886632442474365,0.010516718029975891,0.019103944301605225,0.028986558318138123,0.05500037968158722,0.0,0.07432398200035095
BAL_G,128,capsule/test/squeeze/016.png,1,boundary,32x32,21,21,0.013665526395752317,0.0009357929229736328,0.004490062594413757,0.011321693658828735,0.021448254585266113,0.02702103555202484,0.00035375356674194336,0.04534289240837097
BAL_G,129,capsule/test/squeeze/017.png,1,abnormal_normal,32x32,19,1002,0.010442544094578711,0.0007237233221530914,0.0033901073038578033,0.0073794350028038025,0.014055944979190826,0.02959321439266204,0.0,0.08195739984512329
BAL_G,129,capsule/test/squeeze/017.png,1,defect,32x32,19,22,0.02036658674478531,0.0049503050744533535,0.012545071542263031,0.019518285989761353,0.029027648270130157,0.03661017343401909,0.0030725598335266113,0.04194808006286621
BAL_G,129,capsule/test/squeeze/017.png,1,clean_defect,32x32,19,3,0.023311118284861248,0.019746038317680358,0.020268544554710388,0.020921677350997925,0.025158971548080444,0.02854880690574646,0.01961541175842285,0.029396265745162964
BAL_G,129,capsule/test/squeeze/017.png,1,boundary,32x32,19,19,0.01990166071214174,0.004717813432216644,0.012315735220909119,0.01597502827644348,0.029030919075012207,0.037221169471740714,0.0030725598335266113,0.04194808006286621
BAL_G,130,capsule/test/squeeze/018.png,1,abnormal_normal,32x32,15,999,0.010781072728984707,0.0006808832287788392,0.003734081983566284,0.007638067007064819,0.014201581478118896,0.030803477764129616,0.0,0.08796782791614532
BAL_G,130,capsule/test/squeeze/018.png,1,defect,32x32,15,25,0.020321319103240965,0.001523685455322266,0.008506298065185547,0.014974892139434814,0.032266318798065186,0.05036797523498532,0.0,0.05606600642204285
BAL_G,130,capsule/test/squeeze/018.png,1,clean_defect,32x32,15,10,0.026116997003555298,0.008275669813156129,0.012682542204856873,0.025410346686840057,0.03558683767914772,0.0496466353535652,0.007925212383270264,0.05606600642204285
BAL_G,130,capsule/test/squeeze/018.png,1,boundary,32x32,15,15,0.016457533836364745,0.0006830096244812012,0.007671035826206207,0.01092064380645752,0.020961545407772064,0.04204747080802916,0.0,0.05250978469848633
BAL_G,131,capsule/test/squeeze/019.png,1,abnormal_normal,32x32,12,1001,0.01034847765297561,0.00043144822120666504,0.003106042742729187,0.007064223289489746,0.013477101922035217,0.03070738911628723,0.0,0.08462263643741608
BAL_G,131,capsule/test/squeeze/019.png,1,defect,32x32,12,23,0.01978867144688316,0.002202798426151276,0.008448444306850433,0.017322003841400146,0.02814505249261856,0.048138768970966334,0.0005778372287750244,0.05283281207084656
BAL_G,131,capsule/test/squeeze/019.png,1,clean_defect,32x32,12,11,0.023511971939693798,0.008448444306850433,0.011703722178936005,0.021015837788581848,0.028356805443763733,0.05061270296573639,0.008177295327186584,0.05283281207084656
BAL_G,131,capsule/test/squeeze/019.png,1,boundary,32x32,12,12,0.016375645995140076,0.0013579390943050385,0.005695365369319916,0.011154860258102417,0.026467982679605484,0.03847760632634162,0.0005778372287750244,0.045854344964027405
