method,image_index,sample_id,image_label,region,grid,boundary_count,patch_count,mean,p05,p25,median,p75,p95,min,max
A1_G,0,cashew/Data/Images/Normal/023.JPG,0,normal_image,32x34,0,1088,0.009069449651767226,0.00014262944459915162,0.002487100660800934,0.005964994430541992,0.012675739824771881,0.02706084102392194,0.0,0.10745775699615479
A1_G,1,cashew/Data/Images/Normal/352.JPG,0,normal_image,32x34,0,1088,0.008913474513546508,0.00015388429164886475,0.0031959861516952515,0.006668373942375183,0.012058563530445099,0.024664530158042906,0.0,0.07804304361343384
A1_G,2,cashew/Data/Images/Normal/104.JPG,0,normal_image,32x34,0,1088,0.008616527378120842,2.0234286785125734e-05,0.002823561429977417,0.006396651268005371,0.011603876948356628,0.024946908652782422,0.0,0.048736512660980225
A1_G,3,cashew/Data/Images/Normal/337.JPG,0,normal_image,32x34,0,1088,0.008889793308780473,0.00016018599271774291,0.002484053373336792,0.006123751401901245,0.012223385274410248,0.027055399119853968,0.0,0.07057338953018188
A1_G,4,cashew/Data/Images/Normal/213.JPG,0,normal_image,32x34,0,1088,0.009314601610907736,0.000260123610496521,0.0028216466307640076,0.006370216608047485,0.01216927170753479,0.02934576719999311,0.0,0.06883439421653748
A1_G,5,cashew/Data/Images/Normal/276.JPG,0,normal_image,32x34,0,1088,0.008991051437881063,5.7722628116607704e-05,0.002580009400844574,0.005801603198051453,0.011884480714797974,0.028105421364307395,0.0,0.08830645680427551
A1_G,6,cashew/Data/Images/Normal/402.JPG,0,normal_image,32x34,0,1088,0.008598353549399796,0.00012898296117782592,0.002653971314430237,0.005957514047622681,0.011716879904270172,0.026126700639724717,0.0,0.06139284372329712
A1_G,7,cashew/Data/Images/Normal/166.JPG,0,normal_image,32x34,0,1088,0.008678401382092167,0.0002122253179550171,0.0028396323323249817,0.006150349974632263,0.011958293616771698,0.025211815536022177,0.0,0.07451149821281433
A1_G,8,cashew/Data/Images/Normal/013.JPG,0,normal_image,32x34,0,1088,0.009135889793362688,0.00023805797100067143,0.002772912383079529,0.0064213573932647705,0.01247359812259674,0.02703878283500671,0.0,0.06783899664878845
A1_G,9,cashew/Data/Images/Normal/050.JPG,0,normal_image,32x34,0,1088,0.009339622304062633,0.0002997696399688721,0.003123633563518524,0.0066130757331848145,0.012969739735126495,0.027167165279388422,0.0,0.07920217514038086
A1_G,10,cashew/Data/Images/Normal/400.JPG,0,normal_image,32x34,0,1088,0.009295435348416077,0.00019733905792236335,0.0029295533895492554,0.006364211440086365,0.012623123824596405,0.027399852871894826,0.0,0.0754370391368866
A1_G,11,cashew/Data/Images/Normal/461.JPG,0,normal_image,32x34,0,1088,0.009030816063065739,0.0001964882016181946,0.002622663974761963,0.006565287709236145,0.012213662266731262,0.027719080448150628,0.0,0.060915201902389526
A1_G,12,cashew/Data/Images/Normal/377.JPG,0,normal_image,32x34,0,1088,0.00866211682338925,0.0001029312610626221,0.0024974122643470764,0.005808204412460327,0.011556856334209442,0.025622363388538353,0.0,0.06317475438117981
A1_G,13,cashew/Data/Images/Normal/006.JPG,0,normal_image,32x34,0,1088,0.008925137685283142,1.7134845256805435e-05,0.002689674496650696,0.005818039178848267,0.012522466480731964,0.027010847628116594,0.0,0.08245885372161865
A1_G,14,cashew/Data/Images/Normal/148.JPG,0,normal_image,32x34,0,1088,0.008601414587567835,0.00015739649534225465,0.0028157085180282593,0.0057955533266067505,0.012266121804714203,0.024496631324291227,0.0,0.06817802786827087
A1_G,15,cashew/Data/Images/Normal/384.JPG,0,normal_image,32x34,0,1088,0.008677027516943566,0.0003353044390678406,0.002504415810108185,0.00584179162979126,0.011930949985980988,0.026726052165031423,0.0,0.053937286138534546
A1_G,16,cashew/Data/Images/Normal/228.JPG,0,normal_image,32x34,0,1088,0.008751784560873228,0.00020808577537536634,0.0029215067625045776,0.006341695785522461,0.011893458664417267,0.02518424838781356,0.0,0.07842546701431274
A1_G,17,cashew/Data/Images/Normal/260.JPG,0,normal_image,32x34,0,1088,0.008630225845776936,9.817034006118784e-05,0.0026153773069381714,0.005911409854888916,0.011541798710823059,0.025968603789806366,0.0,0.06498119235038757
A1_G,18,cashew/Data/Images/Normal/435.JPG,0,normal_image,32x34,0,1088,0.008923665647778441,0.0001460641622543335,0.0027516409754753113,0.0065657347440719604,0.012140356004238129,0.026632812619209207,0.0,0.0707131028175354
A1_G,19,cashew/Data/Images/Normal/405.JPG,0,normal_image,32x34,0,1088,0.00858375632806736,0.00022824704647064208,0.0026055648922920227,0.006206005811691284,0.01169874519109726,0.024771919846534724,0.0,0.06040099263191223
A1_G,20,cashew/Data/Images/Normal/087.JPG,0,normal_image,32x34,0,1088,0.009030648041516542,0.00016063302755355837,0.0025795474648475647,0.006118655204772949,0.012115083634853363,0.028589397668838494,0.0,0.07047927379608154
A1_G,21,cashew/Data/Images/Normal/324.JPG,0,normal_image,32x34,0,1088,0.008548381464446293,9.014904499053957e-05,0.0024994760751724243,0.005713745951652527,0.011556565761566162,0.025543817877769416,0.0,0.06301498413085938
A1_G,22,cashew/Data/Images/Normal/130.JPG,0,normal_image,32x34,0,1088,0.00885315376388676,0.00014189183712005616,0.002438358962535858,0.0061555057764053345,0.012233369052410126,0.027417807281017257,0.0,0.05496695637702942
A1_G,23,cashew/Data/Images/Normal/392.JPG,0,normal_image,32x34,0,1088,0.008892667068935493,0.00024469494819641114,0.0028747692704200745,0.0064725130796432495,0.012172967195510864,0.02510048598051069,0.0,0.07500138878822327
A1_G,24,cashew/Data/Images/Normal/467.JPG,0,normal_image,32x34,0,1088,0.00856828807360109,4.975497722625752e-06,0.0026211589574813843,0.005605325102806091,0.011835575103759766,0.02690617293119429,0.0,0.06432902812957764
A1_G,25,cashew/Data/Images/Normal/143.JPG,0,normal_image,32x34,0,1088,0.008504392497022362,0.0001949906349182129,0.002652578055858612,0.005941331386566162,0.011114135384559631,0.026331593096256222,0.0,0.05032610893249512
A1_G,26,cashew/Data/Images/Normal/389.JPG,0,normal_image,32x34,0,1088,0.009000234360642293,5.6228041648864775e-05,0.002968341112136841,0.0064487457275390625,0.012078337371349335,0.026878799498081172,0.0,0.07073619961738586
A1_G,27,cashew/Data/Images/Normal/181.JPG,0,normal_image,32x34,0,1088,0.008662362692548949,5.574524402618421e-06,0.002514757215976715,0.0061637163162231445,0.012501291930675507,0.025117062032222744,0.0,0.061122894287109375
A1_G,28,cashew/Data/Images/Normal/309.JPG,0,normal_image,32x34,0,1088,0.008799728334826581,0.00036915987730026247,0.0029276683926582336,0.006110027432441711,0.012252748012542725,0.025073704123496975,0.0,0.05752265453338623
A1_G,29,cashew/Data/Images/Normal/012.JPG,0,normal_image,32x34,0,1088,0.008807758115889394,0.0003477543592453003,0.002776019275188446,0.006153792142868042,0.011833198368549347,0.02618083208799362,0.0,0.06651592254638672
A1_G,30,cashew/Data/Images/Normal/367.JPG,0,normal_image,32x34,0,1088,0.009266742039471865,0.00028286874294281006,0.0027026012539863586,0.006247878074645996,0.012811437249183655,0.029565535485744466,0.0,0.05860322713851929
A1_G,31,cashew/Data/Images/Normal/344.JPG,0,normal_image,32x34,0,1088,0.009229955400395043,0.00016957670450210572,0.002540506422519684,0.006111204624176025,0.012742199003696442,0.02833760231733322,0.0,0.060158878564834595
A1_G,32,cashew/Data/Images/Normal/484.JPG,0,normal_image,32x34,0,1088,0.008786667740958579,0.00025210827589035035,0.0026138201355934143,0.006054490804672241,0.011869274079799652,0.026876747608184804,0.0,0.05983734130859375
A1_G,33,cashew/Data/Images/Normal/089.JPG,0,normal_image,32x34,0,1088,0.009249164585900657,0.00016975104808807377,0.002828732132911682,0.006690427660942078,0.012978702783584595,0.025676991045475002,0.0,0.08127841353416443
A1_G,34,cashew/Data/Images/Normal/398.JPG,0,normal_image,32x34,0,1088,0.009003894129658447,0.0,0.002389572560787201,0.006199583411216736,0.01245918869972229,0.027535288035869587,0.0,0.0712536871433258
A1_G,35,cashew/Data/Images/Normal/460.JPG,0,normal_image,32x34,0,1088,0.00889957564718583,0.000424996018409729,0.0026868730783462524,0.006212592124938965,0.011864610016345978,0.026205900311470028,0.0,0.08435600996017456
A1_G,36,cashew/Data/Images/Normal/239.JPG,0,normal_image,32x34,0,1088,0.009163269663558286,0.00037604421377182014,0.0028031542897224426,0.006191432476043701,0.01271577924489975,0.027368092536926264,0.0,0.17644140124320984
A1_G,37,cashew/Data/Images/Normal/342.JPG,0,normal_image,32x34,0,1088,0.009156420909087448,0.00038973093032836916,0.0029229819774627686,0.006300866603851318,0.012257672846317291,0.027729733288288115,0.0,0.07179182767868042
A1_G,38,cashew/Data/Images/Normal/369.JPG,0,normal_image,32x34,0,1088,0.008498285513590364,6.127506494522095e-05,0.0024727284908294678,0.0057440996170043945,0.01172085851430893,0.02591754645109175,0.0,0.0643981397151947
A1_G,39,cashew/Data/Images/Normal/284.JPG,0,normal_image,32x34,0,1088,0.009157131124726114,0.0001718640327453614,0.0028457939624786377,0.006291180849075317,0.012467913329601288,0.02796761095523834,0.0,0.05985933542251587
A1_G,40,cashew/Data/Images/Normal/098.JPG,0,normal_image,32x34,0,1088,0.009198379018070066,0.00024421960115432744,0.0028808116912841797,0.006184741854667664,0.012359298765659332,0.026433540880680083,0.0,0.07828837633132935
A1_G,41,cashew/Data/Images/Normal/446.JPG,0,normal_image,32x34,0,1088,0.009180774556144196,0.00013000220060348515,0.0025897398591041565,0.006077304482460022,0.012974940240383148,0.02820125520229335,0.0,0.05504611134529114
A1_G,42,cashew/Data/Images/Normal/482.JPG,0,normal_image,32x34,0,1088,0.009868058403406073,0.0005370438098907471,0.003452889621257782,0.006899595260620117,0.013991937041282654,0.028557558357715538,0.0,0.06427866220474243
A1_G,43,cashew/Data/Images/Normal/093.JPG,0,normal_image,32x34,0,1088,0.009039540528593695,4.8550963401794444e-05,0.002920977771282196,0.006408676505088806,0.012530013918876648,0.026760827004909504,0.0,0.07587945461273193
A1_G,44,cashew/Data/Images/Normal/244.JPG,0,normal_image,32x34,0,1088,0.008500933208886315,0.00036449134349823,0.0026888176798820496,0.006013661623001099,0.011577732861042023,0.024562521278858173,0.0,0.05559733510017395
A1_G,45,cashew/Data/Images/Normal/272.JPG,0,normal_image,32x34,0,1088,0.008432110607185784,7.318705320358278e-05,0.0025118738412857056,0.005935266613960266,0.011277332901954651,0.025341695547103877,0.0,0.0828862190246582
A1_G,46,cashew/Data/Images/Normal/307.JPG,0,normal_image,32x34,0,1088,0.008532939780065241,0.00014585554599761964,0.0025765299797058105,0.006015896797180176,0.011277452111244202,0.026871626079082476,0.0,0.06213757395744324
A1_G,47,cashew/Data/Images/Normal/487.JPG,0,normal_image,32x34,0,1088,0.009062410058344112,0.00024050474166870123,0.002719990909099579,0.006364986300468445,0.012786850333213806,0.027765047550201382,0.0,0.0622410774230957
A1_G,48,cashew/Data/Images/Normal/245.JPG,0,normal_image,32x34,0,1088,0.00879334274898557,0.00021702498197555544,0.0027565807104110718,0.006547152996063232,0.01204460859298706,0.025711981952190394,0.0,0.055818647146224976
A1_G,49,cashew/Data/Images/Normal/084.JPG,0,normal_image,32x34,0,1088,0.00891706270768362,0.00038267970085144044,0.0028886571526527405,0.006160646677017212,0.011862218379974365,0.026986873149871814,0.0,0.0751771330833435
A1_G,50,cashew/Data/Images/Anomaly/000.JPG,1,abnormal_normal,32x34,12,1076,0.008924610635826578,0.000235728919506073,0.0027757957577705383,0.006580337882041931,0.01238163560628891,0.02583792805671692,0.0,0.0606003999710083
A1_G,50,cashew/Data/Images/Anomaly/000.JPG,1,defect,32x34,12,12,0.017669886350631714,0.004517257213592529,0.011337362229824066,0.014318138360977173,0.022682495415210724,0.0377531349658966,0.003244638442993164,0.04538753628730774
A1_G,50,cashew/Data/Images/Anomaly/000.JPG,1,clean_defect,32x34,12,0,,,,,,,,
A1_G,50,cashew/Data/Images/Anomaly/000.JPG,1,boundary,32x34,12,12,0.017669886350631714,0.004517257213592529,0.011337362229824066,0.014318138360977173,0.022682495415210724,0.0377531349658966,0.003244638442993164,0.04538753628730774
A1_G,51,cashew/Data/Images/Anomaly/001.JPG,1,abnormal_normal,32x34,6,1082,0.008675883773734962,0.0,0.00249423086643219,0.005821093916893005,0.012049973011016846,0.02534487098455429,0.0,0.08831790089607239
A1_G,51,cashew/Data/Images/Anomaly/001.JPG,1,defect,32x34,6,6,0.013028591871261597,0.0,0.0008267536759376526,0.0062103718519210815,0.01289539784193039,0.042235128581523895,0.0,0.05159485340118408
A1_G,51,cashew/Data/Images/Anomaly/001.JPG,1,clean_defect,32x34,6,0,,,,,,,,
A1_G,51,cashew/Data/Images/Anomaly/001.JPG,1,boundary,32x34,6,6,0.013028591871261597,0.0,0.0008267536759376526,0.0062103718519210815,0.01289539784193039,0.042235128581523895,0.0,0.05159485340118408
A1_G,52,cashew/Data/Images/Anomaly/002.JPG,1,abnormal_normal,32x34,9,1075,0.009176012443941693,0.00037781596183776865,0.0026951730251312256,0.006267070770263672,0.01252041757106781,0.027714169025421138,0.0,0.09986963868141174
A1_G,52,cashew/Data/Images/Anomaly/002.JPG,1,defect,32x34,9,13,0.02205480062044584,0.0,0.015042990446090698,0.01847168803215027,0.03259831666946411,0.04501092433929443,0.0,0.04788258671760559
A1_G,52,cashew/Data/Images/Anomaly/002.JPG,1,clean_defect,32x34,9,4,0.03503360599279404,0.02308700978755951,0.02564243972301483,0.03490184247493744,0.044293008744716644,0.0471646711230278,0.02244815230369568,0.04788258671760559
A1_G,52,cashew/Data/Images/Anomaly/002.JPG,1,boundary,32x34,9,9,0.016286442677179973,0.0,0.006799906492233276,0.017656654119491577,0.01847168803215027,0.035816287994384764,0.0,0.037961602210998535
A1_G,53,cashew/Data/Images/Anomaly/003.JPG,1,abnormal_normal,32x34,5,1082,0.00878792687176336,0.00010551959276199347,0.0027343854308128357,0.006462544202804565,0.012472227215766907,0.025072635710239426,0.0,0.057662755250930786
A1_G,53,cashew/Data/Images/Anomaly/003.JPG,1,defect,32x34,5,6,0.017164791623751324,0.0015804693102836609,0.006790690124034882,0.0114804208278656,0.021184004843235016,0.04361747205257416,0.0,0.05038192868232727
A1_G,53,cashew/Data/Images/Anomaly/003.JPG,1,clean_defect,32x34,5,1,0.05038192868232727,0.05038192868232727,0.05038192868232727,0.05038192868232727,0.05038192868232727,0.05038192868232727,0.05038192868232727,0.05038192868232727
A1_G,53,cashew/Data/Images/Anomaly/003.JPG,1,boundary,32x34,5,5,0.010521364212036134,0.0012643754482269288,0.0063218772411346436,0.008197128772735596,0.014763712882995605,0.021612024307250975,0.0,0.02332410216331482
A1_G,54,cashew/Data/Images/Anomaly/004.JPG,1,abnormal_normal,32x34,6,1081,0.009407392786565917,0.0002154707908630371,0.002692997455596924,0.006411999464035034,0.013032227754592896,0.028154641389846802,0.0,0.09738215804100037
A1_G,54,cashew/Data/Images/Anomaly/004.JPG,1,defect,32x34,6,7,0.02983710595539638,0.005871331691741944,0.011612236499786377,0.02198505401611328,0.04303024709224701,0.06558276414871214,0.004403054714202881,0.07318666577339172
A1_G,54,cashew/Data/Images/Anomaly/004.JPG,1,clean_defect,32x34,6,1,0.009297311305999756,0.009297311305999756,0.009297311305999756,0.009297311305999756,0.009297311305999756,0.009297311305999756,0.009297311305999756,0.009297311305999756
A1_G,54,cashew/Data/Images/Anomaly/004.JPG,1,boundary,32x34,6,6,0.03326040506362915,0.00678408145904541,0.01594163477420807,0.03010261058807373,0.045435287058353424,0.06685008108615875,0.004403054714202881,0.07318666577339172
A1_G,55,cashew/Data/Images/Anomaly/005.JPG,1,abnormal_normal,32x34,4,1082,0.008814925407085313,0.0,0.0026142001152038574,0.006334424018859863,0.012336403131484985,0.025718331336975098,0.0,0.05861550569534302
A1_G,55,cashew/Data/Images/Anomaly/005.JPG,1,defect,32x34,4,6,0.020501449704170227,0.012237124145030975,0.012704849243164062,0.018233731389045715,0.028673045337200165,0.03116144984960556,0.012226849794387817,0.03129968047142029
A1_G,55,cashew/Data/Images/Anomaly/005.JPG,1,clean_defect,32x34,4,2,0.031023219227790833,0.030774404108524323,0.030884988605976105,0.031023219227790833,0.03116144984960556,0.031272034347057345,0.030746757984161377,0.03129968047142029
A1_G,55,cashew/Data/Images/Anomaly/005.JPG,1,boundary,32x34,4,4,0.015240564942359924,0.012233014404773711,0.012257672846317291,0.013141751289367676,0.01612464338541031,0.021186454594135283,0.012226849794387817,0.02245190739631653
A1_G,56,cashew/Data/Images/Anomaly/006.JPG,1,abnormal_normal,32x34,11,1077,0.009935143625946542,0.00032468438148498536,0.003297358751296997,0.0068171024322509766,0.01298666000366211,0.03156827688217163,0.0,0.08297556638717651
A1_G,56,cashew/Data/Images/Anomaly/006.JPG,1,defect,32x34,11,11,0.01696717468175021,0.0,0.006472259759902954,0.014767467975616455,0.0239860862493515,0.04012884199619293,0.0,0.0406208336353302
A1_G,56,cashew/Data/Images/Anomaly/006.JPG,1,clean_defect,32x34,11,0,,,,,,,,
A1_G,56,cashew/Data/Images/Anomaly/006.JPG,1,boundary,32x34,11,11,0.01696717468175021,0.0,0.006472259759902954,0.014767467975616455,0.0239860862493515,0.04012884199619293,0.0,0.0406208336353302
A1_G,57,cashew/Data/Images/Anomaly/007.JPG,1,abnormal_normal,32x34,1,1086,0.009033260781242483,0.000214308500289917,0.002951502799987793,0.006560087203979492,0.012439422309398651,0.025249317288398743,0.0,0.08465263247489929
A1_G,57,cashew/Data/Images/Anomaly/007.JPG,1,defect,32x34,1,2,0.0010635703802108765,0.0004519328474998474,0.0007237717509269714,0.0010635703802108765,0.0014033690094947815,0.0016752079129219053,0.0003839731216430664,0.0017431676387786865
A1_G,57,cashew/Data/Images/Anomaly/007.JPG,1,clean_defect,32x34,1,1,0.0003839731216430664,0.0003839731216430664,0.0003839731216430664,0.0003839731216430664,0.0003839731216430664,0.0003839731216430664,0.0003839731216430664,0.0003839731216430664
A1_G,57,cashew/Data/Images/Anomaly/007.JPG,1,boundary,32x34,1,1,0.0017431676387786865,0.0017431676387786865,0.0017431676387786865,0.0017431676387786865,0.0017431676387786865,0.0017431676387786865,0.0017431676387786865,0.0017431676387786865
A1_G,58,cashew/Data/Images/Anomaly/008.JPG,1,abnormal_normal,32x34,2,1086,0.009558738320791479,0.0003256499767303467,0.003036700189113617,0.006864279508590698,0.012791857123374939,0.028377197682857513,0.0,0.0688193142414093
A1_G,58,cashew/Data/Images/Anomaly/008.JPG,1,defect,32x34,2,2,0.02216927707195282,0.019170553982257844,0.020503319799900055,0.02216927707195282,0.023835234344005585,0.025168000161647795,0.01883736252784729,0.02550119161605835
A1_G,58,cashew/Data/Images/Anomaly/008.JPG,1,clean_defect,32x34,2,0,,,,,,,,
A1_G,58,cashew/Data/Images/Anomaly/008.JPG,1,boundary,32x34,2,2,0.02216927707195282,0.019170553982257844,0.020503319799900055,0.02216927707195282,0.023835234344005585,0.025168000161647795,0.01883736252784729,0.02550119161605835
A1_G,59,cashew/Data/Images/Anomaly/009.JPG,1,abnormal_normal,32x34,7,1079,0.00863755055883618,0.000224462151527405,0.0026405900716781616,0.005861461162567139,0.01127663254737854,0.02643723785877227,0.0,0.07738444209098816
A1_G,59,cashew/Data/Images/Anomaly/009.JPG,1,defect,32x34,7,9,0.016268435451719496,0.002929949760437012,0.0085696280002594,0.013708621263504028,0.024441629648208618,0.02912190556526184,0.0017358064651489258,0.029521793127059937
A1_G,59,cashew/Data/Images/Anomaly/009.JPG,1,clean_defect,32x34,7,2,0.021115347743034363,0.014449293911457061,0.017411984503269196,0.021115347743034363,0.02481871098279953,0.027781401574611665,0.013708621263504028,0.028522074222564697
A1_G,59,cashew/Data/Images/Anomaly/009.JPG,1,boundary,32x34,7,7,0.014883603368486677,0.0026314139366149904,0.00664539635181427,0.011729776859283447,0.023953527212142944,0.027997744083404538,0.0017358064651489258,0.029521793127059937
A1_G,60,cashew/Data/Images/Anomaly/010.JPG,1,abnormal_normal,32x34,3,1084,0.009098121215936443,0.0004053086042404175,0.003024071455001831,0.006606206297874451,0.012253567576408386,0.02800864279270166,0.0,0.06253114342689514
A1_G,60,cashew/Data/Images/Anomaly/010.JPG,1,defect,32x34,3,4,0.009060055017471313,0.007453051209449768,0.007494643330574036,0.007945626974105835,0.009511038661003113,0.012227258086204527,0.007442653179168701,0.012906312942504883
A1_G,60,cashew/Data/Images/Anomaly/010.JPG,1,clean_defect,32x34,3,1,0.007442653179168701,0.007442653179168701,0.007442653179168701,0.007442653179168701,0.007442653179168701,0.007442653179168701,0.007442653179168701,0.007442653179168701
A1_G,60,cashew/Data/Images/Anomaly/010.JPG,1,boundary,32x34,3,3,0.009599188963572184,0.007598704099655152,0.007945626974105835,0.00837928056716919,0.010642796754837036,0.012453609704971313,0.0075119733810424805,0.012906312942504883
A1_G,61,cashew/Data/Images/Anomaly/011.JPG,1,abnormal_normal,32x34,7,1076,0.008677334895142835,0.000272408127784729,0.002654656767845154,0.0058009326457977295,0.011834293603897095,0.026228860020637512,0.0,0.08034956455230713
A1_G,61,cashew/Data/Images/Anomaly/011.JPG,1,defect,32x34,7,12,0.014191903173923492,0.0037787869572639466,0.006745055317878723,0.014540329575538635,0.019163429737091064,0.02795695215463638,0.0032262206077575684,0.03096109628677368
A1_G,61,cashew/Data/Images/Anomaly/011.JPG,1,clean_defect,32x34,7,5,0.01623157858848572,0.004141318798065186,0.007801711559295654,0.017677009105682373,0.02149185538291931,0.029067248106002808,0.0032262206077575684,0.03096109628677368
A1_G,61,cashew/Data/Images/Anomaly/011.JPG,1,boundary,32x34,7,7,0.012734992163521903,0.004290780425071717,0.005973547697067261,0.01222798228263855,0.017619982361793518,0.02336549758911132,0.004230886697769165,0.025499016046524048
A1_G,62,cashew/Data/Images/Anomaly/012.JPG,1,abnormal_normal,32x34,7,1077,0.00940924299017854,0.00037093758583068854,0.0028409063816070557,0.006510496139526367,0.012782245874404907,0.02975836992263792,0.0,0.07170861959457397
A1_G,62,cashew/Data/Images/Anomaly/012.JPG,1,defect,32x34,7,11,0.035971460017290985,0.0021324753761291504,0.014494672417640686,0.031391441822052,0.05336420238018036,0.08295795321464539,0.0011481046676635742,0.10243076086044312
A1_G,62,cashew/Data/Images/Anomaly/012.JPG,1,clean_defect,32x34,7,4,0.06532327830791473,0.03811843693256378,0.054524436593055725,0.06242270767688751,0.07322154939174652,0.09658891856670378,0.034016937017440796,0.10243076086044312
A1_G,62,cashew/Data/Images/Anomaly/012.JPG,1,boundary,32x34,7,7,0.019198992422648838,0.00173872709274292,0.004544690251350403,0.023016810417175293,0.027885258197784424,0.04117512702941894,0.0011481046676635742,0.04536813497543335
A1_G,63,cashew/Data/Images/Anomaly/013.JPG,1,abnormal_normal,32x34,5,1081,0.008949190736588893,0.0002734959125518799,0.003133535385131836,0.006343632936477661,0.011978864669799805,0.026794224977493286,0.0,0.08399149775505066
A1_G,63,cashew/Data/Images/Anomaly/013.JPG,1,defect,32x34,5,7,0.02216953464916774,0.007818695902824403,0.010810568928718567,0.011543065309524536,0.03051653504371643,0.049741283059120164,0.006743729114532471,0.05424574017524719
A1_G,63,cashew/Data/Images/Anomaly/013.JPG,1,clean_defect,32x34,5,2,0.010810568928718567,0.010375313460826874,0.010568760335445404,0.010810568928718567,0.01105237752199173,0.01124582439661026,0.010326951742172241,0.011294186115264893
A1_G,63,cashew/Data/Images/Anomaly/013.JPG,1,boundary,32x34,5,5,0.02671312093734741,0.0077035963535308834,0.011543065309524536,0.021802186965942383,0.03923088312149048,0.05124276876449585,0.006743729114532471,0.05424574017524719
A1_G,64,cashew/Data/Images/Anomaly/014.JPG,1,abnormal_normal,32x34,6,1080,0.00902994101246198,0.00013246238231658935,0.002600356936454773,0.0063436925411224365,0.012658298015594482,0.02731616646051406,0.0,0.08061286807060242
A1_G,64,cashew/Data/Images/Anomaly/014.JPG,1,defect,32x34,6,8,0.053350213915109634,0.016551508009433745,0.03381557762622833,0.056999146938323975,0.07432665675878525,0.0842294231057167,0.011271566152572632,0.0867980420589447
A1_G,64,cashew/Data/Images/Anomaly/014.JPG,1,clean_defect,32x34,6,2,0.07039445638656616,0.062236249446868896,0.06586211919784546,0.07039445638656616,0.07492679357528687,0.07855266332626343,0.061329782009124756,0.07945913076400757
A1_G,64,cashew/Data/Images/Anomaly/014.JPG,1,boundary,32x34,6,6,0.04766879975795746,0.015042953193187714,0.028843268752098083,0.044485121965408325,0.06762900203466415,0.08325248956680298,0.011271566152572632,0.0867980420589447
A1_G,65,cashew/Data/Images/Anomaly/015.JPG,1,abnormal_normal,32x34,5,1082,0.009145612444542693,0.0003311291337013245,0.002862676978111267,0.006331682205200195,0.012532435357570648,0.0274876356124878,0.0,0.06568041443824768
A1_G,65,cashew/Data/Images/Anomaly/015.JPG,1,defect,32x34,5,6,0.05427718162536621,0.015032172203063965,0.04149070382118225,0.04504041373729706,0.07320471107959747,0.10020438581705093,0.0065686702728271484,0.10611331462860107
A1_G,65,cashew/Data/Images/Anomaly/015.JPG,1,clean_defect,32x34,5,1,0.08247759938240051,0.08247759938240051,0.08247759938240051,0.08247759938240051,0.08247759938240051,0.08247759938240051,0.08247759938240051,0.08247759938240051
A1_G,65,cashew/Data/Images/Anomaly/015.JPG,1,boundary,32x34,5,5,0.04863709807395935,0.013339471817016602,0.040422677993774414,0.04469478130340576,0.045386046171188354,0.09396786093711852,0.0065686702728271484,0.10611331462860107
A1_G,66,cashew/Data/Images/Anomaly/016.JPG,1,abnormal_normal,32x34,3,1082,0.009054013023535116,0.0004065811634063721,0.002934172749519348,0.006624013185501099,0.012823261320590973,0.025180791318416603,0.0,0.07410740852355957
A1_G,66,cashew/Data/Images/Anomaly/016.JPG,1,defect,32x34,3,6,0.05445502698421478,0.0368371456861496,0.04538869857788086,0.06001898646354675,0.0630900040268898,0.06586918979883194,0.03542041778564453,0.06664615869522095
A1_G,66,cashew/Data/Images/Anomaly/016.JPG,1,clean_defect,32x34,3,3,0.046682010094324745,0.03598710894584656,0.03825387358665466,0.041087329387664795,0.052312806248664856,0.0612931877374649,0.03542041778564453,0.06353828310966492
A1_G,66,cashew/Data/Images/Anomaly/016.JPG,1,boundary,32x34,3,3,0.06222804387410482,0.05863804221153259,0.06001898646354675,0.06174516677856445,0.0641956627368927,0.0661560595035553,0.05829280614852905,0.06664615869522095
A1_G,67,cashew/Data/Images/Anomaly/017.JPG,1,abnormal_normal,32x34,4,1082,0.008977488895220589,0.00018663108348846436,0.002775155007839203,0.006372496485710144,0.0122842937707901,0.02629115581512452,0.0,0.0842602550983429
A1_G,67,cashew/Data/Images/Anomaly/017.JPG,1,defect,32x34,4,6,0.060451194643974304,0.03198377788066864,0.04107256978750229,0.06748230755329132,0.07292631268501282,0.08531798422336578,0.03136700391769409,0.08936524391174316
A1_G,67,cashew/Data/Images/Anomaly/017.JPG,1,clean_defect,32x34,4,2,0.06748230755329132,0.0632574126124382,0.06513514369726181,0.06748230755329132,0.06982947140932083,0.07170720249414445,0.0627879798412323,0.07217663526535034
A1_G,67,cashew/Data/Images/Anomaly/017.JPG,1,boundary,32x34,4,4,0.056935638189315796,0.03173706829547882,0.03321732580661774,0.053505152463912964,0.07722346484661102,0.08693688809871673,0.03136700391769409,0.08936524391174316
A1_G,68,cashew/Data/Images/Anomaly/018.JPG,1,abnormal_normal,32x34,9,1077,0.008894611008209327,0.0,0.0026786625385284424,0.005945801734924316,0.012571871280670166,0.02779294848442077,0.0,0.07634088397026062
A1_G,68,cashew/Data/Images/Anomaly/018.JPG,1,defect,32x34,9,11,0.05170622197064487,0.012234270572662354,0.02268947660923004,0.04752147197723389,0.07888633012771606,0.09900997579097748,0.010657846927642822,0.10746031999588013
A1_G,68,cashew/Data/Images/Anomaly/018.JPG,1,clean_defect,32x34,9,2,0.060635507106781006,0.018493175506591797,0.037223100662231445,0.060635507106781006,0.08404791355133057,0.10277783870697021,0.013810694217681885,0.10746031999588013
A1_G,68,cashew/Data/Images/Anomaly/018.JPG,1,boundary,32x34,9,9,0.04972193638483683,0.0150815486907959,0.02366185188293457,0.04752147197723389,0.07473498582839966,0.08755084872245789,0.010657846927642822,0.09055963158607483
A1_G,69,cashew/Data/Images/Anomaly/019.JPG,1,abnormal_normal,32x34,4,1081,0.009577187700033409,0.00030934810638427734,0.003083944320678711,0.006729066371917725,0.012775123119354248,0.027950555086135864,0.0,0.07571953535079956
A1_G,69,cashew/Data/Images/Anomaly/019.JPG,1,defect,32x34,4,7,0.04135429007666452,0.013112199306488038,0.03267906606197357,0.050030142068862915,0.05099187791347504,0.060368368029594416,0.007908552885055542,0.06419944763183594
A1_G,69,cashew/Data/Images/Anomaly/019.JPG,1,clean_defect,32x34,4,3,0.05521959066390991,0.05017004609107971,0.0507296621799469,0.051429182291030884,0.05781431496143341,0.06292242109775543,0.050030142068862915,0.06419944763183594
A1_G,69,cashew/Data/Images/Anomaly/019.JPG,1,boundary,32x34,4,4,0.03095531463623047,0.01051037609577179,0.02091766893863678,0.03267906606197357,0.04271671175956726,0.0489870011806488,0.007908552885055542,0.05055457353591919
A1_G,70,cashew/Data/Images/Anomaly/020.JPG,1,abnormal_normal,32x34,3,1084,0.009339544825888208,0.00024964362382888793,0.00286005437374115,0.006174057722091675,0.012352295219898224,0.02830044776201248,0.0,0.06931638717651367
A1_G,70,cashew/Data/Images/Anomaly/020.JPG,1,defect,32x34,3,4,0.03175584226846695,0.010455252230167389,0.011648423969745636,0.02245284616947174,0.042560264468193054,0.06608062684535979,0.010156959295272827,0.07196071743965149
A1_G,70,cashew/Data/Images/Anomaly/020.JPG,1,clean_defect,32x34,3,1,0.03276011347770691,0.03276011347770691,0.03276011347770691,0.03276011347770691,0.03276011347770691,0.03276011347770691,0.03276011347770691,0.03276011347770691
A1_G,70,cashew/Data/Images/Anomaly/020.JPG,1,boundary,32x34,3,3,0.0314210851987203,0.010355821251869202,0.0111512690782547,0.012145578861236572,0.04205314815044403,0.06597920358180999,0.010156959295272827,0.07196071743965149
A1_G,71,cashew/Data/Images/Anomaly/021.JPG,1,abnormal_normal,32x34,7,1078,0.008973154182336768,0.00010579824447631839,0.002693183720111847,0.006055727601051331,0.01208178699016571,0.02734527438879013,0.0,0.0637173056602478
A1_G,71,cashew/Data/Images/Anomaly/021.JPG,1,defect,32x34,7,10,0.016437983512878417,0.0018090963363647462,0.005688786506652832,0.013191372156143188,0.01946088671684265,0.042543664574623094,0.0,0.0491369366645813
A1_G,71,cashew/Data/Images/Anomaly/021.JPG,1,clean_defect,32x34,7,3,0.029728293418884277,0.008454972505569458,0.020023971796035767,0.03448522090911865,0.041811078786849976,0.047671765089035034,0.005562722682952881,0.0491369366645813
A1_G,71,cashew/Data/Images/Anomaly/021.JPG,1,boundary,32x34,7,7,0.010742136410304479,0.0012060642242431641,0.005043596029281616,0.009264588356018066,0.018141955137252808,0.019441211223602296,0.0,0.019559264183044434
A1_G,72,cashew/Data/Images/Anomaly/022.JPG,1,abnormal_normal,32x34,7,1077,0.009907406242002242,0.0005264997482299805,0.00307542085647583,0.006989538669586182,0.013258635997772217,0.03015356659889219,0.0,0.0869084894657135
A1_G,72,cashew/Data/Images/Anomaly/022.JPG,1,defect,32x34,7,11,0.03178684277967973,0.007442295551300049,0.018581971526145935,0.026564300060272217,0.04219083487987518,0.06740489602088928,0.003269493579864502,0.0765346884727478
A1_G,72,cashew/Data/Images/Anomaly/022.JPG,1,clean_defect,32x34,7,4,0.04511097073554993,0.02019396722316742,0.024690672755241394,0.04241970181465149,0.06283999979496002,0.07379575073719025,0.019069790840148926,0.0765346884727478
A1_G,72,cashew/Data/Images/Anomaly/022.JPG,1,boundary,32x34,7,7,0.024173055376325334,0.00577317476272583,0.01485462486743927,0.02183091640472412,0.03567640483379364,0.04253406822681427,0.003269493579864502,0.0430489182472229
A1_G,73,cashew/Data/Images/Anomaly/023.JPG,1,abnormal_normal,32x34,5,1080,0.00910381696842335,0.0003197357058525086,0.00261756032705307,0.006639659404754639,0.012055426836013794,0.0262747123837471,0.0,0.07543125748634338
A1_G,73,cashew/Data/Images/Anomaly/023.JPG,1,defect,32x34,5,8,0.03367716073989868,0.013492570817470552,0.02941793203353882,0.03494317829608917,0.03699450194835663,0.053413918614387504,0.008694469928741455,0.060437172651290894
A1_G,73,cashew/Data/Images/Anomaly/023.JPG,1,clean_defect,32x34,5,3,0.04217300812403361,0.03201309144496918,0.03304092586040497,0.03432571887969971,0.0473814457654953,0.057826027274131775,0.03175613284111023,0.060437172651290894
A1_G,73,cashew/Data/Images/Anomaly/023.JPG,1,boundary,32x34,5,5,0.028579652309417725,0.01143624186515808,0.022403329610824585,0.03556063771247864,0.035869091749191284,0.039470404386520386,0.008694469928741455,0.04037073254585266
A1_G,74,cashew/Data/Images/Anomaly/024.JPG,1,abnormal_normal,32x34,6,1079,0.008877024316920298,0.00036932826042175294,0.0028129220008850098,0.006436705589294434,0.012179315090179443,0.024830770492553698,0.0,0.10530367493629456
A1_G,74,cashew/Data/Images/Anomaly/024.JPG,1,defect,32x34,6,9,0.022045893801583186,0.004688435792922973,0.010933905839920044,0.020955950021743774,0.03286990523338318,0.046433639526367185,0.0043812096118927,0.050831139087677
A1_G,74,cashew/Data/Images/Anomaly/024.JPG,1,clean_defect,32x34,6,3,0.027422080437342327,0.02100764513015747,0.021214425563812256,0.021472901105880737,0.0306551456451416,0.03800094127655029,0.020955950021743774,0.039837390184402466
A1_G,74,cashew/Data/Images/Anomaly/024.JPG,1,boundary,32x34,6,6,0.019357800483703613,0.004573225975036621,0.006595432758331299,0.011457636952400208,0.027647770941257477,0.046340830624103546,0.0043812096118927,0.050831139087677
A1_G,75,cashew/Data/Images/Anomaly/025.JPG,1,abnormal_normal,32x34,4,1083,0.008958162225624641,0.00011944174766540529,0.0027558505535125732,0.006428658962249756,0.011946529150009155,0.026560458540916435,0.0,0.10202449560165405
A1_G,75,cashew/Data/Images/Anomaly/025.JPG,1,defect,32x34,4,5,0.015199381113052367,0.00876639485359192,0.009905725717544556,0.011677443981170654,0.012867480516433716,0.029025250673294062,0.00848156213760376,0.033064693212509155
A1_G,75,cashew/Data/Images/Anomaly/025.JPG,1,clean_defect,32x34,4,1,0.012867480516433716,0.012867480516433716,0.012867480516433716,0.012867480516433716,0.012867480516433716,0.012867480516433716,0.012867480516433716,0.012867480516433716
A1_G,75,cashew/Data/Images/Anomaly/025.JPG,1,boundary,32x34,4,4,0.01578235626220703,0.008695186674594879,0.009549684822559357,0.010791584849357605,0.01702425628900528,0.029856605827808372,0.00848156213760376,0.033064693212509155
A1_G,76,cashew/Data/Images/Anomaly/026.JPG,1,abnormal_normal,32x34,3,1085,0.009526500009721325,0.0005505144596099854,0.003099501132965088,0.006933301687240601,0.012654334306716919,0.026968395709991447,0.0,0.08230862021446228
A1_G,76,cashew/Data/Images/Anomaly/026.JPG,1,defect,32x34,3,3,0.015284011761347452,0.0024646133184432987,0.006515428423881531,0.011578947305679321,0.02220006287097931,0.030696955323219297,0.0014519095420837402,0.0328211784362793
A1_G,76,cashew/Data/Images/Anomaly/026.JPG,1,clean_defect,32x34,3,0,,,,,,,,
A1_G,76,cashew/Data/Images/Anomaly/026.JPG,1,boundary,32x34,3,3,0.015284011761347452,0.0024646133184432987,0.006515428423881531,0.011578947305679321,0.02220006287097931,0.030696955323219297,0.0014519095420837402,0.0328211784362793
A1_G,77,cashew/Data/Images/Anomaly/027.JPG,1,abnormal_normal,32x34,3,1084,0.009087135870958166,0.0003274366259574891,0.0028836727142333984,0.006632789969444275,0.012745313346385956,0.024872744083404535,0.0,0.06830659508705139
A1_G,77,cashew/Data/Images/Anomaly/027.JPG,1,defect,32x34,3,4,0.020170241594314575,0.012541463971138,0.016417041420936584,0.021079450845718384,0.024832651019096375,0.026526126265525817,0.011572569608688354,0.02694949507713318
A1_G,77,cashew/Data/Images/Anomaly/027.JPG,1,clean_defect,32x34,3,1,0.01803186535835266,0.01803186535835266,0.01803186535835266,0.01803186535835266,0.01803186535835266,0.01803186535835266,0.01803186535835266,0.01803186535835266
A1_G,77,cashew/Data/Images/Anomaly/027.JPG,1,boundary,32x34,3,3,0.020883033672968548,0.01282801628112793,0.01784980297088623,0.024127036333084106,0.025538265705108643,0.026667249202728272,0.011572569608688354,0.02694949507713318
A1_G,78,cashew/Data/Images/Anomaly/028.JPG,1,abnormal_normal,32x34,2,1085,0.009385758363706176,0.0003190636634826662,0.003082364797592163,0.006497621536254883,0.012841612100601196,0.028296113014221184,0.0,0.06965884566307068
A1_G,78,cashew/Data/Images/Anomaly/028.JPG,1,defect,32x34,2,3,0.0062109629313151045,0.0012864947319030761,0.0025728344917297363,0.0041807591915130615,0.00883398950099945,0.01255657374858856,0.0009649097919464111,0.01348721981048584
A1_G,78,cashew/Data/Images/Anomaly/028.JPG,1,clean_defect,32x34,2,1,0.01348721981048584,0.01348721981048584,0.01348721981048584,0.01348721981048584,0.01348721981048584,0.01348721981048584,0.01348721981048584,0.01348721981048584
A1_G,78,cashew/Data/Images/Anomaly/028.JPG,1,boundary,32x34,2,2,0.0025728344917297363,0.0011257022619247437,0.0017688721418380737,0.0025728344917297363,0.003376796841621399,0.0040199667215347285,0.0009649097919464111,0.0041807591915130615
A1_G,79,cashew/Data/Images/Anomaly/029.JPG,1,abnormal_normal,32x34,4,1084,0.00918946541653348,0.0004712641239166261,0.003086768090724945,0.006441861391067505,0.012433312833309174,0.026657316088676445,0.0,0.07580024003982544
A1_G,79,cashew/Data/Images/Anomaly/029.JPG,1,defect,32x34,4,4,0.012829720973968506,0.00630483627319336,0.010427355766296387,0.013247832655906677,0.015650197863578796,0.01876924932003021,0.0052742063999176025,0.019549012184143066
A1_G,79,cashew/Data/Images/Anomaly/029.JPG,1,clean_defect,32x34,4,0,,,,,,,,
A1_G,79,cashew/Data/Images/Anomaly/029.JPG,1,boundary,32x34,4,4,0.012829720973968506,0.00630483627319336,0.010427355766296387,0.013247832655906677,0.015650197863578796,0.01876924932003021,0.0052742063999176025,0.019549012184143066
A1_G,80,cashew/Data/Images/Anomaly/030.JPG,1,abnormal_normal,32x34,8,1080,0.009427237234733724,0.0003119960427284241,0.0027453377842903137,0.00664106011390686,0.012963667511940002,0.027449606359004963,0.0,0.08289748430252075
A1_G,80,cashew/Data/Images/Anomaly/030.JPG,1,defect,32x34,8,8,0.017060216516256332,0.008532898128032684,0.009441174566745758,0.013921737670898438,0.017669185996055603,0.03620545268058775,0.00829535722732544,0.04514878988265991
A1_G,80,cashew/Data/Images/Anomaly/030.JPG,1,clean_defect,32x34,8,0,,,,,,,,
A1_G,80,cashew/Data/Images/Anomaly/030.JPG,1,boundary,32x34,8,8,0.017060216516256332,0.008532898128032684,0.009441174566745758,0.013921737670898438,0.017669185996055603,0.03620545268058775,0.00829535722732544,0.04514878988265991
A1_G,81,cashew/Data/Images/Anomaly/031.JPG,1,abnormal_normal,32x34,4,1083,0.009040239390023637,0.00020385086536407472,0.002524137496948242,0.006168007850646973,0.01218077540397644,0.028040882945060693,0.0,0.06969338655471802
A1_G,81,cashew/Data/Images/Anomaly/031.JPG,1,defect,32x34,4,5,0.024489390850067138,0.010992884635925293,0.0172879695892334,0.01849079132080078,0.02273780107498169,0.04815658330917358,0.009419113397598267,0.05451127886772156
A1_G,81,cashew/Data/Images/Anomaly/031.JPG,1,clean_defect,32x34,4,1,0.02273780107498169,0.02273780107498169,0.02273780107498169,0.02273780107498169,0.02273780107498169,0.02273780107498169,0.02273780107498169,0.02273780107498169
A1_G,81,cashew/Data/Images/Anomaly/031.JPG,1,boundary,32x34,4,4,0.0249272882938385,0.010599441826343536,0.015320755541324615,0.01788938045501709,0.027495913207530975,0.049108205735683426,0.009419113397598267,0.05451127886772156
A1_G,82,cashew/Data/Images/Anomaly/032.JPG,1,abnormal_normal,32x34,8,1070,0.008949873046340229,1.4618039131164643e-06,0.0024910196661949158,0.005985364317893982,0.01207812875509262,0.028393213450908648,0.0,0.06197315454483032
A1_G,82,cashew/Data/Images/Anomaly/032.JPG,1,defect,32x34,8,18,0.03616492781374189,0.003778795897960663,0.014856092631816864,0.04025626182556152,0.05016125738620758,0.07008211463689804,0.0,0.07561606168746948
A1_G,82,cashew/Data/Images/Anomaly/032.JPG,1,clean_defect,32x34,8,10,0.03977082073688507,0.015296398103237152,0.027416028082370758,0.04025626182556152,0.05016125738620758,0.0646417364478111,0.014305710792541504,0.07561606168746948
A1_G,82,cashew/Data/Images/Anomaly/032.JPG,1,boundary,32x34,8,8,0.03165756165981293,0.0015559747815132143,0.011530116200447083,0.028413012623786926,0.05101004242897034,0.0664322018623352,0.0,0.06910553574562073
A1_G,83,cashew/Data/Images/Anomaly/033.JPG,1,abnormal_normal,32x34,6,1072,0.009107073880176045,0.00034411102533340456,0.003013402223587036,0.006510913372039795,0.01195940375328064,0.026019129157066313,0.0,0.09237116575241089
A1_G,83,cashew/Data/Images/Anomaly/033.JPG,1,defect,32x34,6,16,0.02108416147530079,0.00560712069272995,0.012180216610431671,0.0208694189786911,0.029660269618034363,0.03744950890541077,0.003592848777770996,0.042896002531051636
A1_G,83,cashew/Data/Images/Anomaly/033.JPG,1,clean_defect,32x34,6,10,0.023223039507865906,0.009208804368972779,0.016953952610492706,0.02409893274307251,0.02894795686006546,0.03716649562120436,0.006278544664382935,0.042896002531051636
A1_G,83,cashew/Data/Images/Anomaly/033.JPG,1,boundary,32x34,6,6,0.01751936475435893,0.0050196573138237,0.009562604129314423,0.012320190668106079,0.027534201741218567,0.03471272438764572,0.003592848777770996,0.035634011030197144
A1_G,84,cashew/Data/Images/Anomaly/034.JPG,1,abnormal_normal,32x34,8,1073,0.008767046527338162,0.00024062395095825198,0.0026519596576690674,0.006180942058563232,0.011975198984146118,0.025321149826049803,0.0,0.05996862053871155
A1_G,84,cashew/Data/Images/Anomaly/034.JPG,1,defect,32x34,8,15,0.03454373280207316,0.00553344190120697,0.013403162360191345,0.04180285334587097,0.04736453294754028,0.060164475440979,0.0,0.06429123878479004
A1_G,84,cashew/Data/Images/Anomaly/034.JPG,1,clean_defect,32x34,8,7,0.051856432642255514,0.045248040556907655,0.04637698829174042,0.04738336801528931,0.05669353902339935,0.06252262592315673,0.04517936706542969,0.06429123878479004
A1_G,84,cashew/Data/Images/Anomaly/034.JPG,1,boundary,32x34,8,8,0.019395120441913605,0.0027667209506034855,0.009304091334342957,0.013403162360191345,0.03443522751331329,0.03922729790210724,0.0,0.04180285334587097
A1_G,85,cashew/Data/Images/Anomaly/035.JPG,1,abnormal_normal,32x34,7,1075,0.0090760674310285,0.00015759170055389417,0.002887710928916931,0.00663343071937561,0.01183590292930603,0.026926749944686888,0.0,0.06099256873130798
A1_G,85,cashew/Data/Images/Anomaly/035.JPG,1,defect,32x34,7,13,0.024412118471585788,0.012576526403427124,0.020184069871902466,0.02205139398574829,0.030682742595672607,0.03760955333709716,0.01138371229171753,0.04029655456542969
A1_G,85,cashew/Data/Images/Anomaly/035.JPG,1,clean_defect,32x34,7,6,0.02444624404112498,0.014375008642673492,0.01830291748046875,0.02375037968158722,0.031062334775924683,0.03501414507627487,0.01337173581123352,0.03581821918487549
A1_G,85,cashew/Data/Images/Anomaly/035.JPG,1,boundary,32x34,7,7,0.024382867983409336,0.014023819565773012,0.020319029688835144,0.02205139398574829,0.02815517783164978,0.037412410974502555,0.01138371229171753,0.04029655456542969
A1_G,86,cashew/Data/Images/Anomaly/036.JPG,1,abnormal_normal,32x34,12,1066,0.009453452047219197,0.0005940571427345276,0.0030898451805114746,0.006902262568473816,0.012767031788825989,0.028003491461277008,0.0,0.08586034178733826
A1_G,86,cashew/Data/Images/Anomaly/036.JPG,1,defect,32x34,12,22,0.030429072000763634,0.0012443870306015018,0.016042649745941162,0.036201924085617065,0.044864214956760406,0.053033979237079615,0.0008690953254699707,0.05370086431503296
A1_G,86,cashew/Data/Images/Anomaly/036.JPG,1,clean_defect,32x34,12,10,0.04380078911781311,0.03284561038017273,0.03968808054924011,0.044797614216804504,0.04804420471191406,0.05350864380598068,0.029317915439605713,0.05370086431503296
A1_G,86,cashew/Data/Images/Anomaly/036.JPG,1,boundary,32x34,12,12,0.0192859744032224,0.0009391188621520996,0.007905945181846619,0.017806053161621094,0.02577514946460724,0.04469583630561828,0.0008690953254699707,0.047599583864212036
A1_G,87,cashew/Data/Images/Anomaly/037.JPG,1,abnormal_normal,32x34,9,1074,0.008697040004437197,0.0003509402275085451,0.002858266234397888,0.006331786513328552,0.011628054082393646,0.02476959079504008,0.0,0.07821881771087646
A1_G,87,cashew/Data/Images/Anomaly/037.JPG,1,defect,32x34,9,14,0.021643908960478648,0.00816090703010559,0.014436990022659302,0.02353498339653015,0.02646069973707199,0.03406388908624649,0.0,0.038332343101501465
A1_G,87,cashew/Data/Images/Anomaly/037.JPG,1,clean_defect,32x34,9,5,0.02146725058555603,0.014107918739318848,0.014487862586975098,0.02327767014503479,0.023792296648025513,0.030170851945877073,0.014012932777404785,0.031765490770339966
A1_G,87,cashew/Data/Images/Anomaly/037.JPG,1,boundary,32x34,9,9,0.021742052502102323,0.005022096633911133,0.014420032501220703,0.02473708987236023,0.0268995463848114,0.035273694992065424,0.0,0.038332343101501465
A1_G,88,cashew/Data/Images/Anomaly/038.JPG,1,abnormal_normal,32x34,3,1084,0.009146336259877109,0.0005910381674766542,0.0032865703105926514,0.006659120321273804,0.012497447431087494,0.025276923179626466,0.0,0.06368699669837952
A1_G,88,cashew/Data/Images/Anomaly/038.JPG,1,defect,32x34,3,4,0.024030931293964386,0.015139158070087432,0.01572064310312271,0.01980726420879364,0.028117552399635315,0.038835838437080376,0.014993786811828613,0.04151540994644165
A1_G,88,cashew/Data/Images/Anomaly/038.JPG,1,clean_defect,32x34,3,1,0.014993786811828613,0.014993786811828613,0.014993786811828613,0.014993786811828613,0.014993786811828613,0.014993786811828613,0.014993786811828613,0.014993786811828613
A1_G,88,cashew/Data/Images/Anomaly/038.JPG,1,boundary,32x34,3,3,0.027043312788009644,0.01673179566860199,0.01980726420879364,0.023651599884033203,0.03258350491523743,0.039729028940200806,0.015962928533554077,0.04151540994644165
A1_G,89,cashew/Data/Images/Anomaly/039.JPG,1,abnormal_normal,32x34,3,1083,0.009010098620024635,0.0004405587911605835,0.002936318516731262,0.006313592195510864,0.011893868446350098,0.0265605866909027,0.0,0.06347712874412537
A1_G,89,cashew/Data/Images/Anomaly/039.JPG,1,defect,32x34,3,5,0.02539869546890259,0.019581007957458495,0.020817875862121582,0.021506458520889282,0.024940431118011475,0.03735362291336059,0.019271790981292725,0.040456920862197876
A1_G,89,cashew/Data/Images/Anomaly/039.JPG,1,clean_defect,32x34,3,2,0.0298643559217453,0.020331047475337982,0.024568073451519012,0.0298643559217453,0.03516063839197159,0.03939766436815262,0.019271790981292725,0.040456920862197876
A1_G,89,cashew/Data/Images/Anomaly/039.JPG,1,boundary,32x34,3,3,0.02242158850034078,0.020886734127998352,0.021162167191505432,0.021506458520889282,0.02322344481945038,0.024597033858299255,0.020817875862121582,0.024940431118011475
A1_G,90,cashew/Data/Images/Anomaly/040.JPG,1,abnormal_normal,32x34,4,1083,0.008966013032423602,0.00034181773662567144,0.0026465952396392822,0.00618743896484375,0.012247145175933838,0.027130499482154825,0.0,0.058250606060028076
A1_G,90,cashew/Data/Images/Anomaly/040.JPG,1,defect,32x34,4,5,0.0256011962890625,0.010598510503768921,0.02160319685935974,0.02760198712348938,0.033595532178878784,0.03660544753074646,0.007847338914871216,0.03735792636871338
A1_G,90,cashew/Data/Images/Anomaly/040.JPG,1,clean_defect,32x34,4,1,0.02760198712348938,0.02760198712348938,0.02760198712348938,0.02760198712348938,0.02760198712348938,0.02760198712348938,0.02760198712348938,0.02760198712348938
A1_G,90,cashew/Data/Images/Anomaly/040.JPG,1,boundary,32x34,4,4,0.02510099858045578,0.009910717606544495,0.01816423237323761,0.027599364519119263,0.03453613072633743,0.03679356724023819,0.007847338914871216,0.03735792636871338
A1_G,91,cashew/Data/Images/Anomaly/041.JPG,1,abnormal_normal,32x34,6,1077,0.008879226977446617,0.0,0.0028172731399536133,0.006376206874847412,0.012480586767196655,0.026161968708038327,0.0,0.060384929180145264
A1_G,91,cashew/Data/Images/Anomaly/041.JPG,1,defect,32x34,6,11,0.029486561363393612,0.00966082513332367,0.02156415581703186,0.027974307537078857,0.04050105810165405,0.04732872545719147,0.00965583324432373,0.05393365025520325
A1_G,91,cashew/Data/Images/Anomaly/041.JPG,1,clean_defect,32x34,6,5,0.041604989767074586,0.0339491605758667,0.04028427600860596,0.04071784019470215,0.04072380065917969,0.051291680335998534,0.032365381717681885,0.05393365025520325
A1_G,91,cashew/Data/Images/Anomaly/041.JPG,1,boundary,32x34,6,6,0.019387871026992798,0.0096583291888237,0.01186291128396988,0.02156415581703186,0.02559574693441391,0.02745646983385086,0.00965583324432373,0.027974307537078857
A1_G,92,cashew/Data/Images/Anomaly/042.JPG,1,abnormal_normal,32x34,6,1082,0.009292987738210922,0.0002780988812446595,0.002857401967048645,0.006237775087356567,0.012821875512599945,0.028686152398586285,0.0,0.11378592252731323
A1_G,92,cashew/Data/Images/Anomaly/042.JPG,1,defect,32x34,6,6,0.021317551533381145,0.0122598335146904,0.0182269886136055,0.021369189023971558,0.027185484766960144,0.028463445603847504,0.010361850261688232,0.028501242399215698
A1_G,92,cashew/Data/Images/Anomaly/042.JPG,1,clean_defect,32x34,6,0,,,,,,,,
A1_G,92,cashew/Data/Images/Anomaly/042.JPG,1,boundary,32x34,6,6,0.021317551533381145,0.0122598335146904,0.0182269886136055,0.021369189023971558,0.027185484766960144,0.028463445603847504,0.010361850261688232,0.028501242399215698
A1_G,93,cashew/Data/Images/Anomaly/043.JPG,1,abnormal_normal,32x34,4,1084,0.009357611136682799,0.0005186885595321655,0.0029711276292800903,0.006367728114128113,0.01251952350139618,0.028569202125072437,0.0,0.0824633240699768
A1_G,93,cashew/Data/Images/Anomaly/043.JPG,1,defect,32x34,4,4,0.011367924511432648,0.005373340845108032,0.009094029664993286,0.012044534087181091,0.014318428933620453,0.01641525477170944,0.004443168640136719,0.01693946123123169
A1_G,93,cashew/Data/Images/Anomaly/043.JPG,1,clean_defect,32x34,4,0,,,,,,,,
A1_G,93,cashew/Data/Images/Anomaly/043.JPG,1,boundary,32x34,4,4,0.011367924511432648,0.005373340845108032,0.009094029664993286,0.012044534087181091,0.014318428933620453,0.01641525477170944,0.004443168640136719,0.01693946123123169
A1_G,94,cashew/Data/Images/Anomaly/044.JPG,1,abnormal_normal,32x34,3,1084,0.008726343649999682,0.0001503556966781617,0.0026272833347320557,0.006006121635437012,0.012225352227687836,0.026076312363147735,0.0,0.072028249502182
A1_G,94,cashew/Data/Images/Anomaly/044.JPG,1,defect,32x34,3,4,0.027261607348918915,0.006550444662570954,0.018651194870471954,0.030955985188484192,0.03956639766693115,0.04280064105987549,0.003525257110595703,0.04360920190811157
A1_G,94,cashew/Data/Images/Anomaly/044.JPG,1,clean_defect,32x34,3,1,0.038218796253204346,0.038218796253204346,0.038218796253204346,0.038218796253204346,0.038218796253204346,0.038218796253204346,0.038218796253204346,0.038218796253204346
A1_G,94,cashew/Data/Images/Anomaly/044.JPG,1,boundary,32x34,3,3,0.023609211047490437,0.005542048811912536,0.01360921561717987,0.023693174123764038,0.033651188015937805,0.041617599129676816,0.003525257110595703,0.04360920190811157
A1_G,95,cashew/Data/Images/Anomaly/045.JPG,1,abnormal_normal,32x34,4,1084,0.009390891890464234,0.0004140421748161321,0.0029366537928581238,0.006569176912307739,0.012421973049640656,0.028260509669780727,0.0,0.06920230388641357
A1_G,95,cashew/Data/Images/Anomaly/045.JPG,1,defect,32x34,4,4,0.008417122066020966,0.0001369982957839966,0.0006849914789199829,0.0030001848936080933,0.010732315480709076,0.02428095787763595,0.0,0.027668118476867676
A1_G,95,cashew/Data/Images/Anomaly/045.JPG,1,clean_defect,32x34,4,0,,,,,,,,
A1_G,95,cashew/Data/Images/Anomaly/045.JPG,1,boundary,32x34,4,4,0.008417122066020966,0.0001369982957839966,0.0006849914789199829,0.0030001848936080933,0.010732315480709076,0.02428095787763595,0.0,0.027668118476867676
A1_G,96,cashew/Data/Images/Anomaly/046.JPG,1,abnormal_normal,32x34,6,1080,0.010107780247926712,0.00015805214643478395,0.002662867307662964,0.006785541772842407,0.013754606246948242,0.03194986879825591,0.0,0.08997917175292969
A1_G,96,cashew/Data/Images/Anomaly/046.JPG,1,defect,32x34,6,8,0.01576486974954605,0.0,0.0012132972478866577,0.012428537011146545,0.024004638195037842,0.041963154077529895,0.0,0.05162575840950012
A1_G,96,cashew/Data/Images/Anomaly/046.JPG,1,clean_defect,32x34,6,2,0.0017333626747131348,0.0001733362674713135,0.0008666813373565674,0.0017333626747131348,0.002600044012069702,0.0032933890819549557,0.0,0.0034667253494262695
A1_G,96,cashew/Data/Images/Anomaly/046.JPG,1,boundary,32x34,6,6,0.020442038774490356,0.00040443241596221924,0.006560884416103363,0.022695213556289673,0.024013757705688477,0.04472389817237854,0.0,0.05162575840950012
A1_G,97,cashew/Data/Images/Anomaly/047.JPG,1,abnormal_normal,32x34,5,1081,0.00886706672919006,0.00012579560279846191,0.0025366544723510742,0.006206810474395752,0.011785835027694702,0.02667325735092163,0.0,0.08690950274467468
A1_G,97,cashew/Data/Images/Anomaly/047.JPG,1,defect,32x34,5,7,0.01340232150895255,0.0030176430940628053,0.005748152732849121,0.007666200399398804,0.019801661372184753,0.029394477605819695,0.002398580312728882,0.03265184164047241
A1_G,97,cashew/Data/Images/Anomaly/047.JPG,1,clean_defect,32x34,5,2,0.013128042221069336,0.005328714847564697,0.008795082569122314,0.013128042221069336,0.017461001873016357,0.020927369594573975,0.004462122917175293,0.02179396152496338
A1_G,97,cashew/Data/Images/Anomaly/047.JPG,1,boundary,32x34,5,5,0.013512033224105834,0.0033257007598876953,0.007034182548522949,0.007666200399398804,0.017809361219406128,0.029683345556259153,0.002398580312728882,0.03265184164047241
A1_G,98,cashew/Data/Images/Anomaly/048.JPG,1,abnormal_normal,32x34,5,1081,0.009054779510162805,0.0001512467861175537,0.002865433692932129,0.0062986016273498535,0.012713491916656494,0.026229381561279297,0.0,0.07278230786323547
A1_G,98,cashew/Data/Images/Anomaly/048.JPG,1,defect,32x34,5,7,0.014226317405700684,0.0007540225982666016,0.005571514368057251,0.009465515613555908,0.014289915561676025,0.04030019044876096,0.0,0.050395846366882324
A1_G,98,cashew/Data/Images/Anomaly/048.JPG,1,clean_defect,32x34,5,2,0.03356975317001343,0.01842626929283142,0.02515670657157898,0.03356975317001343,0.041982799768447876,0.048713237047195435,0.01674365997314453,0.050395846366882324
A1_G,98,cashew/Data/Images/Anomaly/048.JPG,1,boundary,32x34,5,5,0.006488943099975586,0.0005026817321777344,0.002513408660888672,0.00862962007522583,0.009465515613555908,0.011362040042877197,0.0,0.01183617115020752
A1_G,99,cashew/Data/Images/Anomaly/049.JPG,1,abnormal_normal,32x34,5,1083,0.00933148609414105,5.281865596771245e-05,0.0026648640632629395,0.006453990936279297,0.012836575508117676,0.02803197205066675,0.0,0.09711939096450806
A1_G,99,cashew/Data/Images/Anomaly/049.JPG,1,defect,32x34,5,5,0.014046883583068848,0.0,0.0,0.011366665363311768,0.025117695331573486,0.03202358484268188,0.0,0.033750057220458984
A1_G,99,cashew/Data/Images/Anomaly/049.JPG,1,clean_defect,32x34,5,0,,,,,,,,
A1_G,99,cashew/Data/Images/Anomaly/049.JPG,1,boundary,32x34,5,5,0.014046883583068848,0.0,0.0,0.011366665363311768,0.025117695331573486,0.03202358484268188,0.0,0.033750057220458984
A1_G,100,cashew/Data/Images/Anomaly/050.JPG,1,abnormal_normal,32x34,4,1084,0.009321981360551616,0.0004000455141067505,0.0028728842735290527,0.00651434063911438,0.012395858764648438,0.02610079497098922,0.0,0.07821023464202881
A1_G,100,cashew/Data/Images/Anomaly/050.JPG,1,defect,32x34,4,4,0.039871521294116974,0.03604482114315033,0.03817467391490936,0.039346128702163696,0.04104297608137131,0.044433771073818205,0.03551235795021057,0.04528146982192993
A1_G,100,cashew/Data/Images/Anomaly/050.JPG,1,clean_defect,32x34,4,0,,,,,,,,
A1_G,100,cashew/Data/Images/Anomaly/050.JPG,1,boundary,32x34,4,4,0.039871521294116974,0.03604482114315033,0.03817467391490936,0.039346128702163696,0.04104297608137131,0.044433771073818205,0.03551235795021057,0.04528146982192993
A1_G,101,cashew/Data/Images/Anomaly/051.JPG,1,abnormal_normal,32x34,3,1084,0.009140614598879515,0.00010510683059692386,0.002838410437107086,0.006647899746894836,0.011624306440353394,0.026352278888225555,0.0,0.09753045439720154
A1_G,101,cashew/Data/Images/Anomaly/051.JPG,1,defect,32x34,3,4,0.020294643938541412,0.01504722386598587,0.01845482736825943,0.021091774106025696,0.022931590676307678,0.024426081776618955,0.01419532299041748,0.024799704551696777
A1_G,101,cashew/Data/Images/Anomaly/051.JPG,1,clean_defect,32x34,3,1,0.019874662160873413,0.019874662160873413,0.019874662160873413,0.019874662160873413,0.019874662160873413,0.019874662160873413,0.019874662160873413,0.019874662160873413
A1_G,101,cashew/Data/Images/Anomaly/051.JPG,1,boundary,32x34,3,3,0.020434637864430744,0.01500667929649353,0.01825210452079773,0.02230888605117798,0.023554295301437378,0.024550622701644896,0.01419532299041748,0.024799704551696777
A1_G,102,cashew/Data/Images/Anomaly/052.JPG,1,abnormal_normal,32x34,4,1084,0.009229564578770711,0.0002710133790969854,0.0027018412947654724,0.006219238042831421,0.012422308325767517,0.02879723906517027,0.0,0.08168530464172363
A1_G,102,cashew/Data/Images/Anomaly/052.JPG,1,defect,32x34,4,4,0.005762577056884766,0.0008300274610519411,0.004150137305259705,0.005929797887802124,0.007542237639427185,0.010461017489433287,0.0,0.011190712451934814
A1_G,102,cashew/Data/Images/Anomaly/052.JPG,1,clean_defect,32x34,4,0,,,,,,,,
A1_G,102,cashew/Data/Images/Anomaly/052.JPG,1,boundary,32x34,4,4,0.005762577056884766,0.0008300274610519411,0.004150137305259705,0.005929797887802124,0.007542237639427185,0.010461017489433287,0.0,0.011190712451934814
A1_G,103,cashew/Data/Images/Anomaly/053.JPG,1,abnormal_normal,32x34,5,1083,0.009505511706115357,0.00017200410366058352,0.002830132842063904,0.006815791130065918,0.01239447295665741,0.028379487991333,0.0,0.08860456943511963
A1_G,103,cashew/Data/Images/Anomaly/053.JPG,1,defect,32x34,5,5,0.014220839738845826,0.0036771833896636964,0.004825979471206665,0.011121541261672974,0.022150278091430664,0.028123188018798827,0.003389984369277954,0.02961641550064087
A1_G,103,cashew/Data/Images/Anomaly/053.JPG,1,clean_defect,32x34,5,0,,,,,,,,
A1_G,103,cashew/Data/Images/Anomaly/053.JPG,1,boundary,32x34,5,5,0.014220839738845826,0.0036771833896636964,0.004825979471206665,0.011121541261672974,0.022150278091430664,0.028123188018798827,0.003389984369277954,0.02961641550064087
A1_G,104,cashew/Data/Images/Anomaly/054.JPG,1,abnormal_normal,32x34,4,1083,0.009724765795860044,0.0003843039274215699,0.002957373857498169,0.006727010011672974,0.012799888849258423,0.031150335073471043,0.0,0.08094996213912964
A1_G,104,cashew/Data/Images/Anomaly/054.JPG,1,defect,32x34,4,5,0.023104023933410645,0.007865166664123536,0.021597981452941895,0.028297901153564453,0.03048667311668396,0.03066181540489197,0.004431962966918945,0.03070560097694397
A1_G,104,cashew/Data/Images/Anomaly/054.JPG,1,clean_defect,32x34,4,1,0.004431962966918945,0.004431962966918945,0.004431962966918945,0.004431962966918945,0.004431962966918945,0.004431962966918945,0.004431962966918945,0.004431962966918945
A1_G,104,cashew/Data/Images/Anomaly/054.JPG,1,boundary,32x34,4,4,0.02777203917503357,0.02260296940803528,0.026622921228408813,0.029392287135124207,0.030541405081748962,0.030672761797904968,0.021597981452941895,0.03070560097694397
A1_G,105,cashew/Data/Images/Anomaly/055.JPG,1,abnormal_normal,32x34,2,1086,0.00892208867859006,0.00012670457363128662,0.002655334770679474,0.006048485636711121,0.01183599978685379,0.027341850101947784,0.0,0.06889650225639343
A1_G,105,cashew/Data/Images/Anomaly/055.JPG,1,defect,32x34,2,2,0.013660356402397156,0.005024434626102447,0.008862622082233429,0.013660356402397156,0.018458090722560883,0.022296278178691863,0.004064887762069702,0.02325582504272461
A1_G,105,cashew/Data/Images/Anomaly/055.JPG,1,clean_defect,32x34,2,0,,,,,,,,
A1_G,105,cashew/Data/Images/Anomaly/055.JPG,1,boundary,32x34,2,2,0.013660356402397156,0.005024434626102447,0.008862622082233429,0.013660356402397156,0.018458090722560883,0.022296278178691863,0.004064887762069702,0.02325582504272461
A1_G,106,cashew/Data/Images/Anomaly/056.JPG,1,abnormal_normal,32x34,5,1081,0.008645342964468788,0.0,0.0025617480278015137,0.006325751543045044,0.011840134859085083,0.02451583743095398,0.0,0.08080312609672546
A1_G,106,cashew/Data/Images/Anomaly/056.JPG,1,defect,32x34,5,7,0.017392848219190325,0.0,0.004994109272956848,0.01843172311782837,0.02518683671951294,0.0394099861383438,0.0,0.04295632243156433
A1_G,106,cashew/Data/Images/Anomaly/056.JPG,1,clean_defect,32x34,5,2,0.014613345265388489,0.010450731217861175,0.012300781905651093,0.014613345265388489,0.016925908625125885,0.018775959312915803,0.009988218545913696,0.01923847198486328
A1_G,106,cashew/Data/Images/Anomaly/056.JPG,1,boundary,32x34,5,5,0.01850464940071106,0.0,0.0,0.01843172311782837,0.031135201454162598,0.04059209823608398,0.0,0.04295632243156433
A1_G,107,cashew/Data/Images/Anomaly/057.JPG,1,abnormal_normal,32x34,2,1086,0.009621321935460492,0.0003778114914894104,0.0030170902609825134,0.006917163729667664,0.013099640607833862,0.028041735291481018,0.0,0.07483658194541931
A1_G,107,cashew/Data/Images/Anomaly/057.JPG,1,defect,32x34,2,2,0.03203986585140228,0.027190874516963958,0.029345981776714325,0.03203986585140228,0.03473374992609024,0.036888857185840604,0.026652097702026367,0.0374276340007782
A1_G,107,cashew/Data/Images/Anomaly/057.JPG,1,clean_defect,32x34,2,0,,,,,,,,
A1_G,107,cashew/Data/Images/Anomaly/057.JPG,1,boundary,32x34,2,2,0.03203986585140228,0.027190874516963958,0.029345981776714325,0.03203986585140228,0.03473374992609024,0.036888857185840604,0.026652097702026367,0.0374276340007782
A1_G,108,cashew/Data/Images/Anomaly/058.JPG,1,abnormal_normal,32x34,5,1083,0.009735056568050649,0.0002592742443084717,0.003086775541305542,0.006673663854598999,0.012911289930343628,0.030232980847358676,0.0,0.09239727258682251
A1_G,108,cashew/Data/Images/Anomaly/058.JPG,1,defect,32x34,5,5,0.016086840629577638,0.004172825813293457,0.010743975639343262,0.0204584002494812,0.02295917272567749,0.02358592748641968,0.002530038356781006,0.023742616176605225
A1_G,108,cashew/Data/Images/Anomaly/058.JPG,1,clean_defect,32x34,5,0,,,,,,,,
A1_G,108,cashew/Data/Images/Anomaly/058.JPG,1,boundary,32x34,5,5,0.016086840629577638,0.004172825813293457,0.010743975639343262,0.0204584002494812,0.02295917272567749,0.02358592748641968,0.002530038356781006,0.023742616176605225
A1_G,109,cashew/Data/Images/Anomaly/059.JPG,1,abnormal_normal,32x34,2,1085,0.00916054224088994,0.00030805468559265143,0.002888321876525879,0.006683945655822754,0.012484103441238403,0.027256786823272705,0.0,0.06563693284988403
A1_G,109,cashew/Data/Images/Anomaly/059.JPG,1,defect,32x34,2,3,0.0383726159731547,0.019748935103416444,0.03134863078594208,0.04584825038909912,0.04913441836833954,0.05176335275173187,0.016849011182785034,0.052420586347579956
A1_G,109,cashew/Data/Images/Anomaly/059.JPG,1,clean_defect,32x34,2,1,0.052420586347579956,0.052420586347579956,0.052420586347579956,0.052420586347579956,0.052420586347579956,0.052420586347579956,0.052420586347579956,0.052420586347579956
A1_G,109,cashew/Data/Images/Anomaly/059.JPG,1,boundary,32x34,2,2,0.03134863078594208,0.01829897314310074,0.024098820984363556,0.03134863078594208,0.0385984405875206,0.04439828842878341,0.016849011182785034,0.04584825038909912
A1_G,110,cashew/Data/Images/Anomaly/060.JPG,1,abnormal_normal,32x34,8,1079,0.009294206809953366,0.0002536267042160035,0.002975478768348694,0.006850123405456543,0.012522459030151367,0.02591050565242767,0.0,0.07530614733695984
A1_G,110,cashew/Data/Images/Anomaly/060.JPG,1,defect,32x34,8,9,0.01963954170544942,0.0019977807998657225,0.015209197998046875,0.024605095386505127,0.02778005599975586,0.031280595064163204,0.0013605356216430664,0.03338441252708435
A1_G,110,cashew/Data/Images/Anomaly/060.JPG,1,clean_defect,32x34,8,1,0.002953648567199707,0.002953648567199707,0.002953648567199707,0.002953648567199707,0.002953648567199707,0.002953648567199707,0.002953648567199707,0.002953648567199707
A1_G,110,cashew/Data/Images/Anomaly/060.JPG,1,boundary,32x34,8,8,0.021725278347730637,0.0062075674533844,0.01675301045179367,0.025337770581245422,0.027866259217262268,0.03154357224702835,0.0013605356216430664,0.03338441252708435
A1_G,111,cashew/Data/Images/Anomaly/061.JPG,1,abnormal_normal,32x34,6,1082,0.008771474116831301,0.00022578239440917982,0.0028181299567222595,0.006269603967666626,0.012165650725364685,0.02514750957489014,0.0,0.06877610087394714
A1_G,111,cashew/Data/Images/Anomaly/061.JPG,1,defect,32x34,6,6,0.02615758776664734,0.011297434568405151,0.015627630054950714,0.023839488625526428,0.028793983161449432,0.04898456484079361,0.010340303182601929,0.055590420961380005
A1_G,111,cashew/Data/Images/Anomaly/061.JPG,1,clean_defect,32x34,6,0,,,,,,,,
A1_G,111,cashew/Data/Images/Anomaly/061.JPG,1,boundary,32x34,6,6,0.02615758776664734,0.011297434568405151,0.015627630054950714,0.023839488625526428,0.028793983161449432,0.04898456484079361,0.010340303182601929,0.055590420961380005
A1_G,112,cashew/Data/Images/Anomaly/062.JPG,1,abnormal_normal,32x34,3,1085,0.008632331070262716,9.831786155700688e-05,0.002563655376434326,0.0059775710105896,0.011709541082382202,0.025717616081237793,0.0,0.06558865308761597
A1_G,112,cashew/Data/Images/Anomaly/062.JPG,1,defect,32x34,3,3,0.022404760122299194,0.004867175221443176,0.006011500954627991,0.007441908121109009,0.031316593289375305,0.05041634142398834,0.004581093788146973,0.0551912784576416
A1_G,112,cashew/Data/Images/Anomaly/062.JPG,1,clean_defect,32x34,3,0,,,,,,,,
A1_G,112,cashew/Data/Images/Anomaly/062.JPG,1,boundary,32x34,3,3,0.022404760122299194,0.004867175221443176,0.006011500954627991,0.007441908121109009,0.031316593289375305,0.05041634142398834,0.004581093788146973,0.0551912784576416
A1_G,113,cashew/Data/Images/Anomaly/063.JPG,1,abnormal_normal,32x34,1,1087,0.00894297416756322,0.0001277774572372437,0.002809584140777588,0.006109267473220825,0.012207895517349243,0.026873815059661865,0.0,0.10158726572990417
A1_G,113,cashew/Data/Images/Anomaly/063.JPG,1,defect,32x34,1,1,0.016895055770874023,0.016895055770874023,0.016895055770874023,0.016895055770874023,0.016895055770874023,0.016895055770874023,0.016895055770874023,0.016895055770874023
A1_G,113,cashew/Data/Images/Anomaly/063.JPG,1,clean_defect,32x34,1,0,,,,,,,,
A1_G,113,cashew/Data/Images/Anomaly/063.JPG,1,boundary,32x34,1,1,0.016895055770874023,0.016895055770874023,0.016895055770874023,0.016895055770874023,0.016895055770874023,0.016895055770874023,0.016895055770874023,0.016895055770874023
A1_G,114,cashew/Data/Images/Anomaly/064.JPG,1,abnormal_normal,32x34,4,1084,0.009316518325427361,0.00027389675378799457,0.0029572397470474243,0.0064020901918411255,0.012655697762966156,0.02809088230133054,0.0,0.06728234887123108
A1_G,114,cashew/Data/Images/Anomaly/064.JPG,1,defect,32x34,4,4,0.02430584281682968,0.008930452167987823,0.009011544287204742,0.01274484395980835,0.02803914248943329,0.055866631865501386,0.008910179138183594,0.06282350420951843
A1_G,114,cashew/Data/Images/Anomaly/064.JPG,1,clean_defect,32x34,4,0,,,,,,,,
A1_G,114,cashew/Data/Images/Anomaly/064.JPG,1,boundary,32x34,4,4,0.02430584281682968,0.008930452167987823,0.009011544287204742,0.01274484395980835,0.02803914248943329,0.055866631865501386,0.008910179138183594,0.06282350420951843
A1_G,115,cashew/Data/Images/Anomaly/065.JPG,1,abnormal_normal,32x34,5,1083,0.008533742234097074,0.0,0.002339184284210205,0.005719780921936035,0.011574208736419678,0.02672503292560576,0.0,0.06423628330230713
A1_G,115,cashew/Data/Images/Anomaly/065.JPG,1,defect,32x34,5,5,0.030105143785476685,0.016794002056121825,0.0218999981880188,0.029192626476287842,0.03443998098373413,0.04646848440170288,0.015517503023147583,0.04947561025619507
A1_G,115,cashew/Data/Images/Anomaly/065.JPG,1,clean_defect,32x34,5,0,,,,,,,,
A1_G,115,cashew/Data/Images/Anomaly/065.JPG,1,boundary,32x34,5,5,0.030105143785476685,0.016794002056121825,0.0218999981880188,0.029192626476287842,0.03443998098373413,0.04646848440170288,0.015517503023147583,0.04947561025619507
A1_G,116,cashew/Data/Images/Anomaly/066.JPG,1,abnormal_normal,32x34,3,1085,0.009535804789187172,0.00041646361351013186,0.003162980079650879,0.0072209835052490234,0.012786537408828735,0.026628851890563944,0.0,0.05802261829376221
A1_G,116,cashew/Data/Images/Anomaly/066.JPG,1,defect,32x34,3,3,0.009334335724512735,0.002072378993034363,0.00306914746761322,0.004315108060836792,0.01308991014957428,0.020109751820564268,0.0018231868743896484,0.021864712238311768
A1_G,116,cashew/Data/Images/Anomaly/066.JPG,1,clean_defect,32x34,3,0,,,,,,,,
A1_G,116,cashew/Data/Images/Anomaly/066.JPG,1,boundary,32x34,3,3,0.009334335724512735,0.002072378993034363,0.00306914746761322,0.004315108060836792,0.01308991014957428,0.020109751820564268,0.0018231868743896484,0.021864712238311768
A1_G,117,cashew/Data/Images/Anomaly/067.JPG,1,abnormal_normal,32x34,2,1086,0.009505288514204008,0.0001647472381591797,0.0026784539222717285,0.006508663296699524,0.012906089425086975,0.029813356697559357,0.0,0.07663989067077637
A1_G,117,cashew/Data/Images/Anomaly/067.JPG,1,defect,32x34,2,2,0.010932773351669312,0.00988089144229889,0.010348394513130188,0.010932773351669312,0.011517152190208435,0.011984655261039734,0.009764015674591064,0.012101531028747559
A1_G,117,cashew/Data/Images/Anomaly/067.JPG,1,clean_defect,32x34,2,0,,,,,,,,
A1_G,117,cashew/Data/Images/Anomaly/067.JPG,1,boundary,32x34,2,2,0.010932773351669312,0.00988089144229889,0.010348394513130188,0.010932773351669312,0.011517152190208435,0.011984655261039734,0.009764015674591064,0.012101531028747559
A1_G,118,cashew/Data/Images/Anomaly/068.JPG,1,abnormal_normal,32x34,6,1082,0.009562507657378967,0.0004111751914024353,0.0029916614294052124,0.006729304790496826,0.012991383671760559,0.0281704813241959,0.0,0.07443934679031372
A1_G,118,cashew/Data/Images/Anomaly/068.JPG,1,defect,32x34,6,6,0.02753351628780365,0.01148388534784317,0.018129348754882812,0.03004513680934906,0.035016149282455444,0.041933946311473846,0.010182380676269531,0.04409787058830261
A1_G,118,cashew/Data/Images/Anomaly/068.JPG,1,clean_defect,32x34,6,0,,,,,,,,
A1_G,118,cashew/Data/Images/Anomaly/068.JPG,1,boundary,32x34,6,6,0.02753351628780365,0.01148388534784317,0.018129348754882812,0.03004513680934906,0.035016149282455444,0.041933946311473846,0.010182380676269531,0.04409787058830261
A1_G,119,cashew/Data/Images/Anomaly/069.JPG,1,abnormal_normal,32x34,4,1084,0.008580946064523226,0.000156351923942566,0.0023945048451423645,0.0060996413230896,0.012220211327075958,0.02507048845291137,0.0,0.06861448287963867
A1_G,119,cashew/Data/Images/Anomaly/069.JPG,1,defect,32x34,4,4,0.02570638805627823,0.0031517475843429567,0.01083742082118988,0.014994561672210693,0.029863528907299042,0.06325758546590803,0.0012303292751312256,0.0716060996055603
A1_G,119,cashew/Data/Images/Anomaly/069.JPG,1,clean_defect,32x34,4,0,,,,,,,,
A1_G,119,cashew/Data/Images/Anomaly/069.JPG,1,boundary,32x34,4,4,0.02570638805627823,0.0031517475843429567,0.01083742082118988,0.014994561672210693,0.029863528907299042,0.06325758546590803,0.0012303292751312256,0.0716060996055603
A1_G,120,cashew/Data/Images/Anomaly/070.JPG,1,abnormal_normal,32x34,2,1086,0.009577866417268363,0.0004816204309463501,0.0029087215662002563,0.006805062294006348,0.013170801103115082,0.027816802263259888,0.0,0.08009454607963562
A1_G,120,cashew/Data/Images/Anomaly/070.JPG,1,defect,32x34,2,2,0.022043421864509583,0.01676189750432968,0.019109241664409637,0.022043421864509583,0.024977602064609528,0.02732494622468948,0.016175061464309692,0.027911782264709473
A1_G,120,cashew/Data/Images/Anomaly/070.JPG,1,clean_defect,32x34,2,0,,,,,,,,
A1_G,120,cashew/Data/Images/Anomaly/070.JPG,1,boundary,32x34,2,2,0.022043421864509583,0.01676189750432968,0.019109241664409637,0.022043421864509583,0.024977602064609528,0.02732494622468948,0.016175061464309692,0.027911782264709473
A1_G,121,cashew/Data/Images/Anomaly/071.JPG,1,abnormal_normal,32x34,3,1085,0.00912985573715878,0.00039153695106506356,0.0026550889015197754,0.006691336631774902,0.012242168188095093,0.026666486263275144,0.0,0.08139762282371521
A1_G,121,cashew/Data/Images/Anomaly/071.JPG,1,defect,32x34,3,3,0.022482176621754963,0.01455191969871521,0.020034879446029663,0.02688857913017273,0.027132675051689148,0.027327951788902283,0.013181179761886597,0.027376770973205566
A1_G,121,cashew/Data/Images/Anomaly/071.JPG,1,clean_defect,32x34,3,0,,,,,,,,
A1_G,121,cashew/Data/Images/Anomaly/071.JPG,1,boundary,32x34,3,3,0.022482176621754963,0.01455191969871521,0.020034879446029663,0.02688857913017273,0.027132675051689148,0.027327951788902283,0.013181179761886597,0.027376770973205566
A1_G,122,cashew/Data/Images/Anomaly/072.JPG,1,abnormal_normal,32x34,4,1084,0.009272740665836967,0.00043537020683288575,0.0031207799911499023,0.006853088736534119,0.012343570590019226,0.02690283060073852,0.0,0.06584981083869934
A1_G,122,cashew/Data/Images/Anomaly/072.JPG,1,defect,32x34,4,4,0.021016642451286316,0.010831403732299804,0.017033100128173828,0.023263171315193176,0.027246713638305664,0.028056740760803223,0.009280979633331299,0.028259247541427612
A1_G,122,cashew/Data/Images/Anomaly/072.JPG,1,clean_defect,32x34,4,0,,,,,,,,
A1_G,122,cashew/Data/Images/Anomaly/072.JPG,1,boundary,32x34,4,4,0.021016642451286316,0.010831403732299804,0.017033100128173828,0.023263171315193176,0.027246713638305664,0.028056740760803223,0.009280979633331299,0.028259247541427612
A1_G,123,cashew/Data/Images/Anomaly/073.JPG,1,abnormal_normal,32x34,2,1086,0.008971873485580992,0.00023568421602249146,0.002758204936981201,0.006413504481315613,0.011754870414733887,0.026096493005752563,0.0,0.06291359663009644
A1_G,123,cashew/Data/Images/Anomaly/073.JPG,1,defect,32x34,2,2,0.01177990436553955,0.0076582074165344235,0.00949007272720337,0.01177990436553955,0.014069736003875732,0.015901601314544676,0.0072002410888671875,0.016359567642211914
A1_G,123,cashew/Data/Images/Anomaly/073.JPG,1,clean_defect,32x34,2,0,,,,,,,,
A1_G,123,cashew/Data/Images/Anomaly/073.JPG,1,boundary,32x34,2,2,0.01177990436553955,0.0076582074165344235,0.00949007272720337,0.01177990436553955,0.014069736003875732,0.015901601314544676,0.0072002410888671875,0.016359567642211914
A1_G,124,cashew/Data/Images/Anomaly/074.JPG,1,abnormal_normal,32x34,4,1084,0.009043853523766422,0.00018790066242218027,0.0026393234729766846,0.006206691265106201,0.01161772757768631,0.027880606055259657,0.0,0.08168566226959229
A1_G,124,cashew/Data/Images/Anomaly/074.JPG,1,defect,32x34,4,4,0.0290355384349823,0.002679634094238282,0.013398170471191406,0.023373007774353027,0.03901037573814392,0.06331898570060729,0.0,0.06939613819122314
A1_G,124,cashew/Data/Images/Anomaly/074.JPG,1,clean_defect,32x34,4,0,,,,,,,,
A1_G,124,cashew/Data/Images/Anomaly/074.JPG,1,boundary,32x34,4,4,0.0290355384349823,0.002679634094238282,0.013398170471191406,0.023373007774353027,0.03901037573814392,0.06331898570060729,0.0,0.06939613819122314
A1_G,125,cashew/Data/Images/Anomaly/075.JPG,1,abnormal_normal,32x34,5,1083,0.009546019033712033,0.00036426484584808357,0.003079622983932495,0.007003664970397949,0.013067752122879028,0.028310471773147577,0.0,0.07940235733985901
A1_G,125,cashew/Data/Images/Anomaly/075.JPG,1,defect,32x34,5,5,0.004301220178604126,0.0,0.0,0.005707889795303345,0.007860124111175537,0.007922494411468506,0.0,0.007938086986541748
A1_G,125,cashew/Data/Images/Anomaly/075.JPG,1,clean_defect,32x34,5,0,,,,,,,,
A1_G,125,cashew/Data/Images/Anomaly/075.JPG,1,boundary,32x34,5,5,0.004301220178604126,0.0,0.0,0.005707889795303345,0.007860124111175537,0.007922494411468506,0.0,0.007938086986541748
A1_G,126,cashew/Data/Images/Anomaly/076.JPG,1,abnormal_normal,32x34,5,1083,0.009301206109046056,0.0004209220409393311,0.002843916416168213,0.006380617618560791,0.012939110398292542,0.028219079971313465,0.0,0.06961917877197266
A1_G,126,cashew/Data/Images/Anomaly/076.JPG,1,defect,32x34,5,5,0.015235805511474609,0.001802593469619751,0.002869635820388794,0.0031655728816986084,0.02316194772720337,0.040989220142364495,0.0015358328819274902,0.045446038246154785
A1_G,126,cashew/Data/Images/Anomaly/076.JPG,1,clean_defect,32x34,5,0,,,,,,,,
A1_G,126,cashew/Data/Images/Anomaly/076.JPG,1,boundary,32x34,5,5,0.015235805511474609,0.001802593469619751,0.002869635820388794,0.0031655728816986084,0.02316194772720337,0.040989220142364495,0.0015358328819274902,0.045446038246154785
A1_G,127,cashew/Data/Images/Anomaly/077.JPG,1,abnormal_normal,32x34,6,1082,0.00950406714860701,0.00036600381135940555,0.003065668046474457,0.00684569776058197,0.01338590681552887,0.028410424292087563,0.0,0.051197350025177
A1_G,127,cashew/Data/Images/Anomaly/077.JPG,1,defect,32x34,6,6,0.017468859752019245,0.003724999725818634,0.006101280450820923,0.008544936776161194,0.02718140184879303,0.04272732138633728,0.0031718015670776367,0.045871198177337646
A1_G,127,cashew/Data/Images/Anomaly/077.JPG,1,clean_defect,32x34,6,0,,,,,,,,
A1_G,127,cashew/Data/Images/Anomaly/077.JPG,1,boundary,32x34,6,6,0.017468859752019245,0.003724999725818634,0.006101280450820923,0.008544936776161194,0.02718140184879303,0.04272732138633728,0.0031718015670776367,0.045871198177337646
A1_G,128,cashew/Data/Images/Anomaly/078.JPG,1,abnormal_normal,32x34,3,1085,0.00940849498120321,0.00040311813354492186,0.002971947193145752,0.006888449192047119,0.013260334730148315,0.027015227079391472,0.0,0.08904224634170532
A1_G,128,cashew/Data/Images/Anomaly/078.JPG,1,defect,32x34,3,3,0.035111586252848305,0.025865194201469422,0.030713066458702087,0.03677290678024292,0.040340766310691833,0.043195053935050964,0.024653226137161255,0.04390862584114075
A1_G,128,cashew/Data/Images/Anomaly/078.JPG,1,clean_defect,32x34,3,0,,,,,,,,
A1_G,128,cashew/Data/Images/Anomaly/078.JPG,1,boundary,32x34,3,3,0.035111586252848305,0.025865194201469422,0.030713066458702087,0.03677290678024292,0.040340766310691833,0.043195053935050964,0.024653226137161255,0.04390862584114075
A1_G,129,cashew/Data/Images/Anomaly/079.JPG,1,abnormal_normal,32x34,11,1077,0.008949575566979836,6.600618362426758e-05,0.0027475357055664062,0.006249904632568359,0.011984139680862427,0.027170175313949572,0.0,0.060442179441452026
A1_G,129,cashew/Data/Images/Anomaly/079.JPG,1,defect,32x34,11,11,0.02161157402125272,0.00910159945487976,0.01897875964641571,0.021272927522659302,0.026524558663368225,0.03194636106491089,0.003229379653930664,0.03233930468559265
A1_G,129,cashew/Data/Images/Anomaly/079.JPG,1,clean_defect,32x34,11,0,,,,,,,,
A1_G,129,cashew/Data/Images/Anomaly/079.JPG,1,boundary,32x34,11,11,0.02161157402125272,0.00910159945487976,0.01897875964641571,0.021272927522659302,0.026524558663368225,0.03194636106491089,0.003229379653930664,0.03233930468559265
A1_G,130,cashew/Data/Images/Anomaly/080.JPG,1,abnormal_normal,32x34,6,1081,0.009779126113702808,0.0004885494709014893,0.0031792521476745605,0.006997138261795044,0.012843966484069824,0.03016236424446106,0.0,0.06904903054237366
A1_G,130,cashew/Data/Images/Anomaly/080.JPG,1,defect,32x34,6,7,0.037641171898160665,0.03169220387935638,0.03463780879974365,0.036275893449783325,0.04076254367828369,0.045213088393211365,0.030517280101776123,0.0458943247795105
A1_G,130,cashew/Data/Images/Anomaly/080.JPG,1,clean_defect,32x34,6,1,0.0458943247795105,0.0458943247795105,0.0458943247795105,0.0458943247795105,0.0458943247795105,0.0458943247795105,0.0458943247795105,0.0458943247795105
A1_G,130,cashew/Data/Images/Anomaly/080.JPG,1,boundary,32x34,6,6,0.03626564641793569,0.031496383249759674,0.03453575074672699,0.03555890917778015,0.03749513626098633,0.04219304025173187,0.030517280101776123,0.043623536825180054
A1_G,131,cashew/Data/Images/Anomaly/081.JPG,1,abnormal_normal,32x34,9,1079,0.009047121279100448,0.000350150465965271,0.002848878502845764,0.006309568881988525,0.012025445699691772,0.026490491628646848,0.0,0.06974261999130249
A1_G,131,cashew/Data/Images/Anomaly/081.JPG,1,defect,32x34,9,9,0.01900677217377557,0.001365327835083008,0.008809417486190796,0.017593473196029663,0.02983921766281128,0.04104858040809631,0.0,0.04600986838340759
A1_G,131,cashew/Data/Images/Anomaly/081.JPG,1,clean_defect,32x34,9,0,,,,,,,,
A1_G,131,cashew/Data/Images/Anomaly/081.JPG,1,boundary,32x34,9,9,0.01900677217377557,0.001365327835083008,0.008809417486190796,0.017593473196029663,0.02983921766281128,0.04104858040809631,0.0,0.04600986838340759
A1_G,132,cashew/Data/Images/Anomaly/082.JPG,1,abnormal_normal,32x34,7,1080,0.009858285635709762,0.00019996762275695826,0.002922162413597107,0.006631746888160706,0.01325981318950653,0.030145448446273794,0.0,0.08862212300300598
A1_G,132,cashew/Data/Images/Anomaly/082.JPG,1,defect,32x34,7,8,0.022483117878437042,0.0038168162107467653,0.012217000126838684,0.021732285618782043,0.028864100575447083,0.04535056203603744,0.0013173222541809082,0.04919430613517761
A1_G,132,cashew/Data/Images/Anomaly/082.JPG,1,clean_defect,32x34,7,1,0.03821218013763428,0.03821218013763428,0.03821218013763428,0.03821218013763428,0.03821218013763428,0.03821218013763428,0.03821218013763428,0.03821218013763428
A1_G,132,cashew/Data/Images/Anomaly/082.JPG,1,boundary,32x34,7,7,0.020236108984266008,0.003459745645523072,0.010964244604110718,0.021244734525680542,0.02398395538330078,0.04216043651103972,0.0013173222541809082,0.04919430613517761
A1_G,133,cashew/Data/Images/Anomaly/083.JPG,1,abnormal_normal,32x34,12,1075,0.009284670935120693,0.00036770105361938477,0.002831071615219116,0.006451070308685303,0.012537315487861633,0.027312460541725155,0.0,0.06717520952224731
A1_G,133,cashew/Data/Images/Anomaly/083.JPG,1,defect,32x34,12,13,0.016315884315050565,0.0022438824176788334,0.008222341537475586,0.012722283601760864,0.019632428884506226,0.04049997925758362,0.0,0.040725141763687134
A1_G,133,cashew/Data/Images/Anomaly/083.JPG,1,clean_defect,32x34,12,1,0.014882802963256836,0.014882802963256836,0.014882802963256836,0.014882802963256836,0.014882802963256836,0.014882802963256836,0.014882802963256836,0.014882802963256836
A1_G,133,cashew/Data/Images/Anomaly/083.JPG,1,boundary,32x34,12,12,0.016435307761033375,0.002056892216205597,0.007342085242271423,0.012708589434623718,0.022079914808273315,0.04051874279975891,0.0,0.040725141763687134
A1_G,134,cashew/Data/Images/Anomaly/084.JPG,1,abnormal_normal,32x34,13,1075,0.009072450316229531,0.00025347173213958747,0.002799779176712036,0.006839185953140259,0.012292623519897461,0.026541575789451592,0.0,0.052638113498687744
A1_G,134,cashew/Data/Images/Anomaly/084.JPG,1,defect,32x34,13,13,0.014687843047655545,0.00323641300201416,0.010526478290557861,0.013414710760116577,0.017386168241500854,0.027984070777893055,0.0027073025703430176,0.032915741205215454
A1_G,134,cashew/Data/Images/Anomaly/084.JPG,1,clean_defect,32x34,13,0,,,,,,,,
A1_G,134,cashew/Data/Images/Anomaly/084.JPG,1,boundary,32x34,13,13,0.014687843047655545,0.00323641300201416,0.010526478290557861,0.013414710760116577,0.017386168241500854,0.027984070777893055,0.0027073025703430176,0.032915741205215454
A1_G,135,cashew/Data/Images/Anomaly/085.JPG,1,abnormal_normal,32x34,11,1077,0.009179448157189173,0.00017729997634887708,0.003151148557662964,0.006525367498397827,0.012091964483261108,0.02829542756080626,0.0,0.06243124604225159
A1_G,135,cashew/Data/Images/Anomaly/085.JPG,1,defect,32x34,11,11,0.024671175263144753,0.007475540041923523,0.021392077207565308,0.023935794830322266,0.03073461353778839,0.037461116909980774,0.0043468475341796875,0.04044434428215027
A1_G,135,cashew/Data/Images/Anomaly/085.JPG,1,clean_defect,32x34,11,0,,,,,,,,
A1_G,135,cashew/Data/Images/Anomaly/085.JPG,1,boundary,32x34,11,11,0.024671175263144753,0.007475540041923523,0.021392077207565308,0.023935794830322266,0.03073461353778839,0.037461116909980774,0.0043468475341796875,0.04044434428215027
A1_G,136,cashew/Data/Images/Anomaly/086.JPG,1,abnormal_normal,32x34,9,1078,0.00898635721936518,0.00016024708747863775,0.0028842315077781677,0.006212383508682251,0.012483596801757812,0.026740427315235137,0.0,0.05910024046897888
A1_G,136,cashew/Data/Images/Anomaly/086.JPG,1,defect,32x34,9,10,0.011035823822021484,0.0011527866125106811,0.003672279417514801,0.005555883049964905,0.01653071492910385,0.029629071056842787,5.9545040130615234e-05,0.037038177251815796
A1_G,136,cashew/Data/Images/Anomaly/086.JPG,1,clean_defect,32x34,9,1,0.02057349681854248,0.02057349681854248,0.02057349681854248,0.02057349681854248,0.02057349681854248,0.02057349681854248,0.02057349681854248,0.02057349681854248
A1_G,136,cashew/Data/Images/Anomaly/086.JPG,1,boundary,32x34,9,9,0.009976082377963595,0.0010313153266906737,0.0036392509937286377,0.005506664514541626,0.014452069997787476,0.02911234498023986,5.9545040130615234e-05,0.037038177251815796
A1_G,137,cashew/Data/Images/Anomaly/087.JPG,1,abnormal_normal,32x34,11,1077,0.008748580430986268,0.0003340184688568116,0.002943277359008789,0.006424963474273682,0.011622875928878784,0.024519634246826166,0.0,0.06822970509529114
A1_G,137,cashew/Data/Images/Anomaly/087.JPG,1,defect,32x34,11,11,0.011224305087869818,0.0037907063961029053,0.00551643967628479,0.010936588048934937,0.015226572751998901,0.01960974931716919,0.003586709499359131,0.020322352647781372
A1_G,137,cashew/Data/Images/Anomaly/087.JPG,1,clean_defect,32x34,11,0,,,,,,,,
A1_G,137,cashew/Data/Images/Anomaly/087.JPG,1,boundary,32x34,11,11,0.011224305087869818,0.0037907063961029053,0.00551643967628479,0.010936588048934937,0.015226572751998901,0.01960974931716919,0.003586709499359131,0.020322352647781372
A1_G,138,cashew/Data/Images/Anomaly/088.JPG,1,abnormal_normal,32x34,7,1079,0.009315194632854585,0.0003982067108154297,0.003003820776939392,0.006471306085586548,0.012613803148269653,0.027743011713027933,0.0,0.06945130228996277
A1_G,138,cashew/Data/Images/Anomaly/088.JPG,1,defect,32x34,7,9,0.020838883188035753,0.002016925811767578,0.006956040859222412,0.025560855865478516,0.033910930156707764,0.04023855328559875,0.0012146234512329102,0.043902307748794556
A1_G,138,cashew/Data/Images/Anomaly/088.JPG,1,clean_defect,32x34,7,2,0.03890661895275116,0.0344104990363121,0.03640877455472946,0.03890661895275116,0.04140446335077286,0.043402738869190216,0.033910930156707764,0.043902307748794556
A1_G,138,cashew/Data/Images/Anomaly/088.JPG,1,boundary,32x34,7,7,0.015676672969545637,0.0018163502216339113,0.005088210105895996,0.008510857820510864,0.02754594385623932,0.03317935466766357,0.0012146234512329102,0.034742921590805054
A1_G,139,cashew/Data/Images/Anomaly/089.JPG,1,abnormal_normal,32x34,13,1073,0.009220581102460094,0.0002462148666381836,0.002717524766921997,0.00620993971824646,0.01214832067489624,0.027510118484497064,0.0,0.07995590567588806
A1_G,139,cashew/Data/Images/Anomaly/089.JPG,1,defect,32x34,13,15,0.020890754461288453,0.0020725667476654054,0.009898573160171509,0.024141579866409302,0.03009834885597229,0.03639779090881347,0.001721799373626709,0.04032444953918457
A1_G,139,cashew/Data/Images/Anomaly/089.JPG,1,clean_defect,32x34,13,2,0.032233014702796936,0.024950723350048064,0.02818729728460312,0.032233014702796936,0.03627873212099075,0.039515306055545804,0.024141579866409302,0.04032444953918457
A1_G,139,cashew/Data/Images/Anomaly/089.JPG,1,boundary,32x34,13,13,0.019145791347210225,0.002022457122802734,0.005172640085220337,0.022337526082992554,0.02901017665863037,0.033526450395584106,0.001721799373626709,0.03471493721008301
A1_G,140,cashew/Data/Images/Anomaly/090.JPG,1,abnormal_normal,32x34,10,1076,0.009078540351089492,0.0,0.002586260437965393,0.006335318088531494,0.012316539883613586,0.027073100209236145,0.0,0.07553908228874207
A1_G,140,cashew/Data/Images/Anomaly/090.JPG,1,defect,32x34,10,12,0.018114556868871052,0.0,0.006281964480876923,0.014400571584701538,0.02837219089269638,0.04418638348579406,0.0,0.04720434546470642
A1_G,140,cashew/Data/Images/Anomaly/090.JPG,1,clean_defect,32x34,10,2,0.029477789998054504,0.01352389007806778,0.020614512264728546,0.029477789998054504,0.03834106773138046,0.04543168991804123,0.011751234531402588,0.04720434546470642
A1_G,140,cashew/Data/Images/Anomaly/090.JPG,1,boundary,32x34,10,10,0.015841910243034364,0.0,0.00379190593957901,0.014400571584701538,0.025436677038669586,0.03691406995058059,0.0,0.04171714186668396
A1_G,141,cashew/Data/Images/Anomaly/091.JPG,1,abnormal_normal,32x34,5,1083,0.009138069847394004,0.0003427296876907349,0.0028651803731918335,0.0061379075050354,0.012294292449951172,0.02705777883529662,0.0,0.06886652112007141
A1_G,141,cashew/Data/Images/Anomaly/091.JPG,1,defect,32x34,5,5,0.034755784273147586,0.02573113441467285,0.02907860279083252,0.03107467293739319,0.038953185081481934,0.047613191604614254,0.024894267320632935,0.04977819323539734
A1_G,141,cashew/Data/Images/Anomaly/091.JPG,1,clean_defect,32x34,5,0,,,,,,,,
A1_G,141,cashew/Data/Images/Anomaly/091.JPG,1,boundary,32x34,5,5,0.034755784273147586,0.02573113441467285,0.02907860279083252,0.03107467293739319,0.038953185081481934,0.047613191604614254,0.024894267320632935,0.04977819323539734
A1_G,142,cashew/Data/Images/Anomaly/092.JPG,1,abnormal_normal,32x34,20,1066,0.009001466643072203,0.0003229305148124695,0.0028145909309387207,0.006220892071723938,0.01202324777841568,0.02838863432407379,0.0,0.06326514482498169
A1_G,142,cashew/Data/Images/Anomaly/092.JPG,1,defect,32x34,20,22,0.017358362674713135,0.00013856142759323124,0.006259635090827942,0.012909427285194397,0.02908087521791458,0.035640016198158264,0.0,0.046974748373031616
A1_G,142,cashew/Data/Images/Anomaly/092.JPG,1,clean_defect,32x34,20,2,0.027811452746391296,0.010564486682415008,0.018229804933071136,0.027811452746391296,0.037393100559711456,0.04505841881036758,0.008648157119750977,0.046974748373031616
A1_G,142,cashew/Data/Images/Anomaly/092.JPG,1,boundary,32x34,20,20,0.01631305366754532,9.150505065917969e-05,0.005949482321739197,0.012909427285194397,0.028761766850948334,0.034974560141563416,0.0,0.0356769859790802
A1_G,143,cashew/Data/Images/Anomaly/093.JPG,1,abnormal_normal,32x34,7,1080,0.00911275029734329,0.00014346390962600717,0.002750016748905182,0.006495580077171326,0.012246988713741302,0.02717911899089813,0.0,0.08046519756317139
A1_G,143,cashew/Data/Images/Anomaly/093.JPG,1,defect,32x34,7,8,0.016488034278154373,0.0013278901576995851,0.005818568170070648,0.016453132033348083,0.028069451451301575,0.031054863333702085,0.0008134841918945312,0.03222981095314026
A1_G,143,cashew/Data/Images/Anomaly/093.JPG,1,clean_defect,32x34,7,1,0.02780166268348694,0.02780166268348694,0.02780166268348694,0.02780166268348694,0.02780166268348694,0.02780166268348694,0.02780166268348694,0.02780166268348694
A1_G,143,cashew/Data/Images/Anomaly/093.JPG,1,boundary,32x34,7,7,0.01487180164882115,0.001254403591156006,0.004640117287635803,0.013449817895889282,0.024164631962776184,0.031222712993621823,0.0008134841918945312,0.03222981095314026
A1_G,144,cashew/Data/Images/Anomaly/094.JPG,1,abnormal_normal,32x34,52,690,0.008812089156413424,0.0007473066449165346,0.0030163973569869995,0.006527617573738098,0.012169964611530304,0.02488139867782592,0.0,0.05598711967468262
A1_G,144,cashew/Data/Images/Anomaly/094.JPG,1,defect,32x34,52,398,0.018668749149720273,0.0009940251708030704,0.007940448820590973,0.015866532921791077,0.026452451944351196,0.044286757707595804,0.0,0.098592609167099
A1_G,144,cashew/Data/Images/Anomaly/094.JPG,1,clean_defect,32x34,52,346,0.018882018293259462,0.0013344809412956238,0.007928915321826935,0.0163433700799942,0.026758447289466858,0.044123873114585876,0.0,0.098592609167099
A1_G,144,cashew/Data/Images/Anomaly/094.JPG,1,boundary,32x34,52,52,0.01724968907924799,0.0004529774188995363,0.008392870426177979,0.014117196202278137,0.01832965761423111,0.0461446523666381,0.0,0.0737486481666565
A1_G,145,cashew/Data/Images/Anomaly/095.JPG,1,abnormal_normal,32x34,45,796,0.007686981491407558,0.0004332214593887329,0.002383895218372345,0.005350023508071899,0.010753370821475983,0.023933373391628265,0.0,0.053055375814437866
A1_G,145,cashew/Data/Images/Anomaly/095.JPG,1,defect,32x34,45,292,0.0172052386484734,0.0018686398863792422,0.008332304656505585,0.014737069606781006,0.02304917573928833,0.04258176684379577,0.0,0.059673190116882324
A1_G,145,cashew/Data/Images/Anomaly/095.JPG,1,clean_defect,32x34,45,247,0.018018793963227676,0.0026951551437377932,0.00933624804019928,0.015530973672866821,0.0244254469871521,0.04288808405399322,0.0,0.05890089273452759
A1_G,145,cashew/Data/Images/Anomaly/095.JPG,1,boundary,32x34,45,45,0.012739723920822144,0.0,0.004747509956359863,0.009829044342041016,0.017083287239074707,0.03341013193130491,0.0,0.059673190116882324
A1_G,146,cashew/Data/Images/Anomaly/096.JPG,1,abnormal_normal,32x34,43,803,0.00854811053792685,0.001012548804283142,0.003179773688316345,0.006317257881164551,0.01103876531124115,0.025720426440238947,0.0,0.051180094480514526
A1_G,146,cashew/Data/Images/Anomaly/096.JPG,1,defect,32x34,43,285,0.016103097116738036,0.000253361463546753,0.007474243640899658,0.013793885707855225,0.023338109254837036,0.041894757747650155,0.0,0.07469576597213745
A1_G,146,cashew/Data/Images/Anomaly/096.JPG,1,clean_defect,32x34,43,242,0.016490370774072064,0.0002584338188171389,0.0077470168471336365,0.01418711245059967,0.024123162031173706,0.042015573382377616,0.0,0.07469576597213745
A1_G,146,cashew/Data/Images/Anomaly/096.JPG,1,boundary,32x34,43,43,0.013923556998718617,0.0004860281944274904,0.005116909742355347,0.012040197849273682,0.018755361437797546,0.034885522723197934,0.0,0.04607778787612915
A1_G,147,cashew/Data/Images/Anomaly/097.JPG,1,abnormal_normal,32x34,42,750,0.00897193443775177,0.0006354317069053651,0.002751685678958893,0.006205707788467407,0.012466900050640106,0.02692992538213729,0.0,0.06900036334991455
A1_G,147,cashew/Data/Images/Anomaly/097.JPG,1,defect,32x34,42,338,0.017757361280847584,0.0012635931372642522,0.006944864988327026,0.014344647526741028,0.024471133947372437,0.044420090317726126,0.0,0.09640955924987793
A1_G,147,cashew/Data/Images/Anomaly/097.JPG,1,clean_defect,32x34,42,296,0.018092699248243024,0.0019256994128227234,0.007041126489639282,0.014820173382759094,0.024536125361919403,0.04480370879173279,0.0,0.09640955924987793
A1_G,147,cashew/Data/Images/Anomaly/097.JPG,1,boundary,32x34,42,42,0.01539402703444163,2.1009147167205924e-05,0.006748966872692108,0.011703237891197205,0.019619837403297424,0.03807442039251326,0.0,0.07895645499229431
A1_G,148,cashew/Data/Images/Anomaly/098.JPG,1,abnormal_normal,32x34,40,810,0.008408742591186806,0.00036290735006332396,0.002780817449092865,0.006231322884559631,0.011801883578300476,0.024253743886947617,0.0,0.054433733224868774
A1_G,148,cashew/Data/Images/Anomaly/098.JPG,1,defect,32x34,40,278,0.018115088986835892,0.001389865577220917,0.008142367005348206,0.016259178519248962,0.022579297423362732,0.04195988178253173,0.0,0.14108166098594666
A1_G,148,cashew/Data/Images/Anomaly/098.JPG,1,clean_defect,32x34,40,238,0.01886951823194488,0.0015176534652709963,0.00925368070602417,0.016476333141326904,0.02343183010816574,0.04239379018545148,0.0,0.14108166098594666
A1_G,148,cashew/Data/Images/Anomaly/098.JPG,1,boundary,32x34,40,40,0.013626234978437424,0.00032505244016647346,0.00510600209236145,0.00980667769908905,0.019222311675548553,0.03975999951362609,0.0,0.04887336492538452
A1_G,149,cashew/Data/Images/Anomaly/099.JPG,1,abnormal_normal,32x34,42,770,0.008599766934072817,0.000678636133670807,0.0032878145575523376,0.0066712647676467896,0.01119191199541092,0.023829905688762656,0.0,0.06345155835151672
A1_G,149,cashew/Data/Images/Anomaly/099.JPG,1,defect,32x34,42,318,0.016882511148662686,0.0012815237045288087,0.007621146738529205,0.014259040355682373,0.023016616702079773,0.04100595563650125,0.0,0.07252311706542969
A1_G,149,cashew/Data/Images/Anomaly/099.JPG,1,clean_defect,32x34,42,276,0.017017881831397182,0.0012902095913887024,0.007704474031925201,0.014259040355682373,0.02301856130361557,0.0398126095533371,0.0,0.07252311706542969
A1_G,149,cashew/Data/Images/Anomaly/099.JPG,1,boundary,32x34,42,42,0.01599293237640744,0.00040695369243621854,0.0055538564920425415,0.013212621212005615,0.022867590188980103,0.044892282783985105,0.0,0.048781633377075195
DUP_G,0,cashew/Data/Images/Normal/023.JPG,0,normal_image,32x34,0,1088,0.00749943042276701,9.508710354566575e-05,0.001837369054555893,0.004664640873670578,0.010593602433800697,0.022777715697884546,0.0,0.07163850963115692
DUP_G,1,cashew/Data/Images/Normal/352.JPG,0,normal_image,32x34,0,1088,0.007494550450835103,0.00010259039700031281,0.0023070108145475388,0.00507560558617115,0.010354888625442982,0.022295265272259678,0.0,0.05411934852600098
DUP_G,2,cashew/Data/Images/Normal/104.JPG,0,normal_image,32x34,0,1088,0.0071514606996275045,1.3490766286849978e-05,0.0019667053129523993,0.004904640838503838,0.009949169121682644,0.022060780227184277,0.0,0.050653256475925446
DUP_G,3,cashew/Data/Images/Normal/337.JPG,0,normal_image,32x34,0,1088,0.00744641872263267,0.00011982657015323643,0.00182412751019001,0.004623124375939369,0.010561417788267136,0.02408808972686524,0.0,0.058282122015953064
DUP_G,4,cashew/Data/Images/Normal/213.JPG,0,normal_image,32x34,0,1088,0.007705980542061084,0.00017549851909279824,0.0019923895597457886,0.004767933860421181,0.01049197232350707,0.025667606852948652,0.0,0.0562768280506134
DUP_G,5,cashew/Data/Images/Normal/276.JPG,0,normal_image,32x34,0,1088,0.007437322164204328,3.848057240247729e-05,0.0018880446441471577,0.004344334825873375,0.009969835635274649,0.02443230636417865,0.0,0.08719554543495178
DUP_G,6,cashew/Data/Images/Normal/402.JPG,0,normal_image,32x34,0,1088,0.007106022256159443,9.190952405333521e-05,0.001888412982225418,0.004657167941331863,0.00982750579714775,0.02087226016446948,0.0,0.06439165771007538
DUP_G,7,cashew/Data/Images/Normal/166.JPG,0,normal_image,32x34,0,1088,0.00715779913811917,0.00016042143106460575,0.002015911042690277,0.00482205580919981,0.009475482627749443,0.022020621784031344,0.0,0.06663408875465393
DUP_G,8,cashew/Data/Images/Normal/013.JPG,0,normal_image,32x34,0,1088,0.007622313093366649,0.00015870779752731327,0.0020007938146591187,0.00492494273930788,0.01017516478896141,0.022991451434791085,0.0,0.06586410105228424
DUP_G,9,cashew/Data/Images/Normal/050.JPG,0,normal_image,32x34,0,1088,0.007603382994763225,0.00023160921409726143,0.002216567285358906,0.005169391632080078,0.01061773020774126,0.02209190838038921,0.0,0.08071808516979218
DUP_G,10,cashew/Data/Images/Normal/400.JPG,0,normal_image,32x34,0,1088,0.007759079991956241,0.00013155974447727207,0.00209772028028965,0.0050501748919487,0.010449914261698723,0.022969887033104888,0.0,0.07481595128774643
DUP_G,11,cashew/Data/Images/Normal/461.JPG,0,normal_image,32x34,0,1088,0.007435393986216856,0.00013996772468090058,0.001856394112110138,0.004920730367302895,0.010322275571525097,0.02353883553296323,0.0,0.04529832303524017
DUP_G,12,cashew/Data/Images/Normal/377.JPG,0,normal_image,32x34,0,1088,0.007252706080394359,6.86195679008961e-05,0.0017862236127257347,0.0045743100345134735,0.009626052342355251,0.023335565626621244,0.0,0.0646609514951706
DUP_G,13,cashew/Data/Images/Normal/006.JPG,0,normal_image,32x34,0,1088,0.007254603685235933,1.1421553790569315e-05,0.0019289525225758553,0.0046491194516420364,0.009851213544607162,0.023009434342384318,0.0,0.066139355301857
DUP_G,14,cashew/Data/Images/Normal/148.JPG,0,normal_image,32x34,0,1088,0.007036530074615525,0.00010493239387869837,0.002059941180050373,0.0045058149844408035,0.010092396289110184,0.020791509374976133,0.0,0.05835549533367157
DUP_G,15,cashew/Data/Images/Normal/384.JPG,0,normal_image,32x34,0,1088,0.007309983689029811,0.00022353790700435638,0.001835862174630165,0.004705430939793587,0.009747304022312164,0.024366981256753163,0.0,0.05948726832866669
DUP_G,16,cashew/Data/Images/Normal/228.JPG,0,normal_image,32x34,0,1088,0.007190366382607916,0.00017652809619903565,0.002092539332807064,0.005005566403269768,0.010173904709517956,0.021724515408277505,0.0,0.05297774076461792
DUP_G,17,cashew/Data/Images/Normal/260.JPG,0,normal_image,32x34,0,1088,0.007226701572482639,6.544645875692374e-05,0.0019082976505160332,0.004549801349639893,0.009520217776298523,0.02316773943603037,0.0,0.06655953079462051
DUP_G,18,cashew/Data/Images/Normal/435.JPG,0,normal_image,32x34,0,1088,0.0075547898347448445,9.737610816955567e-05,0.0019619567319750786,0.005198162980377674,0.010379965417087078,0.022598600015044212,0.0,0.054324645549058914
DUP_G,19,cashew/Data/Images/Normal/405.JPG,0,normal_image,32x34,0,1088,0.007068866397757494,0.00016177818179130557,0.0018590101972222328,0.004651559516787529,0.009812790900468826,0.022498613595962516,0.0,0.0643746554851532
DUP_G,20,cashew/Data/Images/Normal/087.JPG,0,normal_image,32x34,0,1088,0.007485245640375926,0.00010708905756473541,0.001777853351086378,0.004526316188275814,0.010002484545111656,0.025044737756252287,0.0,0.05826423317193985
DUP_G,21,cashew/Data/Images/Normal/324.JPG,0,normal_image,32x34,0,1088,0.007008699446005802,6.997305899858477e-05,0.0017928099259734154,0.0044829752296209335,0.009554760530591011,0.021717971842735998,0.0,0.05759359151124954
DUP_G,22,cashew/Data/Images/Normal/130.JPG,0,normal_image,32x34,0,1088,0.007349276104565326,0.00010352041572332383,0.0017068544402718544,0.004731506109237671,0.010352098383009434,0.024111113324761384,0.0,0.04846169799566269
DUP_G,23,cashew/Data/Images/Normal/392.JPG,0,normal_image,32x34,0,1088,0.007391775444643024,0.00016563339158892632,0.002017841674387455,0.00495280884206295,0.010070300195366144,0.02334521533921359,0.0,0.05834750831127167
DUP_G,24,cashew/Data/Images/Normal/467.JPG,0,normal_image,32x34,0,1088,0.007077817237586714,3.3169984817505017e-06,0.0018213819712400436,0.004258343949913979,0.009699146263301373,0.023735958896577355,0.0,0.06090258061885834
DUP_G,25,cashew/Data/Images/Normal/143.JPG,0,normal_image,32x34,0,1088,0.007057466658058248,0.00013916399329900743,0.0018282732926309109,0.004636844620108604,0.009318257682025433,0.023284434154629618,0.0,0.04924055188894272
DUP_G,26,cashew/Data/Images/Normal/389.JPG,0,normal_image,32x34,0,1088,0.007573051053708803,3.748536109924318e-05,0.002139871008694172,0.005182763561606407,0.010205280967056751,0.02270717751234768,0.0,0.060914281755685806
DUP_G,27,cashew/Data/Images/Normal/181.JPG,0,normal_image,32x34,0,1088,0.007230014065177837,7.432699203491228e-06,0.0017727883532643318,0.00463420245796442,0.010234486311674118,0.022742509469389913,0.0,0.05272386968135834
DUP_G,28,cashew/Data/Images/Normal/309.JPG,0,normal_image,32x34,0,1088,0.007274988406981506,0.0002560891211032868,0.002115621231496334,0.004726391285657883,0.01020404789596796,0.02142167482525108,0.0,0.06188817322254181
DUP_G,29,cashew/Data/Images/Normal/012.JPG,0,normal_image,32x34,0,1088,0.0072585063325652085,0.00023342333734035491,0.002006780356168747,0.004861314781010151,0.009397956542670727,0.0235731480643153,0.0,0.05530460923910141
DUP_G,30,cashew/Data/Images/Normal/367.JPG,0,normal_image,32x34,0,1088,0.007813044638811228,0.00021124929189682013,0.001949351280927658,0.004887951537966728,0.010305236093699932,0.02627059519290915,0.0,0.059488438069820404
DUP_G,31,cashew/Data/Images/Normal/344.JPG,0,normal_image,32x34,0,1088,0.007600151739418781,0.00014700433239340786,0.001793358474969864,0.0048433467745780945,0.01026118639856577,0.024699096567928725,0.0,0.06931941211223602
DUP_G,32,cashew/Data/Images/Normal/484.JPG,0,normal_image,32x34,0,1088,0.007248326435835813,0.00016807131469249726,0.0018622130155563354,0.004756361246109009,0.009798189159482718,0.023855420760810358,0.0,0.0557049959897995
DUP_G,33,cashew/Data/Images/Normal/089.JPG,0,normal_image,32x34,0,1088,0.007659406408920939,0.0001131669618189335,0.002075755037367344,0.005324246361851692,0.011014663148671389,0.022276399843394745,0.0,0.07358209043741226
DUP_G,34,cashew/Data/Images/Normal/398.JPG,0,normal_image,32x34,0,1088,0.007478561724864823,0.0,0.0016543231904506683,0.004591686651110649,0.010161777958273888,0.024866824597120273,0.0,0.05249839276075363
DUP_G,35,cashew/Data/Images/Normal/460.JPG,0,normal_image,32x34,0,1088,0.007432749836880248,0.00028333067893981934,0.0019053053110837936,0.004830606281757355,0.00948441494256258,0.023571016173809734,0.0,0.06201671063899994
DUP_G,36,cashew/Data/Images/Normal/239.JPG,0,normal_image,32x34,0,1088,0.007508887393187787,0.0002506969496607781,0.00206680316478014,0.004823613911867142,0.010379783809185028,0.024177610874175966,0.0,0.11762760579586029
DUP_G,37,cashew/Data/Images/Normal/342.JPG,0,normal_image,32x34,0,1088,0.00760576546214425,0.000282374769449234,0.002086751163005829,0.004709454253315926,0.010148226283490658,0.023338361084461197,0.0,0.060449741780757904
DUP_G,38,cashew/Data/Images/Normal/369.JPG,0,normal_image,32x34,0,1088,0.007005619967137189,4.0849670767784125e-05,0.001720184925943613,0.004480471834540367,0.009335014037787914,0.022283005155622957,0.0,0.0735432580113411
DUP_G,39,cashew/Data/Images/Normal/284.JPG,0,normal_image,32x34,0,1088,0.007574211811622851,0.00013623377308249473,0.0020384574308991432,0.004752239212393761,0.010204981081187725,0.025476616807281968,0.0,0.0496753491461277
DUP_G,40,cashew/Data/Images/Normal/098.JPG,0,normal_image,32x34,0,1088,0.007537192432209849,0.00016281343996524814,0.0020853374153375626,0.0048214104026556015,0.010265243239700794,0.023398950509727,0.0,0.08017691224813461
DUP_G,41,cashew/Data/Images/Normal/446.JPG,0,normal_image,32x34,0,1088,0.007562906823723632,9.422861039638524e-05,0.0018753204494714737,0.004759639501571655,0.010438214987516403,0.02539087310433383,0.0,0.05087488144636154
DUP_G,42,cashew/Data/Images/Normal/482.JPG,0,normal_image,32x34,0,1088,0.008162007913650834,0.0003580296412110329,0.0025497516617178917,0.005323350429534912,0.010868453420698643,0.026086252927780128,0.0,0.06995736062526703
DUP_G,43,cashew/Data/Images/Normal/093.JPG,0,normal_image,32x34,0,1088,0.007533005484968752,3.2367371022701274e-05,0.0021448731422424316,0.004880091175436974,0.010123916901648045,0.023054943606257386,0.0,0.061318282037973404
DUP_G,44,cashew/Data/Images/Normal/244.JPG,0,normal_image,32x34,0,1088,0.007109332229661317,0.0002726048231124878,0.0019520018249750137,0.004740089178085327,0.00971021968871355,0.02217758912593123,0.0,0.05325603112578392
DUP_G,45,cashew/Data/Images/Normal/272.JPG,0,normal_image,32x34,0,1088,0.006928874522974879,4.879115149378777e-05,0.0018709711730480194,0.004461953416466713,0.009874333627521992,0.021599102765321728,0.0,0.05525748431682587
DUP_G,46,cashew/Data/Images/Normal/307.JPG,0,normal_image,32x34,0,1088,0.007084805427653277,9.723724797368051e-05,0.0018534502014517784,0.004524059593677521,0.00930819846689701,0.02269218564033506,0.0,0.06335435807704926
DUP_G,47,cashew/Data/Images/Normal/487.JPG,0,normal_image,32x34,0,1088,0.00759452240591225,0.00017801914364099506,0.0020081214606761932,0.004980077967047691,0.010117418132722378,0.024445996433496372,0.0,0.0650601014494896
DUP_G,48,cashew/Data/Images/Normal/245.JPG,0,normal_image,32x34,0,1088,0.007325690431410775,0.00018537957221269612,0.0019771703518927097,0.005093446001410484,0.009881584905087948,0.021883444115519516,0.0,0.05686289444565773
DUP_G,49,cashew/Data/Images/Normal/084.JPG,0,normal_image,32x34,0,1088,0.007297630931134336,0.00026964582502841955,0.0021114349365234375,0.00485759973526001,0.009888793341815472,0.02258503977209329,0.0,0.05625519901514053
DUP_G,50,cashew/Data/Images/Anomaly/000.JPG,1,abnormal_normal,32x34,12,1076,0.007335427256134862,0.00015715043991804123,0.001997164450585842,0.00494467094540596,0.010117924772202969,0.022181157022714615,0.0,0.05107967555522919
DUP_G,50,cashew/Data/Images/Anomaly/000.JPG,1,defect,32x34,12,12,0.01555026943484942,0.0030969038605690004,0.008878160268068314,0.013528391718864441,0.021080732345581055,0.03239748626947403,0.002352871000766754,0.03501197695732117
DUP_G,50,cashew/Data/Images/Anomaly/000.JPG,1,clean_defect,32x34,12,0,,,,,,,,
DUP_G,50,cashew/Data/Images/Anomaly/000.JPG,1,boundary,32x34,12,12,0.01555026943484942,0.0030969038605690004,0.008878160268068314,0.013528391718864441,0.021080732345581055,0.03239748626947403,0.002352871000766754,0.03501197695732117
DUP_G,51,cashew/Data/Images/Anomaly/001.JPG,1,abnormal_normal,32x34,6,1082,0.007073159113547002,0.0,0.0017973044887185097,0.004593789577484131,0.009494272992014885,0.021519185788929484,0.0,0.07557539641857147
DUP_G,51,cashew/Data/Images/Anomaly/001.JPG,1,defect,32x34,6,6,0.010757108529408773,0.0,0.0005511678755283356,0.005990512669086456,0.016067877411842346,0.030338693410158157,0.0,0.03439657390117645
DUP_G,51,cashew/Data/Images/Anomaly/001.JPG,1,clean_defect,32x34,6,0,,,,,,,,
DUP_G,51,cashew/Data/Images/Anomaly/001.JPG,1,boundary,32x34,6,6,0.010757108529408773,0.0,0.0005511678755283356,0.005990512669086456,0.016067877411842346,0.030338693410158157,0.0,0.03439657390117645
DUP_G,52,cashew/Data/Images/Anomaly/002.JPG,1,abnormal_normal,32x34,9,1075,0.007659943417407745,0.0002561219036579133,0.001969296485185623,0.005088347941637039,0.010655908845365047,0.024471080303192137,0.0,0.07437362521886826
DUP_G,52,cashew/Data/Images/Anomaly/002.JPG,1,defect,32x34,9,13,0.018526039444483243,0.0,0.010973215103149414,0.016077816486358643,0.02758815884590149,0.036538815498352036,0.0,0.04346442222595215
DUP_G,52,cashew/Data/Images/Anomaly/002.JPG,1,clean_defect,32x34,9,4,0.025586238130927086,0.01672963909804821,0.023786446079611778,0.027728885412216187,0.029528677463531494,0.03144313097000122,0.014965437352657318,0.03192174434661865
DUP_G,52,cashew/Data/Images/Anomaly/002.JPG,1,boundary,32x34,9,9,0.015388173361619314,0.0,0.004533268511295319,0.012314453721046448,0.02354222536087036,0.03711391687393188,0.0,0.04346442222595215
DUP_G,53,cashew/Data/Images/Anomaly/003.JPG,1,abnormal_normal,32x34,5,1082,0.007323252767076554,7.970966398715973e-05,0.0019825343042612076,0.004979690536856651,0.010561867617070675,0.021002785488963126,0.0,0.05692382901906967
DUP_G,53,cashew/Data/Images/Anomaly/003.JPG,1,defect,32x34,5,6,0.014180219421784082,0.001053646206855774,0.0045271217823028564,0.010023962706327438,0.015307852998375893,0.03783940151333809,0.0,0.045269399881362915
DUP_G,53,cashew/Data/Images/Anomaly/003.JPG,1,clean_defect,32x34,5,1,0.045269399881362915,0.045269399881362915,0.045269399881362915,0.045269399881362915,0.045269399881362915,0.045269399881362915,0.045269399881362915,0.045269399881362915
DUP_G,53,cashew/Data/Images/Anomaly/003.JPG,1,boundary,32x34,5,5,0.007962383329868317,0.0008429169654846192,0.004214584827423096,0.005464732646942139,0.014583192765712738,0.015356163680553436,0.0,0.01554940640926361
DUP_G,54,cashew/Data/Images/Anomaly/004.JPG,1,abnormal_normal,32x34,6,1081,0.007997894694961464,0.0001436471939086914,0.00188513845205307,0.004992283880710602,0.010930866003036499,0.0263337641954422,0.0,0.07745583355426788
DUP_G,54,cashew/Data/Images/Anomaly/004.JPG,1,defect,32x34,6,7,0.029668863330568587,0.003914204239845276,0.007741481065750122,0.025144517421722412,0.041471876204013824,0.07356678098440168,0.002935349941253662,0.08117546141147614
DUP_G,54,cashew/Data/Images/Anomaly/004.JPG,1,clean_defect,32x34,6,1,0.006198197603225708,0.006198197603225708,0.006198197603225708,0.006198197603225708,0.006198197603225708,0.006198197603225708,0.006198197603225708,0.006198197603225708
DUP_G,54,cashew/Data/Images/Anomaly/004.JPG,1,boundary,32x34,6,6,0.0335806409517924,0.004522703588008881,0.013249702751636505,0.026137538254261017,0.048642534762620926,0.07483489438891411,0.002935349941253662,0.08117546141147614
DUP_G,55,cashew/Data/Images/Anomaly/005.JPG,1,abnormal_normal,32x34,4,1082,0.007307248808918676,0.0,0.0018651606515049934,0.004758227616548538,0.009849230758845806,0.023044086433947095,0.0,0.058204248547554016
DUP_G,55,cashew/Data/Images/Anomaly/005.JPG,1,defect,32x34,4,6,0.018748958905537922,0.00844934955239296,0.010749759152531624,0.015662603080272675,0.02747100405395031,0.03216741979122162,0.008151233196258545,0.03249803185462952
DUP_G,55,cashew/Data/Images/Anomaly/005.JPG,1,clean_defect,32x34,4,2,0.03183680772781372,0.031241706013679503,0.03150619566440582,0.03183680772781372,0.03216741979122162,0.03243190944194794,0.031175583600997925,0.03249803185462952
DUP_G,55,cashew/Data/Images/Anomaly/005.JPG,1,boundary,32x34,4,4,0.012205034494400024,0.008330103009939194,0.009045582264661789,0.012155819684267044,0.01531527191400528,0.016148866713047026,0.008151233196258545,0.016357265412807465
DUP_G,56,cashew/Data/Images/Anomaly/006.JPG,1,abnormal_normal,32x34,11,1077,0.008156096420926193,0.00021645724773406984,0.002341151237487793,0.005271334201097488,0.010969124734401703,0.025401353836059556,0.0,0.056907668709754944
DUP_G,56,cashew/Data/Images/Anomaly/006.JPG,1,defect,32x34,11,11,0.014974338087168608,0.0,0.0066634975373744965,0.01011115312576294,0.02547391504049301,0.031999532133340836,0.0,0.03470192104578018
DUP_G,56,cashew/Data/Images/Anomaly/006.JPG,1,clean_defect,32x34,11,0,,,,,,,,
DUP_G,56,cashew/Data/Images/Anomaly/006.JPG,1,boundary,32x34,11,11,0.014974338087168608,0.0,0.0066634975373744965,0.01011115312576294,0.02547391504049301,0.031999532133340836,0.0,0.03470192104578018
DUP_G,57,cashew/Data/Images/Anomaly/007.JPG,1,abnormal_normal,32x34,1,1086,0.007632548278489221,0.0001660902053117752,0.0021145474165678024,0.0050673820078372955,0.010401091538369656,0.023795485496520996,0.0,0.05643508955836296
DUP_G,57,cashew/Data/Images/Anomaly/007.JPG,1,defect,32x34,1,2,0.0008370280265808105,0.0005444526672363281,0.0006744861602783203,0.0008370280265808105,0.0009995698928833008,0.0011296033859252929,0.0005119442939758301,0.001162111759185791
DUP_G,57,cashew/Data/Images/Anomaly/007.JPG,1,clean_defect,32x34,1,1,0.0005119442939758301,0.0005119442939758301,0.0005119442939758301,0.0005119442939758301,0.0005119442939758301,0.0005119442939758301,0.0005119442939758301,0.0005119442939758301
DUP_G,57,cashew/Data/Images/Anomaly/007.JPG,1,boundary,32x34,1,1,0.001162111759185791,0.001162111759185791,0.001162111759185791,0.001162111759185791,0.001162111759185791,0.001162111759185791,0.001162111759185791,0.001162111759185791
DUP_G,58,cashew/Data/Images/Anomaly/008.JPG,1,abnormal_normal,32x34,2,1086,0.008015988382612034,0.0002385517582297325,0.002192908897995949,0.005543829873204231,0.010930612683296204,0.02420812100172043,0.0,0.06592422723770142
DUP_G,58,cashew/Data/Images/Anomaly/008.JPG,1,defect,32x34,2,2,0.026272103190422058,0.023299022018909453,0.02462039142847061,0.026272103190422058,0.027923814952373505,0.029245184361934663,0.022968679666519165,0.02957552671432495
DUP_G,58,cashew/Data/Images/Anomaly/008.JPG,1,clean_defect,32x34,2,0,,,,,,,,
DUP_G,58,cashew/Data/Images/Anomaly/008.JPG,1,boundary,32x34,2,2,0.026272103190422058,0.023299022018909453,0.02462039142847061,0.026272103190422058,0.027923814952373505,0.029245184361934663,0.022968679666519165,0.02957552671432495
DUP_G,59,cashew/Data/Images/Anomaly/009.JPG,1,abnormal_normal,32x34,7,1079,0.007303321371554113,0.0001496415585279466,0.001901647076010704,0.004394214600324631,0.009524594992399216,0.023339331150054925,0.0,0.07864975929260254
DUP_G,59,cashew/Data/Images/Anomaly/009.JPG,1,defect,32x34,7,9,0.01626816474729114,0.001953299343585968,0.009139083325862885,0.01111525297164917,0.02482438087463379,0.03386087417602539,0.0011572018265724182,0.037152767181396484
DUP_G,59,cashew/Data/Images/Anomaly/009.JPG,1,clean_defect,32x34,7,2,0.023145925253629684,0.010539767518639564,0.016142504289746284,0.023145925253629684,0.030149346217513084,0.0357520829886198,0.009139083325862885,0.037152767181396484
DUP_G,59,cashew/Data/Images/Anomaly/009.JPG,1,boundary,32x34,7,7,0.0143030903169087,0.0017542749643325807,0.006212878972291946,0.01111525297164917,0.023250192403793335,0.027693438529968258,0.0011572018265724182,0.02892303466796875
DUP_G,60,cashew/Data/Images/Anomaly/010.JPG,1,abnormal_normal,32x34,3,1084,0.007773282561396211,0.0002742039039731026,0.002275131642818451,0.005052585154771805,0.01063589658588171,0.024915615096688253,0.0,0.07532429695129395
DUP_G,60,cashew/Data/Images/Anomaly/010.JPG,1,defect,32x34,3,4,0.006316865794360638,0.004968717694282532,0.004996433854103088,0.005297085270285606,0.006617517210543156,0.009092706628143786,0.004961788654327393,0.009711503982543945
DUP_G,60,cashew/Data/Images/Anomaly/010.JPG,1,clean_defect,32x34,3,1,0.004961788654327393,0.004961788654327393,0.004961788654327393,0.004961788654327393,0.004961788654327393,0.004961788654327393,0.004961788654327393,0.004961788654327393
DUP_G,60,cashew/Data/Images/Anomaly/010.JPG,1,boundary,32x34,3,3,0.006768558174371719,0.005065802857279778,0.005297085270285606,0.0055861882865428925,0.007648846134543419,0.00929897241294384,0.00500798225402832,0.009711503982543945
DUP_G,61,cashew/Data/Images/Anomaly/011.JPG,1,abnormal_normal,32x34,7,1076,0.007211607539867048,0.00018984265625476837,0.0018666288815438747,0.004560112953186035,0.010163413360714912,0.023237375542521477,0.0,0.07468751817941666
DUP_G,61,cashew/Data/Images/Anomaly/011.JPG,1,defect,32x34,7,12,0.011416537687182426,0.003184206783771515,0.00548364594578743,0.011509895324707031,0.012873198837041855,0.02497504651546478,0.002150818705558777,0.026435017585754395
DUP_G,61,cashew/Data/Images/Anomaly/011.JPG,1,clean_defect,32x34,7,5,0.012114349007606506,0.003348153829574585,0.008137494325637817,0.011784672737121582,0.014718234539031982,0.021968066692352295,0.002150818705558777,0.023780524730682373
DUP_G,61,cashew/Data/Images/Anomaly/011.JPG,1,boundary,32x34,7,7,0.010918101029736655,0.004324106499552727,0.005326110869646072,0.01123511791229248,0.012037321925163269,0.02218196839094161,0.004029706120491028,0.026435017585754395
DUP_G,62,cashew/Data/Images/Anomaly/012.JPG,1,abnormal_normal,32x34,7,1077,0.00788859355530616,0.000272088497877121,0.0019999146461486816,0.005172450095415115,0.010791737586259842,0.025361225008964535,0.0,0.0685640424489975
DUP_G,62,cashew/Data/Images/Anomaly/012.JPG,1,defect,32x34,7,11,0.02979815141721205,0.001698419451713562,0.011482857167720795,0.027786731719970703,0.0426216721534729,0.06676392257213593,0.000765383243560791,0.07233330607414246
DUP_G,62,cashew/Data/Images/Anomaly/012.JPG,1,clean_defect,32x34,7,4,0.053772419691085815,0.031684987246990204,0.04727800935506821,0.05748482048511505,0.06397923082113266,0.0706624910235405,0.027786731719970703,0.07233330607414246
DUP_G,62,cashew/Data/Images/Anomaly/012.JPG,1,boundary,32x34,7,7,0.016098569546427046,0.0013252049684524536,0.004356019198894501,0.01688513159751892,0.027429595589637756,0.030907240509986875,0.000765383243560791,0.03146824240684509
DUP_G,63,cashew/Data/Images/Anomaly/013.JPG,1,abnormal_normal,32x34,5,1081,0.0074796125178193465,0.0002052783966064453,0.002247830852866173,0.005140084773302078,0.010058168321847916,0.0224853977560997,0.0,0.05599433556199074
DUP_G,63,cashew/Data/Images/Anomaly/013.JPG,1,defect,32x34,5,7,0.018650313573224202,0.005212460458278656,0.007207050919532776,0.014534801244735718,0.022863317281007767,0.04519419372081755,0.0044958144426345825,0.05138084292411804
DUP_G,63,cashew/Data/Images/Anomaly/013.JPG,1,clean_defect,32x34,5,2,0.007207050919532776,0.0069168761372566225,0.007045842707157135,0.007207050919532776,0.007368259131908417,0.007497225701808929,0.006884634494781494,0.007529467344284058
DUP_G,63,cashew/Data/Images/Anomaly/013.JPG,1,boundary,32x34,5,5,0.023227618634700777,0.00650361180305481,0.014534801244735718,0.014967955648899078,0.030758678913116455,0.047256410121917725,0.0044958144426345825,0.05138084292411804
DUP_G,64,cashew/Data/Images/Anomaly/014.JPG,1,abnormal_normal,32x34,6,1080,0.007472541485913098,0.00010535884648561479,0.001779443584382534,0.005052627995610237,0.010311488062143326,0.022822669148445125,0.0,0.0793595165014267
DUP_G,64,cashew/Data/Images/Anomaly/014.JPG,1,defect,32x34,6,8,0.04275412857532501,0.011034338176250458,0.022543713450431824,0.04906611144542694,0.05898766219615936,0.07027719765901565,0.007514387369155884,0.07517021894454956
DUP_G,64,cashew/Data/Images/Anomaly/014.JPG,1,clean_defect,32x34,6,2,0.05708146095275879,0.053383633494377136,0.05502711236476898,0.05708146095275879,0.059135809540748596,0.06077928841114044,0.052972763776779175,0.0611901581287384
DUP_G,64,cashew/Data/Images/Anomaly/014.JPG,1,boundary,32x34,6,6,0.03797835111618042,0.010028637945652008,0.019228830933570862,0.034680306911468506,0.05497998744249344,0.07094103842973709,0.007514387369155884,0.07517021894454956
DUP_G,65,cashew/Data/Images/Anomaly/015.JPG,1,abnormal_normal,32x34,5,1082,0.007482150475737292,0.00022697467356920243,0.002047337591648102,0.004843216389417648,0.010471533052623272,0.02279756907373667,0.0,0.07036785036325455
DUP_G,65,cashew/Data/Images/Anomaly/015.JPG,1,defect,32x34,5,6,0.04591920723517736,0.014017809182405472,0.03172314167022705,0.04343107342720032,0.0642760619521141,0.07794956862926483,0.00875823199748993,0.08084997534751892
DUP_G,65,cashew/Data/Images/Anomaly/015.JPG,1,clean_defect,32x34,5,1,0.06924834847450256,0.06924834847450256,0.06924834847450256,0.06924834847450256,0.06924834847450256,0.06924834847450256,0.06924834847450256,0.06924834847450256
DUP_G,65,cashew/Data/Images/Anomaly/015.JPG,1,boundary,32x34,5,5,0.041253378987312316,0.012965893745422364,0.0297965407371521,0.037502944469451904,0.04935920238494873,0.07455182075500488,0.00875823199748993,0.08084997534751892
DUP_G,66,cashew/Data/Images/Anomaly/016.JPG,1,abnormal_normal,32x34,3,1082,0.00759522034011974,0.00027157198637723924,0.0020620357245206833,0.0051248688250780106,0.010157301090657711,0.023506475053727632,0.0,0.0688294768333435
DUP_G,66,cashew/Data/Images/Anomaly/016.JPG,1,defect,32x34,3,6,0.04693397879600525,0.024558089673519135,0.03203391283750534,0.05245150625705719,0.061469487845897675,0.06311579048633575,0.02361360192298889,0.06338372826576233
DUP_G,66,cashew/Data/Images/Anomaly/016.JPG,1,clean_defect,32x34,3,3,0.03664905826250712,0.023991397023200987,0.025502577424049377,0.027391552925109863,0.043166786432266235,0.05578697323799133,0.02361360192298889,0.05894201993942261
DUP_G,66,cashew/Data/Images/Anomaly/016.JPG,1,boundary,32x34,3,3,0.05721889932950338,0.0475960910320282,0.0541364848613739,0.06231197714805603,0.06284785270690918,0.0632765531539917,0.04596099257469177,0.06338372826576233
DUP_G,67,cashew/Data/Images/Anomaly/017.JPG,1,abnormal_normal,32x34,4,1082,0.0073776832711151255,0.00012680422514677048,0.002042180858552456,0.004809115082025528,0.010003816336393356,0.022279476001858714,0.0,0.08569637686014175
DUP_G,67,cashew/Data/Images/Anomaly/017.JPG,1,defect,32x34,4,6,0.04826591412226359,0.027248188853263855,0.03614933788776398,0.05253256857395172,0.060893043875694275,0.06396550685167313,0.025318801403045654,0.06484341621398926
DUP_G,67,cashew/Data/Images/Anomaly/017.JPG,1,clean_defect,32x34,4,2,0.053410038352012634,0.046280471980571745,0.049449168145656586,0.053410038352012634,0.05737090855836868,0.06053960472345352,0.04548829793930054,0.06133177876472473
DUP_G,67,cashew/Data/Images/Anomaly/017.JPG,1,boundary,32x34,4,4,0.04569385200738907,0.026476433873176573,0.031106963753700256,0.04630659520626068,0.06089348345994949,0.0640534296631813,0.025318801403045654,0.06484341621398926
DUP_G,68,cashew/Data/Images/Anomaly/018.JPG,1,abnormal_normal,32x34,9,1077,0.0072701819874034955,0.0,0.0019280500710010529,0.004579268395900726,0.010002672672271729,0.022389515489339824,0.0,0.07502191513776779
DUP_G,68,cashew/Data/Images/Anomaly/018.JPG,1,defect,32x34,9,11,0.04088678007776087,0.013592943549156189,0.02440248429775238,0.034891754388809204,0.062360167503356934,0.06975936889648438,0.012975424528121948,0.07164019346237183
DUP_G,68,cashew/Data/Images/Anomaly/018.JPG,1,clean_defect,32x34,9,2,0.04230780899524689,0.015908662974834443,0.027641616761684418,0.04230780899524689,0.05697400122880936,0.06870695501565934,0.012975424528121948,0.07164019346237183
DUP_G,68,cashew/Data/Images/Anomaly/018.JPG,1,boundary,32x34,9,9,0.04057099587387509,0.01809777021408081,0.02487623691558838,0.034891754388809204,0.06037309765815735,0.06646602153778076,0.01421046257019043,0.06787854433059692
DUP_G,69,cashew/Data/Images/Anomaly/019.JPG,1,abnormal_normal,32x34,4,1081,0.007857486903736373,0.00020623207092285156,0.0021633878350257874,0.005204379558563232,0.0107012540102005,0.02457774430513382,0.0,0.05557306855916977
DUP_G,69,cashew/Data/Images/Anomaly/019.JPG,1,defect,32x34,4,7,0.03939439143453326,0.008741456270217897,0.029589444398880005,0.0459350049495697,0.05188494920730591,0.05896276533603668,0.005272358655929565,0.061604589223861694
DUP_G,69,cashew/Data/Images/Anomaly/019.JPG,1,clean_defect,32x34,4,3,0.049960821866989136,0.04270208477973938,0.044138938188552856,0.0459350049495697,0.0537697970867157,0.06003763079643249,0.04234287142753601,0.061604589223861694
DUP_G,69,cashew/Data/Images/Anomaly/019.JPG,1,boundary,32x34,4,4,0.031469568610191345,0.007006907463073731,0.01394510269165039,0.03390370309352875,0.0514281690120697,0.0525244414806366,0.005272358655929565,0.05279850959777832
DUP_G,70,cashew/Data/Images/Anomaly/020.JPG,1,abnormal_normal,32x34,3,1084,0.00782284228220527,0.00016822405159473426,0.00208390224725008,0.004891118034720421,0.010566356591880322,0.02606763467192648,0.0,0.07079729437828064
DUP_G,70,cashew/Data/Images/Anomaly/020.JPG,1,defect,32x34,3,4,0.03278365731239319,0.011334677040576936,0.013351894915103912,0.027180880308151245,0.04661264270544052,0.06207652539014816,0.01083037257194519,0.06594249606132507
DUP_G,70,cashew/Data/Images/Anomaly/020.JPG,1,clean_defect,32x34,3,1,0.040169358253479004,0.040169358253479004,0.040169358253479004,0.040169358253479004,0.040169358253479004,0.040169358253479004,0.040169358253479004,0.040169358253479004
DUP_G,70,cashew/Data/Images/Anomaly/020.JPG,1,boundary,32x34,3,3,0.030321756998697918,0.01116657555103302,0.012511387467384338,0.014192402362823486,0.04006744921207428,0.06076748669147491,0.01083037257194519,0.06594249606132507
DUP_G,71,cashew/Data/Images/Anomaly/021.JPG,1,abnormal_normal,32x34,7,1078,0.007528888948904506,7.053148001432421e-05,0.0018908707424998283,0.004663268104195595,0.01011919230222702,0.023303577303886408,0.0,0.0653185173869133
DUP_G,71,cashew/Data/Images/Anomaly/021.JPG,1,defect,32x34,7,10,0.01343911774456501,0.0012060653418302536,0.004325458779931068,0.00975070334970951,0.023190882056951523,0.028510361164808262,0.0,0.032757967710494995
DUP_G,71,cashew/Data/Images/Anomaly/021.JPG,1,clean_defect,32x34,7,3,0.019818867246309917,0.005636648833751678,0.013349317014217377,0.0229901522397995,0.027874059975147247,0.03178118616342544,0.003708481788635254,0.032757967710494995
DUP_G,71,cashew/Data/Images/Anomaly/021.JPG,1,boundary,32x34,7,7,0.010704939386674337,0.0008040435612201691,0.004428267478942871,0.008089303970336914,0.017334947362542152,0.02330052703619003,0.0,0.02331884205341339
DUP_G,72,cashew/Data/Images/Anomaly/022.JPG,1,abnormal_normal,32x34,7,1077,0.008179987850793557,0.0003509998321533203,0.0021983981132507324,0.005485460162162781,0.011139493435621262,0.025248792022466656,0.0,0.07539475709199905
DUP_G,72,cashew/Data/Images/Anomaly/022.JPG,1,defect,32x34,7,11,0.02328323098746213,0.006051357835531235,0.01326807588338852,0.017709530889987946,0.03220716863870621,0.04493659734725952,0.004359319806098938,0.051023125648498535
DUP_G,72,cashew/Data/Images/Anomaly/022.JPG,1,clean_defect,32x34,7,4,0.030514026060700417,0.014958801493048669,0.01690049283206463,0.028279799968004227,0.041893333196640015,0.049197167158126824,0.014473378658294678,0.051023125648498535
DUP_G,72,cashew/Data/Images/Anomaly/022.JPG,1,boundary,32x34,7,7,0.019151348088468825,0.005374542623758316,0.009903084486722946,0.01678033173084259,0.029795512557029724,0.032733337581157686,0.004359319806098938,0.0335225909948349
DUP_G,73,cashew/Data/Images/Anomaly/023.JPG,1,abnormal_normal,32x34,5,1080,0.007601003669185081,0.00021315477788448335,0.0018948270007967949,0.0050826892256736755,0.010481125209480524,0.023440385982394212,0.0,0.06724592298269272
DUP_G,73,cashew/Data/Images/Anomaly/023.JPG,1,defect,32x34,5,8,0.02575151901692152,0.009018863365054131,0.019628973677754402,0.02732805162668228,0.03233947977423668,0.040055730193853376,0.005796313285827637,0.042128369212150574
DUP_G,73,cashew/Data/Images/Anomaly/023.JPG,1,clean_defect,32x34,5,3,0.03316855927308401,0.02267434298992157,0.02868865430355072,0.03620654344558716,0.039167456328868866,0.04153618663549423,0.021170765161514282,0.042128369212150574
DUP_G,73,cashew/Data/Images/Anomaly/023.JPG,1,boundary,32x34,5,5,0.02130129486322403,0.007637770473957061,0.015003599226474762,0.023707091808319092,0.03094901144504547,0.03103016912937164,0.005796313285827637,0.031050458550453186
DUP_G,74,cashew/Data/Images/Anomaly/024.JPG,1,abnormal_normal,32x34,6,1079,0.0074191134089847425,0.0002477651461958885,0.0020296908915042877,0.0050409287214279175,0.010521462187170982,0.022716058231890178,0.0,0.08655402064323425
DUP_G,74,cashew/Data/Images/Anomaly/024.JPG,1,defect,32x34,6,9,0.019395683374669816,0.004396353662014007,0.007987573742866516,0.020958155393600464,0.028291046619415283,0.033159473538398744,0.003432847559452057,0.033887431025505066
DUP_G,74,cashew/Data/Images/Anomaly/024.JPG,1,clean_defect,32x34,6,3,0.026847362518310547,0.02161397933959961,0.02423727512359619,0.02751639485359192,0.02979196608066559,0.03161242306232452,0.020958155393600464,0.03206753730773926
DUP_G,74,cashew/Data/Images/Anomaly/024.JPG,1,boundary,32x34,6,6,0.015669843802849453,0.004035038873553276,0.006378103047609329,0.011283062398433685,0.024862922728061676,0.03248833492398262,0.003432847559452057,0.033887431025505066
DUP_G,75,cashew/Data/Images/Anomaly/025.JPG,1,abnormal_normal,32x34,4,1083,0.007466609151182578,7.962696254253389e-05,0.0019418597221374512,0.004952866584062576,0.01012350246310234,0.02292190827429288,0.0,0.07261666655540466
DUP_G,75,cashew/Data/Images/Anomaly/025.JPG,1,defect,32x34,4,5,0.01390380859375,0.005844253301620484,0.006603807210922241,0.008578300476074219,0.012468427419662476,0.03146499991416931,0.005654364824295044,0.03621414303779602
DUP_G,75,cashew/Data/Images/Anomaly/025.JPG,1,clean_defect,32x34,4,1,0.008578300476074219,0.008578300476074219,0.008578300476074219,0.008578300476074219,0.008578300476074219,0.008578300476074219,0.008578300476074219,0.008578300476074219
DUP_G,75,cashew/Data/Images/Anomaly/025.JPG,1,boundary,32x34,4,4,0.015235185623168945,0.005796781182289124,0.006366446614265442,0.009536117315292358,0.018404856324195862,0.03265228569507598,0.005654364824295044,0.03621414303779602
DUP_G,76,cashew/Data/Images/Anomaly/026.JPG,1,abnormal_normal,32x34,3,1085,0.007916846864509143,0.00037711411714553834,0.0022476129233837128,0.005400262773036957,0.010971464216709137,0.023299662023782718,0.0,0.06497251987457275
DUP_G,76,cashew/Data/Images/Anomaly/026.JPG,1,defect,32x34,3,3,0.01025812824567159,0.0016430854797363282,0.004343628883361816,0.007719308137893677,0.014903217554092407,0.02065034508705139,0.0009679496288299561,0.022087126970291138
DUP_G,76,cashew/Data/Images/Anomaly/026.JPG,1,clean_defect,32x34,3,0,,,,,,,,
DUP_G,76,cashew/Data/Images/Anomaly/026.JPG,1,boundary,32x34,3,3,0.01025812824567159,0.0016430854797363282,0.004343628883361816,0.007719308137893677,0.014903217554092407,0.02065034508705139,0.0009679496288299561,0.022087126970291138
DUP_G,77,cashew/Data/Images/Anomaly/027.JPG,1,abnormal_normal,32x34,3,1084,0.007479749791791519,0.0002182889729738236,0.0021270401775836945,0.005197547376155853,0.010706300847232342,0.021875943988561602,0.0,0.06465378403663635
DUP_G,77,cashew/Data/Images/Anomaly/027.JPG,1,defect,32x34,3,4,0.015138424932956696,0.008360975980758667,0.01094469428062439,0.015839457511901855,0.02003318816423416,0.0209344282746315,0.007715046405792236,0.021159738302230835
DUP_G,77,cashew/Data/Images/Anomaly/027.JPG,1,clean_defect,32x34,3,1,0.012021243572235107,0.012021243572235107,0.012021243572235107,0.012021243572235107,0.012021243572235107,0.012021243572235107,0.012021243572235107,0.012021243572235107
DUP_G,77,cashew/Data/Images/Anomaly/027.JPG,1,boundary,32x34,3,3,0.01617748538653056,0.008909308910369873,0.01368635892868042,0.019657671451568604,0.02040870487689972,0.021009531617164613,0.007715046405792236,0.021159738302230835
DUP_G,78,cashew/Data/Images/Anomaly/028.JPG,1,abnormal_normal,32x34,2,1085,0.007773250834973452,0.0002127133309841157,0.002199113368988037,0.005126990377902985,0.010438304394483566,0.024177382141351695,0.0,0.06047109514474869
DUP_G,78,cashew/Data/Images/Anomaly/028.JPG,1,defect,32x34,2,3,0.004140645265579224,0.0008576720952987671,0.0017152279615402222,0.002787172794342041,0.005889326333999634,0.008371049165725708,0.0006432831287384033,0.008991479873657227
DUP_G,78,cashew/Data/Images/Anomaly/028.JPG,1,clean_defect,32x34,2,1,0.008991479873657227,0.008991479873657227,0.008991479873657227,0.008991479873657227,0.008991479873657227,0.008991479873657227,0.008991479873657227,0.008991479873657227
DUP_G,78,cashew/Data/Images/Anomaly/028.JPG,1,boundary,32x34,2,2,0.0017152279615402222,0.0007504776120185852,0.0011792555451393127,0.0017152279615402222,0.0022512003779411316,0.002679978311061859,0.0006432831287384033,0.002787172794342041
DUP_G,79,cashew/Data/Images/Anomaly/029.JPG,1,abnormal_normal,32x34,4,1084,0.00783359917306867,0.0003280356526374819,0.0022136541083455086,0.005025157704949379,0.010534275323152542,0.024160129390656947,0.0,0.06633297353982925
DUP_G,79,cashew/Data/Images/Anomaly/029.JPG,1,defect,32x34,4,4,0.0085531547665596,0.004203225672245026,0.006951577961444855,0.008831903338432312,0.010433480143547058,0.01251283586025238,0.0035161375999450684,0.013032674789428711
DUP_G,79,cashew/Data/Images/Anomaly/029.JPG,1,clean_defect,32x34,4,0,,,,,,,,
DUP_G,79,cashew/Data/Images/Anomaly/029.JPG,1,boundary,32x34,4,4,0.0085531547665596,0.004203225672245026,0.006951577961444855,0.008831903338432312,0.010433480143547058,0.01251283586025238,0.0035161375999450684,0.013032674789428711
DUP_G,80,cashew/Data/Images/Anomaly/030.JPG,1,abnormal_normal,32x34,8,1080,0.008005345309222187,0.00023474618792533876,0.0019779494032263756,0.0051103625446558,0.010846994817256927,0.02535071726888418,0.0,0.07580547034740448
DUP_G,80,cashew/Data/Images/Anomaly/030.JPG,1,defect,32x34,8,8,0.013929840177297592,0.005833931267261505,0.007252149283885956,0.010155051946640015,0.012022897601127625,0.03507277965545652,0.005530238151550293,0.04692351818084717
DUP_G,80,cashew/Data/Images/Anomaly/030.JPG,1,clean_defect,32x34,8,0,,,,,,,,
DUP_G,80,cashew/Data/Images/Anomaly/030.JPG,1,boundary,32x34,8,8,0.013929840177297592,0.005833931267261505,0.007252149283885956,0.010155051946640015,0.012022897601127625,0.03507277965545652,0.005530238151550293,0.04692351818084717
DUP_G,81,cashew/Data/Images/Anomaly/031.JPG,1,abnormal_normal,32x34,4,1083,0.007596316419727584,0.0001358959823846817,0.0019125547260046005,0.004907924681901932,0.010122556239366531,0.024268520995974534,0.0,0.07481250166893005
DUP_G,81,cashew/Data/Images/Anomaly/031.JPG,1,defect,32x34,4,5,0.018032801151275635,0.007328593730926513,0.011525332927703857,0.012327194213867188,0.01570415496826172,0.03860316276550292,0.006279408931732178,0.04432791471481323
DUP_G,81,cashew/Data/Images/Anomaly/031.JPG,1,clean_defect,32x34,4,1,0.01570415496826172,0.01570415496826172,0.01570415496826172,0.01570415496826172,0.01570415496826172,0.01570415496826172,0.01570415496826172,0.01570415496826172
DUP_G,81,cashew/Data/Images/Anomaly/031.JPG,1,boundary,32x34,4,4,0.018614962697029114,0.00706629753112793,0.010213851928710938,0.011926263570785522,0.0203273743391037,0.039527806639671315,0.006279408931732178,0.04432791471481323
DUP_G,82,cashew/Data/Images/Anomaly/032.JPG,1,abnormal_normal,32x34,8,1070,0.0075805336654743306,9.748153388500275e-07,0.0018289340659976006,0.004484504461288452,0.010638726875185966,0.02466193959116935,0.0,0.06940265744924545
DUP_G,82,cashew/Data/Images/Anomaly/032.JPG,1,defect,32x34,8,18,0.032120120608144336,0.002519195154309273,0.018715962767601013,0.03592577576637268,0.04751141369342804,0.0516158327460289,0.0,0.052284419536590576
DUP_G,82,cashew/Data/Images/Anomaly/032.JPG,1,clean_defect,32x34,8,10,0.03766223192214966,0.019594284892082214,0.030845381319522858,0.03800664842128754,0.047833286225795746,0.051930461823940274,0.01761806011199951,0.052284419536590576
DUP_G,82,cashew/Data/Images/Anomaly/032.JPG,1,boundary,32x34,8,8,0.025192481465637684,0.0010373156517744066,0.007686743512749672,0.022225290536880493,0.04738961160182953,0.04912652969360352,0.0,0.049963414669036865
DUP_G,83,cashew/Data/Images/Anomaly/033.JPG,1,abnormal_normal,32x34,6,1072,0.007684753642160334,0.0002294059842824936,0.0022116610780358315,0.004906823858618736,0.010233301669359207,0.023865775391459454,0.0,0.061580777168273926
DUP_G,83,cashew/Data/Images/Anomaly/033.JPG,1,defect,32x34,6,16,0.021055981516838074,0.0061952657997608185,0.009703312069177628,0.022969424724578857,0.029299020767211914,0.034721843898296356,0.004080735146999359,0.04274243116378784
DUP_G,83,cashew/Data/Images/Anomaly/033.JPG,1,clean_defect,32x34,6,10,0.025163835287094115,0.01124705970287323,0.02050185203552246,0.027104735374450684,0.029588162899017334,0.037407329678535446,0.007571011781692505,0.04274243116378784
DUP_G,83,cashew/Data/Images/Anomaly/033.JPG,1,boundary,32x34,6,6,0.014209558566411337,0.004785578697919846,0.006993571296334267,0.00884401798248291,0.02100863680243492,0.03017127513885498,0.004080735146999359,0.032048314809799194
DUP_G,84,cashew/Data/Images/Anomaly/034.JPG,1,abnormal_normal,32x34,8,1073,0.007266759154632451,0.00016041472554206848,0.0018543228507041931,0.004667460918426514,0.009443838149309158,0.02399343103170393,0.0,0.0645606741309166
DUP_G,84,cashew/Data/Images/Anomaly/034.JPG,1,defect,32x34,8,15,0.02786719600359599,0.004369790852069855,0.008935444056987762,0.028988242149353027,0.04392059147357941,0.04986449182033539,0.0,0.050562500953674316
DUP_G,84,cashew/Data/Images/Anomaly/034.JPG,1,clean_defect,32x34,8,7,0.043568317379270284,0.03456583321094513,0.04127052426338196,0.04423069953918457,0.047474369406700134,0.05026335418224335,0.032695233821868896,0.050562500953674316
DUP_G,84,cashew/Data/Images/Anomaly/034.JPG,1,boundary,32x34,8,8,0.014128714799880981,0.0021848954260349275,0.006445880979299545,0.008935444056987762,0.025803647935390472,0.02882235050201416,0.0,0.028988242149353027
DUP_G,85,cashew/Data/Images/Anomaly/035.JPG,1,abnormal_normal,32x34,7,1075,0.007437256834534712,0.00010505989193916329,0.0020423606038093567,0.005101323127746582,0.009971776977181435,0.02338767312467098,0.0,0.05478262901306152
DUP_G,85,cashew/Data/Images/Anomaly/035.JPG,1,defect,32x34,7,13,0.020389388387019817,0.00838434100151062,0.014038115739822388,0.017828404903411865,0.02544429898262024,0.03693677186965942,0.0075891464948654175,0.03783845901489258
DUP_G,85,cashew/Data/Images/Anomaly/035.JPG,1,clean_defect,32x34,7,6,0.02093734343846639,0.010195381939411163,0.014081835746765137,0.019694358110427856,0.02537715435028076,0.03473991900682449,0.008914470672607422,0.03783845901489258
DUP_G,85,cashew/Data/Images/Anomaly/035.JPG,1,boundary,32x34,7,7,0.01991971262863704,0.009403200447559356,0.015360534191131592,0.017828404903411865,0.023481860756874084,0.03349426686763763,0.0075891464948654175,0.036335647106170654
DUP_G,86,cashew/Data/Images/Anomaly/036.JPG,1,abnormal_normal,32x34,12,1066,0.00780114429822894,0.0004024999216198921,0.0022124862298369408,0.005121238529682159,0.010489335283637047,0.022837082855403423,0.0,0.07169473171234131
DUP_G,86,cashew/Data/Images/Anomaly/036.JPG,1,defect,32x34,12,22,0.02645052850923755,0.0010173590853810313,0.015302164480090141,0.028994813561439514,0.03696215897798538,0.050099310278892514,0.0006642714142799377,0.05123814940452576
DUP_G,86,cashew/Data/Images/Anomaly/036.JPG,1,clean_defect,32x34,12,10,0.03755460381507873,0.027023638784885406,0.030255325138568878,0.0343639999628067,0.04628230631351471,0.05078207999467849,0.02477148175239563,0.05123814940452576
DUP_G,86,cashew/Data/Images/Anomaly/036.JPG,1,boundary,32x34,12,12,0.01719713242103656,0.0007729804143309593,0.0052706338465213776,0.016018036752939224,0.024561937898397446,0.03820196241140365,0.0006642714142799377,0.039491742849349976
DUP_G,87,cashew/Data/Images/Anomaly/037.JPG,1,abnormal_normal,32x34,9,1074,0.007206297568886695,0.0002590144053101541,0.0019796350970864296,0.004927961155772209,0.00960821844637394,0.022387715056538565,0.0,0.05572136491537094
DUP_G,87,cashew/Data/Images/Anomaly/037.JPG,1,defect,32x34,9,14,0.01968617630856378,0.005440604686737061,0.009624656289815903,0.020073533058166504,0.027441799640655518,0.03561147674918175,0.0,0.03586606681346893
DUP_G,87,cashew/Data/Images/Anomaly/037.JPG,1,clean_defect,32x34,9,5,0.018176615238189697,0.009421467781066895,0.009658575057983398,0.020317673683166504,0.022435545921325684,0.02777438163757324,0.009362190961837769,0.029109090566635132
DUP_G,87,cashew/Data/Images/Anomaly/037.JPG,1,boundary,32x34,9,9,0.02052482134766049,0.003348064422607422,0.00961335003376007,0.019829392433166504,0.033693328499794006,0.03570939600467682,0.0,0.03586606681346893
DUP_G,88,cashew/Data/Images/Anomaly/038.JPG,1,abnormal_normal,32x34,3,1084,0.007586673811091818,0.0003940254449844361,0.0024019889533519745,0.005096575245261192,0.01038755476474762,0.02274690158665179,0.0,0.07699181884527206
DUP_G,88,cashew/Data/Images/Anomaly/038.JPG,1,defect,32x34,3,4,0.016590729355812073,0.010092765092849731,0.010480433702468872,0.014345064759254456,0.020455360412597656,0.026232624053955076,0.009995847940444946,0.027676939964294434
DUP_G,88,cashew/Data/Images/Anomaly/038.JPG,1,clean_defect,32x34,3,1,0.009995847940444946,0.009995847940444946,0.009995847940444946,0.009995847940444946,0.009995847940444946,0.009995847940444946,0.009995847940444946,0.009995847940444946
DUP_G,88,cashew/Data/Images/Anomaly/038.JPG,1,boundary,32x34,3,3,0.018789023160934448,0.011382582783699035,0.014345064759254456,0.01804816722869873,0.022862553596496582,0.026714062690734862,0.01064196228981018,0.027676939964294434
DUP_G,89,cashew/Data/Images/Anomaly/039.JPG,1,abnormal_normal,32x34,3,1083,0.00748807805420922,0.0003053080290555954,0.00210564024746418,0.0047795772552490234,0.010092606768012047,0.024044432118535023,0.0,0.05789355933666229
DUP_G,89,cashew/Data/Images/Anomaly/039.JPG,1,defect,32x34,3,5,0.020900440216064454,0.01774398684501648,0.018906444311141968,0.019066184759140015,0.022104918956756592,0.025998008251190186,0.017453372478485107,0.026971280574798584
DUP_G,89,cashew/Data/Images/Anomaly/039.JPG,1,clean_defect,32x34,3,2,0.022212326526641846,0.017929267883300782,0.019832849502563477,0.022212326526641846,0.024591803550720215,0.02649538516998291,0.017453372478485107,0.026971280574798584
DUP_G,89,cashew/Data/Images/Anomaly/039.JPG,1,boundary,32x34,3,3,0.02002584934234619,0.018922418355941772,0.01898631453514099,0.019066184759140015,0.020585551857948303,0.021801045536994933,0.018906444311141968,0.022104918956756592
DUP_G,90,cashew/Data/Images/Anomaly/040.JPG,1,abnormal_normal,32x34,4,1083,0.007401288859374195,0.00025556236505508423,0.0018948018550872803,0.004763323813676834,0.010179631412029266,0.02393757998943327,0.0,0.05858125165104866
DUP_G,90,cashew/Data/Images/Anomaly/040.JPG,1,defect,32x34,4,5,0.02246949076652527,0.008872050046920776,0.02343401312828064,0.02552667260169983,0.028177917003631592,0.029617416858673095,0.0052315592765808105,0.02997729182243347
DUP_G,90,cashew/Data/Images/Anomaly/040.JPG,1,clean_defect,32x34,4,1,0.028177917003631592,0.028177917003631592,0.028177917003631592,0.028177917003631592,0.028177917003631592,0.028177917003631592,0.028177917003631592,0.028177917003631592
DUP_G,90,cashew/Data/Images/Anomaly/040.JPG,1,boundary,32x34,4,4,0.021042384207248688,0.007961927354335785,0.018883399665355682,0.024480342864990234,0.02663932740688324,0.029309698939323423,0.0052315592765808105,0.02997729182243347
DUP_G,91,cashew/Data/Images/Anomaly/041.JPG,1,abnormal_normal,32x34,6,1077,0.007361849136961868,0.0,0.001988351345062256,0.004737395793199539,0.010175347328186035,0.023105490952730172,0.0,0.04925411939620972
DUP_G,91,cashew/Data/Images/Anomaly/041.JPG,1,defect,32x34,6,11,0.025421605868773026,0.007037103176116943,0.014785721898078918,0.03177136182785034,0.03542791306972504,0.03870546817779541,0.006437212228775024,0.04033687710762024
DUP_G,91,cashew/Data/Images/Anomaly/041.JPG,1,clean_defect,32x34,6,5,0.035249078273773195,0.032073354721069335,0.03328132629394531,0.03490003943443298,0.03595578670501709,0.03946065902709961,0.03177136182785034,0.04033687710762024
DUP_G,91,cashew/Data/Images/Anomaly/041.JPG,1,boundary,32x34,6,6,0.017232045531272888,0.006737157702445984,0.008803442120552063,0.014785721898078918,0.02132158726453781,0.03347368538379669,0.006437212228775024,0.03707405924797058
DUP_G,92,cashew/Data/Images/Anomaly/042.JPG,1,abnormal_normal,32x34,6,1082,0.007636668388654311,0.00020283944904804236,0.0020245714113116264,0.0048829130828380585,0.010395141318440437,0.024785591382533313,0.0,0.076439768075943
DUP_G,92,cashew/Data/Images/Anomaly/042.JPG,1,defect,32x34,6,6,0.018322137494881947,0.011876147240400314,0.015610836446285248,0.018965810537338257,0.022030681371688843,0.023352347314357758,0.010913774371147156,0.0235426127910614
DUP_G,92,cashew/Data/Images/Anomaly/042.JPG,1,clean_defect,32x34,6,0,,,,,,,,
DUP_G,92,cashew/Data/Images/Anomaly/042.JPG,1,boundary,32x34,6,6,0.018322137494881947,0.011876147240400314,0.015610836446285248,0.018965810537338257,0.022030681371688843,0.023352347314357758,0.010913774371147156,0.0235426127910614
DUP_G,93,cashew/Data/Images/Anomaly/043.JPG,1,abnormal_normal,32x34,4,1084,0.007775494476567225,0.0003496368415653707,0.0021406374871730804,0.004968216642737389,0.010227513499557972,0.024882788956165313,0.0,0.0714300125837326
DUP_G,93,cashew/Data/Images/Anomaly/043.JPG,1,defect,32x34,4,4,0.009691989049315453,0.003582225739955902,0.0060626789927482605,0.00919458270072937,0.012823892757296562,0.016498121246695516,0.0029621124267578125,0.017416678369045258
DUP_G,93,cashew/Data/Images/Anomaly/043.JPG,1,clean_defect,32x34,4,0,,,,,,,,
DUP_G,93,cashew/Data/Images/Anomaly/043.JPG,1,boundary,32x34,4,4,0.009691989049315453,0.003582225739955902,0.0060626789927482605,0.00919458270072937,0.012823892757296562,0.016498121246695516,0.0029621124267578125,0.017416678369045258
DUP_G,94,cashew/Data/Images/Anomaly/044.JPG,1,abnormal_normal,32x34,3,1084,0.00741492026928826,0.00010023713111877447,0.0019637257792055607,0.0045647043734788895,0.010575870983302593,0.02329720985144376,0.0,0.04956715553998947
DUP_G,94,cashew/Data/Images/Anomaly/044.JPG,1,defect,32x34,3,4,0.023800890892744064,0.004366965964436531,0.012434134259819984,0.02243412658572197,0.03380088321864605,0.04514828585088252,0.0023501738905906677,0.04798513650894165
DUP_G,94,cashew/Data/Images/Anomaly/044.JPG,1,clean_defect,32x34,3,1,0.04798513650894165,0.04798513650894165,0.04798513650894165,0.04798513650894165,0.04798513650894165,0.04798513650894165,0.04798513650894165,0.04798513650894165
DUP_G,94,cashew/Data/Images/Anomaly/044.JPG,1,boundary,32x34,3,3,0.015739475687344868,0.0036947019398212433,0.009072814136743546,0.015795454382896423,0.02243412658572197,0.027745064347982407,0.0023501738905906677,0.029072798788547516
DUP_G,95,cashew/Data/Images/Anomaly/045.JPG,1,abnormal_normal,32x34,4,1084,0.007903163044668761,0.0003293720073997975,0.002081252634525299,0.005042988806962967,0.01062118448317051,0.024958556611090896,0.0,0.07648681104183197
DUP_G,95,cashew/Data/Images/Anomaly/045.JPG,1,defect,32x34,4,4,0.006601437926292419,9.13292169570923e-05,0.0004566460847854614,0.0020649731159210205,0.008209764957427979,0.0194625973701477,0.0,0.022275805473327637
DUP_G,95,cashew/Data/Images/Anomaly/045.JPG,1,clean_defect,32x34,4,0,,,,,,,,
DUP_G,95,cashew/Data/Images/Anomaly/045.JPG,1,boundary,32x34,4,4,0.006601437926292419,9.13292169570923e-05,0.0004566460847854614,0.0020649731159210205,0.008209764957427979,0.0194625973701477,0.0,0.022275805473327637
DUP_G,96,cashew/Data/Images/Anomaly/046.JPG,1,abnormal_normal,32x34,6,1080,0.008370532961217342,0.00010536573827266694,0.0019988371059298515,0.004976503551006317,0.011618412099778652,0.02711563017219303,0.0,0.07481414824724197
DUP_G,96,cashew/Data/Images/Anomaly/046.JPG,1,defect,32x34,6,8,0.01207284489646554,0.0,0.0008088648319244385,0.008285686373710632,0.018062657676637173,0.03363120853900908,0.0,0.038682371377944946
DUP_G,96,cashew/Data/Images/Anomaly/046.JPG,1,clean_defect,32x34,6,2,0.001155570149421692,0.0001155570149421692,0.000577785074710846,0.001155570149421692,0.0017333552241325378,0.0021955832839012147,0.0,0.002311140298843384
DUP_G,96,cashew/Data/Images/Anomaly/046.JPG,1,boundary,32x34,6,6,0.015711936478813488,0.0002696216106414795,0.004373922944068909,0.015130141749978065,0.022187870927155018,0.035074397921562195,0.0,0.038682371377944946
DUP_G,97,cashew/Data/Images/Anomaly/047.JPG,1,abnormal_normal,32x34,5,1081,0.007203357128786556,8.386373519897461e-05,0.0018080472946166992,0.004501525312662125,0.01013871282339096,0.02290469780564308,0.0,0.06836926937103271
DUP_G,97,cashew/Data/Images/Anomaly/047.JPG,1,defect,32x34,5,7,0.013001573937279838,0.002011760324239731,0.004042774438858032,0.009108386933803558,0.017715364694595337,0.03281845450401305,0.001599051058292389,0.03678730130195618
DUP_G,97,cashew/Data/Images/Anomaly/047.JPG,1,clean_defect,32x34,5,2,0.01326628029346466,0.004003901779651642,0.008120514452457428,0.01326628029346466,0.018412046134471893,0.02252865880727768,0.0029747486114501953,0.023557811975479126
DUP_G,97,cashew/Data/Images/Anomaly/047.JPG,1,boundary,32x34,5,5,0.012895691394805908,0.002301400899887085,0.005110800266265869,0.009108386933803558,0.011872917413711548,0.03180442452430725,0.001599051058292389,0.03678730130195618
DUP_G,98,cashew/Data/Images/Anomaly/048.JPG,1,abnormal_normal,32x34,5,1081,0.007458403182735496,0.00010083243250846863,0.0019897036254405975,0.004637278616428375,0.010134972631931305,0.024571221321821213,0.0,0.05478163808584213
DUP_G,98,cashew/Data/Images/Anomaly/048.JPG,1,defect,32x34,5,7,0.013441318912165505,0.0005026817321777344,0.003714345395565033,0.0063103437423706055,0.013063747435808182,0.04223644733428952,0.0,0.054222702980041504
DUP_G,98,cashew/Data/Images/Anomaly/048.JPG,1,clean_defect,32x34,5,2,0.033040840178728104,0.013977163657546043,0.022449908778071404,0.033040840178728104,0.043631771579384804,0.05210451669991016,0.011858977377414703,0.054222702980041504
DUP_G,98,cashew/Data/Images/Anomaly/048.JPG,1,boundary,32x34,5,5,0.005601510405540466,0.0003351211547851563,0.0016756057739257812,0.005753085017204285,0.0063103437423706055,0.012676882743835449,0.0,0.01426851749420166
DUP_G,99,cashew/Data/Images/Anomaly/049.JPG,1,abnormal_normal,32x34,5,1083,0.0077400130416685415,3.52103263139725e-05,0.0018484573811292648,0.005089722573757172,0.01025141030550003,0.024881444871425597,0.0,0.07617658376693726
DUP_G,99,cashew/Data/Images/Anomaly/049.JPG,1,defect,32x34,5,5,0.00979813039302826,0.0,0.0,0.007577776908874512,0.01674512028694153,0.02308322787284851,0.0,0.024667754769325256
DUP_G,99,cashew/Data/Images/Anomaly/049.JPG,1,clean_defect,32x34,5,0,,,,,,,,
DUP_G,99,cashew/Data/Images/Anomaly/049.JPG,1,boundary,32x34,5,5,0.00979813039302826,0.0,0.0,0.007577776908874512,0.01674512028694153,0.02308322787284851,0.0,0.024667754769325256
DUP_G,100,cashew/Data/Images/Anomaly/050.JPG,1,abnormal_normal,32x34,4,1084,0.007696944840486089,0.0002748469822108746,0.00212066899985075,0.005144238471984863,0.01047524344176054,0.02290050238370893,0.0,0.07788040488958359
DUP_G,100,cashew/Data/Images/Anomaly/050.JPG,1,defect,32x34,4,4,0.0383717305958271,0.030133070796728133,0.035041164606809616,0.03958878666162491,0.042919352650642395,0.04490651190280914,0.028906047344207764,0.04540330171585083
DUP_G,100,cashew/Data/Images/Anomaly/050.JPG,1,clean_defect,32x34,4,0,,,,,,,,
DUP_G,100,cashew/Data/Images/Anomaly/050.JPG,1,boundary,32x34,4,4,0.0383717305958271,0.030133070796728133,0.035041164606809616,0.03958878666162491,0.042919352650642395,0.04490651190280914,0.028906047344207764,0.04540330171585083
DUP_G,101,cashew/Data/Images/Anomaly/051.JPG,1,abnormal_normal,32x34,3,1084,0.007486046382098895,7.264800369739532e-05,0.0020024534314870834,0.005042277276515961,0.009851907379925251,0.022524403221905232,0.0,0.07992327213287354
DUP_G,101,cashew/Data/Images/Anomaly/051.JPG,1,defect,32x34,3,4,0.019108591601252556,0.011316606029868125,0.018244219943881035,0.021203748881816864,0.022068120539188385,0.023967356979846952,0.009584702551364899,0.024442166090011597
DUP_G,101,cashew/Data/Images/Anomaly/051.JPG,1,clean_defect,32x34,3,1,0.021276772022247314,0.021276772022247314,0.021276772022247314,0.021276772022247314,0.021276772022247314,0.021276772022247314,0.021276772022247314,0.021276772022247314
DUP_G,101,cashew/Data/Images/Anomaly/051.JPG,1,boundary,32x34,3,3,0.018385864794254303,0.01073930487036705,0.015357714146375656,0.021130725741386414,0.022786445915699005,0.02411102205514908,0.009584702551364899,0.024442166090011597
DUP_G,102,cashew/Data/Images/Anomaly/052.JPG,1,abnormal_normal,32x34,4,1084,0.007621631297760564,0.0001810416579246525,0.001963607035577297,0.0050422921776771545,0.010388622991740704,0.02456629760563373,0.0,0.06376022100448608
DUP_G,102,cashew/Data/Images/Anomaly/052.JPG,1,defect,32x34,4,4,0.0048960670828819275,0.0005533508956432344,0.0027667544782161713,0.005574747920036316,0.007704060524702072,0.008288630098104476,0.0,0.008434772491455078
DUP_G,102,cashew/Data/Images/Anomaly/052.JPG,1,clean_defect,32x34,4,0,,,,,,,,
DUP_G,102,cashew/Data/Images/Anomaly/052.JPG,1,boundary,32x34,4,4,0.0048960670828819275,0.0005533508956432344,0.0027667544782161713,0.005574747920036316,0.007704060524702072,0.008288630098104476,0.0,0.008434772491455078
DUP_G,103,cashew/Data/Images/Anomaly/053.JPG,1,abnormal_normal,32x34,5,1083,0.007969384930429367,0.00011467412114143374,0.002086501568555832,0.0054423026740550995,0.010837128385901451,0.024980976432561846,0.0,0.05906972289085388
DUP_G,103,cashew/Data/Images/Anomaly/053.JPG,1,defect,32x34,5,5,0.012628455460071564,0.0030186474323272705,0.0060532838106155396,0.011455684900283813,0.015356305986642838,0.025484872609376905,0.0022599883377552032,0.028017014265060425
DUP_G,103,cashew/Data/Images/Anomaly/053.JPG,1,clean_defect,32x34,5,0,,,,,,,,
DUP_G,103,cashew/Data/Images/Anomaly/053.JPG,1,boundary,32x34,5,5,0.012628455460071564,0.0030186474323272705,0.0060532838106155396,0.011455684900283813,0.015356305986642838,0.025484872609376905,0.0022599883377552032,0.028017014265060425
DUP_G,104,cashew/Data/Images/Anomaly/054.JPG,1,abnormal_normal,32x34,4,1083,0.007984342617657816,0.0002562016248703003,0.00209736917167902,0.005181692540645599,0.010413626208901405,0.026069043576717365,0.0,0.05396664887666702
DUP_G,104,cashew/Data/Images/Anomaly/054.JPG,1,defect,32x34,4,5,0.0198888398706913,0.006136760115623474,0.018865272402763367,0.019980162382125854,0.020324453711509705,0.03392063379287719,0.002954632043838501,0.03731967881321907
DUP_G,104,cashew/Data/Images/Anomaly/054.JPG,1,clean_defect,32x34,4,1,0.002954632043838501,0.002954632043838501,0.002954632043838501,0.002954632043838501,0.002954632043838501,0.002954632043838501,0.002954632043838501,0.002954632043838501
DUP_G,104,cashew/Data/Images/Anomaly/054.JPG,1,boundary,32x34,4,4,0.0241223918274045,0.01903250589966774,0.019701439887285233,0.02015230804681778,0.024573259986937046,0.03477039504796266,0.018865272402763367,0.03731967881321907
DUP_G,105,cashew/Data/Images/Anomaly/055.JPG,1,abnormal_normal,32x34,2,1086,0.007370391861461858,8.447002619504929e-05,0.0019805971533060074,0.004438502714037895,0.009581387042999268,0.024424889124929905,0.0,0.06620073318481445
DUP_G,105,cashew/Data/Images/Anomaly/055.JPG,1,defect,32x34,2,2,0.01618140935897827,0.005829457193613052,0.01043032482266426,0.01618140935897827,0.021932493895292282,0.02653336152434349,0.00467924028635025,0.027683578431606293
DUP_G,105,cashew/Data/Images/Anomaly/055.JPG,1,clean_defect,32x34,2,0,,,,,,,,
DUP_G,105,cashew/Data/Images/Anomaly/055.JPG,1,boundary,32x34,2,2,0.01618140935897827,0.005829457193613052,0.01043032482266426,0.01618140935897827,0.021932493895292282,0.02653336152434349,0.00467924028635025,0.027683578431606293
DUP_G,106,cashew/Data/Images/Anomaly/056.JPG,1,abnormal_normal,32x34,5,1081,0.0072118580835861925,0.0,0.001852612942457199,0.0049411840736866,0.009910620748996735,0.022155482321977615,0.0,0.05789472535252571
DUP_G,106,cashew/Data/Images/Anomaly/056.JPG,1,defect,32x34,5,7,0.013192584472043174,0.0,0.0033294111490249634,0.012287814170122147,0.016791224479675293,0.03410034738481044,0.0,0.039819005876779556
DUP_G,106,cashew/Data/Images/Anomaly/056.JPG,1,clean_defect,32x34,5,2,0.00974223017692566,0.0069671630859375,0.008200526237487793,0.00974223017692566,0.011283934116363525,0.012517297267913818,0.006658822298049927,0.012825638055801392
DUP_G,106,cashew/Data/Images/Anomaly/056.JPG,1,boundary,32x34,5,5,0.014572726190090179,0.0,0.0,0.012287814170122147,0.020756810903549194,0.03600656688213348,0.0,0.039819005876779556
DUP_G,107,cashew/Data/Images/Anomaly/057.JPG,1,abnormal_normal,32x34,2,1086,0.007996832251267483,0.0002581179141998291,0.0021706828847527504,0.005284102633595467,0.011543883010745049,0.025024866219609976,0.0,0.06515631824731827
DUP_G,107,cashew/Data/Images/Anomaly/057.JPG,1,defect,32x34,2,2,0.026340536773204803,0.018625303357839584,0.022054295986890793,0.026340536773204803,0.030626777559518814,0.03405577018857002,0.017768055200576782,0.034913018345832825
DUP_G,107,cashew/Data/Images/Anomaly/057.JPG,1,clean_defect,32x34,2,0,,,,,,,,
DUP_G,107,cashew/Data/Images/Anomaly/057.JPG,1,boundary,32x34,2,2,0.026340536773204803,0.018625303357839584,0.022054295986890793,0.026340536773204803,0.030626777559518814,0.03405577018857002,0.017768055200576782,0.034913018345832825
DUP_G,108,cashew/Data/Images/Anomaly/058.JPG,1,abnormal_normal,32x34,5,1083,0.008052456119146786,0.00017284974455833435,0.0022118398919701576,0.005135137587785721,0.011029478162527084,0.02770770080387591,0.0,0.08198055624961853
DUP_G,108,cashew/Data/Images/Anomaly/058.JPG,1,defect,32x34,5,5,0.014438509941101074,0.0034674406051635742,0.010590434074401855,0.013638932257890701,0.017303187400102615,0.026639280468225477,0.001686692237854004,0.028973303735256195
DUP_G,108,cashew/Data/Images/Anomaly/058.JPG,1,clean_defect,32x34,5,0,,,,,,,,
DUP_G,108,cashew/Data/Images/Anomaly/058.JPG,1,boundary,32x34,5,5,0.014438509941101074,0.0034674406051635742,0.010590434074401855,0.013638932257890701,0.017303187400102615,0.026639280468225477,0.001686692237854004,0.028973303735256195
DUP_G,109,cashew/Data/Images/Anomaly/059.JPG,1,abnormal_normal,32x34,2,1085,0.007495602577375377,0.0002296373248100281,0.0020639486610889435,0.005041956901550293,0.010083362460136414,0.02378600239753723,0.0,0.047696903347969055
DUP_G,109,cashew/Data/Images/Anomaly/059.JPG,1,defect,32x34,2,3,0.033449615041414894,0.014290891587734222,0.024726860225200653,0.03777182102203369,0.04433347284793854,0.049582794308662415,0.011681899428367615,0.050895124673843384
DUP_G,109,cashew/Data/Images/Anomaly/059.JPG,1,clean_defect,32x34,2,1,0.03777182102203369,0.03777182102203369,0.03777182102203369,0.03777182102203369,0.03777182102203369,0.03777182102203369,0.03777182102203369,0.03777182102203369
DUP_G,109,cashew/Data/Images/Anomaly/059.JPG,1,boundary,32x34,2,2,0.0312885120511055,0.013642560690641403,0.021485205739736557,0.0312885120511055,0.04109181836247444,0.048934463411569595,0.011681899428367615,0.050895124673843384
DUP_G,110,cashew/Data/Images/Anomaly/060.JPG,1,abnormal_normal,32x34,8,1079,0.0076542189500128045,0.00016908422112464912,0.0020796842873096466,0.005053043365478516,0.010708868503570557,0.023256058990955352,0.0,0.05752155929803848
DUP_G,110,cashew/Data/Images/Anomaly/060.JPG,1,defect,32x34,8,9,0.015148657684524855,0.0013435855507850647,0.011511743068695068,0.017883142456412315,0.020787060260772705,0.02395886480808258,0.0009070262312889099,0.0250939279794693
DUP_G,110,cashew/Data/Images/Anomaly/060.JPG,1,clean_defect,32x34,8,1,0.001998424530029297,0.001998424530029297,0.001998424530029297,0.001998424530029297,0.001998424530029297,0.001998424530029297,0.001998424530029297,0.001998424530029297
DUP_G,110,cashew/Data/Images/Anomaly/060.JPG,1,boundary,32x34,8,8,0.0167924368288368,0.004618677124381066,0.015913158655166626,0.018201584927737713,0.021154362708330154,0.024100747704505918,0.0009070262312889099,0.0250939279794693
DUP_G,111,cashew/Data/Images/Anomaly/061.JPG,1,abnormal_normal,32x34,6,1082,0.007216201613996309,0.00017242971807718277,0.0020340466871857643,0.004925427958369255,0.009887011721730232,0.021250584907829762,0.0,0.0571451410651207
DUP_G,111,cashew/Data/Images/Anomaly/061.JPG,1,defect,32x34,6,6,0.019507170965274174,0.007938049733638763,0.011637680232524872,0.01589299738407135,0.020574472844600677,0.03982762061059475,0.006893545389175415,0.046009279787540436
DUP_G,111,cashew/Data/Images/Anomaly/061.JPG,1,clean_defect,32x34,6,0,,,,,,,,
DUP_G,111,cashew/Data/Images/Anomaly/061.JPG,1,boundary,32x34,6,6,0.019507170965274174,0.007938049733638763,0.011637680232524872,0.01589299738407135,0.020574472844600677,0.03982762061059475,0.006893545389175415,0.046009279787540436
DUP_G,112,cashew/Data/Images/Anomaly/062.JPG,1,abnormal_normal,32x34,3,1085,0.006991124901628714,6.554573774337771e-05,0.0018735527992248535,0.0046054907143116,0.009412720799446106,0.022594830393791194,0.0,0.058456700295209885
DUP_G,112,cashew/Data/Images/Anomaly/062.JPG,1,defect,32x34,3,3,0.017137999335924785,0.003244788944721222,0.004007674753665924,0.004961282014846802,0.024179965257644653,0.03955491185188293,0.0030540674924850464,0.043398648500442505
DUP_G,112,cashew/Data/Images/Anomaly/062.JPG,1,clean_defect,32x34,3,0,,,,,,,,
DUP_G,112,cashew/Data/Images/Anomaly/062.JPG,1,boundary,32x34,3,3,0.017137999335924785,0.003244788944721222,0.004007674753665924,0.004961282014846802,0.024179965257644653,0.03955491185188293,0.0030540674924850464,0.043398648500442505
DUP_G,113,cashew/Data/Images/Anomaly/063.JPG,1,abnormal_normal,32x34,1,1087,0.007446277228191756,9.198561310768129e-05,0.0019717011600732803,0.004735013470053673,0.00985468365252018,0.02291090376675129,0.0,0.07626065611839294
DUP_G,113,cashew/Data/Images/Anomaly/063.JPG,1,defect,32x34,1,1,0.011263370513916016,0.011263370513916016,0.011263370513916016,0.011263370513916016,0.011263370513916016,0.011263370513916016,0.011263370513916016,0.011263370513916016
DUP_G,113,cashew/Data/Images/Anomaly/063.JPG,1,clean_defect,32x34,1,0,,,,,,,,
DUP_G,113,cashew/Data/Images/Anomaly/063.JPG,1,boundary,32x34,1,1,0.011263370513916016,0.011263370513916016,0.011263370513916016,0.011263370513916016,0.011263370513916016,0.011263370513916016,0.011263370513916016,0.011263370513916016
DUP_G,114,cashew/Data/Images/Anomaly/064.JPG,1,abnormal_normal,32x34,4,1084,0.00776043574659092,0.00019989795982837676,0.0020762979984283447,0.004903493449091911,0.010212874040007591,0.02490841895341873,0.0,0.07842699438333511
DUP_G,114,cashew/Data/Images/Anomaly/064.JPG,1,defect,32x34,4,4,0.018726205453276634,0.008943501859903336,0.009123165160417557,0.01008046418428421,0.019683504477143288,0.040612946823239314,0.00889858603477478,0.045845307409763336
DUP_G,114,cashew/Data/Images/Anomaly/064.JPG,1,clean_defect,32x34,4,0,,,,,,,,
DUP_G,114,cashew/Data/Images/Anomaly/064.JPG,1,boundary,32x34,4,4,0.018726205453276634,0.008943501859903336,0.009123165160417557,0.01008046418428421,0.019683504477143288,0.040612946823239314,0.00889858603477478,0.045845307409763336
DUP_G,115,cashew/Data/Images/Anomaly/065.JPG,1,abnormal_normal,32x34,5,1083,0.007022286086779222,0.0,0.0016254587098956108,0.0043922848999500275,0.009556690230965614,0.02343109697103496,0.0,0.053680337965488434
DUP_G,115,cashew/Data/Images/Anomaly/065.JPG,1,defect,32x34,5,5,0.025625035166740417,0.013651007413864135,0.016478508710861206,0.019730031490325928,0.038016900420188904,0.040367862582206725,0.012944132089614868,0.04095560312271118
DUP_G,115,cashew/Data/Images/Anomaly/065.JPG,1,clean_defect,32x34,5,0,,,,,,,,
DUP_G,115,cashew/Data/Images/Anomaly/065.JPG,1,boundary,32x34,5,5,0.025625035166740417,0.013651007413864135,0.016478508710861206,0.019730031490325928,0.038016900420188904,0.040367862582206725,0.012944132089614868,0.04095560312271118
DUP_G,116,cashew/Data/Images/Anomaly/066.JPG,1,abnormal_normal,32x34,3,1085,0.00801556947456527,0.0002784676849842072,0.0022584199905395508,0.005509614944458008,0.01090286672115326,0.02456208318471908,0.0,0.057445794343948364
DUP_G,116,cashew/Data/Images/Anomaly/066.JPG,1,defect,32x34,3,3,0.006222888827323914,0.0013815850019454957,0.0020460933446884155,0.0028767287731170654,0.008726604282855988,0.013406504690647124,0.0012154579162597656,0.01457647979259491
DUP_G,116,cashew/Data/Images/Anomaly/066.JPG,1,clean_defect,32x34,3,0,,,,,,,,
DUP_G,116,cashew/Data/Images/Anomaly/066.JPG,1,boundary,32x34,3,3,0.006222888827323914,0.0013815850019454957,0.0020460933446884155,0.0028767287731170654,0.008726604282855988,0.013406504690647124,0.0012154579162597656,0.01457647979259491
DUP_G,117,cashew/Data/Images/Anomaly/067.JPG,1,abnormal_normal,32x34,2,1086,0.00790613492552884,0.00010983366519212723,0.0018800152465701103,0.005024343729019165,0.010516095906496048,0.024729494005441666,0.0,0.07097471505403519
DUP_G,117,cashew/Data/Images/Anomaly/067.JPG,1,defect,32x34,2,2,0.009195029735565186,0.008180423825979232,0.008631359785795212,0.009195029735565186,0.00975869968533516,0.010209635645151139,0.008067689836025238,0.010322369635105133
DUP_G,117,cashew/Data/Images/Anomaly/067.JPG,1,clean_defect,32x34,2,0,,,,,,,,
DUP_G,117,cashew/Data/Images/Anomaly/067.JPG,1,boundary,32x34,2,2,0.009195029735565186,0.008180423825979232,0.008631359785795212,0.009195029735565186,0.00975869968533516,0.010209635645151139,0.008067689836025238,0.010322369635105133
DUP_G,118,cashew/Data/Images/Anomaly/068.JPG,1,abnormal_normal,32x34,6,1082,0.007917782085191961,0.00027514360845088965,0.002175946719944477,0.005066860467195511,0.010405695997178555,0.026807757653296013,0.0,0.05943882465362549
DUP_G,118,cashew/Data/Images/Anomaly/068.JPG,1,defect,32x34,6,6,0.022284733752409618,0.010349713265895844,0.01943068578839302,0.025088779628276825,0.02674885094165802,0.02987498790025711,0.00786280632019043,0.030821174383163452
DUP_G,118,cashew/Data/Images/Anomaly/068.JPG,1,clean_defect,32x34,6,0,,,,,,,,
DUP_G,118,cashew/Data/Images/Anomaly/068.JPG,1,boundary,32x34,6,6,0.022284733752409618,0.010349713265895844,0.01943068578839302,0.025088779628276825,0.02674885094165802,0.02987498790025711,0.00786280632019043,0.030821174383163452
DUP_G,119,cashew/Data/Images/Anomaly/069.JPG,1,abnormal_normal,32x34,4,1084,0.007147945244573194,0.0001132316887378693,0.0017582466825842857,0.004569944925606251,0.009973015636205673,0.022843210399150847,0.0,0.05801882594823837
DUP_G,119,cashew/Data/Images/Anomaly/069.JPG,1,defect,32x34,4,4,0.022261928766965866,0.0030554294586181644,0.011996269226074219,0.017335861921310425,0.027601521462202072,0.048364921659231175,0.0008202195167541504,0.053555771708488464
DUP_G,119,cashew/Data/Images/Anomaly/069.JPG,1,clean_defect,32x34,4,0,,,,,,,,
DUP_G,119,cashew/Data/Images/Anomaly/069.JPG,1,boundary,32x34,4,4,0.022261928766965866,0.0030554294586181644,0.011996269226074219,0.017335861921310425,0.027601521462202072,0.048364921659231175,0.0008202195167541504,0.053555771708488464
DUP_G,120,cashew/Data/Images/Anomaly/070.JPG,1,abnormal_normal,32x34,2,1086,0.007874574923877558,0.0003303438425064087,0.002016250044107437,0.005155833438038826,0.010600611567497253,0.02487144060432911,0.0,0.06290888786315918
DUP_G,120,cashew/Data/Images/Anomaly/070.JPG,1,defect,32x34,2,2,0.01922653242945671,0.018748411908745766,0.01896090991795063,0.01922653242945671,0.01949215494096279,0.019704652950167656,0.01869528740644455,0.019757777452468872
DUP_G,120,cashew/Data/Images/Anomaly/070.JPG,1,clean_defect,32x34,2,0,,,,,,,,
DUP_G,120,cashew/Data/Images/Anomaly/070.JPG,1,boundary,32x34,2,2,0.01922653242945671,0.018748411908745766,0.01896090991795063,0.01922653242945671,0.01949215494096279,0.019704652950167656,0.01869528740644455,0.019757777452468872
DUP_G,121,cashew/Data/Images/Anomaly/071.JPG,1,abnormal_normal,32x34,3,1085,0.007475350506191704,0.0002838850021362305,0.0019712038338184357,0.004923783242702484,0.010081212967634201,0.023324763774871814,0.0,0.06428691744804382
DUP_G,121,cashew/Data/Images/Anomaly/071.JPG,1,defect,32x34,3,3,0.01833247145016988,0.011093668639659882,0.014130137860774994,0.017925724387168884,0.02233143150806427,0.025855997204780577,0.010334551334381104,0.026737138628959656
DUP_G,121,cashew/Data/Images/Anomaly/071.JPG,1,clean_defect,32x34,3,0,,,,,,,,
DUP_G,121,cashew/Data/Images/Anomaly/071.JPG,1,boundary,32x34,3,3,0.01833247145016988,0.011093668639659882,0.014130137860774994,0.017925724387168884,0.02233143150806427,0.025855997204780577,0.010334551334381104,0.026737138628959656
DUP_G,122,cashew/Data/Images/Anomaly/072.JPG,1,abnormal_normal,32x34,4,1084,0.007623094451919583,0.00034095849841833133,0.002247191034257412,0.005333254113793373,0.010339731350541115,0.023463693633675568,0.0,0.04503515362739563
DUP_G,122,cashew/Data/Images/Anomaly/072.JPG,1,defect,32x34,4,4,0.01735200732946396,0.00813227891921997,0.015912115573883057,0.020325884222984314,0.021765775978565216,0.022408308088779447,0.006187319755554199,0.022568941116333008
DUP_G,122,cashew/Data/Images/Anomaly/072.JPG,1,clean_defect,32x34,4,0,,,,,,,,
DUP_G,122,cashew/Data/Images/Anomaly/072.JPG,1,boundary,32x34,4,4,0.01735200732946396,0.00813227891921997,0.015912115573883057,0.020325884222984314,0.021765775978565216,0.022408308088779447,0.006187319755554199,0.022568941116333008
DUP_G,123,cashew/Data/Images/Anomaly/073.JPG,1,abnormal_normal,32x34,2,1086,0.0075548659125943265,0.00015712343156337738,0.001986933872103691,0.00490846112370491,0.009872328024357557,0.02503506001085043,0.0,0.04850371554493904
DUP_G,123,cashew/Data/Images/Anomaly/073.JPG,1,defect,32x34,2,2,0.00810050219297409,0.005130190402269363,0.006450328975915909,0.00810050219297409,0.009750675410032272,0.011070813983678818,0.004800155758857727,0.011400848627090454
DUP_G,123,cashew/Data/Images/Anomaly/073.JPG,1,clean_defect,32x34,2,0,,,,,,,,
DUP_G,123,cashew/Data/Images/Anomaly/073.JPG,1,boundary,32x34,2,2,0.00810050219297409,0.005130190402269363,0.006450328975915909,0.00810050219297409,0.009750675410032272,0.011070813983678818,0.004800155758857727,0.011400848627090454
DUP_G,124,cashew/Data/Images/Anomaly/074.JPG,1,abnormal_normal,32x34,4,1084,0.00753276828999504,0.0001354485750198365,0.0019981423392891884,0.0046897344291210175,0.009728753007948399,0.02530554570257663,0.0,0.07448041439056396
DUP_G,124,cashew/Data/Images/Anomaly/074.JPG,1,defect,32x34,4,4,0.023518670350313187,0.0017864227294921878,0.008932113647460938,0.018538326025009155,0.033124882727861404,0.05222340002655982,0.0,0.056998029351234436
DUP_G,124,cashew/Data/Images/Anomaly/074.JPG,1,clean_defect,32x34,4,0,,,,,,,,
DUP_G,124,cashew/Data/Images/Anomaly/074.JPG,1,boundary,32x34,4,4,0.023518670350313187,0.0017864227294921878,0.008932113647460938,0.018538326025009155,0.033124882727861404,0.05222340002655982,0.0,0.056998029351234436
DUP_G,125,cashew/Data/Images/Anomaly/075.JPG,1,abnormal_normal,32x34,5,1083,0.007863690926145594,0.00027654767036437987,0.0021782033145427704,0.005238611251115799,0.011095387861132622,0.02362876944243906,0.0,0.06257334351539612
DUP_G,125,cashew/Data/Images/Anomaly/075.JPG,1,defect,32x34,5,5,0.0028766512870788572,0.0,0.0,0.0038511157035827637,0.005240082740783691,0.005281662940979004,0.0,0.005292057991027832
DUP_G,125,cashew/Data/Images/Anomaly/075.JPG,1,clean_defect,32x34,5,0,,,,,,,,
DUP_G,125,cashew/Data/Images/Anomaly/075.JPG,1,boundary,32x34,5,5,0.0028766512870788572,0.0,0.0,0.0038511157035827637,0.005240082740783691,0.005281662940979004,0.0,0.005292057991027832
DUP_G,126,cashew/Data/Images/Anomaly/076.JPG,1,abnormal_normal,32x34,5,1083,0.007696184051925676,0.0002806156873703003,0.001981457695364952,0.004988029599189758,0.010378183797001839,0.024878335371613425,0.0,0.05805778503417969
DUP_G,126,cashew/Data/Images/Anomaly/076.JPG,1,defect,32x34,5,5,0.010157209634780884,0.0012017309665679932,0.0019131004810333252,0.002110391855239868,0.015441298484802246,0.0273261547088623,0.0010238885879516602,0.03029736876487732
DUP_G,126,cashew/Data/Images/Anomaly/076.JPG,1,clean_defect,32x34,5,0,,,,,,,,
DUP_G,126,cashew/Data/Images/Anomaly/076.JPG,1,boundary,32x34,5,5,0.010157209634780884,0.0012017309665679932,0.0019131004810333252,0.002110391855239868,0.015441298484802246,0.0273261547088623,0.0010238885879516602,0.03029736876487732
DUP_G,127,cashew/Data/Images/Anomaly/077.JPG,1,abnormal_normal,32x34,6,1082,0.008068592421015012,0.0002494100481271744,0.0022009583190083504,0.0053858570754528046,0.0112797892652452,0.025276140123605736,0.0,0.05723357945680618
DUP_G,127,cashew/Data/Images/Anomaly/077.JPG,1,defect,32x34,6,6,0.012459124128023783,0.0026286691427230835,0.004503529518842697,0.005696617066860199,0.02134440839290619,0.02955937758088112,0.002114534378051758,0.030580803751945496
DUP_G,127,cashew/Data/Images/Anomaly/077.JPG,1,clean_defect,32x34,6,0,,,,,,,,
DUP_G,127,cashew/Data/Images/Anomaly/077.JPG,1,boundary,32x34,6,6,0.012459124128023783,0.0026286691427230835,0.004503529518842697,0.005696617066860199,0.02134440839290619,0.02955937758088112,0.002114534378051758,0.030580803751945496
DUP_G,128,cashew/Data/Images/Anomaly/078.JPG,1,abnormal_normal,32x34,3,1085,0.007659805865640739,0.00027189850807189946,0.002130255103111267,0.005013704299926758,0.01045168936252594,0.023679354786872844,0.0,0.07419951260089874
DUP_G,128,cashew/Data/Images/Anomaly/078.JPG,1,defect,32x34,3,3,0.024107714494069416,0.019133445620536805,0.021525368094444275,0.024515271186828613,0.026893839240074158,0.028796693682670592,0.018535465002059937,0.029272407293319702
DUP_G,128,cashew/Data/Images/Anomaly/078.JPG,1,clean_defect,32x34,3,0,,,,,,,,
DUP_G,128,cashew/Data/Images/Anomaly/078.JPG,1,boundary,32x34,3,3,0.024107714494069416,0.019133445620536805,0.021525368094444275,0.024515271186828613,0.026893839240074158,0.028796693682670592,0.018535465002059937,0.029272407293319702
DUP_G,129,cashew/Data/Images/Anomaly/079.JPG,1,abnormal_normal,32x34,11,1077,0.007459993892718546,4.400424659252167e-05,0.0020040273666381836,0.004827678203582764,0.010150335729122162,0.024133904278278332,0.0,0.06418602168560028
DUP_G,129,cashew/Data/Images/Anomaly/079.JPG,1,defect,32x34,11,11,0.018381278623234142,0.007725328207015991,0.014807567000389099,0.01715189218521118,0.024453192949295044,0.02547210454940796,0.0021529197692871094,0.026220977306365967
DUP_G,129,cashew/Data/Images/Anomaly/079.JPG,1,clean_defect,32x34,11,0,,,,,,,,
DUP_G,129,cashew/Data/Images/Anomaly/079.JPG,1,boundary,32x34,11,11,0.018381278623234142,0.007725328207015991,0.014807567000389099,0.01715189218521118,0.024453192949295044,0.02547210454940796,0.0021529197692871094,0.026220977306365967
DUP_G,130,cashew/Data/Images/Anomaly/080.JPG,1,abnormal_normal,32x34,6,1081,0.007968075191352265,0.00033138692378997803,0.0022449716925621033,0.005188744515180588,0.010520309209823608,0.0246635302901268,0.0,0.06343577802181244
DUP_G,130,cashew/Data/Images/Anomaly/080.JPG,1,defect,32x34,6,7,0.031400591135025024,0.02362210154533386,0.024096623063087463,0.0315803587436676,0.03542463481426239,0.04266263544559478,0.02344110608100891,0.04574015736579895
DUP_G,130,cashew/Data/Images/Anomaly/080.JPG,1,clean_defect,32x34,6,1,0.03536751866340637,0.03536751866340637,0.03536751866340637,0.03536751866340637,0.03536751866340637,0.03536751866340637,0.03536751866340637,0.03536751866340637
DUP_G,130,cashew/Data/Images/Anomaly/080.JPG,1,boundary,32x34,6,6,0.030739436546961468,0.023591935634613037,0.02407052367925644,0.027864590287208557,0.03450640290975571,0.043175555765628815,0.02344110608100891,0.04574015736579895
DUP_G,131,cashew/Data/Images/Anomaly/081.JPG,1,abnormal_normal,32x34,9,1079,0.007591711999408286,0.0002433061599731446,0.002052992582321167,0.0051648616790771484,0.00999477505683899,0.024074232205748537,0.0,0.06273169815540314
DUP_G,131,cashew/Data/Images/Anomaly/081.JPG,1,defect,32x34,9,9,0.01738507135046853,0.0009102165699005128,0.006788760423660278,0.01174589991569519,0.031008541584014893,0.04003941416740417,0.0,0.0431690514087677
DUP_G,131,cashew/Data/Images/Anomaly/081.JPG,1,clean_defect,32x34,9,0,,,,,,,,
DUP_G,131,cashew/Data/Images/Anomaly/081.JPG,1,boundary,32x34,9,9,0.01738507135046853,0.0009102165699005128,0.006788760423660278,0.01174589991569519,0.031008541584014893,0.04003941416740417,0.0,0.0431690514087677
DUP_G,132,cashew/Data/Images/Anomaly/082.JPG,1,abnormal_normal,32x34,7,1080,0.008192141007425057,0.00013572257012128833,0.0020979521796107292,0.005234222859144211,0.011228054761886597,0.026020911335945127,0.0,0.07046278566122055
DUP_G,132,cashew/Data/Images/Anomaly/082.JPG,1,defect,32x34,7,8,0.02224746346473694,0.0025445476174354555,0.0130520761013031,0.021487340331077576,0.03033941239118576,0.043614733219146724,0.0008782148361206055,0.04436725378036499
DUP_G,132,cashew/Data/Images/Anomaly/082.JPG,1,clean_defect,32x34,7,1,0.04436725378036499,0.04436725378036499,0.04436725378036499,0.04436725378036499,0.04436725378036499,0.04436725378036499,0.04436725378036499,0.04436725378036499
DUP_G,132,cashew/Data/Images/Anomaly/082.JPG,1,boundary,32x34,7,7,0.019087493419647217,0.00230650007724762,0.010581105947494507,0.01702144742012024,0.02616669237613678,0.03746608197689055,0.0008782148361206055,0.0422171950340271
DUP_G,133,cashew/Data/Images/Anomaly/083.JPG,1,abnormal_normal,32x34,12,1075,0.00772069814073485,0.00024513285607099535,0.0021126065403223038,0.004955809563398361,0.010619206354022026,0.023477052897214887,0.0,0.07179872691631317
DUP_G,133,cashew/Data/Images/Anomaly/083.JPG,1,defect,32x34,12,13,0.01294499349135619,0.001880532503128052,0.005481556057929993,0.012085407972335815,0.01514694094657898,0.03032889664173125,0.0,0.035472363233566284
DUP_G,133,cashew/Data/Images/Anomaly/083.JPG,1,clean_defect,32x34,12,1,0.01514694094657898,0.01514694094657898,0.01514694094657898,0.01514694094657898,0.01514694094657898,0.01514694094657898,0.01514694094657898,0.01514694094657898
DUP_G,133,cashew/Data/Images/Anomaly/083.JPG,1,boundary,32x34,12,12,0.012761497870087624,0.0017238214612007143,0.005357768386602402,0.010283466428518295,0.01689043641090393,0.03075751885771751,0.0,0.035472363233566284
DUP_G,134,cashew/Data/Images/Anomaly/084.JPG,1,abnormal_normal,32x34,13,1075,0.007576245773843555,0.00020497478544712075,0.0021200180053710938,0.004990339279174805,0.010268447920680046,0.022727616503834692,0.0,0.06258057057857513
DUP_G,134,cashew/Data/Images/Anomaly/084.JPG,1,defect,32x34,13,13,0.011697990676531425,0.002157604694366455,0.007883511483669281,0.008967041969299316,0.01449546217918396,0.02243892103433609,0.0018048584461212158,0.023181557655334473
DUP_G,134,cashew/Data/Images/Anomaly/084.JPG,1,clean_defect,32x34,13,0,,,,,,,,
DUP_G,134,cashew/Data/Images/Anomaly/084.JPG,1,boundary,32x34,13,13,0.011697990676531425,0.002157604694366455,0.007883511483669281,0.008967041969299316,0.01449546217918396,0.02243892103433609,0.0018048584461212158,0.023181557655334473
DUP_G,135,cashew/Data/Images/Anomaly/085.JPG,1,abnormal_normal,32x34,11,1077,0.007615556766624072,0.00013056695461273208,0.002284727990627289,0.00483538955450058,0.010290507227182388,0.024150200188159943,0.0,0.06500313431024551
DUP_G,135,cashew/Data/Images/Anomaly/085.JPG,1,defect,32x34,11,11,0.01837197555737062,0.007175762206315994,0.01591896265745163,0.019666224718093872,0.02230481058359146,0.026912018656730652,0.002897895872592926,0.026962891221046448
DUP_G,135,cashew/Data/Images/Anomaly/085.JPG,1,clean_defect,32x34,11,0,,,,,,,,
DUP_G,135,cashew/Data/Images/Anomaly/085.JPG,1,boundary,32x34,11,11,0.01837197555737062,0.007175762206315994,0.01591896265745163,0.019666224718093872,0.02230481058359146,0.026912018656730652,0.002897895872592926,0.026962891221046448
DUP_G,136,cashew/Data/Images/Anomaly/086.JPG,1,abnormal_normal,32x34,9,1078,0.0074222624338195695,0.00011184383183717728,0.00209910050034523,0.004966059699654579,0.010158797726035118,0.022848482802510256,0.0,0.059658050537109375
DUP_G,136,cashew/Data/Images/Anomaly/086.JPG,1,defect,32x34,9,10,0.00973573923110962,0.0007685333490371704,0.0033618174493312836,0.006285473704338074,0.014414440840482712,0.024109344184398637,3.9696693420410156e-05,0.0300900936126709
DUP_G,136,cashew/Data/Images/Anomaly/086.JPG,1,clean_defect,32x34,9,1,0.013715669512748718,0.013715669512748718,0.013715669512748718,0.013715669512748718,0.013715669512748718,0.013715669512748718,0.013715669512748718,0.013715669512748718
DUP_G,136,cashew/Data/Images/Anomaly/086.JPG,1,boundary,32x34,9,9,0.009293524755371941,0.000687551498413086,0.00280626118183136,0.005649566650390625,0.014647364616394043,0.024773871898651118,3.9696693420410156e-05,0.0300900936126709
DUP_G,137,cashew/Data/Images/Anomaly/087.JPG,1,abnormal_normal,32x34,11,1077,0.0072860126171741865,0.00022267811000347144,0.0021039843559265137,0.004836041480302811,0.010022182017564774,0.02187172546982765,0.0,0.06144396960735321
DUP_G,137,cashew/Data/Images/Anomaly/087.JPG,1,defect,32x34,11,11,0.009762989526445215,0.0025271400809288025,0.005246452987194061,0.010370731353759766,0.013257093727588654,0.018713712692260742,0.002391144633293152,0.021363258361816406
DUP_G,137,cashew/Data/Images/Anomaly/087.JPG,1,clean_defect,32x34,11,0,,,,,,,,
DUP_G,137,cashew/Data/Images/Anomaly/087.JPG,1,boundary,32x34,11,11,0.009762989526445215,0.0025271400809288025,0.005246452987194061,0.010370731353759766,0.013257093727588654,0.018713712692260742,0.002391144633293152,0.021363258361816406
DUP_G,138,cashew/Data/Images/Anomaly/088.JPG,1,abnormal_normal,32x34,7,1079,0.007683769165364761,0.00027516260743141183,0.0021774061024188995,0.004928924143314362,0.010030478239059448,0.024687080830335613,0.0,0.06965852528810501
DUP_G,138,cashew/Data/Images/Anomaly/088.JPG,1,defect,32x34,7,9,0.017948924667305417,0.0013446182012557984,0.004637360572814941,0.02260729670524597,0.025452852249145508,0.03998324275016784,0.0008097440004348755,0.045423656702041626
DUP_G,138,cashew/Data/Images/Anomaly/088.JPG,1,clean_defect,32x34,7,2,0.0340154767036438,0.023748114705085754,0.028311386704444885,0.0340154767036438,0.03971956670284271,0.04428283870220184,0.02260729670524597,0.045423656702041626
DUP_G,138,cashew/Data/Images/Anomaly/088.JPG,1,boundary,32x34,7,7,0.013358481228351593,0.0012108996510505677,0.003392145037651062,0.005673915147781372,0.0242093987762928,0.02991169095039367,0.0008097440004348755,0.03182262182235718
DUP_G,139,cashew/Data/Images/Anomaly/089.JPG,1,abnormal_normal,32x34,13,1073,0.007699850887643436,0.00018145740032196047,0.0020263604819774628,0.004721621051430702,0.010703522711992264,0.02393626794219016,0.0,0.0654996857047081
DUP_G,139,cashew/Data/Images/Anomaly/089.JPG,1,defect,32x34,13,15,0.017448651293913525,0.0014035921543836594,0.007880106568336487,0.02067079395055771,0.022709161043167114,0.03152475506067275,0.00122079998254776,0.03770965337753296
DUP_G,139,cashew/Data/Images/Anomaly/089.JPG,1,clean_defect,32x34,13,2,0.02399694174528122,0.019607513397932052,0.02155837044119835,0.02399694174528122,0.02643551304936409,0.028386370092630387,0.01911979913711548,0.02887408435344696
DUP_G,139,cashew/Data/Images/Anomaly/089.JPG,1,boundary,32x34,13,13,0.01644122199370311,0.001377478986978531,0.006010532379150391,0.02067079395055771,0.02268362045288086,0.03077013269066809,0.00122079998254776,0.03770965337753296
DUP_G,140,cashew/Data/Images/Anomaly/090.JPG,1,abnormal_normal,32x34,10,1076,0.0076308199152572,0.0,0.0018470007926225662,0.005055360496044159,0.010276234708726406,0.023952358402311802,0.0,0.07219124585390091
DUP_G,140,cashew/Data/Images/Anomaly/090.JPG,1,defect,32x34,10,12,0.014422841059664885,0.0,0.004187976010143757,0.0118844173848629,0.026236239820718765,0.031232878565788266,0.0,0.03417085111141205
DUP_G,140,cashew/Data/Images/Anomaly/090.JPG,1,clean_defect,32x34,10,2,0.02491959184408188,0.016593458503484725,0.020293962210416794,0.02491959184408188,0.029545221477746964,0.03324572518467903,0.01566833257675171,0.03417085111141205
DUP_G,140,cashew/Data/Images/Anomaly/090.JPG,1,boundary,32x34,10,10,0.012323490902781486,0.0,0.0025279363617300987,0.01048533245921135,0.02237696573138237,0.028593162447214125,0.0,0.02882908284664154
DUP_G,141,cashew/Data/Images/Anomaly/091.JPG,1,abnormal_normal,32x34,5,1083,0.007625962725375277,0.00023968070745468143,0.0020746998488903046,0.00469086691737175,0.01009441539645195,0.025368502363562577,0.0,0.0643281638622284
DUP_G,141,cashew/Data/Images/Anomaly/091.JPG,1,defect,32x34,5,5,0.030001962184906007,0.0230025589466095,0.024620920419692993,0.029886901378631592,0.03008672595024109,0.0402711808681488,0.022597968578338623,0.04281729459762573
DUP_G,141,cashew/Data/Images/Anomaly/091.JPG,1,clean_defect,32x34,5,0,,,,,,,,
DUP_G,141,cashew/Data/Images/Anomaly/091.JPG,1,boundary,32x34,5,5,0.030001962184906007,0.0230025589466095,0.024620920419692993,0.029886901378631592,0.03008672595024109,0.0402711808681488,0.022597968578338623,0.04281729459762573
DUP_G,142,cashew/Data/Images/Anomaly/092.JPG,1,abnormal_normal,32x34,20,1066,0.007392998519187573,0.0002385573461651802,0.0020186323672533035,0.005051653832197189,0.009730998426675797,0.02413028571754694,0.0,0.06006117910146713
DUP_G,142,cashew/Data/Images/Anomaly/092.JPG,1,defect,32x34,20,22,0.015187959271398458,0.00012354440987110142,0.004672454670071602,0.012400232255458832,0.024433843791484833,0.03629771918058396,0.0,0.039677828550338745
DUP_G,142,cashew/Data/Images/Anomaly/092.JPG,1,clean_defect,32x34,20,2,0.023981139063835144,0.009854118525981902,0.016132794320583344,0.023981139063835144,0.031829483807086945,0.03810815960168838,0.008284449577331543,0.039677828550338745
DUP_G,142,cashew/Data/Images/Anomaly/092.JPG,1,boundary,32x34,20,20,0.014308641292154789,6.0984492301940923e-05,0.003966324031352997,0.01180550828576088,0.021444477140903473,0.03569226413965225,0.0,0.036331355571746826
DUP_G,143,cashew/Data/Images/Anomaly/093.JPG,1,abnormal_normal,32x34,7,1080,0.007508165036604084,9.613335132598883e-05,0.0019534658640623093,0.004789851605892181,0.010161560960114002,0.024150528945028775,0.0,0.06360697746276855
DUP_G,143,cashew/Data/Images/Anomaly/093.JPG,1,defect,32x34,7,8,0.013883691281080246,0.0012377711012959481,0.00625181570649147,0.016297489404678345,0.019514061510562897,0.025650368630886072,0.001084648072719574,0.02871626615524292
DUP_G,143,cashew/Data/Images/Anomaly/093.JPG,1,clean_defect,32x34,7,1,0.019366562366485596,0.019366562366485596,0.019366562366485596,0.019366562366485596,0.019366562366485596,0.019366562366485596,0.019366562366485596,0.019366562366485596
DUP_G,143,cashew/Data/Images/Anomaly/093.JPG,1,boundary,32x34,7,7,0.013100423983165197,0.0012158963829278946,0.0046752579510211945,0.01566225290298462,0.018444642424583435,0.026088353991508478,0.001084648072719574,0.02871626615524292
DUP_G,144,cashew/Data/Images/Anomaly/094.JPG,1,abnormal_normal,32x34,52,690,0.0072844144226848215,0.0005488704890012742,0.0021618418395519257,0.004945188760757446,0.010499242693185806,0.02182614170014856,0.0,0.04318792372941971
DUP_G,144,cashew/Data/Images/Anomaly/094.JPG,1,defect,32x34,52,398,0.015949158625087546,0.0006706163287162781,0.0061441101133823395,0.013258755207061768,0.022613070905208588,0.04163771271705627,0.0,0.06869861483573914
DUP_G,144,cashew/Data/Images/Anomaly/094.JPG,1,clean_defect,32x34,52,346,0.016288598471811053,0.0009407401084899902,0.006213821470737457,0.014018259942531586,0.023344464600086212,0.04114030301570892,0.0,0.06572841107845306
DUP_G,144,cashew/Data/Images/Anomaly/094.JPG,1,boundary,32x34,52,52,0.01369057810650422,0.0003019794821739198,0.00559525191783905,0.010379966348409653,0.0162070170044899,0.0448204219341278,0.0,0.06869861483573914
DUP_G,145,cashew/Data/Images/Anomaly/095.JPG,1,abnormal_normal,32x34,45,796,0.006221902473647166,0.0003281589597463608,0.0017949137836694717,0.004154212772846222,0.008488282561302185,0.01880502514541149,0.0,0.05034291744232178
DUP_G,145,cashew/Data/Images/Anomaly/095.JPG,1,defect,32x34,45,292,0.014990213441930404,0.0013677351176738738,0.006548326462507248,0.012882977724075317,0.020582616329193115,0.038911881670355794,0.0,0.06285187602043152
DUP_G,145,cashew/Data/Images/Anomaly/095.JPG,1,clean_defect,32x34,45,247,0.01583290558594924,0.0017967715859413147,0.007210008800029755,0.0136813223361969,0.021445170044898987,0.03895234391093254,0.0,0.06285187602043152
DUP_G,145,cashew/Data/Images/Anomaly/095.JPG,1,boundary,32x34,45,45,0.01036476989587148,0.0,0.0031739473342895508,0.006932258605957031,0.015141010284423828,0.02883741259574889,0.0,0.04516395926475525
DUP_G,146,cashew/Data/Images/Anomaly/096.JPG,1,abnormal_normal,32x34,43,803,0.007029015572038787,0.0007218122482299805,0.002308277413249016,0.004958987236022949,0.009087003767490387,0.021777142211794852,0.0,0.04429284483194351
DUP_G,146,cashew/Data/Images/Anomaly/096.JPG,1,defect,32x34,43,285,0.013001444452164466,0.00016890317201614382,0.005595356225967407,0.010185465216636658,0.018543556332588196,0.033285441994667056,0.0,0.05414356291294098
DUP_G,146,cashew/Data/Images/Anomaly/096.JPG,1,clean_defect,32x34,43,242,0.013391149068666884,0.00017228424549102798,0.005670096725225449,0.010634183883666992,0.018953535705804825,0.033327718079090116,0.0,0.05414356291294098
DUP_G,146,cashew/Data/Images/Anomaly/096.JPG,1,boundary,32x34,43,43,0.01080822312208109,0.00032401606440544137,0.004531733691692352,0.008212290704250336,0.012503571808338165,0.026024167239665982,0.0,0.04741537570953369
DUP_G,147,cashew/Data/Images/Anomaly/097.JPG,1,abnormal_normal,32x34,42,750,0.00755083417892456,0.0004236230626702309,0.002075010910630226,0.005011308938264847,0.010483747348189354,0.02247727662324905,0.0,0.061380475759506226
DUP_G,147,cashew/Data/Images/Anomaly/097.JPG,1,defect,32x34,42,338,0.015101238644334691,0.0008584946393966677,0.0053939856588840485,0.011542178690433502,0.02187604457139969,0.04247194230556488,0.0,0.0710190087556839
DUP_G,147,cashew/Data/Images/Anomaly/097.JPG,1,clean_defect,32x34,42,296,0.015594149008393288,0.0012838002294301987,0.0056375376880168915,0.012468874454498291,0.022084172815084457,0.04293321073055267,0.0,0.0710190087556839
DUP_G,147,cashew/Data/Images/Anomaly/097.JPG,1,boundary,32x34,42,42,0.01162739417382649,1.4005973935127332e-05,0.0044993069022893906,0.01004144549369812,0.01580118015408516,0.02629895806312561,0.0,0.05263763666152954
DUP_G,148,cashew/Data/Images/Anomaly/098.JPG,1,abnormal_normal,32x34,40,810,0.006929898882905642,0.0002544060349464417,0.0019390489906072617,0.004702409729361534,0.010267292149364948,0.01998812053352594,0.0,0.04917135089635849
DUP_G,148,cashew/Data/Images/Anomaly/098.JPG,1,defect,32x34,40,278,0.015156944959069328,0.0010117724537849428,0.006131574511528015,0.012669511139392853,0.019357051700353622,0.0394120443612337,0.0,0.09806989133358002
DUP_G,148,cashew/Data/Images/Anomaly/098.JPG,1,clean_defect,32x34,40,238,0.015921066006442077,0.0011680580675601962,0.00697425939142704,0.013226371258497238,0.020416701212525368,0.04064966961741444,0.0,0.09806989133358002
DUP_G,148,cashew/Data/Images/Anomaly/098.JPG,1,boundary,32x34,40,40,0.010610424727201462,0.00021670162677764896,0.003712959587574005,0.007095158100128174,0.01639539748430252,0.027975213527679437,0.0,0.03258223831653595
DUP_G,149,cashew/Data/Images/Anomaly/099.JPG,1,abnormal_normal,32x34,42,770,0.007149123349650339,0.00047091841697692875,0.002423487603664398,0.005154121667146683,0.009537204168736935,0.021474680677056303,0.0,0.05103592202067375
DUP_G,149,cashew/Data/Images/Anomaly/099.JPG,1,defect,32x34,42,318,0.013808205835052632,0.0008664570748806,0.005456790328025818,0.011641420423984528,0.019362352788448334,0.03425643146038055,0.0,0.08388912677764893
DUP_G,149,cashew/Data/Images/Anomaly/099.JPG,1,clean_defect,32x34,42,276,0.014043585134103247,0.0009125620126724243,0.005847835913300514,0.011832520365715027,0.019928567111492157,0.034267738461494446,0.0,0.08388912677764893
DUP_G,149,cashew/Data/Images/Anomaly/099.JPG,1,boundary,32x34,42,42,0.012261427584148589,0.00027130767703056354,0.0037025678902864456,0.009844429790973663,0.01700308918952942,0.03243394866585731,0.0,0.045469731092453
TRI_G,0,cashew/Data/Images/Normal/023.JPG,0,normal_image,32x34,0,1088,0.012388492994325455,0.0005127931013703346,0.004867604002356529,0.010093332268297672,0.016586205922067165,0.03165111951529977,0.0,0.09664305299520493
TRI_G,1,cashew/Data/Images/Normal/352.JPG,0,normal_image,32x34,0,1088,0.012524857881704947,0.0008404327556490899,0.005633019842207432,0.01056438684463501,0.01678164303302765,0.03102660868316885,0.0,0.07774797081947327
TRI_G,2,cashew/Data/Images/Normal/104.JPG,0,normal_image,32x34,0,1088,0.012289589687818936,0.0008806858211755753,0.005423511378467083,0.010191908106207848,0.01688392646610737,0.029865686781704422,0.0,0.08397606760263443
TRI_G,3,cashew/Data/Images/Normal/337.JPG,0,normal_image,32x34,0,1088,0.011984069823965375,0.0007903325371444225,0.005123399198055267,0.009583625942468643,0.016334217973053455,0.030738822370767586,0.0,0.08589259535074234
TRI_G,4,cashew/Data/Images/Normal/213.JPG,0,normal_image,32x34,0,1088,0.012517554747105083,0.0013597800396382808,0.005537356249988079,0.010020804591476917,0.016707761213183403,0.03343739733099936,0.0,0.05983037129044533
TRI_G,5,cashew/Data/Images/Normal/276.JPG,0,normal_image,32x34,0,1088,0.012196325942675364,0.000896408036351204,0.004879476502537727,0.009949238039553165,0.017124125733971596,0.03069676905870437,0.0,0.09027549624443054
TRI_G,6,cashew/Data/Images/Normal/402.JPG,0,normal_image,32x34,0,1088,0.012253249106887618,0.000844860076904297,0.005176506470888853,0.009815921075642109,0.016650748439133167,0.031021939776837815,0.0,0.0646190196275711
TRI_G,7,cashew/Data/Images/Normal/166.JPG,0,normal_image,32x34,0,1088,0.012372907360686976,0.0009929955005645752,0.005178765393793583,0.010439218953251839,0.01661478355526924,0.030563192069530475,0.0,0.11159487813711166
TRI_G,8,cashew/Data/Images/Normal/013.JPG,0,normal_image,32x34,0,1088,0.013210997129670646,0.0009321829304099083,0.005341915879398584,0.010939628817141056,0.017916468903422356,0.03336494080722331,0.0,0.10103559494018555
TRI_G,9,cashew/Data/Images/Normal/050.JPG,0,normal_image,32x34,0,1088,0.012509004902847879,0.0011310564354062081,0.005649251397699118,0.010284204967319965,0.017171338200569153,0.03138975165784356,0.0,0.07420994341373444
TRI_G,10,cashew/Data/Images/Normal/400.JPG,0,normal_image,32x34,0,1088,0.012598641616504584,0.0011562732979655266,0.005527446512132883,0.01049503730610013,0.017519492655992508,0.03072701226919887,0.0,0.0930967926979065
TRI_G,11,cashew/Data/Images/Normal/461.JPG,0,normal_image,32x34,0,1088,0.012329975433257298,0.0007602076977491379,0.00492422329261899,0.010126669891178608,0.016831524670124054,0.03207821100950241,0.0,0.0706130713224411
TRI_G,12,cashew/Data/Images/Normal/377.JPG,0,normal_image,32x34,0,1088,0.012086140808926704,0.0009832438081502914,0.0048608118668198586,0.009830029681324959,0.016476483549922705,0.030852632410824272,0.0,0.06679293513298035
TRI_G,13,cashew/Data/Images/Normal/006.JPG,0,normal_image,32x34,0,1088,0.01256645365142236,0.0008238455280661583,0.004999684635549784,0.010139458812773228,0.01748171541839838,0.030386238917708388,0.0,0.1267833560705185
TRI_G,14,cashew/Data/Images/Normal/148.JPG,0,normal_image,32x34,0,1088,0.012756568843649481,0.0009248976595699788,0.005225454457104206,0.010138076730072498,0.01808157842606306,0.0319076862186193,0.0,0.06680376082658768
TRI_G,15,cashew/Data/Images/Normal/384.JPG,0,normal_image,32x34,0,1088,0.01213381311048151,0.0008389048278331756,0.004897044971585274,0.00998607650399208,0.016557770781219006,0.030426332727074592,0.0,0.05306169018149376
TRI_G,16,cashew/Data/Images/Normal/228.JPG,0,normal_image,32x34,0,1088,0.012488199514764882,0.001144704408943653,0.005675214342772961,0.010073048993945122,0.01669284887611866,0.031550434976816165,0.0,0.1196914091706276
TRI_G,17,cashew/Data/Images/Normal/260.JPG,0,normal_image,32x34,0,1088,0.012369590515257134,0.0010098688304424287,0.005085655488073826,0.009888013824820518,0.017132398672401905,0.0301887928508222,0.0,0.07661116123199463
TRI_G,18,cashew/Data/Images/Normal/435.JPG,0,normal_image,32x34,0,1088,0.012193644891821724,0.0009490329772233963,0.005735096056014299,0.009957849979400635,0.01690350566059351,0.029836279712617337,0.0,0.05836775153875351
TRI_G,19,cashew/Data/Images/Normal/405.JPG,0,normal_image,32x34,0,1088,0.01250712334705681,0.0011212678626179695,0.005307342857122421,0.009952319785952568,0.01706787385046482,0.03159684985876072,0.0,0.09390410780906677
TRI_G,20,cashew/Data/Images/Normal/087.JPG,0,normal_image,32x34,0,1088,0.012657689051325981,0.0008650593459606171,0.005097122862935066,0.010463446378707886,0.017338226549327374,0.03295093402266502,0.0,0.09346188604831696
TRI_G,21,cashew/Data/Images/Normal/324.JPG,0,normal_image,32x34,0,1088,0.011998513153658304,0.000942218117415905,0.004720221273601055,0.009727133437991142,0.015950802713632584,0.030333848949521767,0.0,0.11049439013004303
TRI_G,22,cashew/Data/Images/Normal/130.JPG,0,normal_image,32x34,0,1088,0.012556863377754138,0.0007996300235390664,0.005420397967100143,0.010184291750192642,0.01735974382609129,0.03249948471784591,0.0,0.05612977594137192
TRI_G,23,cashew/Data/Images/Normal/392.JPG,0,normal_image,32x34,0,1088,0.012325085918692982,0.0009390461258590221,0.005201945547014475,0.010187576524913311,0.016392309218645096,0.03271526433527469,0.0,0.07129451632499695
TRI_G,24,cashew/Data/Images/Normal/467.JPG,0,normal_image,32x34,0,1088,0.012182722430974109,0.0006482684053480625,0.005005196668207645,0.01003931276500225,0.017029046081006527,0.029612669907510273,0.0,0.09765824675559998
TRI_G,25,cashew/Data/Images/Normal/143.JPG,0,normal_image,32x34,0,1088,0.011932785922801807,0.0007117172703146934,0.0047074430622160435,0.00928985420614481,0.0160720469430089,0.032364262454211715,0.0,0.1218465268611908
TRI_G,26,cashew/Data/Images/Normal/389.JPG,0,normal_image,32x34,0,1088,0.012349910801276565,0.0009980835020542145,0.005329502746462822,0.010188421234488487,0.017153071239590645,0.03166643474251028,0.0,0.06771938502788544
TRI_G,27,cashew/Data/Images/Normal/181.JPG,0,normal_image,32x34,0,1088,0.0120579840569168,0.0007394120097160339,0.005112007725983858,0.0103753125295043,0.016395887825638056,0.02937679961323738,0.0,0.10525788366794586
TRI_G,28,cashew/Data/Images/Normal/309.JPG,0,normal_image,32x34,0,1088,0.012410610641167937,0.0011644911020994187,0.005183775909245014,0.01019629929214716,0.01698574097827077,0.03098477544263001,0.0,0.08032874763011932
TRI_G,29,cashew/Data/Images/Normal/012.JPG,0,normal_image,32x34,0,1088,0.012499670487801161,0.0008857930079102516,0.004888826981186867,0.010341786779463291,0.017178572714328766,0.03160797674208879,0.0,0.083064004778862
TRI_G,30,cashew/Data/Images/Normal/367.JPG,0,normal_image,32x34,0,1088,0.012477736332905753,0.0010749982669949532,0.005428453907370567,0.010512849316000938,0.017493901308625937,0.030515691265463815,0.0,0.04867027699947357
TRI_G,31,cashew/Data/Images/Normal/344.JPG,0,normal_image,32x34,0,1088,0.012417091591701405,0.0008476564660668374,0.0053468975238502026,0.00999744888395071,0.01699283067137003,0.03193835858255624,0.0,0.10154961049556732
TRI_G,32,cashew/Data/Images/Normal/484.JPG,0,normal_image,32x34,0,1088,0.012253429102095063,0.0008941944688558578,0.005335281603038311,0.010155810043215752,0.017036696895956993,0.03156490586698053,0.0,0.05881346017122269
TRI_G,33,cashew/Data/Images/Normal/089.JPG,0,normal_image,32x34,0,1088,0.012724893887506743,0.0010530599392950535,0.005341595970094204,0.010389558039605618,0.01744183385744691,0.03071861062198873,0.0,0.0697389468550682
TRI_G,34,cashew/Data/Images/Normal/398.JPG,0,normal_image,32x34,0,1088,0.012608462532037212,0.0005354825407266617,0.004909804556518793,0.010508472099900246,0.01744783576577902,0.031975304335355725,0.0,0.07071332633495331
TRI_G,35,cashew/Data/Images/Normal/460.JPG,0,normal_image,32x34,0,1088,0.01249198876115877,0.0010114977136254312,0.005110329948365688,0.009781839326024055,0.01688842661678791,0.03266605716198679,0.0,0.11103380471467972
TRI_G,36,cashew/Data/Images/Normal/239.JPG,0,normal_image,32x34,0,1088,0.012664720742631128,0.0010533900698646904,0.005158057902008295,0.010427895002067089,0.0174800930544734,0.03230126481503248,0.0,0.14168299734592438
TRI_G,37,cashew/Data/Images/Normal/342.JPG,0,normal_image,32x34,0,1088,0.012477366026466959,0.0011231586337089538,0.005289486609399319,0.010347953997552395,0.017000319436192513,0.031133528519421805,0.0,0.09509646147489548
TRI_G,38,cashew/Data/Images/Normal/369.JPG,0,normal_image,32x34,0,1088,0.012074805746498682,0.0009550679475069046,0.005020364187657833,0.00952553004026413,0.01605569990351796,0.032087829895317506,0.0,0.16514089703559875
TRI_G,39,cashew/Data/Images/Normal/284.JPG,0,normal_image,32x34,0,1088,0.012360918790577938,0.0010073183104395867,0.0050920769572257996,0.009781034663319588,0.017072465270757675,0.031738284602761214,0.0,0.06890703737735748
TRI_G,40,cashew/Data/Images/Normal/098.JPG,0,normal_image,32x34,0,1088,0.012597666219602722,0.0008864860050380231,0.0056108031421899796,0.010519247502088547,0.01725762151181698,0.031248530931770765,0.0,0.06111875921487808
TRI_G,41,cashew/Data/Images/Normal/446.JPG,0,normal_image,32x34,0,1088,0.012942806580480571,0.0009343725629150868,0.005531841889023781,0.010611137375235558,0.01742556318640709,0.033579413406550886,0.0,0.07033635675907135
TRI_G,42,cashew/Data/Images/Normal/482.JPG,0,normal_image,32x34,0,1088,0.013258957153405337,0.0011434243991971017,0.005591630935668945,0.0111932884901762,0.018704239279031754,0.03277692571282385,0.0,0.09734023362398148
TRI_G,43,cashew/Data/Images/Normal/093.JPG,0,normal_image,32x34,0,1088,0.01220792050641167,0.000790705531835556,0.005077652633190155,0.009965350851416588,0.016649678349494934,0.030668354127556034,0.0,0.0795903280377388
TRI_G,44,cashew/Data/Images/Normal/244.JPG,0,normal_image,32x34,0,1088,0.012214572284445988,0.001144338957965374,0.0052169738337397575,0.009949077852070332,0.016649640165269375,0.031207857280969607,0.0,0.0734909176826477
TRI_G,45,cashew/Data/Images/Normal/272.JPG,0,normal_image,32x34,0,1088,0.011878114445340437,0.0010731451213359833,0.0053995633497834206,0.009626111947000027,0.01614096760749817,0.029985980130732028,0.0,0.09005805850028992
TRI_G,46,cashew/Data/Images/Normal/307.JPG,0,normal_image,32x34,0,1088,0.012154571724000989,0.0009552378207445145,0.004872833378612995,0.009767306968569756,0.01651386357843876,0.032917604036629196,0.0,0.06835059821605682
TRI_G,47,cashew/Data/Images/Normal/487.JPG,0,normal_image,32x34,0,1088,0.012341954173975597,0.0011416969820857048,0.005016586743295193,0.009938073344528675,0.016855571419000626,0.031774127483367914,0.0,0.09905973076820374
TRI_G,48,cashew/Data/Images/Normal/245.JPG,0,normal_image,32x34,0,1088,0.01255050529160893,0.0008385404013097286,0.005241504404693842,0.010267249308526516,0.017085513100028038,0.032799732126295555,0.0,0.06885020434856415
TRI_G,49,cashew/Data/Images/Normal/084.JPG,0,normal_image,32x34,0,1088,0.012172803306705593,0.0011712678708136082,0.005416905973106623,0.009719268418848515,0.01636330084875226,0.03145076688379046,0.0,0.06543292105197906
TRI_G,50,cashew/Data/Images/Anomaly/000.JPG,1,abnormal_normal,32x34,12,1076,0.012460429649834685,0.001061716116964817,0.005290385335683823,0.010510385036468506,0.017461243085563183,0.02969439048320055,0.0,0.060249872505664825
TRI_G,50,cashew/Data/Images/Anomaly/000.JPG,1,defect,32x34,12,12,0.014824628829956055,0.007277191057801247,0.008388631045818329,0.010674342513084412,0.018572621047496796,0.03086952567100525,0.0065042972564697266,0.03161650896072388
TRI_G,50,cashew/Data/Images/Anomaly/000.JPG,1,clean_defect,32x34,12,0,,,,,,,,
TRI_G,50,cashew/Data/Images/Anomaly/000.JPG,1,boundary,32x34,12,12,0.014824628829956055,0.007277191057801247,0.008388631045818329,0.010674342513084412,0.018572621047496796,0.03086952567100525,0.0065042972564697266,0.03161650896072388
TRI_G,51,cashew/Data/Images/Anomaly/001.JPG,1,abnormal_normal,32x34,6,1082,0.012075380704928597,0.0005796567536890507,0.004982450976967812,0.009892704896628857,0.016033281572163105,0.03148181084543467,0.0,0.06971749663352966
TRI_G,51,cashew/Data/Images/Anomaly/001.JPG,1,defect,32x34,6,6,0.0187732291718324,0.006136897951364517,0.007099401205778122,0.011151090264320374,0.029013649560511112,0.04125766083598137,0.006075829267501831,0.04354469105601311
TRI_G,51,cashew/Data/Images/Anomaly/001.JPG,1,clean_defect,32x34,6,0,,,,,,,,
TRI_G,51,cashew/Data/Images/Anomaly/001.JPG,1,boundary,32x34,6,6,0.0187732291718324,0.006136897951364517,0.007099401205778122,0.011151090264320374,0.029013649560511112,0.04125766083598137,0.006075829267501831,0.04354469105601311
TRI_G,52,cashew/Data/Images/Anomaly/002.JPG,1,abnormal_normal,32x34,9,1075,0.012784607465877089,0.0014037106186151505,0.0057634636759757996,0.010519471019506454,0.017264019697904587,0.03177691474556922,0.0,0.07155957072973251
TRI_G,52,cashew/Data/Images/Anomaly/002.JPG,1,defect,32x34,9,13,0.02421508156336271,0.0033035077154636387,0.014484450221061707,0.024319611489772797,0.037093520164489746,0.04133108258247375,7.450580596923828e-09,0.04349727928638458
TRI_G,52,cashew/Data/Images/Anomaly/002.JPG,1,clean_defect,32x34,9,4,0.028575729578733444,0.018137278407812117,0.019035469740629196,0.028251618146896362,0.03779187798500061,0.03946793675422668,0.01791273057460785,0.0398869514465332
TRI_G,52,cashew/Data/Images/Anomaly/002.JPG,1,boundary,32x34,9,9,0.022277015778753493,0.0022023409605026246,0.012314453721046448,0.024319611489772797,0.03126262500882149,0.041793593764305116,7.450580596923828e-09,0.04349727928638458
TRI_G,53,cashew/Data/Images/Anomaly/003.JPG,1,abnormal_normal,32x34,5,1082,0.012106399944434269,0.001239452138543129,0.005331502296030521,0.01017805002629757,0.016060462221503258,0.031819466874003416,0.0,0.0606955960392952
TRI_G,53,cashew/Data/Images/Anomaly/003.JPG,1,defect,32x34,5,6,0.01738763600587845,0.0013661906123161316,0.007262386381626129,0.015899956226348877,0.021129969507455826,0.03939998522400856,0.0,0.045269399881362915
TRI_G,53,cashew/Data/Images/Anomaly/003.JPG,1,clean_defect,32x34,5,1,0.045269399881362915,0.045269399881362915,0.045269399881362915,0.045269399881362915,0.045269399881362915,0.045269399881362915,0.045269399881362915,0.045269399881362915
TRI_G,53,cashew/Data/Images/Anomaly/003.JPG,1,boundary,32x34,5,5,0.011811283230781556,0.0010929524898529053,0.005464762449264526,0.012655258178710938,0.019144654273986816,0.02126232385635376,0.0,0.021791741251945496
TRI_G,54,cashew/Data/Images/Anomaly/004.JPG,1,abnormal_normal,32x34,6,1081,0.01264690423503201,0.0008365511894226074,0.005333960056304932,0.010524634271860123,0.0175718255341053,0.032254576683044434,0.0,0.08072683215141296
TRI_G,54,cashew/Data/Images/Anomaly/004.JPG,1,defect,32x34,6,7,0.027352223438876017,0.003914204239845276,0.007741495966911316,0.01465672254562378,0.04565979167819023,0.06670148223638535,0.002935349941253662,0.06707091629505157
TRI_G,54,cashew/Data/Images/Anomaly/004.JPG,1,clean_defect,32x34,6,1,0.006198197603225708,0.006198197603225708,0.006198197603225708,0.006198197603225708,0.006198197603225708,0.006198197603225708,0.006198197603225708,0.006198197603225708
TRI_G,54,cashew/Data/Images/Anomaly/004.JPG,1,boundary,32x34,6,6,0.0308778944114844,0.0045227110385894775,0.010627776384353638,0.020068418234586716,0.05574963055551052,0.06676305457949638,0.002935349941253662,0.06707091629505157
TRI_G,55,cashew/Data/Images/Anomaly/005.JPG,1,abnormal_normal,32x34,4,1082,0.012241306932050866,0.0007327282801270486,0.005352991633117199,0.00980074517428875,0.016687757335603237,0.03187609985470772,0.0,0.06421779841184616
TRI_G,55,cashew/Data/Images/Anomaly/005.JPG,1,defect,32x34,4,6,0.015951237330834072,0.009254436939954758,0.01338317058980465,0.01681390032172203,0.019820209592580795,0.020774327218532562,0.008151233196258545,0.020866483449935913
TRI_G,55,cashew/Data/Images/Anomaly/005.JPG,1,clean_defect,32x34,4,2,0.02068217098712921,0.02051628977060318,0.02059001475572586,0.02068217098712921,0.020774327218532562,0.020848052203655244,0.02049785852432251,0.020866483449935913
TRI_G,55,cashew/Data/Images/Anomaly/005.JPG,1,boundary,32x34,4,4,0.0135857705026865,0.008813155442476272,0.011460844427347183,0.014202293008565903,0.01632721908390522,0.017495254054665565,0.008151233196258545,0.017787262797355652
TRI_G,56,cashew/Data/Images/Anomaly/006.JPG,1,abnormal_normal,32x34,11,1077,0.013504994140735575,0.001335042715072632,0.005566339939832687,0.011041879653930664,0.018326248973608017,0.03459320738911626,0.0,0.08489076793193817
TRI_G,56,cashew/Data/Images/Anomaly/006.JPG,1,defect,32x34,11,11,0.014026743444529447,0.0017870515584945679,0.005542580038309097,0.012159377336502075,0.01776072382926941,0.033223122358322144,0.0,0.03647126257419586
TRI_G,56,cashew/Data/Images/Anomaly/006.JPG,1,clean_defect,32x34,11,0,,,,,,,,
TRI_G,56,cashew/Data/Images/Anomaly/006.JPG,1,boundary,32x34,11,11,0.014026743444529447,0.0017870515584945679,0.005542580038309097,0.012159377336502075,0.01776072382926941,0.033223122358322144,0.0,0.03647126257419586
TRI_G,57,cashew/Data/Images/Anomaly/007.JPG,1,abnormal_normal,32x34,1,1086,0.012490245917534136,0.001023693010210991,0.005647345446050167,0.010417402721941471,0.016940747387707233,0.030652661807835102,0.0,0.08547034859657288
TRI_G,57,cashew/Data/Images/Anomaly/007.JPG,1,defect,32x34,1,2,0.0007090568542480469,0.00030130743980407717,0.0004825294017791748,0.0007090568542480469,0.0009355843067169189,0.0011168062686920165,0.00025600194931030273,0.001162111759185791
TRI_G,57,cashew/Data/Images/Anomaly/007.JPG,1,clean_defect,32x34,1,1,0.00025600194931030273,0.00025600194931030273,0.00025600194931030273,0.00025600194931030273,0.00025600194931030273,0.00025600194931030273,0.00025600194931030273,0.00025600194931030273
TRI_G,57,cashew/Data/Images/Anomaly/007.JPG,1,boundary,32x34,1,1,0.001162111759185791,0.001162111759185791,0.001162111759185791,0.001162111759185791,0.001162111759185791,0.001162111759185791,0.001162111759185791,0.001162111759185791
TRI_G,58,cashew/Data/Images/Anomaly/008.JPG,1,abnormal_normal,32x34,2,1086,0.012694829558648348,0.0011656302958726883,0.005643956363201141,0.010549329221248627,0.017082377336919308,0.032743318006396294,0.0,0.07238186150789261
TRI_G,58,cashew/Data/Images/Anomaly/008.JPG,1,defect,32x34,2,2,0.017885640263557434,0.017650236189365388,0.01775486022233963,0.017885640263557434,0.018016420304775238,0.01812104433774948,0.017624080181121826,0.018147200345993042
TRI_G,58,cashew/Data/Images/Anomaly/008.JPG,1,clean_defect,32x34,2,0,,,,,,,,
TRI_G,58,cashew/Data/Images/Anomaly/008.JPG,1,boundary,32x34,2,2,0.017885640263557434,0.017650236189365388,0.01775486022233963,0.017885640263557434,0.018016420304775238,0.01812104433774948,0.017624080181121826,0.018147200345993042
TRI_G,59,cashew/Data/Images/Anomaly/009.JPG,1,abnormal_normal,32x34,7,1079,0.01222297991302289,0.0012103762477636338,0.004928380250930786,0.009853383526206017,0.016138993203639984,0.03154329806566237,0.0,0.12905825674533844
TRI_G,59,cashew/Data/Images/Anomaly/009.JPG,1,defect,32x34,7,9,0.018317247016562357,0.0019794777035713196,0.01333819329738617,0.020304780453443527,0.02454012632369995,0.032980349659919736,0.0012008324265480042,0.03437201678752899
TRI_G,59,cashew/Data/Images/Anomaly/009.JPG,1,clean_defect,32x34,7,2,0.020860066637396812,0.020360309071838854,0.02058242354542017,0.020860066637396812,0.021137709729373455,0.02135982420295477,0.020304780453443527,0.021415352821350098
TRI_G,59,cashew/Data/Images/Anomaly/009.JPG,1,boundary,32x34,7,7,0.01759072712489537,0.0017848163843154907,0.008242819458246231,0.01564362645149231,0.027716487646102905,0.033328266441822046,0.0012008324265480042,0.03437201678752899
TRI_G,60,cashew/Data/Images/Anomaly/010.JPG,1,abnormal_normal,32x34,3,1084,0.013205167710286224,0.0011771816760301592,0.0058220792561769485,0.01052553579211235,0.018003174103796482,0.035230341553688045,0.0,0.09423257410526276
TRI_G,60,cashew/Data/Images/Anomaly/010.JPG,1,defect,32x34,3,4,0.022861871868371964,0.008888968080282212,0.022100072354078293,0.027706056833267212,0.028467856347560883,0.030052916705608366,0.005586192011833191,0.03044918179512024
TRI_G,60,cashew/Data/Images/Anomaly/010.JPG,1,clean_defect,32x34,3,1,0.027807414531707764,0.027807414531707764,0.027807414531707764,0.027807414531707764,0.027807414531707764,0.027807414531707764,0.027807414531707764,0.027807414531707764
TRI_G,60,cashew/Data/Images/Anomaly/010.JPG,1,boundary,32x34,3,3,0.02121335764726003,0.007788042724132538,0.016595445573329926,0.02760469913482666,0.02902694046497345,0.03016473352909088,0.005586192011833191,0.03044918179512024
TRI_G,61,cashew/Data/Images/Anomaly/011.JPG,1,abnormal_normal,32x34,7,1076,0.012262275544614929,0.00091509148478508,0.005098473280668259,0.01011796947568655,0.017106743529438972,0.030870062299072742,0.0,0.06688487529754639
TRI_G,61,cashew/Data/Images/Anomaly/011.JPG,1,defect,32x34,7,12,0.015963544758657616,0.004903445951640606,0.008620386943221092,0.012706354260444641,0.021785736083984375,0.03248923569917679,0.0037311725318431854,0.03295791149139404
TRI_G,61,cashew/Data/Images/Anomaly/011.JPG,1,clean_defect,32x34,7,5,0.02020057737827301,0.011071789264678954,0.01315450668334961,0.021401792764663696,0.02293756604194641,0.030953842401504516,0.010551109910011292,0.03295791149139404
TRI_G,61,cashew/Data/Images/Anomaly/011.JPG,1,boundary,32x34,7,7,0.01293709288750376,0.004370594397187233,0.006258461624383926,0.009275734424591064,0.016465023159980774,0.028675594925880423,0.0037311725318431854,0.03210577368736267
TRI_G,62,cashew/Data/Images/Anomaly/012.JPG,1,abnormal_normal,32x34,7,1077,0.013046940565524327,0.0011794582009315492,0.005620978772640228,0.010669760406017303,0.018159545958042145,0.033792355656623835,0.0,0.0685640424489975
TRI_G,62,cashew/Data/Images/Anomaly/012.JPG,1,defect,32x34,7,11,0.037278172644701874,0.003835044801235199,0.01812877506017685,0.03565782308578491,0.051280632615089417,0.07984891533851624,0.0036883950233459473,0.0916932225227356
TRI_G,62,cashew/Data/Images/Anomaly/012.JPG,1,clean_defect,32x34,7,4,0.06556477397680283,0.04531179815530777,0.055544085800647736,0.06390607357025146,0.07392676174640656,0.08813993036746978,0.04275372624397278,0.0916932225227356
TRI_G,62,cashew/Data/Images/Anomaly/012.JPG,1,boundary,32x34,7,7,0.021114400454929898,0.003776384890079498,0.006797850131988525,0.0266435444355011,0.032117486000061035,0.038444080948829645,0.0036883950233459473,0.03963819146156311
TRI_G,63,cashew/Data/Images/Anomaly/013.JPG,1,abnormal_normal,32x34,5,1081,0.012149403451543016,0.0007591471076011658,0.005414173007011414,0.01009933277964592,0.016701500862836838,0.029896441847085953,0.0,0.09586801379919052
TRI_G,63,cashew/Data/Images/Anomaly/013.JPG,1,defect,32x34,5,7,0.026668034493923187,0.009970308095216752,0.015508841723203659,0.02615395188331604,0.03469684720039368,0.046360698342323294,0.00992952287197113,0.05018138885498047
TRI_G,63,cashew/Data/Images/Anomaly/013.JPG,1,clean_defect,32x34,5,2,0.029198981821537018,0.021776887029409407,0.025075595825910568,0.029198981821537018,0.03332236781716347,0.03662107661366463,0.02095220983028412,0.03744575381278992
TRI_G,63,cashew/Data/Images/Anomaly/013.JPG,1,boundary,32x34,5,5,0.025655655562877654,0.009956713020801543,0.0100654736161232,0.02615395188331604,0.031947940587997437,0.04653469920158386,0.00992952287197113,0.05018138885498047
TRI_G,64,cashew/Data/Images/Anomaly/014.JPG,1,abnormal_normal,32x34,6,1080,0.012581440414888439,0.0008288471959531307,0.005368303507566452,0.010589838959276676,0.017020276747643948,0.03103982619941234,0.0,0.08057166635990143
TRI_G,64,cashew/Data/Images/Anomaly/014.JPG,1,defect,32x34,6,8,0.05116015672683716,0.017012403905391695,0.0411820188164711,0.05321796238422394,0.05914616584777832,0.08419306874275206,0.007514387369155884,0.09201684594154358
TRI_G,64,cashew/Data/Images/Anomaly/014.JPG,1,clean_defect,32x34,6,2,0.06256680190563202,0.056180046498775484,0.05901860445737839,0.06256680190563202,0.06611499935388565,0.06895355731248856,0.055470407009124756,0.06966319680213928
TRI_G,64,cashew/Data/Images/Anomaly/014.JPG,1,boundary,32x34,6,6,0.04735794166723887,0.014298684895038605,0.03682839125394821,0.04716217517852783,0.05447174608707428,0.08292275667190552,0.007514387369155884,0.09201684594154358
TRI_G,65,cashew/Data/Images/Anomaly/015.JPG,1,abnormal_normal,32x34,5,1082,0.012923099076919353,0.0012289766222238542,0.005519351921975613,0.010940821841359138,0.017496434040367603,0.03283012639731169,0.0,0.06926637142896652
TRI_G,65,cashew/Data/Images/Anomaly/015.JPG,1,defect,32x34,5,6,0.03827991088231405,0.012412775307893753,0.029911745339632034,0.032944776117801666,0.05014684423804283,0.06803885847330093,0.006618186831474304,0.0723901242017746
TRI_G,65,cashew/Data/Images/Anomaly/015.JPG,1,clean_defect,32x34,5,1,0.054985061287879944,0.054985061287879944,0.054985061287879944,0.054985061287879944,0.054985061287879944,0.054985061287879944,0.054985061287879944,0.054985061287879944
TRI_G,65,cashew/Data/Images/Anomaly/015.JPG,1,boundary,32x34,5,5,0.03493888080120087,0.011253857612609865,0.0297965407371521,0.03025735914707184,0.035632193088531494,0.06503853797912597,0.006618186831474304,0.0723901242017746
TRI_G,66,cashew/Data/Images/Anomaly/016.JPG,1,abnormal_normal,32x34,3,1082,0.012732924250093963,0.0013683284632861614,0.005911396816372871,0.010547708719968796,0.01715611107647419,0.03156433366239071,0.0,0.09447120875120163
TRI_G,66,cashew/Data/Images/Anomaly/016.JPG,1,defect,32x34,3,6,0.05209160347779592,0.027799434959888458,0.03554310277104378,0.057960331439971924,0.06572519987821579,0.07148019224405289,0.027391567826271057,0.0728532075881958
TRI_G,66,cashew/Data/Images/Anomaly/016.JPG,1,clean_defect,32x34,3,3,0.03717263539632162,0.02755471467971802,0.02820730209350586,0.02902303636074066,0.04206316918134689,0.052495275437831876,0.027391567826271057,0.055103302001953125
TRI_G,66,cashew/Data/Images/Anomaly/016.JPG,1,boundary,32x34,3,3,0.06701057155927022,0.061471739411354066,0.06408925354480743,0.06736114621162415,0.07010717689990997,0.07230400145053864,0.06081736087799072,0.0728532075881958
TRI_G,67,cashew/Data/Images/Anomaly/017.JPG,1,abnormal_normal,32x34,4,1082,0.012828697267981751,0.0007935519330203533,0.005181723274290562,0.010367661714553833,0.017061304301023483,0.033121424540877346,0.0,0.10053566098213196
TRI_G,67,cashew/Data/Images/Anomaly/017.JPG,1,defect,32x34,4,6,0.053405205408732094,0.03600175678730011,0.049718402326107025,0.05394485592842102,0.0589507594704628,0.06893989443778992,0.03174096345901489,0.07187157869338989
TRI_G,67,cashew/Data/Images/Anomaly/017.JPG,1,clean_defect,32x34,4,2,0.05775667726993561,0.05560732930898667,0.05656259506940842,0.05775667726993561,0.0589507594704628,0.05990602523088455,0.055368512868881226,0.06014484167098999
TRI_G,67,cashew/Data/Images/Anomaly/017.JPG,1,boundary,32x34,4,4,0.05122946947813034,0.034297439455986026,0.044523343443870544,0.05065266788005829,0.057358793914318085,0.06896902173757552,0.03174096345901489,0.07187157869338989
TRI_G,68,cashew/Data/Images/Anomaly/018.JPG,1,abnormal_normal,32x34,9,1077,0.0121468551899674,0.000883537903428078,0.0051643457263708115,0.009834550321102142,0.016959790140390396,0.030127995461225507,0.0,0.0750219002366066
TRI_G,68,cashew/Data/Images/Anomaly/018.JPG,1,defect,32x34,9,11,0.0437911261211742,0.014114238321781158,0.026220351457595825,0.034891754388809204,0.061441950500011444,0.07643979787826538,0.010486289858818054,0.08194707334041595
TRI_G,68,cashew/Data/Images/Anomaly/018.JPG,1,clean_defect,32x34,9,2,0.04984463006258011,0.02095243111252785,0.033793408423662186,0.04984463006258011,0.06589585170149803,0.07873682901263236,0.017742186784744263,0.08194707334041595
TRI_G,68,cashew/Data/Images/Anomaly/018.JPG,1,boundary,32x34,9,9,0.04244590302308401,0.015347585082054138,0.029801174998283386,0.034891754388809204,0.05907300114631653,0.06808387339115142,0.010486289858818054,0.07093252241611481
TRI_G,69,cashew/Data/Images/Anomaly/019.JPG,1,abnormal_normal,32x34,4,1081,0.012679425031153501,0.0013601183891296387,0.005854032933712006,0.010787490755319595,0.017181459814310074,0.030219152569770813,0.0,0.07016609609127045
TRI_G,69,cashew/Data/Images/Anomaly/019.JPG,1,defect,32x34,4,7,0.04171008510249002,0.011890308558940889,0.030809134244918823,0.046795547008514404,0.05757129192352295,0.06290477812290192,0.005272373557090759,0.0631418228149414
TRI_G,69,cashew/Data/Images/Anomaly/019.JPG,1,clean_defect,32x34,4,3,0.04807449380556742,0.03553705513477325,0.04054082930088043,0.046795547008514404,0.054968684911727905,0.061507195234298706,0.03428611159324646,0.0631418228149414
TRI_G,69,cashew/Data/Images/Anomaly/019.JPG,1,boundary,32x34,4,4,0.03693677857518196,0.008581341058015824,0.02181721106171608,0.04006153345108032,0.055181100964546204,0.06091755926609039,0.005272373557090759,0.06235167384147644
TRI_G,70,cashew/Data/Images/Anomaly/020.JPG,1,abnormal_normal,32x34,3,1084,0.012862854671571748,0.0011590737849473955,0.0053420523181557655,0.010527530685067177,0.017458444461226463,0.03299461621791122,0.0,0.08150725066661835
TRI_G,70,cashew/Data/Images/Anomaly/020.JPG,1,defect,32x34,3,4,0.04388723522424698,0.02379441410303116,0.027082927525043488,0.04042115807533264,0.05722546577453613,0.06883256435394286,0.022972285747528076,0.07173433899879456
TRI_G,70,cashew/Data/Images/Anomaly/020.JPG,1,clean_defect,32x34,3,1,0.052389174699783325,0.052389174699783325,0.052389174699783325,0.052389174699783325,0.052389174699783325,0.052389174699783325,0.052389174699783325,0.052389174699783325
TRI_G,70,cashew/Data/Images/Anomaly/020.JPG,1,boundary,32x34,3,3,0.0410532553990682,0.023520371317863463,0.025712713599205017,0.028453141450881958,0.05009374022483826,0.0674062192440033,0.022972285747528076,0.07173433899879456
TRI_G,71,cashew/Data/Images/Anomaly/021.JPG,1,abnormal_normal,32x34,7,1078,0.01288919313162814,0.0007690688595175743,0.0055204895325005054,0.010672619566321373,0.017868103459477425,0.03207518868148327,0.0,0.08290290832519531
TRI_G,71,cashew/Data/Images/Anomaly/021.JPG,1,defect,32x34,7,10,0.0130679402500391,0.0031429000198841097,0.005432079546153545,0.012094639241695404,0.013060463592410088,0.030733785033225998,0.0026801452040672302,0.03706948459148407
TRI_G,71,cashew/Data/Images/Anomaly/021.JPG,1,clean_defect,32x34,7,3,0.021256042023499806,0.0056366555392742155,0.013349320739507675,0.0229901522397995,0.030029818415641785,0.03566155135631561,0.003708489239215851,0.03706948459148407
TRI_G,71,cashew/Data/Images/Anomaly/021.JPG,1,boundary,32x34,7,7,0.009558753775698798,0.0030451156198978424,0.006967445835471153,0.011412106454372406,0.012908343225717545,0.013059066981077195,0.0026801452040672302,0.013067446649074554
TRI_G,72,cashew/Data/Images/Anomaly/022.JPG,1,abnormal_normal,32x34,7,1077,0.01352090313477215,0.0016163364052772522,0.005590260028839111,0.011305969208478928,0.018669210374355316,0.034619699418544765,0.0,0.06669643521308899
TRI_G,72,cashew/Data/Images/Anomaly/022.JPG,1,defect,32x34,7,11,0.025014799426902424,0.009903095662593842,0.013552047312259674,0.020002588629722595,0.0352054238319397,0.05005808174610138,0.007743403315544128,0.057581692934036255
TRI_G,72,cashew/Data/Images/Anomaly/022.JPG,1,clean_defect,32x34,7,4,0.03310455195605755,0.015060055628418922,0.01693028397858143,0.03012200817465782,0.04629627615213394,0.05532460957765579,0.014592498540878296,0.057581692934036255
TRI_G,72,cashew/Data/Images/Anomaly/022.JPG,1,boundary,32x34,7,7,0.020392083695956638,0.009039218723773956,0.012287192046642303,0.020002588629722595,0.025603458285331726,0.03681017160415649,0.007743403315544128,0.03921729326248169
TRI_G,73,cashew/Data/Images/Anomaly/023.JPG,1,abnormal_normal,32x34,5,1080,0.01252867242588696,0.0009642831981182099,0.005206734873354435,0.009994784370064735,0.017209762707352638,0.03227869793772697,0.0,0.07202796638011932
TRI_G,73,cashew/Data/Images/Anomaly/023.JPG,1,defect,32x34,5,8,0.033539531752467155,0.010401759296655655,0.028697490692138672,0.03487201780080795,0.04299266263842583,0.05111564621329307,0.00792384147644043,0.05167694389820099
TRI_G,73,cashew/Data/Images/Anomaly/023.JPG,1,clean_defect,32x34,5,3,0.04597229758898417,0.03755736500024796,0.04311997443437576,0.05007323622703552,0.050875090062618256,0.051516573131084445,0.036166712641716,0.05167694389820099
TRI_G,73,cashew/Data/Images/Anomaly/023.JPG,1,boundary,32x34,5,5,0.026079872250556947,0.009339794516563416,0.015003606677055359,0.03326211869716644,0.0335773229598999,0.039221441745758055,0.00792384147644043,0.040632471442222595
TRI_G,74,cashew/Data/Images/Anomaly/024.JPG,1,abnormal_normal,32x34,6,1079,0.012387480377888546,0.0009944800287485123,0.005373435094952583,0.010263007134199142,0.01664094254374504,0.03101378008723255,0.0,0.09048731625080109
TRI_G,74,cashew/Data/Images/Anomaly/024.JPG,1,defect,32x34,6,9,0.031684651556942195,0.003994988650083542,0.00798758864402771,0.03635057806968689,0.047714829444885254,0.0553033709526062,0.0029208101332187653,0.0557408332824707
TRI_G,74,cashew/Data/Images/Anomaly/024.JPG,1,clean_defect,32x34,6,3,0.04294698933760325,0.029581649601459502,0.03709689527750015,0.046490952372550964,0.050569064915180206,0.0538315549492836,0.02770283818244934,0.05464717745780945
TRI_G,74,cashew/Data/Images/Anomaly/024.JPG,1,boundary,32x34,6,6,0.02605348266661167,0.0035921717062592506,0.006201589480042458,0.0221690833568573,0.04487376660108566,0.05373433232307434,0.0029208101332187653,0.0557408332824707
TRI_G,75,cashew/Data/Images/Anomaly/025.JPG,1,abnormal_normal,32x34,4,1083,0.012914431352763404,0.0011762324720621111,0.005795218050479889,0.010824285447597504,0.017362209036946297,0.03173052966594693,0.0,0.06801632791757584
TRI_G,75,cashew/Data/Images/Anomaly/025.JPG,1,defect,32x34,4,5,0.01487717628479004,0.006998729705810547,0.008578300476074219,0.015115618705749512,0.015650391578674316,0.025880265235900875,0.006603837013244629,0.02843773365020752
TRI_G,75,cashew/Data/Images/Anomaly/025.JPG,1,clean_defect,32x34,4,1,0.008578300476074219,0.008578300476074219,0.008578300476074219,0.008578300476074219,0.008578300476074219,0.008578300476074219,0.008578300476074219,0.008578300476074219
TRI_G,75,cashew/Data/Images/Anomaly/025.JPG,1,boundary,32x34,4,4,0.016451895236968994,0.007880604267120362,0.012987673282623291,0.015383005142211914,0.018847227096557617,0.026519632339477534,0.006603837013244629,0.02843773365020752
TRI_G,76,cashew/Data/Images/Anomaly/026.JPG,1,abnormal_normal,32x34,3,1085,0.013239879133651883,0.001470879465341568,0.005979754030704498,0.01061725988984108,0.017532866448163986,0.034228543937206264,0.0,0.08004572987556458
TRI_G,76,cashew/Data/Images/Anomaly/026.JPG,1,defect,32x34,3,3,0.014288127422332764,0.0021455317735672,0.006855860352516174,0.012743771076202393,0.020948216319084167,0.027511772513389585,0.0009679496288299561,0.029152661561965942
TRI_G,76,cashew/Data/Images/Anomaly/026.JPG,1,clean_defect,32x34,3,0,,,,,,,,
TRI_G,76,cashew/Data/Images/Anomaly/026.JPG,1,boundary,32x34,3,3,0.014288127422332764,0.0021455317735672,0.006855860352516174,0.012743771076202393,0.020948216319084167,0.027511772513389585,0.0009679496288299561,0.029152661561965942
TRI_G,77,cashew/Data/Images/Anomaly/027.JPG,1,abnormal_normal,32x34,3,1084,0.012472686009838958,0.0011144155636429788,0.0054038939997553825,0.010342251509428024,0.0171843059360981,0.03133854046463965,0.0,0.08741423487663269
TRI_G,77,cashew/Data/Images/Anomaly/027.JPG,1,defect,32x34,3,4,0.013890542089939117,0.008360975980758667,0.01094469428062439,0.014257356524467468,0.017203204333782196,0.018906567990779877,0.007715046405792236,0.019332408905029297
TRI_G,77,cashew/Data/Images/Anomaly/027.JPG,1,clean_defect,32x34,3,1,0.012021243572235107,0.012021243572235107,0.012021243572235107,0.012021243572235107,0.012021243572235107,0.012021243572235107,0.012021243572235107,0.012021243572235107
TRI_G,77,cashew/Data/Images/Anomaly/027.JPG,1,boundary,32x34,3,3,0.014513641595840454,0.008592888712882996,0.012104257941246033,0.01649346947669983,0.017912939190864563,0.01904851496219635,0.007715046405792236,0.019332408905029297
TRI_G,78,cashew/Data/Images/Anomaly/028.JPG,1,abnormal_normal,32x34,2,1085,0.012653267417909913,0.0013042740523815156,0.005506500601768494,0.010334037244319916,0.016545556485652924,0.03292662501335143,0.0,0.09288972616195679
TRI_G,78,cashew/Data/Images/Anomaly/028.JPG,1,defect,32x34,2,3,0.008790731430053711,0.007376870512962342,0.00809447467327118,0.008991479873657227,0.009587362408638,0.010064068436622619,0.007197469472885132,0.010183244943618774
TRI_G,78,cashew/Data/Images/Anomaly/028.JPG,1,clean_defect,32x34,2,1,0.008991479873657227,0.008991479873657227,0.008991479873657227,0.008991479873657227,0.008991479873657227,0.008991479873657227,0.008991479873657227,0.008991479873657227
TRI_G,78,cashew/Data/Images/Anomaly/028.JPG,1,boundary,32x34,2,2,0.008690357208251953,0.007346758246421814,0.007943913340568542,0.008690357208251953,0.009436801075935364,0.010033956170082093,0.007197469472885132,0.010183244943618774
TRI_G,79,cashew/Data/Images/Anomaly/029.JPG,1,abnormal_normal,32x34,4,1084,0.012924461245770494,0.0014775713905692102,0.005788213573396206,0.010952167212963104,0.01760546863079071,0.030350997671484945,0.0,0.08291099965572357
TRI_G,79,cashew/Data/Images/Anomaly/029.JPG,1,defect,32x34,4,4,0.008553162217140198,0.0042032510042190555,0.006951585412025452,0.008831903338432312,0.010433480143547058,0.01251283586025238,0.003516167402267456,0.013032674789428711
TRI_G,79,cashew/Data/Images/Anomaly/029.JPG,1,clean_defect,32x34,4,0,,,,,,,,
TRI_G,79,cashew/Data/Images/Anomaly/029.JPG,1,boundary,32x34,4,4,0.008553162217140198,0.0042032510042190555,0.006951585412025452,0.008831903338432312,0.010433480143547058,0.01251283586025238,0.003516167402267456,0.013032674789428711
TRI_G,80,cashew/Data/Images/Anomaly/030.JPG,1,abnormal_normal,32x34,8,1080,0.013294546435483627,0.0011591518297791481,0.005871697328984737,0.011021377518773079,0.01744756940752268,0.033583083003759374,0.0,0.08713631331920624
TRI_G,80,cashew/Data/Images/Anomaly/030.JPG,1,defect,32x34,8,8,0.013136390596628189,0.00568859875202179,0.006307847797870636,0.01022273302078247,0.014560118317604065,0.029159651696681967,0.005530238151550293,0.03460460901260376
TRI_G,80,cashew/Data/Images/Anomaly/030.JPG,1,clean_defect,32x34,8,0,,,,,,,,
TRI_G,80,cashew/Data/Images/Anomaly/030.JPG,1,boundary,32x34,8,8,0.013136390596628189,0.00568859875202179,0.006307847797870636,0.01022273302078247,0.014560118317604065,0.029159651696681967,0.005530238151550293,0.03460460901260376
TRI_G,81,cashew/Data/Images/Anomaly/031.JPG,1,abnormal_normal,32x34,4,1083,0.012583098579834483,0.0009060457348823547,0.005458654835820198,0.010368585586547852,0.016990168020129204,0.031149789318442315,0.0,0.1216571033000946
TRI_G,81,cashew/Data/Images/Anomaly/031.JPG,1,defect,32x34,4,5,0.018464335799217226,0.007328623533248901,0.011525362730026245,0.01574854552745819,0.017464250326156616,0.03653611540794372,0.006279438734054565,0.0413040816783905
TRI_G,81,cashew/Data/Images/Anomaly/031.JPG,1,clean_defect,32x34,4,1,0.017464250326156616,0.017464250326156616,0.017464250326156616,0.017464250326156616,0.017464250326156616,0.017464250326156616,0.017464250326156616,0.017464250326156616
TRI_G,81,cashew/Data/Images/Anomaly/031.JPG,1,boundary,32x34,4,4,0.018714357167482376,0.0070663273334503176,0.010213881731033325,0.013636954128742218,0.02213742956519127,0.037470751255750646,0.006279438734054565,0.0413040816783905
TRI_G,82,cashew/Data/Images/Anomaly/032.JPG,1,abnormal_normal,32x34,8,1070,0.012483895489963415,0.0005661074072122576,0.0053651658818125725,0.010597871616482735,0.01684095710515976,0.03131943130865692,0.0,0.071459099650383
TRI_G,82,cashew/Data/Images/Anomaly/032.JPG,1,defect,32x34,8,18,0.03518612662123309,0.0025191983208060265,0.024134427309036255,0.038374774158000946,0.050753213465213776,0.06089282482862472,0.0,0.06375384330749512
TRI_G,82,cashew/Data/Images/Anomaly/032.JPG,1,clean_defect,32x34,8,10,0.040312521159648895,0.024782782793045043,0.030280351638793945,0.038374774158000946,0.050753213465213776,0.05766433030366897,0.02332398295402527,0.06038793921470642
TRI_G,82,cashew/Data/Images/Anomaly/032.JPG,1,boundary,32x34,8,8,0.02877813344821334,0.001037316955626011,0.0076867444440722466,0.02515372633934021,0.049732938408851624,0.06119488328695297,0.0,0.06375384330749512
TRI_G,83,cashew/Data/Images/Anomaly/033.JPG,1,abnormal_normal,32x34,6,1072,0.013145221296503251,0.0013033198192715645,0.005557456985116005,0.010880181565880775,0.017856186255812645,0.031603351607918696,0.0,0.15149420499801636
TRI_G,83,cashew/Data/Images/Anomaly/033.JPG,1,defect,32x34,6,16,0.0317767271772027,0.005773896351456642,0.02576294168829918,0.03491547703742981,0.04293147474527359,0.04907849431037903,0.002395235002040863,0.05283358693122864
TRI_G,83,cashew/Data/Images/Anomaly/033.JPG,1,clean_defect,32x34,6,10,0.0386480838060379,0.030992883443832397,0.03268559277057648,0.03610530495643616,0.044038690626621246,0.050580531358718865,0.030073314905166626,0.05283358693122864
TRI_G,83,cashew/Data/Images/Anomaly/033.JPG,1,boundary,32x34,6,6,0.02032446612914403,0.0035214554518461227,0.008205125108361244,0.012475986033678055,0.03478001430630684,0.04472656548023224,0.002395235002040863,0.045603394508361816
TRI_G,84,cashew/Data/Images/Anomaly/034.JPG,1,abnormal_normal,32x34,8,1073,0.012406777514132626,0.0009954333305358888,0.005172200500965118,0.010179560631513596,0.016755223274230957,0.031112969666719434,0.0,0.08195706456899643
TRI_G,84,cashew/Data/Images/Anomaly/034.JPG,1,defect,32x34,8,15,0.02958428959051768,0.005061416327953339,0.01157630980014801,0.03337574005126953,0.04457592964172363,0.055094510316848755,0.0005256086587905884,0.055297911167144775
TRI_G,84,cashew/Data/Images/Anomaly/034.JPG,1,clean_defect,32x34,8,7,0.044336906501225064,0.03212498128414154,0.03871379792690277,0.045100003480911255,0.050471946597099304,0.05521073937416077,0.03158894181251526,0.055297911167144775
TRI_G,84,cashew/Data/Images/Anomaly/034.JPG,1,boundary,32x34,8,8,0.01667574979364872,0.0027935124933719637,0.008539848029613495,0.01157630980014801,0.02702326327562332,0.03468331545591354,0.0005256086587905884,0.03537824749946594
TRI_G,85,cashew/Data/Images/Anomaly/035.JPG,1,abnormal_normal,32x34,7,1075,0.0126396770809972,0.0009624361991882324,0.005163801833987236,0.010046778246760368,0.017486318945884705,0.032384482398629184,0.0,0.09152686595916748
TRI_G,85,cashew/Data/Images/Anomaly/035.JPG,1,defect,32x34,7,13,0.025302896132835977,0.013181838393211364,0.019763439893722534,0.024605005979537964,0.029087752103805542,0.04042736887931822,0.01250062882900238,0.04677581787109375
TRI_G,85,cashew/Data/Images/Anomaly/035.JPG,1,clean_defect,32x34,7,6,0.026867459217707317,0.020815134048461914,0.02483835071325302,0.0258825421333313,0.028372488915920258,0.03441824018955231,0.019551843404769897,0.036195069551467896
TRI_G,85,cashew/Data/Images/Anomaly/035.JPG,1,boundary,32x34,7,7,0.02396184206008911,0.012841233611106872,0.016699708998203278,0.02161422371864319,0.026721403002738953,0.04169397056102751,0.01250062882900238,0.04677581787109375
TRI_G,86,cashew/Data/Images/Anomaly/036.JPG,1,abnormal_normal,32x34,12,1066,0.012445956629335769,0.0010584299452602863,0.005397428758442402,0.01016281172633171,0.016713117249310017,0.03194156847894192,0.0,0.07169473171234131
TRI_G,86,cashew/Data/Images/Anomaly/036.JPG,1,defect,32x34,12,22,0.024180166931314903,0.0016189547255635263,0.012759704142808914,0.02727390080690384,0.03481157869100571,0.04419794678688049,0.00057939812541008,0.04619356989860535
TRI_G,86,cashew/Data/Images/Anomaly/036.JPG,1,clean_defect,32x34,12,10,0.03283306509256363,0.02194552421569824,0.030412081629037857,0.033290594816207886,0.035316988825798035,0.04276089221239089,0.019633352756500244,0.04619356989860535
TRI_G,86,cashew/Data/Images/Anomaly/036.JPG,1,boundary,32x34,12,12,0.016969418463607628,0.0010830795392394066,0.005677763372659683,0.013977400958538055,0.02165653184056282,0.04208347201347351,0.00057939812541008,0.04440939426422119
TRI_G,87,cashew/Data/Images/Anomaly/037.JPG,1,abnormal_normal,32x34,9,1074,0.012348583239534769,0.0015927689149975778,0.0054252864792943,0.010159285739064217,0.016249164007604122,0.03270148355513809,0.0,0.08504961431026459
TRI_G,87,cashew/Data/Images/Anomaly/037.JPG,1,defect,32x34,9,14,0.02250696106680802,0.010561519674956799,0.015674810856580734,0.02022712677717209,0.029830731451511383,0.03797958940267562,0.00497913733124733,0.04276770353317261
TRI_G,87,cashew/Data/Images/Anomaly/037.JPG,1,clean_defect,32x34,9,5,0.02602887749671936,0.015491145849227905,0.02247294783592224,0.026644915342330933,0.03187945485115051,0.03469699025154114,0.013745695352554321,0.035401374101638794
TRI_G,87,cashew/Data/Images/Anomaly/037.JPG,1,boundary,32x34,9,9,0.020550340827968385,0.00841444954276085,0.014922067523002625,0.019436776638031006,0.020457163453102112,0.03801769018173217,0.00497913733124733,0.04276770353317261
TRI_G,88,cashew/Data/Images/Anomaly/038.JPG,1,abnormal_normal,32x34,3,1084,0.01296445793632033,0.001817302592098713,0.005664037540555,0.010467691347002983,0.01746873278170824,0.032653626427054404,0.0,0.13566192984580994
TRI_G,88,cashew/Data/Images/Anomaly/038.JPG,1,defect,32x34,3,4,0.03156641870737076,0.028366443514823914,0.0294179767370224,0.030190691351890564,0.03233913332223892,0.03669241219758987,0.028103560209274292,0.03778073191642761
TRI_G,88,cashew/Data/Images/Anomaly/038.JPG,1,clean_defect,32x34,3,1,0.030525267124176025,0.030525267124176025,0.030525267124176025,0.030525267124176025,0.030525267124176025,0.030525267124176025,0.030525267124176025,0.030525267124176025
TRI_G,88,cashew/Data/Images/Anomaly/038.JPG,1,boundary,32x34,3,3,0.03191346923510233,0.028278815746307372,0.028979837894439697,0.029856115579605103,0.03381842374801636,0.03698827028274536,0.028103560209274292,0.03778073191642761
TRI_G,89,cashew/Data/Images/Anomaly/039.JPG,1,abnormal_normal,32x34,3,1083,0.01240391004744604,0.0011351700872182847,0.005409639328718185,0.010066453367471695,0.01677999272942543,0.032889426499605176,0.0,0.0743938609957695
TRI_G,89,cashew/Data/Images/Anomaly/039.JPG,1,defect,32x34,3,5,0.0288926362991333,0.025869137048721312,0.026375561952590942,0.02729356288909912,0.027658849954605103,0.03544591069221496,0.025742530822753906,0.03739267587661743
TRI_G,89,cashew/Data/Images/Anomaly/039.JPG,1,clean_defect,32x34,3,2,0.026518046855926514,0.025820082426071166,0.02613028883934021,0.026518046855926514,0.026905804872512817,0.027216011285781862,0.025742530822753906,0.02729356288909912
TRI_G,89,cashew/Data/Images/Anomaly/039.JPG,1,boundary,32x34,3,3,0.030475695927937824,0.02650389075279236,0.027017205953598022,0.027658849954605103,0.03252576291561127,0.0364192932844162,0.026375561952590942,0.03739267587661743
TRI_G,90,cashew/Data/Images/Anomaly/040.JPG,1,abnormal_normal,32x34,4,1083,0.012894301799952379,0.0010007195174694063,0.005226714536547661,0.010592728853225708,0.017975494265556335,0.032066287100315075,0.0,0.11121264845132828
TRI_G,90,cashew/Data/Images/Anomaly/040.JPG,1,defect,32x34,4,5,0.03641865849494934,0.022742021083831786,0.03233522176742554,0.03304624557495117,0.047039419412612915,0.04887083172798157,0.02034372091293335,0.04932868480682373
TRI_G,90,cashew/Data/Images/Anomaly/040.JPG,1,clean_defect,32x34,4,1,0.04932868480682373,0.04932868480682373,0.04932868480682373,0.04932868480682373,0.04932868480682373,0.04932868480682373,0.04932868480682373,0.04932868480682373
TRI_G,90,cashew/Data/Images/Anomaly/040.JPG,1,boundary,32x34,4,4,0.03319115191698074,0.022142446041107176,0.02933734655380249,0.032690733671188354,0.03654453903436661,0.04494044333696365,0.02034372091293335,0.047039419412612915
TRI_G,91,cashew/Data/Images/Anomaly/041.JPG,1,abnormal_normal,32x34,6,1077,0.012572408265528462,0.0007281430065631868,0.0054734013974666595,0.010922521352767944,0.01698492467403412,0.032196772098541236,0.0,0.07285115122795105
TRI_G,91,cashew/Data/Images/Anomaly/041.JPG,1,defect,32x34,6,11,0.030158664692531933,0.008086897432804108,0.021192505955696106,0.03136098384857178,0.036180078983306885,0.056045666337013245,0.006908506155014038,0.05988064408302307
TRI_G,91,cashew/Data/Images/Anomaly/041.JPG,1,clean_defect,32x34,6,5,0.04036775231361389,0.02699885368347168,0.03136098384857178,0.032478123903274536,0.05221068859100342,0.05834665298461914,0.025908321142196655,0.05988064408302307
TRI_G,91,cashew/Data/Images/Anomaly/041.JPG,1,boundary,32x34,6,6,0.021651091674963634,0.007497701793909073,0.011266130954027176,0.021192505955696106,0.029878370463848114,0.03777795284986496,0.006908506155014038,0.03988203406333923
TRI_G,92,cashew/Data/Images/Anomaly/042.JPG,1,abnormal_normal,32x34,6,1082,0.012593540865686927,0.0013338565826416016,0.005631697364151478,0.010441115126013756,0.016786870546638966,0.030987532250583177,0.0,0.145940899848938
TRI_G,92,cashew/Data/Images/Anomaly/042.JPG,1,defect,32x34,6,6,0.02596837778886159,0.012290284037590027,0.02035050466656685,0.027019575238227844,0.03354256600141525,0.03711586445569992,0.009675547480583191,0.03825119137763977
TRI_G,92,cashew/Data/Images/Anomaly/042.JPG,1,clean_defect,32x34,6,0,,,,,,,,
TRI_G,92,cashew/Data/Images/Anomaly/042.JPG,1,boundary,32x34,6,6,0.02596837778886159,0.012290284037590027,0.02035050466656685,0.027019575238227844,0.03354256600141525,0.03711586445569992,0.009675547480583191,0.03825119137763977
TRI_G,93,cashew/Data/Images/Anomaly/043.JPG,1,abnormal_normal,32x34,4,1084,0.012431286881090145,0.001283872500061989,0.005722224712371826,0.010390698909759521,0.016453259624540806,0.030376528948545437,0.0,0.09304897487163544
TRI_G,93,cashew/Data/Images/Anomaly/043.JPG,1,defect,32x34,4,4,0.009804842993617058,0.0035822510719299315,0.006062686443328857,0.00919458270072937,0.01293673925101757,0.016881799325346943,0.0029621422290802,0.01786806434392929
TRI_G,93,cashew/Data/Images/Anomaly/043.JPG,1,clean_defect,32x34,4,0,,,,,,,,
TRI_G,93,cashew/Data/Images/Anomaly/043.JPG,1,boundary,32x34,4,4,0.009804842993617058,0.0035822510719299315,0.006062686443328857,0.00919458270072937,0.01293673925101757,0.016881799325346943,0.0029621422290802,0.01786806434392929
TRI_G,94,cashew/Data/Images/Anomaly/044.JPG,1,abnormal_normal,32x34,3,1084,0.012186867274288981,0.0009585260413587094,0.0051821256056427956,0.009985698387026787,0.016425559297204018,0.02907304037362337,0.0,0.07581225037574768
TRI_G,94,cashew/Data/Images/Anomaly/044.JPG,1,defect,32x34,3,4,0.026755472645163536,0.009116970747709275,0.01383119449019432,0.026753641664981842,0.03967791981995106,0.044396537914872164,0.007938414812088013,0.04557619243860245
TRI_G,94,cashew/Data/Images/Anomaly/044.JPG,1,clean_defect,32x34,3,1,0.03771182894706726,0.03771182894706726,0.03771182894706726,0.03771182894706726,0.03771182894706726,0.03771182894706726,0.03771182894706726,0.03771182894706726
TRI_G,94,cashew/Data/Images/Anomaly/044.JPG,1,boundary,32x34,3,3,0.023103353877862293,0.008724118769168853,0.011866934597492218,0.015795454382896423,0.030685823410749435,0.04259811863303184,0.007938414812088013,0.04557619243860245
TRI_G,95,cashew/Data/Images/Anomaly/045.JPG,1,abnormal_normal,32x34,4,1084,0.012883572871848336,0.001048026978969574,0.005745045840740204,0.011110527440905571,0.017310986295342445,0.03261384796351189,0.0,0.09206822514533997
TRI_G,95,cashew/Data/Images/Anomaly/045.JPG,1,defect,32x34,4,4,0.0056942179799079895,9.133368730545046e-05,0.0004566684365272522,0.0021657273173332214,0.007403276860713959,0.0162369892001152,0.0,0.018445417284965515
TRI_G,95,cashew/Data/Images/Anomaly/045.JPG,1,clean_defect,32x34,4,0,,,,,,,,
TRI_G,95,cashew/Data/Images/Anomaly/045.JPG,1,boundary,32x34,4,4,0.0056942179799079895,9.133368730545046e-05,0.0004566684365272522,0.0021657273173332214,0.007403276860713959,0.0162369892001152,0.0,0.018445417284965515
TRI_G,96,cashew/Data/Images/Anomaly/046.JPG,1,abnormal_normal,32x34,6,1080,0.01320091785552601,0.001006452552974224,0.005445815622806549,0.010576093569397926,0.01792322751134634,0.034688920341432054,0.0,0.0757545679807663
TRI_G,96,cashew/Data/Images/Anomaly/046.JPG,1,defect,32x34,6,8,0.023348341695964336,0.0035221900790929793,0.012137986719608307,0.02157987281680107,0.03699624165892601,0.043356047570705415,0.0023111701011657715,0.044633060693740845
TRI_G,96,cashew/Data/Images/Anomaly/046.JPG,1,clean_defect,32x34,6,2,0.014735430479049683,0.0035535961389541624,0.008523300290107727,0.014735430479049683,0.020947560667991638,0.025917264819145202,0.0023111701011657715,0.027159690856933594
TRI_G,96,cashew/Data/Images/Anomaly/046.JPG,1,boundary,32x34,6,6,0.026219312101602554,0.007893480360507965,0.014695193618535995,0.02583344653248787,0.03965504840016365,0.04372090846300125,0.005771227180957794,0.044633060693740845
TRI_G,97,cashew/Data/Images/Anomaly/047.JPG,1,abnormal_normal,32x34,5,1081,0.012003458486689008,0.0009411275386810303,0.005182664841413498,0.00983695313334465,0.01643161103129387,0.030250195413827896,0.0,0.07700735330581665
TRI_G,97,cashew/Data/Images/Anomaly/047.JPG,1,defect,32x34,5,7,0.011833720973559789,0.00244780071079731,0.004769511520862579,0.006046537309885025,0.0185423344373703,0.027560259401798244,0.0015990547835826874,0.028566762804985046
TRI_G,97,cashew/Data/Images/Anomaly/047.JPG,1,clean_defect,32x34,5,2,0.014819979667663574,0.0054673850536346436,0.009624093770980835,0.014819979667663574,0.020015865564346313,0.024172574281692505,0.004428207874298096,0.025211751461029053
TRI_G,97,cashew/Data/Images/Anomaly/047.JPG,1,boundary,32x34,5,5,0.010639217495918275,0.0023014068603515623,0.005110815167427063,0.006046537309885025,0.011872917413711548,0.025227993726730343,0.0015990547835826874,0.028566762804985046
TRI_G,98,cashew/Data/Images/Anomaly/048.JPG,1,abnormal_normal,32x34,5,1081,0.012255742880588985,0.0011675357818603516,0.005104366689920425,0.009836375713348389,0.0170273594558239,0.03164051100611687,0.0,0.07864339649677277
TRI_G,98,cashew/Data/Images/Anomaly/048.JPG,1,defect,32x34,5,7,0.012839790433645248,0.0005026862025260926,0.003992985934019089,0.008134569972753525,0.009767644107341766,0.041304623335599866,0.0,0.054222702980041504
TRI_G,98,cashew/Data/Images/Anomaly/048.JPG,1,clean_defect,32x34,5,2,0.032692570239305496,0.01331545077264309,0.021927503868937492,0.032692570239305496,0.0434576366096735,0.0520696897059679,0.011162437498569489,0.054222702980041504
TRI_G,98,cashew/Data/Images/Anomaly/048.JPG,1,boundary,32x34,5,5,0.004898678511381149,0.00033512413501739506,0.001675620675086975,0.006310351192951202,0.008134569972753525,0.00832519456744194,0.0,0.008372850716114044
TRI_G,99,cashew/Data/Images/Anomaly/049.JPG,1,abnormal_normal,32x34,5,1083,0.012994487399264606,0.0008616551756858826,0.005596544593572617,0.010594964027404785,0.01749280095100403,0.03356584832072257,0.0,0.07132156193256378
TRI_G,99,cashew/Data/Images/Anomaly/049.JPG,1,defect,32x34,5,5,0.028520405292510986,0.017055708169937133,0.018298059701919556,0.020761460065841675,0.039825886487960815,0.045542377233505245,0.01674512028694153,0.04697149991989136
TRI_G,99,cashew/Data/Images/Anomaly/049.JPG,1,clean_defect,32x34,5,0,,,,,,,,
TRI_G,99,cashew/Data/Images/Anomaly/049.JPG,1,boundary,32x34,5,5,0.028520405292510986,0.017055708169937133,0.018298059701919556,0.020761460065841675,0.039825886487960815,0.045542377233505245,0.01674512028694153,0.04697149991989136
TRI_G,100,cashew/Data/Images/Anomaly/050.JPG,1,abnormal_normal,32x34,4,1084,0.012572266441525898,0.0011226297356188297,0.005673922598361969,0.010284502059221268,0.01737718004733324,0.031219694018363893,0.0,0.09569545835256577
TRI_G,100,cashew/Data/Images/Anomaly/050.JPG,1,defect,32x34,4,4,0.031534451991319656,0.029613839089870454,0.030602626502513885,0.031649984419345856,0.03258180990815163,0.03329331949353218,0.029366642236709595,0.03347119688987732
TRI_G,100,cashew/Data/Images/Anomaly/050.JPG,1,clean_defect,32x34,4,0,,,,,,,,
TRI_G,100,cashew/Data/Images/Anomaly/050.JPG,1,boundary,32x34,4,4,0.031534451991319656,0.029613839089870454,0.030602626502513885,0.031649984419345856,0.03258180990815163,0.03329331949353218,0.029366642236709595,0.03347119688987732
TRI_G,101,cashew/Data/Images/Anomaly/051.JPG,1,abnormal_normal,32x34,3,1084,0.012969938337947224,0.001083697378635407,0.005889203865081072,0.010671433061361313,0.017045263200998306,0.03234401028603315,0.0,0.0972130224108696
TRI_G,101,cashew/Data/Images/Anomaly/051.JPG,1,defect,32x34,3,4,0.022403322160243988,0.01955934539437294,0.020668555051088333,0.021203748881816864,0.02293851599097252,0.026926701515913008,0.019282042980194092,0.027923747897148132
TRI_G,101,cashew/Data/Images/Anomaly/051.JPG,1,clean_defect,32x34,3,1,0.021276772022247314,0.021276772022247314,0.021276772022247314,0.021276772022247314,0.021276772022247314,0.021276772022247314,0.021276772022247314,0.021276772022247314
TRI_G,101,cashew/Data/Images/Anomaly/051.JPG,1,boundary,32x34,3,3,0.022778838872909546,0.019466911256313325,0.020206384360790253,0.021130725741386414,0.024527236819267273,0.02724444568157196,0.019282042980194092,0.027923747897148132
TRI_G,102,cashew/Data/Images/Anomaly/052.JPG,1,abnormal_normal,32x34,4,1084,0.01326867632698474,0.0011590354144573212,0.006095753982663155,0.01102285087108612,0.018620114773511887,0.032073964923620205,0.0,0.07041051238775253
TRI_G,102,cashew/Data/Images/Anomaly/052.JPG,1,defect,32x34,4,4,0.0071607306599617004,0.0005533508956432344,0.0027667544782161713,0.006222613155841827,0.010616589337587357,0.015081474930047986,0.0,0.016197696328163147
TRI_G,102,cashew/Data/Images/Anomaly/052.JPG,1,clean_defect,32x34,4,0,,,,,,,,
TRI_G,102,cashew/Data/Images/Anomaly/052.JPG,1,boundary,32x34,4,4,0.0071607306599617004,0.0005533508956432344,0.0027667544782161713,0.006222613155841827,0.010616589337587357,0.015081474930047986,0.0,0.016197696328163147
TRI_G,103,cashew/Data/Images/Anomaly/053.JPG,1,abnormal_normal,32x34,5,1083,0.012665868945770646,0.0008733585476875305,0.005375485867261887,0.01012798398733139,0.017419202253222466,0.03245404362678527,0.0,0.07854966074228287
TRI_G,103,cashew/Data/Images/Anomaly/053.JPG,1,defect,32x34,5,5,0.015653182566165925,0.007995502650737762,0.00990227609872818,0.01527823880314827,0.02242720127105713,0.022996950149536132,0.007518809288740158,0.023139387369155884
TRI_G,103,cashew/Data/Images/Anomaly/053.JPG,1,clean_defect,32x34,5,0,,,,,,,,
TRI_G,103,cashew/Data/Images/Anomaly/053.JPG,1,boundary,32x34,5,5,0.015653182566165925,0.007995502650737762,0.00990227609872818,0.01527823880314827,0.02242720127105713,0.022996950149536132,0.007518809288740158,0.023139387369155884
TRI_G,104,cashew/Data/Images/Anomaly/054.JPG,1,abnormal_normal,32x34,4,1083,0.01280598393757505,0.0012928187847137452,0.005249720066785812,0.01070745661854744,0.017258478328585625,0.03272801339626309,0.0,0.05830850452184677
TRI_G,104,cashew/Data/Images/Anomaly/054.JPG,1,defect,32x34,4,5,0.025645669549703598,0.016502198576927186,0.018865272402763367,0.028147008270025253,0.03250564634799957,0.03274032175540924,0.01591143012046814,0.03279899060726166
TRI_G,104,cashew/Data/Images/Anomaly/054.JPG,1,clean_defect,32x34,4,1,0.01591143012046814,0.01591143012046814,0.01591143012046814,0.01591143012046814,0.01591143012046814,0.01591143012046814,0.01591143012046814,0.01591143012046814
TRI_G,104,cashew/Data/Images/Anomaly/054.JPG,1,boundary,32x34,4,4,0.028079229407012463,0.02025753278285265,0.02582657430320978,0.030326327309012413,0.032578982412815094,0.032754988968372346,0.018865272402763367,0.03279899060726166
TRI_G,105,cashew/Data/Images/Anomaly/055.JPG,1,abnormal_normal,32x34,2,1086,0.012394301829993395,0.0006377892568707466,0.004874986596405506,0.010138352401554585,0.016963249072432518,0.03178373537957668,0.0,0.13450241088867188
TRI_G,105,cashew/Data/Images/Anomaly/055.JPG,1,defect,32x34,2,2,0.016303740441799164,0.015583869069814682,0.015903811901807785,0.016303740441799164,0.016703668981790543,0.017023611813783646,0.015503883361816406,0.01710359752178192
TRI_G,105,cashew/Data/Images/Anomaly/055.JPG,1,clean_defect,32x34,2,0,,,,,,,,
TRI_G,105,cashew/Data/Images/Anomaly/055.JPG,1,boundary,32x34,2,2,0.016303740441799164,0.015583869069814682,0.015903811901807785,0.016303740441799164,0.016703668981790543,0.017023611813783646,0.015503883361816406,0.01710359752178192
TRI_G,106,cashew/Data/Images/Anomaly/056.JPG,1,abnormal_normal,32x34,5,1081,0.012046544779019704,0.0004414692521095276,0.004874609410762787,0.010064046829938889,0.016634903848171234,0.029812432825565338,0.0,0.10156548768281937
TRI_G,106,cashew/Data/Images/Anomaly/056.JPG,1,defect,32x34,5,7,0.01613638922572136,0.001997647061944008,0.009473314508795738,0.014794990420341492,0.019697047770023346,0.034100342914462074,3.725290298461914e-09,0.039819005876779556
TRI_G,106,cashew/Data/Images/Anomaly/056.JPG,1,clean_defect,32x34,5,2,0.01264805719256401,0.007257739081978798,0.00965343602001667,0.01264805719256401,0.01564267836511135,0.018038375303149223,0.00665881484746933,0.01863729953765869
TRI_G,106,cashew/Data/Images/Anomaly/056.JPG,1,boundary,32x34,5,5,0.017531722038984298,0.0024575658142566683,0.012287814170122147,0.014794990420341492,0.020756796002388,0.03600656390190124,3.725290298461914e-09,0.039819005876779556
TRI_G,107,cashew/Data/Images/Anomaly/057.JPG,1,abnormal_normal,32x34,2,1086,0.013310688778476765,0.0009514838457107544,0.005822154693305492,0.011010441929101944,0.01772329304367304,0.03263686317950487,0.0,0.07777859270572662
TRI_G,107,cashew/Data/Images/Anomaly/057.JPG,1,defect,32x34,2,2,0.0423332154750824,0.020224584639072417,0.030050642788410187,0.0423332154750824,0.05461578816175461,0.06444184631109237,0.017768070101737976,0.06689836084842682
TRI_G,107,cashew/Data/Images/Anomaly/057.JPG,1,clean_defect,32x34,2,0,,,,,,,,
TRI_G,107,cashew/Data/Images/Anomaly/057.JPG,1,boundary,32x34,2,2,0.0423332154750824,0.020224584639072417,0.030050642788410187,0.0423332154750824,0.05461578816175461,0.06444184631109237,0.017768070101737976,0.06689836084842682
TRI_G,108,cashew/Data/Images/Anomaly/058.JPG,1,abnormal_normal,32x34,5,1083,0.012966373711325647,0.0009048255160450935,0.005303800106048584,0.010807797312736511,0.018442105501890182,0.03239745236933227,0.0,0.07639141380786896
TRI_G,108,cashew/Data/Images/Anomaly/058.JPG,1,defect,32x34,5,5,0.01455647349357605,0.004299790412187576,0.010590437799692154,0.013638935983181,0.018487796187400818,0.02556801438331604,0.002727128565311432,0.027338068932294846
TRI_G,108,cashew/Data/Images/Anomaly/058.JPG,1,clean_defect,32x34,5,0,,,,,,,,
TRI_G,108,cashew/Data/Images/Anomaly/058.JPG,1,boundary,32x34,5,5,0.01455647349357605,0.004299790412187576,0.010590437799692154,0.013638935983181,0.018487796187400818,0.02556801438331604,0.002727128565311432,0.027338068932294846
TRI_G,109,cashew/Data/Images/Anomaly/059.JPG,1,abnormal_normal,32x34,2,1085,0.012943693980025256,0.001048184558749199,0.005687020719051361,0.010596375912427902,0.017322365194559097,0.033656450361013404,0.0,0.09787542372941971
TRI_G,109,cashew/Data/Images/Anomaly/059.JPG,1,defect,32x34,2,3,0.029586536188920338,0.01382550671696663,0.022399965673685074,0.03311803936958313,0.038538858294487,0.042875513434410095,0.011681891977787018,0.04395967721939087
TRI_G,109,cashew/Data/Images/Anomaly/059.JPG,1,clean_defect,32x34,2,1,0.04395967721939087,0.04395967721939087,0.04395967721939087,0.04395967721939087,0.04395967721939087,0.04395967721939087,0.04395967721939087,0.04395967721939087
TRI_G,109,cashew/Data/Images/Anomaly/059.JPG,1,boundary,32x34,2,2,0.022399965673685074,0.012753699347376824,0.017040928825736046,0.022399965673685074,0.027759002521634102,0.032046231999993326,0.011681891977787018,0.03311803936958313
TRI_G,110,cashew/Data/Images/Anomaly/060.JPG,1,abnormal_normal,32x34,8,1079,0.013183718359061587,0.0012582663446664812,0.005802502855658531,0.010668814182281494,0.017868921160697937,0.0342868685722351,0.0,0.06911854445934296
TRI_G,110,cashew/Data/Images/Anomaly/060.JPG,1,defect,32x34,8,9,0.01602922918068038,0.00592704713344574,0.01202249526977539,0.01852002739906311,0.021276935935020447,0.02252541482448578,0.0019690990447998047,0.0227048397064209
TRI_G,110,cashew/Data/Images/Anomaly/060.JPG,1,clean_defect,32x34,8,1,0.0019690990447998047,0.0019690990447998047,0.0019690990447998047,0.0019690990447998047,0.0019690990447998047,0.0019690990447998047,0.0019690990447998047,0.0019690990447998047
TRI_G,110,cashew/Data/Images/Anomaly/060.JPG,1,boundary,32x34,8,8,0.017786745447665453,0.011919453367590904,0.013668938539922237,0.018975846469402313,0.02152177132666111,0.02254784293472767,0.011863969266414642,0.0227048397064209
TRI_G,111,cashew/Data/Images/Anomaly/061.JPG,1,abnormal_normal,32x34,6,1082,0.012214584156437029,0.0010478030890226366,0.005239636637270451,0.010176746174693108,0.016429640352725983,0.030284780729562057,0.0,0.09572915732860565
TRI_G,111,cashew/Data/Images/Anomaly/061.JPG,1,defect,32x34,6,6,0.020898393044869106,0.01369798555970192,0.01494850218296051,0.0169462189078331,0.02057446725666523,0.03689221478998661,0.013336032629013062,0.04209540784358978
TRI_G,111,cashew/Data/Images/Anomaly/061.JPG,1,clean_defect,32x34,6,0,,,,,,,,
TRI_G,111,cashew/Data/Images/Anomaly/061.JPG,1,boundary,32x34,6,6,0.020898393044869106,0.01369798555970192,0.01494850218296051,0.0169462189078331,0.02057446725666523,0.03689221478998661,0.013336032629013062,0.04209540784358978
TRI_G,112,cashew/Data/Images/Anomaly/062.JPG,1,abnormal_normal,32x34,3,1085,0.011907776378198153,0.0009663116186857224,0.005156755447387695,0.00990484468638897,0.01620171219110489,0.029054693877696987,0.0,0.07557271420955658
TRI_G,112,cashew/Data/Images/Anomaly/062.JPG,1,defect,32x34,3,3,0.02413483460744222,0.004166178405284882,0.008614622056484222,0.014175176620483398,0.03467521816492081,0.05107525140047073,0.0030540674924850464,0.055175259709358215
TRI_G,112,cashew/Data/Images/Anomaly/062.JPG,1,clean_defect,32x34,3,0,,,,,,,,
TRI_G,112,cashew/Data/Images/Anomaly/062.JPG,1,boundary,32x34,3,3,0.02413483460744222,0.004166178405284882,0.008614622056484222,0.014175176620483398,0.03467521816492081,0.05107525140047073,0.0030540674924850464,0.055175259709358215
TRI_G,113,cashew/Data/Images/Anomaly/063.JPG,1,abnormal_normal,32x34,1,1087,0.012639871693071469,0.0009330715984106067,0.005350668914616108,0.009998243302106857,0.01674831099808216,0.03217861019074918,0.0,0.08929269015789032
TRI_G,113,cashew/Data/Images/Anomaly/063.JPG,1,defect,32x34,1,1,0.014562234282493591,0.014562234282493591,0.014562234282493591,0.014562234282493591,0.014562234282493591,0.014562234282493591,0.014562234282493591,0.014562234282493591
TRI_G,113,cashew/Data/Images/Anomaly/063.JPG,1,clean_defect,32x34,1,0,,,,,,,,
TRI_G,113,cashew/Data/Images/Anomaly/063.JPG,1,boundary,32x34,1,1,0.014562234282493591,0.014562234282493591,0.014562234282493591,0.014562234282493591,0.014562234282493591,0.014562234282493591,0.014562234282493591,0.014562234282493591
TRI_G,114,cashew/Data/Images/Anomaly/064.JPG,1,abnormal_normal,32x34,4,1084,0.012990741997379878,0.0015226643532514573,0.005483535118401051,0.010617252439260483,0.017144136130809784,0.03265326321125028,0.0,0.09673745930194855
TRI_G,114,cashew/Data/Images/Anomaly/064.JPG,1,defect,32x34,4,4,0.02747623808681965,0.011986599117517472,0.013308633118867874,0.014318481087684631,0.028486086055636406,0.061386736854910834,0.01165609061717987,0.06961189955472946
TRI_G,114,cashew/Data/Images/Anomaly/064.JPG,1,clean_defect,32x34,4,0,,,,,,,,
TRI_G,114,cashew/Data/Images/Anomaly/064.JPG,1,boundary,32x34,4,4,0.02747623808681965,0.011986599117517472,0.013308633118867874,0.014318481087684631,0.028486086055636406,0.061386736854910834,0.01165609061717987,0.06961189955472946
TRI_G,115,cashew/Data/Images/Anomaly/065.JPG,1,abnormal_normal,32x34,5,1083,0.012010438059003455,0.0006518136709928512,0.004663568921387196,0.009702667593955994,0.016675861552357674,0.030195426568388938,0.0,0.07708057761192322
TRI_G,115,cashew/Data/Images/Anomaly/065.JPG,1,defect,32x34,5,5,0.03822070360183716,0.028385472297668458,0.03696340322494507,0.0400572270154953,0.0411112904548645,0.04560674428939819,0.026240989565849304,0.046730607748031616
TRI_G,115,cashew/Data/Images/Anomaly/065.JPG,1,clean_defect,32x34,5,0,,,,,,,,
TRI_G,115,cashew/Data/Images/Anomaly/065.JPG,1,boundary,32x34,5,5,0.03822070360183716,0.028385472297668458,0.03696340322494507,0.0400572270154953,0.0411112904548645,0.04560674428939819,0.026240989565849304,0.046730607748031616
TRI_G,116,cashew/Data/Images/Anomaly/066.JPG,1,abnormal_normal,32x34,3,1085,0.013080955053838442,0.0013162843883037568,0.006186863407492638,0.011216819286346436,0.017871446907520294,0.032685252279043196,0.0,0.061567358672618866
TRI_G,116,cashew/Data/Images/Anomaly/066.JPG,1,defect,32x34,3,3,0.006222898761431376,0.0013815999031066895,0.0020461082458496094,0.0028767436742782593,0.008726611733436584,0.013406506180763243,0.0012154728174209595,0.01457647979259491
TRI_G,116,cashew/Data/Images/Anomaly/066.JPG,1,clean_defect,32x34,3,0,,,,,,,,
TRI_G,116,cashew/Data/Images/Anomaly/066.JPG,1,boundary,32x34,3,3,0.006222898761431376,0.0013815999031066895,0.0020461082458496094,0.0028767436742782593,0.008726611733436584,0.013406506180763243,0.0012154728174209595,0.01457647979259491
TRI_G,117,cashew/Data/Images/Anomaly/067.JPG,1,abnormal_normal,32x34,2,1086,0.01276605234706078,0.0010656435042619705,0.005369390361011028,0.010288756340742111,0.017819573171436787,0.031994535587728024,0.0,0.06731703132390976
TRI_G,117,cashew/Data/Images/Anomaly/067.JPG,1,defect,32x34,2,2,0.008175373077392578,0.006675957888364792,0.007342364639043808,0.008175373077392578,0.009008381515741348,0.009674788266420365,0.006509356200695038,0.009841389954090118
TRI_G,117,cashew/Data/Images/Anomaly/067.JPG,1,clean_defect,32x34,2,0,,,,,,,,
TRI_G,117,cashew/Data/Images/Anomaly/067.JPG,1,boundary,32x34,2,2,0.008175373077392578,0.006675957888364792,0.007342364639043808,0.008175373077392578,0.009008381515741348,0.009674788266420365,0.006509356200695038,0.009841389954090118
TRI_G,118,cashew/Data/Images/Anomaly/068.JPG,1,abnormal_normal,32x34,6,1082,0.013385188276061786,0.0013508407399058344,0.00579722598195076,0.01094483770430088,0.017869632691144943,0.03373001180589199,0.0,0.08270977437496185
TRI_G,118,cashew/Data/Images/Anomaly/068.JPG,1,defect,32x34,6,6,0.025685110439856846,0.02060682512819767,0.022558821365237236,0.025033488869667053,0.02869235724210739,0.03160298243165016,0.020136386156082153,0.03226138651371002
TRI_G,118,cashew/Data/Images/Anomaly/068.JPG,1,clean_defect,32x34,6,0,,,,,,,,
TRI_G,118,cashew/Data/Images/Anomaly/068.JPG,1,boundary,32x34,6,6,0.025685110439856846,0.02060682512819767,0.022558821365237236,0.025033488869667053,0.02869235724210739,0.03160298243165016,0.020136386156082153,0.03226138651371002
TRI_G,119,cashew/Data/Images/Anomaly/069.JPG,1,abnormal_normal,32x34,4,1084,0.01212381941139203,0.0008010985329747202,0.00502190412953496,0.010032307356595993,0.01652539148926735,0.03060161173343657,0.0,0.06168045848608017
TRI_G,119,cashew/Data/Images/Anomaly/069.JPG,1,defect,32x34,4,4,0.027319648303091526,0.01565478667616844,0.016026299446821213,0.021883554756641388,0.0331769036129117,0.04659504089504479,0.015561908483505249,0.04994957521557808
TRI_G,119,cashew/Data/Images/Anomaly/069.JPG,1,clean_defect,32x34,4,0,,,,,,,,
TRI_G,119,cashew/Data/Images/Anomaly/069.JPG,1,boundary,32x34,4,4,0.027319648303091526,0.01565478667616844,0.016026299446821213,0.021883554756641388,0.0331769036129117,0.04659504089504479,0.015561908483505249,0.04994957521557808
TRI_G,120,cashew/Data/Images/Anomaly/070.JPG,1,abnormal_normal,32x34,2,1086,0.013074586557268987,0.0012424429878592491,0.005390552803874016,0.01065211370587349,0.017562036402523518,0.03221308719366789,0.0,0.07800484448671341
TRI_G,120,cashew/Data/Images/Anomaly/070.JPG,1,defect,32x34,2,2,0.017286181449890137,0.016096675395965578,0.01662534475326538,0.017286181449890137,0.017947018146514893,0.018475687503814696,0.015964508056640625,0.01860785484313965
TRI_G,120,cashew/Data/Images/Anomaly/070.JPG,1,clean_defect,32x34,2,0,,,,,,,,
TRI_G,120,cashew/Data/Images/Anomaly/070.JPG,1,boundary,32x34,2,2,0.017286181449890137,0.016096675395965578,0.01662534475326538,0.017286181449890137,0.017947018146514893,0.018475687503814696,0.015964508056640625,0.01860785484313965
TRI_G,121,cashew/Data/Images/Anomaly/071.JPG,1,abnormal_normal,32x34,3,1085,0.01273299974779929,0.0013265863060951235,0.005677506327629089,0.010755389928817749,0.01706821098923683,0.031541182100772856,0.0,0.07036176323890686
TRI_G,121,cashew/Data/Images/Anomaly/071.JPG,1,defect,32x34,3,3,0.01639515906572342,0.010153187066316604,0.013607654720544815,0.017925739288330078,0.019947953522205353,0.021565724909305573,0.009289570152759552,0.021970167756080627
TRI_G,121,cashew/Data/Images/Anomaly/071.JPG,1,clean_defect,32x34,3,0,,,,,,,,
TRI_G,121,cashew/Data/Images/Anomaly/071.JPG,1,boundary,32x34,3,3,0.01639515906572342,0.010153187066316604,0.013607654720544815,0.017925739288330078,0.019947953522205353,0.021565724909305573,0.009289570152759552,0.021970167756080627
TRI_G,122,cashew/Data/Images/Anomaly/072.JPG,1,abnormal_normal,32x34,4,1084,0.012516216611200977,0.0013940071687102318,0.005722067318856716,0.010281773284077644,0.017165750730782747,0.030788589268922802,0.0,0.056686606258153915
TRI_G,122,cashew/Data/Images/Anomaly/072.JPG,1,defect,32x34,4,4,0.01689251884818077,0.00808514580130577,0.015676449984312057,0.019648082554340363,0.020864151418209076,0.021842102706432342,0.006187319755554199,0.02208659052848816
TRI_G,122,cashew/Data/Images/Anomaly/072.JPG,1,clean_defect,32x34,4,0,,,,,,,,
TRI_G,122,cashew/Data/Images/Anomaly/072.JPG,1,boundary,32x34,4,4,0.01689251884818077,0.00808514580130577,0.015676449984312057,0.019648082554340363,0.020864151418209076,0.021842102706432342,0.006187319755554199,0.02208659052848816
TRI_G,123,cashew/Data/Images/Anomaly/073.JPG,1,abnormal_normal,32x34,2,1086,0.012592106038347765,0.0011168182827532291,0.005480153486132622,0.010476887226104736,0.017214528284966946,0.031422778964042664,0.0,0.07169335335493088
TRI_G,123,cashew/Data/Images/Anomaly/073.JPG,1,defect,32x34,2,2,0.007853269577026367,0.005105467140674591,0.006326712667942047,0.007853269577026367,0.009379826486110687,0.010601072013378144,0.004800155758857727,0.010906383395195007
TRI_G,123,cashew/Data/Images/Anomaly/073.JPG,1,clean_defect,32x34,2,0,,,,,,,,
TRI_G,123,cashew/Data/Images/Anomaly/073.JPG,1,boundary,32x34,2,2,0.007853269577026367,0.005105467140674591,0.006326712667942047,0.007853269577026367,0.009379826486110687,0.010601072013378144,0.004800155758857727,0.010906383395195007
TRI_G,124,cashew/Data/Images/Anomaly/074.JPG,1,abnormal_normal,32x34,4,1084,0.012106180313039859,0.0011552207171916962,0.0054277898743748665,0.009894303977489471,0.01601632498204708,0.03243010714650152,0.0,0.06573188304901123
TRI_G,124,cashew/Data/Images/Anomaly/074.JPG,1,defect,32x34,4,4,0.024586111307144165,0.006119900196790695,0.010206665843725204,0.018538326025009155,0.032917771488428116,0.05151922181248664,0.005098208785057068,0.05616958439350128
TRI_G,124,cashew/Data/Images/Anomaly/074.JPG,1,clean_defect,32x34,4,0,,,,,,,,
TRI_G,124,cashew/Data/Images/Anomaly/074.JPG,1,boundary,32x34,4,4,0.024586111307144165,0.006119900196790695,0.010206665843725204,0.018538326025009155,0.032917771488428116,0.05151922181248664,0.005098208785057068,0.05616958439350128
TRI_G,125,cashew/Data/Images/Anomaly/075.JPG,1,abnormal_normal,32x34,5,1083,0.01283468955152583,0.0012752335518598557,0.005744023248553276,0.010991260409355164,0.017322152853012085,0.030562770739197692,0.0,0.06441682577133179
TRI_G,125,cashew/Data/Images/Anomaly/075.JPG,1,defect,32x34,5,5,0.012787540256977082,0.0019260689616203309,0.005461178719997406,0.015314817428588867,0.01853228360414505,0.022576160728931427,0.001042291522026062,0.02358713001012802
TRI_G,125,cashew/Data/Images/Anomaly/075.JPG,1,clean_defect,32x34,5,0,,,,,,,,
TRI_G,125,cashew/Data/Images/Anomaly/075.JPG,1,boundary,32x34,5,5,0.012787540256977082,0.0019260689616203309,0.005461178719997406,0.015314817428588867,0.01853228360414505,0.022576160728931427,0.001042291522026062,0.02358713001012802
TRI_G,126,cashew/Data/Images/Anomaly/076.JPG,1,abnormal_normal,32x34,5,1083,0.01240549775636785,0.0010235618799924852,0.0055729784071445465,0.010236602276563644,0.01693289540708065,0.03129129558801649,0.0,0.07345076650381088
TRI_G,126,cashew/Data/Images/Anomaly/076.JPG,1,defect,32x34,5,5,0.013579928874969482,0.002488940954208374,0.004792362451553345,0.014535874128341675,0.01544131338596344,0.02806186974048614,0.0019130855798721313,0.03121700882911682
TRI_G,126,cashew/Data/Images/Anomaly/076.JPG,1,clean_defect,32x34,5,0,,,,,,,,
TRI_G,126,cashew/Data/Images/Anomaly/076.JPG,1,boundary,32x34,5,5,0.013579928874969482,0.002488940954208374,0.004792362451553345,0.014535874128341675,0.01544131338596344,0.02806186974048614,0.0019130855798721313,0.03121700882911682
TRI_G,127,cashew/Data/Images/Anomaly/077.JPG,1,abnormal_normal,32x34,6,1082,0.012888603974581315,0.001347402296960354,0.005736440420150757,0.010519346222281456,0.017530391924083233,0.03183839917182922,0.0,0.0917154848575592
TRI_G,127,cashew/Data/Images/Anomaly/077.JPG,1,defect,32x34,6,6,0.0182329627374808,0.007248075678944588,0.011134514585137367,0.017616793513298035,0.025820240378379822,0.029610827565193176,0.006054908037185669,0.030580803751945496
TRI_G,127,cashew/Data/Images/Anomaly/077.JPG,1,clean_defect,32x34,6,0,,,,,,,,
TRI_G,127,cashew/Data/Images/Anomaly/077.JPG,1,boundary,32x34,6,6,0.0182329627374808,0.007248075678944588,0.011134514585137367,0.017616793513298035,0.025820240378379822,0.029610827565193176,0.006054908037185669,0.030580803751945496
TRI_G,128,cashew/Data/Images/Anomaly/078.JPG,1,abnormal_normal,32x34,3,1085,0.012983945418956092,0.0013661399483680726,0.00595657154917717,0.011117082089185715,0.01741616055369377,0.03162434399127959,0.0,0.0832064151763916
TRI_G,128,cashew/Data/Images/Anomaly/078.JPG,1,defect,32x34,3,3,0.033185223738352455,0.022731491923332216,0.025314077734947205,0.028542309999465942,0.03873491287231445,0.04688899517059326,0.022085845470428467,0.048927515745162964
TRI_G,128,cashew/Data/Images/Anomaly/078.JPG,1,clean_defect,32x34,3,0,,,,,,,,
TRI_G,128,cashew/Data/Images/Anomaly/078.JPG,1,boundary,32x34,3,3,0.033185223738352455,0.022731491923332216,0.025314077734947205,0.028542309999465942,0.03873491287231445,0.04688899517059326,0.022085845470428467,0.048927515745162964
TRI_G,129,cashew/Data/Images/Anomaly/079.JPG,1,abnormal_normal,32x34,11,1077,0.012535869787268153,0.0009212564677000046,0.0053902268409729,0.010439518839120865,0.01660754531621933,0.03275742977857588,0.0,0.08141661435365677
TRI_G,129,cashew/Data/Images/Anomaly/079.JPG,1,defect,32x34,11,11,0.03119508515704762,0.010195709764957428,0.01966528594493866,0.03397688269615173,0.041022755205631256,0.05093593895435333,0.00710199773311615,0.05328911542892456
TRI_G,129,cashew/Data/Images/Anomaly/079.JPG,1,clean_defect,32x34,11,0,,,,,,,,
TRI_G,129,cashew/Data/Images/Anomaly/079.JPG,1,boundary,32x34,11,11,0.03119508515704762,0.010195709764957428,0.01966528594493866,0.03397688269615173,0.041022755205631256,0.05093593895435333,0.00710199773311615,0.05328911542892456
TRI_G,130,cashew/Data/Images/Anomaly/080.JPG,1,abnormal_normal,32x34,6,1081,0.01322772240767619,0.0011378563940525055,0.005938548594713211,0.010679572820663452,0.017974380403757095,0.032179951667785645,0.0,0.07325755804777145
TRI_G,130,cashew/Data/Images/Anomaly/080.JPG,1,defect,32x34,6,7,0.03353398399693625,0.024042807519435883,0.024114176630973816,0.03367623686790466,0.04256093502044678,0.0436602920293808,0.02404211461544037,0.043669313192367554
TRI_G,130,cashew/Data/Images/Anomaly/080.JPG,1,clean_defect,32x34,6,1,0.04363924264907837,0.04363924264907837,0.04363924264907837,0.04363924264907837,0.04363924264907837,0.04363924264907837,0.04363924264907837,0.04363924264907837
TRI_G,130,cashew/Data/Images/Anomaly/080.JPG,1,boundary,32x34,6,6,0.03184977422157923,0.02404269203543663,0.024079300463199615,0.02893008291721344,0.039531029760837555,0.04312264174222946,0.02404211461544037,0.043669313192367554
TRI_G,131,cashew/Data/Images/Anomaly/081.JPG,1,abnormal_normal,32x34,9,1079,0.013078032361828584,0.0012631356716156007,0.005686622112989426,0.010551795363426208,0.017198216170072556,0.034242955222725774,0.0,0.07700423896312714
TRI_G,131,cashew/Data/Images/Anomaly/081.JPG,1,defect,32x34,9,9,0.022108871903684404,0.004859232902526856,0.013523779809474945,0.016260430216789246,0.031132876873016357,0.04557871222496032,0.0,0.05198487639427185
TRI_G,131,cashew/Data/Images/Anomaly/081.JPG,1,clean_defect,32x34,9,0,,,,,,,,
TRI_G,131,cashew/Data/Images/Anomaly/081.JPG,1,boundary,32x34,9,9,0.022108871903684404,0.004859232902526856,0.013523779809474945,0.016260430216789246,0.031132876873016357,0.04557871222496032,0.0,0.05198487639427185
TRI_G,132,cashew/Data/Images/Anomaly/082.JPG,1,abnormal_normal,32x34,7,1080,0.012857736798900146,0.0008980271406471731,0.0052705672569572926,0.010591638274490833,0.01794788334518671,0.03171518724411726,0.0,0.06654241681098938
TRI_G,132,cashew/Data/Images/Anomaly/082.JPG,1,defect,32x34,7,8,0.024591326247900724,0.007215295173227787,0.018272019922733307,0.02505263313651085,0.03486616164445877,0.03784171193838119,0.004207435995340347,0.037995994091033936
TRI_G,132,cashew/Data/Images/Anomaly/082.JPG,1,clean_defect,32x34,7,1,0.037555187940597534,0.037555187940597534,0.037555187940597534,0.037555187940597534,0.037555187940597534,0.037555187940597534,0.037555187940597534,0.037555187940597534
TRI_G,132,cashew/Data/Images/Anomaly/082.JPG,1,boundary,32x34,7,7,0.022739346006086895,0.006785601004958153,0.016448453068733215,0.02416740357875824,0.029953841120004654,0.03678814172744751,0.004207435995340347,0.037995994091033936
TRI_G,133,cashew/Data/Images/Anomaly/083.JPG,1,abnormal_normal,32x34,12,1075,0.012325643541854482,0.0011643286794424058,0.005379011854529381,0.010147947818040848,0.016815446317195892,0.030646728537976713,0.0,0.056953445076942444
TRI_G,133,cashew/Data/Images/Anomaly/083.JPG,1,defect,32x34,12,13,0.016400293948558662,0.00507795810699463,0.009030520915985107,0.012473806738853455,0.02321784198284149,0.0349119074642658,0.0,0.046929895877838135
TRI_G,133,cashew/Data/Images/Anomaly/083.JPG,1,clean_defect,32x34,12,1,0.01459270715713501,0.01459270715713501,0.01459270715713501,0.01459270715713501,0.01459270715713501,0.01459270715713501,0.01459270715713501,0.01459270715713501
TRI_G,133,cashew/Data/Images/Anomaly/083.JPG,1,boundary,32x34,12,12,0.0165509261811773,0.004654794931411743,0.008893271908164024,0.012308470904827118,0.023568104952573776,0.03591340649873017,0.0,0.046929895877838135
TRI_G,134,cashew/Data/Images/Anomaly/084.JPG,1,abnormal_normal,32x34,13,1075,0.013267871480175228,0.0008766477927565575,0.005179762840270996,0.010800283402204514,0.018146313726902008,0.03587405569851398,0.0,0.08797766268253326
TRI_G,134,cashew/Data/Images/Anomaly/084.JPG,1,defect,32x34,13,13,0.01799975851407418,0.006738398224115372,0.011858701705932617,0.02056799829006195,0.0219438336789608,0.02941789627075194,0.00502072274684906,0.03481560945510864
TRI_G,134,cashew/Data/Images/Anomaly/084.JPG,1,clean_defect,32x34,13,0,,,,,,,,
TRI_G,134,cashew/Data/Images/Anomaly/084.JPG,1,boundary,32x34,13,13,0.01799975851407418,0.006738398224115372,0.011858701705932617,0.02056799829006195,0.0219438336789608,0.02941789627075194,0.00502072274684906,0.03481560945510864
TRI_G,135,cashew/Data/Images/Anomaly/085.JPG,1,abnormal_normal,32x34,11,1077,0.013491965446382512,0.0008949048817157746,0.0058470219373703,0.011091452091932297,0.018543384969234467,0.033485424518585175,0.0,0.07312991470098495
TRI_G,135,cashew/Data/Images/Anomaly/085.JPG,1,defect,32x34,11,11,0.027643707665530117,0.012332741171121597,0.02030244469642639,0.023931950330734253,0.03386818990111351,0.04785248637199402,0.007943786680698395,0.04803609848022461
TRI_G,135,cashew/Data/Images/Anomaly/085.JPG,1,clean_defect,32x34,11,0,,,,,,,,
TRI_G,135,cashew/Data/Images/Anomaly/085.JPG,1,boundary,32x34,11,11,0.027643707665530117,0.012332741171121597,0.02030244469642639,0.023931950330734253,0.03386818990111351,0.04785248637199402,0.007943786680698395,0.04803609848022461
TRI_G,136,cashew/Data/Images/Anomaly/086.JPG,1,abnormal_normal,32x34,9,1078,0.012929506815887006,0.0010389380156993868,0.00556683586910367,0.010779033415019512,0.017931831534951925,0.03168287798762321,0.0,0.06762638688087463
TRI_G,136,cashew/Data/Images/Anomaly/086.JPG,1,defect,32x34,9,10,0.015424465760588646,0.007341254502534866,0.008700200356543064,0.01372956857085228,0.018976833671331406,0.02975747287273407,0.0069826096296310425,0.02977815270423889
TRI_G,136,cashew/Data/Images/Anomaly/086.JPG,1,clean_defect,32x34,9,1,0.013715669512748718,0.013715669512748718,0.013715669512748718,0.013715669512748718,0.013715669512748718,0.013715669512748718,0.013715669512748718,0.013715669512748718
TRI_G,136,cashew/Data/Images/Anomaly/086.JPG,1,boundary,32x34,9,9,0.015614332010348638,0.007301405072212219,0.008382365107536316,0.013743467628955841,0.020715221762657166,0.02975977063179016,0.0069826096296310425,0.02977815270423889
TRI_G,137,cashew/Data/Images/Anomaly/087.JPG,1,abnormal_normal,32x34,11,1077,0.012235132096198663,0.0014017459005117425,0.005555868148803711,0.009922884404659271,0.016443252563476562,0.029733815789222715,0.0,0.10051257163286209
TRI_G,137,cashew/Data/Images/Anomaly/087.JPG,1,defect,32x34,11,11,0.011926979503848335,0.004762217402458191,0.008281145244836807,0.012341976165771484,0.014756523072719574,0.0196329727768898,0.003956779837608337,0.01977609097957611
TRI_G,137,cashew/Data/Images/Anomaly/087.JPG,1,clean_defect,32x34,11,0,,,,,,,,
TRI_G,137,cashew/Data/Images/Anomaly/087.JPG,1,boundary,32x34,11,11,0.011926979503848335,0.004762217402458191,0.008281145244836807,0.012341976165771484,0.014756523072719574,0.0196329727768898,0.003956779837608337,0.01977609097957611
TRI_G,138,cashew/Data/Images/Anomaly/088.JPG,1,abnormal_normal,32x34,7,1079,0.013249696785647963,0.001269380748271942,0.005466233938932419,0.011038105934858322,0.018547412008047104,0.03268640711903572,0.0,0.09482955187559128
TRI_G,138,cashew/Data/Images/Anomaly/088.JPG,1,defect,32x34,7,9,0.02118667546245787,0.006937350332736969,0.00976099818944931,0.019687384366989136,0.027683943510055542,0.039915508031845084,0.006209038197994232,0.045310765504837036
TRI_G,138,cashew/Data/Images/Anomaly/088.JPG,1,clean_defect,32x34,7,2,0.03649735450744629,0.028565284609794617,0.032090649008750916,0.03649735450744629,0.04090406000614166,0.04442942440509796,0.027683943510055542,0.045310765504837036
TRI_G,138,cashew/Data/Images/Anomaly/088.JPG,1,boundary,32x34,7,7,0.01681219573531832,0.006755272299051285,0.008895408362150192,0.018445394933223724,0.02170874923467636,0.029394869506359094,0.006209038197994232,0.03182262182235718
TRI_G,139,cashew/Data/Images/Anomaly/089.JPG,1,abnormal_normal,32x34,13,1073,0.012379901034050974,0.0009200617671012879,0.005325280129909515,0.010143086314201355,0.01668703556060791,0.029905130714178083,0.0,0.08863110840320587
TRI_G,139,cashew/Data/Images/Anomaly/089.JPG,1,defect,32x34,13,15,0.019365427643060686,0.0016976546496152878,0.015507660806179047,0.021983414888381958,0.025672756135463715,0.029890928789973254,0.001525048166513443,0.033402010798454285
TRI_G,139,cashew/Data/Images/Anomaly/089.JPG,1,clean_defect,32x34,13,2,0.024748198688030243,0.016959767788648605,0.020421292632818222,0.024748198688030243,0.029075104743242264,0.03253662958741188,0.0160943865776062,0.033402010798454285
TRI_G,139,cashew/Data/Images/Anomaly/089.JPG,1,boundary,32x34,13,13,0.018537309020757675,0.0016729965806007384,0.014920935034751892,0.021983414888381958,0.024530678987503052,0.027812470495700833,0.001525048166513443,0.028386179357767105
TRI_G,140,cashew/Data/Images/Anomaly/090.JPG,1,abnormal_normal,32x34,10,1076,0.012268053653362625,0.0007486101239919662,0.005418159067630768,0.00999898836016655,0.016496374271810055,0.030352233909070492,0.0,0.14348363876342773
TRI_G,140,cashew/Data/Images/Anomaly/090.JPG,1,defect,32x34,10,12,0.022271016302208107,0.002711009792983532,0.009252481162548065,0.02100639045238495,0.03198219835758209,0.046554595977067945,0.0016979202628135681,0.04951911419630051
TRI_G,140,cashew/Data/Images/Anomaly/090.JPG,1,clean_defect,32x34,10,2,0.033055469393730164,0.023976768553256988,0.0280117467045784,0.033055469393730164,0.03809919208288193,0.042134170234203336,0.022968024015426636,0.04314291477203369
TRI_G,140,cashew/Data/Images/Anomaly/090.JPG,1,boundary,32x34,10,10,0.020114125683903694,0.002526811696588993,0.005955211818218231,0.018734291195869446,0.026525720953941345,0.04709359928965568,0.0016979202628135681,0.04951911419630051
TRI_G,141,cashew/Data/Images/Anomaly/091.JPG,1,abnormal_normal,32x34,5,1083,0.01230663489825535,0.0009198538959026336,0.004844926297664642,0.0099259614944458,0.017327645793557167,0.030896219238638854,0.0,0.06861598789691925
TRI_G,141,cashew/Data/Images/Anomaly/091.JPG,1,defect,32x34,5,5,0.02769259512424469,0.019651883840560914,0.020716458559036255,0.02383330464363098,0.0337984561920166,0.03934290409088135,0.019385740160942078,0.040729016065597534
TRI_G,141,cashew/Data/Images/Anomaly/091.JPG,1,clean_defect,32x34,5,0,,,,,,,,
TRI_G,141,cashew/Data/Images/Anomaly/091.JPG,1,boundary,32x34,5,5,0.02769259512424469,0.019651883840560914,0.020716458559036255,0.02383330464363098,0.0337984561920166,0.03934290409088135,0.019385740160942078,0.040729016065597534
TRI_G,142,cashew/Data/Images/Anomaly/092.JPG,1,abnormal_normal,32x34,20,1066,0.01186879936389024,0.00108012231066823,0.005138524807989597,0.009334670379757881,0.015938336960971355,0.030410509556531906,0.0,0.07811564952135086
TRI_G,142,cashew/Data/Images/Anomaly/092.JPG,1,defect,32x34,20,22,0.020038960501551628,0.0019223066046833992,0.005631502717733383,0.01935829594731331,0.03258837200701237,0.03925623595714569,0.0006274282932281494,0.039599284529685974
TRI_G,142,cashew/Data/Images/Anomaly/092.JPG,1,clean_defect,32x34,20,2,0.029838919639587402,0.02193034589290619,0.02544526755809784,0.029838919639587402,0.034232571721076965,0.037747493386268614,0.021051615476608276,0.03862622380256653
TRI_G,142,cashew/Data/Images/Anomaly/092.JPG,1,boundary,32x34,20,20,0.01905896458774805,0.0018041118979454042,0.004121885634958744,0.016643818467855453,0.03180008940398693,0.03930383250117302,0.0006274282932281494,0.039599284529685974
TRI_G,143,cashew/Data/Images/Anomaly/093.JPG,1,abnormal_normal,32x34,7,1080,0.012638657638389204,0.0008179611526429654,0.00501088984310627,0.009995542466640472,0.017453243024647236,0.031404963321983795,0.0,0.08852599561214447
TRI_G,143,cashew/Data/Images/Anomaly/093.JPG,1,defect,32x34,7,8,0.01601969636976719,0.0008852580562233926,0.0038790442049503326,0.012893684208393097,0.020579498261213303,0.04231293275952338,0.0005423203110694885,0.052056193351745605
TRI_G,143,cashew/Data/Images/Anomaly/093.JPG,1,clean_defect,32x34,7,1,0.019366562366485596,0.019366562366485596,0.019366562366485596,0.019366562366485596,0.019366562366485596,0.019366562366485596,0.019366562366485596,0.019366562366485596
TRI_G,143,cashew/Data/Images/Anomaly/093.JPG,1,boundary,32x34,7,7,0.015541572655950273,0.0008362669497728348,0.0030934102833271027,0.008966535329818726,0.020519569516181946,0.043704827129840834,0.0005423203110694885,0.052056193351745605
TRI_G,144,cashew/Data/Images/Anomaly/094.JPG,1,abnormal_normal,32x34,52,690,0.01268198543322691,0.0015274712815880782,0.0060087405145168304,0.0106771569699049,0.0173235684633255,0.030044045671820622,0.0,0.06962276995182037
TRI_G,144,cashew/Data/Images/Anomaly/094.JPG,1,defect,32x34,52,398,0.019336914606205183,0.0021251700818538666,0.01007247343659401,0.016605615615844727,0.025972537696361542,0.04546877741813658,0.0,0.08000721037387848
TRI_G,144,cashew/Data/Images/Anomaly/094.JPG,1,clean_defect,32x34,52,346,0.0192282847048058,0.0022330470383167267,0.0100267194211483,0.01662123203277588,0.026276402175426483,0.0448090024292469,0.0,0.08000721037387848
TRI_G,144,cashew/Data/Images/Anomaly/094.JPG,1,boundary,32x34,52,52,0.020059721257824164,0.0005190428346395493,0.0101889967918396,0.01582205295562744,0.02363654598593712,0.05165741667151449,7.450580596923828e-09,0.06869859993457794
TRI_G,145,cashew/Data/Images/Anomaly/095.JPG,1,abnormal_normal,32x34,45,796,0.0121135598132808,0.0013123666867613792,0.0054404279217123985,0.009724818170070648,0.01611463725566864,0.030327728018164635,0.0,0.0719648078083992
TRI_G,145,cashew/Data/Images/Anomaly/095.JPG,1,defect,32x34,45,292,0.019835304009587797,0.002587244659662247,0.010442439466714859,0.017468132078647614,0.027187030762434006,0.04184114709496498,0.0,0.06822434067726135
TRI_G,145,cashew/Data/Images/Anomaly/095.JPG,1,clean_defect,32x34,45,247,0.020413154170580722,0.004542165249586105,0.011297754943370819,0.018383949995040894,0.027494259178638458,0.04175449162721634,0.0,0.06822434067726135
TRI_G,145,cashew/Data/Images/Anomaly/095.JPG,1,boundary,32x34,45,45,0.01666354868147108,0.002347944676876068,0.006261378526687622,0.011832758784294128,0.02365271747112274,0.046448576450347875,0.0,0.05736769735813141
TRI_G,146,cashew/Data/Images/Anomaly/096.JPG,1,abnormal_normal,32x34,43,803,0.012468368893635376,0.0014599576592445374,0.00600699707865715,0.010367099195718765,0.016945412382483482,0.03043907284736633,0.0,0.06451196223497391
TRI_G,146,cashew/Data/Images/Anomaly/096.JPG,1,defect,32x34,43,285,0.01798320561647415,0.0024415254592895508,0.008891895413398743,0.015538617968559265,0.024121493101119995,0.04156707525253296,0.0,0.07005415856838226
TRI_G,146,cashew/Data/Images/Anomaly/096.JPG,1,clean_defect,32x34,43,242,0.018569393960897587,0.0024351663887500763,0.009431498125195503,0.016682378947734833,0.02479994297027588,0.04159896895289421,7.450580596923828e-09,0.07005415856838226
TRI_G,146,cashew/Data/Images/Anomaly/096.JPG,1,boundary,32x34,43,43,0.014684192143207373,0.002874034643173218,0.006307724863290787,0.010547362267971039,0.021729953587055206,0.03843137323856353,0.0,0.0494026318192482
TRI_G,147,cashew/Data/Images/Anomaly/097.JPG,1,abnormal_normal,32x34,42,750,0.0130642039415737,0.001523975655436516,0.006170087493956089,0.01116795465350151,0.017133934423327446,0.030480074137449256,0.0,0.07350791990756989
TRI_G,147,cashew/Data/Images/Anomaly/097.JPG,1,defect,32x34,42,338,0.01820920006586955,0.0026316072791814807,0.00874166190624237,0.015871208161115646,0.024390703067183495,0.04258828461170196,0.0,0.07376888394355774
TRI_G,147,cashew/Data/Images/Anomaly/097.JPG,1,clean_defect,32x34,42,296,0.018601168387544317,0.0030690543353557587,0.008832801133394241,0.016076527535915375,0.02454555779695511,0.04304597154259682,0.0,0.07376888394355774
TRI_G,147,cashew/Data/Images/Anomaly/097.JPG,1,boundary,32x34,42,42,0.015446756655971209,0.0006493955850601199,0.008666438981890678,0.013240154832601547,0.02177339605987072,0.03414994105696676,0.0,0.052637651562690735
TRI_G,148,cashew/Data/Images/Anomaly/098.JPG,1,abnormal_normal,32x34,40,810,0.012837454398381121,0.0012188693508505823,0.006059656850993633,0.010833237320184708,0.017262650653719902,0.030321401171386226,0.0,0.08559133112430573
TRI_G,148,cashew/Data/Images/Anomaly/098.JPG,1,defect,32x34,40,278,0.019361656125661708,0.0032362475991249084,0.010027248412370682,0.01620732992887497,0.0249200239777565,0.04226267971098422,0.0,0.09465070068836212
TRI_G,148,cashew/Data/Images/Anomaly/098.JPG,1,clean_defect,32x34,40,238,0.020020727905593498,0.0037265717983245854,0.010296300053596497,0.017082881182432175,0.025379003956913948,0.04377053529024121,7.539987564086914e-05,0.09465070068836212
TRI_G,148,cashew/Data/Images/Anomaly/098.JPG,1,boundary,32x34,40,40,0.015440179035067558,0.00021670162677764896,0.008186277002096176,0.012882068753242493,0.024199528619647026,0.03504544869065285,0.0,0.03709396719932556
TRI_G,149,cashew/Data/Images/Anomaly/099.JPG,1,abnormal_normal,32x34,42,770,0.01262346895218089,0.001511485129594803,0.006331375800073147,0.011097392998635769,0.016782453283667564,0.029126173630356782,0.0,0.07784726470708847
TRI_G,149,cashew/Data/Images/Anomaly/099.JPG,1,defect,32x34,42,318,0.01859762200371087,0.002903867885470391,0.00943978875875473,0.01618177816271782,0.025419484823942184,0.045279734581708905,0.0,0.07165452837944031
TRI_G,149,cashew/Data/Images/Anomaly/099.JPG,1,clean_defect,32x34,42,276,0.018203356498987345,0.003964481875300407,0.009420651942491531,0.015915125608444214,0.02489227056503296,0.042467109858989716,0.0,0.07165452837944031
TRI_G,149,cashew/Data/Images/Anomaly/099.JPG,1,boundary,32x34,42,42,0.021188509606179736,0.00027130767703056354,0.00978962704539299,0.016920313239097595,0.030729591846466064,0.060534268617629935,0.0,0.06970280408859253
BAL_G,0,cashew/Data/Images/Normal/023.JPG,0,normal_image,32x34,0,1088,0.012592560009044759,0.000643599033355713,0.005380883812904358,0.010173410177230835,0.016703911125659943,0.0315813511610031,0.0,0.11769057810306549
BAL_G,1,cashew/Data/Images/Normal/352.JPG,0,normal_image,32x34,0,1088,0.012428834733060178,0.0010486356914043427,0.00609380379319191,0.010367833077907562,0.01656070351600647,0.02951632365584373,0.0,0.08354172110557556
BAL_G,2,cashew/Data/Images/Normal/104.JPG,0,normal_image,32x34,0,1088,0.012243429993224494,0.0011999741196632387,0.005715712904930115,0.010422810912132263,0.01683703064918518,0.028472548723220813,0.0,0.0714648962020874
BAL_G,3,cashew/Data/Images/Normal/337.JPG,0,normal_image,32x34,0,1088,0.011907605276278713,0.001012614369392395,0.005430847406387329,0.009719617664813995,0.01592681184411049,0.030067588388919816,0.0,0.06867951154708862
BAL_G,4,cashew/Data/Images/Normal/213.JPG,0,normal_image,32x34,0,1088,0.012611185844220659,0.0016090922057628632,0.00592842698097229,0.009999118745326996,0.016546819359064102,0.03228496611118306,0.0,0.06709855794906616
BAL_G,5,cashew/Data/Images/Normal/276.JPG,0,normal_image,32x34,0,1088,0.012192457051509443,0.001156054437160492,0.005333784967660904,0.010185152292251587,0.016406718641519547,0.02980603948235511,0.0,0.07860827445983887
BAL_G,6,cashew/Data/Images/Normal/402.JPG,0,normal_image,32x34,0,1088,0.012236969915273435,0.0010130167007446288,0.005463343113660812,0.010310031473636627,0.01668742299079895,0.029570644348859733,0.0,0.07158039510250092
BAL_G,7,cashew/Data/Images/Normal/166.JPG,0,normal_image,32x34,0,1088,0.012372636112987119,0.0011299431324005127,0.005747973918914795,0.010615721344947815,0.016662809997797012,0.02987394332885736,0.0,0.09001272916793823
BAL_G,8,cashew/Data/Images/Normal/013.JPG,0,normal_image,32x34,0,1088,0.012965698630603798,0.0011810302734375,0.00563398003578186,0.010763593018054962,0.017458945512771606,0.032072415947914115,0.0,0.09201021492481232
BAL_G,9,cashew/Data/Images/Normal/050.JPG,0,normal_image,32x34,0,1088,0.012738801237634,0.001390896737575531,0.005920082330703735,0.010520823299884796,0.01738404855132103,0.031328918784856774,0.0,0.06189684569835663
BAL_G,10,cashew/Data/Images/Normal/400.JPG,0,normal_image,32x34,0,1088,0.012693445266717496,0.0014825597405433656,0.005986802279949188,0.010751128196716309,0.017226696014404297,0.03056596443057058,0.0,0.09276331961154938
BAL_G,11,cashew/Data/Images/Normal/461.JPG,0,normal_image,32x34,0,1088,0.012432362487101379,0.0010681673884391785,0.005568716675043106,0.010064803063869476,0.016679760068655014,0.031330358237028115,0.0,0.07335197925567627
BAL_G,12,cashew/Data/Images/Normal/377.JPG,0,normal_image,32x34,0,1088,0.012043367537176785,0.0011498868465423585,0.005121931433677673,0.00983545184135437,0.016423601657152176,0.03131063729524612,0.0,0.06827989220619202
BAL_G,13,cashew/Data/Images/Normal/006.JPG,0,normal_image,32x34,0,1088,0.012645559056716807,0.0010335586965084075,0.005461830645799637,0.010511435568332672,0.017244853079319,0.030510360002517688,0.0,0.09899666905403137
BAL_G,14,cashew/Data/Images/Normal/148.JPG,0,normal_image,32x34,0,1088,0.012496470460010803,0.0011447161436080933,0.005460355430841446,0.010312139987945557,0.017675992101430893,0.029857411980628957,0.0,0.06794823706150055
BAL_G,15,cashew/Data/Images/Normal/384.JPG,0,normal_image,32x34,0,1088,0.012250160113634431,0.0009610041975975038,0.005171198397874832,0.010134093463420868,0.016615331172943115,0.030862980335950835,0.0,0.05276837944984436
BAL_G,16,cashew/Data/Images/Normal/228.JPG,0,normal_image,32x34,0,1088,0.012419556144296247,0.0012236282229423523,0.005791019648313522,0.00991523265838623,0.016504496335983276,0.030385674536228164,0.0,0.08976854383945465
BAL_G,17,cashew/Data/Images/Normal/260.JPG,0,normal_image,32x34,0,1088,0.012134344632025151,0.0013023518025875092,0.005483858287334442,0.010081984102725983,0.016577940434217453,0.029097400605678555,0.0,0.07124015688896179
BAL_G,18,cashew/Data/Images/Normal/435.JPG,0,normal_image,32x34,0,1088,0.012096171787775615,0.0013145759701728823,0.0059349387884140015,0.01035405695438385,0.016695797443389893,0.028723900020122522,0.0,0.06446737051010132
BAL_G,19,cashew/Data/Images/Normal/405.JPG,0,normal_image,32x34,0,1088,0.012356018127106568,0.0014080896973609925,0.00568651407957077,0.010286882519721985,0.016782283782958984,0.02998880892992018,0.0,0.075224369764328
BAL_G,20,cashew/Data/Images/Normal/087.JPG,0,normal_image,32x34,0,1088,0.012655662454883842,0.0010440424084663391,0.0055117979645729065,0.010452881455421448,0.0171772800385952,0.03143733814358709,0.0,0.0775335282087326
BAL_G,21,cashew/Data/Images/Normal/324.JPG,0,normal_image,32x34,0,1088,0.012030026848044465,0.0011184297502040863,0.0050058066844940186,0.009829111397266388,0.01606716215610504,0.029866416752338375,0.0,0.1044880598783493
BAL_G,22,cashew/Data/Images/Normal/130.JPG,0,normal_image,32x34,0,1088,0.012460304054376833,0.0009948596358299255,0.005552973598241806,0.010384723544120789,0.017034146934747696,0.03189265653491019,0.0,0.049649059772491455
BAL_G,23,cashew/Data/Images/Normal/392.JPG,0,normal_image,32x34,0,1088,0.012193900464540896,0.001244179904460907,0.005781691521406174,0.01026540994644165,0.015910353511571884,0.030982737988233536,0.0,0.06982171535491943
BAL_G,24,cashew/Data/Images/Normal/467.JPG,0,normal_image,32x34,0,1088,0.012220584595685495,0.0008387990295886994,0.005701996386051178,0.010307267308235168,0.01677502691745758,0.029829003661870888,0.0,0.07653461396694183
BAL_G,25,cashew/Data/Images/Normal/143.JPG,0,normal_image,32x34,0,1088,0.011924890239777811,0.0009436368942260743,0.0052439309656620026,0.009449921548366547,0.0163642056286335,0.03214153349399566,0.0,0.09630870819091797
BAL_G,26,cashew/Data/Images/Normal/389.JPG,0,normal_image,32x34,0,1088,0.012362724608358215,0.0013156220316886903,0.006037861108779907,0.010332554578781128,0.016195107251405716,0.02996402084827422,0.0,0.05757768452167511
BAL_G,27,cashew/Data/Images/Normal/181.JPG,0,normal_image,32x34,0,1088,0.012071431669242242,0.0009918525815010074,0.005471039563417435,0.010555021464824677,0.01626051962375641,0.028534803539514535,0.0,0.07971116900444031
BAL_G,28,cashew/Data/Images/Normal/309.JPG,0,normal_image,32x34,0,1088,0.012407073490869473,0.0014055967330932617,0.0056693218648433685,0.010142609477043152,0.0169001966714859,0.03016334995627402,0.0,0.07308924198150635
BAL_G,29,cashew/Data/Images/Normal/012.JPG,0,normal_image,32x34,0,1088,0.012401209993507056,0.0010593563318252563,0.005404617637395859,0.010211370885372162,0.01683870702981949,0.03128047734498976,0.0,0.0695929229259491
BAL_G,30,cashew/Data/Images/Normal/367.JPG,0,normal_image,32x34,0,1088,0.01256061137160834,0.0014035172760486602,0.00571315735578537,0.010331086814403534,0.017133072018623352,0.030097836256027206,0.0,0.05786679685115814
BAL_G,31,cashew/Data/Images/Normal/344.JPG,0,normal_image,32x34,0,1088,0.012493342133786748,0.0012052834033966064,0.00561147928237915,0.010124683380126953,0.017002444714307785,0.030908989161252887,0.0,0.0775296688079834
BAL_G,32,cashew/Data/Images/Normal/484.JPG,0,normal_image,32x34,0,1088,0.012191275093594895,0.0011903800070285798,0.005865011364221573,0.010169081389904022,0.016234304755926132,0.02975112423300743,0.0,0.054085105657577515
BAL_G,33,cashew/Data/Images/Normal/089.JPG,0,normal_image,32x34,0,1088,0.012932249879026237,0.0013492755591869355,0.005615584552288055,0.010536782443523407,0.017894383519887924,0.03034389019012451,0.0,0.09608983993530273
BAL_G,34,cashew/Data/Images/Normal/398.JPG,0,normal_image,32x34,0,1088,0.01260998927275924,0.0006778284907341004,0.005300596356391907,0.01042095571756363,0.01733480766415596,0.03154403045773496,0.0,0.07232131063938141
BAL_G,35,cashew/Data/Images/Normal/460.JPG,0,normal_image,32x34,0,1088,0.012416371500448269,0.001329633593559265,0.005828876048326492,0.009743861854076385,0.016348090022802353,0.03153384029865264,0.0,0.11005598306655884
BAL_G,36,cashew/Data/Images/Normal/239.JPG,0,normal_image,32x34,0,1088,0.012646120342919055,0.0013356573879718782,0.005701873451471329,0.010364919900894165,0.0169416181743145,0.030471593886613826,0.0,0.11798712611198425
BAL_G,37,cashew/Data/Images/Normal/342.JPG,0,normal_image,32x34,0,1088,0.012559561908025952,0.0013814859092235565,0.0057846419513225555,0.010404951870441437,0.016444586217403412,0.03136533945798873,0.0,0.10206376016139984
BAL_G,38,cashew/Data/Images/Normal/369.JPG,0,normal_image,32x34,0,1088,0.012076095828567357,0.001088891178369522,0.00544656440615654,0.009746253490447998,0.016197361052036285,0.030727011710405327,0.0,0.12420426309108734
BAL_G,39,cashew/Data/Images/Normal/284.JPG,0,normal_image,32x34,0,1088,0.012524276204845485,0.0012541621923446654,0.005389444530010223,0.010470740497112274,0.016979526728391647,0.0314788706600666,0.0,0.06067478656768799
BAL_G,40,cashew/Data/Images/Normal/098.JPG,0,normal_image,32x34,0,1088,0.012749302132493433,0.0011191606521606446,0.005703244358301163,0.010654278099536896,0.01733360067009926,0.030641493201255737,0.0,0.07762748003005981
BAL_G,41,cashew/Data/Images/Normal/446.JPG,0,normal_image,32x34,0,1088,0.012901716180803144,0.0011564075946807863,0.005849525332450867,0.010525539517402649,0.017555229365825653,0.032942058891057946,0.0,0.05582958459854126
BAL_G,42,cashew/Data/Images/Normal/482.JPG,0,normal_image,32x34,0,1088,0.013372146675144048,0.0014236733317375184,0.006407298147678375,0.011588968336582184,0.01792607083916664,0.03186057955026625,0.0,0.07560056447982788
BAL_G,43,cashew/Data/Images/Normal/093.JPG,0,normal_image,32x34,0,1088,0.012196409831042676,0.0009564697742462158,0.005696866661310196,0.009828470647335052,0.01635848730802536,0.030483525991439806,0.0,0.07182711362838745
BAL_G,44,cashew/Data/Images/Normal/244.JPG,0,normal_image,32x34,0,1088,0.012128250741892877,0.0015389584004878998,0.0056119151413440704,0.009890735149383545,0.016015246510505676,0.030188594013452526,0.0,0.06481733918190002
BAL_G,45,cashew/Data/Images/Normal/272.JPG,0,normal_image,32x34,0,1088,0.011838084031992099,0.00139169842004776,0.005523703992366791,0.00970466434955597,0.016290366649627686,0.029042072594165802,0.0,0.0828862190246582
BAL_G,46,cashew/Data/Images/Normal/307.JPG,0,normal_image,32x34,0,1088,0.012013605850584367,0.0012325599789619445,0.00537649542093277,0.00971345603466034,0.016258150339126587,0.031008478999137872,0.0,0.056730762124061584
BAL_G,47,cashew/Data/Images/Normal/487.JPG,0,normal_image,32x34,0,1088,0.012374494526097003,0.0015031509101390839,0.005384944379329681,0.009862847626209259,0.016337800770998,0.03157105967402455,0.0,0.0750121921300888
BAL_G,48,cashew/Data/Images/Normal/245.JPG,0,normal_image,32x34,0,1088,0.012519326910157414,0.0009988024830818176,0.00570373609662056,0.010518401861190796,0.016952205449342728,0.03099551871418948,0.0,0.055526331067085266
BAL_G,49,cashew/Data/Images/Normal/084.JPG,0,normal_image,32x34,0,1088,0.012280458817258477,0.0014270484447479249,0.005663733929395676,0.009874112904071808,0.016203485429286957,0.030252183973789204,0.0,0.07500560581684113
BAL_G,50,cashew/Data/Images/Anomaly/000.JPG,1,abnormal_normal,32x34,12,1076,0.012517540414426407,0.0012981444597244263,0.0059436894953250885,0.010389961302280426,0.01723366603255272,0.02974926307797432,0.0,0.0569801926612854
BAL_G,50,cashew/Data/Images/Anomaly/000.JPG,1,defect,32x34,12,12,0.017071982224782307,0.006274751573801041,0.008641142398118973,0.013819113373756409,0.019434921443462372,0.03935269340872764,0.004878222942352295,0.03979361057281494
BAL_G,50,cashew/Data/Images/Anomaly/000.JPG,1,clean_defect,32x34,12,0,,,,,,,,
BAL_G,50,cashew/Data/Images/Anomaly/000.JPG,1,boundary,32x34,12,12,0.017071982224782307,0.006274751573801041,0.008641142398118973,0.013819113373756409,0.019434921443462372,0.03935269340872764,0.004878222942352295,0.03979361057281494
BAL_G,51,cashew/Data/Images/Anomaly/001.JPG,1,abnormal_normal,32x34,6,1082,0.012086484271365041,0.0008579909801483155,0.005263164639472961,0.010017268359661102,0.01629449427127838,0.030019029974937442,0.0,0.06733733415603638
BAL_G,51,cashew/Data/Images/Anomaly/001.JPG,1,defect,32x34,6,6,0.018384861449400585,0.005919836461544037,0.006697721779346466,0.008629396557807922,0.026906050741672516,0.04434189572930336,0.005761921405792236,0.04823635518550873
BAL_G,51,cashew/Data/Images/Anomaly/001.JPG,1,clean_defect,32x34,6,0,,,,,,,,
BAL_G,51,cashew/Data/Images/Anomaly/001.JPG,1,boundary,32x34,6,6,0.018384861449400585,0.005919836461544037,0.006697721779346466,0.008629396557807922,0.026906050741672516,0.04434189572930336,0.005761921405792236,0.04823635518550873
BAL_G,52,cashew/Data/Images/Anomaly/002.JPG,1,abnormal_normal,32x34,9,1075,0.012799671292304993,0.001670631766319275,0.006167002022266388,0.010564014315605164,0.017021358013153076,0.03221224248409271,0.0,0.10522881150245667
BAL_G,52,cashew/Data/Images/Anomaly/002.JPG,1,defect,32x34,9,13,0.024703371983308058,0.004517599940299989,0.01847168803215027,0.024358674883842468,0.03455382585525513,0.04247302412986753,0.0,0.05146344006061554
BAL_G,52,cashew/Data/Images/Anomaly/002.JPG,1,clean_defect,32x34,9,4,0.03308549150824547,0.021735259890556337,0.023798808455467224,0.02982957661151886,0.039116259664297104,0.04899400398135185,0.021219372749328613,0.05146344006061554
BAL_G,52,cashew/Data/Images/Anomaly/002.JPG,1,boundary,32x34,9,9,0.02097798552778032,0.003011733293533325,0.010863333940505981,0.023446962237358093,0.03309863805770874,0.03570917844772339,0.0,0.036479413509368896
BAL_G,53,cashew/Data/Images/Anomaly/003.JPG,1,abnormal_normal,32x34,5,1082,0.012151526297526968,0.0015401557087898255,0.005714204162359238,0.010381519794464111,0.01649611070752144,0.029967044293880463,0.0,0.05552569031715393
BAL_G,53,cashew/Data/Images/Anomaly/003.JPG,1,defect,32x34,5,6,0.017274985710779827,0.002049282193183899,0.008520707488059998,0.012917622923851013,0.023601356893777847,0.03920288383960724,0.0,0.04359699785709381
BAL_G,53,cashew/Data/Images/Anomaly/003.JPG,1,clean_defect,32x34,5,1,0.04359699785709381,0.04359699785709381,0.04359699785709381,0.04359699785709381,0.04359699785709381,0.04359699785709381,0.04359699785709381,0.04359699785709381
BAL_G,53,cashew/Data/Images/Anomaly/003.JPG,1,boundary,32x34,5,5,0.012010583281517028,0.0016394257545471191,0.008197128772735596,0.009491443634033203,0.016343802213668823,0.024085193872451782,0.0,0.026020541787147522
BAL_G,54,cashew/Data/Images/Anomaly/004.JPG,1,abnormal_normal,32x34,6,1081,0.012551712173758339,0.001153111457824707,0.005463108420372009,0.010573774576187134,0.017166227102279663,0.03134770691394806,0.0,0.09738120436668396
BAL_G,54,cashew/Data/Images/Anomaly/004.JPG,1,defect,32x34,6,7,0.028502753802708218,0.005871331691741944,0.011612236499786377,0.014119192957878113,0.047582149505615234,0.06128037124872207,0.004403054714202881,0.0626082569360733
BAL_G,54,cashew/Data/Images/Anomaly/004.JPG,1,clean_defect,32x34,6,1,0.009297311305999756,0.009297311305999756,0.009297311305999756,0.009297311305999756,0.009297311305999756,0.009297311305999756,0.009297311305999756,0.009297311305999756
BAL_G,54,cashew/Data/Images/Anomaly/004.JPG,1,boundary,32x34,6,6,0.03170366088549296,0.00678408145904541,0.013975169509649277,0.025550760328769684,0.052882060408592224,0.06150168552994728,0.004403054714202881,0.0626082569360733
BAL_G,55,cashew/Data/Images/Anomaly/005.JPG,1,abnormal_normal,32x34,4,1082,0.012292112087806801,0.0009964562952518464,0.005698803812265396,0.010112665593624115,0.016228850930929184,0.030901861190795906,0.0,0.05960574746131897
BAL_G,55,cashew/Data/Images/Anomaly/005.JPG,1,defect,32x34,4,6,0.01770581801732381,0.01012398675084114,0.013808749616146088,0.018721312284469604,0.021654047071933746,0.02406879886984825,0.009423032402992249,0.024566397070884705
BAL_G,55,cashew/Data/Images/Anomaly/005.JPG,1,clean_defect,32x34,4,2,0.020565226674079895,0.0187555268406868,0.019559837877750397,0.020565226674079895,0.021570615470409393,0.02237492650747299,0.0185544490814209,0.02257600426673889
BAL_G,55,cashew/Data/Images/Anomaly/005.JPG,1,boundary,32x34,4,4,0.01627611368894577,0.009843605011701584,0.011525895446538925,0.015557512640953064,0.02030773088335991,0.023714663833379744,0.009423032402992249,0.024566397070884705
BAL_G,56,cashew/Data/Images/Anomaly/006.JPG,1,abnormal_normal,32x34,11,1077,0.013603842966846547,0.0016012877225875855,0.006280645728111267,0.011046454310417175,0.01807805895805359,0.03457231819629667,0.0,0.08297556638717651
BAL_G,56,cashew/Data/Images/Anomaly/006.JPG,1,defect,32x34,11,11,0.016178171743046154,0.0026687011122703552,0.0065044015645980835,0.014767467975616455,0.018380828201770782,0.04106403887271881,0.0,0.04505245387554169
BAL_G,56,cashew/Data/Images/Anomaly/006.JPG,1,clean_defect,32x34,11,0,,,,,,,,
BAL_G,56,cashew/Data/Images/Anomaly/006.JPG,1,boundary,32x34,11,11,0.016178171743046154,0.0026687011122703552,0.0065044015645980835,0.014767467975616455,0.018380828201770782,0.04106403887271881,0.0,0.04505245387554169
BAL_G,57,cashew/Data/Images/Anomaly/007.JPG,1,abnormal_normal,32x34,1,1086,0.012523727234226564,0.0012678280472755432,0.005868732929229736,0.010648958384990692,0.016867544502019882,0.031292468309402466,0.0,0.07012923061847687
BAL_G,57,cashew/Data/Images/Anomaly/007.JPG,1,defect,32x34,1,2,0.0009675770998001099,0.0002695456147193909,0.0005797818303108215,0.0009675770998001099,0.0013553723692893982,0.0016656085848808287,0.0001919865608215332,0.0017431676387786865
BAL_G,57,cashew/Data/Images/Anomaly/007.JPG,1,clean_defect,32x34,1,1,0.0001919865608215332,0.0001919865608215332,0.0001919865608215332,0.0001919865608215332,0.0001919865608215332,0.0001919865608215332,0.0001919865608215332,0.0001919865608215332
BAL_G,57,cashew/Data/Images/Anomaly/007.JPG,1,boundary,32x34,1,1,0.0017431676387786865,0.0017431676387786865,0.0017431676387786865,0.0017431676387786865,0.0017431676387786865,0.0017431676387786865,0.0017431676387786865,0.0017431676387786865
BAL_G,58,cashew/Data/Images/Anomaly/008.JPG,1,abnormal_normal,32x34,2,1086,0.012666926336771436,0.001512371003627777,0.005882535129785538,0.010520190000534058,0.01678399369120598,0.031905751675367355,0.0,0.058867648243904114
BAL_G,58,cashew/Data/Images/Anomaly/008.JPG,1,defect,32x34,2,2,0.015710830688476562,0.015150557458400726,0.015399567782878876,0.015710830688476562,0.01602209359407425,0.0162711039185524,0.015088304877281189,0.016333356499671936
BAL_G,58,cashew/Data/Images/Anomaly/008.JPG,1,clean_defect,32x34,2,0,,,,,,,,
BAL_G,58,cashew/Data/Images/Anomaly/008.JPG,1,boundary,32x34,2,2,0.015710830688476562,0.015150557458400726,0.015399567782878876,0.015710830688476562,0.01602209359407425,0.0162711039185524,0.015088304877281189,0.016333356499671936
BAL_G,59,cashew/Data/Images/Anomaly/009.JPG,1,abnormal_normal,32x34,7,1079,0.012090686836432704,0.0014028415083885194,0.005404874682426453,0.009988591074943542,0.015651464462280273,0.03008747100830075,0.0,0.09831665456295013
BAL_G,59,cashew/Data/Images/Anomaly/009.JPG,1,defect,32x34,7,9,0.01688095099396176,0.0029495835304260256,0.013502240180969238,0.016718998551368713,0.022082895040512085,0.02981032431125641,0.0017685294151306152,0.03186403214931488
BAL_G,59,cashew/Data/Images/Anomaly/009.JPG,1,clean_defect,32x34,7,2,0.0194009467959404,0.016987193375825882,0.018059972673654556,0.0194009467959404,0.020741920918226242,0.021814700216054916,0.016718998551368713,0.022082895040512085
BAL_G,59,cashew/Data/Images/Anomaly/009.JPG,1,boundary,32x34,7,7,0.016160952193396434,0.002654320001602173,0.00911170244216919,0.01350584626197815,0.0238824263215065,0.030323751270771023,0.0017685294151306152,0.03186403214931488
BAL_G,60,cashew/Data/Images/Anomaly/010.JPG,1,abnormal_normal,32x34,3,1084,0.013000636330609832,0.0014576472342014313,0.006248261779546738,0.010288059711456299,0.01728184148669243,0.03287515640258787,0.0,0.10290244221687317
BAL_G,60,cashew/Data/Images/Anomaly/010.JPG,1,defect,32x34,3,4,0.020869381725788116,0.010469284653663636,0.01882930099964142,0.022574767470359802,0.0246148481965065,0.028881938755512235,0.00837928056716919,0.029948711395263672
BAL_G,60,cashew/Data/Images/Anomaly/010.JPG,1,clean_defect,32x34,3,1,0.022312641143798828,0.022312641143798828,0.022312641143798828,0.022312641143798828,0.022312641143798828,0.022312641143798828,0.022312641143798828,0.022312641143798828
BAL_G,60,cashew/Data/Images/Anomaly/010.JPG,1,boundary,32x34,3,3,0.020388295253117878,0.009825041890144348,0.015608087182044983,0.022836893796920776,0.026392802596092224,0.02923752963542938,0.00837928056716919,0.029948711395263672
BAL_G,61,cashew/Data/Images/Anomaly/011.JPG,1,abnormal_normal,32x34,7,1076,0.012240596849568271,0.0011118017137050629,0.005251571536064148,0.010229431092739105,0.016659125685691833,0.030411791056394577,0.0,0.06604152917861938
BAL_G,61,cashew/Data/Images/Anomaly/011.JPG,1,defect,32x34,7,12,0.015944591412941616,0.004733811318874359,0.009639889001846313,0.013834819197654724,0.019773021340370178,0.03245959430932999,0.0027983784675598145,0.03460037708282471
BAL_G,61,cashew/Data/Images/Anomaly/011.JPG,1,clean_defect,32x34,7,5,0.017246001958847047,0.010245269536972046,0.011478990316390991,0.016190648078918457,0.01791548728942871,0.028149533271789547,0.00993683934211731,0.03070804476737976
BAL_G,61,cashew/Data/Images/Anomaly/011.JPG,1,boundary,32x34,7,7,0.015015012451580592,0.0038540691137313845,0.0075331926345825195,0.010322436690330505,0.02115875482559204,0.03139933049678802,0.0027983784675598145,0.03460037708282471
BAL_G,62,cashew/Data/Images/Anomaly/012.JPG,1,abnormal_normal,32x34,7,1077,0.013041979879721957,0.0015685766935348512,0.005962878465652466,0.01067553460597992,0.017463937401771545,0.033740156888961786,0.0,0.06512562930583954
BAL_G,62,cashew/Data/Images/Anomaly/012.JPG,1,defect,32x34,7,11,0.03842843120748347,0.003869354724884033,0.015281923115253448,0.036403775215148926,0.055305421352386475,0.08453943580389023,0.0033403486013412476,0.09648525714874268
BAL_G,62,cashew/Data/Images/Anomaly/012.JPG,1,clean_defect,32x34,7,4,0.06992242857813835,0.04826113879680634,0.06033705174922943,0.06898114830255508,0.078566525131464,0.09290151074528694,0.04524216055870056,0.09648525714874268
BAL_G,62,cashew/Data/Images/Anomaly/012.JPG,1,boundary,32x34,7,7,0.02043186128139496,0.003657752275466919,0.005804426968097687,0.023353353142738342,0.0340508371591568,0.03655429184436798,0.0033403486013412476,0.03661879897117615
BAL_G,63,cashew/Data/Images/Anomaly/013.JPG,1,abnormal_normal,32x34,5,1081,0.01215836018406606,0.0010851025581359863,0.005795270204544067,0.010375827550888062,0.016282036900520325,0.028913885354995728,0.0,0.0754188746213913
BAL_G,63,cashew/Data/Images/Anomaly/013.JPG,1,defect,32x34,5,7,0.0247765736920493,0.010848355293273926,0.015350446105003357,0.02087762951850891,0.028846167027950287,0.04746172577142714,0.010819002985954285,0.05334615707397461
BAL_G,63,cashew/Data/Images/Anomaly/013.JPG,1,clean_defect,32x34,5,2,0.027304507791996002,0.02152031734585762,0.024091068655252457,0.027304507791996002,0.030517946928739548,0.03308869823813439,0.02087762951850891,0.03373138606548309
BAL_G,63,cashew/Data/Images/Anomaly/013.JPG,1,boundary,32x34,5,5,0.023765400052070618,0.010838571190834045,0.010916844010353088,0.019784048199653625,0.02396094799041748,0.047469115257263175,0.010819002985954285,0.05334615707397461
BAL_G,64,cashew/Data/Images/Anomaly/014.JPG,1,abnormal_normal,32x34,6,1080,0.012635598897382066,0.0011149287223815919,0.005715671926736832,0.010630831122398376,0.016619175672531128,0.031457143276929854,0.0,0.09988008439540863
BAL_G,64,cashew/Data/Images/Anomaly/014.JPG,1,defect,32x34,6,8,0.05470544286072254,0.01893884986639023,0.04678303748369217,0.054098501801490784,0.06599230691790581,0.08851101174950599,0.011271566152572632,0.09619379043579102
BAL_G,64,cashew/Data/Images/Anomaly/014.JPG,1,clean_defect,32x34,6,2,0.06303250044584274,0.05294305607676506,0.05742725357413292,0.06303250044584274,0.06863774731755257,0.07312194481492043,0.051822006702423096,0.07424299418926239
BAL_G,64,cashew/Data/Images/Anomaly/014.JPG,1,boundary,32x34,6,6,0.05192975699901581,0.016748197376728058,0.03771307319402695,0.053846508264541626,0.06152530759572983,0.08795586228370667,0.011271566152572632,0.09619379043579102
BAL_G,65,cashew/Data/Images/Anomaly/015.JPG,1,abnormal_normal,32x34,5,1082,0.012833019625567686,0.001470869779586792,0.005765266716480255,0.010892592370510101,0.017204564064741135,0.032595164328813556,0.0,0.06886014342308044
BAL_G,65,cashew/Data/Images/Anomaly/015.JPG,1,defect,32x34,5,6,0.042463536063830055,0.011254578828811646,0.03258351981639862,0.042323313653469086,0.053826358169317245,0.07284754887223244,0.00496363639831543,0.07817332446575165
BAL_G,65,cashew/Data/Images/Anomaly/015.JPG,1,clean_defect,32x34,5,1,0.056870222091674805,0.056870222091674805,0.056870222091674805,0.056870222091674805,0.056870222091674805,0.056870222091674805,0.056870222091674805,0.056870222091674805
BAL_G,65,cashew/Data/Images/Anomaly/015.JPG,1,boundary,32x34,5,5,0.03958219885826111,0.009996390342712403,0.030127406120300293,0.039951860904693604,0.04469476640224457,0.07147761285305022,0.00496363639831543,0.07817332446575165
BAL_G,66,cashew/Data/Images/Anomaly/016.JPG,1,abnormal_normal,32x34,3,1082,0.012730242019990897,0.0016064487397670748,0.006359472870826721,0.010738469660282135,0.01703896000981331,0.029532669484615328,0.0,0.07841095328330994
BAL_G,66,cashew/Data/Images/Anomaly/016.JPG,1,defect,32x34,3,6,0.05700842042764028,0.039879944175481796,0.04589433968067169,0.06048731505870819,0.06559546291828156,0.07176287844777107,0.03947748243808746,0.07327021658420563
BAL_G,66,cashew/Data/Images/Anomaly/016.JPG,1,clean_defect,32x34,3,3,0.04707469046115875,0.0396384671330452,0.04028240591287613,0.041087329387664795,0.0508732944726944,0.05870206654071808,0.03947748243808746,0.060659259557724
BAL_G,66,cashew/Data/Images/Anomaly/016.JPG,1,boundary,32x34,3,3,0.06694215039412181,0.06100791990756989,0.0637781172990799,0.06724086403846741,0.07025554031133652,0.07266728132963181,0.06031537055969238,0.07327021658420563
BAL_G,67,cashew/Data/Images/Anomaly/017.JPG,1,abnormal_normal,32x34,4,1082,0.012649916002248,0.0010040521621704102,0.005823519080877304,0.01048065721988678,0.016849350184202194,0.03184165731072427,0.0,0.08656832575798035
BAL_G,67,cashew/Data/Images/Anomaly/017.JPG,1,defect,32x34,4,6,0.055190560718377434,0.0395672433078289,0.05087564140558243,0.05571252107620239,0.06005989760160446,0.06983531266450882,0.03587765991687775,0.0730682909488678
BAL_G,67,cashew/Data/Images/Anomaly/017.JPG,1,clean_defect,32x34,4,2,0.05571252107620239,0.05200637876987457,0.05365355312824249,0.05571252107620239,0.05777148902416229,0.05941866338253021,0.05159458518028259,0.05983045697212219
BAL_G,67,cashew/Data/Images/Anomaly/017.JPG,1,boundary,32x34,4,4,0.05492958053946495,0.03809140995144844,0.046946410089731216,0.05538618564605713,0.06336935609579086,0.0711285039782524,0.03587765991687775,0.0730682909488678
BAL_G,68,cashew/Data/Images/Anomaly/018.JPG,1,abnormal_normal,32x34,9,1077,0.012213142787624313,0.0011475503444671631,0.005561307072639465,0.009818777441978455,0.0166376531124115,0.030204629898071277,0.0,0.07634088397026062
BAL_G,68,cashew/Data/Images/Anomaly/018.JPG,1,defect,32x34,9,11,0.04856403172016144,0.012625239789485931,0.023858115077018738,0.05039522051811218,0.07169878482818604,0.08090400695800781,0.007864713668823242,0.08699160814285278
BAL_G,68,cashew/Data/Images/Anomaly/018.JPG,1,clean_defect,32x34,9,2,0.044713281095027924,0.020118517428636552,0.031049523502588272,0.044713281095027924,0.058377038687467575,0.06930804476141929,0.01738576591014862,0.07204079627990723
BAL_G,68,cashew/Data/Images/Anomaly/018.JPG,1,boundary,32x34,9,9,0.04941975408130222,0.013356751203536988,0.02612142264842987,0.05039522051811218,0.07135677337646484,0.0821215271949768,0.007864713668823242,0.08699160814285278
BAL_G,69,cashew/Data/Images/Anomaly/019.JPG,1,abnormal_normal,32x34,4,1081,0.012880507067438632,0.0017123222351074219,0.006145551800727844,0.010844185948371887,0.01740109920501709,0.03139433264732361,0.0,0.07900458574295044
BAL_G,69,cashew/Data/Images/Anomaly/019.JPG,1,defect,32x34,4,7,0.041356912681034634,0.014340145885944369,0.03129584342241287,0.04772371053695679,0.0506514236330986,0.06474051475524902,0.007908552885055542,0.06997159123420715
BAL_G,69,cashew/Data/Images/Anomaly/019.JPG,1,clean_defect,32x34,4,3,0.05031326413154602,0.034692412614822386,0.040484100580215454,0.04772371053695679,0.05884765088558197,0.06774680316448212,0.03324449062347412,0.06997159123420715
BAL_G,69,cashew/Data/Images/Anomaly/019.JPG,1,boundary,32x34,4,4,0.03463964909315109,0.011124349385499955,0.023987535387277603,0.03905768692493439,0.04970980063080788,0.05196969583630562,0.007908552885055542,0.052534669637680054
BAL_G,70,cashew/Data/Images/Anomaly/020.JPG,1,abnormal_normal,32x34,3,1084,0.012839388775869489,0.0013099148869514467,0.005656033754348755,0.010653696954250336,0.01708344742655754,0.03305885717272757,0.0,0.07292024791240692
BAL_G,70,cashew/Data/Images/Anomaly/020.JPG,1,defect,32x34,3,4,0.041129037737846375,0.019427020847797394,0.02221313863992691,0.036171406507492065,0.05508730560541153,0.06977173835039138,0.018730491399765015,0.07344284653663635
BAL_G,70,cashew/Data/Images/Anomaly/020.JPG,1,clean_defect,32x34,3,1,0.04896879196166992,0.04896879196166992,0.04896879196166992,0.04896879196166992,0.04896879196166992,0.04896879196166992,0.04896879196166992,0.04896879196166992
BAL_G,70,cashew/Data/Images/Anomaly/020.JPG,1,boundary,32x34,3,3,0.03851578632990519,0.019194844365119933,0.021052256226539612,0.02337402105331421,0.04840843379497528,0.06843596398830414,0.018730491399765015,0.07344284653663635
BAL_G,71,cashew/Data/Images/Anomaly/021.JPG,1,abnormal_normal,32x34,7,1078,0.012728182678430554,0.0009757749736309052,0.0057126618921756744,0.010832056403160095,0.017290234565734863,0.03130262121558189,0.0,0.06601135432720184
BAL_G,71,cashew/Data/Images/Anomaly/021.JPG,1,defect,32x34,7,10,0.01570452153682709,0.00341649055480957,0.006178088486194611,0.01071631908416748,0.014273218810558319,0.04432216733694075,0.002922534942626953,0.0523705780506134
BAL_G,71,cashew/Data/Images/Anomaly/021.JPG,1,clean_defect,32x34,7,3,0.030806173880894978,0.008454972505569458,0.020023971796035767,0.03448522090911865,0.04342789947986603,0.05058204233646393,0.005562722682952881,0.0523705780506134
BAL_G,71,cashew/Data/Images/Anomaly/021.JPG,1,boundary,32x34,7,7,0.009232384817940848,0.0032518386840820314,0.006022199988365173,0.009582877159118652,0.012822002172470093,0.014241287112236023,0.002922534942626953,0.0144328773021698
BAL_G,72,cashew/Data/Images/Anomaly/022.JPG,1,abnormal_normal,32x34,7,1077,0.013620949707434148,0.001945513486862183,0.0059936195611953735,0.011541709303855896,0.018520459532737732,0.03386715352535247,0.0,0.07675027847290039
BAL_G,72,cashew/Data/Images/Anomaly/022.JPG,1,defect,32x34,7,11,0.03036555376919833,0.010499395430088043,0.01773923635482788,0.02093908190727234,0.04068411886692047,0.06475653499364853,0.00938369333744049,0.07866513729095459
BAL_G,72,cashew/Data/Images/Anomaly/022.JPG,1,clean_defect,32x34,7,4,0.04116704687476158,0.020269912481307984,0.02471300959587097,0.03342195600271225,0.04987599328160286,0.07290730848908424,0.019159138202667236,0.07866513729095459
BAL_G,72,cashew/Data/Images/Anomaly/022.JPG,1,boundary,32x34,7,7,0.02419327199459076,0.010053114593029022,0.014499709010124207,0.018094152212142944,0.0310138538479805,0.04792014062404632,0.00938369333744049,0.05084793269634247
BAL_G,73,cashew/Data/Images/Anomaly/023.JPG,1,abnormal_normal,32x34,5,1080,0.012585466396477488,0.0011203750967979432,0.0057179369032382965,0.0100889652967453,0.016966886818408966,0.03164412230253219,0.0,0.07543125748634338
BAL_G,73,cashew/Data/Images/Anomaly/023.JPG,1,defect,32x34,5,8,0.03423642739653587,0.014565466344356537,0.0286421962082386,0.037332743406295776,0.03960602730512619,0.05055764093995094,0.01029011607170105,0.0561358779668808
BAL_G,73,cashew/Data/Images/Anomaly/023.JPG,1,clean_defect,32x34,5,3,0.04404430091381073,0.03687037527561188,0.037998512387275696,0.03940868377685547,0.047772280871868134,0.05446315854787826,0.03658834099769592,0.0561358779668808
BAL_G,73,cashew/Data/Images/Anomaly/023.JPG,1,boundary,32x34,5,5,0.02835170328617096,0.012733173370361329,0.02250540256500244,0.030687794089317322,0.03807714581489563,0.03977387547492981,0.01029011607170105,0.040198057889938354
BAL_G,74,cashew/Data/Images/Anomaly/024.JPG,1,abnormal_normal,32x34,6,1079,0.01229503458025723,0.0012670829892158513,0.0056106895208358765,0.010102957487106323,0.016387633979320526,0.02934872359037398,0.0,0.09292414784431458
BAL_G,74,cashew/Data/Images/Anomaly/024.JPG,1,defect,32x34,6,9,0.030872937705781724,0.004026094079017639,0.011981368064880371,0.03578610718250275,0.04714787006378174,0.05314571857452392,0.00219060480594635,0.05345720052719116
BAL_G,74,cashew/Data/Images/Anomaly/024.JPG,1,clean_defect,32x34,6,3,0.038327778379122414,0.02407372146844864,0.033917732536792755,0.0462227463722229,0.04668530821800232,0.047055357694625856,0.02161271870136261,0.04714787006378174
BAL_G,74,cashew/Data/Images/Anomaly/024.JPG,1,boundary,32x34,6,6,0.027145517369111378,0.0033377856016159058,0.008079838007688522,0.02388373762369156,0.04845539852976799,0.05326252430677414,0.00219060480594635,0.05345720052719116
BAL_G,75,cashew/Data/Images/Anomaly/025.JPG,1,abnormal_normal,32x34,4,1083,0.01283672969317062,0.0015913754701614381,0.005986355245113373,0.010855346918106079,0.017043709754943848,0.03182997852563856,0.0,0.10202449560165405
BAL_G,75,cashew/Data/Images/Anomaly/025.JPG,1,defect,32x34,4,5,0.015418696403503417,0.010498076677322388,0.012867480516433716,0.013425052165985107,0.013662844896316528,0.02451847195625305,0.009905725717544556,0.027232378721237183
BAL_G,75,cashew/Data/Images/Anomaly/025.JPG,1,clean_defect,32x34,4,1,0.012867480516433716,0.012867480516433716,0.012867480516433716,0.012867480516433716,0.012867480516433716,0.012867480516433716,0.012867480516433716,0.012867480516433716
BAL_G,75,cashew/Data/Images/Anomaly/025.JPG,1,boundary,32x34,4,4,0.016056500375270844,0.010433624684810638,0.01254522055387497,0.013543948531150818,0.017055228352546692,0.02519694864749908,0.009905725717544556,0.027232378721237183
BAL_G,76,cashew/Data/Images/Anomaly/026.JPG,1,abnormal_normal,32x34,3,1085,0.013274072749274118,0.0019641578197479247,0.006356269121170044,0.010744601488113403,0.017169877886772156,0.03224962353706359,0.0,0.08230862021446228
BAL_G,76,cashew/Data/Images/Anomaly/026.JPG,1,defect,32x34,3,3,0.013827224572499594,0.002841448783874512,0.008399605751037598,0.015347301959991455,0.02001488208770752,0.023748946189880372,0.0014519095420837402,0.024682462215423584
BAL_G,76,cashew/Data/Images/Anomaly/026.JPG,1,clean_defect,32x34,3,0,,,,,,,,
BAL_G,76,cashew/Data/Images/Anomaly/026.JPG,1,boundary,32x34,3,3,0.013827224572499594,0.002841448783874512,0.008399605751037598,0.015347301959991455,0.02001488208770752,0.023748946189880372,0.0014519095420837402,0.024682462215423584
BAL_G,77,cashew/Data/Images/Anomaly/027.JPG,1,abnormal_normal,32x34,3,1084,0.012580505926230737,0.001241559535264969,0.00568772479891777,0.010220922529697418,0.016996674239635468,0.03051054328680038,0.0,0.10788573324680328
BAL_G,77,cashew/Data/Images/Anomaly/027.JPG,1,defect,32x34,3,4,0.017659083008766174,0.01198563426733017,0.01363789290189743,0.016179099678993225,0.02020028978586197,0.025404508411884304,0.011572569608688354,0.026705563068389893
BAL_G,77,cashew/Data/Images/Anomaly/027.JPG,1,clean_defect,32x34,3,1,0.01803186535835266,0.01803186535835266,0.01803186535835266,0.01803186535835266,0.01803186535835266,0.01803186535835266,0.01803186535835266,0.01803186535835266
BAL_G,77,cashew/Data/Images/Anomaly/027.JPG,1,boundary,32x34,3,3,0.01753482222557068,0.011847946047782897,0.012949451804161072,0.014326333999633789,0.02051594853401184,0.02546764016151428,0.011572569608688354,0.026705563068389893
BAL_G,78,cashew/Data/Images/Anomaly/028.JPG,1,abnormal_normal,32x34,2,1085,0.012719318490423915,0.001559281349182129,0.005849629640579224,0.010441333055496216,0.016826480627059937,0.0324354350566864,0.0,0.07310071587562561
BAL_G,78,cashew/Data/Images/Anomaly/028.JPG,1,defect,32x34,2,3,0.009001731872558594,0.005670273303985595,0.006758987903594971,0.00811988115310669,0.010803550481796265,0.012950485944747923,0.005398094654083252,0.01348721981048584
BAL_G,78,cashew/Data/Images/Anomaly/028.JPG,1,clean_defect,32x34,2,1,0.01348721981048584,0.01348721981048584,0.01348721981048584,0.01348721981048584,0.01348721981048584,0.01348721981048584,0.01348721981048584,0.01348721981048584
BAL_G,78,cashew/Data/Images/Anomaly/028.JPG,1,boundary,32x34,2,2,0.006758987903594971,0.005534183979034424,0.006078541278839111,0.006758987903594971,0.00743943452835083,0.007983791828155517,0.005398094654083252,0.00811988115310669
BAL_G,79,cashew/Data/Images/Anomaly/029.JPG,1,abnormal_normal,32x34,4,1084,0.012773913760906657,0.0017267659306526185,0.005996730178594589,0.010892555117607117,0.01708483323454857,0.029723962396383256,0.0,0.06620766222476959
BAL_G,79,cashew/Data/Images/Anomaly/029.JPG,1,defect,32x34,4,4,0.012829728424549103,0.006304861605167389,0.010427363216876984,0.013247832655906677,0.015650197863578796,0.01876924932003021,0.00527423620223999,0.019549012184143066
BAL_G,79,cashew/Data/Images/Anomaly/029.JPG,1,clean_defect,32x34,4,0,,,,,,,,
BAL_G,79,cashew/Data/Images/Anomaly/029.JPG,1,boundary,32x34,4,4,0.012829728424549103,0.006304861605167389,0.010427363216876984,0.013247832655906677,0.015650197863578796,0.01876924932003021,0.00527423620223999,0.019549012184143066
BAL_G,80,cashew/Data/Images/Anomaly/030.JPG,1,abnormal_normal,32x34,8,1080,0.013260932873796533,0.001501642167568207,0.006186753511428833,0.011024899780750275,0.017294052988290787,0.03309495821595191,0.0,0.08473476767539978
BAL_G,80,cashew/Data/Images/Anomaly/030.JPG,1,defect,32x34,8,8,0.015382226556539536,0.007978807389736175,0.009281784296035767,0.012829780578613281,0.018158040940761566,0.029224561154842368,0.00780835747718811,0.03440895676612854
BAL_G,80,cashew/Data/Images/Anomaly/030.JPG,1,clean_defect,32x34,8,0,,,,,,,,
BAL_G,80,cashew/Data/Images/Anomaly/030.JPG,1,boundary,32x34,8,8,0.015382226556539536,0.007978807389736175,0.009281784296035767,0.012829780578613281,0.018158040940761566,0.029224561154842368,0.00780835747718811,0.03440895676612854
BAL_G,81,cashew/Data/Images/Anomaly/031.JPG,1,abnormal_normal,32x34,4,1083,0.012558048093968372,0.001203438639640808,0.005897857248783112,0.010349273681640625,0.016961179673671722,0.03154029995203018,0.0,0.09813308715820312
BAL_G,81,cashew/Data/Images/Anomaly/031.JPG,1,defect,32x34,4,5,0.02453305721282959,0.010992860794067383,0.0172879695892334,0.021056801080703735,0.02619636058807373,0.04420332908630371,0.009419083595275879,0.048705071210861206
BAL_G,81,cashew/Data/Images/Anomaly/031.JPG,1,clean_defect,32x34,4,1,0.02619636058807373,0.02619636058807373,0.02619636058807373,0.02619636058807373,0.02619636058807373,0.02619636058807373,0.02619636058807373,0.02619636058807373
BAL_G,81,cashew/Data/Images/Anomaly/031.JPG,1,boundary,32x34,4,4,0.024117231369018555,0.010599416494369508,0.015320748090744019,0.019172385334968567,0.027968868613243103,0.04455783069133758,0.009419083595275879,0.048705071210861206
BAL_G,82,cashew/Data/Images/Anomaly/032.JPG,1,abnormal_normal,32x34,8,1070,0.012400393299410277,0.0006975598633289338,0.005603998899459839,0.010560981929302216,0.01623813435435295,0.030464055389165877,0.0,0.0866609513759613
BAL_G,82,cashew/Data/Images/Anomaly/032.JPG,1,defect,32x34,8,18,0.035994393130143486,0.003778795897960663,0.021995194256305695,0.04074355959892273,0.048744574189186096,0.0603516638278961,0.0,0.07147878408432007
BAL_G,82,cashew/Data/Images/Anomaly/032.JPG,1,clean_defect,32x34,8,10,0.040206249058246615,0.022778166830539702,0.031093746423721313,0.04074355959892273,0.05071618780493736,0.057167059183120726,0.021016478538513184,0.05838805437088013
BAL_G,82,cashew/Data/Images/Anomaly/032.JPG,1,boundary,32x34,8,8,0.030729573220014572,0.0015559747815132143,0.011530116200447083,0.03000609576702118,0.04726378619670868,0.06378094851970671,0.0,0.07147878408432007
BAL_G,83,cashew/Data/Images/Anomaly/033.JPG,1,abnormal_normal,32x34,6,1072,0.0129860001824685,0.0016069233417510987,0.005928318947553635,0.010719329118728638,0.01762952283024788,0.03184702694416045,0.0,0.12263695895671844
BAL_G,83,cashew/Data/Images/Anomaly/033.JPG,1,defect,32x34,6,16,0.03242784086614847,0.008344806730747223,0.026683516800403595,0.03658837080001831,0.04075007140636444,0.049174755811691284,0.002328723669052124,0.050099849700927734
BAL_G,83,cashew/Data/Images/Anomaly/033.JPG,1,clean_defect,32x34,6,10,0.0392401322722435,0.03241564780473709,0.03495250269770622,0.03748391568660736,0.04323761910200119,0.04891924858093261,0.031088531017303467,0.050099849700927734
BAL_G,83,cashew/Data/Images/Anomaly/033.JPG,1,boundary,32x34,6,6,0.021074021855990093,0.004334084689617157,0.010749049484729767,0.01270708441734314,0.032980628311634064,0.046520963311195374,0.002328723669052124,0.0488663911819458
BAL_G,84,cashew/Data/Images/Anomaly/034.JPG,1,abnormal_normal,32x34,8,1073,0.012279011135554602,0.0012658357620239258,0.005758464336395264,0.010222256183624268,0.01670597493648529,0.029844105243682854,0.0,0.06589043140411377
BAL_G,84,cashew/Data/Images/Anomaly/034.JPG,1,defect,32x34,8,15,0.028713993231455483,0.007473863661289216,0.014333978295326233,0.03167247772216797,0.04028719663619995,0.0480549693107605,0.00039421021938323975,0.05074036121368408
BAL_G,84,cashew/Data/Images/Anomaly/034.JPG,1,clean_defect,32x34,8,7,0.039041297776358466,0.02748364508152008,0.03498333692550659,0.03977775573730469,0.0438503623008728,0.04958947896957397,0.02510356903076172,0.05074036121368408
BAL_G,84,cashew/Data/Images/Anomaly/034.JPG,1,boundary,32x34,8,8,0.019677601754665375,0.003934036940336227,0.011382322758436203,0.014333978295326233,0.031628310680389404,0.0389643982052803,0.00039421021938323975,0.04289081692695618
BAL_G,85,cashew/Data/Images/Anomaly/035.JPG,1,abnormal_normal,32x34,7,1075,0.012680315208989521,0.0012358009815216064,0.005727782845497131,0.010381221771240234,0.01727253943681717,0.030730438232421865,0.0,0.07775594294071198
BAL_G,85,cashew/Data/Images/Anomaly/035.JPG,1,defect,32x34,7,13,0.026701065210195687,0.017976558208465575,0.022814393043518066,0.026355862617492676,0.02937757968902588,0.03603172302246093,0.014260411262512207,0.0392279326915741
BAL_G,85,cashew/Data/Images/Anomaly/035.JPG,1,clean_defect,32x34,7,6,0.028779685497283936,0.02263067662715912,0.027012482285499573,0.02917996048927307,0.03184874355792999,0.0335938036441803,0.0213889479637146,0.0339009165763855
BAL_G,85,cashew/Data/Images/Anomaly/035.JPG,1,boundary,32x34,7,7,0.02491939067840576,0.01611848473548889,0.021634191274642944,0.024748295545578003,0.02646535634994507,0.03559628427028655,0.014260411262512207,0.0392279326915741
BAL_G,86,cashew/Data/Images/Anomaly/036.JPG,1,abnormal_normal,32x34,12,1066,0.01265633259996017,0.0013674162328243256,0.0057436563074588776,0.010551095008850098,0.016537874937057495,0.03120599314570427,0.0,0.10561518371105194
BAL_G,86,cashew/Data/Images/Anomaly/036.JPG,1,defect,32x34,12,22,0.025545960122888737,0.0017728678882122041,0.013472814112901688,0.0250965878367424,0.041587427258491516,0.04516791775822639,0.00043454766273498535,0.04731610417366028
BAL_G,86,cashew/Data/Images/Anomaly/036.JPG,1,clean_defect,32x34,12,10,0.035867704451084136,0.020255497097969054,0.031293489038944244,0.0390777662396431,0.042099013924598694,0.04494239240884781,0.01531827449798584,0.045169830322265625
BAL_G,86,cashew/Data/Images/Anomaly/036.JPG,1,boundary,32x34,12,12,0.01694450651605924,0.0010863222181797028,0.005638226866722107,0.014151938259601593,0.01960458606481552,0.04611461535096168,0.00043454766273498535,0.04731610417366028
BAL_G,87,cashew/Data/Images/Anomaly/037.JPG,1,abnormal_normal,32x34,9,1074,0.012309064786860396,0.002181430160999299,0.0059088654816150665,0.010289810597896576,0.01621127501130104,0.03014960139989852,0.0,0.06459967792034149
BAL_G,87,cashew/Data/Images/Anomaly/037.JPG,1,defect,32x34,9,14,0.02458903512784413,0.010049375146627426,0.01757580041885376,0.02606089413166046,0.03072097897529602,0.039095710217952724,0.0037343502044677734,0.04394480586051941
BAL_G,87,cashew/Data/Images/Anomaly/037.JPG,1,clean_defect,32x34,9,5,0.02737395167350769,0.01866016983985901,0.02409866452217102,0.028023123741149902,0.030962765216827393,0.03538028001785278,0.017300546169281006,0.03648465871810913
BAL_G,87,cashew/Data/Images/Anomaly/037.JPG,1,boundary,32x34,9,9,0.02304185926914215,0.007620519399642945,0.016453176736831665,0.020758599042892456,0.029995620250701904,0.03896036744117736,0.0037343502044677734,0.04394480586051941
BAL_G,88,cashew/Data/Images/Anomaly/038.JPG,1,abnormal_normal,32x34,3,1084,0.012845589844613058,0.0022796437144279483,0.0063753388822078705,0.010334879159927368,0.01703370362520218,0.03124567866325377,0.0,0.10346640646457672
BAL_G,88,cashew/Data/Images/Anomaly/038.JPG,1,defect,32x34,3,4,0.03352968394756317,0.026993975043296814,0.028373882174491882,0.030070990324020386,0.035226792097091675,0.04490756392478942,0.026648998260498047,0.04732775688171387
BAL_G,88,cashew/Data/Images/Anomaly/038.JPG,1,clean_defect,32x34,3,1,0.028948843479156494,0.028948843479156494,0.028948843479156494,0.028948843479156494,0.028948843479156494,0.028948843479156494,0.028948843479156494,0.028948843479156494
BAL_G,88,cashew/Data/Images/Anomaly/038.JPG,1,boundary,32x34,3,3,0.035056630770365395,0.02710341215133667,0.028921067714691162,0.031193137168884277,0.03926044702529907,0.04571429491043091,0.026648998260498047,0.04732775688171387
BAL_G,89,cashew/Data/Images/Anomaly/039.JPG,1,abnormal_normal,32x34,3,1083,0.01246344128198791,0.0014488071203231812,0.005863994359970093,0.010331332683563232,0.016277149319648743,0.03138452172279355,0.0,0.05833521485328674
BAL_G,89,cashew/Data/Images/Anomaly/039.JPG,1,defect,32x34,3,5,0.03425533771514892,0.029013454914093018,0.03070753812789917,0.034682512283325195,0.0358085036277771,0.040352261066436766,0.02858993411064148,0.041488200426101685
BAL_G,89,cashew/Data/Images/Anomaly/039.JPG,1,clean_defect,32x34,3,2,0.033258020877838135,0.030962586402893066,0.03198277950286865,0.033258020877838135,0.03453326225280762,0.0355534553527832,0.03070753812789917,0.0358085036277771
BAL_G,89,cashew/Data/Images/Anomaly/039.JPG,1,boundary,32x34,3,3,0.03492021560668945,0.029199191927909852,0.03163622319698334,0.034682512283325195,0.03808535635471344,0.04080763161182403,0.02858993411064148,0.041488200426101685
BAL_G,90,cashew/Data/Images/Anomaly/040.JPG,1,abnormal_normal,32x34,4,1083,0.012757637824378186,0.0012447431683540345,0.005585335195064545,0.010417327284812927,0.017310447990894318,0.03234409540891642,0.0,0.1183282881975174
BAL_G,90,cashew/Data/Images/Anomaly/040.JPG,1,defect,32x34,4,5,0.03660044372081757,0.022742775082588196,0.0369880348443985,0.04053807258605957,0.042095184326171875,0.043778610229492185,0.01918146014213562,0.044199466705322266
BAL_G,90,cashew/Data/Images/Anomaly/040.JPG,1,clean_defect,32x34,4,1,0.04053807258605957,0.04053807258605957,0.04053807258605957,0.04053807258605957,0.04053807258605957,0.04053807258605957,0.04053807258605957,0.04053807258605957
BAL_G,90,cashew/Data/Images/Anomaly/040.JPG,1,boundary,32x34,4,4,0.035616036504507065,0.021852446347475053,0.03253639116883278,0.03954160958528519,0.04262125492095947,0.04388382434844971,0.01918146014213562,0.044199466705322266
BAL_G,91,cashew/Data/Images/Anomaly/041.JPG,1,abnormal_normal,32x34,6,1077,0.012517697922366575,0.000958406925201416,0.0059808045625686646,0.010894745588302612,0.01670694351196289,0.029830858111381527,0.0,0.058749645948410034
BAL_G,91,cashew/Data/Images/Anomaly/041.JPG,1,defect,32x34,6,11,0.029411044987765225,0.009845711290836334,0.023818612098693848,0.03179579973220825,0.03513149172067642,0.04771536588668823,0.007914543151855469,0.05162757635116577
BAL_G,91,cashew/Data/Images/Anomaly/041.JPG,1,clean_defect,32x34,6,5,0.038064390420913696,0.026886212825775146,0.03179579973220825,0.037436604499816895,0.04380315542221069,0.050062692165374754,0.02565881609916687,0.05162757635116577
BAL_G,91,cashew/Data/Images/Anomaly/041.JPG,1,boundary,32x34,6,6,0.022199923793474834,0.008880127221345901,0.014327261596918106,0.02394067496061325,0.03107602894306183,0.03281988203525543,0.007914543151855469,0.03282637894153595
BAL_G,92,cashew/Data/Images/Anomaly/042.JPG,1,abnormal_normal,32x34,6,1082,0.01262115775271837,0.0015842944383621215,0.005991589277982712,0.010248199105262756,0.017048638314008713,0.030312094837427146,0.0,0.11253547668457031
BAL_G,92,cashew/Data/Images/Anomaly/042.JPG,1,defect,32x34,6,6,0.023759196201960247,0.011756427586078644,0.0206281840801239,0.027076780796051025,0.029199689626693726,0.030351795256137848,0.009433180093765259,0.030582457780838013
BAL_G,92,cashew/Data/Images/Anomaly/042.JPG,1,clean_defect,32x34,6,0,,,,,,,,
BAL_G,92,cashew/Data/Images/Anomaly/042.JPG,1,boundary,32x34,6,6,0.023759196201960247,0.011756427586078644,0.0206281840801239,0.027076780796051025,0.029199689626693726,0.030351795256137848,0.009433180093765259,0.030582457780838013
BAL_G,93,cashew/Data/Images/Anomaly/043.JPG,1,abnormal_normal,32x34,4,1084,0.01258424582901476,0.001711598038673401,0.006053805351257324,0.010481037199497223,0.016480635851621628,0.03098020106554029,0.0,0.08261050283908844
BAL_G,93,cashew/Data/Images/Anomaly/043.JPG,1,defect,32x34,4,4,0.011356998234987259,0.005373340845108032,0.009094029664993286,0.012022681534290314,0.014285650104284286,0.016408699005842207,0.004443168640136719,0.01693946123123169
BAL_G,93,cashew/Data/Images/Anomaly/043.JPG,1,clean_defect,32x34,4,0,,,,,,,,
BAL_G,93,cashew/Data/Images/Anomaly/043.JPG,1,boundary,32x34,4,4,0.011356998234987259,0.005373340845108032,0.009094029664993286,0.012022681534290314,0.014285650104284286,0.016408699005842207,0.004443168640136719,0.01693946123123169
BAL_G,94,cashew/Data/Images/Anomaly/044.JPG,1,abnormal_normal,32x34,3,1084,0.012092274672100905,0.0011518724262714387,0.005418665707111359,0.010242484509944916,0.01613403484225273,0.029434546828269948,0.0,0.07160678505897522
BAL_G,94,cashew/Data/Images/Anomaly/044.JPG,1,defect,32x34,3,4,0.025313708931207657,0.01011294350028038,0.019698988646268845,0.025988511741161346,0.03160323202610016,0.03956975042819976,0.007716432213783264,0.04156138002872467
BAL_G,94,cashew/Data/Images/Anomaly/044.JPG,1,clean_defect,32x34,3,1,0.028283849358558655,0.028283849358558655,0.028283849358558655,0.028283849358558655,0.028283849358558655,0.028283849358558655,0.028283849358558655,0.028283849358558655
BAL_G,94,cashew/Data/Images/Anomaly/044.JPG,1,boundary,32x34,3,3,0.024323662122090656,0.009314106404781341,0.01570480316877365,0.023693174123764038,0.032627277076244354,0.03977455943822861,0.007716432213783264,0.04156138002872467
BAL_G,95,cashew/Data/Images/Anomaly/045.JPG,1,abnormal_normal,32x34,4,1084,0.012826876075615301,0.0013884693384170533,0.006189268082380295,0.011382780969142914,0.01694674789905548,0.031364132463932,0.0,0.07153210043907166
BAL_G,95,cashew/Data/Images/Anomaly/045.JPG,1,defect,32x34,4,4,0.007736705243587494,0.0001369982957839966,0.0006849914789199829,0.003075741231441498,0.010127454996109009,0.02186176180839538,0.0,0.02479533851146698
BAL_G,95,cashew/Data/Images/Anomaly/045.JPG,1,clean_defect,32x34,4,0,,,,,,,,
BAL_G,95,cashew/Data/Images/Anomaly/045.JPG,1,boundary,32x34,4,4,0.007736705243587494,0.0001369982957839966,0.0006849914789199829,0.003075741231441498,0.010127454996109009,0.02186176180839538,0.0,0.02479533851146698
BAL_G,96,cashew/Data/Images/Anomaly/046.JPG,1,abnormal_normal,32x34,6,1080,0.013330650288197729,0.0013208784162998199,0.005793493241071701,0.010501973330974579,0.018161457031965256,0.03499064818024634,0.0,0.07010328769683838
BAL_G,96,cashew/Data/Images/Anomaly/046.JPG,1,defect,32x34,6,8,0.02567364275455475,0.004051419347524643,0.016561657190322876,0.022695213556289673,0.03479785472154617,0.05155392289161681,0.0034667253494262695,0.05699467658996582
BAL_G,96,cashew/Data/Images/Anomaly/046.JPG,1,clean_defect,32x34,6,2,0.01191825419664383,0.0043118782341480255,0.0076924897730350494,0.01191825419664383,0.01614401862025261,0.019524630159139633,0.0034667253494262695,0.02036978304386139
BAL_G,96,cashew/Data/Images/Anomaly/046.JPG,1,boundary,32x34,6,6,0.030258772273858387,0.009200546890497208,0.022042781114578247,0.02829033136367798,0.039232395589351654,0.053108423948287964,0.005137279629707336,0.05699467658996582
BAL_G,97,cashew/Data/Images/Anomaly/047.JPG,1,abnormal_normal,32x34,5,1081,0.012148765600687039,0.0010638833045959473,0.005611583590507507,0.010232627391815186,0.01623620092868805,0.0298481285572052,0.0,0.07290664315223694
BAL_G,97,cashew/Data/Images/Anomaly/047.JPG,1,defect,32x34,5,7,0.012904309800692968,0.003344666957855225,0.00581466406583786,0.007666200399398804,0.019125893712043762,0.0274017184972763,0.002398580312728882,0.03038427233695984
BAL_G,97,cashew/Data/Images/Anomaly/047.JPG,1,clean_defect,32x34,5,2,0.01299731433391571,0.006296713650226593,0.009274758398532867,0.01299731433391571,0.016719870269298553,0.019697915017604827,0.005552202463150024,0.020442426204681396
BAL_G,97,cashew/Data/Images/Anomaly/047.JPG,1,boundary,32x34,5,5,0.01286710798740387,0.0031342893838882447,0.006077125668525696,0.007666200399398804,0.017809361219406128,0.027869290113449095,0.002398580312728882,0.03038427233695984
BAL_G,98,cashew/Data/Images/Anomaly/048.JPG,1,abnormal_normal,32x34,5,1081,0.012335071938110655,0.001363024115562439,0.005748122930526733,0.010019481182098389,0.01699693500995636,0.0304957777261734,0.0,0.060837000608444214
BAL_G,98,cashew/Data/Images/Anomaly/048.JPG,1,defect,32x34,5,7,0.012590836201395308,0.0007540225982666016,0.004307165741920471,0.009465515613555908,0.012556321918964386,0.03581581413745878,0.0,0.04494336247444153
BAL_G,98,cashew/Data/Images/Anomaly/048.JPG,1,clean_defect,32x34,5,2,0.02973078191280365,0.016039459407329558,0.02212449163198471,0.02973078191280365,0.03733707219362259,0.04342210441827774,0.014518201351165771,0.04494336247444153
BAL_G,98,cashew/Data/Images/Anomaly/048.JPG,1,boundary,32x34,5,5,0.00573485791683197,0.0005026817321777344,0.002513408660888672,0.0061009228229522705,0.009465515613555908,0.010368657112121581,0.0,0.010594442486763
BAL_G,99,cashew/Data/Images/Anomaly/049.JPG,1,abnormal_normal,32x34,5,1083,0.013043553847905561,0.0011316269636154174,0.006011076271533966,0.011028856039047241,0.017260566353797913,0.03271987140178679,0.0,0.08282026648521423
BAL_G,99,cashew/Data/Images/Anomaly/049.JPG,1,defect,32x34,5,5,0.027587702870368956,0.01633826792240143,0.019406870007514954,0.025117695331573486,0.03522862493991852,0.04113709032535553,0.015571117401123047,0.04261420667171478
BAL_G,99,cashew/Data/Images/Anomaly/049.JPG,1,clean_defect,32x34,5,0,,,,,,,,
BAL_G,99,cashew/Data/Images/Anomaly/049.JPG,1,boundary,32x34,5,5,0.027587702870368956,0.01633826792240143,0.019406870007514954,0.025117695331573486,0.03522862493991852,0.04113709032535553,0.015571117401123047,0.04261420667171478
BAL_G,100,cashew/Data/Images/Anomaly/050.JPG,1,abnormal_normal,32x34,4,1084,0.012599904914953611,0.0014867402613162996,0.005913618952035904,0.010426372289657593,0.016786199063062668,0.029590430110692977,0.0,0.08259394764900208
BAL_G,100,cashew/Data/Images/Anomaly/050.JPG,1,defect,32x34,4,4,0.025945845991373062,0.02473798543214798,0.02484271675348282,0.025416187942028046,0.02651931717991829,0.02789522781968117,0.02471180260181427,0.028239205479621887
BAL_G,100,cashew/Data/Images/Anomaly/050.JPG,1,clean_defect,32x34,4,0,,,,,,,,
BAL_G,100,cashew/Data/Images/Anomaly/050.JPG,1,boundary,32x34,4,4,0.025945845991373062,0.02473798543214798,0.02484271675348282,0.025416187942028046,0.02651931717991829,0.02789522781968117,0.02471180260181427,0.028239205479621887
BAL_G,101,cashew/Data/Images/Anomaly/051.JPG,1,abnormal_normal,32x34,3,1084,0.012911351060845315,0.0012815222144126896,0.006271876394748688,0.01079171895980835,0.01686176285147667,0.03159516379237175,0.0,0.07957462966442108
BAL_G,101,cashew/Data/Images/Anomaly/051.JPG,1,defect,32x34,3,4,0.022482629865407944,0.02096575275063515,0.021320510655641556,0.022066690027713776,0.023228809237480164,0.024581822752952575,0.020877063274383545,0.02492007613182068
BAL_G,101,cashew/Data/Images/Anomaly/051.JPG,1,clean_defect,32x34,3,1,0.020877063274383545,0.020877063274383545,0.020877063274383545,0.020877063274383545,0.020877063274383545,0.020877063274383545,0.020877063274383545,0.020877063274383545
BAL_G,101,cashew/Data/Images/Anomaly/051.JPG,1,boundary,32x34,3,3,0.023017818729082744,0.021587999165058137,0.022066690027713776,0.022665053606033325,0.023792564868927002,0.024694573879241944,0.021468326449394226,0.02492007613182068
BAL_G,102,cashew/Data/Images/Anomaly/052.JPG,1,abnormal_normal,32x34,4,1084,0.013157953030508823,0.001356831938028336,0.006220191717147827,0.011028565466403961,0.017636790871620178,0.03199262619018552,0.0,0.09139899909496307
BAL_G,102,cashew/Data/Images/Anomaly/052.JPG,1,defect,32x34,4,4,0.007461078464984894,0.0008300274610519411,0.004150137305259705,0.006050340831279755,0.009361281991004944,0.016067162156105038,0.0,0.017743632197380066
BAL_G,102,cashew/Data/Images/Anomaly/052.JPG,1,clean_defect,32x34,4,0,,,,,,,,
BAL_G,102,cashew/Data/Images/Anomaly/052.JPG,1,boundary,32x34,4,4,0.007461078464984894,0.0008300274610519411,0.004150137305259705,0.006050340831279755,0.009361281991004944,0.016067162156105038,0.0,0.017743632197380066
BAL_G,103,cashew/Data/Images/Anomaly/053.JPG,1,abnormal_normal,32x34,5,1083,0.012785574447084991,0.0012275442481040955,0.00567810982465744,0.010402843356132507,0.01713075488805771,0.03230705559253688,0.0,0.07204005122184753
BAL_G,103,cashew/Data/Images/Anomaly/053.JPG,1,defect,32x34,5,5,0.015140065550804138,0.007352620363235474,0.007426708936691284,0.015351369976997375,0.019884318113327026,0.02453992962837219,0.007334098219871521,0.025703832507133484
BAL_G,103,cashew/Data/Images/Anomaly/053.JPG,1,clean_defect,32x34,5,0,,,,,,,,
BAL_G,103,cashew/Data/Images/Anomaly/053.JPG,1,boundary,32x34,5,5,0.015140065550804138,0.007352620363235474,0.007426708936691284,0.015351369976997375,0.019884318113327026,0.02453992962837219,0.007334098219871521,0.025703832507133484
BAL_G,104,cashew/Data/Images/Anomaly/054.JPG,1,abnormal_normal,32x34,4,1083,0.012959795081274221,0.0015906423330307006,0.005722709000110626,0.010677427053451538,0.016772538423538208,0.03370949327945708,0.0,0.07695236802101135
BAL_G,104,cashew/Data/Images/Anomaly/054.JPG,1,defect,32x34,4,5,0.02446695268154144,0.016084855794906615,0.02382609248161316,0.027662009000778198,0.028297901153564453,0.02837895154953003,0.01414954662322998,0.028399214148521423
BAL_G,104,cashew/Data/Images/Anomaly/054.JPG,1,clean_defect,32x34,4,1,0.01414954662322998,0.01414954662322998,0.01414954662322998,0.01414954662322998,0.01414954662322998,0.01414954662322998,0.01414954662322998,0.01414954662322998
BAL_G,104,cashew/Data/Images/Anomaly/054.JPG,1,boundary,32x34,4,4,0.02704630419611931,0.024401479959487916,0.02670302987098694,0.027979955077171326,0.028323229402303696,0.028384017199277876,0.02382609248161316,0.028399214148521423
BAL_G,105,cashew/Data/Images/Anomaly/055.JPG,1,abnormal_normal,32x34,2,1086,0.012250247197037024,0.0008565187454223633,0.005420513451099396,0.010347031056880951,0.016704097390174866,0.030275657773017883,0.0,0.10133393108844757
BAL_G,105,cashew/Data/Images/Anomaly/055.JPG,1,defect,32x34,2,2,0.015532761812210083,0.014262226223945618,0.014826908707618713,0.015532761812210083,0.016238614916801453,0.016803297400474548,0.014121055603027344,0.016944468021392822
BAL_G,105,cashew/Data/Images/Anomaly/055.JPG,1,clean_defect,32x34,2,0,,,,,,,,
BAL_G,105,cashew/Data/Images/Anomaly/055.JPG,1,boundary,32x34,2,2,0.015532761812210083,0.014262226223945618,0.014826908707618713,0.015532761812210083,0.016238614916801453,0.016803297400474548,0.014121055603027344,0.016944468021392822
BAL_G,106,cashew/Data/Images/Anomaly/056.JPG,1,abnormal_normal,32x34,5,1081,0.01200826705935705,0.0005664229393005371,0.00532194972038269,0.010360181331634521,0.016551345586776733,0.028598874807357788,0.0,0.08012868463993073
BAL_G,106,cashew/Data/Images/Anomaly/056.JPG,1,defect,32x34,5,7,0.019475873027529036,0.0029964655637741092,0.010542228817939758,0.018406718969345093,0.02736620604991913,0.03881582617759704,0.0,0.04210752248764038
BAL_G,106,cashew/Data/Images/Anomaly/056.JPG,1,clean_defect,32x34,5,2,0.016792714595794678,0.010668668150901794,0.013390466570854187,0.016792714595794678,0.02019496262073517,0.02291676104068756,0.009988218545913696,0.02359721064567566
BAL_G,106,cashew/Data/Images/Anomaly/056.JPG,1,boundary,32x34,5,5,0.020549136400222778,0.0022192478179931642,0.01109623908996582,0.018406718969345093,0.031135201454162598,0.039913058280944824,0.0,0.04210752248764038
BAL_G,107,cashew/Data/Images/Anomaly/057.JPG,1,abnormal_normal,32x34,2,1086,0.013279884244087213,0.00120612233877182,0.006046213209629059,0.01105751097202301,0.01757429912686348,0.03176477178931236,0.0,0.07000397145748138
BAL_G,107,cashew/Data/Images/Anomaly/057.JPG,1,defect,32x34,2,2,0.04470599442720413,0.028457487374544142,0.03567904606461525,0.04470599442720413,0.053732942789793015,0.06095450147986412,0.026652097702026367,0.0627598911523819
BAL_G,107,cashew/Data/Images/Anomaly/057.JPG,1,clean_defect,32x34,2,0,,,,,,,,
BAL_G,107,cashew/Data/Images/Anomaly/057.JPG,1,boundary,32x34,2,2,0.04470599442720413,0.028457487374544142,0.03567904606461525,0.04470599442720413,0.053732942789793015,0.06095450147986412,0.026652097702026367,0.0627598911523819
BAL_G,108,cashew/Data/Images/Anomaly/058.JPG,1,abnormal_normal,32x34,5,1083,0.013057165129913407,0.0011368438601493836,0.0061547234654426575,0.010943502187728882,0.01782040297985077,0.031221137940883617,0.0,0.08222469687461853
BAL_G,108,cashew/Data/Images/Anomaly/058.JPG,1,defect,32x34,5,5,0.015720358490943907,0.005502524971961975,0.014271154999732971,0.015885651111602783,0.02050355076789856,0.023805564641952513,0.003310367465019226,0.024631068110466003
BAL_G,108,cashew/Data/Images/Anomaly/058.JPG,1,clean_defect,32x34,5,0,,,,,,,,
BAL_G,108,cashew/Data/Images/Anomaly/058.JPG,1,boundary,32x34,5,5,0.015720358490943907,0.005502524971961975,0.014271154999732971,0.015885651111602783,0.02050355076789856,0.023805564641952513,0.003310367465019226,0.024631068110466003
BAL_G,109,cashew/Data/Images/Anomaly/059.JPG,1,abnormal_normal,32x34,2,1085,0.01284663693696123,0.0012389779090881351,0.006197065114974976,0.011083722114562988,0.016974270343780518,0.03119873404502867,0.0,0.07412795722484589
BAL_G,109,cashew/Data/Images/Anomaly/059.JPG,1,defect,32x34,2,3,0.031657516956329346,0.018682318925857543,0.02332022786140442,0.029117614030838013,0.038724854588508606,0.04641064703464508,0.017522841691970825,0.0483320951461792
BAL_G,109,cashew/Data/Images/Anomaly/059.JPG,1,clean_defect,32x34,2,1,0.0483320951461792,0.0483320951461792,0.0483320951461792,0.0483320951461792,0.0483320951461792,0.0483320951461792,0.0483320951461792,0.0483320951461792
BAL_G,109,cashew/Data/Images/Anomaly/059.JPG,1,boundary,32x34,2,2,0.02332022786140442,0.018102580308914186,0.020421534776687622,0.02332022786140442,0.026218920946121216,0.028537875413894652,0.017522841691970825,0.029117614030838013
BAL_G,110,cashew/Data/Images/Anomaly/060.JPG,1,abnormal_normal,32x34,8,1079,0.013198987132868798,0.0016771078109741214,0.006323471665382385,0.01104271411895752,0.017777472734451294,0.03271628618240356,0.0,0.06999160349369049
BAL_G,110,cashew/Data/Images/Anomaly/060.JPG,1,defect,32x34,8,9,0.019697944323221844,0.005673706531524658,0.012176617980003357,0.017531782388687134,0.02778005599975586,0.031651693582534786,0.002931654453277588,0.03338441252708435
BAL_G,110,cashew/Data/Images/Anomaly/060.JPG,1,clean_defect,32x34,8,1,0.002931654453277588,0.002931654453277588,0.002931654453277588,0.002931654453277588,0.002931654453277588,0.002931654453277588,0.002931654453277588,0.002931654453277588
BAL_G,110,cashew/Data/Images/Anomaly/060.JPG,1,boundary,32x34,8,8,0.021793730556964874,0.010623226314783097,0.0158156156539917,0.022570371627807617,0.028098195791244507,0.03186828345060348,0.009786784648895264,0.03338441252708435
BAL_G,111,cashew/Data/Images/Anomaly/061.JPG,1,abnormal_normal,32x34,6,1082,0.01231203739171548,0.0012851476669311524,0.0055353641510009766,0.010309264063835144,0.016734275966882706,0.029088115692138688,0.0,0.1051943302154541
BAL_G,111,cashew/Data/Images/Anomaly/061.JPG,1,defect,32x34,6,6,0.027396000921726227,0.016802262514829636,0.017715785652399063,0.023839488625526428,0.030853785574436188,0.04628729075193405,0.016752004623413086,0.051078587770462036
BAL_G,111,cashew/Data/Images/Anomaly/061.JPG,1,clean_defect,32x34,6,0,,,,,,,,
BAL_G,111,cashew/Data/Images/Anomaly/061.JPG,1,boundary,32x34,6,6,0.027396000921726227,0.016802262514829636,0.017715785652399063,0.023839488625526428,0.030853785574436188,0.04628729075193405,0.016752004623413086,0.051078587770462036
BAL_G,112,cashew/Data/Images/Anomaly/062.JPG,1,abnormal_normal,32x34,3,1085,0.012023868058134334,0.0010875880718231202,0.005612686276435852,0.00978231430053711,0.01613306999206543,0.029862564802169783,0.0,0.06962531805038452
BAL_G,112,cashew/Data/Images/Anomaly/062.JPG,1,defect,32x34,3,3,0.020332564910252888,0.005207818746566772,0.007714718580245972,0.01084834337234497,0.028208300471305847,0.04209626615047454,0.004581093788146973,0.045568257570266724
BAL_G,112,cashew/Data/Images/Anomaly/062.JPG,1,clean_defect,32x34,3,0,,,,,,,,
BAL_G,112,cashew/Data/Images/Anomaly/062.JPG,1,boundary,32x34,3,3,0.020332564910252888,0.005207818746566772,0.007714718580245972,0.01084834337234497,0.028208300471305847,0.04209626615047454,0.004581093788146973,0.045568257570266724
BAL_G,113,cashew/Data/Images/Anomaly/063.JPG,1,abnormal_normal,32x34,1,1087,0.012554899049989653,0.001259413361549378,0.005715817213058472,0.010481059551239014,0.016719169914722443,0.031062965095043187,0.0,0.09420467913150787
BAL_G,113,cashew/Data/Images/Anomaly/063.JPG,1,defect,32x34,1,1,0.019369199872016907,0.019369199872016907,0.019369199872016907,0.019369199872016907,0.019369199872016907,0.019369199872016907,0.019369199872016907,0.019369199872016907
BAL_G,113,cashew/Data/Images/Anomaly/063.JPG,1,clean_defect,32x34,1,0,,,,,,,,
BAL_G,113,cashew/Data/Images/Anomaly/063.JPG,1,boundary,32x34,1,1,0.019369199872016907,0.019369199872016907,0.019369199872016907,0.019369199872016907,0.019369199872016907,0.019369199872016907,0.019369199872016907,0.019369199872016907
BAL_G,114,cashew/Data/Images/Anomaly/064.JPG,1,abnormal_normal,32x34,4,1084,0.012868009906303398,0.0020083703100681307,0.0058450400829315186,0.010765373706817627,0.017213456332683563,0.03150885552167892,0.0,0.08419117331504822
BAL_G,114,cashew/Data/Images/Anomaly/064.JPG,1,defect,32x34,4,4,0.02636229619383812,0.010749154537916184,0.012167301028966904,0.014861218631267548,0.029056213796138763,0.05807694643735884,0.010394617915153503,0.06533212959766388
BAL_G,114,cashew/Data/Images/Anomaly/064.JPG,1,clean_defect,32x34,4,0,,,,,,,,
BAL_G,114,cashew/Data/Images/Anomaly/064.JPG,1,boundary,32x34,4,4,0.02636229619383812,0.010749154537916184,0.012167301028966904,0.014861218631267548,0.029056213796138763,0.05807694643735884,0.010394617915153503,0.06533212959766388
BAL_G,115,cashew/Data/Images/Anomaly/065.JPG,1,abnormal_normal,32x34,5,1083,0.011975445135368424,0.0007458269596099854,0.005118191242218018,0.009911224246025085,0.01605542004108429,0.03158433288335791,0.0,0.06856071949005127
BAL_G,115,cashew/Data/Images/Anomaly/065.JPG,1,defect,32x34,5,5,0.04018953144550323,0.028298643231391907,0.03730608522891998,0.038331642746925354,0.04253339767456055,0.05389047861099243,0.026046782732009888,0.0567297488451004
BAL_G,115,cashew/Data/Images/Anomaly/065.JPG,1,clean_defect,32x34,5,0,,,,,,,,
BAL_G,115,cashew/Data/Images/Anomaly/065.JPG,1,boundary,32x34,5,5,0.04018953144550323,0.028298643231391907,0.03730608522891998,0.038331642746925354,0.04253339767456055,0.05389047861099243,0.026046782732009888,0.0567297488451004
BAL_G,116,cashew/Data/Images/Anomaly/066.JPG,1,abnormal_normal,32x34,3,1085,0.013071954209134326,0.0015619337558746339,0.006405293941497803,0.011107280850410461,0.017518654465675354,0.030935636162757872,0.0,0.05379331111907959
BAL_G,116,cashew/Data/Images/Anomaly/066.JPG,1,defect,32x34,3,3,0.009334335724512735,0.002072378993034363,0.00306914746761322,0.004315108060836792,0.01308991014957428,0.020109751820564268,0.0018231868743896484,0.021864712238311768
BAL_G,116,cashew/Data/Images/Anomaly/066.JPG,1,clean_defect,32x34,3,0,,,,,,,,
BAL_G,116,cashew/Data/Images/Anomaly/066.JPG,1,boundary,32x34,3,3,0.009334335724512735,0.002072378993034363,0.00306914746761322,0.004315108060836792,0.01308991014957428,0.020109751820564268,0.0018231868743896484,0.021864712238311768
BAL_G,117,cashew/Data/Images/Anomaly/067.JPG,1,abnormal_normal,32x34,2,1086,0.012757486030871039,0.0012937039136886597,0.005645237863063812,0.010067082941532135,0.01711960881948471,0.02996375784277916,0.0,0.07097338140010834
BAL_G,117,cashew/Data/Images/Anomaly/067.JPG,1,defect,32x34,2,2,0.010168023407459259,0.0072306223213672634,0.008536133915185928,0.010168023407459259,0.01179991289973259,0.013105424493551255,0.006904244422912598,0.01343180239200592
BAL_G,117,cashew/Data/Images/Anomaly/067.JPG,1,clean_defect,32x34,2,0,,,,,,,,
BAL_G,117,cashew/Data/Images/Anomaly/067.JPG,1,boundary,32x34,2,2,0.010168023407459259,0.0072306223213672634,0.008536133915185928,0.010168023407459259,0.01179991289973259,0.013105424493551255,0.006904244422912598,0.01343180239200592
BAL_G,118,cashew/Data/Images/Anomaly/068.JPG,1,abnormal_normal,32x34,6,1082,0.013383367875256952,0.0016095601022243504,0.0063936747610569,0.010954700410366058,0.017769519239664078,0.03220297321677208,0.0,0.07275353372097015
BAL_G,118,cashew/Data/Images/Anomaly/068.JPG,1,defect,32x34,6,6,0.030261350174744923,0.01857561245560646,0.022670377045869827,0.02936653047800064,0.03695265203714371,0.04359082505106926,0.017737314105033875,0.045178040862083435
BAL_G,118,cashew/Data/Images/Anomaly/068.JPG,1,clean_defect,32x34,6,0,,,,,,,,
BAL_G,118,cashew/Data/Images/Anomaly/068.JPG,1,boundary,32x34,6,6,0.030261350174744923,0.01857561245560646,0.022670377045869827,0.02936653047800064,0.03695265203714371,0.04359082505106926,0.017737314105033875,0.045178040862083435
BAL_G,119,cashew/Data/Images/Anomaly/069.JPG,1,abnormal_normal,32x34,4,1084,0.01208965532564149,0.0010710597038269046,0.0055817365646362305,0.010414883494377136,0.016644835472106934,0.029328270256519316,0.0,0.0655800998210907
BAL_G,119,cashew/Data/Images/Anomaly/069.JPG,1,defect,32x34,4,4,0.030708275735378265,0.0126473568379879,0.014090429991483688,0.02082253247499466,0.037440378218889236,0.06260923519730566,0.012286588549613953,0.06890144944190979
BAL_G,119,cashew/Data/Images/Anomaly/069.JPG,1,clean_defect,32x34,4,0,,,,,,,,
BAL_G,119,cashew/Data/Images/Anomaly/069.JPG,1,boundary,32x34,4,4,0.030708275735378265,0.0126473568379879,0.014090429991483688,0.02082253247499466,0.037440378218889236,0.06260923519730566,0.012286588549613953,0.06890144944190979
BAL_G,120,cashew/Data/Images/Anomaly/070.JPG,1,abnormal_normal,32x34,2,1086,0.013047865974420123,0.0014957413077354431,0.0058813393115997314,0.010725490748882294,0.01760280504822731,0.03140690550208092,0.0,0.09436333179473877
BAL_G,120,cashew/Data/Images/Anomaly/070.JPG,1,defect,32x34,2,2,0.016782842576503754,0.012454327195882797,0.014378111809492111,0.016782842576503754,0.019187573343515396,0.02111135795712471,0.011973381042480469,0.02159230411052704
BAL_G,120,cashew/Data/Images/Anomaly/070.JPG,1,clean_defect,32x34,2,0,,,,,,,,
BAL_G,120,cashew/Data/Images/Anomaly/070.JPG,1,boundary,32x34,2,2,0.016782842576503754,0.012454327195882797,0.014378111809492111,0.016782842576503754,0.019187573343515396,0.02111135795712471,0.011973381042480469,0.02159230411052704
BAL_G,121,cashew/Data/Images/Anomaly/071.JPG,1,abnormal_normal,32x34,3,1085,0.012806063821788208,0.0016001582145690918,0.0060897767543792725,0.010843247175216675,0.01720423996448517,0.030824863910675047,0.0,0.08440838754177094
BAL_G,121,cashew/Data/Images/Anomaly/071.JPG,1,defect,32x34,3,3,0.021577805280685425,0.013702434301376343,0.018922418355941772,0.02544739842414856,0.026167988777160645,0.02674446105957031,0.012397438287734985,0.02688857913017273
BAL_G,121,cashew/Data/Images/Anomaly/071.JPG,1,clean_defect,32x34,3,0,,,,,,,,
BAL_G,121,cashew/Data/Images/Anomaly/071.JPG,1,boundary,32x34,3,3,0.021577805280685425,0.013702434301376343,0.018922418355941772,0.02544739842414856,0.026167988777160645,0.02674446105957031,0.012397438287734985,0.02688857913017273
BAL_G,122,cashew/Data/Images/Anomaly/072.JPG,1,abnormal_normal,32x34,4,1084,0.012601042984266562,0.001680675894021988,0.006224300712347031,0.010491378605365753,0.016882751137018204,0.029559077322483054,0.0,0.055442556738853455
BAL_G,122,cashew/Data/Images/Anomaly/072.JPG,1,defect,32x34,4,4,0.021192017942667007,0.010740655660629272,0.016579359769821167,0.022237151861190796,0.026849810034036636,0.030180192738771438,0.009280979633331299,0.03101278841495514
BAL_G,122,cashew/Data/Images/Anomaly/072.JPG,1,clean_defect,32x34,4,0,,,,,,,,
BAL_G,122,cashew/Data/Images/Anomaly/072.JPG,1,boundary,32x34,4,4,0.021192017942667007,0.010740655660629272,0.016579359769821167,0.022237151861190796,0.026849810034036636,0.030180192738771438,0.009280979633331299,0.03101278841495514
BAL_G,123,cashew/Data/Images/Anomaly/073.JPG,1,abnormal_normal,32x34,2,1086,0.012553252554181311,0.0015083253383636475,0.0059173330664634705,0.010504305362701416,0.016667839139699936,0.03032100200653076,0.0,0.07227794826030731
BAL_G,123,cashew/Data/Images/Anomaly/073.JPG,1,defect,32x34,2,2,0.01159447431564331,0.0076396644115448,0.009397357702255249,0.01159447431564331,0.013791590929031372,0.01554928421974182,0.0072002410888671875,0.015988707542419434
BAL_G,123,cashew/Data/Images/Anomaly/073.JPG,1,clean_defect,32x34,2,0,,,,,,,,
BAL_G,123,cashew/Data/Images/Anomaly/073.JPG,1,boundary,32x34,2,2,0.01159447431564331,0.0076396644115448,0.009397357702255249,0.01159447431564331,0.013791590929031372,0.01554928421974182,0.0072002410888671875,0.015988707542419434
BAL_G,124,cashew/Data/Images/Anomaly/074.JPG,1,abnormal_normal,32x34,4,1084,0.012074139738984654,0.0013621889054775242,0.005611002445220947,0.009940311312675476,0.01540619507431984,0.03151871412992476,0.0,0.06736817955970764
BAL_G,124,cashew/Data/Images/Anomaly/074.JPG,1,defect,32x34,4,4,0.025491785258054733,0.005929739028215409,0.014354083687067032,0.02526562660932541,0.03640332818031311,0.04537045359611511,0.0038236528635025024,0.04761223495006561
BAL_G,124,cashew/Data/Images/Anomaly/074.JPG,1,clean_defect,32x34,4,0,,,,,,,,
BAL_G,124,cashew/Data/Images/Anomaly/074.JPG,1,boundary,32x34,4,4,0.025491785258054733,0.005929739028215409,0.014354083687067032,0.02526562660932541,0.03640332818031311,0.04537045359611511,0.0038236528635025024,0.04761223495006561
BAL_G,125,cashew/Data/Images/Anomaly/075.JPG,1,abnormal_normal,32x34,5,1083,0.012799544732876651,0.001506972312927246,0.005998700857162476,0.010997980833053589,0.016865618526935577,0.030984237790107727,0.0,0.06966826319694519
BAL_G,125,cashew/Data/Images/Anomaly/075.JPG,1,defect,32x34,5,5,0.01307641863822937,0.0014445483684539795,0.004095882177352905,0.018341198563575745,0.01893213391304016,0.022371357679367064,0.000781714916229248,0.02323116362094879
BAL_G,125,cashew/Data/Images/Anomaly/075.JPG,1,clean_defect,32x34,5,0,,,,,,,,
BAL_G,125,cashew/Data/Images/Anomaly/075.JPG,1,boundary,32x34,5,5,0.01307641863822937,0.0014445483684539795,0.004095882177352905,0.018341198563575745,0.01893213391304016,0.022371357679367064,0.000781714916229248,0.02323116362094879
BAL_G,126,cashew/Data/Images/Anomaly/076.JPG,1,abnormal_normal,32x34,5,1083,0.01247948475546674,0.0012928158044815065,0.006005018949508667,0.010301798582077026,0.01679772138595581,0.029795300960540772,0.0,0.05532000958919525
BAL_G,126,cashew/Data/Images/Anomaly/076.JPG,1,defect,32x34,5,5,0.01780284643173218,0.003331124782562256,0.0051770806312561035,0.01166979968547821,0.02316194772720337,0.0415410041809082,0.002869635820388794,0.04613576829433441
BAL_G,126,cashew/Data/Images/Anomaly/076.JPG,1,clean_defect,32x34,5,0,,,,,,,,
BAL_G,126,cashew/Data/Images/Anomaly/076.JPG,1,boundary,32x34,5,5,0.01780284643173218,0.003331124782562256,0.0051770806312561035,0.01166979968547821,0.02316194772720337,0.0415410041809082,0.002869635820388794,0.04613576829433441
BAL_G,127,cashew/Data/Images/Anomaly/077.JPG,1,abnormal_normal,32x34,6,1082,0.012964354879644573,0.0016796350479125978,0.006456136703491211,0.01076669991016388,0.01747727394104004,0.03094647377729416,0.0,0.08242227137088776
BAL_G,127,cashew/Data/Images/Anomaly/077.JPG,1,defect,32x34,6,6,0.02289945383866628,0.008926790207624435,0.010104384273290634,0.016550369560718536,0.035489246249198914,0.04441623389720917,0.008666858077049255,0.045871198177337646
BAL_G,127,cashew/Data/Images/Anomaly/077.JPG,1,clean_defect,32x34,6,0,,,,,,,,
BAL_G,127,cashew/Data/Images/Anomaly/077.JPG,1,boundary,32x34,6,6,0.02289945383866628,0.008926790207624435,0.010104384273290634,0.016550369560718536,0.035489246249198914,0.04441623389720917,0.008666858077049255,0.045871198177337646
BAL_G,128,cashew/Data/Images/Anomaly/078.JPG,1,abnormal_normal,32x34,3,1085,0.013102447038971335,0.0016539067029953003,0.006463408470153809,0.011099696159362793,0.016949325799942017,0.03179442882537838,0.0,0.09579741954803467
BAL_G,128,cashew/Data/Images/Anomaly/078.JPG,1,defect,32x34,3,3,0.031167601545651753,0.0225921168923378,0.024220652878284454,0.026256322860717773,0.03565891087055206,0.043180981278419496,0.022184982895851135,0.04506149888038635
BAL_G,128,cashew/Data/Images/Anomaly/078.JPG,1,clean_defect,32x34,3,0,,,,,,,,
BAL_G,128,cashew/Data/Images/Anomaly/078.JPG,1,boundary,32x34,3,3,0.031167601545651753,0.0225921168923378,0.024220652878284454,0.026256322860717773,0.03565891087055206,0.043180981278419496,0.022184982895851135,0.04506149888038635
BAL_G,129,cashew/Data/Images/Anomaly/079.JPG,1,abnormal_normal,32x34,11,1077,0.012575428244573935,0.0011144876480102541,0.005550175905227661,0.0102912038564682,0.016785189509391785,0.0314418613910675,0.0,0.06840769946575165
BAL_G,129,cashew/Data/Images/Anomaly/079.JPG,1,defect,32x34,11,11,0.029368828643452038,0.009690634906291962,0.01664932817220688,0.032774418592453,0.03571391850709915,0.05116364359855652,0.006941184401512146,0.05436807870864868
BAL_G,129,cashew/Data/Images/Anomaly/079.JPG,1,clean_defect,32x34,11,0,,,,,,,,
BAL_G,129,cashew/Data/Images/Anomaly/079.JPG,1,boundary,32x34,11,11,0.029368828643452038,0.009690634906291962,0.01664932817220688,0.032774418592453,0.03571391850709915,0.05116364359855652,0.006941184401512146,0.05436807870864868
BAL_G,130,cashew/Data/Images/Anomaly/080.JPG,1,abnormal_normal,32x34,6,1081,0.013313777930862258,0.0014650225639343262,0.00629076361656189,0.010749995708465576,0.01796884834766388,0.032954439520835876,0.0,0.0694679319858551
BAL_G,130,cashew/Data/Images/Anomaly/080.JPG,1,defect,32x34,6,7,0.0376232202563967,0.029067905247211458,0.03337637335062027,0.036066651344299316,0.03966277092695236,0.04985439181327819,0.028356194496154785,0.05286140739917755
BAL_G,130,cashew/Data/Images/Anomaly/080.JPG,1,clean_defect,32x34,6,1,0.05286140739917755,0.05286140739917755,0.05286140739917755,0.05286140739917755,0.05286140739917755,0.05286140739917755,0.05286140739917755,0.05286140739917755
BAL_G,130,cashew/Data/Images/Anomaly/080.JPG,1,boundary,32x34,6,6,0.03508352239926656,0.02894928678870201,0.03205246850848198,0.036045417189598083,0.03638230264186859,0.04125039651989937,0.028356194496154785,0.042838022112846375
BAL_G,131,cashew/Data/Images/Anomaly/081.JPG,1,abnormal_normal,32x34,9,1079,0.013007559137724415,0.0015721425414085388,0.00588633120059967,0.010454803705215454,0.017106354236602783,0.03275246024131774,0.0,0.06851550936698914
BAL_G,131,cashew/Data/Images/Anomaly/081.JPG,1,defect,32x34,9,9,0.02126357952753703,0.0043270885944366455,0.0152788907289505,0.01893956959247589,0.025950074195861816,0.041197615861892696,0.0,0.04777851700782776
BAL_G,131,cashew/Data/Images/Anomaly/081.JPG,1,clean_defect,32x34,9,0,,,,,,,,
BAL_G,131,cashew/Data/Images/Anomaly/081.JPG,1,boundary,32x34,9,9,0.02126357952753703,0.0043270885944366455,0.0152788907289505,0.01893956959247589,0.025950074195861816,0.041197615861892696,0.0,0.04777851700782776
BAL_G,132,cashew/Data/Images/Anomaly/082.JPG,1,abnormal_normal,32x34,7,1080,0.01287546054356628,0.0011112406849861146,0.005685251206159592,0.010563969612121582,0.017240747809410095,0.03323664888739585,0.0,0.08449617028236389
BAL_G,132,cashew/Data/Images/Anomaly/082.JPG,1,defect,32x34,7,8,0.024169165641069412,0.006479208916425705,0.017074115574359894,0.026245974004268646,0.03088787943124771,0.03969197273254394,0.0038142353296279907,0.04252460598945618
BAL_G,132,cashew/Data/Images/Anomaly/082.JPG,1,clean_defect,32x34,7,1,0.03443136811256409,0.03443136811256409,0.03443136811256409,0.03443136811256409,0.03443136811256409,0.03443136811256409,0.03443136811256409,0.03443136811256409
BAL_G,132,cashew/Data/Images/Anomaly/082.JPG,1,boundary,32x34,7,7,0.022703136716570173,0.006098498404026032,0.015192225575447083,0.024475976824760437,0.02886134386062622,0.03867923915386199,0.0038142353296279907,0.04252460598945618
BAL_G,133,cashew/Data/Images/Anomaly/083.JPG,1,abnormal_normal,32x34,12,1075,0.012396591430486634,0.0014581024646759034,0.005707494914531708,0.010258615016937256,0.01647467166185379,0.030569382011890408,0.0,0.07305464148521423
BAL_G,133,cashew/Data/Images/Anomaly/083.JPG,1,defect,32x34,12,13,0.01974241894025069,0.0055950343608856205,0.010884061455726624,0.014609932899475098,0.021020755171775818,0.04820166230201718,0.0,0.05997934937477112
BAL_G,133,cashew/Data/Images/Anomaly/083.JPG,1,clean_defect,32x34,12,1,0.014609932899475098,0.014609932899475098,0.014609932899475098,0.014609932899475098,0.014609932899475098,0.014609932899475098,0.014609932899475098,0.014609932899475098
BAL_G,133,cashew/Data/Images/Anomaly/083.JPG,1,boundary,32x34,12,12,0.020170126110315323,0.005128781497478485,0.01052907109260559,0.015337273478507996,0.022660553455352783,0.04918313622474669,0.0,0.05997934937477112
BAL_G,134,cashew/Data/Images/Anomaly/084.JPG,1,abnormal_normal,32x34,13,1075,0.0130860459527304,0.0009596198797225952,0.005604632198810577,0.010774940252304077,0.017731577157974243,0.03377648890018463,0.0,0.07495231926441193
BAL_G,134,cashew/Data/Images/Anomaly/084.JPG,1,defect,32x34,13,13,0.01905191861666166,0.007913923263549805,0.013968601822853088,0.01756863296031952,0.02567814290523529,0.029672110080718985,0.004960551857948303,0.032915741205215454
BAL_G,134,cashew/Data/Images/Anomaly/084.JPG,1,clean_defect,32x34,13,0,,,,,,,,
BAL_G,134,cashew/Data/Images/Anomaly/084.JPG,1,boundary,32x34,13,13,0.01905191861666166,0.007913923263549805,0.013968601822853088,0.01756863296031952,0.02567814290523529,0.029672110080718985,0.004960551857948303,0.032915741205215454
BAL_G,135,cashew/Data/Images/Anomaly/085.JPG,1,abnormal_normal,32x34,11,1077,0.013316384375704142,0.001275154948234558,0.006187170743942261,0.011347979307174683,0.018162667751312256,0.03210993409156797,0.0,0.06476700305938721
BAL_G,135,cashew/Data/Images/Anomaly/085.JPG,1,defect,32x34,11,11,0.03074113753708926,0.013914786279201508,0.027588464319705963,0.029499322175979614,0.03721561282873154,0.045648254454135895,0.008131265640258789,0.046578362584114075
BAL_G,135,cashew/Data/Images/Anomaly/085.JPG,1,clean_defect,32x34,11,0,,,,,,,,
BAL_G,135,cashew/Data/Images/Anomaly/085.JPG,1,boundary,32x34,11,11,0.03074113753708926,0.013914786279201508,0.027588464319705963,0.029499322175979614,0.03721561282873154,0.045648254454135895,0.008131265640258789,0.046578362584114075
BAL_G,136,cashew/Data/Images/Anomaly/086.JPG,1,abnormal_normal,32x34,9,1078,0.012818436952159224,0.0012490518391132354,0.005748465657234192,0.011098183691501617,0.017413202673196793,0.030346930027008057,0.0,0.06514076888561249
BAL_G,136,cashew/Data/Images/Anomaly/086.JPG,1,defect,32x34,9,10,0.015587659180164337,0.006225128471851349,0.007556580007076263,0.010936655104160309,0.02018086239695549,0.033209843188524234,0.006150335073471069,0.038353562355041504
BAL_G,136,cashew/Data/Images/Anomaly/086.JPG,1,clean_defect,32x34,9,1,0.02057349681854248,0.02057349681854248,0.02057349681854248,0.02057349681854248,0.02057349681854248,0.02057349681854248,0.02057349681854248,0.02057349681854248
BAL_G,136,cashew/Data/Images/Anomaly/086.JPG,1,boundary,32x34,9,9,0.015033677220344543,0.00621681809425354,0.006771504878997803,0.010307595133781433,0.01900295913219452,0.03378136754035949,0.006150335073471069,0.038353562355041504
BAL_G,137,cashew/Data/Images/Anomaly/087.JPG,1,abnormal_normal,32x34,11,1077,0.01226955446083455,0.0016828179359436037,0.005819246172904968,0.010177835822105408,0.016758993268013,0.028854426741600034,0.0,0.08026432991027832
BAL_G,137,cashew/Data/Images/Anomaly/087.JPG,1,defect,32x34,11,11,0.012796962803060358,0.005551360547542572,0.009794898331165314,0.01157429814338684,0.015846475958824158,0.02076614648103714,0.005133628845214844,0.022368893027305603
BAL_G,137,cashew/Data/Images/Anomaly/087.JPG,1,clean_defect,32x34,11,0,,,,,,,,
BAL_G,137,cashew/Data/Images/Anomaly/087.JPG,1,boundary,32x34,11,11,0.012796962803060358,0.005551360547542572,0.009794898331165314,0.01157429814338684,0.015846475958824158,0.02076614648103714,0.005133628845214844,0.022368893027305603
BAL_G,138,cashew/Data/Images/Anomaly/088.JPG,1,abnormal_normal,32x34,7,1079,0.01318827702338437,0.0016485124826431275,0.005868859589099884,0.011049583554267883,0.017660893499851227,0.03277785181999201,0.0,0.07889024913311005
BAL_G,138,cashew/Data/Images/Anomaly/088.JPG,1,defect,32x34,7,9,0.020392712619569566,0.0077655047178268434,0.008598312735557556,0.017826184630393982,0.025206908583641052,0.03983940482139587,0.007632538676261902,0.041935116052627563
BAL_G,138,cashew/Data/Images/Anomaly/088.JPG,1,clean_defect,32x34,7,2,0.030268177390098572,0.02448328286409378,0.027054347097873688,0.030268177390098572,0.033482007682323456,0.036053071916103366,0.023840516805648804,0.03669583797454834
BAL_G,138,cashew/Data/Images/Anomaly/088.JPG,1,boundary,32x34,7,7,0.01757115125656128,0.007732263207435608,0.008281633257865906,0.013834044337272644,0.021516546607017517,0.0369166538119316,0.007632538676261902,0.041935116052627563
BAL_G,139,cashew/Data/Images/Anomaly/089.JPG,1,abnormal_normal,32x34,13,1073,0.012436581471759587,0.0011590570211410522,0.005772501230239868,0.010414868593215942,0.016284510493278503,0.029855045676231377,0.0,0.07261236011981964
BAL_G,139,cashew/Data/Images/Anomaly/089.JPG,1,defect,32x34,13,15,0.02144554555416107,0.002293112874031067,0.014906205236911774,0.023799806833267212,0.029609039425849915,0.034258246421813965,0.0019499808549880981,0.03556366264820099
BAL_G,139,cashew/Data/Images/Anomaly/089.JPG,1,clean_defect,32x34,13,2,0.028462231159210205,0.0220709428191185,0.024911515414714813,0.028462231159210205,0.0320129469037056,0.03485351949930191,0.02136079967021942,0.03556366264820099
BAL_G,139,cashew/Data/Images/Anomaly/089.JPG,1,boundary,32x34,13,13,0.02036605546107659,0.0022440940141677857,0.01185542345046997,0.023799806833267212,0.029473140835762024,0.03199853897094726,0.0019499808549880981,0.033698782324790955
BAL_G,140,cashew/Data/Images/Anomaly/090.JPG,1,abnormal_normal,32x34,10,1076,0.0123582821907164,0.0008734241127967834,0.005659766495227814,0.010235041379928589,0.01632632315158844,0.029667556285858154,0.0,0.11758199334144592
BAL_G,140,cashew/Data/Images/Anomaly/090.JPG,1,defect,32x34,10,12,0.02364536126454671,0.0026063032448291777,0.01307123526930809,0.01868782937526703,0.032500483095645905,0.052481390535831444,0.0025468766689300537,0.05568695068359375
BAL_G,140,cashew/Data/Images/Anomaly/090.JPG,1,clean_defect,32x34,10,2,0.033542342483997345,0.01885765716433525,0.02538418397307396,0.033542342483997345,0.04170050099492073,0.048227027803659436,0.017226025462150574,0.049858659505844116
BAL_G,140,cashew/Data/Images/Anomaly/090.JPG,1,boundary,32x34,10,10,0.021665965020656586,0.002595498412847519,0.006510365754365921,0.01868782937526703,0.026459727436304092,0.05213134735822677,0.0025468766689300537,0.05568695068359375
BAL_G,141,cashew/Data/Images/Anomaly/091.JPG,1,abnormal_normal,32x34,5,1083,0.012359082478675596,0.0012463152408599854,0.005217984318733215,0.010143980383872986,0.01684536039829254,0.031008593738078963,0.0,0.07101476192474365
BAL_G,141,cashew/Data/Images/Anomaly/091.JPG,1,defect,32x34,5,5,0.026939499378204345,0.021170562505722045,0.02164134383201599,0.023762717843055725,0.03311273455619812,0.03472481369972229,0.02105286717414856,0.03512783348560333
BAL_G,141,cashew/Data/Images/Anomaly/091.JPG,1,clean_defect,32x34,5,0,,,,,,,,
BAL_G,141,cashew/Data/Images/Anomaly/091.JPG,1,boundary,32x34,5,5,0.026939499378204345,0.021170562505722045,0.02164134383201599,0.023762717843055725,0.03311273455619812,0.03472481369972229,0.02105286717414856,0.03512783348560333
BAL_G,142,cashew/Data/Images/Anomaly/092.JPG,1,abnormal_normal,32x34,20,1066,0.01202786330825616,0.0013317875564098358,0.005158700048923492,0.009639188647270203,0.01604923978447914,0.0305623859167099,0.0,0.07797130942344666
BAL_G,142,cashew/Data/Images/Anomaly/092.JPG,1,defect,32x34,20,22,0.020255071195689114,0.0022666625678539275,0.006636958569288254,0.01900753378868103,0.03059563785791397,0.04578047171235084,0.00047329068183898926,0.05024503171443939
BAL_G,142,cashew/Data/Images/Anomaly/092.JPG,1,clean_defect,32x34,20,2,0.03260813653469086,0.020388005673885344,0.02581917494535446,0.03260813653469086,0.03939709812402725,0.04482826739549637,0.019030213356018066,0.04618605971336365
BAL_G,142,cashew/Data/Images/Anomaly/092.JPG,1,boundary,32x34,20,20,0.01901976466178894,0.0021549791097640993,0.005098298192024231,0.01877741515636444,0.029841594398021698,0.038682836294174204,0.00047329068183898926,0.05024503171443939
BAL_G,143,cashew/Data/Images/Anomaly/093.JPG,1,abnormal_normal,32x34,7,1080,0.012626984232553729,0.0010089784860610963,0.005479171872138977,0.010084904730319977,0.01732020452618599,0.031248903274536128,0.0,0.07458041608333588
BAL_G,143,cashew/Data/Images/Anomaly/093.JPG,1,defect,32x34,7,8,0.017788993194699287,0.0010635077953338623,0.003680836409330368,0.013900279998779297,0.024182967841625214,0.04635756686329841,0.0004067420959472656,0.054051339626312256
BAL_G,143,cashew/Data/Images/Anomaly/093.JPG,1,clean_defect,32x34,7,1,0.02155424654483795,0.02155424654483795,0.02155424654483795,0.02155424654483795,0.02155424654483795,0.02155424654483795,0.02155424654483795,0.02155424654483795
BAL_G,143,cashew/Data/Images/Anomaly/093.JPG,1,boundary,32x34,7,7,0.017251099858965193,0.00096968412399292,0.0032149627804756165,0.008428037166595459,0.025720827281475067,0.04745667725801466,0.0004067420959472656,0.054051339626312256
BAL_G,144,cashew/Data/Images/Anomaly/094.JPG,1,abnormal_normal,32x34,52,690,0.012609252765558769,0.001890768110752106,0.0064726322889328,0.01065780222415924,0.01690034568309784,0.028710547834634777,0.0,0.06515276432037354
BAL_G,144,cashew/Data/Images/Anomaly/094.JPG,1,defect,32x34,52,398,0.020163965322563995,0.001982192695140839,0.010235141962766647,0.017668716609477997,0.02693958207964897,0.043402573466300956,0.0,0.0966186672449112
BAL_G,144,cashew/Data/Images/Anomaly/094.JPG,1,clean_defect,32x34,52,346,0.019936530490142074,0.00243430957198143,0.010078847408294678,0.017504557967185974,0.02693958207964897,0.04291674122214317,0.0,0.0966186672449112
BAL_G,144,cashew/Data/Images/Anomaly/094.JPG,1,boundary,32x34,52,52,0.021677281707525253,0.0005896963179111482,0.012619893997907639,0.01803109049797058,0.024347346276044846,0.05616587027907369,0.0,0.0737486481666565
BAL_G,145,cashew/Data/Images/Anomaly/095.JPG,1,abnormal_normal,32x34,45,796,0.011958897656681549,0.0016685053706169128,0.005559392273426056,0.009783610701560974,0.016150422394275665,0.02899986132979393,0.0,0.060078904032707214
BAL_G,145,cashew/Data/Images/Anomaly/095.JPG,1,defect,32x34,45,292,0.02018491954427876,0.00349300354719162,0.010601498186588287,0.017802000045776367,0.02643723040819168,0.04463783204555511,0.0,0.07605801522731781
BAL_G,145,cashew/Data/Images/Anomaly/095.JPG,1,clean_defect,32x34,45,247,0.020694473132430783,0.003945097327232361,0.012059628963470459,0.01899777352809906,0.02730025351047516,0.04405661821365356,0.0,0.07605801522731781
BAL_G,145,cashew/Data/Images/Anomaly/095.JPG,1,boundary,32x34,45,45,0.01738803651597765,0.0021193563938140874,0.007185980677604675,0.0126868337392807,0.02337612211704254,0.04483667314052582,0.0,0.06582948565483093
BAL_G,146,cashew/Data/Images/Anomaly/096.JPG,1,abnormal_normal,32x34,43,803,0.012401025570641419,0.0020538777112960815,0.006260544061660767,0.010249108076095581,0.016113176941871643,0.03130758553743362,0.0,0.052658721804618835
BAL_G,146,cashew/Data/Images/Anomaly/096.JPG,1,defect,32x34,43,285,0.019068150039304767,0.002612221240997315,0.010300353169441223,0.016823843121528625,0.025732621550559998,0.041013774275779735,0.0,0.08662870526313782
BAL_G,146,cashew/Data/Images/Anomaly/096.JPG,1,clean_defect,32x34,43,242,0.019498634560049074,0.002973124384880066,0.010603021830320358,0.01730789989233017,0.025986898690462112,0.04332757368683811,0.0,0.08662870526313782
BAL_G,146,cashew/Data/Images/Anomaly/096.JPG,1,boundary,32x34,43,43,0.01664542320162751,0.0026412904262542725,0.007334545254707336,0.013853102922439575,0.022708795964717865,0.03994098603725433,0.0,0.04293285310268402
BAL_G,147,cashew/Data/Images/Anomaly/097.JPG,1,abnormal_normal,32x34,42,750,0.012730246583620708,0.0018653586506843568,0.006091475486755371,0.011026181280612946,0.017439350485801697,0.029377122968435285,0.0,0.06225651502609253
BAL_G,147,cashew/Data/Images/Anomaly/097.JPG,1,defect,32x34,42,338,0.019558325762579428,0.003468979150056839,0.00959472730755806,0.016660846769809723,0.025673046708106995,0.04305790215730667,0.0,0.10353142023086548
BAL_G,147,cashew/Data/Images/Anomaly/097.JPG,1,clean_defect,32x34,42,296,0.01991047785692924,0.0035606473684310913,0.009691674262285233,0.016813598573207855,0.026226192712783813,0.04347509518265724,0.0,0.10353142023086548
BAL_G,147,cashew/Data/Images/Anomaly/097.JPG,1,boundary,32x34,42,42,0.01707649195478076,0.0009420402348041537,0.00812264159321785,0.015096835792064667,0.0205298513174057,0.03846721649169919,0.0,0.07895645499229431
BAL_G,148,cashew/Data/Images/Anomaly/098.JPG,1,abnormal_normal,32x34,40,810,0.012492718464798398,0.001432592421770096,0.006305750459432602,0.010619744658470154,0.01666097342967987,0.028656003624200805,0.0,0.067762091755867
BAL_G,148,cashew/Data/Images/Anomaly/098.JPG,1,defect,32x34,40,278,0.020717736950023567,0.003458397835493088,0.010471221059560776,0.017782531678676605,0.02580668032169342,0.04536439329385757,0.0,0.13807007670402527
BAL_G,148,cashew/Data/Images/Anomaly/098.JPG,1,clean_defect,32x34,40,238,0.021473907059481163,0.00412890687584877,0.010852225124835968,0.01811898499727249,0.027336690574884415,0.04558978006243703,0.00011307001113891602,0.13807007670402527
BAL_G,148,cashew/Data/Images/Anomaly/098.JPG,1,boundary,32x34,40,40,0.016218524798750876,0.00032505244016647346,0.008937720209360123,0.013385489583015442,0.023031506687402725,0.037199457734823214,0.0,0.04887336492538452
BAL_G,149,cashew/Data/Images/Anomaly/099.JPG,1,abnormal_normal,32x34,42,770,0.01246857155453075,0.001867663860321045,0.006364911794662476,0.011191517114639282,0.016589701175689697,0.02823463603854178,0.0,0.07102899253368378
BAL_G,149,cashew/Data/Images/Anomaly/099.JPG,1,defect,32x34,42,318,0.019725695721008494,0.003442680835723877,0.009859170764684677,0.01757451891899109,0.027029018849134445,0.04676328226923939,0.0,0.07463441789150238
BAL_G,149,cashew/Data/Images/Anomaly/099.JPG,1,clean_defect,32x34,42,276,0.019475106581829597,0.0035155080258846283,0.009958077222108841,0.017313629388809204,0.026424851268529892,0.0448157861828804,0.0,0.07463441789150238
BAL_G,149,cashew/Data/Images/Anomaly/099.JPG,1,boundary,32x34,42,42,0.021372424349898382,0.00040695369243621854,0.00892268493771553,0.018441639840602875,0.029771599918603897,0.05028871968388557,0.0,0.05910705029964447
