method,image_index,sample_id,image_label,region,grid,boundary_count,patch_count,mean,p05,p25,median,p75,p95,min,max
A1_G,0,tubes/test/anomalous/000.png,1,abnormal_normal,32x32,10,1000,0.008962732911109925,0.0,0.0021657794713974,0.0061660706996917725,0.012127339839935303,0.027654725313186645,0.0,0.0798211395740509
A1_G,0,tubes/test/anomalous/000.png,1,defect,32x32,10,24,0.01318677638967832,0.004170799255371094,0.00735221803188324,0.012715458869934082,0.017588794231414795,0.024467547237873068,0.0028661787509918213,0.03764721751213074
A1_G,0,tubes/test/anomalous/000.png,1,clean_defect,32x32,10,14,0.013164420213018144,0.0065940871834754946,0.007219448685646057,0.01027718186378479,0.017158135771751404,0.025430904328823084,0.0063866376876831055,0.03764721751213074
A1_G,0,tubes/test/anomalous/000.png,1,boundary,32x32,10,10,0.013218075037002563,0.003277294337749481,0.010022535920143127,0.013612240552902222,0.016552507877349854,0.023057340085506434,0.0028661787509918213,0.025172650814056396
A1_G,1,tubes/test/anomalous/001.png,1,abnormal_normal,32x32,10,1002,0.010010519367968013,0.00015387088060379034,0.0024836957454681396,0.006596505641937256,0.013969354331493378,0.030861149728298187,0.0,0.10544455051422119
A1_G,1,tubes/test/anomalous/001.png,1,defect,32x32,10,22,0.012323124842210249,0.0025203779339790346,0.007951654493808746,0.010974064469337463,0.016985014081001282,0.026397150754928586,0.0,0.03088340163230896
A1_G,1,tubes/test/anomalous/001.png,1,clean_defect,32x32,10,12,0.010658827920754751,0.001306089758872986,0.005361117422580719,0.009906008839607239,0.012706823647022247,0.023936335742473593,0.0,0.03088340163230896
A1_G,1,tubes/test/anomalous/001.png,1,boundary,32x32,10,10,0.014320281147956849,0.006815630197525025,0.009109988808631897,0.013469412922859192,0.018279418349266052,0.024255055189132686,0.005870044231414795,0.026664912700653076
A1_G,2,tubes/test/anomalous/002.png,1,abnormal_normal,32x32,9,1002,0.009715453712288253,0.00012608915567398075,0.002636559307575226,0.006499737501144409,0.013294003903865814,0.02836715728044507,0.0,0.07543578743934631
A1_G,2,tubes/test/anomalous/002.png,1,defect,32x32,9,22,0.013630803335796703,0.0009465336799621584,0.008422031998634338,0.012998148798942566,0.019170016050338745,0.0274372860789299,0.0007857084274291992,0.02989482879638672
A1_G,2,tubes/test/anomalous/002.png,1,clean_defect,32x32,9,13,0.016175125653927144,0.008023500442504883,0.010854154825210571,0.013934224843978882,0.02018362283706665,0.02657124996185302,0.007560640573501587,0.02989482879638672
A1_G,2,tubes/test/anomalous/002.png,1,boundary,32x32,9,9,0.009955671098497178,0.0007941246032714844,0.003602445125579834,0.008691906929016113,0.012653499841690063,0.023294645547866817,0.0007857084274291992,0.027599483728408813
A1_G,3,tubes/test/anomalous/003.png,1,abnormal_normal,32x32,9,1002,0.009845991780657969,0.0,0.002342402935028076,0.0062570720911026,0.013459518551826477,0.031556420028209665,0.0,0.12579727172851562
A1_G,3,tubes/test/anomalous/003.png,1,defect,32x32,9,22,0.012483766133135015,0.005062811076641083,0.007019057869911194,0.011794596910476685,0.015652388334274292,0.022664280235767362,0.0009490847587585449,0.02807179093360901
A1_G,3,tubes/test/anomalous/003.png,1,clean_defect,32x32,9,13,0.013305861216325026,0.006440889835357666,0.008373677730560303,0.01303902268409729,0.015726953744888306,0.021987336874008178,0.00600433349609375,0.022725820541381836
A1_G,3,tubes/test/anomalous/003.png,1,boundary,32x32,9,9,0.01129629545741611,0.0025747537612915037,0.006341069936752319,0.010254710912704468,0.014436483383178711,0.02312926650047302,0.0009490847587585449,0.02807179093360901
A1_G,4,tubes/test/anomalous/004.png,1,abnormal_normal,32x32,9,1003,0.010268564238505492,0.0,0.0021467208862304688,0.006411910057067871,0.014341861009597778,0.032467779517173764,0.0,0.0867874026298523
A1_G,4,tubes/test/anomalous/004.png,1,defect,32x32,9,21,0.014010666381745111,0.006338655948638916,0.009111762046813965,0.013550102710723877,0.01902186870574951,0.02214294672012329,0.004161566495895386,0.02231922745704651
A1_G,4,tubes/test/anomalous/004.png,1,clean_defect,32x32,9,12,0.014611750841140747,0.0086846724152565,0.010586529970169067,0.013552546501159668,0.01849072426557541,0.021889898180961608,0.008262842893600464,0.02214294672012329
A1_G,4,tubes/test/anomalous/004.png,1,boundary,32x32,9,9,0.013209220435884263,0.005032402276992798,0.008890092372894287,0.010807394981384277,0.01902186870574951,0.021983665227890015,0.004161566495895386,0.02231922745704651
A1_G,5,tubes/test/anomalous/005.png,1,abnormal_normal,32x32,8,1003,0.009336585537386559,0.0,0.0020813792943954468,0.006002515554428101,0.012866735458374023,0.029353466629981992,0.0,0.1011756956577301
A1_G,5,tubes/test/anomalous/005.png,1,defect,32x32,8,21,0.011689665771666028,0.004742801189422607,0.006851017475128174,0.009682118892669678,0.014382481575012207,0.024357974529266357,0.004037439823150635,0.029194295406341553
A1_G,5,tubes/test/anomalous/005.png,1,clean_defect,32x32,8,13,0.014044452172059279,0.004704952239990234,0.008540540933609009,0.01166638731956482,0.019444286823272705,0.02629250288009643,0.004037439823150635,0.029194295406341553
A1_G,5,tubes/test/anomalous/005.png,1,boundary,32x32,8,8,0.007863137871026993,0.005101078748703003,0.00647205114364624,0.008190140128135681,0.009218096733093262,0.010254546999931335,0.004742801189422607,0.010562777519226074
A1_G,6,tubes/test/anomalous/006.png,1,abnormal_normal,32x32,4,1008,0.009143884308517926,0.0,0.00202082097530365,0.005694717168807983,0.012066870927810669,0.028606320917606353,0.0,0.13125917315483093
A1_G,6,tubes/test/anomalous/006.png,1,defect,32x32,4,16,0.016000201925635338,0.0026845186948776245,0.007584996521472931,0.011750966310501099,0.01883002370595932,0.04610101878643036,0.0016238391399383545,0.051063597202301025
A1_G,6,tubes/test/anomalous/006.png,1,clean_defect,32x32,4,12,0.01751904934644699,0.0024016708135604858,0.008635543286800385,0.012406587600708008,0.02044568955898285,0.047424373030662534,0.0016238391399383545,0.051063597202301025
A1_G,6,tubes/test/anomalous/006.png,1,boundary,32x32,4,4,0.011443659663200378,0.0067372933030128476,0.007584996521472931,0.009290441870689392,0.01314910501241684,0.019164530932903285,0.006525367498397827,0.020668387413024902
A1_G,7,tubes/test/anomalous/007.png,1,abnormal_normal,32x32,9,1003,0.010129357382640288,0.0,0.0022399872541427612,0.0064238011837005615,0.013516396284103394,0.0326111614704132,0.0,0.10979688167572021
A1_G,7,tubes/test/anomalous/007.png,1,defect,32x32,9,21,0.012742218517121814,0.0006771385669708252,0.007658898830413818,0.012334048748016357,0.015685826539993286,0.03081357479095459,0.00023120641708374023,0.03225475549697876
A1_G,7,tubes/test/anomalous/007.png,1,clean_defect,32x32,9,12,0.016056676705678303,0.00515027791261673,0.011144191026687622,0.0133046954870224,0.0211702361702919,0.03146210610866546,0.00023120641708374023,0.03225475549697876
A1_G,7,tubes/test/anomalous/007.png,1,boundary,32x32,9,9,0.008322940932379829,0.001108759641647339,0.005109071731567383,0.007658898830413818,0.012827813625335693,0.016043275594711304,0.0006771385669708252,0.016281574964523315
A1_G,8,tubes/test/anomalous/008.png,1,abnormal_normal,32x32,8,1005,0.008443259807368417,0.0,0.0016393959522247314,0.005278974771499634,0.01265949010848999,0.02699822187423703,0.0,0.07926926016807556
A1_G,8,tubes/test/anomalous/008.png,1,defect,32x32,8,19,0.015540775499845805,0.0025347381830215453,0.008673623204231262,0.013504892587661743,0.023733064532279968,0.02723411619663238,0.002422541379928589,0.03005695343017578
A1_G,8,tubes/test/anomalous/008.png,1,clean_defect,32x32,8,11,0.020246039737354626,0.009936138987541199,0.01596122980117798,0.0214463472366333,0.025367558002471924,0.028488710522651672,0.00954747200012207,0.03005695343017578
A1_G,8,tubes/test/anomalous/008.png,1,boundary,32x32,8,8,0.00907103717327118,0.0024661734700202943,0.005226753652095795,0.007958173751831055,0.009085133671760559,0.020922879874706257,0.002422541379928589,0.02689826488494873
A1_G,9,tubes/test/anomalous/009.png,1,abnormal_normal,32x32,10,1003,0.008920457938375882,0.0,0.0018759369850158691,0.005883544683456421,0.012786179780960083,0.028133422136306756,0.0,0.0882120430469513
A1_G,9,tubes/test/anomalous/009.png,1,defect,32x32,10,21,0.017867729777381533,0.0038956403732299805,0.007524400949478149,0.012798011302947998,0.0208967924118042,0.05491417646408081,0.0015847384929656982,0.06620368361473083
A1_G,9,tubes/test/anomalous/009.png,1,clean_defect,32x32,10,11,0.0228953632441434,0.002986237406730652,0.007745787501335144,0.019203633069992065,0.030149653553962708,0.06055893003940582,0.0015847384929656982,0.06620368361473083
A1_G,9,tubes/test/anomalous/009.png,1,boundary,32x32,10,10,0.012337332963943482,0.004274542629718781,0.006169222295284271,0.01207016408443451,0.016110554337501526,0.022427688539028164,0.0038956403732299805,0.02368023991584778
A1_G,10,tubes/test/anomalous/010.png,1,abnormal_normal,32x32,8,1004,0.009256332934615146,0.0,0.0020154640078544617,0.00595758855342865,0.013162404298782349,0.028398059308528893,0.0,0.09827962517738342
A1_G,10,tubes/test/anomalous/010.png,1,defect,32x32,8,20,0.018145792186260223,0.004051674902439118,0.009763538837432861,0.013643547892570496,0.022611312568187714,0.03633801043033602,0.0,0.0701831579208374
A1_G,10,tubes/test/anomalous/010.png,1,clean_defect,32x32,8,12,0.022970137496789295,0.00733603984117508,0.013146735727787018,0.017758682370185852,0.027615047991275787,0.0505885988473892,0.004264920949935913,0.0701831579208374
A1_G,10,tubes/test/anomalous/010.png,1,boundary,32x32,8,8,0.010909274220466614,0.002156925201416016,0.008226022124290466,0.01123356819152832,0.013494566082954407,0.019378298521041868,0.0,0.021727442741394043
A1_G,11,tubes/test/anomalous/011.png,1,abnormal_normal,32x32,8,1004,0.009229845437870558,0.0,0.0021734386682510376,0.006379470229148865,0.012830711901187897,0.02695887088775634,0.0,0.10183253884315491
A1_G,11,tubes/test/anomalous/011.png,1,defect,32x32,8,20,0.019107577204704285,0.0023335769772529604,0.008886046707630157,0.016222551465034485,0.02788613736629486,0.041706508398056036,0.0,0.044841915369033813
A1_G,11,tubes/test/anomalous/011.png,1,clean_defect,32x32,8,12,0.023763813078403473,0.001351018249988556,0.013619832694530487,0.026173368096351624,0.0328877791762352,0.0430266797542572,0.0,0.044841915369033813
A1_G,11,tubes/test/anomalous/011.png,1,boundary,32x32,8,8,0.012123223394155502,0.006421680748462677,0.008886046707630157,0.009970679879188538,0.014687247574329376,0.021313913166522976,0.005833685398101807,0.024474918842315674
A1_G,12,tubes/test/anomalous/012.png,1,abnormal_normal,32x32,9,1003,0.008573696418393287,0.0,0.0016151517629623413,0.005057871341705322,0.012007474899291992,0.028133219480514525,0.0,0.0872652530670166
A1_G,12,tubes/test/anomalous/012.png,1,defect,32x32,9,21,0.02022841147014073,0.0033149123191833496,0.008534550666809082,0.019234567880630493,0.02762088179588318,0.042191386222839355,0.0028029978275299072,0.04467931389808655
A1_G,12,tubes/test/anomalous/012.png,1,clean_defect,32x32,9,12,0.01924932251373927,0.006685985624790192,0.010558925569057465,0.01845170557498932,0.023088477551937103,0.03823014944791793,0.006425708532333374,0.04467931389808655
A1_G,12,tubes/test/anomalous/012.png,1,boundary,32x32,9,9,0.021533863412009344,0.0030077636241912843,0.00561949610710144,0.02452567219734192,0.033150434494018555,0.04148176908493042,0.0028029978275299072,0.042191386222839355
A1_G,13,tubes/test/anomalous/013.png,1,abnormal_normal,32x32,5,1015,0.008758454604689124,0.0,0.001470908522605896,0.005496084690093994,0.01236046850681305,0.029800283908843993,0.0,0.0918702781200409
A1_G,13,tubes/test/anomalous/013.png,1,defect,32x32,5,9,0.01572544707192315,0.004410797357559204,0.010567456483840942,0.012091994285583496,0.02271440625190735,0.03011635541915893,0.004337877035140991,0.03439885377883911
A1_G,13,tubes/test/anomalous/013.png,1,clean_defect,32x32,5,4,0.014061875641345978,0.005272313952445984,0.009010061621665955,0.014597609639167786,0.01964942365884781,0.02210140973329544,0.004337877035140991,0.02271440625190735
A1_G,13,tubes/test/anomalous/013.png,1,boundary,32x32,5,5,0.017056304216384887,0.005731719732284546,0.010577887296676636,0.012091994285583496,0.023692607879638672,0.03225760459899902,0.0045201778411865234,0.03439885377883911
A1_G,14,tubes/test/anomalous/014.png,1,abnormal_normal,32x32,5,1013,0.009047717826858325,0.0,0.0017461776733398438,0.0057495832443237305,0.012523263692855835,0.028883183002471922,0.0,0.1266629993915558
A1_G,14,tubes/test/anomalous/014.png,1,defect,32x32,5,11,0.01658241315321489,0.004442259669303894,0.008994683623313904,0.013374000787734985,0.01870352029800415,0.03858022391796112,0.004146575927734375,0.039278239011764526
A1_G,14,tubes/test/anomalous/014.png,1,clean_defect,32x32,5,6,0.016802698373794556,0.00841539353132248,0.010958448052406311,0.014013215899467468,0.015304721891880035,0.03333921730518341,0.007836103439331055,0.039278239011764526
A1_G,14,tubes/test/anomalous/014.png,1,boundary,32x32,5,5,0.016318070888519286,0.004264849424362183,0.004737943410873413,0.012938737869262695,0.021884888410568237,0.034682744741439814,0.004146575927734375,0.037882208824157715
A1_G,15,tubes/test/anomalous/015.png,1,abnormal_normal,32x32,8,1012,0.008643848593291557,0.0,0.0019461438059806824,0.005485251545906067,0.011881783604621887,0.02692997753620147,0.0,0.07228121161460876
A1_G,15,tubes/test/anomalous/015.png,1,defect,32x32,8,12,0.014323356250921885,0.0,0.0026725754141807556,0.011606007814407349,0.02583855390548706,0.03210169821977615,0.0,0.03587111830711365
A1_G,15,tubes/test/anomalous/015.png,1,clean_defect,32x32,8,4,0.009378023445606232,0.0009446650743484498,0.0047233253717422485,0.008758723735809326,0.01341342180967331,0.01867840141057968,0.0,0.019994646310806274
A1_G,15,tubes/test/anomalous/015.png,1,boundary,32x32,8,8,0.016796022653579712,0.0007642552256584168,0.0026725754141807556,0.01871773600578308,0.027523010969161987,0.033472396433353424,0.0,0.03587111830711365
A1_G,16,tubes/test/anomalous/016.png,1,abnormal_normal,32x32,8,1012,0.008788110592619703,0.0,0.0019087791442871094,0.00590023398399353,0.0127267986536026,0.02674659192562103,0.0,0.08925303816795349
A1_G,16,tubes/test/anomalous/016.png,1,defect,32x32,8,12,0.010653942823410034,0.0007641285657882691,0.004436060786247253,0.010247230529785156,0.015988104045391083,0.021408730745315546,0.0,0.024847686290740967
A1_G,16,tubes/test/anomalous/016.png,1,clean_defect,32x32,8,4,0.012122735381126404,0.0031743168830871585,0.01031428575515747,0.014253288507461548,0.01606173813343048,0.018088379502296446,0.00138932466506958,0.01859503984451294
A1_G,16,tubes/test/anomalous/016.png,1,boundary,32x32,8,8,0.00991954654455185,0.0010119974613189697,0.004436060786247253,0.006724193692207336,0.01576320081949234,0.022556172311305998,0.0,0.024847686290740967
A1_G,17,tubes/test/anomalous/017.png,1,abnormal_normal,32x32,3,1015,0.009138457675285528,0.0,0.0022219568490982056,0.006326138973236084,0.012479767203330994,0.027295023202896115,0.0,0.08609968423843384
A1_G,17,tubes/test/anomalous/017.png,1,defect,32x32,3,9,0.009591821167204116,0.0,0.005282938480377197,0.007421731948852539,0.010639220476150513,0.024977910518646236,0.0,0.028500139713287354
A1_G,17,tubes/test/anomalous/017.png,1,clean_defect,32x32,3,6,0.0071973850329717,0.0,0.0013571977615356445,0.006425261497497559,0.00983484834432602,0.017430730164051056,0.0,0.01969456672668457
A1_G,17,tubes/test/anomalous/017.png,1,boundary,32x32,3,3,0.014380693435668945,0.005690544843673706,0.007320970296859741,0.009359002113342285,0.01892957091331482,0.026586025953292847,0.005282938480377197,0.028500139713287354
A1_G,18,tubes/test/anomalous/018.png,1,abnormal_normal,32x32,3,1015,0.009837581753143537,0.0,0.0023878812789916992,0.006923705339431763,0.013271436095237732,0.030103626847267147,0.0,0.08911901712417603
A1_G,18,tubes/test/anomalous/018.png,1,defect,32x32,3,9,0.007623453934987386,0.0,0.0036020278930664062,0.005927562713623047,0.0064907073974609375,0.021227657794952393,0.0,0.021635890007019043
A1_G,18,tubes/test/anomalous/018.png,1,clean_defect,32x32,3,6,0.00573428471883138,0.0,0.0009005069732666016,0.003931418061256409,0.005510874092578888,0.016943372786045074,0.0,0.020615309476852417
A1_G,18,tubes/test/anomalous/018.png,1,boundary,32x32,3,3,0.011401792367299398,0.006119972467422486,0.006284743547439575,0.0064907073974609375,0.01406329870223999,0.02012137174606323,0.006078779697418213,0.021635890007019043
A1_G,19,tubes/test/anomalous/019.png,1,abnormal_normal,32x32,9,1004,0.010247000719446585,3.209710121154907e-06,0.0027598142623901367,0.007282450795173645,0.01403752714395523,0.02998048663139339,0.0,0.1001150906085968
A1_G,19,tubes/test/anomalous/019.png,1,defect,32x32,9,20,0.01686318814754486,0.0,0.004904292523860931,0.009988412261009216,0.025285184383392334,0.04364774674177171,0.0,0.055063992738723755
A1_G,19,tubes/test/anomalous/019.png,1,clean_defect,32x32,9,11,0.012670010328292847,0.0021857470273971558,0.005423799157142639,0.009218990802764893,0.01495690643787384,0.03324858844280243,0.0,0.038146764039993286
A1_G,19,tubes/test/anomalous/019.png,1,boundary,32x32,9,9,0.02198818325996399,0.0006100773811340333,0.00507780909538269,0.022870570421218872,0.0343395471572876,0.050257152318954466,0.0,0.055063992738723755
A1_G,20,tubes/test/anomalous/020.png,1,abnormal_normal,32x32,8,1006,0.009129083535780253,0.0,0.0023491904139518738,0.006396755576133728,0.012945756316184998,0.02594590187072754,0.0,0.12231069803237915
A1_G,20,tubes/test/anomalous/020.png,1,defect,32x32,8,18,0.00996496445602841,0.0,0.0033853575587272644,0.008947387337684631,0.014057986438274384,0.022273516654968246,0.0,0.030769050121307373
A1_G,20,tubes/test/anomalous/020.png,1,clean_defect,32x32,8,10,0.00948297679424286,0.0,0.0007857158780097961,0.008788391947746277,0.012833274900913239,0.026271414756774893,0.0,0.030769050121307373
A1_G,20,tubes/test/anomalous/020.png,1,boundary,32x32,8,8,0.010567449033260345,0.003686274588108063,0.00761982798576355,0.010696083307266235,0.014460362493991852,0.016470734775066376,0.0026330649852752686,0.017052888870239258
A1_G,21,tubes/test/anomalous/021.png,1,abnormal_normal,32x32,11,1004,0.009323640589220115,0.0,0.0021569058299064636,0.006232857704162598,0.012678898870944977,0.02798082381486892,0.0,0.08452203869819641
A1_G,21,tubes/test/anomalous/021.png,1,defect,32x32,11,20,0.011076214909553527,0.002738754451274872,0.006231881678104401,0.009188428521156311,0.014607146382331848,0.023232817649841312,0.0019779205322265625,0.0268862247467041
A1_G,21,tubes/test/anomalous/021.png,1,clean_defect,32x32,11,9,0.011446038881937662,0.005783069133758545,0.007333874702453613,0.008968740701675415,0.012674033641815186,0.022213828563690183,0.005467891693115234,0.0268862247467041
A1_G,21,tubes/test/anomalous/021.png,1,boundary,32x32,11,11,0.010773631659421053,0.0023783594369888306,0.00549788773059845,0.009408116340637207,0.014856725931167603,0.021972864866256714,0.0019779205322265625,0.0230405330657959
A1_G,22,tubes/test/anomalous/022.png,1,abnormal_normal,32x32,10,1004,0.00940689584054795,0.0,0.002140358090400696,0.006154701113700867,0.012795582413673401,0.028533832728862715,0.0,0.11465752124786377
A1_G,22,tubes/test/anomalous/022.png,1,defect,32x32,10,20,0.009778589010238647,0.00027556270360946656,0.005559183657169342,0.0074415504932403564,0.012604944407939911,0.02256207764148713,0.0,0.03684031963348389
A1_G,22,tubes/test/anomalous/022.png,1,clean_defect,32x32,10,10,0.011388432979583741,0.0015273958444595337,0.0046571120619773865,0.009435474872589111,0.013282410800457,0.02821229696273802,0.0002900660037994385,0.03684031963348389
A1_G,22,tubes/test/anomalous/022.png,1,boundary,32x32,10,10,0.008168745040893554,0.0021792948246002197,0.0058563873171806335,0.006278708577156067,0.009400248527526855,0.017922595143318166,0.0,0.021810591220855713
A1_G,23,tubes/test/anomalous/023.png,1,abnormal_normal,32x32,10,1004,0.008730406602065402,0.0,0.0017069727182388306,0.005931258201599121,0.012804470956325531,0.027613663673400873,0.0,0.08111435174942017
A1_G,23,tubes/test/anomalous/023.png,1,defect,32x32,10,20,0.010210789740085602,0.002158486843109131,0.004479169845581055,0.007200866937637329,0.014372341334819794,0.023895215988159184,0.0010921359062194824,0.03091403841972351
A1_G,23,tubes/test/anomalous/023.png,1,clean_defect,32x32,10,10,0.012949451804161072,0.003878583014011383,0.006806299090385437,0.009952187538146973,0.017487332224845886,0.027589333057403555,0.002866894006729126,0.03091403841972351
A1_G,23,tubes/test/anomalous/023.png,1,boundary,32x32,10,10,0.007472127676010132,0.0015972495079040528,0.003018014132976532,0.004730477929115295,0.011375956237316132,0.018114887177944176,0.0010921359062194824,0.020693093538284302
A1_G,24,tubes/test/anomalous/024.png,1,abnormal_normal,32x32,12,1002,0.009854819514080435,0.0,0.002419121563434601,0.006238237023353577,0.014089219272136688,0.030627903342247,0.0,0.1124182939529419
A1_G,24,tubes/test/anomalous/024.png,1,defect,32x32,12,22,0.018732122399590233,0.002848668396472931,0.007730618119239807,0.012633323669433594,0.01878693699836731,0.05214908123016357,0.0,0.09359952807426453
A1_G,24,tubes/test/anomalous/024.png,1,clean_defect,32x32,12,10,0.024406903982162477,0.0047280237078666685,0.008958771824836731,0.01342707872390747,0.025488100945949554,0.07284714281558985,0.002801567316055298,0.09359952807426453
A1_G,24,tubes/test/anomalous/024.png,1,boundary,32x32,12,12,0.014003137747446695,0.002058973908424378,0.007514059543609619,0.010367855429649353,0.018043845891952515,0.03437303900718687,0.0,0.05239465832710266
A1_G,25,tubes/test/anomalous/025.png,1,abnormal_normal,32x32,14,1001,0.010276286722301365,0.0,0.0020786523818969727,0.006409108638763428,0.014299660921096802,0.03285878896713257,0.0,0.08077025413513184
A1_G,25,tubes/test/anomalous/025.png,1,defect,32x32,14,23,0.018606814353362373,0.0028953850269317627,0.007568478584289551,0.016008347272872925,0.02899232506752014,0.034941801428794855,0.0018579065799713135,0.03875473141670227
A1_G,25,tubes/test/anomalous/025.png,1,clean_defect,32x32,14,9,0.020923601256476507,0.008753550052642823,0.01239389181137085,0.0218849778175354,0.029708802700042725,0.03420431017875671,0.007016956806182861,0.03518763184547424
A1_G,25,tubes/test/anomalous/025.png,1,boundary,32x32,14,14,0.017117451344217573,0.0023680746555328367,0.006742753088474274,0.014149695634841919,0.027727216482162476,0.03481394648551941,0.0018579065799713135,0.03875473141670227
A1_G,26,tubes/test/anomalous/026.png,1,abnormal_normal,32x32,9,1003,0.009405794552530154,0.0,0.0021078139543533325,0.00611191987991333,0.01348942518234253,0.02776830196380615,0.0,0.1231887936592102
A1_G,26,tubes/test/anomalous/026.png,1,defect,32x32,9,21,0.01487798917861212,0.003368854522705078,0.009046196937561035,0.013683021068572998,0.01957002282142639,0.029010027647018433,0.0,0.029583662748336792
A1_G,26,tubes/test/anomalous/026.png,1,clean_defect,32x32,9,12,0.01503569632768631,0.0036485671997070314,0.009270675480365753,0.01529797911643982,0.018632061779499054,0.028495167195796964,0.0,0.029583662748336792
A1_G,26,tubes/test/anomalous/026.png,1,boundary,32x32,9,9,0.01466771297984653,0.00460968017578125,0.00874871015548706,0.013683021068572998,0.01957002282142639,0.026751309633255,0.003368854522705078,0.029010027647018433
A1_G,27,tubes/test/anomalous/027.png,1,abnormal_normal,32x32,10,1003,0.009823350791084921,0.0,0.002578750252723694,0.006302893161773682,0.01392209529876709,0.031636646389961234,0.0,0.08720317482948303
A1_G,27,tubes/test/anomalous/027.png,1,defect,32x32,10,21,0.01263240547407241,0.004528641700744629,0.00788116455078125,0.012555181980133057,0.01622602343559265,0.02321186661720276,0.0024119019508361816,0.025977909564971924
A1_G,27,tubes/test/anomalous/027.png,1,clean_defect,32x32,10,11,0.015973733230070633,0.00923900306224823,0.012571334838867188,0.014089435338973999,0.019337013363838196,0.02459488809108734,0.008187174797058105,0.025977909564971924
A1_G,27,tubes/test/anomalous/027.png,1,boundary,32x32,10,10,0.008956944942474366,0.003364434838294983,0.005540475249290466,0.007217079401016235,0.010933056473731995,0.018657508492469783,0.0024119019508361816,0.021206974983215332
A1_G,28,tubes/test/anomalous/028.png,1,abnormal_normal,32x32,7,1006,0.008912594903771493,0.0,0.001988127827644348,0.0055844783782958984,0.01195371150970459,0.02859162539243698,0.0,0.1020892858505249
A1_G,28,tubes/test/anomalous/028.png,1,defect,32x32,7,18,0.022540887196858723,0.002977299690246582,0.013987608253955841,0.017992839217185974,0.034545063972473145,0.0455305203795433,0.0004654824733734131,0.04948294162750244
A1_G,28,tubes/test/anomalous/028.png,1,clean_defect,32x32,7,11,0.03108836845918135,0.015717729926109314,0.021879151463508606,0.03258615732192993,0.03732717037200928,0.04715798795223236,0.015424579381942749,0.04948294162750244
A1_G,28,tubes/test/anomalous/028.png,1,boundary,32x32,7,7,0.009109130927494593,0.001352006196975708,0.004737332463264465,0.008647024631500244,0.014570534229278564,0.015914708375930786,0.0004654824733734131,0.01603567600250244
A1_G,29,tubes/test/anomalous/029.png,1,abnormal_normal,32x32,8,1005,0.008620924083747674,0.0,0.001652359962463379,0.005033016204833984,0.01198667287826538,0.0275438904762268,0.0,0.08062198758125305
A1_G,29,tubes/test/anomalous/029.png,1,defect,32x32,8,19,0.015478215719524183,0.0001618713140487671,0.0021206289529800415,0.012780159711837769,0.0219457745552063,0.03951629698276517,8.288025856018066e-05,0.053099244832992554
A1_G,29,tubes/test/anomalous/029.png,1,clean_defect,32x32,8,11,0.022453110326420177,0.0044810473918914795,0.011762857437133789,0.020803093910217285,0.03286823630332947,0.045553162693977356,0.0024826228618621826,0.053099244832992554
A1_G,29,tubes/test/anomalous/029.png,1,boundary,32x32,8,8,0.0058877356350421906,0.00011359900236129761,0.0009260475635528564,0.0016518086194992065,0.00835871696472168,0.019229245185852045,8.288025856018066e-05,0.02270182967185974
A1_G,30,tubes/test/anomalous/030.png,1,abnormal_normal,32x32,12,999,0.009259145897071998,0.0,0.002080082893371582,0.0061953067779541016,0.012801885604858398,0.030114570260047886,0.0,0.05999547243118286
A1_G,30,tubes/test/anomalous/030.png,1,defect,32x32,12,25,0.014258003234863282,0.002211517095565796,0.008880943059921265,0.015249967575073242,0.018848806619644165,0.02714630365371703,0.0,0.02810034155845642
A1_G,30,tubes/test/anomalous/030.png,1,clean_defect,32x32,12,13,0.016379319704495944,0.010032039880752564,0.012925952672958374,0.01537632942199707,0.018848806619644165,0.025305873155593864,0.008880943059921265,0.02810034155845642
A1_G,30,tubes/test/anomalous/030.png,1,boundary,32x32,12,12,0.01195991039276123,0.0012127414345741274,0.003864385187625885,0.011720836162567139,0.018606014549732208,0.02558104544878006,0.0,0.02804073691368103
A1_G,31,tubes/test/anomalous/031.png,1,abnormal_normal,32x32,6,1004,0.009977439069652937,0.0,0.002781324088573456,0.006910637021064758,0.013922907412052155,0.03059254437685012,0.0,0.07353058457374573
A1_G,31,tubes/test/anomalous/031.png,1,defect,32x32,6,20,0.028873665630817412,0.010596579313278199,0.017666757106781006,0.026637554168701172,0.03277132660150528,0.06181489676237107,0.009803950786590576,0.06880560517311096
A1_G,31,tubes/test/anomalous/031.png,1,clean_defect,32x32,6,14,0.03319017801965986,0.01572778671979904,0.02312140166759491,0.027389898896217346,0.039343833923339844,0.0640224888920784,0.011371463537216187,0.06880560517311096
A1_G,31,tubes/test/anomalous/031.png,1,boundary,32x32,6,6,0.01880180339018504,0.010012537240982056,0.011799633502960205,0.015865087509155273,0.025539621710777283,0.03119347244501114,0.009803950786590576,0.03206774592399597
A1_G,32,tubes/test/anomalous/032.png,1,abnormal_normal,32x32,11,1002,0.00879646992374085,0.0,0.002154536545276642,0.006275102496147156,0.012283526360988617,0.026500572264194486,0.0,0.08663433790206909
A1_G,32,tubes/test/anomalous/032.png,1,defect,32x32,11,22,0.01089703765782443,0.0012248694896697999,0.004292115569114685,0.009028539061546326,0.017152681946754456,0.02681692242622375,0.0005773305892944336,0.02752530574798584
A1_G,32,tubes/test/anomalous/032.png,1,clean_defect,32x32,11,11,0.014343082904815674,0.002706289291381836,0.003988802433013916,0.017470717430114746,0.02075187861919403,0.02728593349456787,0.0023249685764312744,0.02752530574798584
A1_G,32,tubes/test/anomalous/032.png,1,boundary,32x32,11,11,0.007450992410833185,0.0008721500635147095,0.004987016320228577,0.007337123155593872,0.010072842240333557,0.01431553065776825,0.0005773305892944336,0.016198575496673584
A1_G,33,tubes/test/anomalous/033.png,1,abnormal_normal,32x32,11,1001,0.009425369860766294,0.0,0.0021086931228637695,0.0059893131256103516,0.012981176376342773,0.031445443630218506,0.0,0.09038993716239929
A1_G,33,tubes/test/anomalous/033.png,1,defect,32x32,11,23,0.008329335762106854,0.0001760095357894898,0.002865612506866455,0.005339384078979492,0.011386707425117493,0.02193598747253418,0.0,0.02554798126220703
A1_G,33,tubes/test/anomalous/033.png,1,clean_defect,32x32,11,12,0.010850456853707632,0.0016090005636215212,0.0045649707317352295,0.007027074694633484,0.01823192834854126,0.023581978678703305,0.0,0.02554798126220703
A1_G,33,tubes/test/anomalous/033.png,1,boundary,32x32,11,11,0.005579021843996915,0.0003570765256881714,0.0026561468839645386,0.0034311413764953613,0.0067139118909835815,0.014646604657173157,0.00013074278831481934,0.020039796829223633
A1_G,34,tubes/test/anomalous/034.png,1,abnormal_normal,32x32,12,1001,0.009361809992290044,0.0,0.0023967623710632324,0.005984902381896973,0.013173699378967285,0.030212104320526123,0.0,0.0709439218044281
A1_G,34,tubes/test/anomalous/034.png,1,defect,32x32,12,23,0.018510688906130585,0.008417391777038574,0.01292070746421814,0.017412692308425903,0.02173277735710144,0.030068299174308775,0.0039007067680358887,0.04580104351043701
A1_G,34,tubes/test/anomalous/034.png,1,clean_defect,32x32,12,11,0.017487038265575062,0.009458363056182861,0.011568576097488403,0.014427214860916138,0.02308274805545807,0.02924405038356781,0.008234262466430664,0.03027436137199402
A1_G,34,tubes/test/anomalous/034.png,1,boundary,32x32,12,12,0.019449035326639812,0.007291373610496522,0.016368046402931213,0.019327163696289062,0.020520389080047607,0.0340850993990898,0.0039007067680358887,0.04580104351043701
A1_G,35,tubes/test/anomalous/035.png,1,abnormal_normal,32x32,9,1003,0.008929373794871336,0.0,0.0018978863954544067,0.005916863679885864,0.012839853763580322,0.02882334589958191,0.0,0.059538960456848145
A1_G,35,tubes/test/anomalous/035.png,1,defect,32x32,9,21,0.017441380591619583,0.0028629302978515625,0.010403096675872803,0.01821953058242798,0.02376648783683777,0.03022170066833496,0.002776205539703369,0.03690120577812195
A1_G,35,tubes/test/anomalous/035.png,1,clean_defect,32x32,9,12,0.017060205340385437,0.005253024399280548,0.009890720248222351,0.01706831157207489,0.022453345358371735,0.029701107740402213,0.0028629302978515625,0.03690120577812195
A1_G,35,tubes/test/anomalous/035.png,1,boundary,32x32,9,9,0.017949614259931777,0.003423774242401123,0.012140274047851562,0.01836201548576355,0.025858640670776367,0.030007219314575194,0.002776205539703369,0.03022170066833496
A1_G,36,tubes/test/anomalous/036.png,1,abnormal_normal,32x32,10,1002,0.009271629110067904,0.0,0.002302400767803192,0.006095722317695618,0.012839116156101227,0.029084308445453625,0.0,0.06689697504043579
A1_G,36,tubes/test/anomalous/036.png,1,defect,32x32,10,22,0.016560531475327232,0.0020593270659446717,0.009450793266296387,0.013282835483551025,0.024606451392173767,0.032335478067398074,0.0,0.0333997905254364
A1_G,36,tubes/test/anomalous/036.png,1,clean_defect,32x32,10,12,0.016237713396549225,0.00787772685289383,0.009562551975250244,0.012500584125518799,0.021576575934886932,0.029796250164508816,0.0061490535736083984,0.0333997905254364
A1_G,36,tubes/test/anomalous/036.png,1,boundary,32x32,10,10,0.01694791316986084,0.0008298352360725403,0.009937621653079987,0.017385393381118774,0.024606451392173767,0.032171827554702756,0.0,0.032355934381484985
A1_G,37,tubes/test/anomalous/037.png,1,abnormal_normal,32x32,9,1004,0.009007163939485512,0.0,0.0016954392194747925,0.005630895495414734,0.013238616287708282,0.02914577722549436,0.0,0.07541778683662415
A1_G,37,tubes/test/anomalous/037.png,1,defect,32x32,9,20,0.016113926470279694,0.001759868860244751,0.006240762770175934,0.0139237642288208,0.02428925782442093,0.035075765848159794,0.0010041594505310059,0.043776899576187134
A1_G,37,tubes/test/anomalous/037.png,1,clean_defect,32x32,9,11,0.017313838005065918,0.002268493175506592,0.0056037455797195435,0.016717225313186646,0.02486000955104828,0.03919735550880432,0.0017996430397033691,0.043776899576187134
A1_G,37,tubes/test/anomalous/037.png,1,boundary,32x32,9,9,0.014647367927763198,0.0015168666839599611,0.008842945098876953,0.012131750583648682,0.018849611282348633,0.031372678279876706,0.0010041594505310059,0.03263497352600098
A1_G,38,tubes/test/anomalous/038.png,1,abnormal_normal,32x32,10,1002,0.009791965999765073,0.0,0.0022096559405326843,0.006635785102844238,0.013756990432739258,0.03087201118469238,0.0,0.09283041954040527
A1_G,38,tubes/test/anomalous/038.png,1,defect,32x32,10,22,0.014194492589343678,0.00016252696514129644,0.006784297525882721,0.011820495128631592,0.02051108330488205,0.0321363016963005,0.0,0.034713953733444214
A1_G,38,tubes/test/anomalous/038.png,1,clean_defect,32x32,10,12,0.016215406358242035,0.006965659558773041,0.009653910994529724,0.014167696237564087,0.02136421948671341,0.029815459251403807,0.006633162498474121,0.031087815761566162
A1_G,38,tubes/test/anomalous/038.png,1,boundary,32x32,10,10,0.01176939606666565,4.185587167739868e-05,0.001965641975402832,0.007664293050765991,0.016620434820652008,0.033578842878341675,0.0,0.034713953733444214
A1_G,39,tubes/test/anomalous/039.png,1,abnormal_normal,32x32,10,1004,0.008966145168737586,0.0,0.0021389350295066833,0.005668967962265015,0.01231202483177185,0.02878268212080001,0.0,0.06550806760787964
A1_G,39,tubes/test/anomalous/039.png,1,defect,32x32,10,20,0.019151681661605836,0.006602139770984649,0.010381914675235748,0.016432076692581177,0.026570454239845276,0.03297168910503388,0.005269795656204224,0.04255327582359314
A1_G,39,tubes/test/anomalous/039.png,1,clean_defect,32x32,10,10,0.02629026770591736,0.012836243212223052,0.023375287652015686,0.02726408839225769,0.030071653425693512,0.03801462948322295,0.010173708200454712,0.04255327582359314
A1_G,39,tubes/test/anomalous/039.png,1,boundary,32x32,10,10,0.01201309561729431,0.0059009060263633725,0.007741034030914307,0.011668652296066284,0.015461698174476624,0.01886380165815353,0.005269795656204224,0.02057388424873352
A1_G,40,tubes/test/anomalous/040.png,1,abnormal_normal,32x32,8,1005,0.009593651217607716,0.0,0.0022965967655181885,0.006253451108932495,0.013604134321212769,0.029310864210128785,0.0,0.07344412803649902
A1_G,40,tubes/test/anomalous/040.png,1,defect,32x32,8,19,0.02562061265895241,0.008171480894088746,0.012148052453994751,0.023354530334472656,0.03573359549045563,0.05124961137771606,0.0011729001998901367,0.05320349335670471
A1_G,40,tubes/test/anomalous/040.png,1,clean_defect,32x32,8,11,0.030520406636324795,0.006206005811691284,0.019417837262153625,0.029405832290649414,0.04599328339099884,0.052118003368377686,0.0011729001998901367,0.05320349335670471
A1_G,40,tubes/test/anomalous/040.png,1,boundary,32x32,8,8,0.018883395940065384,0.009055244922637939,0.01017453521490097,0.013781026005744934,0.025636255741119385,0.03670924454927444,0.008949100971221924,0.038985759019851685
A1_G,41,tubes/test/anomalous/041.png,1,abnormal_normal,32x32,9,1005,0.00848070000534627,0.0,0.0022986531257629395,0.005918353796005249,0.012075215578079224,0.025751614570617674,0.0,0.04777863621711731
A1_G,41,tubes/test/anomalous/041.png,1,defect,32x32,9,19,0.01687536741557874,0.0038271576166152956,0.00795815885066986,0.014852404594421387,0.025590240955352783,0.033713996410369866,0.0031737983226776123,0.036589860916137695
A1_G,41,tubes/test/anomalous/041.png,1,clean_defect,32x32,9,10,0.018096938729286194,0.0058294802904129035,0.012119986116886139,0.015278026461601257,0.025353968143463135,0.03248045295476913,0.0031737983226776123,0.033394455909729004
A1_G,41,tubes/test/anomalous/041.png,1,boundary,32x32,9,9,0.015518065955903795,0.004532551765441895,0.005963504314422607,0.013323545455932617,0.024788886308670044,0.032510554790496825,0.0038997530937194824,0.036589860916137695
A1_G,42,tubes/test/anomalous/042.png,1,abnormal_normal,32x32,10,1003,0.009049572652263395,0.0,0.001809641718864441,0.005742877721786499,0.012456268072128296,0.029844725131988513,0.0,0.11981844902038574
A1_G,42,tubes/test/anomalous/042.png,1,defect,32x32,10,21,0.01500497403598967,0.002765089273452759,0.005958646535873413,0.008511334657669067,0.021326452493667603,0.033325374126434326,0.0016649365425109863,0.06444650888442993
A1_G,42,tubes/test/anomalous/042.png,1,clean_defect,32x32,10,11,0.020345541563901035,0.0038117915391921997,0.009493842720985413,0.014614731073379517,0.026837527751922607,0.04888594150543213,0.0016649365425109863,0.06444650888442993
A1_G,42,tubes/test/anomalous/042.png,1,boundary,32x32,10,10,0.00913034975528717,0.003093525767326355,0.0035881325602531433,0.007971256971359253,0.008406564593315125,0.02270133793354034,0.002765089273452759,0.023490041494369507
A1_G,43,tubes/test/anomalous/043.png,1,abnormal_normal,32x32,9,1006,0.009386542866054634,0.0,0.0019455775618553162,0.006052121520042419,0.013377897441387177,0.03006494790315628,0.0,0.07179933786392212
A1_G,43,tubes/test/anomalous/043.png,1,defect,32x32,9,18,0.010783748494254218,0.0003377512097358704,0.0035779178142547607,0.010383650660514832,0.015714973211288452,0.02525699883699417,0.0,0.025734633207321167
A1_G,43,tubes/test/anomalous/043.png,1,clean_defect,32x32,9,9,0.008872813648647733,0.00015894174575805666,0.0008984506130218506,0.009192496538162231,0.016294151544570923,0.02066245079040527,0.0,0.022902250289916992
A1_G,43,tubes/test/anomalous/043.png,1,boundary,32x32,9,9,0.012694683339860704,0.00426558256149292,0.007134169340133667,0.012517392635345459,0.01397743821144104,0.02550986409187317,0.002431809902191162,0.025734633207321167
A1_G,44,tubes/test/anomalous/044.png,1,abnormal_normal,32x32,11,1005,0.009145795943132088,0.0,0.002216160297393799,0.006142288446426392,0.012866497039794922,0.028582543134689324,0.0,0.10388469696044922
A1_G,44,tubes/test/anomalous/044.png,1,defect,32x32,11,19,0.006921492124858655,0.0,0.0006823241710662842,0.003160804510116577,0.00965777039527893,0.021550229191780054,0.0,0.037208348512649536
A1_G,44,tubes/test/anomalous/044.png,1,clean_defect,32x32,11,8,0.0015689395368099213,0.0,0.0,0.0006823241710662842,0.0020082667469978333,0.005323465168476102,0.0,0.006849169731140137
A1_G,44,tubes/test/anomalous/044.png,1,boundary,32x32,11,11,0.010814257643439552,0.0009321868419647217,0.0033129900693893433,0.009555041790008545,0.014449313282966614,0.028509393334388733,0.0,0.037208348512649536
A1_G,45,tubes/test/anomalous/045.png,1,abnormal_normal,32x32,12,1003,0.00944873663863299,0.0,0.0023261308670043945,0.006283104419708252,0.0129595547914505,0.029084488749504086,0.0,0.11635297536849976
A1_G,45,tubes/test/anomalous/045.png,1,defect,32x32,12,21,0.00750948843501863,0.0,0.0018844902515411377,0.004909157752990723,0.014503568410873413,0.020875513553619385,0.0,0.02340826392173767
A1_G,45,tubes/test/anomalous/045.png,1,clean_defect,32x32,12,9,0.00718674725956387,0.0004754304885864258,0.0018844902515411377,0.0033769607543945312,0.014503568410873413,0.018339204788208004,0.0,0.020875513553619385
A1_G,45,tubes/test/anomalous/045.png,1,boundary,32x32,12,12,0.0077515443166097,0.0003263503313064575,0.003419123589992523,0.004994809627532959,0.009435489773750305,0.021361124515533444,0.0,0.02340826392173767
A1_G,46,tubes/test/anomalous/046.png,1,abnormal_normal,32x32,12,1003,0.008197630152982823,0.0,0.0015755891799926758,0.004736036062240601,0.01173354685306549,0.025649046897888182,0.0,0.12554985284805298
A1_G,46,tubes/test/anomalous/046.png,1,defect,32x32,12,21,0.009567811375572569,0.0016636252403259277,0.0026956498622894287,0.0054947733879089355,0.013141095638275146,0.0276452898979187,0.0,0.04680544137954712
A1_G,46,tubes/test/anomalous/046.png,1,clean_defect,32x32,12,9,0.009286092387305366,0.0019157886505126952,0.002576768398284912,0.0054947733879089355,0.013141095638275146,0.022618556022644037,0.0016636252403259277,0.0276452898979187
A1_G,46,tubes/test/anomalous/046.png,1,boundary,32x32,12,12,0.00977910061677297,0.0010975271463394165,0.002853207290172577,0.005384460091590881,0.011296696960926056,0.030274067819118476,0.0,0.04680544137954712
A1_G,47,tubes/test/anomalous/047.png,1,abnormal_normal,32x32,11,1003,0.008961194890327491,0.0,0.0020306259393692017,0.006167948246002197,0.012976735830307007,0.0267993003129959,0.0,0.06136751174926758
A1_G,47,tubes/test/anomalous/047.png,1,defect,32x32,11,21,0.015320238612947009,0.0,0.007473558187484741,0.012380808591842651,0.021640360355377197,0.03924763202667236,0.0,0.04057067632675171
A1_G,47,tubes/test/anomalous/047.png,1,clean_defect,32x32,11,10,0.013133898377418518,0.000880207121372223,0.005492210388183594,0.010054826736450195,0.01778329908847809,0.03205203413963316,0.0,0.04057067632675171
A1_G,47,tubes/test/anomalous/047.png,1,boundary,32x32,11,11,0.01730782064524564,0.0025478750467300415,0.010451361536979675,0.0141715407371521,0.025334089994430542,0.035061076283454895,0.0,0.03924763202667236
A1_G,48,tubes/test/anomalous/048.png,1,abnormal_normal,32x32,10,1002,0.008638015139602615,0.0,0.001896291971206665,0.005809888243675232,0.011955291032791138,0.028220993280410746,0.0,0.08543366193771362
A1_G,48,tubes/test/anomalous/048.png,1,defect,32x32,10,22,0.011359790509397333,0.0029652103781700133,0.004830360412597656,0.009085670113563538,0.014230027794837952,0.028248159587383265,0.0010684728622436523,0.037392497062683105
A1_G,48,tubes/test/anomalous/048.png,1,clean_defect,32x32,10,12,0.014654445151487986,0.004828093945980072,0.008767016232013702,0.009888455271720886,0.0193992480635643,0.03250991255044937,0.004512906074523926,0.037392497062683105
A1_G,48,tubes/test/anomalous/048.png,1,boundary,32x32,10,10,0.00740620493888855,0.0019093319773674012,0.003663472831249237,0.005160480737686157,0.010346680879592896,0.016728815436363217,0.0010684728622436523,0.018451035022735596
A1_G,49,tubes/test/anomalous/049.png,1,abnormal_normal,32x32,6,1011,0.009961480821983042,0.0,0.002689152956008911,0.007250100374221802,0.014083117246627808,0.028567403554916382,0.0,0.0811956524848938
A1_G,49,tubes/test/anomalous/049.png,1,defect,32x32,6,13,0.012717088827720055,0.003590196371078491,0.00844120979309082,0.010689973831176758,0.017806172370910645,0.024821162223815908,0.003561049699783325,0.02981865406036377
A1_G,49,tubes/test/anomalous/049.png,1,clean_defect,32x32,6,7,0.013142777340752738,0.005025097727775574,0.008604764938354492,0.010689973831176758,0.019524693489074707,0.02141561508178711,0.003561049699783325,0.021489500999450684
A1_G,49,tubes/test/anomalous/049.png,1,boundary,32x32,6,6,0.012220452229181925,0.004788190126419067,0.008419424295425415,0.00970660150051117,0.011794798076152802,0.025403328239917755,0.0036096274852752686,0.02981865406036377
A1_G,50,tubes/test/anomalous/050.png,1,abnormal_normal,32x32,6,1012,0.00956072151778715,0.0,0.002598002552986145,0.0065828412771224976,0.01371908187866211,0.028623688220977755,0.0,0.1378476321697235
A1_G,50,tubes/test/anomalous/050.png,1,defect,32x32,6,12,0.008121244609355927,0.0,0.002504892647266388,0.004066288471221924,0.00873643159866333,0.02773952931165695,0.0,0.030169159173965454
A1_G,50,tubes/test/anomalous/050.png,1,clean_defect,32x32,6,6,0.004643584291140239,0.0,0.0008453503251075745,0.0038082152605056763,0.0065715014934539795,0.011508643627166748,0.0,0.012894749641418457
A1_G,50,tubes/test/anomalous/050.png,1,boundary,32x32,6,6,0.011598904927571615,0.0008349642157554626,0.003479279577732086,0.005166381597518921,0.020922541618347168,0.029064781963825226,0.0,0.030169159173965454
A1_G,51,tubes/test/anomalous/051.png,1,abnormal_normal,32x32,7,1012,0.010331972520577578,0.00012844502925872804,0.00307503342628479,0.007181867957115173,0.014303535223007202,0.031125116348266552,0.0,0.09643176198005676
A1_G,51,tubes/test/anomalous/051.png,1,defect,32x32,7,12,0.007162613173325856,0.0,0.0013348981738090515,0.0029937922954559326,0.011179231107234955,0.02246593385934829,0.0,0.026612550020217896
A1_G,51,tubes/test/anomalous/051.png,1,clean_defect,32x32,7,5,0.007043522596359253,5.295276641845704e-05,0.00026476383209228516,0.0029574036598205566,0.012922197580337524,0.017843037843704224,0.0,0.0190732479095459
A1_G,51,tubes/test/anomalous/051.png,1,boundary,32x32,7,7,0.007247677871159145,0.0005074828863143922,0.0022197961807250977,0.0030301809310913086,0.008325710892677307,0.021808257699012745,0.0,0.026612550020217896
A1_G,52,tubes/test/anomalous/052.png,1,abnormal_normal,32x32,7,1012,0.01014879887754267,0.00010218918323516857,0.0027452409267425537,0.006635904312133789,0.013923436403274536,0.031535288691520676,0.0,0.0838417112827301
A1_G,52,tubes/test/anomalous/052.png,1,defect,32x32,7,12,0.0063577791055043536,0.0,0.001368798315525055,0.003872200846672058,0.010079041123390198,0.018647037446498867,0.0,0.02146691083908081
A1_G,52,tubes/test/anomalous/052.png,1,clean_defect,32x32,7,5,0.005842262506484985,0.0,0.0,0.0035090744495391846,0.004235327243804932,0.018020594120025633,0.0,0.02146691083908081
A1_G,52,tubes/test/anomalous/052.png,1,boundary,32x32,7,7,0.0067260052476610455,0.0005475193262100221,0.0019979625940322876,0.006320387125015259,0.010212928056716919,0.014582118391990657,0.0,0.016339868307113647
A1_G,53,tubes/test/anomalous/053.png,1,abnormal_normal,32x32,6,1012,0.010268144280071787,0.00013594627380371095,0.002827569842338562,0.006921663880348206,0.014068946242332458,0.03142471909523009,0.0,0.1155790388584137
A1_G,53,tubes/test/anomalous/053.png,1,defect,32x32,6,12,0.014126017689704895,0.006873178482055664,0.009576678276062012,0.012297868728637695,0.019749924540519714,0.021967412531375886,0.0059691667556762695,0.022020339965820312
A1_G,53,tubes/test/anomalous/053.png,1,clean_defect,32x32,6,6,0.011662299434343973,0.0063800811767578125,0.008177608251571655,0.010027483105659485,0.013355299830436707,0.020046263933181763,0.0059691667556762695,0.021924108266830444
A1_G,53,tubes/test/anomalous/053.png,1,boundary,32x32,6,6,0.016589735945065815,0.009050428867340088,0.012382902204990387,0.019433394074440002,0.019804134964942932,0.02147306501865387,0.008690834045410156,0.022020339965820312
A1_G,54,tubes/test/anomalous/054.png,1,abnormal_normal,32x32,10,1010,0.009750407845667093,0.0,0.0026012957096099854,0.006971374154090881,0.013516530394554138,0.029733049869537346,0.0,0.06257951259613037
A1_G,54,tubes/test/anomalous/054.png,1,defect,32x32,10,14,0.010721826127597265,0.0013722777366638184,0.0029823780059814453,0.0057968199253082275,0.020953640341758728,0.02584276050329208,0.0,0.028820335865020752
A1_G,54,tubes/test/anomalous/054.png,1,clean_defect,32x32,10,4,0.007237188518047333,0.0008197903633117678,0.004098951816558838,0.006380140781402588,0.009518377482891083,0.014854453504085537,0.0,0.016188472509384155
A1_G,54,tubes/test/anomalous/054.png,1,boundary,32x32,10,10,0.012115681171417236,0.0022292271256446838,0.0029823780059814453,0.005388736724853516,0.023502036929130554,0.02675893753767013,0.002111196517944336,0.028820335865020752
A1_G,55,tubes/test/anomalous/055.png,1,abnormal_normal,32x32,14,995,0.010250987359626809,0.00021093487739562994,0.0028483718633651733,0.007386505603790283,0.013997167348861694,0.03180969655513763,0.0,0.06746488809585571
A1_G,55,tubes/test/anomalous/055.png,1,defect,32x32,14,29,0.01701914750296494,0.002147197723388672,0.009547978639602661,0.01214909553527832,0.02431628108024597,0.03739043474197387,0.0,0.05215585231781006
A1_G,55,tubes/test/anomalous/055.png,1,clean_defect,32x32,14,15,0.021719972292582195,0.004981276392936707,0.009839355945587158,0.02154889702796936,0.03326520323753357,0.0421106457710266,0.0,0.05215585231781006
A1_G,55,tubes/test/anomalous/055.png,1,boundary,32x32,14,14,0.011982549514089311,0.002336740493774414,0.00851643830537796,0.011796995997428894,0.01665615290403366,0.022454161942005155,0.0018439292907714844,0.02486860752105713
A1_G,56,tubes/test/anomalous/056.png,1,abnormal_normal,32x32,10,1004,0.010105762793960799,0.00031691640615463275,0.002858869731426239,0.007167443633079529,0.013881243765354156,0.031035879254341075,0.0,0.07986307144165039
A1_G,56,tubes/test/anomalous/056.png,1,defect,32x32,10,20,0.011035382747650146,0.0,0.0051338523626327515,0.010909095406532288,0.014462389051914215,0.023365756869316103,0.0,0.025389909744262695
A1_G,56,tubes/test/anomalous/056.png,1,clean_defect,32x32,10,10,0.01176217794418335,0.003646717965602875,0.009371869266033173,0.011315703392028809,0.012537151575088501,0.021374234557151796,0.0,0.021398454904556274
A1_G,56,tubes/test/anomalous/056.png,1,boundary,32x32,10,10,0.010308587551116943,0.0001229792833328247,0.0026481375098228455,0.008455529808998108,0.017836064100265503,0.024431100487709044,0.0,0.025389909744262695
A1_G,57,tubes/test/anomalous/057.png,1,abnormal_normal,32x32,10,1006,0.009478190221321986,0.00018819421529769897,0.0026032477617263794,0.006698057055473328,0.013616152107715607,0.026509277522563934,0.0,0.06581690907478333
A1_G,57,tubes/test/anomalous/057.png,1,defect,32x32,10,18,0.0230538182788425,0.004921059310436249,0.014315389096736908,0.02415226399898529,0.031826987862586975,0.03796141147613524,0.003912568092346191,0.044040173292160034
A1_G,57,tubes/test/anomalous/057.png,1,clean_defect,32x32,10,8,0.02950647473335266,0.01174536794424057,0.026556819677352905,0.0316428542137146,0.03546284884214401,0.04153715372085571,0.003912568092346191,0.044040173292160034
A1_G,57,tubes/test/anomalous/057.png,1,boundary,32x32,10,10,0.017891693115234374,0.005535987019538879,0.012993648648262024,0.017295673489570618,0.02193472534418106,0.03171554207801818,0.0050990283489227295,0.03545963764190674
A1_G,58,tubes/test/anomalous/058.png,1,abnormal_normal,32x32,19,988,0.009136508954198737,0.0001510530710220337,0.002597793936729431,0.006735295057296753,0.012788310647010803,0.02739136219024658,0.0,0.0684506893157959
A1_G,58,tubes/test/anomalous/058.png,1,defect,32x32,19,36,0.013156324625015259,0.0014985352754592896,0.005463272333145142,0.011724963784217834,0.019063033163547516,0.02911490947008133,0.0008199810981750488,0.0411524772644043
A1_G,58,tubes/test/anomalous/058.png,1,clean_defect,32x32,19,17,0.014215362422606525,0.003831624984741211,0.008751213550567627,0.015024423599243164,0.018989086151123047,0.024508374929428096,0.0015369653701782227,0.030030816793441772
A1_G,58,tubes/test/anomalous/058.png,1,boundary,32x32,19,19,0.012208764490328337,0.001326918601989746,0.0027979910373687744,0.009082406759262085,0.019904986023902893,0.030043894052505467,0.0008199810981750488,0.0411524772644043
A1_G,59,tubes/test/anomalous/059.png,1,abnormal_normal,32x32,8,1006,0.009851811538870719,0.0004635229706764221,0.0033854320645332336,0.007077381014823914,0.013715624809265137,0.027552425861358643,0.0,0.06185412406921387
A1_G,59,tubes/test/anomalous/059.png,1,defect,32x32,8,18,0.014688912365171645,0.0034642383456230164,0.007998205721378326,0.010725364089012146,0.01447342336177826,0.03398292958736416,0.002642899751663208,0.05583342909812927
A1_G,59,tubes/test/anomalous/059.png,1,clean_defect,32x32,8,10,0.012383019924163819,0.004657709598541259,0.007205300033092499,0.009517639875411987,0.01447342336177826,0.02619088441133498,0.003609180450439453,0.030126959085464478
A1_G,59,tubes/test/anomalous/059.png,1,boundary,32x32,8,8,0.017571277916431427,0.004716722667217255,0.00858442485332489,0.01241438090801239,0.01687488704919815,0.04553556740283964,0.002642899751663208,0.05583342909812927
A1_G,60,tubes/test/anomalous/060.png,1,abnormal_normal,32x32,17,989,0.009554227092750634,0.00032415390014648457,0.003084123134613037,0.006856799125671387,0.013208210468292236,0.028473603725433345,0.0,0.0667974054813385
A1_G,60,tubes/test/anomalous/060.png,1,defect,32x32,17,35,0.01493773204939706,0.004414913058280945,0.009859129786491394,0.012715846300125122,0.01758354902267456,0.031610402464866606,0.0036256909370422363,0.042949378490448
A1_G,60,tubes/test/anomalous/060.png,1,clean_defect,32x32,17,18,0.01460948089758555,0.00642264187335968,0.010554537177085876,0.012682318687438965,0.01652619242668152,0.026281130313873267,0.004690796136856079,0.03968670964241028
A1_G,60,tubes/test/anomalous/060.png,1,boundary,32x32,17,17,0.015285292092491598,0.0037420868873596193,0.008705556392669678,0.012734830379486084,0.021216630935668945,0.031109178066253653,0.0036256909370422363,0.042949378490448
A1_G,61,tubes/test/anomalous/061.png,1,abnormal_normal,32x32,9,1007,0.010209242335142421,0.0003740489482879639,0.003441751003265381,0.007238268852233887,0.013860180974006653,0.02955485284328459,0.0,0.07203087210655212
A1_G,61,tubes/test/anomalous/061.png,1,defect,32x32,9,17,0.016772280721103445,0.007119035720825196,0.010518759489059448,0.01426038146018982,0.019731134176254272,0.03284282088279723,0.0,0.03946802020072937
A1_G,61,tubes/test/anomalous/061.png,1,clean_defect,32x32,9,8,0.01781095564365387,0.009771803021430969,0.012607678771018982,0.014058560132980347,0.024167761206626892,0.029623682796955104,0.009563624858856201,0.03118652105331421
A1_G,61,tubes/test/anomalous/061.png,1,boundary,32x32,9,9,0.015849014123280842,0.003559517860412598,0.010518759489059448,0.01686149835586548,0.01895463466644287,0.031573265790939324,0.0,0.03946802020072937
A1_G,62,tubes/test/anomalous/062.png,1,abnormal_normal,32x32,21,985,0.009902068352336205,0.00044436454772949223,0.0031817853450775146,0.007212460041046143,0.013643831014633179,0.026581108570098873,0.0,0.0886000394821167
A1_G,62,tubes/test/anomalous/062.png,1,defect,32x32,21,39,0.012259435195189256,0.00471670925617218,0.008517980575561523,0.011336922645568848,0.015818729996681213,0.021669235825538636,0.002141416072845459,0.0283011794090271
A1_G,62,tubes/test/anomalous/062.png,1,clean_defect,32x32,21,18,0.012169263429111905,0.00591956377029419,0.008964471518993378,0.010508626699447632,0.01445472240447998,0.02094725668430327,0.003158479928970337,0.0283011794090271
A1_G,62,tubes/test/anomalous/062.png,1,boundary,32x32,21,21,0.012336725280398414,0.004889845848083496,0.007655113935470581,0.011875271797180176,0.017529547214508057,0.021541625261306763,0.002141416072845459,0.02281773090362549
A1_G,63,tubes/test/anomalous/063.png,1,abnormal_normal,32x32,17,983,0.0102738832044941,0.0005304664373397827,0.0036279261112213135,0.007617473602294922,0.014363974332809448,0.02853800058364868,0.0,0.07125034928321838
A1_G,63,tubes/test/anomalous/063.png,1,defect,32x32,17,41,0.010019109016511499,0.0014551877975463867,0.00470617413520813,0.007830649614334106,0.014258235692977905,0.018926143646240234,0.0,0.039072006940841675
A1_G,63,tubes/test/anomalous/063.png,1,clean_defect,32x32,17,24,0.008616559207439423,0.0015606120228767396,0.004074372351169586,0.007330700755119324,0.011137977242469788,0.016412107646465297,0.0,0.039072006940841675
A1_G,63,tubes/test/anomalous/063.png,1,boundary,32x32,17,17,0.011999179335201489,0.0033285379409790043,0.007466942071914673,0.013256728649139404,0.015706956386566162,0.020714688301086418,0.0,0.02786886692047119
A1_G,64,tubes/test/anomalous/064.png,1,abnormal_normal,32x32,22,983,0.009886690855996413,0.000359681248664856,0.0032777339220046997,0.00712507963180542,0.013896092772483826,0.028288254141807554,0.0,0.06978565454483032
A1_G,64,tubes/test/anomalous/064.png,1,defect,32x32,22,41,0.014341075972812931,0.0024927854537963867,0.0053081214427948,0.010871440172195435,0.017551839351654053,0.03205597400665283,0.0011064112186431885,0.07289385795593262
A1_G,64,tubes/test/anomalous/064.png,1,clean_defect,32x32,22,19,0.01458555773684853,0.0035283207893371583,0.0054740458726882935,0.011311054229736328,0.022915735840797424,0.029208004474639886,0.0011317133903503418,0.03205597400665283
A1_G,64,tubes/test/anomalous/064.png,1,boundary,32x32,22,22,0.014129932631145824,0.0025001078844070434,0.005230836570262909,0.008811354637145996,0.015600234270095825,0.046490159630775435,0.0011064112186431885,0.07289385795593262
A1_G,65,tubes/test/anomalous/065.png,1,abnormal_normal,32x32,30,963,0.010380217405123132,0.0003161370754241944,0.0033068209886550903,0.007497578859329224,0.014013424515724182,0.030878227949142453,0.0,0.06835156679153442
A1_G,65,tubes/test/anomalous/065.png,1,defect,32x32,30,61,0.017729796835633575,0.0020238757133483887,0.006620585918426514,0.013000637292861938,0.024866431951522827,0.04294595122337341,0.0004665553569793701,0.06145113706588745
A1_G,65,tubes/test/anomalous/065.png,1,clean_defect,32x32,30,31,0.021358127555539532,0.0036899298429489136,0.007306516170501709,0.017214924097061157,0.034786567091941833,0.049577534198760986,0.0011851787567138672,0.06145113706588745
A1_G,65,tubes/test/anomalous/065.png,1,boundary,32x32,30,30,0.01398052175839742,0.001426397264003754,0.005590818822383881,0.011068210005760193,0.01737857609987259,0.035351471602916705,0.0004665553569793701,0.04702877998352051
A1_G,66,tubes/test/anomalous/066.png,1,abnormal_normal,32x32,26,968,0.010048430813245537,0.00043393224477767945,0.0032195299863815308,0.007481440901756287,0.014371909201145172,0.027523908019065856,0.0,0.07517921924591064
A1_G,66,tubes/test/anomalous/066.png,1,defect,32x32,26,56,0.014834318842206682,0.0023577287793159485,0.006793588399887085,0.012945026159286499,0.016021721065044403,0.03566175699234009,0.0,0.09406176209449768
A1_G,66,tubes/test/anomalous/066.png,1,clean_defect,32x32,26,30,0.014460925261179607,0.003145793080329895,0.007000677287578583,0.014050304889678955,0.018000520765781403,0.03158103227615356,0.0026297569274902344,0.045414626598358154
A1_G,66,tubes/test/anomalous/066.png,1,boundary,32x32,26,26,0.015265157589545617,0.0005709081888198853,0.005535587668418884,0.010055691003799438,0.015795104205608368,0.042250148952007294,0.0,0.09406176209449768
A1_G,67,tubes/test/anomalous/067.png,1,abnormal_normal,32x32,20,983,0.010370165382493912,0.0004424631595611573,0.0032453685998916626,0.007969826459884644,0.01424756646156311,0.02907223105430603,0.0,0.06520667672157288
A1_G,67,tubes/test/anomalous/067.png,1,defect,32x32,20,41,0.0190548177172498,0.002162545919418335,0.006836444139480591,0.012659221887588501,0.020607560873031616,0.0639779269695282,0.0002142488956451416,0.07215160131454468
A1_G,67,tubes/test/anomalous/067.png,1,clean_defect,32x32,20,21,0.02154397964477539,0.004743754863739014,0.006966531276702881,0.012659221887588501,0.020607560873031616,0.0639779269695282,0.002162545919418335,0.06798902153968811
A1_G,67,tubes/test/anomalous/067.png,1,boundary,32x32,20,20,0.016441197693347932,0.000553514063358307,0.006416216492652893,0.013285979628562927,0.02070348709821701,0.038545635342597986,0.0002142488956451416,0.07215160131454468
A1_G,68,tubes/test/anomalous/068.png,1,abnormal_normal,32x32,31,960,0.01083151859541734,0.0003208696842193604,0.0033473968505859375,0.007857099175453186,0.014952659606933594,0.032457353174686426,0.0,0.07025042176246643
A1_G,68,tubes/test/anomalous/068.png,1,defect,32x32,31,64,0.011993605177849531,0.0003360867500305177,0.005485124886035919,0.008901640772819519,0.018447615206241608,0.02856665700674057,0.0,0.04994845390319824
A1_G,68,tubes/test/anomalous/068.png,1,clean_defect,32x32,31,33,0.01264808304382093,0.0016308188438415529,0.004960179328918457,0.009048134088516235,0.018909096717834473,0.03125118017196654,0.0007177889347076416,0.04994845390319824
A1_G,68,tubes/test/anomalous/068.png,1,boundary,32x32,31,31,0.011296902933428365,0.0,0.005883276462554932,0.008523613214492798,0.01515166461467743,0.027669161558151245,0.0,0.031102031469345093
A1_G,69,tubes/test/good/000.png,0,normal_image,32x32,0,1024,0.007369650498731062,0.0,0.0005875378847122192,0.004266425967216492,0.010145068168640137,0.024911051988601676,0.0,0.07629898190498352
A1_G,70,tubes/test/good/001.png,0,normal_image,32x32,0,1024,0.008120512531604618,0.0,0.0013504698872566223,0.005087688565254211,0.011785641312599182,0.0257068634033203,0.0,0.0721881091594696
A1_G,71,tubes/test/good/002.png,0,normal_image,32x32,0,1024,0.008602973481174558,0.0,0.0018445998430252075,0.0057235658168792725,0.012125737965106964,0.02683681845664978,0.0,0.08893674612045288
A1_G,72,tubes/test/good/003.png,0,normal_image,32x32,0,1024,0.00799895531963557,0.0,0.0014827698469161987,0.005198732018470764,0.011244051158428192,0.02495107203721999,0.0,0.07407185435295105
A1_G,73,tubes/test/good/004.png,0,normal_image,32x32,0,1024,0.0076715788745786995,0.0,0.0012804791331291199,0.004845425486564636,0.010922707617282867,0.024741627275943756,0.0,0.08053851127624512
A1_G,74,tubes/test/good/005.png,0,normal_image,32x32,0,1024,0.008493813336826861,0.0,0.0015345960855484009,0.005486398935317993,0.012417897582054138,0.027237018942832925,0.0,0.0610467791557312
A1_G,75,tubes/test/good/006.png,0,normal_image,32x32,0,1024,0.008693013369338587,0.0,0.0016048774123191833,0.005595475435256958,0.012473098933696747,0.027348119020462025,0.0,0.06598401069641113
A1_G,76,tubes/test/good/007.png,0,normal_image,32x32,0,1024,0.008740110322833061,0.0,0.0019772201776504517,0.005464315414428711,0.01268468052148819,0.02652585357427597,0.0,0.09454026818275452
A1_G,77,tubes/test/good/008.png,0,normal_image,32x32,0,1024,0.008876787149347365,0.0,0.0019206181168556213,0.0063022226095199585,0.013100899755954742,0.026914887130260457,0.0,0.06836798787117004
A1_G,78,tubes/test/good/009.png,0,normal_image,32x32,0,1024,0.008567333599785343,0.0,0.0020478442311286926,0.005976840853691101,0.012608520686626434,0.02596753239631652,0.0,0.06529855728149414
A1_G,79,tubes/test/good/010.png,0,normal_image,32x32,0,1024,0.008463784615742043,0.0,0.0018585249781608582,0.005855783820152283,0.01147431880235672,0.027639551460742935,0.0,0.07636690139770508
A1_G,80,tubes/test/good/011.png,0,normal_image,32x32,0,1024,0.008949142473284155,0.0,0.0020316243171691895,0.0062379390001297,0.01242908090353012,0.027042248845100394,0.0,0.08422243595123291
A1_G,81,tubes/test/good/012.png,0,normal_image,32x32,0,1024,0.00887200707802549,0.0,0.0017026066780090332,0.005534425377845764,0.012513257563114166,0.027936092019081104,0.0,0.09505435824394226
A1_G,82,tubes/test/good/013.png,0,normal_image,32x32,0,1024,0.009620845230529085,0.0,0.0021899044513702393,0.006883665919303894,0.013685032725334167,0.02985753118991851,0.0,0.06430363655090332
A1_G,83,tubes/test/good/014.png,0,normal_image,32x32,0,1024,0.009169845172436908,0.0,0.0019312649965286255,0.0060306936502456665,0.013116516172885895,0.028092408180236807,0.0,0.13737082481384277
A1_G,84,tubes/test/good/015.png,0,normal_image,32x32,0,1024,0.008647583657875657,0.0,0.0018333867192268372,0.006155684590339661,0.012226328253746033,0.027226005494594568,0.0,0.06034958362579346
A1_G,85,tubes/test/good/016.png,0,normal_image,32x32,0,1024,0.008477693452732638,0.0,0.0012808889150619507,0.0053593069314956665,0.012332789599895477,0.027319817245006556,0.0,0.10012054443359375
A1_G,86,tubes/test/good/017.png,0,normal_image,32x32,0,1024,0.008555219072150066,0.0,0.001274116337299347,0.005403310060501099,0.012361131608486176,0.027375316619873045,0.0,0.06169712543487549
A1_G,87,tubes/test/good/018.png,0,normal_image,32x32,0,1024,0.007335151050938293,0.0,0.00014340877532958984,0.003938421607017517,0.010765574872493744,0.025750029087066625,0.0,0.11767694354057312
A1_G,88,tubes/test/good/019.png,0,normal_image,32x32,0,1024,0.007976655091624707,0.0,0.0010861977934837341,0.005014896392822266,0.011322744190692902,0.02626010328531265,0.0,0.06431591510772705
A1_G,89,tubes/test/good/020.png,0,normal_image,32x32,0,1024,0.007218760525574908,0.0,0.0005619525909423828,0.00451640784740448,0.01089504361152649,0.02260566353797912,0.0,0.06963112950325012
A1_G,90,tubes/test/good/021.png,0,normal_image,32x32,0,1024,0.0074362329905852675,0.0,0.00040033459663391113,0.0043299198150634766,0.011198371648788452,0.025239902734756466,0.0,0.07240292429924011
A1_G,91,tubes/test/good/022.png,0,normal_image,32x32,0,1024,0.007564186118543148,0.0,0.0009030476212501526,0.004380658268928528,0.011032745242118835,0.02725457847118377,0.0,0.0721319317817688
A1_G,92,tubes/test/good/023.png,0,normal_image,32x32,0,1024,0.008043284266022965,0.0,0.00134199857711792,0.004953294992446899,0.010965153574943542,0.02783778160810467,0.0,0.06356039643287659
A1_G,93,tubes/test/good/024.png,0,normal_image,32x32,0,1024,0.007958197093103081,0.0,0.001080542802810669,0.0048552006483078,0.011511608958244324,0.02589790672063825,0.0,0.06717362999916077
A1_G,94,tubes/test/good/025.png,0,normal_image,32x32,0,1024,0.007618597301188856,0.0,0.0007436946034431458,0.004510805010795593,0.010964110493659973,0.025973506271839118,0.0,0.07413116097450256
A1_G,95,tubes/test/good/026.png,0,normal_image,32x32,0,1024,0.0075589299376588315,0.0,0.0008408501744270325,0.004121154546737671,0.010762892663478851,0.026773153245449065,0.0,0.07053300738334656
A1_G,96,tubes/test/good/027.png,0,normal_image,32x32,0,1024,0.007077618647599593,0.0,0.0002337247133255005,0.003940954804420471,0.010492406785488129,0.025034691393375386,0.0,0.08990955352783203
A1_G,97,tubes/test/good/028.png,0,normal_image,32x32,0,1024,0.007952826126711443,0.0,0.0009030625224113464,0.0049187541007995605,0.011764511466026306,0.026094201207160918,0.0,0.0789099931716919
A1_G,98,tubes/test/good/029.png,0,normal_image,32x32,0,1024,0.008792173844994977,0.0,0.0014247745275497437,0.005669757723808289,0.012797079980373383,0.029514858126640318,0.0,0.06449279189109802
A1_G,99,tubes/test/good/030.png,0,normal_image,32x32,0,1024,0.008668752532685176,0.0,0.001198887825012207,0.004664361476898193,0.012439072132110596,0.03189876526594161,0.0,0.08680921792984009
A1_G,100,tubes/test/good/031.png,0,normal_image,32x32,0,1024,0.006978125951718539,0.0,0.0,0.003614082932472229,0.009598962962627411,0.024575476348400106,0.0,0.1095876693725586
DUP_G,0,tubes/test/anomalous/000.png,1,abnormal_normal,32x32,10,1000,0.007304629692807794,0.0,0.0015468932688236237,0.004607012495398521,0.010084891691803932,0.024780372902750956,0.0,0.07300487905740738
DUP_G,0,tubes/test/anomalous/000.png,1,defect,32x32,10,24,0.009380743528405825,0.002803856134414673,0.005848586559295654,0.00847695767879486,0.011816717684268951,0.019542729854583732,0.001910775899887085,0.025098145008087158
DUP_G,0,tubes/test/anomalous/000.png,1,clean_defect,32x32,10,14,0.009034618735313416,0.004598632454872131,0.00524669885635376,0.006860867142677307,0.011711299419403076,0.01708242744207382,0.004413247108459473,0.025098145008087158
DUP_G,0,tubes/test/anomalous/000.png,1,boundary,32x32,10,10,0.0098653182387352,0.002184857428073883,0.006681695580482483,0.010068163275718689,0.011576022952795029,0.01856826543807983,0.001910775899887085,0.020029962062835693
DUP_G,1,tubes/test/anomalous/001.png,1,abnormal_normal,32x32,10,1002,0.008158904158263031,0.00011088531464338305,0.0017901859246194363,0.005090523511171341,0.011191951110959053,0.026438863761723042,0.0,0.07029636204242706
DUP_G,1,tubes/test/anomalous/001.png,1,defect,32x32,10,22,0.009391161528500643,0.0017290696501731874,0.005499284714460373,0.00867241621017456,0.012017503380775452,0.017719024419784544,0.0,0.023340046405792236
DUP_G,1,tubes/test/anomalous/001.png,1,clean_defect,32x32,10,12,0.008562219639619192,0.0008971109986305238,0.004870124161243439,0.007346495985984802,0.01087912917137146,0.019259077310562128,0.0,0.023340046405792236
DUP_G,1,tubes/test/anomalous/001.png,1,boundary,32x32,10,10,0.010385891795158387,0.005232684314250946,0.006073329597711563,0.011196214705705643,0.01225779764354229,0.017258352041244505,0.005165964365005493,0.01777660846710205
DUP_G,2,tubes/test/anomalous/002.png,1,abnormal_normal,32x32,9,1002,0.007960615564832936,9.207334369421009e-05,0.0019086403772234917,0.005065929144620895,0.011257169768214226,0.025071531906723947,0.0,0.05029052495956421
DUP_G,2,tubes/test/anomalous/002.png,1,defect,32x32,9,22,0.010919835757125507,0.0006310176104307176,0.007203333079814911,0.009450137615203857,0.013416402041912079,0.02570305801928043,0.0005238056182861328,0.03221637010574341
DUP_G,2,tubes/test/anomalous/002.png,1,clean_defect,32x32,9,13,0.011690249809852013,0.005597603321075439,0.007236123085021973,0.01034960150718689,0.013455748558044434,0.020185232162475572,0.0050404369831085205,0.0261075496673584
DUP_G,2,tubes/test/anomalous/002.png,1,boundary,32x32,9,9,0.009807015458742777,0.0005294144153594971,0.0024016276001930237,0.008035227656364441,0.010315671563148499,0.02653690874576568,0.0005238056182861328,0.03221637010574341
DUP_G,3,tubes/test/anomalous/003.png,1,abnormal_normal,32x32,9,1002,0.008084368027148103,0.0,0.0016207583248615265,0.004850655794143677,0.011551585979759693,0.02643727362155914,0.0,0.09492647647857666
DUP_G,3,tubes/test/anomalous/003.png,1,defect,32x32,9,22,0.010453009469942614,0.0033864345401525497,0.0057213157415390015,0.00928594172000885,0.014549240469932556,0.01963166296482086,0.0006327331066131592,0.030408501625061035
DUP_G,3,tubes/test/anomalous/003.png,1,clean_defect,32x32,9,13,0.00957253804573646,0.004963666200637817,0.0061379075050354,0.009879201650619507,0.012885063886642456,0.014914655685424804,0.004487931728363037,0.01515054702758789
DUP_G,3,tubes/test/anomalous/003.png,1,boundary,32x32,9,9,0.01172480152712928,0.001716509461402893,0.004227384924888611,0.007004015147686005,0.018204614520072937,0.026127809286117548,0.0006327331066131592,0.030408501625061035
DUP_G,4,tubes/test/anomalous/004.png,1,abnormal_normal,32x32,9,1003,0.008369856533535931,0.0,0.0015503466129302979,0.004861731082201004,0.011381158605217934,0.028799331188201903,0.0,0.08286590129137039
DUP_G,4,tubes/test/anomalous/004.png,1,defect,32x32,9,21,0.011483393964313325,0.005548752844333649,0.006336003541946411,0.011479929089546204,0.014320224523544312,0.023336470127105713,0.004225775599479675,0.027415722608566284
DUP_G,4,tubes/test/anomalous/004.png,1,clean_defect,32x32,9,12,0.011210370808839798,0.006049905717372894,0.007123053073883057,0.010776758193969727,0.014058396220207214,0.018451787531375878,0.006019860506057739,0.023336470127105713
DUP_G,4,tubes/test/anomalous/004.png,1,boundary,32x32,9,9,0.011847424838278029,0.004754966497421265,0.005926735699176788,0.011479929089546204,0.014320224523544312,0.022388714551925655,0.004225775599479675,0.027415722608566284
DUP_G,5,tubes/test/anomalous/005.png,1,abnormal_normal,32x32,8,1003,0.007650215657388908,0.0,0.0014423150569200516,0.004653573036193848,0.010486861690878868,0.024321112036705016,0.0,0.06745045632123947
DUP_G,5,tubes/test/anomalous/005.png,1,defect,32x32,8,21,0.008898431701319558,0.0031618624925613403,0.005270898342132568,0.006856054067611694,0.012038499116897583,0.016238652169704437,0.00269162654876709,0.030575841665267944
DUP_G,5,tubes/test/anomalous/005.png,1,clean_defect,32x32,8,13,0.010950410022185398,0.0031366318464279173,0.006755262613296509,0.00855448842048645,0.012962877750396729,0.02197352796792982,0.00269162654876709,0.030575841665267944
DUP_G,5,tubes/test/anomalous/005.png,1,boundary,32x32,8,8,0.005563966929912567,0.0034007176756858824,0.004314698278903961,0.005656585097312927,0.00673278421163559,0.007696685940027237,0.0031618624925613403,0.008049294352531433
DUP_G,6,tubes/test/anomalous/006.png,1,abnormal_normal,32x32,4,1008,0.007481865853714268,0.0,0.0014022884424775839,0.004339057952165604,0.01010867115110159,0.025130185857415194,0.0,0.0901341438293457
DUP_G,6,tubes/test/anomalous/006.png,1,defect,32x32,4,16,0.012600264977663755,0.003308728337287903,0.006098685786128044,0.008271053433418274,0.014974478632211685,0.03484044224023819,0.0010825395584106445,0.03723451495170593
DUP_G,6,tubes/test/anomalous/006.png,1,clean_defect,32x32,4,12,0.013893527289231619,0.002715077996253967,0.0074125006794929504,0.009208008646965027,0.016376860439777374,0.035478861629962916,0.0010825395584106445,0.03723451495170593
DUP_G,6,tubes/test/anomalous/006.png,1,boundary,32x32,4,4,0.008720478042960167,0.004491529241204262,0.00505666621029377,0.006193626672029495,0.009857438504695892,0.016487018764019007,0.004350244998931885,0.018144413828849792
DUP_G,7,tubes/test/anomalous/007.png,1,abnormal_normal,32x32,9,1003,0.008379918286355875,0.0,0.0015741102397441864,0.004848644137382507,0.011227529495954514,0.02818659357726573,0.0,0.07669857889413834
DUP_G,7,tubes/test/anomalous/007.png,1,defect,32x32,9,21,0.011538044327781313,0.00045143067836761475,0.006463691592216492,0.011207610368728638,0.01669442653656006,0.02314510941505432,0.00015413761138916016,0.02678614854812622
DUP_G,7,tubes/test/anomalous/007.png,1,clean_defect,32x32,9,12,0.015059429531296095,0.005008578300476074,0.010894574224948883,0.015644043684005737,0.01912917196750641,0.024783577024936672,0.00015413761138916016,0.02678614854812622
DUP_G,7,tubes/test/anomalous/007.png,1,boundary,32x32,9,9,0.006842864056428273,0.0007391750812530517,0.003406047821044922,0.006463691592216492,0.010854378342628479,0.013781160116195677,0.00045143067836761475,0.015166804194450378
DUP_G,8,tubes/test/anomalous/008.png,1,abnormal_normal,32x32,8,1005,0.006958440961825907,0.0,0.0011826753616333008,0.004019260406494141,0.009865798056125641,0.025219033658504482,0.0,0.052846185863018036
DUP_G,8,tubes/test/anomalous/008.png,1,defect,32x32,8,19,0.012930227737677725,0.0019676245748996733,0.0067168474197387695,0.011267989873886108,0.018453776836395264,0.02554137259721756,0.001698136329650879,0.026224195957183838
DUP_G,8,tubes/test/anomalous/008.png,1,clean_defect,32x32,8,11,0.017262460155920548,0.00880836695432663,0.011931195855140686,0.017420172691345215,0.022111043334007263,0.02584484964609146,0.006883203983306885,0.026224195957183838
DUP_G,8,tubes/test/anomalous/008.png,1,boundary,32x32,8,8,0.0069734081625938416,0.001802937313914299,0.004203075543045998,0.006221335381269455,0.00796690583229065,0.014889594912528987,0.001698136329650879,0.017946720123291016
DUP_G,9,tubes/test/anomalous/009.png,1,abnormal_normal,32x32,10,1003,0.007228895582180705,0.0,0.001363210380077362,0.0044602565467357635,0.010196477174758911,0.022345917671918868,0.0,0.06695886701345444
DUP_G,9,tubes/test/anomalous/009.png,1,defect,32x32,10,21,0.014568849688484556,0.0025970935821533203,0.005311451852321625,0.012711301445960999,0.021539896726608276,0.03660944104194641,0.0012011080980300903,0.0460355281829834
DUP_G,9,tubes/test/anomalous/009.png,1,clean_defect,32x32,10,11,0.01656531407074495,0.0020631328225135803,0.005163859575986862,0.013953179121017456,0.023021303117275238,0.041322484612464905,0.0012011080980300903,0.0460355281829834
DUP_G,9,tubes/test/anomalous/009.png,1,boundary,32x32,10,10,0.012372738867998122,0.0030086785554885864,0.0055613089352846146,0.010136425495147705,0.017528235912322998,0.02715270966291427,0.0025970935821533203,0.030905187129974365
DUP_G,10,tubes/test/anomalous/010.png,1,abnormal_normal,32x32,8,1004,0.007538729149707226,0.0,0.0014516357332468033,0.0046982960775494576,0.010886705946177244,0.024772327207028856,0.0,0.06551975011825562
DUP_G,10,tubes/test/anomalous/010.png,1,defect,32x32,8,20,0.013848472014069557,0.002701118960976601,0.006509017199277878,0.010429933667182922,0.015546340495347977,0.028621287643909473,0.0,0.05323877930641174
DUP_G,10,tubes/test/anomalous/010.png,1,clean_defect,32x32,8,12,0.017993489280343056,0.004890688881278038,0.010392893105745316,0.014044724404811859,0.023149117827415466,0.03898654729127882,0.0028432831168174744,0.05323877930641174
DUP_G,10,tubes/test/anomalous/010.png,1,boundary,32x32,8,8,0.007630946114659309,0.0019301593303680423,0.005835589021444321,0.007498458027839661,0.010032307356595993,0.012949525564908979,0.0,0.014484956860542297
DUP_G,11,tubes/test/anomalous/011.png,1,abnormal_normal,32x32,8,1004,0.007539646661064895,0.0,0.0015794923529028893,0.005022408440709114,0.010571187362074852,0.02389356978237625,0.0,0.07690303027629852
DUP_G,11,tubes/test/anomalous/011.png,1,defect,32x32,8,20,0.015154213458299638,0.0015557132661342622,0.006782911717891693,0.011916682124137878,0.02254989743232727,0.03690287917852402,0.0,0.04051843285560608
DUP_G,11,tubes/test/anomalous/011.png,1,clean_defect,32x32,8,12,0.018387353668610256,0.0009006761014461518,0.009079888463020325,0.018862977623939514,0.02589751034975052,0.038425217568874355,0.0,0.04051843285560608
DUP_G,11,tubes/test/anomalous/011.png,1,boundary,32x32,8,8,0.01030450314283371,0.004836606234312058,0.006782911717891693,0.008603870868682861,0.011218849569559097,0.02036898881196975,0.003889128565788269,0.024606704711914062
DUP_G,12,tubes/test/anomalous/012.png,1,abnormal_normal,32x32,9,1003,0.007287159416330597,0.0,0.001157483085989952,0.004076279699802399,0.009948131628334522,0.025289517827332016,0.0,0.07473424077033997
DUP_G,12,tubes/test/anomalous/012.png,1,defect,32x32,9,21,0.01678714688335146,0.003746330738067627,0.007381796836853027,0.01635044813156128,0.021854162216186523,0.03818671405315399,0.0018686652183532715,0.038751959800720215
DUP_G,12,tubes/test/anomalous/012.png,1,clean_defect,32x32,9,12,0.015581754346688589,0.005199027061462402,0.009557560086250305,0.014530450105667114,0.019181162118911743,0.02954340577125548,0.0045993030071258545,0.038751959800720215
DUP_G,12,tubes/test/anomalous/012.png,1,boundary,32x32,9,9,0.018394336932235293,0.002619731426239014,0.00419500470161438,0.01673945039510727,0.02694489061832428,0.037195864319801326,0.0018686652183532715,0.03818671405315399
DUP_G,13,tubes/test/anomalous/013.png,1,abnormal_normal,32x32,5,1015,0.007229549746978752,0.0,0.0010135676711797714,0.004211604595184326,0.010011961683630943,0.02610936760902403,0.0,0.061246857047080994
DUP_G,13,tubes/test/anomalous/013.png,1,defect,32x32,5,9,0.012280700935257806,0.0035649418830871584,0.007044970989227295,0.008061327040195465,0.015795066952705383,0.025427274405956265,0.0030134469270706177,0.028277523815631866
DUP_G,13,tubes/test/anomalous/013.png,1,clean_defect,32x32,5,4,0.01193300075829029,0.004790102317929268,0.0063817743211984634,0.011093959212303162,0.01664518564939499,0.020250557363033293,0.004392184317111969,0.02115190029144287
DUP_G,13,tubes/test/anomalous/013.png,1,boundary,32x32,5,5,0.012558861076831818,0.0039401456713676454,0.007646940648555756,0.008061327040195465,0.015795066952705383,0.025781032443046567,0.0030134469270706177,0.028277523815631866
DUP_G,14,tubes/test/anomalous/014.png,1,abnormal_normal,32x32,5,1013,0.00740458864097181,0.0,0.001246631145477295,0.004584908485412598,0.010347366333007812,0.023457738757133483,0.0,0.0853009968996048
DUP_G,14,tubes/test/anomalous/014.png,1,defect,32x32,5,11,0.012718022546984932,0.0033392012119293213,0.00712219625711441,0.010348111391067505,0.013572819530963898,0.030528150498867035,0.0031586289405822754,0.03325857222080231
DUP_G,14,tubes/test/anomalous/014.png,1,clean_defect,32x32,5,6,0.01304607962568601,0.006173130124807358,0.009207319468259811,0.010058201849460602,0.010579859837889671,0.027608206495642662,0.005224063992500305,0.03325857222080231
DUP_G,14,tubes/test/anomalous/014.png,1,boundary,32x32,5,5,0.01232435405254364,0.003230857849121094,0.003519773483276367,0.012555718421936035,0.01458992063999176,0.02515616714954376,0.0031586289405822754,0.027797728776931763
DUP_G,15,tubes/test/anomalous/015.png,1,abnormal_normal,32x32,8,1012,0.007115737458676276,0.0,0.0013492777943611145,0.004168875515460968,0.010394965764135122,0.02321548443287611,0.0,0.07120609283447266
DUP_G,15,tubes/test/anomalous/015.png,1,defect,32x32,8,12,0.010582134127616882,0.0,0.001781713217496872,0.010899584740400314,0.017557844519615173,0.02206085734069347,0.0,0.02391408383846283
DUP_G,15,tubes/test/anomalous/015.png,1,clean_defect,32x32,8,4,0.008719692006707191,0.0008269049227237703,0.004134524613618851,0.009658489376306534,0.014243656769394875,0.015298162773251533,0.0,0.015561789274215698
DUP_G,15,tubes/test/anomalous/015.png,1,boundary,32x32,8,8,0.011513355188071728,0.0005095034837722779,0.001781713217496872,0.01247849315404892,0.0196449626237154,0.022734757885336875,0.0,0.02391408383846283
DUP_G,16,tubes/test/anomalous/016.png,1,abnormal_normal,32x32,8,1012,0.0072845823125519855,0.0,0.0013557826168835163,0.004606830887496471,0.01010708324611187,0.024530489090830086,0.0,0.08189758658409119
DUP_G,16,tubes/test/anomalous/016.png,1,defect,32x32,8,12,0.00883269930879275,0.0005094204097986221,0.002957375720143318,0.0068314895033836365,0.013063158839941025,0.021748932451009746,0.0,0.025697976350784302
DUP_G,16,tubes/test/anomalous/016.png,1,clean_defect,32x32,8,4,0.01098882220685482,0.002116213366389275,0.00687619112432003,0.012255586683750153,0.016368217766284943,0.0180879607796669,0.0009262189269065857,0.01851789653301239
DUP_G,16,tubes/test/anomalous/016.png,1,boundary,32x32,8,8,0.007754637859761715,0.0006746649742126466,0.002957375720143318,0.004482798278331757,0.01050880178809166,0.02097379863262176,0.0,0.025697976350784302
DUP_G,17,tubes/test/anomalous/017.png,1,abnormal_normal,32x32,3,1015,0.007461906965418256,0.0,0.0016511492431163788,0.005054573528468609,0.010135076940059662,0.025055437535047517,0.0,0.06543847918510437
DUP_G,17,tubes/test/anomalous/017.png,1,defect,32x32,3,9,0.008309404883119795,0.0,0.003521949052810669,0.004947826266288757,0.010969355702400208,0.022916409373283386,0.0,0.024415329098701477
DUP_G,17,tubes/test/anomalous/017.png,1,clean_defect,32x32,3,6,0.006768004347880681,0.0,0.0010057035833597183,0.004485320299863815,0.009463973343372345,0.01824336126446724,0.0,0.02066802978515625
DUP_G,17,tubes/test/anomalous/017.png,1,boundary,32x32,3,3,0.011392205953598022,0.0037936881184577943,0.004880644381046295,0.006239339709281921,0.0153273344039917,0.02259773015975952,0.003521949052810669,0.024415329098701477
DUP_G,18,tubes/test/anomalous/018.png,1,abnormal_normal,32x32,3,1015,0.008141094398469174,0.0,0.0017933156341314316,0.0053185224533081055,0.011001568287611008,0.02736879941076039,0.0,0.06872288882732391
DUP_G,18,tubes/test/anomalous/018.png,1,defect,32x32,3,9,0.006317996316485935,0.0,0.0024013519287109375,0.003951705992221832,0.006634116172790527,0.0191075325012207,0.0,0.02212345600128174
DUP_G,18,tubes/test/anomalous/018.png,1,clean_defect,32x32,3,6,0.005219509204228719,0.0,0.0006003379821777344,0.002620946615934372,0.003673914819955826,0.017580518499016762,0.0,0.02212345600128174
DUP_G,18,tubes/test/anomalous/018.png,1,boundary,32x32,3,3,0.008514970541000366,0.004557844996452331,0.005480632185935974,0.006634116172790527,0.010608881711959839,0.013788694143295288,0.004327148199081421,0.01458364725112915
DUP_G,19,tubes/test/anomalous/019.png,1,abnormal_normal,32x32,9,1004,0.008385520201617949,2.1725893020630706e-06,0.0020325686782598495,0.005791852250695229,0.011514685116708279,0.025962781533598867,0.0,0.06828530877828598
DUP_G,19,tubes/test/anomalous/019.png,1,defect,32x32,9,20,0.013375290483236314,0.0,0.004041280597448349,0.007846146821975708,0.01904299482703209,0.03983742371201516,0.0,0.04749906063079834
DUP_G,19,tubes/test/anomalous/019.png,1,clean_defect,32x32,9,11,0.0101398304104805,0.0014571622014045715,0.004397798329591751,0.007139921188354492,0.011286746710538864,0.027866855263710022,0.0,0.028100818395614624
DUP_G,19,tubes/test/anomalous/019.png,1,boundary,32x32,9,9,0.017329741683271196,0.0004067182540893555,0.003385201096534729,0.01617562770843506,0.022893026471138,0.04427310824394226,0.0,0.04749906063079834
DUP_G,20,tubes/test/anomalous/020.png,1,abnormal_normal,32x32,8,1006,0.007395226286657555,0.0,0.001635465887375176,0.005048207938671112,0.010527112521231174,0.022104371339082718,0.0,0.08935613930225372
DUP_G,20,tubes/test/anomalous/020.png,1,defect,32x32,8,18,0.008925026075707542,0.0,0.0031538382172584534,0.006189625710248947,0.015923380851745605,0.02064627818763256,0.0,0.021403178572654724
DUP_G,20,tubes/test/anomalous/020.png,1,clean_defect,32x32,8,10,0.007950516045093536,0.0,0.0006270632147789001,0.006083622574806213,0.014053987339138985,0.02100246660411358,0.0,0.021403178572654724
DUP_G,20,tubes/test/anomalous/020.png,1,boundary,32x32,8,8,0.010143163613975048,0.003234858810901642,0.005079887807369232,0.008542977273464203,0.01567063108086586,0.018619544804096222,0.002951286733150482,0.019037559628486633
DUP_G,21,tubes/test/anomalous/021.png,1,abnormal_normal,32x32,11,1004,0.007818156305099447,0.0,0.0015001343563199043,0.004859199747443199,0.01018089521676302,0.02609022520482539,0.0,0.07730352878570557
DUP_G,21,tubes/test/anomalous/021.png,1,defect,32x32,11,20,0.008448732271790504,0.0018258389085531236,0.005249170586466789,0.006959166377782822,0.010608425363898277,0.017861717194318772,0.001318618655204773,0.01792415976524353
DUP_G,21,tubes/test/anomalous/021.png,1,clean_defect,32x32,11,9,0.00845330125755734,0.004215852916240692,0.00530831515789032,0.006711624562740326,0.010565541684627533,0.01504932641983032,0.0036452636122703552,0.01792415976524353
DUP_G,21,tubes/test/anomalous/021.png,1,boundary,32x32,11,11,0.00844499401070855,0.0015855766832828522,0.005189381539821625,0.007206708192825317,0.012580491602420807,0.016609393060207367,0.001318618655204773,0.017858430743217468
DUP_G,22,tubes/test/anomalous/022.png,1,abnormal_normal,32x32,10,1004,0.007795058468178627,0.0,0.001524865860119462,0.004716694355010986,0.011129421181976795,0.024271123576909297,0.0,0.07921816408634186
DUP_G,22,tubes/test/anomalous/022.png,1,defect,32x32,10,20,0.008364529721438885,0.000367407500743866,0.0041882749646902084,0.006180772557854652,0.009038175456225872,0.02236299589276314,0.0,0.029164791107177734
DUP_G,22,tubes/test/anomalous/022.png,1,clean_defect,32x32,10,10,0.010035031288862229,0.0013286426663398744,0.004119662567973137,0.008513141423463821,0.013383278623223305,0.024183285236358633,0.00038674473762512207,0.029164791107177734
DUP_G,22,tubes/test/anomalous/022.png,1,boundary,32x32,10,10,0.006694028154015541,0.0014528637751936913,0.004307483322918415,0.005156597122550011,0.007093767635524273,0.016053934209048736,0.0,0.022005006670951843
DUP_G,23,tubes/test/anomalous/023.png,1,abnormal_normal,32x32,10,1004,0.007210028094361978,0.0,0.0012015067040920258,0.004379404708743095,0.010518264956772327,0.02344774268567562,0.0,0.06698518991470337
DUP_G,23,tubes/test/anomalous/023.png,1,defect,32x32,10,20,0.008406016416847706,0.0014389913529157638,0.0031731389462947845,0.0057152919471263885,0.011914263479411602,0.021133528649806978,0.0007280930876731873,0.024689286947250366
DUP_G,23,tubes/test/anomalous/023.png,1,clean_defect,32x32,10,10,0.010953637957572936,0.003696867078542709,0.005649926140904427,0.00840051844716072,0.014884527772665024,0.023004980385303492,0.0032242685556411743,0.024689286947250366
DUP_G,23,tubes/test/anomalous/023.png,1,boundary,32x32,10,10,0.005858394876122474,0.0010648343712091445,0.0020120125263929367,0.0031536519527435303,0.008536763489246368,0.016026474721729748,0.0007280930876731873,0.019547060132026672
DUP_G,24,tubes/test/anomalous/024.png,1,abnormal_normal,32x32,12,1002,0.008096214163557677,0.0,0.0017622988671064377,0.004616986960172653,0.011303402483463287,0.025794978253543377,0.0,0.07494553178548813
DUP_G,24,tubes/test/anomalous/024.png,1,defect,32x32,12,22,0.014847358180717989,0.0025577060878276825,0.005399012938141823,0.009284257888793945,0.013934062793850899,0.0446256160736084,0.0,0.07808281481266022
DUP_G,24,tubes/test/anomalous/024.png,1,clean_defect,32x32,12,10,0.020545290410518648,0.0041792582720518116,0.007066395133733749,0.01018187403678894,0.019423576071858406,0.06317167058587071,0.0037354230880737305,0.07808281481266022
DUP_G,24,tubes/test/anomalous/024.png,1,boundary,32x32,12,12,0.010099081322550774,0.0013726465404033663,0.005009373649954796,0.007396399974822998,0.012609219178557396,0.025015728175640087,0.0,0.038520485162734985
DUP_G,25,tubes/test/anomalous/025.png,1,abnormal_normal,32x32,14,1001,0.008421806355270295,0.0,0.001551944762468338,0.00494607537984848,0.011117424815893173,0.028133094310760498,0.0,0.06524866819381714
DUP_G,25,tubes/test/anomalous/025.png,1,defect,32x32,14,23,0.015543231497640196,0.0020253032445907595,0.007003936916589737,0.013212651014328003,0.023238033056259155,0.0338050290942192,0.001238606870174408,0.03742852807044983
DUP_G,25,tubes/test/anomalous/025.png,1,clean_defect,32x32,14,9,0.017390847206115723,0.007512086629867553,0.0095348060131073,0.01458999514579773,0.02181956171989441,0.03231971859931945,0.007220357656478882,0.03742852807044983
DUP_G,25,tubes/test/anomalous/025.png,1,boundary,32x32,14,14,0.014355478542191642,0.0015787173062562943,0.004918646067380905,0.010021686553955078,0.024175509810447693,0.031192513555288313,0.001238606870174408,0.03428003191947937
DUP_G,26,tubes/test/anomalous/026.png,1,abnormal_normal,32x32,9,1003,0.007837638395893224,0.0,0.0015331320464611053,0.00501164048910141,0.010984580963850021,0.023941046744585037,0.0,0.08212587237358093
DUP_G,26,tubes/test/anomalous/026.png,1,defect,32x32,9,21,0.011856086552143097,0.0022459030151367188,0.0060307979583740234,0.012262463569641113,0.015853747725486755,0.02266065776348114,0.0,0.025558799505233765
DUP_G,26,tubes/test/anomalous/026.png,1,clean_defect,32x32,9,12,0.01196063868701458,0.0026390120387077332,0.007880790159106255,0.011451438069343567,0.017442621290683746,0.02162313908338546,0.0,0.025558799505233765
DUP_G,26,tubes/test/anomalous/026.png,1,boundary,32x32,9,9,0.011716683705647787,0.0030731201171875,0.005832493305206299,0.012323766946792603,0.0149916410446167,0.019937893748283385,0.0022459030151367188,0.02266065776348114
DUP_G,27,tubes/test/anomalous/027.png,1,abnormal_normal,32x32,10,1003,0.008086950275842714,0.0,0.0018705837428569794,0.004930436611175537,0.011299800127744675,0.026200193166732784,0.0,0.0741281732916832
DUP_G,27,tubes/test/anomalous/027.png,1,defect,32x32,10,21,0.009903537375586373,0.003573000431060791,0.005254104733467102,0.009274080395698547,0.013842679560184479,0.018786758184432983,0.001607939600944519,0.0194719135761261
DUP_G,27,tubes/test/anomalous/027.png,1,clean_defect,32x32,10,11,0.012546745890920813,0.00751282274723053,0.008822105824947357,0.011109143495559692,0.016532398760318756,0.01912933588027954,0.006860554218292236,0.0194719135761261
DUP_G,27,tubes/test/anomalous/027.png,1,boundary,32x32,10,10,0.006996008008718491,0.0024922169744968415,0.004013219848275185,0.004811383783817291,0.01162777654826641,0.01400509662926197,0.001607939600944519,0.014137983322143555
DUP_G,28,tubes/test/anomalous/028.png,1,abnormal_normal,32x32,7,1006,0.0074238288526425125,0.0,0.0014768410474061966,0.004324308130890131,0.010030619334429502,0.02508911769837141,0.0,0.06977240741252899
DUP_G,28,tubes/test/anomalous/028.png,1,defect,32x32,7,18,0.01890888810157776,0.0019848626106977463,0.010013636201620102,0.01829516887664795,0.02651963010430336,0.0374340809881687,0.00031032413244247437,0.046631500124931335
DUP_G,28,tubes/test/anomalous/028.png,1,clean_defect,32x32,7,11,0.02614213458516381,0.012676775455474854,0.020420633256435394,0.026039838790893555,0.030279815196990967,0.0412212535738945,0.012482494115829468,0.046631500124931335
DUP_G,28,tubes/test/anomalous/028.png,1,boundary,32x32,7,7,0.007542357913085392,0.0009013377130031587,0.0034717172384262085,0.005764678120613098,0.010149635374546051,0.016761648654937737,0.00031032413244247437,0.019478797912597656
DUP_G,29,tubes/test/anomalous/029.png,1,abnormal_normal,32x32,8,1005,0.007034573730414928,0.0,0.0012211017310619354,0.003968279808759689,0.009989339858293533,0.024034849554300297,0.0,0.056341566145420074
DUP_G,29,tubes/test/anomalous/029.png,1,defect,32x32,8,19,0.013417007891755355,0.00011230632662773132,0.0018575359135866165,0.011849001049995422,0.01953759789466858,0.036233502626419056,9.916350245475769e-05,0.03995737433433533
DUP_G,29,tubes/test/anomalous/029.png,1,clean_defect,32x32,8,11,0.020021559501236134,0.002987368032336235,0.01233813539147377,0.018194139003753662,0.030179321765899658,0.037888556718826294,0.0016550831496715546,0.03995737433433533
DUP_G,29,tubes/test/anomalous/029.png,1,boundary,32x32,8,8,0.004335749428719282,0.00010427460074424744,0.0006173653528094292,0.001616206020116806,0.006807745434343815,0.01311549339443445,9.916350245475769e-05,0.015134550631046295
DUP_G,30,tubes/test/anomalous/030.png,1,abnormal_normal,32x32,12,999,0.007566837156219436,0.0,0.0015216469764709473,0.004869481548666954,0.011060614138841629,0.02456469759345053,0.0,0.05149521306157112
DUP_G,30,tubes/test/anomalous/030.png,1,defect,32x32,12,25,0.012598022520542144,0.0014743328094482422,0.008061438798904419,0.012939363718032837,0.017263442277908325,0.024401724338531484,0.0,0.026941895484924316
DUP_G,30,tubes/test/anomalous/030.png,1,clean_defect,32x32,12,13,0.014712241979745718,0.009224534034729004,0.011960357427597046,0.013341248035430908,0.017806142568588257,0.021145552396774292,0.008061438798904419,0.02160590887069702
DUP_G,30,tubes/test/anomalous/030.png,1,boundary,32x32,12,12,0.01030761810640494,0.000808483362197876,0.0025762636214494705,0.009386323392391205,0.014824584126472473,0.025929225981235503,0.0,0.026941895484924316
DUP_G,31,tubes/test/anomalous/031.png,1,abnormal_normal,32x32,6,1004,0.008171463337916124,0.0,0.001999904401600361,0.005232453346252441,0.01123609859496355,0.0248398309573531,0.0,0.07813350856304169
DUP_G,31,tubes/test/anomalous/031.png,1,defect,32x32,6,20,0.024047209322452544,0.007529790699481964,0.01684841513633728,0.022415846586227417,0.030262820422649384,0.048882552981376656,0.006556898355484009,0.06226986646652222
DUP_G,31,tubes/test/anomalous/031.png,1,clean_defect,32x32,6,14,0.02780595634664808,0.014494280517101287,0.019419856369495392,0.022941559553146362,0.03079305589199066,0.0531101256608963,0.007580995559692383,0.06226986646652222
DUP_G,31,tubes/test/anomalous/031.png,1,boundary,32x32,6,6,0.01527679959932963,0.006918318569660187,0.00861627608537674,0.011600285768508911,0.020680107176303864,0.028762690722942352,0.006556898355484009,0.03057500720024109
DUP_G,32,tubes/test/anomalous/032.png,1,abnormal_normal,32x32,11,1002,0.0073291245121099875,0.0,0.0015205936506390572,0.004865111783146858,0.010451067239046097,0.02357777487486601,0.0,0.07329189777374268
DUP_G,32,tubes/test/anomalous/032.png,1,defect,32x32,11,22,0.008163686503063549,0.0008165597915649414,0.003279845230281353,0.006610127165913582,0.011435136198997498,0.01800663471221924,0.00038489699363708496,0.029180020093917847
DUP_G,32,tubes/test/anomalous/032.png,1,clean_defect,32x32,11,11,0.010895420204509388,0.0018041729927062988,0.0030258893966674805,0.011647164821624756,0.015249311923980713,0.023605525493621826,0.0015499591827392578,0.029180020093917847
DUP_G,32,tubes/test/anomalous/032.png,1,boundary,32x32,11,11,0.005431952801617709,0.0005814284086227417,0.0033462215214967728,0.005670130252838135,0.00793970562517643,0.009731829166412354,0.00038489699363708496,0.010799050331115723
DUP_G,33,tubes/test/anomalous/033.png,1,abnormal_normal,32x32,11,1001,0.007739443559902948,0.0,0.0015340633690357208,0.004542253911495209,0.01044396311044693,0.025808967649936676,0.0,0.07320602983236313
DUP_G,33,tubes/test/anomalous/033.png,1,defect,32x32,11,23,0.007359974410222924,0.00011734887957572939,0.002596244215965271,0.0046572089195251465,0.01100228726863861,0.023624034225940692,0.0,0.02556025981903076
DUP_G,33,tubes/test/anomalous/033.png,1,clean_defect,32x32,11,12,0.009889555474122366,0.001072661578655243,0.003969304263591766,0.006936654448509216,0.013484686613082886,0.025044786930084228,0.0,0.02556025981903076
DUP_G,33,tubes/test/anomalous/033.png,1,boundary,32x32,11,11,0.004600431431423534,0.0002380572259426117,0.0018361210823059082,0.0034799501299858093,0.006331644952297211,0.011206872761249542,8.717179298400879e-05,0.014633014798164368
DUP_G,34,tubes/test/anomalous/034.png,1,abnormal_normal,32x32,12,1001,0.0076870516218900025,0.0,0.001761157065629959,0.004735328257083893,0.01059015467762947,0.026316683739423752,0.0,0.06702915579080582
DUP_G,34,tubes/test/anomalous/034.png,1,defect,32x32,12,23,0.015741273760795593,0.006232354044914246,0.01069195568561554,0.013286441564559937,0.01789429783821106,0.031049844622611997,0.0026004761457443237,0.04547296464443207
DUP_G,34,tubes/test/anomalous/034.png,1,clean_defect,32x32,12,11,0.015687628225846725,0.007692962884902954,0.010978549718856812,0.01291397213935852,0.01946234703063965,0.02878411114215851,0.006179243326187134,0.03128182888031006
DUP_G,34,tubes/test/anomalous/034.png,1,boundary,32x32,12,12,0.015790448834498722,0.004860907047986984,0.01091204583644867,0.013349905610084534,0.015241295099258423,0.036391926556825625,0.0026004761457443237,0.04547296464443207
DUP_G,35,tubes/test/anomalous/035.png,1,abnormal_normal,32x32,9,1003,0.007364976121872247,0.0,0.0013651344925165176,0.004451394081115723,0.010130472481250763,0.024393126368522644,0.0,0.07498697936534882
DUP_G,35,tubes/test/anomalous/035.png,1,defect,32x32,9,21,0.013865177830060324,0.001908630132675171,0.006935387849807739,0.015140503644943237,0.019790351390838623,0.026303231716156006,0.001850813627243042,0.02874407172203064
DUP_G,35,tubes/test/anomalous/035.png,1,clean_defect,32x32,9,12,0.01443517953157425,0.0035020098090171817,0.006593808531761169,0.015374228358268738,0.018597513437271118,0.02740160971879959,0.001908630132675171,0.02874407172203064
DUP_G,35,tubes/test/anomalous/035.png,1,boundary,32x32,9,9,0.013105175561375089,0.002282524108886719,0.008093506097793579,0.013676971197128296,0.019790351390838623,0.021302080154418944,0.001850813627243042,0.02207159996032715
DUP_G,36,tubes/test/anomalous/036.png,1,abnormal_normal,32x32,10,1002,0.0075437294527471895,0.0,0.00165265379473567,0.004730423912405968,0.01015973649919033,0.024114082381129248,0.0,0.06895307451486588
DUP_G,36,tubes/test/anomalous/036.png,1,defect,32x32,10,22,0.01329950683496215,0.00147765651345253,0.008503429591655731,0.012581750750541687,0.017435535788536072,0.025655856728553767,0.0,0.037400372326374054
DUP_G,36,tubes/test/anomalous/036.png,1,clean_defect,32x32,10,12,0.012488034864266714,0.006196120381355285,0.008994735777378082,0.011770188808441162,0.01438438892364502,0.021492591500282283,0.006194710731506348,0.02588522434234619
DUP_G,36,tubes/test/anomalous/036.png,1,boundary,32x32,10,10,0.014273273199796677,0.0005532257258892059,0.008856035768985748,0.013821542263031006,0.018099375069141388,0.030154247209429726,0.0,0.037400372326374054
DUP_G,37,tubes/test/anomalous/037.png,1,abnormal_normal,32x32,9,1004,0.007466162181555839,0.0,0.0012128343805670738,0.004288559779524803,0.010581866838037968,0.02587868999689817,0.0,0.07787398993968964
DUP_G,37,tubes/test/anomalous/037.png,1,defect,32x32,9,20,0.01283532679080963,0.001173236221075058,0.004160501062870026,0.011503230780363083,0.017956890165805817,0.030239880084991455,0.000669434666633606,0.032311201095581055
DUP_G,37,tubes/test/anomalous/037.png,1,clean_defect,32x32,9,11,0.013396038250489668,0.0015123263001441956,0.0037358254194259644,0.011144816875457764,0.021391481161117554,0.030831381678581238,0.0011997520923614502,0.032311201095581055
DUP_G,37,tubes/test/anomalous/037.png,1,boundary,32x32,9,9,0.01215001278453403,0.001011243462562561,0.00589529424905777,0.011633358895778656,0.014224410057067871,0.026008331775665278,0.000669434666633606,0.030130863189697266
DUP_G,38,tubes/test/anomalous/038.png,1,abnormal_normal,32x32,10,1002,0.008178627324344483,0.0,0.0016006780788302422,0.005099542438983917,0.011513869278132915,0.026086262054741374,0.0,0.06188695877790451
DUP_G,38,tubes/test/anomalous/038.png,1,defect,32x32,10,22,0.010881906713951717,0.00016725733876228336,0.004915483295917511,0.00875919871032238,0.016956478357315063,0.02327675074338913,0.0,0.027865469455718994
DUP_G,38,tubes/test/anomalous/038.png,1,clean_defect,32x32,10,12,0.01271383340160052,0.004643772542476654,0.006884358823299408,0.009776994585990906,0.017958790063858032,0.025345556437969204,0.004422113299369812,0.027865469455718994
DUP_G,38,tubes/test/anomalous/038.png,1,boundary,32x32,10,10,0.008683594688773156,5.5806711316108704e-05,0.0013104304671287537,0.006611641496419907,0.014614569954574108,0.02265350818634033,0.0,0.023142635822296143
DUP_G,39,tubes/test/anomalous/039.png,1,abnormal_normal,32x32,10,1004,0.007346195430379821,0.0,0.0014968905597925186,0.004400363191962242,0.010242178104817867,0.024493955634534326,0.0,0.06839965283870697
DUP_G,39,tubes/test/anomalous/039.png,1,defect,32x32,10,20,0.016139255464076997,0.004688398912549019,0.010164644569158554,0.01435011625289917,0.020170748233795166,0.031912438571453094,0.0035131946206092834,0.03618517518043518
DUP_G,39,tubes/test/anomalous/039.png,1,clean_defect,32x32,10,10,0.022998322546482087,0.013543125987052918,0.018647611141204834,0.020344167947769165,0.028396856039762497,0.03416124731302261,0.012353003025054932,0.03618517518043518
DUP_G,39,tubes/test/anomalous/039.png,1,boundary,32x32,10,10,0.009280188381671906,0.004069870337843895,0.006226684898138046,0.009977228939533234,0.011611120775341988,0.014413535594940184,0.0035131946206092834,0.014984309673309326
DUP_G,40,tubes/test/anomalous/040.png,1,abnormal_normal,32x32,8,1005,0.007891076661887306,0.0,0.0016651935875415802,0.004899024963378906,0.01089366152882576,0.024854144454002376,0.0,0.07541179656982422
DUP_G,40,tubes/test/anomalous/040.png,1,defect,32x32,8,19,0.02170213645226077,0.005629615485668182,0.010432261973619461,0.018894139677286148,0.031356438994407654,0.049277707934379564,0.0007819384336471558,0.05447649955749512
DUP_G,40,tubes/test/anomalous/040.png,1,clean_defect,32x32,8,11,0.026170260526917198,0.004137344658374786,0.012945219874382019,0.020473867654800415,0.03923533856868744,0.051588281989097595,0.0007819384336471558,0.05447649955749512
DUP_G,40,tubes/test/anomalous/040.png,1,boundary,32x32,8,8,0.015558465849608183,0.006750275194644928,0.00966246984899044,0.01216541975736618,0.020868907682597637,0.02899280786514282,0.006168246269226074,0.030177205801010132
DUP_G,41,tubes/test/anomalous/041.png,1,abnormal_normal,32x32,9,1005,0.007040491481010445,0.0,0.0016992483288049698,0.0045465826988220215,0.00989488884806633,0.022941765189170807,0.0,0.04740842059254646
DUP_G,41,tubes/test/anomalous/041.png,1,defect,32x32,9,19,0.01269406217493509,0.0031886052340269087,0.008090537041425705,0.011998951435089111,0.01743127405643463,0.022679907083511343,0.0021158456802368164,0.026432156562805176
DUP_G,41,tubes/test/anomalous/041.png,1,clean_defect,32x32,9,10,0.013707220926880837,0.006002259254455567,0.011595306918025017,0.01268908940255642,0.016918014734983444,0.02165364623069763,0.0021158456802368164,0.022262990474700928
DUP_G,41,tubes/test/anomalous/041.png,1,boundary,32x32,9,9,0.011568330228328705,0.0035749562084674835,0.004201967269182205,0.008882366120815277,0.01712365448474884,0.024647629261016844,0.003307800740003586,0.026432156562805176
DUP_G,42,tubes/test/anomalous/042.png,1,abnormal_normal,32x32,10,1003,0.007520688253390795,0.0,0.0012579336762428284,0.004495732486248016,0.010175506584346294,0.025852051004767413,0.0,0.07987897098064423
DUP_G,42,tubes/test/anomalous/042.png,1,defect,32x32,10,21,0.01155296890508561,0.002375282347202301,0.004792600870132446,0.005674213171005249,0.018984287977218628,0.025900423526763916,0.0011099576950073242,0.04296433925628662
DUP_G,42,tubes/test/anomalous/042.png,1,clean_defect,32x32,10,11,0.015189192511818626,0.0029512792825698853,0.00635935366153717,0.013220816850662231,0.020472750067710876,0.03443238139152527,0.0011099576950073242,0.04296433925628662
DUP_G,42,tubes/test/anomalous/042.png,1,boundary,32x32,10,10,0.007553122937679291,0.0024055276066064835,0.0030802320688962936,0.005314171314239502,0.0056043751537799835,0.02136841565370559,0.002375282347202301,0.0233190655708313
DUP_G,43,tubes/test/anomalous/043.png,1,abnormal_normal,32x32,9,1006,0.007750466453915029,0.0,0.0014211833477020264,0.004695910960435867,0.010853465646505356,0.026005198247730732,0.0,0.07609961926937103
DUP_G,43,tubes/test/anomalous/043.png,1,defect,32x32,9,18,0.007716960377163357,0.0002251759171485901,0.002385281026363373,0.007805962115526199,0.012353245168924332,0.01683799922466278,0.0,0.01715642213821411
DUP_G,43,tubes/test/anomalous/043.png,1,clean_defect,32x32,9,9,0.006524176233344608,0.00010596513748168946,0.0008620321750640869,0.00612834095954895,0.013258978724479675,0.014898206293582916,0.0,0.015268169343471527
DUP_G,43,tubes/test/anomalous/043.png,1,boundary,32x32,9,9,0.008909744520982107,0.0028437241911888123,0.00475611537694931,0.008344925940036774,0.0096360445022583,0.01700657606124878,0.0016212090849876404,0.01715642213821411
DUP_G,44,tubes/test/anomalous/044.png,1,abnormal_normal,32x32,11,1005,0.007498352873180784,0.0,0.0016297698020935059,0.004764162003993988,0.010777950286865234,0.022954901307821268,0.0,0.06925646960735321
DUP_G,44,tubes/test/anomalous/044.png,1,defect,32x32,11,19,0.005391823618035568,0.0,0.0005168318748474121,0.0023101195693016052,0.006438514217734337,0.020183764025568946,0.0,0.02704344317317009
DUP_G,44,tubes/test/anomalous/044.png,1,clean_defect,32x32,11,8,0.0011389069259166718,0.0,0.0,0.0005168318748474121,0.0014937669038772583,0.003765861690044402,0.0,0.004566103219985962
DUP_G,44,tubes/test/anomalous/044.png,1,boundary,32x32,11,11,0.008484853939576582,0.0006214603781700134,0.0032622627913951874,0.006370026618242264,0.010025598108768463,0.023232510313391685,0.0,0.02704344317317009
DUP_G,45,tubes/test/anomalous/045.png,1,abnormal_normal,32x32,12,1003,0.007674518441512126,0.0,0.0016318969428539276,0.004818126559257507,0.010794996283948421,0.024259991571307177,0.0,0.10805640369653702
DUP_G,45,tubes/test/anomalous/045.png,1,defect,32x32,12,21,0.006062423189481099,0.0,0.001256316900253296,0.00353173166513443,0.009669065475463867,0.019075244665145874,0.0,0.024116188287734985
DUP_G,45,tubes/test/anomalous/045.png,1,clean_defect,32x32,12,9,0.00558137231402927,0.0003169536590576172,0.001256316900253296,0.002376556396484375,0.009669065475463867,0.016052430868148802,0.0,0.019075244665145874
DUP_G,45,tubes/test/anomalous/045.png,1,boundary,32x32,12,12,0.006423211346069972,0.00021756552159786225,0.002279415726661682,0.0036332085728645325,0.009551018476486206,0.018070556595921508,0.0,0.024116188287734985
DUP_G,46,tubes/test/anomalous/046.png,1,abnormal_normal,32x32,12,1003,0.006676738975422897,0.0,0.0011259904131293297,0.0036078300327062607,0.00938161090016365,0.023420704528689384,0.0,0.08369990438222885
DUP_G,46,tubes/test/anomalous/046.png,1,defect,32x32,12,21,0.008653219789266586,0.0011090636253356934,0.0024407878518104553,0.0038743019104003906,0.00976628065109253,0.0323144793510437,0.0,0.0514090359210968
DUP_G,46,tubes/test/anomalous/046.png,1,clean_defect,32x32,12,9,0.008598191870583428,0.0012771725654602052,0.0027161836624145508,0.003663182258605957,0.011061638593673706,0.02520307302474975,0.0011090636253356934,0.0323144793510437
DUP_G,46,tubes/test/anomalous/046.png,1,boundary,32x32,12,12,0.008694490728278955,0.0007316840812563897,0.0022798683494329453,0.004528909921646118,0.009139705449342728,0.02927515655755994,0.0,0.0514090359210968
DUP_G,47,tubes/test/anomalous/047.png,1,abnormal_normal,32x32,11,1003,0.007301639035206701,0.0,0.001458238810300827,0.0046927351504564285,0.010585764423012733,0.023454435169696804,0.0,0.0545305460691452
DUP_G,47,tubes/test/anomalous/047.png,1,defect,32x32,11,21,0.012004671352250236,0.0,0.00498238205909729,0.011823505163192749,0.016231462359428406,0.026165097951889038,0.0,0.03551498055458069
DUP_G,47,tubes/test/anomalous/047.png,1,clean_defect,32x32,11,10,0.010686299204826355,0.0005868002772331238,0.0036614835262298584,0.006703227758407593,0.014624379575252533,0.029006855189800246,0.0,0.03551498055458069
DUP_G,47,tubes/test/anomalous/047.png,1,boundary,32x32,11,11,0.013203191486271944,0.0016985833644866943,0.009422235190868378,0.012431085109710693,0.01840723305940628,0.024299025535583496,0.0,0.026165097951889038
DUP_G,48,tubes/test/anomalous/048.png,1,abnormal_normal,32x32,10,1002,0.0070393241457678305,0.0,0.0013998937793076038,0.004280438646674156,0.009677153080701828,0.023658988252282142,0.0,0.06030571833252907
DUP_G,48,tubes/test/anomalous/048.png,1,defect,32x32,10,22,0.008271478285843676,0.002770548313856125,0.00375206395983696,0.00645533949136734,0.011681340634822845,0.021142627298831936,0.000712316483259201,0.02492833137512207
DUP_G,48,tubes/test/anomalous/048.png,1,clean_defect,32x32,10,12,0.010638116548458735,0.00382838100194931,0.006114359945058823,0.007348597049713135,0.013223066926002502,0.023010945320129393,0.003008604049682617,0.02492833137512207
DUP_G,48,tubes/test/anomalous/048.png,1,boundary,32x32,10,10,0.0054315123707056046,0.001637686975300312,0.002895176410675049,0.003786928951740265,0.008614886552095413,0.011278586462140082,0.000712316483259201,0.01230069249868393
DUP_G,49,tubes/test/anomalous/049.png,1,abnormal_normal,32x32,6,1011,0.008179294309762152,0.0,0.0021255388855934143,0.005428433418273926,0.01156340166926384,0.025711197406053543,0.0,0.07295122742652893
DUP_G,49,tubes/test/anomalous/049.png,1,defect,32x32,6,13,0.009325629816605495,0.0023934602737426757,0.005627453327178955,0.007138088345527649,0.012064635753631592,0.01991985440254211,0.002374023199081421,0.020765841007232666
DUP_G,49,tubes/test/anomalous/049.png,1,clean_defect,32x32,6,7,0.010209232568740845,0.0033500522375106813,0.005736500024795532,0.011870771646499634,0.01319548487663269,0.01784700453281402,0.002374023199081421,0.019355863332748413
DUP_G,49,tubes/test/anomalous/049.png,1,boundary,32x32,6,6,0.008294759939114252,0.003192128613591194,0.005612952634692192,0.006471060216426849,0.007863212376832962,0.017600610852241516,0.0024064183235168457,0.020765841007232666
DUP_G,50,tubes/test/anomalous/050.png,1,abnormal_normal,32x32,6,1012,0.007945848943614088,0.0,0.0018269922584295273,0.004947344772517681,0.011197993531823158,0.02505981847643852,0.0,0.09189841896295547
DUP_G,50,tubes/test/anomalous/050.png,1,defect,32x32,6,12,0.006370894610881805,0.0,0.001690685749053955,0.0027108490467071533,0.0069698765873909,0.022141678631305686,0.0,0.02822089195251465
DUP_G,50,tubes/test/anomalous/050.png,1,clean_defect,32x32,6,6,0.0036311596632003784,0.0,0.0005635619163513184,0.0025388002395629883,0.004894644021987915,0.009739480912685394,0.0,0.011124283075332642
DUP_G,50,tubes/test/anomalous/050.png,1,boundary,32x32,6,6,0.009110629558563232,0.000596657395362854,0.002439558506011963,0.0034442394971847534,0.013948366045951843,0.025457613170146942,0.0,0.02822089195251465
DUP_G,51,tubes/test/anomalous/051.png,1,abnormal_normal,32x32,7,1012,0.008477125558431588,8.562961593270302e-05,0.0022368421778082848,0.005872346460819244,0.0119475731626153,0.02634081989526746,0.0,0.06448082625865936
DUP_G,51,tubes/test/anomalous/051.png,1,defect,32x32,7,12,0.006249104936917623,0.0,0.0009340643882751465,0.001995861530303955,0.00836753100156784,0.021874222159385677,0.0,0.024963945150375366
DUP_G,51,tubes/test/anomalous/051.png,1,clean_defect,32x32,7,5,0.006788897514343262,7.06017017364502e-05,0.000353008508682251,0.001971602439880371,0.012273609638214111,0.01793173551559448,0.0,0.019346266984939575
DUP_G,51,tubes/test/anomalous/051.png,1,boundary,32x32,7,7,0.005863538810185024,0.00033832490444183353,0.0014798790216445923,0.002020120620727539,0.005550473928451538,0.019594413042068468,0.0,0.024963945150375366
DUP_G,52,tubes/test/anomalous/052.png,1,abnormal_normal,32x32,7,1012,0.008429024253949789,6.812792271375663e-05,0.0019610365852713585,0.0051927100867033005,0.011828179471194744,0.027180911973118768,0.0,0.06226328760385513
DUP_G,52,tubes/test/anomalous/052.png,1,defect,32x32,7,12,0.005700415621201198,0.0,0.0009125322103500366,0.002581477165222168,0.007470577955245972,0.01956477388739585,0.0,0.02686294913291931
DUP_G,52,tubes/test/anomalous/052.png,1,clean_defect,32x32,7,5,0.00640518069267273,0.0,0.0,0.002339392900466919,0.002823561429977417,0.02205507159233093,0.0,0.02686294913291931
DUP_G,52,tubes/test/anomalous/052.png,1,boundary,32x32,7,7,0.005197011998721531,0.0003650128841400147,0.0013319700956344604,0.004213601350784302,0.007954001426696777,0.012191732227802274,0.0,0.013593539595603943
DUP_G,53,tubes/test/anomalous/053.png,1,abnormal_normal,32x32,6,1012,0.00847403672588216,9.063072502613069e-05,0.002076953649520874,0.005238284356892109,0.01172971772029996,0.02886860780417919,0.0,0.07720205932855606
DUP_G,53,tubes/test/anomalous/053.png,1,defect,32x32,6,12,0.010132156312465668,0.004582118988037109,0.006384454667568207,0.00977565348148346,0.014227427542209625,0.015846990048885345,0.00397944450378418,0.016838908195495605
DUP_G,53,tubes/test/anomalous/053.png,1,clean_defect,32x32,6,6,0.009049827853838602,0.004253387451171875,0.0054517388343811035,0.006684988737106323,0.012973733246326447,0.01638803631067276,0.00397944450378418,0.016838908195495605
DUP_G,53,tubes/test/anomalous/053.png,1,boundary,32x32,6,6,0.011214484771092733,0.0060336291790008545,0.00825527310371399,0.012991741299629211,0.01386258751153946,0.014529280364513397,0.005793899297714233,0.014680206775665283
DUP_G,54,tubes/test/anomalous/054.png,1,abnormal_normal,32x32,10,1010,0.007895609595361027,0.0,0.0018156468868255615,0.005250811576843262,0.011156516149640083,0.02510116808116436,0.0,0.05035235732793808
DUP_G,54,tubes/test/anomalous/054.png,1,defect,32x32,10,14,0.009388183908803123,0.0009148485958576203,0.001988254487514496,0.004359588027000427,0.019219636917114258,0.024779485166072847,0.0,0.02545735239982605
DUP_G,54,tubes/test/anomalous/054.png,1,clean_defect,32x32,10,4,0.007264755666255951,0.0005783781409263611,0.0028918907046318054,0.004359588027000427,0.008732452988624573,0.01801836788654327,0.0,0.02033984661102295
DUP_G,54,tubes/test/anomalous/054.png,1,boundary,32x32,10,10,0.01023755520582199,0.0014861486852169037,0.001988254487514496,0.004256449639797211,0.01958587020635605,0.024988059699535367,0.0014074593782424927,0.02545735239982605
DUP_G,55,tubes/test/anomalous/055.png,1,abnormal_normal,32x32,14,995,0.008230317191656062,0.00015160962939262393,0.0020982231944799423,0.005692183971405029,0.011092476546764374,0.026191531866788857,0.0,0.05735193192958832
DUP_G,55,tubes/test/anomalous/055.png,1,defect,32x32,14,29,0.012718219952336672,0.0019319891929626466,0.0063653141260147095,0.010375022888183594,0.017078585922718048,0.029202252626419064,0.0,0.0361211895942688
DUP_G,55,tubes/test/anomalous/055.png,1,clean_defect,32x32,14,15,0.015948053201039633,0.003320857882499695,0.00683370977640152,0.014365941286087036,0.024915531277656555,0.03182200491428375,0.0,0.0361211895942688
DUP_G,55,tubes/test/anomalous/055.png,1,boundary,32x32,14,14,0.009257684328726359,0.002055273950099945,0.005677629262208939,0.00864187628030777,0.011831991374492645,0.018173281475901602,0.0017347335815429688,0.020206287503242493
DUP_G,56,tubes/test/anomalous/056.png,1,abnormal_normal,32x32,10,1004,0.008361894454142873,0.00021127751097083103,0.0020241104066371918,0.005414199084043503,0.011470668017864227,0.02646154984831807,0.0,0.0553128719329834
DUP_G,56,tubes/test/anomalous/056.png,1,defect,32x32,10,20,0.008485437557101249,0.0,0.0034225620329380035,0.007555224001407623,0.01332145370543003,0.018148209154605868,0.0,0.021786808967590332
DUP_G,56,tubes/test/anomalous/056.png,1,clean_defect,32x32,10,10,0.009470420330762864,0.002431147545576096,0.0063255056738853455,0.009298518300056458,0.013010958209633827,0.016295725852251048,0.0,0.017956703901290894
DUP_G,56,tubes/test/anomalous/056.png,1,boundary,32x32,10,10,0.007500454783439636,8.198171854019165e-05,0.0017654262483119965,0.005637012422084808,0.011890705674886703,0.019599715620279307,0.0,0.021786808967590332
DUP_G,57,tubes/test/anomalous/057.png,1,abnormal_normal,32x32,10,1006,0.007729135281508178,0.00015670154243707657,0.0018842387944459915,0.005346126854419708,0.011155706830322742,0.023167554289102554,0.0,0.06930205225944519
DUP_G,57,tubes/test/anomalous/057.png,1,defect,32x32,10,18,0.01718392761217223,0.0032806970179080964,0.010891847312450409,0.01692894846200943,0.024673355743288994,0.031792216002941125,0.002608373761177063,0.03555971384048462
DUP_G,57,tubes/test/anomalous/057.png,1,clean_defect,32x32,10,8,0.02301154099404812,0.007830242067575455,0.0177045539021492,0.02515341341495514,0.029680825769901276,0.034008391201496124,0.002608373761177063,0.03555971384048462
DUP_G,57,tubes/test/anomalous/057.png,1,boundary,32x32,10,10,0.012521836906671524,0.003690650314092636,0.008800871670246124,0.01339634507894516,0.015864312648773193,0.021143693849444384,0.0033993422985076904,0.02363976091146469
DUP_G,58,tubes/test/anomalous/058.png,1,abnormal_normal,32x32,19,988,0.007363824179463903,0.00010070204734802247,0.0018154848366975784,0.005054444074630737,0.010413272306323051,0.022552418336272237,0.0,0.04709440842270851
DUP_G,58,tubes/test/anomalous/058.png,1,defect,32x32,19,36,0.010284928811921014,0.0009990222752094269,0.0036421865224838257,0.008470691740512848,0.014766942709684372,0.021426329389214516,0.0005466565489768982,0.033571645617485046
DUP_G,58,tubes/test/anomalous/058.png,1,clean_defect,32x32,19,17,0.010923571008093217,0.0025544121861457826,0.007833778858184814,0.010363936424255371,0.013216570019721985,0.02035675048828125,0.0010246410965919495,0.021701574325561523
DUP_G,58,tubes/test/anomalous/058.png,1,boundary,32x32,19,19,0.009713512110082726,0.000884614884853363,0.002408638596534729,0.007509909570217133,0.01530454307794571,0.02255828753113744,0.0005466565489768982,0.033571645617485046
DUP_G,59,tubes/test/anomalous/059.png,1,abnormal_normal,32x32,8,1006,0.00816188187608736,0.00030901748687028885,0.002393251284956932,0.005578126758337021,0.011668101884424686,0.02492783311754465,0.0,0.06100782752037048
DUP_G,59,tubes/test/anomalous/059.png,1,defect,32x32,8,18,0.012684960746102862,0.0023094914853572846,0.005715690553188324,0.010232731699943542,0.012869857251644135,0.032101659104227985,0.0017619282007217407,0.05237550288438797
DUP_G,59,tubes/test/anomalous/059.png,1,clean_defect,32x32,8,10,0.010945901274681091,0.0031051374971866608,0.005777895450592041,0.010232731699943542,0.011387374252080917,0.023643964529037463,0.0024061203002929688,0.028523921966552734
DUP_G,59,tubes/test/anomalous/059.png,1,boundary,32x32,8,8,0.014858785085380077,0.0031444750726222995,0.005722947418689728,0.011186793446540833,0.014168627560138702,0.04035936556756495,0.0017619282007217407,0.05237550288438797
DUP_G,60,tubes/test/anomalous/060.png,1,abnormal_normal,32x32,17,989,0.007783878529660924,0.00021610260009765638,0.002123456448316574,0.005309179425239563,0.010657548904418945,0.023473785817623136,0.0,0.04948469251394272
DUP_G,60,tubes/test/anomalous/060.png,1,defect,32x32,17,35,0.011270973086357116,0.0038739472627639772,0.0070082396268844604,0.009770192205905914,0.012609705328941345,0.02867753729224205,0.0024171248078346252,0.03017255663871765
DUP_G,60,tubes/test/anomalous/060.png,1,clean_defect,32x32,17,18,0.011331408388084836,0.005225730687379837,0.007812853902578354,0.009528905153274536,0.011363033205270767,0.02899028807878494,0.004559233784675598,0.03017255663871765
DUP_G,60,tubes/test/anomalous/060.png,1,boundary,32x32,17,17,0.011206982766880709,0.0024947240948677064,0.005803704261779785,0.009770192205905914,0.014950379729270935,0.023866833746433253,0.0024171248078346252,0.028632916510105133
DUP_G,61,tubes/test/anomalous/061.png,1,abnormal_normal,32x32,9,1007,0.008355257920310449,0.00024991184473037724,0.0024066269397735596,0.005849681794643402,0.011333365924656391,0.025316808372735977,0.0,0.06101659685373306
DUP_G,61,tubes/test/anomalous/061.png,1,defect,32x32,9,17,0.011966900790438932,0.0047460198402404785,0.007944419980049133,0.01124100387096405,0.013269022107124329,0.022341233491897577,0.0,0.028542131185531616
DUP_G,61,tubes/test/anomalous/061.png,1,clean_defect,32x32,9,8,0.013137269765138626,0.008248848468065261,0.008915603160858154,0.011215277016162872,0.01681433990597725,0.020732612162828446,0.007944419980049133,0.020791009068489075
DUP_G,61,tubes/test/anomalous/061.png,1,boundary,32x32,9,9,0.010926572812928094,0.0023730099201202393,0.007012516260147095,0.01124100387096405,0.013154089450836182,0.022432887554168696,0.0,0.028542131185531616
DUP_G,62,tubes/test/anomalous/062.png,1,abnormal_normal,32x32,21,985,0.008133383358587619,0.00029624998569488525,0.0023722201585769653,0.005764342844486237,0.011524222791194916,0.02388571500778197,0.0,0.06112179905176163
DUP_G,62,tubes/test/anomalous/062.png,1,defect,32x32,21,39,0.009579768547644982,0.00353565514087677,0.005680114030838013,0.009549543261528015,0.012916818261146545,0.018945808708667758,0.0014276057481765747,0.020527556538581848
DUP_G,62,tubes/test/anomalous/062.png,1,clean_defect,32x32,21,18,0.009298777414692773,0.004977041482925415,0.006347164511680603,0.008766300976276398,0.010491814464330673,0.018500273674726484,0.004211306571960449,0.01886744797229767
DUP_G,62,tubes/test/anomalous/062.png,1,boundary,32x32,21,21,0.009820618090175447,0.003259897232055664,0.005103409290313721,0.010173708200454712,0.013659745454788208,0.019651055335998535,0.0014276057481765747,0.020527556538581848
DUP_G,63,tubes/test/anomalous/063.png,1,abnormal_normal,32x32,17,983,0.008469848286280918,0.00035364553332328796,0.00277047511190176,0.005915232002735138,0.011722009629011154,0.02435524761676788,0.0,0.067482128739357
DUP_G,63,tubes/test/anomalous/063.png,1,defect,32x32,17,41,0.008682597519420996,0.0009701251983642578,0.003165125846862793,0.005990952253341675,0.01261274516582489,0.02106952667236328,0.0,0.03521880507469177
DUP_G,63,tubes/test/anomalous/063.png,1,clean_defect,32x32,17,24,0.007145280639330546,0.0010404080152511598,0.002903379499912262,0.0054735541343688965,0.008509978652000427,0.01609487235546112,0.0,0.03521880507469177
DUP_G,63,tubes/test/anomalous/063.png,1,boundary,32x32,17,17,0.010852927232489866,0.002549290657043457,0.00532945990562439,0.011265367269515991,0.015941649675369263,0.021540498733520506,0.0,0.023424386978149414
DUP_G,64,tubes/test/anomalous/064.png,1,abnormal_normal,32x32,22,983,0.008240800712348577,0.00024014115333557132,0.0023593157529830933,0.005836188793182373,0.011234376579523087,0.02469997480511665,0.0,0.048098668456077576
DUP_G,64,tubes/test/anomalous/064.png,1,defect,32x32,22,41,0.011681062237518589,0.0016618669033050537,0.0035742372274398804,0.009018152952194214,0.01474672555923462,0.0319080725312233,0.000737607479095459,0.04859590530395508
DUP_G,64,tubes/test/anomalous/064.png,1,clean_defect,32x32,22,19,0.013181532684125398,0.002553191781044006,0.0036493688821792603,0.009018152952194214,0.018673256039619446,0.03268193304538725,0.0007544755935668945,0.040537238121032715
DUP_G,64,tubes/test/anomalous/064.png,1,boundary,32x32,22,22,0.010385201397267256,0.0016667477786540986,0.0036409199237823486,0.008950557559728622,0.011531185358762741,0.03108345456421374,0.000737607479095459,0.04859590530395508
DUP_G,65,tubes/test/anomalous/065.png,1,abnormal_normal,32x32,30,963,0.008504407328523518,0.00021075829863548284,0.002328941598534584,0.0057796090841293335,0.011656731367111206,0.027067633718252177,0.0,0.06248795986175537
DUP_G,65,tubes/test/anomalous/065.png,1,defect,32x32,30,61,0.01431432305300822,0.0013492554426193237,0.0049936771392822266,0.011221528053283691,0.021147146821022034,0.035041242837905884,0.00031103193759918213,0.05178835988044739
DUP_G,65,tubes/test/anomalous/065.png,1,clean_defect,32x32,30,31,0.01746496654325916,0.0024599432945251465,0.006643354892730713,0.01595798134803772,0.02418839931488037,0.041386619210243225,0.0007901191711425781,0.05178835988044739
DUP_G,65,tubes/test/anomalous/065.png,1,boundary,32x32,30,30,0.01105865811308225,0.0009509392082691194,0.004743125289678574,0.009566061198711395,0.015327110886573792,0.02905296832323073,0.00031103193759918213,0.0332472026348114
DUP_G,66,tubes/test/anomalous/066.png,1,abnormal_normal,32x32,26,968,0.008304048592247808,0.000289287231862545,0.002386782318353653,0.005879294127225876,0.011639472097158432,0.024491801112890236,0.0,0.06446487456560135
DUP_G,66,tubes/test/anomalous/066.png,1,defect,32x32,26,56,0.012387635984591075,0.0015718191862106323,0.004967540502548218,0.010169290006160736,0.016474321484565735,0.030541613698005676,0.0,0.06270785629749298
DUP_G,66,tubes/test/anomalous/066.png,1,clean_defect,32x32,26,30,0.01226648713151614,0.0022569119930267337,0.005329543724656105,0.010045751929283142,0.017869524657726288,0.02742973715066909,0.0017531514167785645,0.03663063049316406
DUP_G,66,tubes/test/anomalous/066.png,1,boundary,32x32,26,26,0.012527423122754464,0.00038060545921325684,0.003690384328365326,0.010344408452510834,0.015471328049898148,0.03660372644662857,0.0,0.06270785629749298
DUP_G,67,tubes/test/anomalous/067.png,1,abnormal_normal,32x32,20,983,0.008677860275706767,0.00033429972827434543,0.002390950918197632,0.0063700489699840546,0.012391574680805206,0.025361993908882136,0.0,0.06360780447721481
DUP_G,67,tubes/test/anomalous/067.png,1,defect,32x32,20,41,0.016098614146069782,0.0014416873455047607,0.004950270056724548,0.009338736534118652,0.0208151713013649,0.050877392292022705,0.00014284253120422363,0.06085948646068573
DUP_G,67,tubes/test/anomalous/067.png,1,clean_defect,32x32,20,21,0.017609488396417527,0.0031858980655670166,0.005413919687271118,0.008439481258392334,0.01652577519416809,0.050877392292022705,0.0014416873455047607,0.05300420522689819
DUP_G,67,tubes/test/anomalous/067.png,1,boundary,32x32,20,20,0.014512196183204651,0.0003690075129270554,0.004673328250646591,0.009617995470762253,0.02083543874323368,0.03878005668520929,0.00014284253120422363,0.06085948646068573
DUP_G,68,tubes/test/anomalous/068.png,1,abnormal_normal,32x32,31,960,0.009116989040436844,0.0002139106392860413,0.0023590512573719025,0.006137415766716003,0.012773777358233929,0.030153199657797808,0.0,0.054886117577552795
DUP_G,68,tubes/test/anomalous/068.png,1,defect,32x32,31,64,0.009674758301116526,0.00029052421450614956,0.0038097798824310303,0.006874259561300278,0.013063669204711914,0.026726320385932915,0.0,0.03633490204811096
DUP_G,68,tubes/test/anomalous/068.png,1,clean_defect,32x32,31,33,0.009648035873066296,0.0011013954877853393,0.003412991762161255,0.007071733474731445,0.01260608434677124,0.024828451871871937,0.0009216070175170898,0.03438273072242737
DUP_G,68,tubes/test/anomalous/068.png,1,boundary,32x32,31,31,0.0097032047567829,0.0,0.00392218679189682,0.005848228931427002,0.013933427631855011,0.026242122054100037,0.0,0.03633490204811096
DUP_G,69,tubes/test/good/000.png,0,normal_image,32x32,0,1024,0.006080669359334934,0.0,0.0004130895249545574,0.0032758815214037895,0.008164509199559689,0.022750595398247236,0.0,0.0581701397895813
DUP_G,70,tubes/test/good/001.png,0,normal_image,32x32,0,1024,0.0067393872241154895,0.0,0.0009610415436327457,0.0038920436054468155,0.009165323339402676,0.021909602731466235,0.0,0.062112290412187576
DUP_G,71,tubes/test/good/002.png,0,normal_image,32x32,0,1024,0.007155125207873425,0.0,0.0013845115900039673,0.0043229758739471436,0.010091944597661495,0.02364094499498603,0.0,0.07407165318727493
DUP_G,72,tubes/test/good/003.png,0,normal_image,32x32,0,1024,0.006547590908667189,0.0,0.0010038884356617928,0.0041163284331560135,0.009424310177564621,0.02153189722448587,0.0,0.0556640625
DUP_G,73,tubes/test/good/004.png,0,normal_image,32x32,0,1024,0.006273310849110203,0.0,0.0009623216465115547,0.003611253574490547,0.00894906185567379,0.020837013609707352,0.0,0.07712110877037048
DUP_G,74,tubes/test/good/005.png,0,normal_image,32x32,0,1024,0.007022565940133063,0.0,0.001121383160352707,0.003960343077778816,0.010014424100518227,0.02356214560568332,0.0,0.05777580291032791
DUP_G,75,tubes/test/good/006.png,0,normal_image,32x32,0,1024,0.007302760893253435,0.0,0.0012330906465649605,0.004299413412809372,0.010686023626476526,0.024476143345236772,0.0,0.05402098223567009
DUP_G,76,tubes/test/good/007.png,0,normal_image,32x32,0,1024,0.007167061438849487,0.0,0.0015143509954214096,0.004359066486358643,0.010318314656615257,0.023650237359106534,0.0,0.0845736637711525
DUP_G,77,tubes/test/good/008.png,0,normal_image,32x32,0,1024,0.0072560922712909814,0.0,0.0013917195610702038,0.004816949367523193,0.01045659277588129,0.02314752843230962,0.0,0.05344458669424057
DUP_G,78,tubes/test/good/009.png,0,normal_image,32x32,0,1024,0.0069840639675931016,0.0,0.0014459239318966866,0.004543304443359375,0.009973673615604639,0.022642770409584016,0.0,0.0690082386136055
DUP_G,79,tubes/test/good/010.png,0,normal_image,32x32,0,1024,0.006990694608248305,0.0,0.0013232072815299034,0.00431814044713974,0.009124488569796085,0.023645353503525226,0.0,0.08616448193788528
DUP_G,80,tubes/test/good/011.png,0,normal_image,32x32,0,1024,0.007444344281338999,0.0,0.0014571510255336761,0.004729590378701687,0.009997306391596794,0.0247824052348732,0.0,0.07738149911165237
DUP_G,81,tubes/test/good/012.png,0,normal_image,32x32,0,1024,0.007375649348659863,0.0,0.0012100397143512964,0.004140693694353104,0.01041366532444954,0.025328677520155902,0.0,0.06844955682754517
DUP_G,82,tubes/test/good/013.png,0,normal_image,32x32,0,1024,0.00789297745541262,0.0,0.0015819906257092953,0.005158613435924053,0.011121490970253944,0.02525880681350827,0.0,0.05187934637069702
DUP_G,83,tubes/test/good/014.png,0,normal_image,32x32,0,1024,0.007609251566236708,0.0,0.0013984146062284708,0.004706015810370445,0.010969962924718857,0.024099522829055774,0.0,0.09158054739236832
DUP_G,84,tubes/test/good/015.png,0,normal_image,32x32,0,1024,0.007087946143656154,0.0,0.0013113715685904026,0.004541685339063406,0.009740613400936127,0.02294771149754522,0.0,0.06532931327819824
DUP_G,85,tubes/test/good/016.png,0,normal_image,32x32,0,1024,0.006960873152365821,0.0,0.000883326050825417,0.004139441065490246,0.010075305588543415,0.02305993326008319,0.0,0.0667470321059227
DUP_G,86,tubes/test/good/017.png,0,normal_image,32x32,0,1024,0.006945970731067064,0.0,0.0010297531262040138,0.003981331363320351,0.009960595518350601,0.023799129761755463,0.0,0.0642738863825798
DUP_G,87,tubes/test/good/018.png,0,normal_image,32x32,0,1024,0.005925996101495912,0.0,9.560561738908291e-05,0.0031163590028882027,0.008469088701531291,0.021795422956347458,0.0,0.08131632208824158
DUP_G,88,tubes/test/good/019.png,0,normal_image,32x32,0,1024,0.006645927326189849,0.0,0.0007455474697053432,0.0038656089454889297,0.009000168647617102,0.023107269033789627,0.0,0.06999310106039047
DUP_G,89,tubes/test/good/020.png,0,normal_image,32x32,0,1024,0.0059370457365730545,0.0,0.0003902316093444824,0.0034404508769512177,0.008744897320866585,0.021522120572626556,0.0,0.05119556561112404
DUP_G,90,tubes/test/good/021.png,0,normal_image,32x32,0,1024,0.006187935477555584,0.0,0.0002950616180896759,0.00315701961517334,0.008931301767006516,0.0218266449868679,0.0,0.0839635506272316
DUP_G,91,tubes/test/good/022.png,0,normal_image,32x32,0,1024,0.006129636179821318,0.0,0.0007025003433227539,0.00338149257004261,0.008576779626309872,0.02217138186097145,0.0,0.05443993955850601
DUP_G,92,tubes/test/good/023.png,0,normal_image,32x32,0,1024,0.006561057122553393,0.0,0.0009493259713053703,0.0037870658561587334,0.00889516668394208,0.02272447850555181,0.0,0.05281867831945419
DUP_G,93,tubes/test/good/024.png,0,normal_image,32x32,0,1024,0.006459480088324199,0.0,0.000756455585360527,0.003803405910730362,0.009142665192484856,0.022819309681653965,0.0,0.048120878636837006
DUP_G,94,tubes/test/good/025.png,0,normal_image,32x32,0,1024,0.0061297338597796625,0.0,0.0005278396420180798,0.003365118056535721,0.008474369999021292,0.022400416806340185,0.0,0.053775154054164886
DUP_G,95,tubes/test/good/026.png,0,normal_image,32x32,0,1024,0.006110439305302862,0.0,0.0006306292489171028,0.0032053394243121147,0.008682184852659702,0.02244953112676739,0.0,0.061035457998514175
DUP_G,96,tubes/test/good/027.png,0,normal_image,32x32,0,1024,0.005719706392028456,0.0,0.00015581632032990456,0.003030797466635704,0.00831760372966528,0.02123869732022284,0.0,0.059939704835414886
DUP_G,97,tubes/test/good/028.png,0,normal_image,32x32,0,1024,0.006404915379334852,0.0,0.000638430705294013,0.0037901801988482475,0.009434210136532784,0.022135733999311895,0.0,0.05260665714740753
DUP_G,98,tubes/test/good/029.png,0,normal_image,32x32,0,1024,0.007232013900193124,0.0,0.0010118605569005013,0.004346031695604324,0.01028321823105216,0.024106452241539948,0.0,0.047861695289611816
DUP_G,99,tubes/test/good/030.png,0,normal_image,32x32,0,1024,0.007240456827275921,0.0,0.0008215606212615967,0.0034360215067863464,0.00974544882774353,0.02815119512379166,0.0,0.07316805422306061
DUP_G,100,tubes/test/good/031.png,0,normal_image,32x32,0,1024,0.005632089687424013,0.0,0.0,0.002805858850479126,0.0073421369306743145,0.022005862742662398,0.0,0.07305844873189926
TRI_G,0,tubes/test/anomalous/000.png,1,abnormal_normal,32x32,10,1000,0.012394666691776366,0.0005951134487986565,0.0047583868727087975,0.009699070826172829,0.016896342858672142,0.03348949179053305,0.0,0.06997568905353546
TRI_G,0,tubes/test/anomalous/000.png,1,defect,32x32,10,24,0.01845700976749261,0.00512632355093956,0.011850506067276001,0.019439570605754852,0.02532065659761429,0.03276435881853103,0.003697991371154785,0.040909722447395325
TRI_G,0,tubes/test/anomalous/000.png,1,clean_defect,32x32,10,14,0.017604326563222066,0.005728218704462051,0.008962869644165039,0.01619879901409149,0.025538526475429535,0.030322103202342986,0.0049457550048828125,0.03349703550338745
TRI_G,0,tubes/test/anomalous/000.png,1,boundary,32x32,10,10,0.019650766253471376,0.006557655334472657,0.014248516410589218,0.02013430744409561,0.022576790302991867,0.03429569676518439,0.003697991371154785,0.040909722447395325
TRI_G,1,tubes/test/anomalous/001.png,1,abnormal_normal,32x32,10,1002,0.012217713554320995,0.0005440210923552515,0.004458215087652206,0.00960264727473259,0.01739111915230751,0.03271171171218156,0.0,0.07363501191139221
TRI_G,1,tubes/test/anomalous/001.png,1,defect,32x32,10,22,0.017979713326150722,0.003614875674247742,0.008214659988880157,0.013859421014785767,0.02288801595568657,0.03397598713636398,0.0012629777193069458,0.0768187940120697
TRI_G,1,tubes/test/anomalous/001.png,1,clean_defect,32x32,10,12,0.011109665036201477,0.0025073297321796416,0.006899066269397736,0.011054649949073792,0.014870010316371918,0.020173307508230206,0.0012629777193069458,0.0229119211435318
TRI_G,1,tubes/test/anomalous/001.png,1,boundary,32x32,10,10,0.026223771274089813,0.007009078562259674,0.01434679701924324,0.02407842129468918,0.027846960350871086,0.057680739834904626,0.005314230918884277,0.0768187940120697
TRI_G,2,tubes/test/anomalous/002.png,1,abnormal_normal,32x32,9,1002,0.012566415882091262,0.0007693878374993801,0.004388856701552868,0.009630391374230385,0.017327535897493362,0.03468479402363297,0.0,0.07515706866979599
TRI_G,2,tubes/test/anomalous/002.png,1,defect,32x32,9,22,0.014980054714462974,0.004694585874676705,0.010446399450302124,0.016641929745674133,0.02036893740296364,0.024307557940483095,0.0026950016617774963,0.025524020195007324
TRI_G,2,tubes/test/anomalous/002.png,1,clean_defect,32x32,9,13,0.016071114402550917,0.008244538307189941,0.010584354400634766,0.01673153042793274,0.020572811365127563,0.024801522493362427,0.006183922290802002,0.025524020195007324
TRI_G,2,tubes/test/anomalous/002.png,1,boundary,32x32,9,9,0.013404079609447055,0.003471677005290985,0.005794607102870941,0.013062164187431335,0.019757315516471863,0.022813397645950317,0.0026950016617774963,0.024073868989944458
TRI_G,3,tubes/test/anomalous/003.png,1,abnormal_normal,32x32,9,1002,0.01245423365187294,0.00037184972316026696,0.003983822651207447,0.009442240931093693,0.017470144666731358,0.03475475702434778,0.0,0.1067710593342781
TRI_G,3,tubes/test/anomalous/003.png,1,defect,32x32,9,22,0.013952137733047659,0.0040641210973262785,0.010790761560201645,0.014704875648021698,0.016697315499186516,0.02146829627454281,0.0034350529313087463,0.023401916027069092
TRI_G,3,tubes/test/anomalous/003.png,1,clean_defect,32x32,9,13,0.013667526153417734,0.006389117240905762,0.0117320716381073,0.013079822063446045,0.01622314751148224,0.021093586087226866,0.004002898931503296,0.021402746438980103
TRI_G,3,tubes/test/anomalous/003.png,1,boundary,32x32,9,9,0.014363243348068662,0.004151968657970429,0.010476991534233093,0.015651047229766846,0.018958821892738342,0.02262984812259674,0.0034350529313087463,0.023401916027069092
TRI_G,4,tubes/test/anomalous/004.png,1,abnormal_normal,32x32,9,1003,0.012814139306604685,0.00018423553556203842,0.0036855842918157578,0.00972571037709713,0.018115468323230743,0.03432819023728369,0.0,0.13591121137142181
TRI_G,4,tubes/test/anomalous/004.png,1,defect,32x32,9,21,0.017246048010530927,0.006336003541946411,0.011953741312026978,0.015137933194637299,0.022470146417617798,0.02940806746482849,0.005881108343601227,0.03590172529220581
TRI_G,4,tubes/test/anomalous/004.png,1,clean_defect,32x32,9,12,0.016239677866299946,0.008498775213956833,0.011920548975467682,0.0130547434091568,0.021928563714027405,0.0270536333322525,0.006336003541946411,0.02823173999786377
TRI_G,4,tubes/test/anomalous/004.png,1,boundary,32x32,9,9,0.018587874869505566,0.007892315089702607,0.013805627822875977,0.015939831733703613,0.022702738642692566,0.03330426216125488,0.005881108343601227,0.03590172529220581
TRI_G,5,tubes/test/anomalous/005.png,1,abnormal_normal,32x32,8,1003,0.01231219825647764,0.0002856908366084099,0.0037220530211925507,0.009418625384569168,0.017335636541247368,0.034181680902838706,0.0,0.0888996347784996
TRI_G,5,tubes/test/anomalous/005.png,1,defect,32x32,8,21,0.015512908498446146,0.006677389144897461,0.012596100568771362,0.015235617756843567,0.018132343888282776,0.02256867289543152,0.0038443058729171753,0.029034912586212158
TRI_G,5,tubes/test/anomalous/005.png,1,clean_defect,32x32,8,13,0.017021368329341594,0.009667962789535522,0.015009939670562744,0.01726686954498291,0.018503248691558838,0.025155168771743765,0.006677389144897461,0.029034912586212158
TRI_G,5,tubes/test/anomalous/005.png,1,boundary,32x32,8,8,0.013061661273241043,0.005316049233078957,0.009827820584177971,0.014253482222557068,0.015582280233502388,0.019997012242674826,0.0038443058729171753,0.02181418240070343
TRI_G,6,tubes/test/anomalous/006.png,1,abnormal_normal,32x32,4,1008,0.011997597701367109,0.00018854793161153795,0.0036767367273569107,0.009067417122423649,0.01628141663968563,0.03444679304957389,0.0,0.10853680223226547
TRI_G,6,tubes/test/anomalous/006.png,1,defect,32x32,4,16,0.020245224935933948,0.003269687294960022,0.009147774428129196,0.015957608819007874,0.021282605826854706,0.0633188858628273,0.0030660629272460938,0.07429736852645874
TRI_G,6,tubes/test/anomalous/006.png,1,clean_defect,32x32,4,12,0.021665529658397038,0.003215387463569641,0.009147774428129196,0.013702541589736938,0.02175404131412506,0.06624648123979568,0.0030660629272460938,0.07429736852645874
TRI_G,6,tubes/test/anomalous/006.png,1,boundary,32x32,4,4,0.015984310768544674,0.00687768291682005,0.01321983989328146,0.01851813495159149,0.021282605826854706,0.021543584764003754,0.005292143672704697,0.021608829498291016
TRI_G,7,tubes/test/anomalous/007.png,1,abnormal_normal,32x32,9,1003,0.012708779472248594,0.0004821857437491417,0.004175897687673569,0.00936746597290039,0.017620595172047615,0.0362775444984436,0.0,0.08953172713518143
TRI_G,7,tubes/test/anomalous/007.png,1,defect,32x32,9,21,0.015983768517062777,0.005635581910610199,0.0080488920211792,0.01562093198299408,0.01826275885105133,0.03455516695976257,0.0027833282947540283,0.04690992832183838
TRI_G,7,tubes/test/anomalous/007.png,1,clean_defect,32x32,9,12,0.019876853252450626,0.00765606239438057,0.013991672545671463,0.017681550234556198,0.02256428822875023,0.040114809572696676,0.007175937294960022,0.04690992832183838
TRI_G,7,tubes/test/anomalous/007.png,1,boundary,32x32,9,9,0.010792988869878981,0.003924229741096496,0.006463684141635895,0.009752914309501648,0.01562093198299408,0.01835228055715561,0.0027833282947540283,0.01918310672044754
TRI_G,8,tubes/test/anomalous/008.png,1,abnormal_normal,32x32,8,1005,0.010673163158921015,3.728568553924564e-05,0.0030204057693481445,0.00810055062174797,0.015023689717054367,0.030871481448411935,0.0,0.09863036870956421
TRI_G,8,tubes/test/anomalous/008.png,1,defect,32x32,8,19,0.017836844646616987,0.0063042186200618746,0.009099069982767105,0.018196694552898407,0.02259165421128273,0.03323082625865935,0.003010593354701996,0.04024359583854675
TRI_G,8,tubes/test/anomalous/008.png,1,clean_defect,32x32,8,11,0.021256887099959633,0.007943235337734222,0.015373937785625458,0.019566774368286133,0.028269942849874496,0.036347612738609314,0.006883203983306885,0.04024359583854675
TRI_G,8,tubes/test/anomalous/008.png,1,boundary,32x32,8,8,0.013134286273270845,0.004291447624564171,0.007907256484031677,0.009682955220341682,0.020434599369764328,0.024544949457049367,0.003010593354701996,0.026419781148433685
TRI_G,9,tubes/test/anomalous/009.png,1,abnormal_normal,32x32,10,1003,0.011190454952849645,3.725290298461914e-09,0.0033595962449908257,0.007800105959177017,0.01615343987941742,0.030971204489469523,0.0,0.1645181030035019
TRI_G,9,tubes/test/anomalous/009.png,1,defect,32x32,10,21,0.02387549195970808,0.008098959922790527,0.012251615524291992,0.019185766577720642,0.033204808831214905,0.0460355281829834,0.007800862193107605,0.059376560151576996
TRI_G,9,tubes/test/anomalous/009.png,1,clean_defect,32x32,10,11,0.02442476221106269,0.01208994910120964,0.015311382710933685,0.021539926528930664,0.03204268217086792,0.0413224995136261,0.01177612692117691,0.0460355281829834
TRI_G,9,tubes/test/anomalous/009.png,1,boundary,32x32,10,10,0.023271294683218,0.00793500617146492,0.009268023073673248,0.015517674386501312,0.03299228847026825,0.05124749876558779,0.007800862193107605,0.059376560151576996
TRI_G,10,tubes/test/anomalous/010.png,1,abnormal_normal,32x32,8,1004,0.012060160625288151,0.00020892992615699805,0.0038383565843105316,0.009459679014980793,0.01738443085923791,0.032847253233194346,0.0,0.0746876671910286
TRI_G,10,tubes/test/anomalous/010.png,1,defect,32x32,8,20,0.02286609448492527,0.002701118960976601,0.01638256199657917,0.019462060183286667,0.02886030077934265,0.048627714812755594,0.0,0.05740809440612793
TRI_G,10,tubes/test/anomalous/010.png,1,clean_defect,32x32,8,12,0.027150046080350876,0.010114031657576562,0.017714733257889748,0.024371236562728882,0.033168911933898926,0.052324716746807096,0.0028432831168174744,0.05740809440612793
TRI_G,10,tubes/test/anomalous/010.png,1,boundary,32x32,8,8,0.01644016709178686,0.002218498289585114,0.006927065551280975,0.016719844192266464,0.019452616572380066,0.035929828137159336,0.0,0.040969908237457275
TRI_G,11,tubes/test/anomalous/011.png,1,abnormal_normal,32x32,8,1004,0.01184974893819971,0.00031531471759080896,0.00383769441395998,0.008930547162890434,0.016308560967445374,0.03311923686414953,0.0,0.09078708291053772
TRI_G,11,tubes/test/anomalous/011.png,1,defect,32x32,8,20,0.03093184232711792,0.007797949761152267,0.013020727783441544,0.019738614559173584,0.03765293210744858,0.0808274805545807,0.00658804178237915,0.09382686018943787
TRI_G,11,tubes/test/anomalous/011.png,1,clean_defect,32x32,8,12,0.040793980161348976,0.00818110555410385,0.01606478914618492,0.03361908346414566,0.0694899931550026,0.08630090355873107,0.007950857281684875,0.09382686018943787
TRI_G,11,tubes/test/anomalous/011.png,1,boundary,32x32,8,8,0.016138635575771332,0.007033797353506089,0.010283004492521286,0.016535870730876923,0.020875506103038788,0.025680738687515258,0.00658804178237915,0.02625906467437744
TRI_G,12,tubes/test/anomalous/012.png,1,abnormal_normal,32x32,9,1003,0.010791381737468013,1.2957677245140097e-05,0.0029796194285154343,0.007566949352622032,0.015014136210083961,0.0310698464512825,0.0,0.078447625041008
TRI_G,12,tubes/test/anomalous/012.png,1,defect,32x32,9,21,0.023898360629876454,0.006981939077377319,0.015374928712844849,0.025045424699783325,0.029579520225524902,0.043710529804229736,0.004551991820335388,0.05875435471534729
TRI_G,12,tubes/test/anomalous/012.png,1,clean_defect,32x32,9,12,0.025783391048510868,0.007616666704416275,0.0177559033036232,0.02595217525959015,0.030381418764591217,0.04799566119909285,0.007569238543510437,0.05875435471534729
TRI_G,12,tubes/test/anomalous/012.png,1,boundary,32x32,9,9,0.021384986738363903,0.005523970723152161,0.009441100060939789,0.02170541137456894,0.02742668241262436,0.04030145406723022,0.004551991820335388,0.043710529804229736
TRI_G,13,tubes/test/anomalous/013.png,1,abnormal_normal,32x32,5,1015,0.010795328693620383,7.596053183078777e-05,0.003381769172847271,0.007891137152910233,0.015112025663256645,0.031562469527125325,0.0,0.09889903664588928
TRI_G,13,tubes/test/anomalous/013.png,1,defect,32x32,5,9,0.019405959380997553,0.0045531392097473145,0.007646940648555756,0.01579507440328598,0.016675792634487152,0.048433357477188105,0.002891913056373596,0.05509765446186066
TRI_G,13,tubes/test/anomalous/013.png,1,clean_defect,32x32,5,4,0.010438907891511917,0.0035148728638887405,0.006006712093949318,0.01109396293759346,0.01552615873515606,0.016445865854620934,0.002891913056373596,0.016675792634487152
TRI_G,13,tubes/test/anomalous/013.png,1,boundary,32x32,5,5,0.02657960057258606,0.009276567399501801,0.01579507440328598,0.015921421349048615,0.03843691200017929,0.05176550596952438,0.007646940648555756,0.05509765446186066
TRI_G,14,tubes/test/anomalous/014.png,1,abnormal_normal,32x32,5,1013,0.011368239715397506,0.00024802647531032564,0.003388047218322754,0.008647270500659943,0.01637399196624756,0.031035441160202022,0.0,0.10360179841518402
TRI_G,14,tubes/test/anomalous/014.png,1,defect,32x32,5,11,0.018222966654734177,0.010050367563962936,0.011923421174287796,0.013995140790939331,0.02147495746612549,0.03581047058105469,0.008625820279121399,0.041691362857818604
TRI_G,14,tubes/test/anomalous/014.png,1,clean_defect,32x32,5,6,0.017492029815912247,0.011520830914378166,0.01179100014269352,0.013038884848356247,0.014009540900588036,0.03478091023862362,0.011474914848804474,0.041691362857818604
TRI_G,14,tubes/test/anomalous/014.png,1,boundary,32x32,5,5,0.019100090861320494,0.009699684381484986,0.013995140790939331,0.01523427665233612,0.027715638279914856,0.02948679029941559,0.008625820279121399,0.02992957830429077
TRI_G,15,tubes/test/anomalous/015.png,1,abnormal_normal,32x32,8,1012,0.011568607408608579,0.00016623754054307944,0.003377010580152273,0.008394910022616386,0.01637030253186822,0.03436319306492802,0.0,0.07120609283447266
TRI_G,15,tubes/test/anomalous/015.png,1,defect,32x32,8,12,0.015088133824368319,0.0,0.007030939683318138,0.013256832957267761,0.02052946388721466,0.03597558662295341,0.0,0.041308529675006866
TRI_G,15,tubes/test/anomalous/015.png,1,clean_defect,32x32,8,4,0.010401004925370216,0.0011954795569181444,0.005977397784590721,0.008760716766119003,0.013184323906898499,0.02190293371677398,0.0,0.02408258616924286
TRI_G,15,tubes/test/anomalous/015.png,1,boundary,32x32,8,8,0.01743169827386737,0.0014749586582183838,0.007049712352454662,0.017489317804574966,0.022411884739995003,0.037914838641881936,0.0,0.041308529675006866
TRI_G,16,tubes/test/anomalous/016.png,1,abnormal_normal,32x32,8,1012,0.011093005073015678,0.0002973941154778004,0.003246200969442725,0.008142989128828049,0.015447906218469143,0.03216282222419976,0.0,0.08189757913351059
TRI_G,16,tubes/test/anomalous/016.png,1,defect,32x32,8,12,0.014351808776458105,0.005839105695486069,0.009122980758547783,0.010924577713012695,0.01680460385978222,0.030317431688308704,0.004803463816642761,0.039307162165641785
TRI_G,16,tubes/test/anomalous/016.png,1,clean_defect,32x32,8,4,0.013195278123021126,0.009747134149074554,0.010048113763332367,0.012479268014431,0.01562643237411976,0.017645836248993872,0.009671889245510101,0.018150687217712402
TRI_G,16,tubes/test/anomalous/016.png,1,boundary,32x32,8,8,0.014930074103176594,0.005462508648633957,0.007278803735971451,0.010924577713012695,0.01800748147070408,0.033586424589157095,0.004803463816642761,0.039307162165641785
TRI_G,17,tubes/test/anomalous/017.png,1,abnormal_normal,32x32,3,1015,0.01156081943979184,0.00048653613775968553,0.003975711762905121,0.009073540568351746,0.016491912305355072,0.032471045106649395,0.0,0.06809546798467636
TRI_G,17,tubes/test/anomalous/017.png,1,defect,32x32,3,9,0.01261010186539756,0.000518392026424408,0.003521949052810669,0.004947826266288757,0.018462970852851868,0.03288945853710174,7.450580596923828e-09,0.03545059263706207
TRI_G,17,tubes/test/anomalous/017.png,1,clean_defect,32x32,3,6,0.010409706582625708,0.0003239978104829788,0.002171933650970459,0.00487382709980011,0.01320996880531311,0.03057894855737686,7.450580596923828e-09,0.03545059263706207
TRI_G,17,tubes/test/anomalous/017.png,1,boundary,32x32,3,3,0.017010892430941265,0.005016051232814789,0.010992459952831268,0.018462970852851868,0.02375536412000656,0.027989278733730315,0.003521949052810669,0.029047757387161255
TRI_G,18,tubes/test/anomalous/018.png,1,abnormal_normal,32x32,3,1015,0.01215758263477551,0.00028410870581865313,0.004430166445672512,0.00915151834487915,0.016871534287929535,0.03313595205545424,0.0,0.06872288882732391
TRI_G,18,tubes/test/anomalous/018.png,1,defect,32x32,3,9,0.011234633210632537,1.4901161193847657e-09,0.003951713442802429,0.005012296140193939,0.022857002913951874,0.028256943821907042,0.0,0.02874515950679779
TRI_G,18,tubes/test/anomalous/018.png,1,clean_defect,32x32,3,6,0.007779592648148537,9.313225746154785e-10,0.0009879311546683311,0.004482004791498184,0.007979361340403557,0.023800965398550034,0.0,0.02874515950679779
TRI_G,18,tubes/test/anomalous/018.png,1,boundary,32x32,3,3,0.018144714335600536,0.005932968109846115,0.013454761356115341,0.022857002913951874,0.0251908116042614,0.027057858556509017,0.004052519798278809,0.027524620294570923
TRI_G,19,tubes/test/anomalous/019.png,1,abnormal_normal,32x32,9,1004,0.013246095626600146,0.0007046990096569062,0.0054626623168587685,0.010299477726221085,0.017404829151928425,0.0360952055081725,0.0,0.10573399811983109
TRI_G,19,tubes/test/anomalous/019.png,1,defect,32x32,9,20,0.01726951040327549,0.001428816094994545,0.006001077592372894,0.010719988495111465,0.029632285237312317,0.03965833298861981,0.0010167956352233887,0.04391724616289139
TRI_G,19,tubes/test/anomalous/019.png,1,clean_defect,32x32,9,11,0.013831797648559917,0.0021865032613277435,0.005820043385028839,0.00849151611328125,0.021996214985847473,0.03228220343589783,0.0014505013823509216,0.03235501050949097
TRI_G,19,tubes/test/anomalous/019.png,1,boundary,32x32,9,9,0.021471159325705633,0.0027445852756500244,0.006338737905025482,0.02573491632938385,0.032449230551719666,0.04212401956319809,0.0010167956352233887,0.04391724616289139
TRI_G,20,tubes/test/anomalous/020.png,1,abnormal_normal,32x32,8,1006,0.011500698191652567,0.00046215951442718506,0.00411685835570097,0.009105119854211807,0.01594332419335842,0.030507953837513924,0.0,0.09119951725006104
TRI_G,20,tubes/test/anomalous/020.png,1,defect,32x32,8,18,0.016567767080333497,0.005807552486658097,0.00751066580414772,0.015323065221309662,0.019900767132639885,0.04016418345272541,0.000966295599937439,0.040300995111465454
TRI_G,20,tubes/test/anomalous/020.png,1,clean_defect,32x32,8,10,0.014018148183822632,0.003529313951730728,0.007036799564957619,0.009909436106681824,0.018098726868629456,0.03228339068591593,0.000966295599937439,0.04014004021883011
TRI_G,20,tubes/test/anomalous/020.png,1,boundary,32x32,8,8,0.01975479070097208,0.008766188845038414,0.013107720762491226,0.018037721514701843,0.02237945981323719,0.03641543127596378,0.007636070251464844,0.040300995111465454
TRI_G,21,tubes/test/anomalous/021.png,1,abnormal_normal,32x32,11,1004,0.012233366568264853,0.0003600150346755982,0.004319455474615097,0.009558947756886482,0.01711879624053836,0.03434845749288796,0.0,0.07606551051139832
TRI_G,21,tubes/test/anomalous/021.png,1,defect,32x32,11,20,0.016232546791434287,0.004737420752644539,0.008145242929458618,0.012835230678319931,0.020147234201431274,0.03530675247311594,0.0018525272607803345,0.058619603514671326
TRI_G,21,tubes/test/anomalous/021.png,1,clean_defect,32x32,11,9,0.01148084219959047,0.004996274411678314,0.006436742842197418,0.009585268795490265,0.011534459888935089,0.02385213375091553,0.004889257252216339,0.024061262607574463
TRI_G,21,tubes/test/anomalous/021.png,1,boundary,32x32,11,11,0.020120305093851956,0.005025003105401993,0.012142188847064972,0.016527071595191956,0.02256552129983902,0.04634968191385269,0.0018525272607803345,0.058619603514671326
TRI_G,22,tubes/test/anomalous/022.png,1,abnormal_normal,32x32,10,1004,0.01167872313602987,0.00023105777800083163,0.003914103843271732,0.008632839657366276,0.016226254403591156,0.032218883559107764,0.0,0.08562955260276794
TRI_G,22,tubes/test/anomalous/022.png,1,defect,32x32,10,20,0.014468027465045451,0.0029948156327009204,0.005102426744997501,0.00906975194811821,0.017778925597667694,0.037313240021467214,0.0,0.047287389636039734
TRI_G,22,tubes/test/anomalous/022.png,1,clean_defect,32x32,10,10,0.01550920344889164,0.003599935583770275,0.006337223574519157,0.012888118624687195,0.021024681627750397,0.03517520427703857,0.0031524375081062317,0.03678828477859497
TRI_G,22,tubes/test/anomalous/022.png,1,boundary,32x32,10,10,0.013426851481199265,0.0019380033016204834,0.0049959151074290276,0.008159540593624115,0.012030492536723614,0.041297701746225345,0.0,0.047287389636039734
TRI_G,23,tubes/test/anomalous/023.png,1,abnormal_normal,32x32,10,1004,0.01117187136073645,0.00010450975969433787,0.0036124172620475292,0.008579999208450317,0.01649614702910185,0.030011178739368916,0.0,0.09030412137508392
TRI_G,23,tubes/test/anomalous/023.png,1,defect,32x32,10,20,0.015094481036067009,0.0048685939982533455,0.009917575865983963,0.012143019586801529,0.019099265336990356,0.030684615671634677,0.0030197538435459137,0.03641548752784729
TRI_G,23,tubes/test/anomalous/023.png,1,clean_defect,32x32,10,10,0.016263021901249886,0.00808341633528471,0.009962084703147411,0.012281233444809914,0.02135876566171646,0.030222648382186888,0.007879737764596939,0.030382990837097168
TRI_G,23,tubes/test/anomalous/023.png,1,boundary,32x32,10,10,0.013925940170884133,0.003895520232617855,0.01013224944472313,0.012143019586801529,0.015248855575919151,0.0291279725730419,0.0030197538435459137,0.03641548752784729
TRI_G,24,tubes/test/anomalous/024.png,1,abnormal_normal,32x32,12,1002,0.012496112199860835,0.0004592074546962978,0.004027293995022774,0.009525151923298836,0.018019739538431168,0.034547629207372664,0.0,0.10271526873111725
TRI_G,24,tubes/test/anomalous/024.png,1,defect,32x32,12,22,0.023279060524973003,0.002043437212705612,0.01078234612941742,0.021658651530742645,0.035600725561380386,0.048894812166690824,0.0,0.06964835524559021
TRI_G,24,tubes/test/anomalous/024.png,1,clean_defect,32x32,12,10,0.030009598284959794,0.0034492425620555878,0.01458556018769741,0.02982812374830246,0.04100315272808075,0.0604813292622566,0.0018677115440368652,0.06964835524559021
TRI_G,24,tubes/test/anomalous/024.png,1,boundary,32x32,12,12,0.017670279058317345,0.004052011854946614,0.010561233386397362,0.016609594225883484,0.02363673970103264,0.03388905264437198,0.0,0.03852047771215439
TRI_G,25,tubes/test/anomalous/025.png,1,abnormal_normal,32x32,14,1001,0.012992570442812783,0.0002831369638442993,0.0038295015692710876,0.009825233370065689,0.018136300146579742,0.036356084048748016,0.0,0.0849236473441124
TRI_G,25,tubes/test/anomalous/025.png,1,defect,32x32,14,23,0.02676865523276122,0.005322408676147462,0.014650005847215652,0.025423124432563782,0.03293527662754059,0.061599004268646236,0.0017618536949157715,0.06610986590385437
TRI_G,25,tubes/test/anomalous/025.png,1,clean_defect,32x32,14,9,0.027385261323716905,0.012551182508468628,0.01826666295528412,0.025423124432563782,0.027495861053466797,0.05406400561332701,0.010099261999130249,0.06610986590385437
TRI_G,25,tubes/test/anomalous/025.png,1,boundary,32x32,14,14,0.02637226560286113,0.0037312194705009464,0.013333210721611977,0.025324173271656036,0.03349696099758148,0.06083117127418518,0.0017618536949157715,0.06173861026763916
TRI_G,26,tubes/test/anomalous/026.png,1,abnormal_normal,32x32,9,1003,0.011745611904885394,0.00039971023797988895,0.00405923742800951,0.00924595445394516,0.016565373167395592,0.03222826085984707,0.0,0.08533715456724167
TRI_G,26,tubes/test/anomalous/026.png,1,defect,32x32,9,21,0.020915354291598003,0.007794559001922607,0.014570936560630798,0.019487202167510986,0.022110357880592346,0.04332292079925537,0.004313945770263672,0.04589441418647766
TRI_G,26,tubes/test/anomalous/026.png,1,clean_defect,32x32,9,12,0.022155099858840305,0.00843229442834854,0.018241431564092636,0.02049987018108368,0.02313941717147827,0.04177689254283905,0.007794559001922607,0.04589441418647766
TRI_G,26,tubes/test/anomalous/026.png,1,boundary,32x32,9,9,0.019262360201941595,0.00734086036682129,0.014570936560630798,0.017914459109306335,0.022110357880592346,0.03509240150451659,0.004313945770263672,0.04332292079925537
TRI_G,27,tubes/test/anomalous/027.png,1,abnormal_normal,32x32,10,1003,0.01240902539975904,0.0004290178418159485,0.0045413728803396225,0.009526349604129791,0.01690012775361538,0.03326327949762344,0.0,0.07216411828994751
TRI_G,27,tubes/test/anomalous/027.png,1,defect,32x32,10,21,0.017818426624650045,0.007024265825748444,0.0099295973777771,0.014884397387504578,0.022856950759887695,0.038767844438552856,0.006860554218292236,0.04338347911834717
TRI_G,27,tubes/test/anomalous/027.png,1,clean_defect,32x32,10,11,0.02164453606713902,0.008395075798034668,0.01433667540550232,0.019890114665031433,0.025754574686288834,0.04107566177845001,0.006860554218292236,0.04338347911834717
TRI_G,27,tubes/test/anomalous/027.png,1,boundary,32x32,10,10,0.013609706237912179,0.007466498389840126,0.008191999047994614,0.01142844744026661,0.01682516559958458,0.024757146462798117,0.007024265825748444,0.026311852037906647
TRI_G,28,tubes/test/anomalous/028.png,1,abnormal_normal,32x32,7,1006,0.011895672603793605,0.0003826380707323551,0.0036896723322570324,0.00902596116065979,0.016586954705417156,0.03247318509966135,0.0,0.0765332579612732
TRI_G,28,tubes/test/anomalous/028.png,1,defect,32x32,7,18,0.025628606064452067,0.00767049752175808,0.01755411922931671,0.026529155671596527,0.03327957168221474,0.044561675935983654,0.00031032413244247437,0.04564541578292847
TRI_G,28,tubes/test/anomalous/028.png,1,clean_defect,32x32,7,11,0.030487518418918957,0.01923602819442749,0.02475513517856598,0.030695796012878418,0.034256063401699066,0.04500792175531387,0.015872210264205933,0.04564541578292847
TRI_G,28,tubes/test/anomalous/028.png,1,boundary,32x32,7,7,0.01799317236457552,0.0029080323874950413,0.010463811457157135,0.01299220323562622,0.026529155671596527,0.03506090342998504,0.00031032413244247437,0.03866374492645264
TRI_G,29,tubes/test/anomalous/029.png,1,abnormal_normal,32x32,8,1005,0.010572372570133477,4.402585327625275e-05,0.0027788877487182617,0.007292211055755615,0.01502903550863266,0.030464012175798402,0.0,0.08621873706579208
TRI_G,29,tubes/test/anomalous/029.png,1,defect,32x32,8,19,0.01958137652591655,0.0011337045580148697,0.009882215410470963,0.017818696796894073,0.025639928877353668,0.049726983904838554,0.0007852353155612946,0.05461737513542175
TRI_G,29,tubes/test/anomalous/029.png,1,clean_defect,32x32,8,11,0.025885423137383026,0.005630975589156151,0.01436346024274826,0.02130238711833954,0.03456488251686096,0.05190049111843109,0.0016550831496715546,0.05461737513542175
TRI_G,29,tubes/test/anomalous/029.png,1,boundary,32x32,8,8,0.010913312435150146,0.0009207511320710182,0.00712945032864809,0.01156456395983696,0.015834840014576912,0.01930956207215786,0.0007852353155612946,0.020112335681915283
TRI_G,30,tubes/test/anomalous/030.png,1,abnormal_normal,32x32,12,999,0.011730523522219828,0.0002349041402339936,0.003994098864495754,0.009045502170920372,0.016194384545087814,0.03341694027185437,0.0,0.062100570648908615
TRI_G,30,tubes/test/anomalous/030.png,1,defect,32x32,12,25,0.016324174106121064,0.002972662448883057,0.011744439601898193,0.01517537236213684,0.022151976823806763,0.025702077150344844,2.9802322387695312e-08,0.02791348099708557
TRI_G,30,tubes/test/anomalous/030.png,1,clean_defect,32x32,12,13,0.01944999282176678,0.011404407024383546,0.01412045955657959,0.02204996347427368,0.023907482624053955,0.025130087137222288,0.010894358158111572,0.025988072156906128
TRI_G,30,tubes/test/anomalous/030.png,1,boundary,32x32,12,12,0.01293787049750487,0.0013485893607139588,0.00757327675819397,0.014638755470514297,0.016585253179073334,0.024516659229993815,2.9802322387695312e-08,0.02791348099708557
TRI_G,31,tubes/test/anomalous/031.png,1,abnormal_normal,32x32,6,1004,0.012651194122608796,0.00039086807519197466,0.004031464923173189,0.010000636801123619,0.017668331041932106,0.033649834059178825,0.0,0.07079154253005981
TRI_G,31,tubes/test/anomalous/031.png,1,defect,32x32,6,20,0.031167079508304597,0.017093154788017272,0.020266123116016388,0.028137877583503723,0.04158735275268555,0.05026903301477433,0.007092207670211792,0.059891700744628906
TRI_G,31,tubes/test/anomalous/031.png,1,clean_defect,32x32,6,14,0.034424781799316406,0.018400628864765168,0.02049896866083145,0.03562593460083008,0.04613150656223297,0.05330777019262314,0.018227040767669678,0.059891700744628906
TRI_G,31,tubes/test/anomalous/031.png,1,boundary,32x32,6,6,0.02356577416261037,0.009724035859107971,0.01889902353286743,0.023111805319786072,0.030898317694664,0.036159947514534,0.007092207670211792,0.0370902419090271
TRI_G,32,tubes/test/anomalous/032.png,1,abnormal_normal,32x32,11,1002,0.011490304414331616,0.00027325907722115523,0.004394300282001495,0.008959706872701645,0.01567088346928358,0.030995808914303764,0.0,0.08353106677532196
TRI_G,32,tubes/test/anomalous/032.png,1,defect,32x32,11,22,0.014876055107875303,0.004755678027868271,0.006083197891712189,0.013105198740959167,0.02066434547305107,0.03210763819515705,0.002756834030151367,0.04173436760902405
TRI_G,32,tubes/test/anomalous/032.png,1,clean_defect,32x32,11,11,0.016799976202574642,0.006349653005599976,0.009792670607566833,0.016957134008407593,0.021731063723564148,0.029929567128419876,0.005495905876159668,0.03234964609146118
TRI_G,32,tubes/test/anomalous/032.png,1,boundary,32x32,11,11,0.012952134013175964,0.003739088773727417,0.005432970821857452,0.008276939392089844,0.016837961971759796,0.03134187310934067,0.002756834030151367,0.04173436760902405
TRI_G,33,tubes/test/anomalous/033.png,1,abnormal_normal,32x32,11,1001,0.012206795452800873,0.0001494884490966797,0.003787778317928314,0.00870935246348381,0.016043290495872498,0.03773701936006546,0.0,0.092904232442379
TRI_G,33,tubes/test/anomalous/033.png,1,defect,32x32,11,23,0.012016409279211708,0.0018085815012454987,0.004768848419189453,0.01077982783317566,0.01867164671421051,0.023026853799819946,0.0012624934315681458,0.02616104483604431
TRI_G,33,tubes/test/anomalous/033.png,1,clean_defect,32x32,11,12,0.016140120724836986,0.00880541056394577,0.01032809168100357,0.015611246228218079,0.021597303450107574,0.024490691721439358,0.008731633424758911,0.02616104483604431
TRI_G,33,tubes/test/anomalous/033.png,1,boundary,32x32,11,11,0.007517814974893223,0.001532096415758133,0.002287674695253372,0.0046572089195251465,0.010938430204987526,0.019558221101760864,0.0012624934315681458,0.022152185440063477
TRI_G,34,tubes/test/anomalous/034.png,1,abnormal_normal,32x32,12,1001,0.011865184139962737,0.000446956604719162,0.003879668191075325,0.009121447801589966,0.01638186350464821,0.03329187631607056,0.0,0.06467065215110779
TRI_G,34,tubes/test/anomalous/034.png,1,defect,32x32,12,23,0.022221863269805908,0.01072165071964264,0.013895384967327118,0.022079139947891235,0.027075976133346558,0.038283485174179066,0.008652448654174805,0.055403515696525574
TRI_G,34,tubes/test/anomalous/034.png,1,clean_defect,32x32,12,11,0.019398486072366886,0.011640265583992004,0.01299235224723816,0.01863113045692444,0.023207873106002808,0.029251500964164734,0.010491997003555298,0.033106714487075806
TRI_G,34,tubes/test/anomalous/034.png,1,boundary,32x32,12,12,0.02480995903412501,0.011201144754886627,0.016231413930654526,0.022214554250240326,0.0294431671500206,0.0463038571178913,0.008652448654174805,0.055403515696525574
TRI_G,35,tubes/test/anomalous/035.png,1,abnormal_normal,32x32,9,1003,0.011655517217284394,0.00030232779681682587,0.0038726823404431343,0.008741483092308044,0.0161705631762743,0.03316634893417358,0.0,0.06893661618232727
TRI_G,35,tubes/test/anomalous/035.png,1,defect,32x32,9,21,0.019794749362128123,0.013410478830337524,0.0141238272190094,0.019266605377197266,0.024560630321502686,0.02991807460784912,0.001850813627243042,0.03952157497406006
TRI_G,35,tubes/test/anomalous/035.png,1,clean_defect,32x32,9,12,0.018266032139460247,0.013683901727199554,0.014121495187282562,0.01520945131778717,0.020307593047618866,0.028982821106910705,0.013410478830337524,0.02991807460784912
TRI_G,35,tubes/test/anomalous/035.png,1,boundary,32x32,9,9,0.021833038992351957,0.006511682271957398,0.020147815346717834,0.023185670375823975,0.02538946270942688,0.0344552457332611,0.001850813627243042,0.03952157497406006
TRI_G,36,tubes/test/anomalous/036.png,1,abnormal_normal,32x32,10,1002,0.011440245673978727,9.109880775213243e-05,0.0037893522530794144,0.008691927418112755,0.01611643237993121,0.03159439079463479,0.0,0.06566904485225677
TRI_G,36,tubes/test/anomalous/036.png,1,defect,32x32,10,22,0.018388444049791855,0.010386702418327332,0.013061843812465668,0.0165407657623291,0.02264845371246338,0.03270162269473076,1.4901161193847656e-08,0.04322268068790436
TRI_G,36,tubes/test/anomalous/036.png,1,clean_defect,32x32,10,12,0.016432916124661762,0.011255545914173127,0.012854702770709991,0.01577596366405487,0.01824050396680832,0.024767316877841946,0.011201471090316772,0.026806801557540894
TRI_G,36,tubes/test/anomalous/036.png,1,boundary,32x32,10,10,0.020735077559947968,0.004654727131128311,0.013944938778877258,0.018504425883293152,0.028035186231136322,0.03859719783067702,1.4901161193847656e-08,0.04322268068790436
TRI_G,37,tubes/test/anomalous/037.png,1,abnormal_normal,32x32,9,1004,0.011375563420945282,3.725290298461914e-09,0.003104906529188156,0.007973046973347664,0.016406484879553318,0.03303716666996479,0.0,0.08389680087566376
TRI_G,37,tubes/test/anomalous/037.png,1,defect,32x32,9,20,0.017434561997652052,0.005627966672182083,0.009811513125896454,0.01451149582862854,0.019541673362255096,0.04120282232761383,0.0015239566564559937,0.045341670513153076
TRI_G,37,tubes/test/anomalous/037.png,1,clean_defect,32x32,9,11,0.017709211869673294,0.006904043257236481,0.00921545922756195,0.014798581600189209,0.016742654144763947,0.04316332936286926,0.006541743874549866,0.045341670513153076
TRI_G,37,tubes/test/anomalous/037.png,1,boundary,32x32,9,9,0.017098878820737202,0.003251960873603821,0.011124446988105774,0.014224410057067871,0.02616366744041443,0.0347393125295639,0.0015239566564559937,0.0388563871383667
TRI_G,38,tubes/test/anomalous/038.png,1,abnormal_normal,32x32,10,1002,0.012214100384292844,0.00038807019591331494,0.004050778225064278,0.00949900969862938,0.017130262218415737,0.03379278481006622,0.0,0.08459758758544922
TRI_G,38,tubes/test/anomalous/038.png,1,defect,32x32,10,22,0.0171604087068276,0.0033222287893295292,0.011144586838781834,0.01634979248046875,0.023023702204227448,0.027853139489889146,0.0009888634085655212,0.03663969039916992
TRI_G,38,tubes/test/anomalous/038.png,1,clean_defect,32x32,10,12,0.019391916692256927,0.009959614276885987,0.01361161470413208,0.021120041608810425,0.024547580629587173,0.02773013785481453,0.00968220829963684,0.027865439653396606
TRI_G,38,tubes/test/anomalous/038.png,1,boundary,32x32,10,10,0.014482599124312401,0.0018957819789648055,0.009855539537966251,0.013303719460964203,0.01771879941225052,0.03056601583957671,0.0009888634085655212,0.03663969039916992
TRI_G,39,tubes/test/anomalous/039.png,1,abnormal_normal,32x32,10,1004,0.011731224342813321,0.00023519834503531458,0.00389133021235466,0.008939450606703758,0.015802032314240932,0.033766024746000746,0.0,0.06545776128768921
TRI_G,39,tubes/test/anomalous/039.png,1,defect,32x32,10,20,0.020246211253106595,0.006475952267646789,0.012570668011903763,0.020397432148456573,0.026754707098007202,0.03244727551937104,0.0044481754302978516,0.03772291541099548
TRI_G,39,tubes/test/anomalous/039.png,1,clean_defect,32x32,10,10,0.022998514771461486,0.012551593035459519,0.016339462250471115,0.023129239678382874,0.027615875005722046,0.035123130679130546,0.012522980570793152,0.03772291541099548
TRI_G,39,tubes/test/anomalous/039.png,1,boundary,32x32,10,10,0.0174939077347517,0.0054087013006210325,0.011500165797770023,0.016983114182949066,0.022957131266593933,0.03064692690968513,0.0044481754302978516,0.032169610261917114
TRI_G,40,tubes/test/anomalous/040.png,1,abnormal_normal,32x32,8,1005,0.012369286742487653,0.0005857065320014954,0.004354637116193771,0.009288132190704346,0.01755494251847267,0.034168165922164914,0.0,0.07825078070163727
TRI_G,40,tubes/test/anomalous/040.png,1,defect,32x32,8,19,0.029392173023600327,0.010559780150651931,0.01899271085858345,0.02896633744239807,0.033509425818920135,0.056872951984405506,0.010272897779941559,0.06228446960449219
TRI_G,40,tubes/test/anomalous/040.png,1,clean_defect,32x32,8,11,0.036152415654876015,0.01594415307044983,0.028341978788375854,0.0331953763961792,0.046688422560691833,0.05927807092666626,0.010591655969619751,0.06228446960449219
TRI_G,40,tubes/test/anomalous/040.png,1,boundary,32x32,8,8,0.020096839405596256,0.010861044377088546,0.016603847965598106,0.01899271085858345,0.023941494524478912,0.030366016924381255,0.010272897779941559,0.03088247776031494
TRI_G,41,tubes/test/anomalous/041.png,1,abnormal_normal,32x32,9,1005,0.011191944014837049,0.0005837322212755682,0.004078291356563568,0.008752267807722092,0.015581570565700531,0.03130399435758591,0.0,0.06432080268859863
TRI_G,41,tubes/test/anomalous/041.png,1,defect,32x32,9,19,0.01840689797934733,0.004190599918365479,0.011211657896637917,0.020908892154693604,0.02525021880865097,0.029374255239963513,0.004088260233402252,0.037353143095970154
TRI_G,41,tubes/test/anomalous/041.png,1,clean_defect,32x32,9,10,0.01836801804602146,0.00965272430330515,0.013046720996499062,0.01932389661669731,0.021939624100923538,0.027180309593677517,0.008985757827758789,0.028487712144851685
TRI_G,41,tubes/test/anomalous/041.png,1,boundary,32x32,9,9,0.01845009790526496,0.004133744537830353,0.008516773581504822,0.022090092301368713,0.025677725672721863,0.03298475444316864,0.004088260233402252,0.037353143095970154
TRI_G,42,tubes/test/anomalous/042.png,1,abnormal_normal,32x32,10,1003,0.011394383308708905,0.0002686187624931336,0.0036507267504930496,0.008552972227334976,0.01600863691419363,0.030953936092555524,0.0,0.08010535687208176
TRI_G,42,tubes/test/anomalous/042.png,1,defect,32x32,10,21,0.015036221416223617,0.002375289797782898,0.008038491010665894,0.016247175633907318,0.020009733736515045,0.024287253618240356,0.0018433928489685059,0.04480651021003723
TRI_G,42,tubes/test/anomalous/042.png,1,clean_defect,32x32,10,11,0.019278434189883144,0.006194669753313065,0.012328602373600006,0.01941165328025818,0.02290600910782814,0.034546881914138794,0.00540509819984436,0.04480651021003723
TRI_G,42,tubes/test/anomalous/042.png,1,boundary,32x32,10,10,0.010369787365198136,0.0020827464759349823,0.0072039272636175156,0.009010352194309235,0.014969104900956154,0.019601457938551902,0.0018433928489685059,0.020009733736515045
TRI_G,43,tubes/test/anomalous/043.png,1,abnormal_normal,32x32,9,1006,0.01168285581935012,0.00017427606508135796,0.00349139841273427,0.0087452232837677,0.016478436067700386,0.033807228319346905,0.0,0.0766248032450676
TRI_G,43,tubes/test/anomalous/043.png,1,defect,32x32,9,18,0.017243530601263046,0.004172507300972939,0.011030873283743858,0.014165569096803665,0.01987394317984581,0.0388044625520706,0.0013108998537063599,0.046340927481651306
TRI_G,43,tubes/test/anomalous/043.png,1,clean_defect,32x32,9,9,0.01612209611468845,0.004019609093666077,0.010862775146961212,0.013337552547454834,0.017793163657188416,0.03603157103061675,0.0013108998537063599,0.046340927481651306
TRI_G,43,tubes/test/anomalous/043.png,1,boundary,32x32,9,9,0.018364965087837644,0.006246645748615265,0.013168521225452423,0.014487989246845245,0.02207997441291809,0.037063810229301455,0.00467749685049057,0.03747449815273285
TRI_G,44,tubes/test/anomalous/044.png,1,abnormal_normal,32x32,11,1005,0.011501643475404574,0.00019114166498184214,0.0038260631263256073,0.008862141519784927,0.016052624210715294,0.03165721446275709,0.0,0.07422936707735062
TRI_G,44,tubes/test/anomalous/044.png,1,defect,32x32,11,19,0.009647753873938009,6.7055225372314455e-09,0.003438122570514679,0.008009672164916992,0.014678996056318283,0.02163780964910983,0.0,0.02704344317317009
TRI_G,44,tubes/test/anomalous/044.png,1,clean_defect,32x32,11,8,0.007735161110758781,5.21540641784668e-09,0.0034245923161506653,0.008367493748664856,0.009835030883550644,0.01688136979937553,0.0,0.01969042420387268
TRI_G,44,tubes/test/anomalous/044.png,1,boundary,32x32,11,11,0.011038730428977446,0.0010536052286624908,0.004340078681707382,0.008009672164916992,0.017984826117753983,0.024040313437581062,7.450580596923828e-09,0.02704344317317009
TRI_G,45,tubes/test/anomalous/045.png,1,abnormal_normal,32x32,12,1003,0.011637781293559466,0.0004194390028715134,0.0037688734009861946,0.008612319827079773,0.016478005796670914,0.030709216371178624,0.0,0.10867346078157425
TRI_G,45,tubes/test/anomalous/045.png,1,defect,32x32,12,21,0.015839219802901858,0.0012563467025756836,0.01083827018737793,0.013917014002799988,0.02237870544195175,0.02737286686897278,0.000947222113609314,0.03770328313112259
TRI_G,45,tubes/test/anomalous/045.png,1,clean_defect,32x32,12,9,0.013838363190491995,0.005089116096496583,0.011862605810165405,0.01344078779220581,0.01510050892829895,0.02290210723876953,0.0012563467025756836,0.02317136526107788
TRI_G,45,tubes/test/anomalous/045.png,1,boundary,32x32,12,12,0.017339862262209255,0.005249088257551194,0.010127048939466476,0.017250679433345795,0.022457696497440338,0.032021554186940186,0.000947222113609314,0.03770328313112259
TRI_G,46,tubes/test/anomalous/046.png,1,abnormal_normal,32x32,12,1003,0.010528588308632403,2.264752984046936e-05,0.0028059608303010464,0.007385294884443283,0.014628153294324875,0.032802726328372944,0.0,0.10110488533973694
TRI_G,46,tubes/test/anomalous/046.png,1,defect,32x32,12,21,0.016760461564574922,0.002440791577100754,0.010052323341369629,0.016530804336071014,0.021795004606246948,0.03197687864303589,0.001797109842300415,0.04443344473838806
TRI_G,46,tubes/test/anomalous/046.png,1,clean_defect,32x32,12,9,0.015304086109002432,0.00927737057209015,0.012003034353256226,0.016530804336071014,0.01799258589744568,0.02101461887359619,0.008760735392570496,0.022737562656402588
TRI_G,46,tubes/test/anomalous/046.png,1,boundary,32x32,12,12,0.01785274315625429,0.0021511347964406013,0.008438386023044586,0.01696280762553215,0.02560889907181263,0.037582333385944355,0.001797109842300415,0.04443344473838806
TRI_G,47,tubes/test/anomalous/047.png,1,abnormal_normal,32x32,11,1003,0.011499946702045136,0.00023987703025341034,0.003713024780154228,0.008813861757516861,0.016141952946782112,0.03240843340754509,0.0,0.0800965279340744
TRI_G,47,tubes/test/anomalous/047.png,1,defect,32x32,11,21,0.01640482743581136,0.00533527135848999,0.008792072534561157,0.014278873801231384,0.024052053689956665,0.03469210863113403,0.0,0.03627924621105194
TRI_G,47,tubes/test/anomalous/047.png,1,clean_defect,32x32,11,10,0.01680999845266342,0.006361236423254013,0.00971107929944992,0.014918439090251923,0.023587170988321304,0.031029887497425072,0.00533527135848999,0.03469210863113403
TRI_G,47,tubes/test/anomalous/047.png,1,boundary,32x32,11,11,0.016036490147764034,0.003810770809650421,0.00852297991514206,0.012431085109710693,0.022317536175251007,0.033011242747306824,0.0,0.03627924621105194
TRI_G,48,tubes/test/anomalous/048.png,1,abnormal_normal,32x32,10,1002,0.0112540648386678,5.4277759045362496e-05,0.003364584408700466,0.008566860109567642,0.015579324215650558,0.03209128696471453,0.0,0.07771714776754379
TRI_G,48,tubes/test/anomalous/048.png,1,defect,32x32,10,22,0.012925823134454813,0.0033383026719093324,0.009960787370800972,0.010933112353086472,0.0162808895111084,0.024781005829572676,0.000712316483259201,0.025652706623077393
TRI_G,48,tubes/test/anomalous/048.png,1,clean_defect,32x32,10,12,0.016231577843427658,0.008419422805309296,0.01329687237739563,0.015420444309711456,0.019416820257902145,0.025269921123981475,0.006149902939796448,0.025652706623077393
TRI_G,48,tubes/test/anomalous/048.png,1,boundary,32x32,10,10,0.008958917483687401,0.0018274197354912758,0.00794963538646698,0.00996556505560875,0.010437693446874619,0.01421868465840816,0.000712316483259201,0.016557440161705017
TRI_G,49,tubes/test/anomalous/049.png,1,abnormal_normal,32x32,6,1011,0.013104109795953854,0.0003321683034300804,0.005073079839348793,0.010622724890708923,0.01813078112900257,0.035369232296943665,0.0,0.07641305774450302
TRI_G,49,tubes/test/anomalous/049.png,1,defect,32x32,6,13,0.012854633422998281,0.0023934900760650634,0.005845546722412109,0.013032078742980957,0.01663387566804886,0.026435905694961535,0.0023740530014038086,0.03172588348388672
TRI_G,49,tubes/test/anomalous/049.png,1,clean_defect,32x32,6,7,0.014981346470969064,0.003415501117706299,0.009438812732696533,0.013380885124206543,0.019255489110946655,0.029080894589424127,0.0023740530014038086,0.03172588348388672
TRI_G,49,tubes/test/anomalous/049.png,1,boundary,32x32,6,6,0.010373468200365702,0.0032558441162109375,0.006379254162311554,0.008315306156873703,0.014606829732656479,0.019732849672436714,0.0024064481258392334,0.020765841007232666
TRI_G,50,tubes/test/anomalous/050.png,1,abnormal_normal,32x32,6,1012,0.012562074205238121,0.0004967300221323967,0.004550338722765446,0.009975643828511238,0.0178249916061759,0.033756713941693293,0.0,0.12267647683620453
TRI_G,50,tubes/test/anomalous/050.png,1,defect,32x32,6,12,0.009529064098993937,0.0008515268564224244,0.0034653544425964355,0.00647851824760437,0.013094566762447357,0.024365124106407166,0.0,0.02455464005470276
TRI_G,50,tubes/test/anomalous/050.png,1,clean_defect,32x32,6,6,0.007530535260836284,0.001724734902381897,0.002657949924468994,0.004925593733787537,0.006726711988449097,0.020159706473350525,0.0015482306480407715,0.02455464005470276
TRI_G,50,tubes/test/anomalous/050.png,1,boundary,32x32,6,6,0.01152759293715159,0.0010725408792495728,0.005071423947811127,0.008489638566970825,0.02015555649995804,0.024079062044620514,0.0,0.024210065603256226
TRI_G,51,tubes/test/anomalous/051.png,1,abnormal_normal,32x32,7,1012,0.013348638231446414,0.0007581811398267749,0.005127564072608948,0.009960832074284554,0.018741192296147346,0.03583972603082655,0.0,0.07903651893138885
TRI_G,51,tubes/test/anomalous/051.png,1,defect,32x32,7,12,0.00842595100402832,0.0005852505564689636,0.0019116103649139404,0.0050398558378219604,0.010448094457387924,0.026189529150724408,0.0,0.027285441756248474
TRI_G,51,tubes/test/anomalous/051.png,1,clean_defect,32x32,7,5,0.008784449100494385,0.001245594024658203,0.001971602439880371,0.003782898187637329,0.011810779571533203,0.022596454620361327,0.0010640919208526611,0.02529287338256836
TRI_G,51,tubes/test/anomalous/051.png,1,boundary,32x32,7,7,0.008169880935123988,0.0005194902420043947,0.0028835535049438477,0.006044238805770874,0.009046189486980438,0.02209796905517577,0.0,0.027285441756248474
TRI_G,52,tubes/test/anomalous/052.png,1,abnormal_normal,32x32,7,1012,0.0129409811460402,0.0008201554417610169,0.004752873443067074,0.01012968085706234,0.0181783651933074,0.03464580923318863,0.0,0.06928117573261261
TRI_G,52,tubes/test/anomalous/052.png,1,defect,32x32,7,12,0.00868252788980802,0.002143581211566925,0.0034713372588157654,0.005930781364440918,0.010156307369470596,0.023018987476825712,0.0013124942779541016,0.02359512448310852
TRI_G,52,tubes/test/anomalous/052.png,1,clean_defect,32x32,7,5,0.007202827930450439,0.0016147077083587646,0.002823561429977417,0.0034085512161254883,0.00487440824508667,0.019850981235504148,0.0013124942779541016,0.02359512448310852
TRI_G,52,tubes/test/anomalous/052.png,1,boundary,32x32,7,7,0.00973945643220629,0.003566509485244751,0.005363449454307556,0.0070722103118896484,0.012168608605861664,0.020641285181045528,0.0034922659397125244,0.022547602653503418
TRI_G,53,tubes/test/anomalous/053.png,1,abnormal_normal,32x32,6,1012,0.01277725637675053,0.0005947284400463105,0.004724659491330385,0.010292911902070045,0.017347450368106365,0.03393016345798969,0.0,0.07720206677913666
TRI_G,53,tubes/test/anomalous/053.png,1,defect,32x32,6,12,0.015083911518255869,0.004582132399082184,0.0063844770193099976,0.013403311371803284,0.019054092466831207,0.03441322296857833,0.003979474306106567,0.042671263217926025
TRI_G,53,tubes/test/anomalous/053.png,1,clean_defect,32x32,6,6,0.015458767612775167,0.004253409802913666,0.0054517462849617004,0.006685003638267517,0.02243965119123459,0.03891760855913162,0.003979474306106567,0.042671263217926025
TRI_G,53,tubes/test/anomalous/053.png,1,boundary,32x32,6,6,0.014709055423736572,0.007536083459854126,0.013082973659038544,0.015072718262672424,0.017774365842342377,0.02049826830625534,0.005793899297714233,0.021220356225967407
TRI_G,54,tubes/test/anomalous/054.png,1,abnormal_normal,32x32,10,1010,0.012352043688112851,0.0004411539062857628,0.0046501122415065765,0.010074004530906677,0.01766403578221798,0.0314900204539299,0.0,0.06391183286905289
TRI_G,54,tubes/test/anomalous/054.png,1,defect,32x32,10,14,0.01895608486873763,0.00794767439365387,0.011986924335360527,0.016171865165233612,0.02397674322128296,0.03755756169557571,0.004080772399902344,0.03803911805152893
TRI_G,54,tubes/test/anomalous/054.png,1,clean_defect,32x32,10,4,0.01439201831817627,0.010095834732055664,0.010359764099121094,0.010646045207977295,0.01467829942703247,0.023932564258575435,0.010029852390289307,0.02624613046646118
TRI_G,54,tubes/test/anomalous/054.png,1,boundary,32x32,10,10,0.020781711488962174,0.009210708364844323,0.015740254893898964,0.017538171261548996,0.02397674322128296,0.037705732882022856,0.004080772399902344,0.03803911805152893
TRI_G,55,tubes/test/anomalous/055.png,1,abnormal_normal,32x32,14,995,0.012811789215172655,0.0009427264332771302,0.005534324795007706,0.0103989876806736,0.017299899831414223,0.034497661888599374,0.0,0.06544975191354752
TRI_G,55,tubes/test/anomalous/055.png,1,defect,32x32,14,29,0.01855082219016963,0.005511260032653809,0.01001586765050888,0.015210658311843872,0.030282288789749146,0.03594262599945068,1.4901161193847656e-08,0.04160785675048828
TRI_G,55,tubes/test/anomalous/055.png,1,clean_defect,32x32,14,15,0.020828333497047425,0.0033208623528480532,0.010343402624130249,0.016210854053497314,0.030726894736289978,0.03760296702384948,1.4901161193847656e-08,0.04160785675048828
TRI_G,55,tubes/test/anomalous/055.png,1,boundary,32x32,14,14,0.016110631504229138,0.0076030358672142025,0.010326368734240532,0.012495748698711395,0.01893625408411026,0.03263532556593418,0.006662026047706604,0.0359799861907959
TRI_G,56,tubes/test/anomalous/056.png,1,abnormal_normal,32x32,10,1004,0.013307691170960161,0.0011127550154924394,0.005361267365515232,0.010481070727109909,0.017946228850632906,0.03500482514500618,0.0,0.06288104504346848
TRI_G,56,tubes/test/anomalous/056.png,1,defect,32x32,10,20,0.01739707887172699,0.003612729534506798,0.009790534153580666,0.013665974140167236,0.0230821892619133,0.04567446261644364,0.00018218904733657837,0.04973083734512329
TRI_G,56,tubes/test/anomalous/056.png,1,clean_defect,32x32,10,10,0.014691903442144393,0.008259310945868492,0.010464582592248917,0.013665974140167236,0.015501603484153748,0.025556100159883494,0.007516771554946899,0.027872100472450256
TRI_G,56,tubes/test/anomalous/056.png,1,boundary,32x32,10,10,0.020102254301309585,0.0018071819096803666,0.006715923547744751,0.016452275216579437,0.02752942591905594,0.047809396684169767,0.00018218904733657837,0.04973083734512329
TRI_G,57,tubes/test/anomalous/057.png,1,abnormal_normal,32x32,10,1006,0.012679234484977146,0.0008846251294016838,0.0050771282985806465,0.010491585358977318,0.017520533874630928,0.032087938860058784,0.0,0.08626453578472137
TRI_G,57,tubes/test/anomalous/057.png,1,defect,32x32,10,18,0.019117974986632664,0.003830947726964951,0.012796534225344658,0.01947104185819626,0.02600446715950966,0.03292311429977417,0.002608388662338257,0.03529687225818634
TRI_G,57,tubes/test/anomalous/057.png,1,clean_defect,32x32,10,8,0.024497371166944504,0.008199679851531982,0.02028316631913185,0.027478516101837158,0.031510479748249054,0.034319442510604856,0.002608388662338257,0.03529687225818634
TRI_G,57,tubes/test/anomalous/057.png,1,boundary,32x32,10,10,0.014814458042383193,0.005995331704616547,0.010292084887623787,0.013396348804235458,0.01979217305779457,0.02422622852027416,0.004046693444252014,0.02470606565475464
TRI_G,58,tubes/test/anomalous/058.png,1,abnormal_normal,32x32,19,988,0.012573564652756972,0.001141500473022461,0.004954627715051174,0.010342461988329887,0.017969193868339062,0.031858910061419006,0.0,0.05901961773633957
TRI_G,58,tubes/test/anomalous/058.png,1,defect,32x32,19,36,0.013299070919553438,0.0025762729346752167,0.005874769762158394,0.011511661112308502,0.018817411735653877,0.03140295296907425,0.0013034939765930176,0.040041498839855194
TRI_G,58,tubes/test/anomalous/058.png,1,clean_defect,32x32,19,17,0.01347535673309775,0.0045265302062034605,0.008704468607902527,0.012989230453968048,0.020131051540374756,0.021992042660713196,0.0029368624091148376,0.023894265294075012
TRI_G,58,tubes/test/anomalous/058.png,1,boundary,32x32,19,19,0.013141341507434845,0.00147540345788002,0.005841672420501709,0.00796559453010559,0.016783926635980606,0.033251131325960144,0.0013034939765930176,0.040041498839855194
TRI_G,59,tubes/test/anomalous/059.png,1,abnormal_normal,32x32,8,1006,0.013673566710888955,0.0014431700110435486,0.005518978927284479,0.011164739727973938,0.019160503521561623,0.03438492026180029,0.0,0.06853551417589188
TRI_G,59,tubes/test/anomalous/059.png,1,defect,32x32,8,18,0.01786289695236418,0.005644207447767258,0.008949469774961472,0.016682378947734833,0.02143697440624237,0.035015669837594,0.004669547080993652,0.05271012336015701
TRI_G,59,tubes/test/anomalous/059.png,1,clean_defect,32x32,8,10,0.013661356270313263,0.0051855437457561495,0.007803246378898621,0.01290614902973175,0.016889888793230057,0.02574274241924285,0.004669547080993652,0.02922273427248001
TRI_G,59,tubes/test/anomalous/059.png,1,boundary,32x32,8,8,0.023114822804927826,0.008989546447992325,0.009349778294563293,0.021012838929891586,0.031078767031431198,0.04542417190968989,0.008849278092384338,0.05271012336015701
TRI_G,60,tubes/test/anomalous/060.png,1,abnormal_normal,32x32,17,989,0.01343625441195464,0.0014055952429771425,0.005617082118988037,0.011247120797634125,0.018607139587402344,0.03394273072481153,0.0,0.06656816601753235
TRI_G,60,tubes/test/anomalous/060.png,1,defect,32x32,17,35,0.013187552988529205,0.006083608418703079,0.008921079337596893,0.012731507420539856,0.015202850103378296,0.026920484751462928,0.004968717694282532,0.028781667351722717
TRI_G,60,tubes/test/anomalous/060.png,1,clean_defect,32x32,17,18,0.012169828431473838,0.005992661416530609,0.008553994819521904,0.010785013437271118,0.013155579566955566,0.026575847715139385,0.004968717694282532,0.028781667351722717
TRI_G,60,tubes/test/anomalous/060.png,1,boundary,32x32,17,17,0.014265143695999594,0.006373162567615509,0.010415516793727875,0.014173999428749084,0.017321869730949402,0.020739455521106714,0.0058741942048072815,0.028632916510105133
TRI_G,61,tubes/test/anomalous/061.png,1,abnormal_normal,32x32,9,1007,0.014381262972717874,0.001346532255411148,0.0064736828207969666,0.012117952108383179,0.01910925656557083,0.036962176486849775,0.0,0.07459420710802078
TRI_G,61,tubes/test/anomalous/061.png,1,defect,32x32,9,17,0.014756521319641787,0.0051005959510803224,0.00950692594051361,0.013269037008285522,0.02079102396965027,0.029381364583969113,0.0,0.032738298177719116
TRI_G,61,tubes/test/anomalous/061.png,1,clean_defect,32x32,9,8,0.014345677569508553,0.007276523858308792,0.009367544203996658,0.01314745843410492,0.020868495106697083,0.021520543843507767,0.006375744938850403,0.021746501326560974
TRI_G,61,tubes/test/anomalous/061.png,1,boundary,32x32,9,9,0.01512171576420466,0.0028751373291015627,0.010639049112796783,0.013269037008285522,0.016877293586730957,0.031059831380844116,0.0,0.032738298177719116
TRI_G,62,tubes/test/anomalous/062.png,1,abnormal_normal,32x32,21,985,0.01378305120261263,0.0013138025999069214,0.006210602819919586,0.011246360838413239,0.019685927778482437,0.03337640017271037,0.0,0.07987550646066666
TRI_G,62,tubes/test/anomalous/062.png,1,defect,32x32,21,39,0.012780834658023639,0.004765930771827698,0.0070861876010894775,0.013613268733024597,0.016020789742469788,0.02283186316490174,0.0035663098096847534,0.037899136543273926
TRI_G,62,tubes/test/anomalous/062.png,1,clean_defect,32x32,21,18,0.01170048200421863,0.005026966333389282,0.006405439227819443,0.010486245155334473,0.015799902379512787,0.01999433487653731,0.0045441389083862305,0.026379942893981934
TRI_G,62,tubes/test/anomalous/062.png,1,boundary,32x32,21,21,0.013706851218427931,0.004790574312210083,0.008662506937980652,0.013637490570545197,0.016238681972026825,0.022437632083892822,0.0035663098096847534,0.037899136543273926
TRI_G,63,tubes/test/anomalous/063.png,1,abnormal_normal,32x32,17,983,0.014407256928898797,0.0013568726368248464,0.006499066948890686,0.011885367333889008,0.019783541560173035,0.03519274368882179,0.0,0.07726213335990906
TRI_G,63,tubes/test/anomalous/063.png,1,defect,32x32,17,41,0.010949236227244866,0.003186643123626709,0.006633102893829346,0.00983455777168274,0.014362484216690063,0.01857924461364746,0.0009701251983642578,0.030991703271865845
TRI_G,63,tubes/test/anomalous/063.png,1,clean_defect,32x32,17,24,0.010257781172792116,0.0033055812120437625,0.005704991519451141,0.009240195155143738,0.013196974992752075,0.01770583987236023,0.0009701251983642578,0.030991703271865845
TRI_G,63,tubes/test/anomalous/063.png,1,boundary,32x32,17,17,0.011925408068825217,0.0034174084663391112,0.009291738271713257,0.010459467768669128,0.015364587306976318,0.020352733135223382,0.003186643123626709,0.0274466872215271
TRI_G,64,tubes/test/anomalous/064.png,1,abnormal_normal,32x32,22,983,0.013871446563099583,0.001436014287173748,0.006013146601617336,0.011375926434993744,0.01902707666158676,0.034290871024131774,0.0,0.06518419831991196
TRI_G,64,tubes/test/anomalous/064.png,1,defect,32x32,22,41,0.017870886387621483,0.0017594918608665466,0.008139044046401978,0.01596621423959732,0.023480743169784546,0.04859592020511627,0.0007544904947280884,0.07719618082046509
TRI_G,64,tubes/test/anomalous/064.png,1,clean_defect,32x32,22,19,0.019828327588344876,0.003160116821527481,0.008696720004081726,0.012236684560775757,0.02555239200592041,0.05735263526439662,0.0007544904947280884,0.07719618082046509
TRI_G,64,tubes/test/anomalous/064.png,1,boundary,32x32,22,22,0.01618036898699674,0.0018303070217370989,0.0062009841203689575,0.016202125698328018,0.021004218608140945,0.03346507735550403,0.0016618594527244568,0.04859592020511627
TRI_G,65,tubes/test/anomalous/065.png,1,abnormal_normal,32x32,30,963,0.013881772059293489,0.0015169862657785417,0.006169024854898453,0.011423870921134949,0.019158218055963516,0.03526754826307296,0.0,0.07254092395305634
TRI_G,65,tubes/test/anomalous/065.png,1,defect,32x32,30,61,0.02112383603072557,0.0013492554426193237,0.0090847909450531,0.017810702323913574,0.026456087827682495,0.04796364903450012,0.00031103938817977905,0.06928300857543945
TRI_G,65,tubes/test/anomalous/065.png,1,clean_defect,32x32,30,31,0.024100011394869898,0.004033561795949936,0.008558392524719238,0.01849164068698883,0.031962648034095764,0.0659775584936142,0.0012252330780029297,0.06928300857543945
TRI_G,65,tubes/test/anomalous/065.png,1,boundary,32x32,30,30,0.018048454821109772,0.0009509392082691194,0.01050942949950695,0.0171675905585289,0.023495987057685852,0.03876780718564986,0.00031103938817977905,0.045308321714401245
TRI_G,66,tubes/test/anomalous/066.png,1,abnormal_normal,32x32,26,968,0.01360118716535705,0.001106131449341774,0.006050834432244301,0.011463873088359833,0.018836941570043564,0.0313984714448452,0.0,0.09332001954317093
TRI_G,66,tubes/test/anomalous/066.png,1,defect,32x32,26,56,0.01627248844930104,0.004487782716751099,0.007966246455907822,0.011673863977193832,0.022381871938705444,0.037209970876574516,0.0,0.07173116505146027
TRI_G,66,tubes/test/anomalous/066.png,1,clean_defect,32x32,26,30,0.016458472857872646,0.0055211041122674945,0.00824112631380558,0.014206476509571075,0.022558003664016724,0.03188173174858091,0.003951072692871094,0.053747087717056274
TRI_G,66,tubes/test/anomalous/066.png,1,boundary,32x32,26,26,0.01605789105479534,0.002357885241508484,0.006621867418289185,0.010304141789674759,0.02053122967481613,0.03747505880892277,0.0,0.07173116505146027
TRI_G,67,tubes/test/anomalous/067.png,1,abnormal_normal,32x32,20,983,0.013842584263999489,0.0015526250004768373,0.006111755967140198,0.01106320321559906,0.018997736275196075,0.03424223065376282,0.0,0.0714348554611206
TRI_G,67,tubes/test/anomalous/067.png,1,defect,32x32,20,41,0.022212052854096016,0.0016681849956512451,0.008822634816169739,0.016751959919929504,0.025942012667655945,0.06537839770317078,0.00014284253120422363,0.06641921401023865
TRI_G,67,tubes/test/anomalous/067.png,1,clean_defect,32x32,20,21,0.021553356377851395,0.004122734069824219,0.008371695876121521,0.016057699918746948,0.02193814516067505,0.05448862910270691,0.0016681849956512451,0.06641921401023865
TRI_G,67,tubes/test/anomalous/067.png,1,boundary,32x32,20,20,0.02290368415415287,0.00036901459097862246,0.011564282700419426,0.021136648952960968,0.026687631383538246,0.06538464240729809,0.00014284253120422363,0.06550329178571701
TRI_G,68,tubes/test/anomalous/068.png,1,abnormal_normal,32x32,31,960,0.014369961689711393,0.0013469384983181953,0.00614057295024395,0.01171068474650383,0.01983955316245556,0.03680169396102428,0.0,0.06406127661466599
TRI_G,68,tubes/test/anomalous/068.png,1,defect,32x32,31,64,0.018378865905106068,0.0002905253320932391,0.007565784268081188,0.01506941020488739,0.024624714627861977,0.04517094790935516,0.0,0.08020368218421936
TRI_G,68,tubes/test/anomalous/068.png,1,clean_defect,32x32,31,33,0.019797138192436912,0.0015029549598693849,0.007568042725324631,0.013702034950256348,0.024433284997940063,0.06139000058174132,0.0009216144680976868,0.08020368218421936
TRI_G,68,tubes/test/anomalous/068.png,1,boundary,32x32,31,31,0.01686909217988291,7.450580596923828e-09,0.006927043199539185,0.01565660536289215,0.024636227637529373,0.036587946116924286,0.0,0.043784528970718384
TRI_G,69,tubes/test/good/000.png,0,normal_image,32x32,0,1024,0.008959203615859224,0.0,0.0014744014479219913,0.005691659636795521,0.012409772258251905,0.030547559261322015,0.0,0.08021849393844604
TRI_G,70,tubes/test/good/001.png,0,normal_image,32x32,0,1024,0.010403014244957376,9.313225746154785e-10,0.0026265596970915794,0.007363687269389629,0.014486908912658691,0.031406765989959236,0.0,0.08113262057304382
TRI_G,71,tubes/test/good/002.png,0,normal_image,32x32,0,1024,0.011081913659836573,0.00024184351786971098,0.0036751236766576767,0.008623115718364716,0.01521789189428091,0.029544074833393094,0.0,0.10024446249008179
TRI_G,72,tubes/test/good/003.png,0,normal_image,32x32,0,1024,0.010268777867622703,3.725290298461914e-09,0.002791912294924259,0.0075170136988162994,0.014540795236825943,0.030255596712231634,0.0,0.07609263062477112
TRI_G,73,tubes/test/good/004.png,0,normal_image,32x32,0,1024,0.010455899298449367,1.862645149230957e-09,0.0028287596069276333,0.007431321777403355,0.014769754838198423,0.030405342206358897,0.0,0.08188304305076599
TRI_G,74,tubes/test/good/005.png,0,normal_image,32x32,0,1024,0.010630340059378796,3.725290298461914e-09,0.0030878307297825813,0.007778150960803032,0.015018621925264597,0.029349970258772312,0.0,0.10951364040374756
TRI_G,75,tubes/test/good/006.png,0,normal_image,32x32,0,1024,0.011994309713372786,8.28378833830357e-05,0.003908554092049599,0.009374324232339859,0.017270540818572044,0.032678855024278135,0.0,0.09382680058479309
TRI_G,76,tubes/test/good/007.png,0,normal_image,32x32,0,1024,0.011434688387453207,3.725290298461914e-09,0.003427111543715,0.008751303888857365,0.01637270301580429,0.03228654675185676,0.0,0.08588416129350662
TRI_G,77,tubes/test/good/008.png,0,normal_image,32x32,0,1024,0.011440782561749074,3.725290298461914e-09,0.003608596045523882,0.009457860141992569,0.01615753537043929,0.030135632492601865,0.0,0.06374237686395645
TRI_G,78,tubes/test/good/009.png,0,normal_image,32x32,0,1024,0.010800719168400974,3.725290298461914e-09,0.003597026690840721,0.008804808370769024,0.01548437587916851,0.02921901009976861,0.0,0.07375352084636688
TRI_G,79,tubes/test/good/010.png,0,normal_image,32x32,0,1024,0.011138050770341579,3.725290298461914e-09,0.003604306373745203,0.008692119270563126,0.01520660798996687,0.03135521728545427,0.0,0.08813826739788055
TRI_G,80,tubes/test/good/011.png,0,normal_image,32x32,0,1024,0.011898447191015293,0.000434558652341366,0.004456576891243458,0.009218037128448486,0.01643689814954996,0.03190324790775773,0.0,0.07738149166107178
TRI_G,81,tubes/test/good/012.png,0,normal_image,32x32,0,1024,0.011158888874660988,9.313225746154785e-10,0.003072473220527172,0.008073423057794571,0.015391394961625338,0.032992242835462086,0.0,0.07205358147621155
TRI_G,82,tubes/test/good/013.png,0,normal_image,32x32,0,1024,0.011804232718077401,5.643190816044808e-05,0.0037661902606487274,0.009018093347549438,0.016821393743157387,0.03243215288966894,0.0,0.05826094001531601
TRI_G,83,tubes/test/good/014.png,0,normal_image,32x32,0,1024,0.01142104213499806,3.3935531973838833e-06,0.003955287858843803,0.009043803438544273,0.01624676864594221,0.030983519554138167,0.0,0.12762704491615295
TRI_G,84,tubes/test/good/015.png,0,normal_image,32x32,0,1024,0.011033569665869436,3.725290298461914e-09,0.0035909712314605713,0.00822377484291792,0.015922597143799067,0.03105503292754292,0.0,0.06275177001953125
TRI_G,85,tubes/test/good/016.png,0,normal_image,32x32,0,1024,0.010381320392298221,0.0,0.0023596640676259995,0.00796060636639595,0.01497045997530222,0.029910888336598863,-3.725290298461914e-09,0.09576744586229324
TRI_G,86,tubes/test/good/017.png,0,normal_image,32x32,0,1024,0.010598642306831607,0.0,0.0026086680591106415,0.007906051352620125,0.015595240518450737,0.03169557414948939,0.0,0.06839852780103683
TRI_G,87,tubes/test/good/018.png,0,normal_image,32x32,0,1024,0.00882039910493404,0.0,0.0009848373010754585,0.005836408585309982,0.013372323010116816,0.027353023737668986,0.0,0.09299839287996292
TRI_G,88,tubes/test/good/019.png,0,normal_image,32x32,0,1024,0.00998925655403582,0.0,0.002473270520567894,0.007032960653305054,0.014561190269887447,0.030219792481511826,0.0,0.08344538509845734
TRI_G,89,tubes/test/good/020.png,0,normal_image,32x32,0,1024,0.009227285413999198,0.0,0.0015958508010953665,0.00625397777184844,0.013694030232727528,0.027655564714223133,0.0,0.07106264680624008
TRI_G,90,tubes/test/good/021.png,0,normal_image,32x32,0,1024,0.009179119825603266,0.0,0.0014718067832291126,0.006741156801581383,0.01352802012115717,0.028243913780897842,0.0,0.07063595950603485
TRI_G,91,tubes/test/good/022.png,0,normal_image,32x32,0,1024,0.009333415728860928,0.0,0.0017438246868550777,0.006131432950496674,0.013893104624003172,0.029064226523041723,0.0,0.056756772100925446
TRI_G,92,tubes/test/good/023.png,0,normal_image,32x32,0,1024,0.010562548697635066,0.0,0.0026821508072316647,0.0076591214165091515,0.015154710970818996,0.03257760014384984,0.0,0.09065525233745575
TRI_G,93,tubes/test/good/024.png,0,normal_image,32x32,0,1024,0.0101138233369511,9.313225746154785e-10,0.0026282728649675846,0.00741981528699398,0.014693151228129864,0.029909943416714664,0.0,0.06629575788974762
TRI_G,94,tubes/test/good/025.png,0,normal_image,32x32,0,1024,0.009424858082866194,0.0,0.0017301775515079498,0.007001648657023907,0.014295226894319057,0.02837447803467512,0.0,0.04942077398300171
TRI_G,95,tubes/test/good/026.png,0,normal_image,32x32,0,1024,0.009762803909325157,0.0,0.0016584738623350859,0.006395330652594566,0.013982560485601425,0.030919412523508067,0.0,0.06502671539783478
TRI_G,96,tubes/test/good/027.png,0,normal_image,32x32,0,1024,0.008900266297132475,0.0,0.0012889555655419827,0.006072511896491051,0.013081531971693039,0.028024486079812037,0.0,0.08409375697374344
TRI_G,97,tubes/test/good/028.png,0,normal_image,32x32,0,1024,0.010130309519354341,0.0,0.0023910216987133026,0.007376395165920258,0.014980473089963198,0.029564063064754,0.0,0.06888526678085327
TRI_G,98,tubes/test/good/029.png,0,normal_image,32x32,0,1024,0.010419929313002285,0.0,0.002375395968556404,0.00780847854912281,0.01484973356127739,0.030375345237553097,0.0,0.06901703029870987
TRI_G,99,tubes/test/good/030.png,0,normal_image,32x32,0,1024,0.01021682190298634,0.0,0.002166304737329483,0.007183931767940521,0.014858807437121868,0.031230818200856433,0.0,0.07169249653816223
TRI_G,100,tubes/test/good/031.png,0,normal_image,32x32,0,1024,0.00837377355173885,0.0,0.0004337639547884464,0.004959775134921074,0.012018908746540546,0.02820672728121277,0.0,0.09075505286455154
BAL_G,0,tubes/test/anomalous/000.png,1,abnormal_normal,32x32,10,1000,0.0124757921397686,0.0006918273866176606,0.004952479153871536,0.009775407612323761,0.016557641327381134,0.034279732406139345,0.0,0.07193863391876221
BAL_G,0,tubes/test/anomalous/000.png,1,defect,32x32,10,24,0.019638289387027424,0.007644878327846528,0.01415836438536644,0.020030081272125244,0.025091081857681274,0.03182538673281669,0.003809019923210144,0.04049050807952881
BAL_G,0,tubes/test/anomalous/000.png,1,clean_defect,32x32,10,14,0.01977682432958058,0.008399130403995514,0.012471295893192291,0.020030081272125244,0.02476523071527481,0.03280197530984878,0.007418602705001831,0.04049050807952881
BAL_G,0,tubes/test/anomalous/000.png,1,boundary,32x32,10,10,0.019444340467453004,0.008025868237018586,0.014586973935365677,0.01912640780210495,0.02479534223675728,0.031245390325784682,0.003809019923210144,0.0321153849363327
BAL_G,1,tubes/test/anomalous/001.png,1,abnormal_normal,32x32,10,1002,0.01276923524226971,0.0007310017943382266,0.0047719962894916534,0.010005742311477661,0.017705045640468597,0.034366852045059175,0.0,0.10794852674007416
BAL_G,1,tubes/test/anomalous/001.png,1,defect,32x32,10,22,0.017811817879026585,0.003129515051841736,0.010826323181390762,0.01478605717420578,0.0216059647500515,0.03857501521706581,0.0009472370147705078,0.06084282696247101
BAL_G,1,tubes/test/anomalous/001.png,1,clean_defect,32x32,10,12,0.01207174981633822,0.0020458541810512544,0.0075936466455459595,0.011434845626354218,0.014693450182676315,0.024193236976861945,0.0009472370147705078,0.029554307460784912
BAL_G,1,tubes/test/anomalous/001.png,1,boundary,32x32,10,10,0.024699899554252624,0.009517794102430343,0.016922593116760254,0.021407432854175568,0.026493236422538757,0.05103596001863477,0.007971346378326416,0.06084282696247101
BAL_G,2,tubes/test/anomalous/002.png,1,abnormal_normal,32x32,9,1002,0.012906428433939845,0.0009763978421688082,0.004914812743663788,0.010136671364307404,0.018173158168792725,0.034265441447496416,0.0,0.08075284957885742
BAL_G,2,tubes/test/anomalous/002.png,1,defect,32x32,9,22,0.01606965200467543,0.004450874030590057,0.0112118199467659,0.015898190438747406,0.021357234567403793,0.02843480110168457,0.0038224756717681885,0.031072810292243958
BAL_G,2,tubes/test/anomalous/002.png,1,clean_defect,32x32,9,13,0.018323882268025324,0.009610429406166077,0.0135316401720047,0.01689101755619049,0.021772906184196472,0.02956157326698303,0.007575705647468567,0.031072810292243958
BAL_G,2,tubes/test/anomalous/002.png,1,boundary,32x32,9,9,0.012813541624281142,0.004055935144424439,0.005301117897033691,0.01213333010673523,0.019154205918312073,0.021364402770996094,0.0038224756717681885,0.021492570638656616
BAL_G,3,tubes/test/anomalous/003.png,1,abnormal_normal,32x32,9,1002,0.012859628080369945,0.0004249073565006257,0.004461057484149933,0.009718090295791626,0.01772337034344673,0.03468890488147735,0.0,0.09360863268375397
BAL_G,3,tubes/test/anomalous/003.png,1,defect,32x32,9,22,0.015431768514893272,0.005088599026203155,0.010933101177215576,0.016725696623325348,0.01910683885216713,0.02738724425435066,0.005045861005783081,0.02984797954559326
BAL_G,3,tubes/test/anomalous/003.png,1,clean_defect,32x32,9,13,0.016028570441099312,0.00563555359840393,0.011591807007789612,0.016922548413276672,0.020846039056777954,0.02537732124328613,0.005045861005783081,0.0275699645280838
BAL_G,3,tubes/test/anomalous/003.png,1,boundary,32x32,9,9,0.014569721288151212,0.005128350853919983,0.008793145418167114,0.016585752367973328,0.016997814178466797,0.025719177722930905,0.00508292019367218,0.02984797954559326
BAL_G,4,tubes/test/anomalous/004.png,1,abnormal_normal,32x32,9,1003,0.013353626859390129,0.00026668012142181394,0.004400767385959625,0.010248720645904541,0.01852376013994217,0.03702122867107391,0.0,0.112708181142807
BAL_G,4,tubes/test/anomalous/004.png,1,defect,32x32,9,21,0.017921783384822663,0.00901639461517334,0.013342022895812988,0.017027050256729126,0.022102922201156616,0.03060963749885559,0.004410833120346069,0.034944504499435425
BAL_G,4,tubes/test/anomalous/004.png,1,clean_defect,32x32,9,12,0.017409570515155792,0.009284588694572448,0.012587830424308777,0.017335280776023865,0.02118491381406784,0.027330742776393885,0.00901639461517334,0.03060963749885559
BAL_G,4,tubes/test/anomalous/004.png,1,boundary,32x32,9,9,0.018604733877711825,0.007462108135223388,0.013805419206619263,0.017027050256729126,0.023943692445755005,0.032031279802322385,0.004410833120346069,0.034944504499435425
BAL_G,5,tubes/test/anomalous/005.png,1,abnormal_normal,32x32,8,1003,0.012566844389540843,0.00042843371629714967,0.00400388240814209,0.00959700345993042,0.0172027125954628,0.03540392071008682,0.0,0.11349135637283325
BAL_G,5,tubes/test/anomalous/005.png,1,defect,32x32,8,21,0.016211378432455518,0.007026731967926025,0.013976708054542542,0.01536308228969574,0.018849998712539673,0.024623513221740723,0.005766451358795166,0.0298861563205719
BAL_G,5,tubes/test/anomalous/005.png,1,clean_defect,32x32,8,13,0.017604228395682115,0.010249602794647218,0.01399676501750946,0.01619802415370941,0.02081562578678131,0.026728570461273186,0.007026731967926025,0.0298861563205719
BAL_G,5,tubes/test/anomalous/005.png,1,boundary,32x32,8,8,0.013947997242212296,0.007708694785833359,0.011823371052742004,0.014370627701282501,0.015900444239377975,0.01970941424369812,0.005766451358795166,0.020892351865768433
BAL_G,6,tubes/test/anomalous/006.png,1,abnormal_normal,32x32,4,1008,0.012361735741179141,0.00025606453418731696,0.004144083708524704,0.009160839021205902,0.017139408737421036,0.033964914828538896,0.0,0.11550836265087128
BAL_G,6,tubes/test/anomalous/006.png,1,defect,32x32,4,16,0.019355486147105694,0.003017038106918335,0.009637083858251572,0.015775203704833984,0.021634798496961594,0.052863769233226776,0.0027337968349456787,0.06298381090164185
BAL_G,6,tubes/test/anomalous/006.png,1,clean_defect,32x32,4,12,0.020757668962081272,0.00294150710105896,0.009288854897022247,0.016415104269981384,0.02324831858277321,0.055562447011470784,0.0027337968349456787,0.06298381090164185
BAL_G,6,tubes/test/anomalous/006.png,1,boundary,32x32,4,4,0.015148937702178955,0.00860588178038597,0.01127658411860466,0.015576578676700592,0.019448932260274887,0.021093296259641646,0.007938206195831299,0.021504387259483337
BAL_G,7,tubes/test/anomalous/007.png,1,abnormal_normal,32x32,9,1003,0.013055979225000855,0.0006305545568466187,0.004230201244354248,0.010061174631118774,0.018050670623779297,0.036770474910736074,0.0,0.0918988585472107
BAL_G,7,tubes/test/anomalous/007.png,1,defect,32x32,9,21,0.015368197645459856,0.006032690405845642,0.008387967944145203,0.014270231127738953,0.019468635320663452,0.027321964502334595,0.002426058053970337,0.04259723424911499
BAL_G,7,tubes/test/anomalous/007.png,1,clean_defect,32x32,9,12,0.018625212212403614,0.006573241949081421,0.011729486286640167,0.018971122801303864,0.02227737382054329,0.03419583588838576,0.006032690405845642,0.04259723424911499
BAL_G,7,tubes/test/anomalous/007.png,1,boundary,32x32,9,9,0.01102551155620151,0.004732745885848999,0.008203834295272827,0.00969552993774414,0.014387324452400208,0.017065310478210447,0.002426058053970337,0.018125593662261963
BAL_G,8,tubes/test/anomalous/008.png,1,abnormal_normal,32x32,8,1005,0.011006330672781266,5.494654178619388e-05,0.0034433603286743164,0.008571535348892212,0.016069769859313965,0.03152535259723661,0.0,0.10824444890022278
BAL_G,8,tubes/test/anomalous/008.png,1,defect,32x32,8,19,0.01768575608730316,0.005409348011016846,0.010259538888931274,0.014989018440246582,0.020632170140743256,0.042872437834739686,0.002313971519470215,0.0430905818939209
BAL_G,8,tubes/test/anomalous/008.png,1,clean_defect,32x32,8,11,0.021508077328855343,0.010259538888931274,0.013357073068618774,0.018264591693878174,0.025020740926265717,0.042969390749931335,0.010194271802902222,0.0430905818939209
BAL_G,8,tubes/test/anomalous/008.png,1,boundary,32x32,8,8,0.012430064380168915,0.003517729043960571,0.00655495747923851,0.010507076978683472,0.017233051359653473,0.024659667909145352,0.002313971519470215,0.026927337050437927
BAL_G,9,tubes/test/anomalous/009.png,1,abnormal_normal,32x32,10,1003,0.011626154020918924,0.0,0.003742605447769165,0.008517026901245117,0.016762055456638336,0.03229859322309494,0.0,0.12787218391895294
BAL_G,9,tubes/test/anomalous/009.png,1,defect,32x32,10,21,0.025732833714712234,0.009188711643218994,0.011025965213775635,0.021802738308906555,0.03650398552417755,0.0626457929611206,0.007087692618370056,0.06547755002975464
BAL_G,9,tubes/test/anomalous/009.png,1,clean_defect,32x32,10,11,0.028173252940177917,0.010313890874385834,0.015365853905677795,0.023572444915771484,0.03279490023851395,0.060195863246917725,0.009601816534996033,0.06547755002975464
BAL_G,9,tubes/test/anomalous/009.png,1,boundary,32x32,10,10,0.023048372566699983,0.008033151179552079,0.009343855082988739,0.014750383794307709,0.03541218861937523,0.05221590250730512,0.007087692618370056,0.0626457929611206
BAL_G,10,tubes/test/anomalous/010.png,1,abnormal_normal,32x32,8,1004,0.012422305208990774,0.00026327967643737806,0.004204493016004562,0.009521342813968658,0.017773829400539398,0.03459373638033866,0.0,0.09292176365852356
BAL_G,10,tubes/test/anomalous/010.png,1,defect,32x32,8,20,0.02240661010146141,0.004051674902439118,0.014495186507701874,0.021127909421920776,0.03006560355424881,0.04268644154071809,0.0,0.051384687423706055
BAL_G,10,tubes/test/anomalous/010.png,1,clean_defect,32x32,8,12,0.026071918507417042,0.009494082629680635,0.01559518650174141,0.02480904757976532,0.03266371041536331,0.0463488608598709,0.004264920949935913,0.051384687423706055
BAL_G,10,tubes/test/anomalous/010.png,1,boundary,32x32,8,8,0.01690864749252796,0.002817592024803162,0.009143441915512085,0.017835713922977448,0.021688193082809448,0.03196342587471008,0.0,0.03259474039077759
BAL_G,11,tubes/test/anomalous/011.png,1,abnormal_normal,32x32,8,1004,0.012098139693656291,0.00041464567184448244,0.004206113517284393,0.009289883077144623,0.016282539814710617,0.033198900520801516,0.0,0.08885636925697327
BAL_G,11,tubes/test/anomalous/011.png,1,defect,32x32,8,20,0.02870750054717064,0.007183494418859482,0.01194823533296585,0.022470757365226746,0.03232350945472717,0.07400771528482437,0.007034614682197571,0.07707327604293823
BAL_G,11,tubes/test/anomalous/011.png,1,clean_defect,32x32,8,12,0.035598378628492355,0.007740356028079987,0.015584304928779602,0.030266717076301575,0.05684681981801987,0.07529847770929336,0.007191330194473267,0.07707327604293823
BAL_G,11,tubes/test/anomalous/011.png,1,boundary,32x32,8,8,0.018371183425188065,0.007253479212522507,0.01034080982208252,0.015772387385368347,0.027776986360549927,0.03148249685764313,0.007034614682197571,0.03152914345264435
BAL_G,12,tubes/test/anomalous/012.png,1,abnormal_normal,32x32,9,1003,0.011136996365734493,1.9428133964538604e-05,0.0032539665699005127,0.008083105087280273,0.015944719314575195,0.031647692620754224,0.0,0.08353753387928009
BAL_G,12,tubes/test/anomalous/012.png,1,defect,32x32,9,21,0.024043344316028413,0.005741611123085022,0.017792969942092896,0.02507537603378296,0.03101906180381775,0.048333048820495605,0.0035826563835144043,0.04840584099292755
BAL_G,12,tubes/test/anomalous/012.png,1,clean_defect,32x32,9,12,0.02541593834757805,0.006305176019668579,0.017927147448062897,0.025006935000419617,0.03198380768299103,0.04314458668231964,0.005741611123085022,0.048333048820495605
BAL_G,12,tubes/test/anomalous/012.png,1,boundary,32x32,9,9,0.0222132189406289,0.005113589763641358,0.008687883615493774,0.02507537603378296,0.02939780056476593,0.042023310065269465,0.0035826563835144043,0.04840584099292755
BAL_G,13,tubes/test/anomalous/013.png,1,abnormal_normal,32x32,5,1015,0.011177612642936518,7.03781843185425e-05,0.003446802496910095,0.008153393864631653,0.015363715589046478,0.03192272186279296,0.0,0.0932258814573288
BAL_G,13,tubes/test/anomalous/013.png,1,defect,32x32,5,9,0.018989909026357863,0.005679908394813538,0.010567456483840942,0.015229910612106323,0.02271440625190735,0.04037711024284363,0.0026653558015823364,0.04381978511810303
BAL_G,13,tubes/test/anomalous/013.png,1,clean_defect,32x32,5,4,0.012794282287359238,0.0038506709039211277,0.008591931313276291,0.012898683547973633,0.01710103452205658,0.021591731905937193,0.0026653558015823364,0.02271440625190735
BAL_G,13,tubes/test/anomalous/013.png,1,boundary,32x32,5,5,0.02394641041755676,0.010566392540931701,0.012025013566017151,0.018472418189048767,0.03521309792995453,0.04209844768047333,0.01020173728466034,0.04381978511810303
BAL_G,14,tubes/test/anomalous/014.png,1,abnormal_normal,32x32,5,1013,0.01165220419428544,0.00031998753547668457,0.004031121730804443,0.008962288498878479,0.016487672924995422,0.03113894462585449,0.0,0.09210368990898132
BAL_G,14,tubes/test/anomalous/014.png,1,defect,32x32,5,11,0.020325578071854332,0.01069401204586029,0.012701459228992462,0.014455214142799377,0.025210268795490265,0.04085547477006912,0.009991317987442017,0.04222986102104187
BAL_G,14,tubes/test/anomalous/014.png,1,clean_defect,32x32,5,6,0.01941502590974172,0.012880291789770126,0.01419612392783165,0.015274584293365479,0.016871660947799683,0.035955119878053665,0.012470468878746033,0.04222986102104187
BAL_G,14,tubes/test/anomalous/014.png,1,boundary,32x32,5,5,0.021418240666389466,0.010272395610809327,0.011396706104278564,0.012932449579238892,0.03328964114189148,0.03824279904365539,0.009991317987442017,0.039481088519096375
BAL_G,15,tubes/test/anomalous/015.png,1,abnormal_normal,32x32,8,1012,0.011737597981107094,0.00023963451385498047,0.00397828221321106,0.009073249995708466,0.016578249633312225,0.0337136447429657,0.0,0.06541089713573456
BAL_G,15,tubes/test/anomalous/015.png,1,defect,32x32,8,12,0.017530934264262516,0.0,0.005627647042274475,0.017518728971481323,0.025448612868785858,0.03797232285141944,0.0,0.048916950821876526
BAL_G,15,tubes/test/anomalous/015.png,1,clean_defect,32x32,8,4,0.00995723158121109,0.0008966088294982911,0.004483044147491455,0.008391901850700378,0.013866089284420013,0.02120931595563888,0.0,0.023045122623443604
BAL_G,15,tubes/test/anomalous/015.png,1,boundary,32x32,8,8,0.02131778560578823,0.0016024440526962282,0.010138854384422302,0.025285959243774414,0.02635318785905838,0.04195218756794929,0.0,0.048916950821876526
BAL_G,16,tubes/test/anomalous/016.png,1,abnormal_normal,32x32,8,1012,0.011406115097961878,0.0003796912729740143,0.0037873685359954834,0.008825376629829407,0.01582493633031845,0.03259203732013701,0.0,0.08280377089977264
BAL_G,16,tubes/test/anomalous/016.png,1,defect,32x32,8,12,0.014695835610230764,0.006870099902153015,0.008739933371543884,0.010693557560443878,0.01650116592645645,0.03235809579491614,0.00646054744720459,0.03863061964511871
BAL_G,16,tubes/test/anomalous/016.png,1,clean_defect,32x32,8,4,0.014335297048091888,0.009021078050136567,0.009269289672374725,0.010578066110610962,0.015644073486328125,0.024909639358520502,0.008959025144577026,0.027226030826568604
BAL_G,16,tubes/test/anomalous/016.png,1,boundary,32x32,8,8,0.014876104891300201,0.006721171736717224,0.00786329060792923,0.011522643268108368,0.01650116592645645,0.03224096968770026,0.00646054744720459,0.03863061964511871
BAL_G,17,tubes/test/anomalous/017.png,1,abnormal_normal,32x32,3,1015,0.011800490459197848,0.0006024062633514405,0.004392437636852264,0.00965060293674469,0.016203641891479492,0.03197512179613111,0.0,0.09354177117347717
BAL_G,17,tubes/test/anomalous/017.png,1,defect,32x32,3,9,0.011872029966778226,0.000388789176940918,0.004556551575660706,0.007421731948852539,0.01881648600101471,0.028890866041183468,0.0,0.03362756967544556
BAL_G,17,tubes/test/anomalous/017.png,1,clean_defect,32x32,3,6,0.010160505771636963,0.00024299323558807373,0.0018681176006793976,0.005989141762256622,0.012644339352846146,0.028816979378461838,0.0,0.03362756967544556
BAL_G,17,tubes/test/anomalous/017.png,1,boundary,32x32,3,3,0.015295078357060751,0.006636293232440948,0.012049712240695953,0.01881648600101471,0.020301148295402527,0.02148887813091278,0.005282938480377197,0.021785810589790344
BAL_G,18,tubes/test/anomalous/018.png,1,abnormal_normal,32x32,3,1015,0.012509816958399242,0.0004261612892150879,0.004635058343410492,0.009549647569656372,0.01709093153476715,0.03477650135755538,0.0,0.08911901712417603
BAL_G,18,tubes/test/anomalous/018.png,1,defect,32x32,3,9,0.011249977681371901,0.0,0.004142582416534424,0.005927562713623047,0.021061763167381287,0.029066866636276244,0.0,0.031991928815841675
BAL_G,18,tubes/test/anomalous/018.png,1,clean_defect,32x32,3,6,0.00856103003025055,0.0,0.001229848712682724,0.0054234787821769714,0.00787736102938652,0.026125770062208176,0.0,0.031991928815841675
BAL_G,18,tubes/test/anomalous/018.png,1,boundary,32x32,3,3,0.016627872983614605,0.00583450049161911,0.012602172791957855,0.021061763167381287,0.022870518267154694,0.02431752234697342,0.004142582416534424,0.0246792733669281
BAL_G,19,tubes/test/anomalous/019.png,1,abnormal_normal,32x32,9,1004,0.013490373543296677,0.0009209185838699342,0.005688827484846115,0.010809384286403656,0.018345892429351807,0.035149253159761425,0.0,0.12935803830623627
BAL_G,19,tubes/test/anomalous/019.png,1,defect,32x32,9,20,0.018924127519130706,0.001503327488899231,0.006094340234994888,0.012579038739204407,0.02971753105521202,0.049590402841567995,0.001087874174118042,0.05237762629985809
BAL_G,19,tubes/test/anomalous/019.png,1,clean_defect,32x32,9,11,0.01385380598631772,0.002234242856502533,0.0054579079151153564,0.011238336563110352,0.021566174924373627,0.030262388288974762,0.001087874174118042,0.031352102756500244
BAL_G,19,tubes/test/anomalous/019.png,1,boundary,32x32,9,9,0.025121187170346577,0.0028167366981506348,0.00654110312461853,0.02691696584224701,0.03852801024913788,0.05120405852794647,0.001525193452835083,0.05237762629985809
BAL_G,20,tubes/test/anomalous/020.png,1,abnormal_normal,32x32,8,1006,0.01190970192254182,0.0004533529281616211,0.004330269992351532,0.009551957249641418,0.016376767307519913,0.030890490859746933,0.0,0.1172657459974289
BAL_G,20,tubes/test/anomalous/020.png,1,defect,32x32,8,18,0.016061246395111084,0.00457768663764,0.009777385741472244,0.012221671640872955,0.021937653422355652,0.03225624114274978,0.001026257872581482,0.03416295349597931
BAL_G,20,tubes/test/anomalous/020.png,1,clean_defect,32x32,8,10,0.013201330602169038,0.0029064260423183443,0.007322292774915695,0.009797550737857819,0.01885758712887764,0.028828314691781987,0.001026257872581482,0.03416295349597931
BAL_G,20,tubes/test/anomalous/020.png,1,boundary,32x32,8,8,0.019636141136288643,0.010252714157104492,0.011360734701156616,0.01588209718465805,0.03004361316561699,0.03178312405943871,0.009866565465927124,0.03191976249217987
BAL_G,21,tubes/test/anomalous/021.png,1,abnormal_normal,32x32,11,1004,0.012276103000241921,0.0005318157374858857,0.0046434663236141205,0.00960475206375122,0.0167972631752491,0.03262227103114122,0.0,0.08128511905670166
BAL_G,21,tubes/test/anomalous/021.png,1,defect,32x32,11,20,0.016041885316371917,0.005807680636644364,0.008497830480337143,0.014567844569683075,0.02265787124633789,0.028122393786907212,0.0027787983417510986,0.04746781289577484
BAL_G,21,tubes/test/anomalous/021.png,1,clean_defect,32x32,11,9,0.012568496995502047,0.006222650408744812,0.008190616965293884,0.011074185371398926,0.015205234289169312,0.02284242808818817,0.005967095494270325,0.023050501942634583
BAL_G,21,tubes/test/anomalous/021.png,1,boundary,32x32,11,11,0.01888374848799272,0.004463449120521545,0.0112653449177742,0.01974576711654663,0.023229487240314484,0.03728601336479187,0.0027787983417510986,0.04746781289577484
BAL_G,22,tubes/test/anomalous/022.png,1,abnormal_normal,32x32,10,1004,0.012073924816937085,0.00032223314046859753,0.004265286028385162,0.00898335874080658,0.01657925546169281,0.03360235691070555,0.0,0.11465752124786377
BAL_G,22,tubes/test/anomalous/022.png,1,defect,32x32,10,20,0.013925717771053314,0.0024027436971664432,0.005413152277469635,0.009197525680065155,0.01572931930422783,0.03376884087920191,0.0,0.0545385479927063
BAL_G,22,tubes/test/anomalous/022.png,1,clean_defect,32x32,10,10,0.013835006952285766,0.003627581894397736,0.005554761737585068,0.010535046458244324,0.018834087997674942,0.03194773346185684,0.0025292038917541504,0.03267569839954376
BAL_G,22,tubes/test/anomalous/022.png,1,boundary,32x32,10,10,0.014016428589820861,0.0018663883209228515,0.005686227232217789,0.009197525680065155,0.012932691723108292,0.04160857722163197,0.0,0.0545385479927063
BAL_G,23,tubes/test/anomalous/023.png,1,abnormal_normal,32x32,10,1004,0.011345769853824638,0.00014084130525588996,0.003695353865623474,0.008903518319129944,0.01702706515789032,0.029076090455055232,0.0,0.10086014866828918
BAL_G,23,tubes/test/anomalous/023.png,1,defect,32x32,10,20,0.014114747196435929,0.004489365220069885,0.009154852479696274,0.011350281536579132,0.01666189730167389,0.029283922910690312,0.003724426031112671,0.03334440290927887
BAL_G,23,tubes/test/anomalous/023.png,1,clean_defect,32x32,10,10,0.01575426459312439,0.00752025619149208,0.009444467723369598,0.01161552220582962,0.022864673286676407,0.028895353525876997,0.0068364739418029785,0.029070213437080383
BAL_G,23,tubes/test/anomalous/023.png,1,boundary,32x32,10,10,0.012475229799747467,0.0040867656469345095,0.009166602045297623,0.011350281536579132,0.013092659413814545,0.025744826346635802,0.003724426031112671,0.03334440290927887
BAL_G,24,tubes/test/anomalous/024.png,1,abnormal_normal,32x32,12,1002,0.012777863297157896,0.0006393060088157654,0.0043494924902915955,0.00940927118062973,0.018292222172021866,0.03469474613666532,0.0,0.0904397964477539
BAL_G,24,tubes/test/anomalous/024.png,1,defect,32x32,12,22,0.024262747981331566,0.001652380079030991,0.011486709117889404,0.018575221300125122,0.035130299627780914,0.05370253473520279,0.0,0.07274371385574341
BAL_G,24,tubes/test/anomalous/024.png,1,clean_defect,32x32,12,10,0.031437371671199796,0.003957693278789521,0.013770006597042084,0.029874809086322784,0.04575449228286743,0.06331317424774167,0.001400783658027649,0.07274371385574341
BAL_G,24,tubes/test/anomalous/024.png,1,boundary,32x32,12,12,0.018283894906441372,0.0035379916429519654,0.010852895677089691,0.01737886667251587,0.022950265556573868,0.03909642845392225,0.0,0.05380335450172424
BAL_G,25,tubes/test/anomalous/025.png,1,abnormal_normal,32x32,14,1001,0.013363125649365511,0.0004085153341293335,0.0041228532791137695,0.010308250784873962,0.018098995089530945,0.03615818917751312,0.0,0.0750853568315506
BAL_G,25,tubes/test/anomalous/025.png,1,defect,32x32,14,23,0.026124252573303555,0.007554125785827637,0.01222827285528183,0.02615329623222351,0.034418344497680664,0.05168007612228393,0.0026427805423736572,0.06376732885837555
BAL_G,25,tubes/test/anomalous/025.png,1,clean_defect,32x32,14,9,0.026686633626619976,0.013410118222236634,0.018779337406158447,0.02615329623222351,0.03359958529472351,0.045415323972702024,0.01091967523097992,0.0519162118434906
BAL_G,25,tubes/test/anomalous/025.png,1,boundary,32x32,14,14,0.02576272189617157,0.005596838891506195,0.011721659451723099,0.025821223855018616,0.034451961517333984,0.05452922061085701,0.0026427805423736572,0.06376732885837555
BAL_G,26,tubes/test/anomalous/026.png,1,abnormal_normal,32x32,9,1003,0.0121060232162951,0.000552774965763092,0.004480272531509399,0.009766727685928345,0.01640871912240982,0.03162783086299896,0.0,0.11560216546058655
BAL_G,26,tubes/test/anomalous/026.png,1,defect,32x32,9,21,0.020332202315330505,0.00931479036808014,0.01366676390171051,0.01979967951774597,0.02319622039794922,0.03833547234535217,0.006470918655395508,0.03957822918891907
BAL_G,26,tubes/test/anomalous/026.png,1,clean_defect,32x32,9,12,0.020674053579568863,0.010332221537828446,0.014365814626216888,0.019254975020885468,0.02316613495349884,0.036182412505149836,0.00931479036808014,0.03833547234535217
BAL_G,26,tubes/test/anomalous/026.png,1,boundary,32x32,9,9,0.019876400629679363,0.00829867720603943,0.011369794607162476,0.01979967951774597,0.02319622039794922,0.033894753456115714,0.006470918655395508,0.03957822918891907
BAL_G,27,tubes/test/anomalous/027.png,1,abnormal_normal,32x32,10,1003,0.012892914703812224,0.0006218701601028442,0.00503317266702652,0.01003710925579071,0.017333872616291046,0.037236945331096644,0.0,0.08025629818439484
BAL_G,27,tubes/test/anomalous/027.png,1,defect,32x32,10,21,0.017425137616339185,0.007687002420425415,0.011294186115264893,0.015911534428596497,0.022775575518608093,0.029113829135894775,0.0075609683990478516,0.03810957074165344
BAL_G,27,tubes/test/anomalous/027.png,1,clean_defect,32x32,10,11,0.020604176954789596,0.010792508721351624,0.014072597026824951,0.01935248076915741,0.02659253031015396,0.03361169993877411,0.010290831327438354,0.03810957074165344
BAL_G,27,tubes/test/anomalous/027.png,1,boundary,32x32,10,10,0.013928194344043732,0.007617683708667755,0.009489715099334717,0.013307318091392517,0.015511531382799149,0.024074469506740567,0.0075609683990478516,0.025137200951576233
BAL_G,28,tubes/test/anomalous/028.png,1,abnormal_normal,32x32,7,1006,0.012086154215378505,0.00048439204692840576,0.004119668155908585,0.009256042540073395,0.016562268137931824,0.03235878050327301,0.0,0.1021481454372406
BAL_G,28,tubes/test/anomalous/028.png,1,defect,32x32,7,18,0.027442997528447047,0.007241519540548325,0.01885094866156578,0.029852822422981262,0.036639731377363205,0.04227524027228355,0.0004654824733734131,0.044022247195243835
BAL_G,28,tubes/test/anomalous/028.png,1,clean_defect,32x32,7,11,0.03285082632845098,0.020193569362163544,0.025574475526809692,0.035954445600509644,0.03987349569797516,0.04299459606409073,0.017508327960968018,0.044022247195243835
BAL_G,28,tubes/test/anomalous/028.png,1,boundary,32x32,7,7,0.018944980842726573,0.002857024967670441,0.011252477765083313,0.014915302395820618,0.028957553207874298,0.03606398850679397,0.0004654824733734131,0.036814019083976746
BAL_G,29,tubes/test/anomalous/029.png,1,abnormal_normal,32x32,8,1005,0.011002407412030804,6.603598594665528e-05,0.0032280683517456055,0.007868185639381409,0.015205025672912598,0.03273160457611084,0.0,0.08499500155448914
BAL_G,29,tubes/test/anomalous/029.png,1,defect,32x32,8,19,0.01843823021964023,0.0017005562782287597,0.010168395936489105,0.014234781265258789,0.02296927571296692,0.042262725532054894,0.0011778473854064941,0.044997841119766235
BAL_G,29,tubes/test/anomalous/029.png,1,clean_defect,32x32,8,11,0.024052384224804966,0.005896575748920441,0.01388143002986908,0.02294921875,0.034820958971977234,0.043478332459926605,0.0024826228618621826,0.044997841119766235
BAL_G,29,tubes/test/anomalous/029.png,1,boundary,32x32,8,8,0.01071876846253872,0.0013811230659484864,0.00785859301686287,0.011920765042304993,0.013163819909095764,0.01930726915597915,0.0011778473854064941,0.02203860878944397
BAL_G,30,tubes/test/anomalous/030.png,1,abnormal_normal,32x32,12,999,0.012166481356959682,0.00022737979888916022,0.0043884217739105225,0.009422644972801208,0.016989141702651978,0.03316179364919659,0.0,0.0660078376531601
BAL_G,30,tubes/test/anomalous/030.png,1,defect,32x32,12,25,0.01756304979324341,0.0035651952028274542,0.011765807867050171,0.017693638801574707,0.023886382579803467,0.027539366483688352,0.0,0.03184369206428528
BAL_G,30,tubes/test/anomalous/030.png,1,clean_defect,32x32,12,13,0.020283836584824782,0.011403650045394897,0.016575545072555542,0.019842028617858887,0.024803757667541504,0.029389077425003046,0.010860413312911987,0.03184369206428528
BAL_G,30,tubes/test/anomalous/030.png,1,boundary,32x32,12,12,0.014615530769030253,0.001626768708229065,0.007057666778564453,0.016305357217788696,0.022433601319789886,0.024754154682159423,0.0,0.024826407432556152
BAL_G,31,tubes/test/anomalous/031.png,1,abnormal_normal,32x32,6,1004,0.013030333184744732,0.00041197612881660483,0.0048396289348602295,0.010133236646652222,0.018030885607004166,0.03517834097146986,0.0,0.07155410945415497
BAL_G,31,tubes/test/anomalous/031.png,1,defect,32x32,6,20,0.03328688964247704,0.017007557302713396,0.024990975856781006,0.02993836998939514,0.04059123247861862,0.054233095049858106,0.0099555104970932,0.06780409812927246
BAL_G,31,tubes/test/anomalous/031.png,1,clean_defect,32x32,6,14,0.03733296479497637,0.022794410586357117,0.027231283485889435,0.03246393799781799,0.04828313738107681,0.058518674969673154,0.01737871766090393,0.06780409812927246
BAL_G,31,tubes/test/anomalous/031.png,1,boundary,32x32,6,6,0.023846047619978588,0.013128813356161118,0.02266625314950943,0.022775545716285706,0.029731713235378265,0.03267495334148407,0.0099555104970932,0.03288942575454712
BAL_G,32,tubes/test/anomalous/032.png,1,abnormal_normal,32x32,11,1002,0.01166286804302486,0.0004030600190162659,0.004692472517490387,0.009434066712856293,0.015773355960845947,0.03082085996866224,0.0,0.08030210435390472
BAL_G,32,tubes/test/anomalous/032.png,1,defect,32x32,11,22,0.01534961231730201,0.004245384782552719,0.008131325244903564,0.015101060271263123,0.021075211465358734,0.028315934538841247,0.002356290817260742,0.03383484482765198
BAL_G,32,tubes/test/anomalous/032.png,1,clean_defect,32x32,11,11,0.018091719258915295,0.008040070533752441,0.009084641933441162,0.018641173839569092,0.025817960500717163,0.02824246883392334,0.007407546043395996,0.028324097394943237
BAL_G,32,tubes/test/anomalous/032.png,1,boundary,32x32,11,11,0.012607505375688726,0.0032403990626335144,0.007228761911392212,0.012415409088134766,0.015610896050930023,0.02553509920835495,0.002356290817260742,0.03383484482765198
BAL_G,33,tubes/test/anomalous/033.png,1,abnormal_normal,32x32,11,1001,0.012309676417699466,0.00019732117652893066,0.0040943920612335205,0.00873275101184845,0.016316622495651245,0.036784425377845764,0.0,0.09281715750694275
BAL_G,33,tubes/test/anomalous/033.png,1,defect,32x32,11,23,0.012175591095634129,0.002154846489429474,0.005515135824680328,0.011671125888824463,0.01989702880382538,0.021765774488449095,0.0012385696172714233,0.02509438991546631
BAL_G,33,tubes/test/anomalous/033.png,1,clean_defect,32x32,11,12,0.01609524091084798,0.006849545240402222,0.01129237562417984,0.01765608787536621,0.021131686866283417,0.023270270228385924,0.00654873251914978,0.02509438991546631
BAL_G,33,tubes/test/anomalous/033.png,1,boundary,32x32,11,11,0.007899609479037199,0.0016662776470184326,0.0027541816234588623,0.0044815391302108765,0.011511571705341339,0.019996076822280884,0.0012385696172714233,0.02045866847038269
BAL_G,34,tubes/test/anomalous/034.png,1,abnormal_normal,32x32,12,1001,0.012302730184096795,0.0006181299686431885,0.004233419895172119,0.009561598300933838,0.01713864505290985,0.03397168219089508,0.0,0.05985367298126221
BAL_G,34,tubes/test/anomalous/034.png,1,defect,32x32,12,23,0.022214255255201588,0.009666946530342103,0.015301667153835297,0.019929632544517517,0.02607153356075287,0.036686392128467554,0.008439689874649048,0.058016180992126465
BAL_G,34,tubes/test/anomalous/034.png,1,clean_defect,32x32,12,11,0.01742573624307459,0.009969130158424377,0.014030948281288147,0.016294270753860474,0.02132454514503479,0.02607153356075287,0.009591400623321533,0.026607394218444824
BAL_G,34,tubes/test/anomalous/034.png,1,boundary,32x32,12,12,0.026603731016318004,0.011670926958322525,0.019861500710248947,0.023890428245067596,0.03099580854177475,0.04658257663249968,0.008439689874649048,0.058016180992126465
BAL_G,35,tubes/test/anomalous/035.png,1,abnormal_normal,32x32,9,1003,0.011972483154664842,0.0003465622663497925,0.0038504600524902344,0.009209468960762024,0.016642019152641296,0.03318844437599182,0.0,0.07933452725410461
BAL_G,35,tubes/test/anomalous/035.png,1,defect,32x32,9,21,0.020033109755743118,0.010127246379852295,0.015137583017349243,0.02011573314666748,0.02330702543258667,0.03322906792163849,0.002776205539703369,0.03370857238769531
BAL_G,35,tubes/test/anomalous/035.png,1,clean_defect,32x32,9,12,0.019038404027620952,0.01334182471036911,0.014989174902439117,0.017393305897712708,0.021847285330295563,0.02798772156238555,0.012296438217163086,0.03370857238769531
BAL_G,35,tubes/test/anomalous/035.png,1,boundary,32x32,9,9,0.021359384059906006,0.0057166218757629395,0.019185170531272888,0.02233937382698059,0.028760701417922974,0.03202612102031708,0.002776205539703369,0.03322906792163849
BAL_G,36,tubes/test/anomalous/036.png,1,abnormal_normal,32x32,10,1002,0.011912572303574957,0.00013664662837982182,0.004110079258680344,0.009591102600097656,0.016562428325414658,0.03387390971183776,0.0,0.06673616170883179
BAL_G,36,tubes/test/anomalous/036.png,1,defect,32x32,10,22,0.01998866078528491,0.00998399555683136,0.01579701155424118,0.018116876482963562,0.026543401181697845,0.03418300524353981,0.0,0.036356016993522644
BAL_G,36,tubes/test/anomalous/036.png,1,clean_defect,32x32,10,12,0.01909819369514783,0.012179678678512574,0.016467131674289703,0.017524659633636475,0.019603028893470764,0.03020165935158729,0.009975969791412354,0.03430069983005524
BAL_G,36,tubes/test/anomalous/036.png,1,boundary,32x32,10,10,0.0210572212934494,0.004561418294906617,0.0125180184841156,0.023274004459381104,0.029011081904172897,0.034371872991323466,0.0,0.036356016993522644
BAL_G,37,tubes/test/anomalous/037.png,1,abnormal_normal,32x32,9,1004,0.011751330082872474,0.0,0.0032358504831790924,0.008684813976287842,0.016935553401708603,0.032395950704813,0.0,0.08661693334579468
BAL_G,37,tubes/test/anomalous/037.png,1,defect,32x32,9,20,0.019374798238277435,0.004278115928173065,0.010448355227708817,0.014807663857936859,0.024354424327611923,0.04991791099309922,0.0022859275341033936,0.0529598593711853
BAL_G,37,tubes/test/anomalous/037.png,1,clean_defect,32x32,9,11,0.02061769637194547,0.0065961480140686035,0.00962962955236435,0.014320507645606995,0.02420036494731903,0.05135883390903473,0.0058061182498931885,0.0529598593711853
BAL_G,37,tubes/test/anomalous/037.png,1,boundary,32x32,9,9,0.01785570051934984,0.003124743700027466,0.011392936110496521,0.02001570165157318,0.024738416075706482,0.03224366903305054,0.0022859275341033936,0.035548776388168335
BAL_G,38,tubes/test/anomalous/038.png,1,abnormal_normal,32x32,10,1002,0.012505783069276525,0.0005398601293563843,0.0045709386467933655,0.009660951793193817,0.017008967697620392,0.03352734670042991,0.0,0.09283041954040527
BAL_G,38,tubes/test/anomalous/038.png,1,defect,32x32,10,22,0.01792193881490014,0.002491667866706848,0.010363567620515823,0.016104593873023987,0.024960339069366455,0.03218143507838249,0.0014832913875579834,0.033902913331985474
BAL_G,38,tubes/test/anomalous/038.png,1,clean_defect,32x32,10,12,0.021237239241600037,0.011486406624317168,0.014514587819576263,0.021130360662937164,0.026282712817192078,0.031951592117547986,0.010611817240715027,0.03220441937446594
BAL_G,38,tubes/test/anomalous/038.png,1,boundary,32x32,10,10,0.01394357830286026,0.0018297389149665832,0.007667265832424164,0.009977787733078003,0.018967796117067337,0.03236742913722992,0.0014832913875579834,0.033902913331985474
BAL_G,39,tubes/test/anomalous/039.png,1,abnormal_normal,32x32,10,1004,0.012029603494709707,0.0002774715423583986,0.0042229220271110535,0.009366311132907867,0.016599014401435852,0.034244984388351433,0.0,0.06400266289710999
BAL_G,39,tubes/test/anomalous/039.png,1,defect,32x32,10,20,0.021865684539079666,0.005717828124761582,0.015456374734640121,0.022333957254886627,0.02824503555893898,0.034051533043384555,0.005523592233657837,0.036264896392822266
BAL_G,39,tubes/test/anomalous/039.png,1,clean_defect,32x32,10,10,0.025568893551826476,0.014576938748359681,0.020398449152708054,0.026265978813171387,0.031547706574201584,0.035216461122035976,0.014234393835067749,0.036264896392822266
BAL_G,39,tubes/test/anomalous/039.png,1,boundary,32x32,10,10,0.018162475526332857,0.00561559870839119,0.012706954032182693,0.01953805238008499,0.023873884230852127,0.028520006686449044,0.005523592233657837,0.031891241669654846
BAL_G,40,tubes/test/anomalous/040.png,1,abnormal_normal,32x32,8,1005,0.01261806971398159,0.0007200479507446289,0.0045833587646484375,0.009440958499908447,0.017732858657836914,0.03572365343570708,0.0,0.06530490517616272
BAL_G,40,tubes/test/anomalous/040.png,1,defect,32x32,8,19,0.030839234590530396,0.011975890398025513,0.01714518666267395,0.03051607310771942,0.03883752226829529,0.054953229427337644,0.01027756929397583,0.05499035120010376
BAL_G,40,tubes/test/anomalous/040.png,1,clean_defect,32x32,8,11,0.03789235786958174,0.01982511579990387,0.03149375319480896,0.0359535813331604,0.047838956117630005,0.054969727993011475,0.015887469053268433,0.05499035120010376
BAL_G,40,tubes/test/anomalous/040.png,1,boundary,32x32,8,8,0.021141190081834793,0.010938027501106262,0.014638081192970276,0.01714518666267395,0.02782069891691208,0.03653432577848434,0.01027756929397583,0.040946006774902344
BAL_G,41,tubes/test/anomalous/041.png,1,abnormal_normal,32x32,9,1005,0.011451726944292362,0.0007279992103576661,0.004440322518348694,0.0091942697763443,0.015688881278038025,0.03074657320976257,0.0,0.05859270691871643
BAL_G,41,tubes/test/anomalous/041.png,1,defect,32x32,9,19,0.019986653014233236,0.0049884036183357235,0.00994681566953659,0.02058008313179016,0.030390717089176178,0.03316105008125305,0.004485100507736206,0.033394455909729004
BAL_G,41,tubes/test/anomalous/041.png,1,clean_defect,32x32,9,10,0.02063387483358383,0.008141858875751496,0.011722356081008911,0.019991666078567505,0.030017651617527008,0.03286024704575539,0.006739318370819092,0.033394455909729004
BAL_G,41,tubes/test/anomalous/041.png,1,boundary,32x32,9,9,0.019267517659399245,0.004708790779113769,0.00939410924911499,0.02058008313179016,0.02941809594631195,0.03299285769462586,0.004485100507736206,0.03313511610031128
BAL_G,42,tubes/test/anomalous/042.png,1,abnormal_normal,32x32,10,1003,0.011904256576198643,0.0003974109888076782,0.0037894099950790405,0.008974581956863403,0.016838200390338898,0.03303781300783157,0.0,0.10800762474536896
BAL_G,42,tubes/test/anomalous/042.png,1,defect,32x32,10,21,0.017262908674421765,0.00356292724609375,0.00990760326385498,0.012601405382156372,0.02061958611011505,0.032348617911338806,0.002033725380897522,0.062256112694740295
BAL_G,42,tubes/test/anomalous/042.png,1,clean_defect,32x32,10,11,0.022966440428387035,0.008376389741897583,0.011516280472278595,0.01833246648311615,0.028611034154891968,0.04730236530303955,0.006418019533157349,0.062256112694740295
BAL_G,42,tubes/test/anomalous/042.png,1,boundary,32x32,10,10,0.010989023745059967,0.0027218662202358247,0.008994556963443756,0.009971871972084045,0.014657776802778244,0.019941329210996627,0.002033725380897522,0.02061958611011505
BAL_G,43,tubes/test/anomalous/043.png,1,abnormal_normal,32x32,9,1006,0.012071069337383179,0.00020626187324523926,0.0037848055362701416,0.009229004383087158,0.01679612323641777,0.034258946776390076,0.0,0.07618726789951324
BAL_G,43,tubes/test/anomalous/043.png,1,defect,32x32,9,18,0.017808222936259374,0.006111282110214234,0.011069532483816147,0.01645512878894806,0.021029964089393616,0.03808171898126601,0.0009831786155700684,0.04097318649291992
BAL_G,43,tubes/test/anomalous/043.png,1,clean_defect,32x32,9,9,0.016331162717607286,0.003919249773025513,0.010649681091308594,0.016009896993637085,0.019132256507873535,0.03170377612113952,0.0009831786155700684,0.037571460008621216
BAL_G,43,tubes/test/anomalous/043.png,1,boundary,32x32,9,9,0.019285283154911466,0.007091450691223145,0.012329086661338806,0.01677517592906952,0.021662533283233643,0.03831372857093811,0.007016241550445557,0.04097318649291992
BAL_G,44,tubes/test/anomalous/044.png,1,abnormal_normal,32x32,11,1005,0.012047704564991282,0.00023436844348907472,0.004209563136100769,0.009317249059677124,0.017099246382713318,0.03296442031860351,0.0,0.10584776103496552
BAL_G,44,tubes/test/anomalous/044.png,1,defect,32x32,11,19,0.010995098634770042,0.0,0.005071870982646942,0.009144097566604614,0.01424647867679596,0.025395943224430048,0.0,0.040565162897109985
BAL_G,44,tubes/test/anomalous/044.png,1,clean_defect,32x32,11,8,0.007413731887936592,0.0,0.005008924752473831,0.006822831928730011,0.00797823816537857,0.017496493458747858,0.0,0.020910456776618958
BAL_G,44,tubes/test/anomalous/044.png,1,boundary,32x32,11,11,0.01359972899610346,0.0007902011275291443,0.006304636597633362,0.01144421100616455,0.019058972597122192,0.03213781863451004,0.0,0.040565162897109985
BAL_G,45,tubes/test/anomalous/045.png,1,abnormal_normal,32x32,12,1003,0.012049034995547795,0.0005831032991409302,0.00441955029964447,0.009131774306297302,0.017040930688381195,0.03204615563154219,0.0,0.0880056619644165
BAL_G,45,tubes/test/anomalous/045.png,1,defect,32x32,12,21,0.01477302752789997,0.0018844902515411377,0.011508151888847351,0.01370452344417572,0.019427791237831116,0.024271249771118164,0.0010070949792861938,0.03336799144744873
BAL_G,45,tubes/test/anomalous/045.png,1,clean_defect,32x32,12,9,0.013676593701044718,0.005733954906463623,0.012167736887931824,0.013729825615882874,0.01700684428215027,0.020038476586341857,0.0018844902515411377,0.020445600152015686
BAL_G,45,tubes/test/anomalous/045.png,1,boundary,32x32,12,12,0.015595352898041407,0.004824648052453995,0.009591441601514816,0.012938007712364197,0.02156290039420128,0.02836478352546691,0.0010070949792861938,0.03336799144744873
BAL_G,46,tubes/test/anomalous/046.png,1,abnormal_normal,32x32,12,1003,0.010880389901719327,2.7219951152801518e-05,0.003034159541130066,0.007880419492721558,0.014873579144477844,0.03238388895988464,0.0,0.1380651593208313
BAL_G,46,tubes/test/anomalous/046.png,1,defect,32x32,12,21,0.015510736476807367,0.0036611855030059814,0.00943705439567566,0.014181658625602722,0.017232075333595276,0.03489041328430176,0.0026956498622894287,0.03646788001060486
BAL_G,46,tubes/test/anomalous/046.png,1,clean_defect,32x32,12,9,0.014481562707159255,0.009513449668884278,0.013928264379501343,0.014874711632728577,0.016223907470703125,0.018248954415321348,0.008809655904769897,0.018926873803138733
BAL_G,46,tubes/test/anomalous/046.png,1,boundary,32x32,12,12,0.016282616804043453,0.0032266944646835325,0.008611802011728287,0.013871915638446808,0.021887127310037613,0.03560027331113815,0.0026956498622894287,0.03646788001060486
BAL_G,47,tubes/test/anomalous/047.png,1,abnormal_normal,32x32,11,1003,0.011826600444875471,0.0003044277429580689,0.004072889685630798,0.009103477001190186,0.01681280881166458,0.03187246769666671,0.0,0.0689997524023056
BAL_G,47,tubes/test/anomalous/047.png,1,defect,32x32,11,21,0.018591920534769695,0.005711391568183899,0.009634360671043396,0.017836198210716248,0.02434718608856201,0.03426313400268555,0.0,0.04683324694633484
BAL_G,47,tubes/test/anomalous/047.png,1,clean_defect,32x32,11,10,0.017380814254283904,0.006742560118436813,0.010410759598016739,0.017085731029510498,0.02188456431031227,0.030884341895580283,0.005711391568183899,0.03426313400268555
BAL_G,47,tubes/test/anomalous/047.png,1,boundary,32x32,11,11,0.01969292624430223,0.002858072519302368,0.009745471179485321,0.01864662766456604,0.026891380548477173,0.03885388374328613,0.0,0.04683324694633484
BAL_G,48,tubes/test/anomalous/048.png,1,abnormal_normal,32x32,10,1002,0.011505795958751215,8.140951395034793e-05,0.00379142165184021,0.008901163935661316,0.015612136572599411,0.03253285586833953,0.0,0.09089025855064392
BAL_G,48,tubes/test/anomalous/048.png,1,defect,32x32,10,22,0.014307026158679615,0.004864343255758285,0.01005842536687851,0.012881912291049957,0.01689893752336502,0.025289656966924666,0.0010684728622436523,0.03609929978847504
BAL_G,48,tubes/test/anomalous/048.png,1,clean_defect,32x32,10,12,0.01741328587134679,0.00965549349784851,0.011645730584859848,0.01528024673461914,0.021625135093927383,0.03019722700119018,0.009224861860275269,0.03609929978847504
BAL_G,48,tubes/test/anomalous/048.png,1,boundary,32x32,10,10,0.010579514503479003,0.002741125226020813,0.006741963326931,0.010757483541965485,0.0129791758954525,0.01966867297887801,0.0010684728622436523,0.02379623055458069
BAL_G,49,tubes/test/anomalous/049.png,1,abnormal_normal,32x32,6,1011,0.013235723244212384,0.00044843554496765137,0.005397312343120575,0.011248797178268433,0.0180932879447937,0.03370934724807739,0.0,0.07130950689315796
BAL_G,49,tubes/test/anomalous/049.png,1,defect,32x32,6,13,0.015137924597813534,0.003590196371078491,0.008768320083618164,0.013342812657356262,0.01867714524269104,0.03018066883087158,0.003561049699783325,0.030520692467689514
BAL_G,49,tubes/test/anomalous/049.png,1,clean_defect,32x32,6,7,0.016654731971876963,0.005123230814933777,0.011055566370487213,0.017362460494041443,0.021513894200325012,0.028669677674770352,0.003561049699783325,0.030520692467689514
BAL_G,49,tubes/test/anomalous/049.png,1,boundary,32x32,6,6,0.013368315994739532,0.0048837363719940186,0.008815929293632507,0.010651439428329468,0.01551734283566475,0.026624824851751328,0.0036096274852752686,0.029953986406326294
BAL_G,50,tubes/test/anomalous/050.png,1,abnormal_normal,32x32,6,1012,0.012735951853835064,0.0005796559154987336,0.0049669258296489716,0.010202839970588684,0.017874188721179962,0.03202490508556366,0.0,0.15221869945526123
BAL_G,50,tubes/test/anomalous/050.png,1,defect,32x32,6,12,0.00982410709063212,0.0006386369466781617,0.0032614953815937042,0.006994783878326416,0.01137271523475647,0.02698086723685264,0.0,0.030344873666763306
BAL_G,50,tubes/test/anomalous/050.png,1,clean_defect,32x32,6,6,0.006919485827287038,0.0015963129699230194,0.003021683543920517,0.005365043878555298,0.007388472557067871,0.016342051327228546,0.0011611580848693848,0.01932215690612793
BAL_G,50,tubes/test/anomalous/050.png,1,boundary,32x32,6,6,0.012728728353977203,0.0016088038682937622,0.00648663192987442,0.007681891322135925,0.02035209909081459,0.028815779834985733,0.0,0.030344873666763306
BAL_G,51,tubes/test/anomalous/051.png,1,abnormal_normal,32x32,7,1012,0.013617360147209507,0.0009614571928977967,0.0053723156452178955,0.010995261371135712,0.018644534051418304,0.03541502729058264,0.0,0.0702519565820694
BAL_G,51,tubes/test/anomalous/051.png,1,defect,32x32,7,12,0.008715301752090454,0.00043894201517105105,0.00266401469707489,0.005980148911476135,0.011763636022806168,0.02574667558073997,0.0,0.028987780213356018
BAL_G,51,tubes/test/anomalous/051.png,1,clean_defect,32x32,7,5,0.00822150707244873,0.0012058973312377929,0.0028371810913085938,0.0029574036598205566,0.011420011520385742,0.02075989246368408,0.0007980763912200928,0.023094862699508667
BAL_G,51,tubes/test/anomalous/051.png,1,boundary,32x32,7,7,0.009068012237548828,0.0006433546543121338,0.004025816917419434,0.006053179502487183,0.010191746056079865,0.024129799008369434,0.0,0.028987780213356018
BAL_G,52,tubes/test/anomalous/052.png,1,abnormal_normal,32x32,7,1012,0.013257763352200918,0.0008135125041007996,0.004948772490024567,0.010480649769306183,0.0184946171939373,0.034492688626050906,0.0,0.10160160064697266
BAL_G,52,tubes/test/anomalous/052.png,1,defect,32x32,7,12,0.00804908573627472,0.0019856102764606474,0.0036247707903385162,0.005350276827812195,0.01146167516708374,0.01818602234125137,0.0009843409061431885,0.019016027450561523
BAL_G,52,tubes/test/anomalous/052.png,1,clean_defect,32x32,7,5,0.006440487504005432,0.0015186280012130736,0.0036557763814926147,0.004235327243804932,0.004310965538024902,0.016075015068054196,0.0009843409061431885,0.019016027450561523
BAL_G,52,tubes/test/anomalous/052.png,1,boundary,32x32,7,7,0.009198084473609924,0.0030229076743125915,0.004960671067237854,0.009268194437026978,0.01244264841079712,0.016576227545738217,0.0028048306703567505,0.017506927251815796
BAL_G,53,tubes/test/anomalous/053.png,1,abnormal_normal,32x32,6,1012,0.013219755614110132,0.0007444567978382112,0.005280226469039917,0.01033862680196762,0.01795307546854019,0.0348246268928051,0.0,0.10233967006206512
BAL_G,53,tubes/test/anomalous/053.png,1,defect,32x32,6,12,0.016737303386131924,0.006873178482055664,0.009576678276062012,0.0170164555311203,0.02183505892753601,0.03016766980290412,0.0059691667556762695,0.036191537976264954
BAL_G,53,tubes/test/anomalous/053.png,1,clean_defect,32x32,6,6,0.015337832272052765,0.0063800811767578125,0.008177608251571655,0.010027483105659485,0.019194625318050385,0.032693278044462204,0.0059691667556762695,0.036191537976264954
BAL_G,53,tubes/test/anomalous/053.png,1,boundary,32x32,6,6,0.01813677450021108,0.010386087000370026,0.016244150698184967,0.01885250210762024,0.0210714191198349,0.024357765913009644,0.008690834045410156,0.02523905038833618
BAL_G,54,tubes/test/anomalous/054.png,1,abnormal_normal,32x32,10,1010,0.01271903635841785,0.0005059182643890381,0.0046623386442661285,0.010393708944320679,0.0181674063205719,0.0321916490793228,0.0,0.06749185919761658
BAL_G,54,tubes/test/anomalous/054.png,1,defect,32x32,10,14,0.017794552658285414,0.007160684466362,0.011775098741054535,0.014715544879436493,0.022995926439762115,0.03191791623830795,0.0053851306438446045,0.036428242921829224
BAL_G,54,tubes/test/anomalous/054.png,1,clean_defect,32x32,10,4,0.012582622468471527,0.008413605391979218,0.009601019322872162,0.010797783732414246,0.01377938687801361,0.019250413775444026,0.008116751909255981,0.020618170499801636
BAL_G,54,tubes/test/anomalous/054.png,1,boundary,32x32,10,10,0.019879324734210967,0.008632279932498932,0.01360819861292839,0.01716148853302002,0.02770661562681198,0.033305709064006796,0.0053851306438446045,0.036428242921829224
BAL_G,55,tubes/test/anomalous/055.png,1,abnormal_normal,32x32,14,995,0.013282857917661045,0.0012457817792892458,0.005842767655849457,0.010910183191299438,0.017634369432926178,0.03468678742647171,0.0,0.07039844989776611
BAL_G,55,tubes/test/anomalous/055.png,1,defect,32x32,14,29,0.01998437684157799,0.006495821475982666,0.011249750852584839,0.01635591685771942,0.02768436074256897,0.0389826089143753,0.0,0.047729671001434326
BAL_G,55,tubes/test/anomalous/055.png,1,clean_defect,32x32,14,15,0.0237579345703125,0.004981276392936707,0.012712419033050537,0.02431628108024597,0.03411602973937988,0.04222490340471267,0.0,0.047729671001434326
BAL_G,55,tubes/test/anomalous/055.png,1,boundary,32x32,14,14,0.01594127927507673,0.007011537998914718,0.010630853474140167,0.012894153594970703,0.02253909409046173,0.028345145285129547,0.006082296371459961,0.0314512699842453
BAL_G,56,tubes/test/anomalous/056.png,1,abnormal_normal,32x32,10,1004,0.01351008645863647,0.0013650566339492801,0.005893826484680176,0.011165648698806763,0.018693778663873672,0.033667514473199836,0.0,0.08141124248504639
BAL_G,56,tubes/test/anomalous/056.png,1,defect,32x32,10,20,0.017206167429685594,0.005369357019662857,0.009820226579904556,0.0141257643699646,0.02372640371322632,0.04049222618341446,0.000273287296295166,0.04542939364910126
BAL_G,56,tubes/test/anomalous/056.png,1,clean_defect,32x32,10,10,0.015320406854152679,0.007601551711559296,0.011874228715896606,0.0141257643699646,0.020376697182655334,0.023179949074983594,0.005637571215629578,0.02386505901813507
BAL_G,56,tubes/test/anomalous/056.png,1,boundary,32x32,10,10,0.019091928005218507,0.0027107715606689456,0.00663350522518158,0.017399512231349945,0.02517898753285408,0.04309073537588119,0.000273287296295166,0.04542939364910126
BAL_G,57,tubes/test/anomalous/057.png,1,abnormal_normal,32x32,10,1006,0.012875152288919415,0.0010877996683120728,0.005347400903701782,0.010624639689922333,0.01804032176733017,0.03205813094973564,0.0,0.08355262875556946
BAL_G,57,tubes/test/anomalous/057.png,1,defect,32x32,10,18,0.022219072613451216,0.005746425688266755,0.014862418174743652,0.023657694458961487,0.028798159211874008,0.03568074107170105,0.003912568092346191,0.03693366050720215
BAL_G,57,tubes/test/anomalous/057.png,1,clean_defect,32x32,10,8,0.026380745694041252,0.011578448861837388,0.026203099638223648,0.02681044489145279,0.0312640555202961,0.03594848588109016,0.003912568092346191,0.03693366050720215
BAL_G,57,tubes/test/anomalous/057.png,1,boundary,32x32,10,10,0.01888973414897919,0.008742379397153855,0.012889821082353592,0.018943078815937042,0.021166261285543442,0.0327238917350769,0.006070047616958618,0.03545963764190674
BAL_G,58,tubes/test/anomalous/058.png,1,abnormal_normal,32x32,19,988,0.012818136844437132,0.0013596788048744202,0.005395036190748215,0.010769031941890717,0.018145274370908737,0.031586547195911405,0.0,0.07237708568572998
BAL_G,58,tubes/test/anomalous/058.png,1,defect,32x32,19,36,0.014413803815841675,0.0030364543199539185,0.007048316299915314,0.013623304665088654,0.019087903201580048,0.03191960230469704,0.0009776204824447632,0.033603474497795105
BAL_G,58,tubes/test/anomalous/058.png,1,clean_defect,32x32,19,17,0.016154597787296072,0.006621712446212768,0.011124923825263977,0.01690584421157837,0.01938435435295105,0.025541979074478145,0.004405289888381958,0.03107389807701111
BAL_G,58,tubes/test/anomalous/058.png,1,boundary,32x32,19,19,0.012856251315066689,0.0021153464913368225,0.004764683544635773,0.011699259281158447,0.016798987984657288,0.03331675976514816,0.0009776204824447632,0.033603474497795105
BAL_G,59,tubes/test/anomalous/059.png,1,abnormal_normal,32x32,8,1006,0.01367147814919413,0.001780293881893158,0.006001371890306473,0.01183406263589859,0.01862935721874237,0.032604701817035675,0.0,0.0676465630531311
BAL_G,59,tubes/test/anomalous/059.png,1,defect,32x32,8,18,0.018097587757640414,0.00661497563123703,0.008673224598169327,0.015664473176002502,0.02365472912788391,0.03440414890646931,0.004408687353134155,0.0554916113615036
BAL_G,59,tubes/test/anomalous/059.png,1,clean_defect,32x32,8,10,0.0140856072306633,0.005576722323894501,0.007810827344655991,0.012336000800132751,0.01890541985630989,0.026902023702859868,0.004408687353134155,0.03068283200263977
BAL_G,59,tubes/test/anomalous/059.png,1,boundary,32x32,8,8,0.02311256341636181,0.008587121218442916,0.00991283729672432,0.021479569375514984,0.02886119857430458,0.04675909653306006,0.008258983492851257,0.0554916113615036
BAL_G,60,tubes/test/anomalous/060.png,1,abnormal_normal,32x32,17,989,0.013479177402172339,0.0018304944038391115,0.005984514951705933,0.011105909943580627,0.01866789162158966,0.032554396986961345,0.0,0.06726999580860138
BAL_G,60,tubes/test/anomalous/060.png,1,defect,32x32,17,35,0.015990494404520307,0.006876300275325775,0.011576332151889801,0.013991028070449829,0.01972866803407669,0.029014894366264324,0.005875781178474426,0.042949378490448
BAL_G,60,tubes/test/anomalous/060.png,1,clean_defect,32x32,17,18,0.014264273146788279,0.006509967148303986,0.011051271110773087,0.01207587867975235,0.016432728618383408,0.02284478321671484,0.005875781178474426,0.03371806442737579
BAL_G,60,tubes/test/anomalous/060.png,1,boundary,32x32,17,17,0.01781825808917775,0.009096652269363403,0.012098938226699829,0.014381244778633118,0.022425562143325806,0.030189275741577138,0.006985336542129517,0.042949378490448
BAL_G,61,tubes/test/anomalous/061.png,1,abnormal_normal,32x32,9,1007,0.014469036590141478,0.001840411126613617,0.006594046950340271,0.012269794940948486,0.019244737923145294,0.03531249016523357,0.0,0.08318160474300385
BAL_G,61,tubes/test/anomalous/061.png,1,defect,32x32,9,17,0.01832345303367166,0.006709694862365723,0.01135176420211792,0.017860710620880127,0.02791599929332733,0.03388043940067291,0.0,0.03672875463962555
BAL_G,61,tubes/test/anomalous/061.png,1,clean_defect,32x32,9,8,0.018709436058998108,0.008827976882457733,0.011572841554880142,0.016178041696548462,0.027929041534662247,0.030060097575187683,0.008387118577957153,0.03118652105331421
BAL_G,61,tubes/test/anomalous/061.png,1,boundary,32x32,9,9,0.01798035701115926,0.004260104894638061,0.01135176420211792,0.017860710620880127,0.01990354061126709,0.03530459702014923,0.0,0.03672875463962555
BAL_G,62,tubes/test/anomalous/062.png,1,abnormal_normal,32x32,21,985,0.013861632649668582,0.001624727249145508,0.006370723247528076,0.011759012937545776,0.019011512398719788,0.03268117606639862,0.0,0.06614762544631958
BAL_G,62,tubes/test/anomalous/062.png,1,defect,32x32,21,39,0.014377720080889188,0.005965681374073028,0.008874677121639252,0.013989657163619995,0.018100768327713013,0.025519353151321415,0.005136817693710327,0.03351655602455139
BAL_G,62,tubes/test/anomalous/062.png,1,clean_defect,32x32,21,18,0.013841674559646182,0.005899550765752793,0.008654765784740448,0.01256515085697174,0.017658431082963943,0.02567389905452728,0.005136817693710327,0.0283011794090271
BAL_G,62,tubes/test/anomalous/062.png,1,boundary,32x32,21,21,0.01483718767052605,0.007185846567153931,0.009079992771148682,0.01405566930770874,0.019066840410232544,0.024137765169143677,0.005349457263946533,0.03351655602455139
BAL_G,63,tubes/test/anomalous/063.png,1,abnormal_normal,32x32,17,983,0.014596906343772477,0.0017352595925331116,0.00699133425951004,0.012045741081237793,0.019859343767166138,0.03453968912363052,0.0,0.09025800228118896
BAL_G,63,tubes/test/anomalous/063.png,1,defect,32x32,17,41,0.011765091520983999,0.004779934883117676,0.007466435432434082,0.009772375226020813,0.015450865030288696,0.02013540267944336,0.0014551877975463867,0.038739174604415894
BAL_G,63,tubes/test/anomalous/063.png,1,clean_defect,32x32,17,24,0.0113853191335996,0.004787030816078186,0.0060610100626945496,0.009312868118286133,0.014796994626522064,0.019204546511173246,0.0014551877975463867,0.038739174604415894
BAL_G,63,tubes/test/anomalous/063.png,1,boundary,32x32,17,17,0.012301240773761974,0.005126094818115235,0.00877806544303894,0.009772375226020813,0.015696793794631958,0.021183899044990535,0.004779934883117676,0.02537788450717926
BAL_G,64,tubes/test/anomalous/064.png,1,abnormal_normal,32x32,22,983,0.013878731585713152,0.0016712889075279236,0.006356224417686462,0.01164768636226654,0.01915707439184189,0.03259069919586181,0.0,0.07441103458404541
BAL_G,64,tubes/test/anomalous/064.png,1,defect,32x32,22,41,0.01941018969547458,0.0026392340660095215,0.00907626748085022,0.016709312796592712,0.024962320923805237,0.047802627086639404,0.0011317133903503418,0.07289385795593262
BAL_G,64,tubes/test/anomalous/064.png,1,clean_defect,32x32,22,19,0.01962164593370337,0.004740169644355774,0.009208053350448608,0.014432638883590698,0.02585962414741516,0.0492442429065704,0.0011317133903503418,0.06221878528594971
BAL_G,64,tubes/test/anomalous/064.png,1,boundary,32x32,22,22,0.019227568398822437,0.0026398405432701113,0.008650805801153183,0.017050467431545258,0.023301824927330017,0.04609847515821455,0.0024927854537963867,0.07289385795593262
BAL_G,65,tubes/test/anomalous/065.png,1,abnormal_normal,32x32,30,963,0.01402207441542874,0.001828470826148987,0.00638590008020401,0.011352717876434326,0.019147463142871857,0.034625294804573055,0.0,0.07449126243591309
BAL_G,65,tubes/test/anomalous/065.png,1,defect,32x32,30,61,0.02123077262620457,0.0020238757133483887,0.010500863194465637,0.01957571506500244,0.026665806770324707,0.0540614128112793,0.0004665553569793701,0.06728887557983398
BAL_G,65,tubes/test/anomalous/065.png,1,clean_defect,32x32,30,31,0.023784016889910543,0.004386618733406067,0.010454341769218445,0.01957571506500244,0.029633596539497375,0.060054242610931396,0.0015115141868591309,0.06728887557983398
BAL_G,65,tubes/test/anomalous/065.png,1,boundary,32x32,30,30,0.01859242022037506,0.001426397264003754,0.013674844056367874,0.01832909882068634,0.02261078730225563,0.03862073495984076,0.0004665553569793701,0.0540614128112793
BAL_G,66,tubes/test/anomalous/066.png,1,abnormal_normal,32x32,26,968,0.013662317398289018,0.0014804616570472718,0.0066606998443603516,0.011675655841827393,0.01898958906531334,0.031256302446126934,0.0,0.09045302867889404
BAL_G,66,tubes/test/anomalous/066.png,1,defect,32x32,26,56,0.016610645023839816,0.004387892782688141,0.008262641727924347,0.012973122298717499,0.019948411732912064,0.03539898991584778,0.0,0.10082924365997314
BAL_G,66,tubes/test/anomalous/066.png,1,clean_defect,32x32,26,30,0.01639590859413147,0.006732111424207687,0.009703915566205978,0.013834305107593536,0.020020775496959686,0.03118153661489485,0.0038991719484329224,0.051348596811294556
BAL_G,66,tubes/test/anomalous/066.png,1,boundary,32x32,26,26,0.016858417827349443,0.0029245205223560333,0.006969965994358063,0.011149793863296509,0.018372267484664917,0.03836115822196007,0.0,0.10082924365997314
BAL_G,67,tubes/test/anomalous/067.png,1,abnormal_normal,32x32,20,983,0.014096584364332237,0.0019292846322059632,0.00629347562789917,0.011661916971206665,0.018604949116706848,0.035545818507671356,0.0,0.06278625130653381
BAL_G,67,tubes/test/anomalous/067.png,1,defect,32x32,20,41,0.022848729316781207,0.0023324042558670044,0.008879512548446655,0.01745501160621643,0.026130661368370056,0.06491507589817047,0.0002142488956451416,0.08769494295120239
BAL_G,67,tubes/test/anomalous/067.png,1,clean_defect,32x32,20,21,0.024474258933748518,0.00309203565120697,0.007500380277633667,0.015288114547729492,0.026130661368370056,0.07321339845657349,0.0023324042558670044,0.08769494295120239
BAL_G,67,tubes/test/anomalous/067.png,1,boundary,32x32,20,20,0.02114192321896553,0.000553514063358307,0.010606151074171066,0.01819732040166855,0.02628033235669136,0.060104690492153175,0.0002142488956451416,0.06491507589817047
BAL_G,68,tubes/test/anomalous/068.png,1,abnormal_normal,32x32,31,960,0.014455988413343827,0.0015519082546234133,0.00606498122215271,0.011719442903995514,0.020223792642354965,0.03659130632877349,0.0,0.06470003724098206
BAL_G,68,tubes/test/anomalous/068.png,1,defect,32x32,31,64,0.018331637140363455,0.00042039975523948706,0.008038971573114395,0.014972083270549774,0.025202829390764236,0.04141259118914603,0.0,0.0766945481300354
BAL_G,68,tubes/test/anomalous/068.png,1,clean_defect,32x32,31,33,0.019229473941253895,0.0016308188438415529,0.008548423647880554,0.012624919414520264,0.023405566811561584,0.05722017884254455,0.001279875636100769,0.0766945481300354
BAL_G,68,tubes/test/anomalous/068.png,1,boundary,32x32,31,31,0.01737587538457686,0.0,0.007870323956012726,0.018291831016540527,0.02672375738620758,0.03241945058107376,0.0,0.039906516671180725
BAL_G,69,tubes/test/good/000.png,0,normal_image,32x32,0,1024,0.009283881227020174,0.0,0.0017562992870807648,0.006289884448051453,0.012951787561178207,0.03017117604613301,0.0,0.07895481586456299
BAL_G,70,tubes/test/good/001.png,0,normal_image,32x32,0,1024,0.010721381477196701,0.0,0.003006771206855774,0.0078296959400177,0.015353653579950333,0.031046408414840684,0.0,0.07967023551464081
BAL_G,71,tubes/test/good/002.png,0,normal_image,32x32,0,1024,0.01139416967635043,0.00031797140836715705,0.004173196852207184,0.00885002315044403,0.015864908695220947,0.030649041384458516,0.0,0.07552589476108551
BAL_G,72,tubes/test/good/003.png,0,normal_image,32x32,0,1024,0.010426639346405864,0.0,0.0030421018600463867,0.008160851895809174,0.01479266956448555,0.029979668557643863,0.0,0.0775301605463028
BAL_G,73,tubes/test/good/004.png,0,normal_image,32x32,0,1024,0.010560216731391847,0.0,0.0028842762112617493,0.007765218615531921,0.015001464635133743,0.030734207481145824,0.0,0.07952642440795898
BAL_G,74,tubes/test/good/005.png,0,normal_image,32x32,0,1024,0.010909100659773685,0.0,0.0036594830453395844,0.008512645959854126,0.015491724014282227,0.03003059178590772,0.0,0.0855841189622879
BAL_G,75,tubes/test/good/006.png,0,normal_image,32x32,0,1024,0.01199265051400289,8.389651775360123e-05,0.0042513832449913025,0.009312354028224945,0.017612509429454803,0.03115678429603575,0.0,0.0843120664358139
BAL_G,76,tubes/test/good/007.png,0,normal_image,32x32,0,1024,0.01158739261154551,0.0,0.003826446831226349,0.009084001183509827,0.01605602353811264,0.031160321831703173,0.0,0.09611287713050842
BAL_G,77,tubes/test/good/008.png,0,normal_image,32x32,0,1024,0.011614554983680137,0.0,0.0038571208715438843,0.009673960506916046,0.01636715605854988,0.03081227988004683,0.0,0.06731192767620087
BAL_G,78,tubes/test/good/009.png,0,normal_image,32x32,0,1024,0.011119235176010989,0.0,0.0038923919200897217,0.009238764643669128,0.015948757529258728,0.02922912836074828,0.0,0.08011829853057861
BAL_G,79,tubes/test/good/010.png,0,normal_image,32x32,0,1024,0.011424121155869216,0.0,0.004054822027683258,0.009295113384723663,0.015450943261384964,0.03257123380899418,0.0,0.08816187083721161
BAL_G,80,tubes/test/good/011.png,0,normal_image,32x32,0,1024,0.012019149959087372,0.0005615130066871648,0.004586637020111084,0.009344741702079773,0.016717784106731415,0.03278002515435218,0.0,0.08013427257537842
BAL_G,81,tubes/test/good/012.png,0,normal_image,32x32,0,1024,0.011492997335153632,0.0,0.0033695511519908905,0.008581727743148804,0.016826428472995758,0.0315819814801216,0.0,0.07414066791534424
BAL_G,82,tubes/test/good/013.png,0,normal_image,32x32,0,1024,0.012198928379802965,4.232227802276612e-05,0.004169989377260208,0.009538352489471436,0.01685279980301857,0.03278871923685073,0.0,0.06430363655090332
BAL_G,83,tubes/test/good/014.png,0,normal_image,32x32,0,1024,0.011914409216842614,2.973526716232318e-06,0.004485078155994415,0.009258583188056946,0.016575369983911514,0.03241507112979887,0.0,0.1644056886434555
BAL_G,84,tubes/test/good/015.png,0,normal_image,32x32,0,1024,0.01145265244122129,0.0,0.003606420010328293,0.009076505899429321,0.01626429706811905,0.031701828539371486,0.0,0.05909338593482971
BAL_G,85,tubes/test/good/016.png,0,normal_image,32x32,0,1024,0.010815444227773696,0.0,0.0026230961084365845,0.00805550068616867,0.01593487337231636,0.03090902119874953,0.0,0.07396887242794037
BAL_G,86,tubes/test/good/017.png,0,normal_image,32x32,0,1024,0.011018420002073981,0.0,0.0027442872524261475,0.008435167372226715,0.01599860191345215,0.03054672032594679,0.0,0.06998990476131439
BAL_G,87,tubes/test/good/018.png,0,normal_image,32x32,0,1024,0.009216302714776248,0.0,0.0012284629046916962,0.006309419870376587,0.0139998197555542,0.029362017661333062,0.0,0.12673817574977875
BAL_G,88,tubes/test/good/019.png,0,normal_image,32x32,0,1024,0.010310419340385124,0.0,0.0025714263319969177,0.007414385676383972,0.015099488198757172,0.030240195989608754,0.0,0.06785224378108978
BAL_G,89,tubes/test/good/020.png,0,normal_image,32x32,0,1024,0.009577798264217563,0.0,0.0019333846867084503,0.0069868192076683044,0.014369364827871323,0.028272645920515028,0.0,0.07984884083271027
BAL_G,90,tubes/test/good/021.png,0,normal_image,32x32,0,1024,0.009418117886525579,0.0,0.0016360729932785034,0.006904169917106628,0.013885125517845154,0.02825655192136763,0.0,0.07359737157821655
BAL_G,91,tubes/test/good/022.png,0,normal_image,32x32,0,1024,0.009721954018459655,0.0,0.0017347857356071472,0.006533175706863403,0.014138646423816681,0.031127972155809393,0.0,0.06762182712554932
BAL_G,92,tubes/test/good/023.png,0,normal_image,32x32,0,1024,0.010810935011249967,0.0,0.0028200000524520874,0.008248873054981232,0.015613887459039688,0.03135129064321515,0.0,0.06943000853061676
BAL_G,93,tubes/test/good/024.png,0,normal_image,32x32,0,1024,0.010539079667069018,0.0,0.0027192309498786926,0.007890984416007996,0.015259187668561935,0.03053335323929786,0.0,0.061852484941482544
BAL_G,94,tubes/test/good/025.png,0,normal_image,32x32,0,1024,0.009843702588113956,0.0,0.0019197314977645874,0.007476493716239929,0.014654159545898438,0.029743964225053786,0.0,0.07367445528507233
BAL_G,95,tubes/test/good/026.png,0,normal_image,32x32,0,1024,0.010072545264847577,0.0,0.00190078467130661,0.006795309484004974,0.014750789850950241,0.0305350691080093,0.0,0.07181243598461151
BAL_G,96,tubes/test/good/027.png,0,normal_image,32x32,0,1024,0.009322942147264257,0.0,0.0013583600521087646,0.006420694291591644,0.014066647738218307,0.028671795129775975,0.0,0.06848809123039246
BAL_G,97,tubes/test/good/028.png,0,normal_image,32x32,0,1024,0.010441851554787718,0.0,0.0026176422834396362,0.007832646369934082,0.01546812430024147,0.0307927221059799,0.0,0.07931695878505707
BAL_G,98,tubes/test/good/029.png,0,normal_image,32x32,0,1024,0.010777576841064729,0.0,0.0028331726789474487,0.008138909935951233,0.015600785613059998,0.030483154207468034,0.0,0.06449279189109802
BAL_G,99,tubes/test/good/030.png,0,normal_image,32x32,0,1024,0.010495829847059213,0.0,0.0025875121355056763,0.007464699447154999,0.014863938093185425,0.03167218118906019,0.0,0.07396164536476135
BAL_G,100,tubes/test/good/031.png,0,normal_image,32x32,0,1024,0.008764979662373662,0.0,0.0004606097936630249,0.005378611385822296,0.012967631220817566,0.02830135226249694,0.0,0.07671545445919037
