method,image_index,sample_id,label,image_max,pixel_ap
E,0,02/test/ko/0000.png,1,0.05145970731973648,0.5439899091141377
E,1,02/test/ko/0001.png,1,0.03631177917122841,0.46683150068574486
E,2,02/test/ko/0002.png,1,0.012915811501443386,0.6743321808736754
E,3,02/test/ko/0003.png,1,0.0230482816696167,0.5385043595237091
E,4,02/test/ko/0004.png,1,0.03127075359225273,0.5058754482023781
E,5,02/test/ko/0005.png,1,0.026059728115797043,0.6752721176313201
E,6,02/test/ko/0006.png,1,0.06519181281328201,0.5401967052299337
E,7,02/test/ko/0007.png,1,0.02555886097252369,0.6765495425383734
E,8,02/test/ko/0008.png,1,0.02823270857334137,0.6462155430878198
E,9,02/test/ko/0009.png,1,0.024451207369565964,0.6604825761690396
E,10,02/test/ko/0010.png,1,0.022414283826947212,0.7556715524914887
E,11,02/test/ko/0011.png,1,0.039818789809942245,0.2461518791766952
E,12,02/test/ko/0012.png,1,0.03362264111638069,0.3733320921002442
E,13,02/test/ko/0013.png,1,0.04093625396490097,0.2805917684090522
E,14,02/test/ko/0014.png,1,0.04421086236834526,0.6041715225789916
E,15,02/test/ko/0015.png,1,0.023195112124085426,0.5645968354523281
E,16,02/test/ko/0016.png,1,0.033356502652168274,0.4791642645889015
E,17,02/test/ko/0017.png,1,0.01664923131465912,0.5671448834171248
E,18,02/test/ko/0018.png,1,0.02176136150956154,0.5564399571575123
E,19,02/test/ko/0019.png,1,0.04954984411597252,0.5273224929955002
E,20,02/test/ko/0020.png,1,0.01976049691438675,0.2992723842139964
E,21,02/test/ko/0021.png,1,0.014184057712554932,0.5415316661506567
E,22,02/test/ko/0022.png,1,0.034891288727521896,0.4635517170142163
E,23,02/test/ko/0023.png,1,0.10175728797912598,0.5098698700515387
E,24,02/test/ko/0024.png,1,0.03695334494113922,0.4239447443656076
E,25,02/test/ko/0025.png,1,0.023744190111756325,0.5242278866500989
E,26,02/test/ko/0026.png,1,0.0402616411447525,0.26961636963004587
E,27,02/test/ko/0027.png,1,0.018571125343441963,0.012850306669180533
E,28,02/test/ko/0028.png,1,0.03512878343462944,0.4063908061922002
E,29,02/test/ko/0029.png,1,0.031221570447087288,0.35673514845373044
E,30,02/test/ko/0030.png,1,0.019174883142113686,0.608374978141195
E,31,02/test/ko/0031.png,1,0.026326226070523262,0.2734225147458243
E,32,02/test/ko/0032.png,1,0.09502605348825455,0.38904027963240434
E,33,02/test/ko/0033.png,1,0.042773861438035965,0.4807322776220448
E,34,02/test/ko/0034.png,1,0.024901332333683968,0.6672103011964088
E,35,02/test/ko/0035.png,1,0.048079729080200195,0.5101380691482761
E,36,02/test/ko/0036.png,1,0.07200980931520462,0.4700828777743994
E,37,02/test/ko/0037.png,1,0.06714518368244171,0.5827540002057882
E,38,02/test/ko/0038.png,1,0.021146614104509354,0.4347320500930279
E,39,02/test/ko/0039.png,1,0.07290977239608765,0.2631926843922937
E,40,02/test/ko/0040.png,1,0.019626693800091743,0.565217637185882
E,41,02/test/ko/0041.png,1,0.024688852950930595,0.37907058628854595
E,42,02/test/ko/0042.png,1,0.028805460780858994,0.0049928094266097605
E,43,02/test/ko/0043.png,1,0.017639070749282837,0.27812222005973597
E,44,02/test/ko/0044.png,1,0.03668439760804176,0.36273057550137255
E,45,02/test/ko/0045.png,1,0.02073783241212368,0.44550470447042634
E,46,02/test/ko/0046.png,1,0.04016038775444031,0.5637087531760473
E,47,02/test/ko/0047.png,1,0.052911873906850815,0.5054618362796123
E,48,02/test/ko/0048.png,1,0.027226725593209267,0.3160353040338542
E,49,02/test/ko/0049.png,1,0.048685330897569656,0.3550323702645401
E,50,02/test/ko/0050.png,1,0.026961011812090874,0.5302729035470554
E,51,02/test/ko/0051.png,1,0.026536112651228905,0.3983267557343669
E,52,02/test/ko/0052.png,1,0.02590302564203739,0.4063917002798808
E,53,02/test/ko/0053.png,1,0.01705697551369667,0.6106808638279664
E,54,02/test/ko/0054.png,1,0.01503082923591137,0.3326528571435108
E,55,02/test/ko/0055.png,1,0.038697250187397,0.34449398638346024
E,56,02/test/ko/0056.png,1,0.021679725497961044,0.3197582732096245
E,57,02/test/ko/0057.png,1,0.05405857041478157,0.2666959979503368
E,58,02/test/ko/0058.png,1,0.026668153703212738,0.48248172558201297
E,59,02/test/ko/0059.png,1,0.01772111840546131,0.41422476415101706
E,60,02/test/ko/0060.png,1,0.01977585069835186,0.33861970422672755
E,61,02/test/ko/0061.png,1,0.025453418493270874,0.5153606957391947
E,62,02/test/ko/0062.png,1,0.01994379796087742,0.569330475141544
E,63,02/test/ko/0063.png,1,0.030360380187630653,0.48088630476454597
E,64,02/test/ko/0064.png,1,0.03003767319023609,0.28924668863439246
E,65,02/test/ko/0065.png,1,0.027433302253484726,0.38354661012661273
E,66,02/test/ko/0066.png,1,0.026156501844525337,0.5106870632635386
E,67,02/test/ko/0067.png,1,0.02633039467036724,0.3032119595517435
E,68,02/test/ko/0068.png,1,0.022790588438510895,0.1689090838186323
E,69,02/test/ko/0069.png,1,0.030003080144524574,0.4392960598706795
E,70,02/test/ko/0070.png,1,0.04147264361381531,0.04486178111480408
E,71,02/test/ko/0071.png,1,0.031412698328495026,0.2892799784753602
E,72,02/test/ko/0072.png,1,0.03931116312742233,0.4442968936144024
E,73,02/test/ko/0073.png,1,0.04153177887201309,0.5584325694025686
E,74,02/test/ko/0074.png,1,0.04003070667386055,0.5253968253968253
E,75,02/test/ko/0075.png,1,0.055928416550159454,0.46079007107451586
E,76,02/test/ko/0076.png,1,0.02573106810450554,0.6075347568841177
E,77,02/test/ko/0077.png,1,0.026371628046035767,0.4128075682715343
E,78,02/test/ko/0078.png,1,0.047007005661726,0.46017135215092
E,79,02/test/ko/0079.png,1,0.025899432599544525,0.33791403553238314
E,80,02/test/ko/0080.png,1,0.01524951308965683,0.39174776351036883
E,81,02/test/ko/0081.png,1,0.028288699686527252,0.7815859062055817
E,82,02/test/ko/0082.png,1,0.005133603233844042,0.01508105582462618
E,83,02/test/ko/0083.png,1,0.00805577076971531,0.005950034734709774
E,84,02/test/ko/0084.png,1,0.00858212634921074,0.5123015873015873
E,85,02/test/ko/0085.png,1,0.012570779770612717,0.15346316624271014
E,86,02/test/ko/0086.png,1,0.009705904871225357,0.019415781760327624
E,87,02/test/ko/0087.png,1,0.008749222382903099,0.042475308592856066
E,88,02/test/ko/0088.png,1,0.011052155867218971,
E,89,02/test/ko/0089.png,1,0.005912923254072666,0.125
E,90,02/test/ko/0090.png,1,0.01716824434697628,0.4780409986440137
E,91,02/test/ko/0091.png,1,0.03574706241488457,0.13472312872891135
E,92,02/test/ko/0092.png,1,0.013469891622662544,
E,93,02/test/ko/0093.png,1,0.045374639332294464,0.6072171875476493
E,94,02/test/ko/0094.png,1,0.016707250848412514,0.32325367252068005
E,95,02/test/ko/0095.png,1,0.007962213829159737,0.03662290615094993
E,96,02/test/ko/0096.png,1,0.017612379044294357,0.1277059922963731
E,97,02/test/ko/0097.png,1,0.007884463295340538,0.21926025707903082
E,98,02/test/ko/0098.png,1,0.15409542620182037,0.05725659182260161
E,99,02/test/ko/0099.png,1,0.015750056132674217,0.024306035984670356
E,100,02/test/ko/0100.png,1,0.02771468460559845,0.7958333333333334
E,101,02/test/ko/0101.png,1,0.01741326041519642,0.09004830917874396
E,102,02/test/ko/0102.png,1,0.011764355935156345,0.008321891400156482
E,103,02/test/ko/0103.png,1,0.014275829307734966,0.0888696175455258
E,104,02/test/ko/0104.png,1,0.007400104776024818,0.031757493393232056
E,105,02/test/ko/0105.png,1,0.00736679881811142,0.06198859690143402
E,106,02/test/ko/0106.png,1,0.025597307831048965,0.1824359662077625
E,107,02/test/ko/0107.png,1,0.016072403639554977,0.054424288951657525
E,108,02/test/ko/0108.png,1,0.005376128014177084,0.0037833955603657644
E,109,02/test/ko/0109.png,1,0.00771891325712204,
E,110,02/test/ko/0110.png,1,0.01940796710550785,0.10586034778915535
E,111,02/test/ko/0111.png,1,0.008327941410243511,0.30000000000000004
E,112,02/test/ko/0112.png,1,0.014815134927630424,
E,113,02/test/ko/0113.png,1,0.008409800007939339,0.07639253081825749
E,114,02/test/ko/0114.png,1,0.010163526050746441,0.3027743172303121
E,115,02/test/ko/0115.png,1,0.011566323228180408,0.6247619047619046
E,116,02/test/ko/0116.png,1,0.008648199029266834,
E,117,02/test/ko/0117.png,1,0.022472750395536423,0.006910278717459055
E,118,02/test/ko/0118.png,1,0.012763080187141895,
E,119,02/test/ko/0119.png,1,0.006290652323514223,
E,120,02/test/ko/0120.png,1,0.008367221802473068,
E,121,02/test/ko/0121.png,1,0.027521083131432533,0.009979266465285824
E,122,02/test/ko/0122.png,1,0.010084873996675014,
E,123,02/test/ko/0123.png,1,0.01156680565327406,
E,124,02/test/ko/0124.png,1,0.016217902302742004,0.5122259762146382
E,125,02/test/ko/0125.png,1,0.01136710774153471,0.05785980148883375
E,126,02/test/ko/0126.png,1,0.014990163035690784,0.12301146384479718
E,127,02/test/ko/0127.png,1,0.013149220496416092,
E,128,02/test/ko/0128.png,1,0.007227982860058546,0.0417247765327082
E,129,02/test/ko/0129.png,1,0.009239599108695984,
E,130,02/test/ko/0130.png,1,0.015500621870160103,0.00462932249086298
E,131,02/test/ko/0131.png,1,0.03240889683365822,0.07274121956474898
E,132,02/test/ko/0132.png,1,0.012686967849731445,0.12877073416045265
E,133,02/test/ko/0133.png,1,0.006813324987888336,
E,134,02/test/ko/0134.png,1,0.01588708721101284,0.2196918767507003
E,135,02/test/ko/0135.png,1,0.03179194778203964,0.03599040229239095
E,136,02/test/ko/0136.png,1,0.009507904760539532,
E,137,02/test/ko/0137.png,1,0.0053079333156347275,
E,138,02/test/ko/0138.png,1,0.022785644978284836,
E,139,02/test/ko/0139.png,1,0.022335192188620567,
E,140,02/test/ko/0140.png,1,0.006020115222781897,0.1938877205602043
E,141,02/test/ko/0141.png,1,0.005676740314811468,
E,142,02/test/ko/0142.png,1,0.008428848348557949,0.005504730937656892
E,143,02/test/ko/0143.png,1,0.04095124080777168,0.5667989417989417
E,144,02/test/ko/0144.png,1,0.006469182204455137,
E,145,02/test/ko/0145.png,0,0.010921644046902657,
E,146,02/test/ko/0146.png,1,0.005470705684274435,
E,147,02/test/ko/0147.png,1,0.00777846435084939,0.005046200217738341
E,148,02/test/ko/0148.png,1,0.01212143525481224,
E,149,02/test/ko/0149.png,1,0.00541370315477252,
E,150,02/test/ko/0150.png,1,0.005861079320311546,
E,151,02/test/ko/0151.png,1,0.006347952876240015,0.3008937168552506
E,152,02/test/ko/0152.png,1,0.006985506508499384,0.03221183194036633
E,153,02/test/ko/0153.png,1,0.015131309628486633,0.3055378154313095
E,154,02/test/ko/0154.png,1,0.010462556965649128,
E,155,02/test/ko/0155.png,1,0.014986032620072365,0.028331129469238516
E,156,02/test/ko/0156.png,1,0.011576490476727486,
E,157,02/test/ko/0157.png,1,0.009945868514478207,
E,158,02/test/ko/0158.png,1,0.0077940975315868855,0.07604371824928223
E,159,02/test/ko/0159.png,1,0.03040146641433239,
E,160,02/test/ko/0160.png,1,0.006045863963663578,
E,161,02/test/ko/0161.png,1,0.008812694810330868,0.15874602805549098
E,162,02/test/ko/0162.png,1,0.009610215201973915,0.0022149469506195923
E,163,02/test/ko/0163.png,1,0.024029633030295372,
E,164,02/test/ko/0164.png,1,0.009288987144827843,0.3888888888888889
E,165,02/test/ko/0165.png,1,0.010041836649179459,0.00858870669155641
E,166,02/test/ko/0166.png,1,0.006072745192795992,0.20327841691051693
E,167,02/test/ko/0167.png,1,0.023839255794882774,0.3262445887445887
E,168,02/test/ko/0168.png,1,0.017686590552330017,
E,169,02/test/ko/0169.png,1,0.015303442254662514,0.33333333333333337
E,170,02/test/ko/0170.png,1,0.016273649409413338,0.10189746396642949
E,171,02/test/ko/0171.png,1,0.012271581217646599,
E,172,02/test/ko/0172.png,1,0.008883818984031677,
E,173,02/test/ko/0173.png,1,0.025469981133937836,
E,174,02/test/ko/0174.png,1,0.012221417389810085,0.07491200560337721
E,175,02/test/ko/0175.png,1,0.020709382370114326,0.7159090909090909
E,176,02/test/ko/0176.png,1,0.008667981252074242,
E,177,02/test/ko/0177.png,1,0.013784303329885006,0.0007217218579643196
E,178,02/test/ko/0178.png,1,0.016827456653118134,0.5003603603603604
E,179,02/test/ko/0179.png,1,0.0069974069483578205,0.005471583544257213
E,180,02/test/ko/0180.png,1,0.009512766264379025,
E,181,02/test/ko/0181.png,1,0.009933402761816978,0.08089481654928066
E,182,02/test/ko/0182.png,1,0.008015605621039867,
E,183,02/test/ko/0183.png,1,0.027125580236315727,0.11537948131197559
E,184,02/test/ko/0184.png,1,0.009652798995375633,
E,185,02/test/ko/0185.png,1,0.01996120996773243,0.1271570185765527
E,186,02/test/ko/0186.png,1,0.014780213125050068,0.07366510032089008
E,187,02/test/ko/0187.png,1,0.021206973120570183,0.49843420126671356
E,188,02/test/ko/0188.png,1,0.03374788537621498,0.14974540218562327
E,189,02/test/ko/0189.png,1,0.024565350264310837,0.24254157551218863
E,190,02/test/ko/0190.png,1,0.19330167770385742,0.31576808346966345
E,191,02/test/ko/0191.png,1,0.03549713268876076,0.4112047360083536
E,192,02/test/ko/0192.png,1,0.029294567182660103,0.2606056967131853
E,193,02/test/ko/0193.png,1,0.024938924238085747,0.45237687729455467
E,194,02/test/ko/0194.png,1,0.031805261969566345,0.46566417707513474
E,195,02/test/ko/0195.png,1,0.02650434337556362,0.4179226019400755
E,196,02/test/ko/0196.png,1,0.03167315199971199,0.06687617233813684
E,197,02/test/ko/0197.png,1,0.03517130762338638,0.41196807671115016
E,198,02/test/ko/0198.png,1,0.023768965154886246,0.5389365220489598
E,199,02/test/ko/0199.png,1,0.017062529921531677,0.45294173405024896
E,200,02/test/ok/0000.png,0,0.010120993480086327,
E,201,02/test/ok/0001.png,0,0.006705894600600004,
E,202,02/test/ok/0002.png,0,0.006507218349725008,
E,203,02/test/ok/0003.png,0,0.00928803812712431,
E,204,02/test/ok/0004.png,0,0.01648401841521263,
E,205,02/test/ok/0005.png,0,0.005680888891220093,
E,206,02/test/ok/0006.png,0,0.005425170063972473,
E,207,02/test/ok/0007.png,0,0.043502140790224075,
E,208,02/test/ok/0008.png,0,0.05366223677992821,
E,209,02/test/ok/0009.png,0,0.02072744257748127,
E,210,02/test/ok/0010.png,0,0.0055021741427481174,
E,211,02/test/ok/0011.png,0,0.0191016998142004,
E,212,02/test/ok/0012.png,0,0.06736007332801819,
E,213,02/test/ok/0013.png,0,0.009387204423546791,
E,214,02/test/ok/0014.png,0,0.008079648949205875,
E,215,02/test/ok/0015.png,0,0.004466919228434563,
E,216,02/test/ok/0016.png,0,0.010058019310235977,
E,217,02/test/ok/0017.png,0,0.05003746971487999,
E,218,02/test/ok/0018.png,0,0.025597089901566505,
E,219,02/test/ok/0019.png,0,0.004933462478220463,
E,220,02/test/ok/0020.png,0,0.007905731908977032,
E,221,02/test/ok/0021.png,0,0.005608709063380957,
E,222,02/test/ok/0022.png,0,0.004802936688065529,
E,223,02/test/ok/0023.png,0,0.006970885209739208,
E,224,02/test/ok/0024.png,0,0.013839765451848507,
E,225,02/test/ok/0025.png,0,0.007067840546369553,
E,226,02/test/ok/0026.png,0,0.009145302698016167,
E,227,02/test/ok/0027.png,0,0.008991452865302563,
E,228,02/test/ok/0028.png,0,0.01467928197234869,
E,229,02/test/ok/0029.png,0,0.008177521638572216,
A1_J,0,02/test/ko/0000.png,1,0.45324423909187317,0.77617525584959
A1_J,1,02/test/ko/0001.png,1,0.4528694748878479,0.8959310142273383
A1_J,2,02/test/ko/0002.png,1,0.3715837299823761,0.8061175442199076
A1_J,3,02/test/ko/0003.png,1,0.3412385880947113,0.46252915264332
A1_J,4,02/test/ko/0004.png,1,0.42993399500846863,0.5472943308206921
A1_J,5,02/test/ko/0005.png,1,0.4317859709262848,0.6148792753787892
A1_J,6,02/test/ko/0006.png,1,0.46026164293289185,0.8551319350784892
A1_J,7,02/test/ko/0007.png,1,0.37164628505706787,0.8348555277911132
A1_J,8,02/test/ko/0008.png,1,0.3763178586959839,0.7607503793356899
A1_J,9,02/test/ko/0009.png,1,0.42033013701438904,0.8302767286760598
A1_J,10,02/test/ko/0010.png,1,0.4517551362514496,0.9101974481934608
A1_J,11,02/test/ko/0011.png,1,0.2711983621120453,0.25622317788033233
A1_J,12,02/test/ko/0012.png,1,0.3694549798965454,0.29642951395212214
A1_J,13,02/test/ko/0013.png,1,0.3491458296775818,0.4093098698582354
A1_J,14,02/test/ko/0014.png,1,0.3884495794773102,0.6024374095135211
A1_J,15,02/test/ko/0015.png,1,0.37756943702697754,0.7641805773123262
A1_J,16,02/test/ko/0016.png,1,0.3855478763580322,0.7049339451612273
A1_J,17,02/test/ko/0017.png,1,0.42733386158943176,0.4940762301593117
A1_J,18,02/test/ko/0018.png,1,0.38611772656440735,0.8139468886617026
A1_J,19,02/test/ko/0019.png,1,0.32129570841789246,0.4264322782375731
A1_J,20,02/test/ko/0020.png,1,0.3778561055660248,0.29147948109779764
A1_J,21,02/test/ko/0021.png,1,0.30811482667922974,0.614416140093977
A1_J,22,02/test/ko/0022.png,1,0.3511928915977478,0.5040238717139421
A1_J,23,02/test/ko/0023.png,1,0.39112791419029236,0.791605494030435
A1_J,24,02/test/ko/0024.png,1,0.42971083521842957,0.5271123177265442
A1_J,25,02/test/ko/0025.png,1,0.4296109080314636,0.751914629486833
A1_J,26,02/test/ko/0026.png,1,0.43088066577911377,0.15246807119254105
A1_J,27,02/test/ko/0027.png,1,0.23442506790161133,0.031660476258420125
A1_J,28,02/test/ko/0028.png,1,0.43213871121406555,0.6223551531344605
A1_J,29,02/test/ko/0029.png,1,0.3842192590236664,0.7387971447631738
A1_J,30,02/test/ko/0030.png,1,0.36173608899116516,0.8157063963354435
A1_J,31,02/test/ko/0031.png,1,0.37564197182655334,0.07611352770668417
A1_J,32,02/test/ko/0032.png,1,0.42452192306518555,0.4670154177257696
A1_J,33,02/test/ko/0033.png,1,0.30339938402175903,0.22012521977772376
A1_J,34,02/test/ko/0034.png,1,0.31741344928741455,0.6544898112446226
A1_J,35,02/test/ko/0035.png,1,0.4057310223579407,0.6249417835201219
A1_J,36,02/test/ko/0036.png,1,0.44101762771606445,0.5071163751496501
A1_J,37,02/test/ko/0037.png,1,0.41845688223838806,0.8100780763744403
A1_J,38,02/test/ko/0038.png,1,0.3681910037994385,0.6364729964867165
A1_J,39,02/test/ko/0039.png,1,0.3817037045955658,0.7442931823739023
A1_J,40,02/test/ko/0040.png,1,0.4322166442871094,0.8348754104346767
A1_J,41,02/test/ko/0041.png,1,0.4752541780471802,0.8887999555762072
A1_J,42,02/test/ko/0042.png,1,0.3381262421607971,0.004288351795904666
A1_J,43,02/test/ko/0043.png,1,0.3807075321674347,0.570985168617208
A1_J,44,02/test/ko/0044.png,1,0.4170866906642914,0.7658445653135557
A1_J,45,02/test/ko/0045.png,1,0.4466096758842468,0.5875577360814187
A1_J,46,02/test/ko/0046.png,1,0.4391305446624756,0.5776497842214231
A1_J,47,02/test/ko/0047.png,1,0.42062070965766907,0.6443252873718764
A1_J,48,02/test/ko/0048.png,1,0.3497850000858307,0.36203161230953146
A1_J,49,02/test/ko/0049.png,1,0.4578028917312622,0.788789595400005
A1_J,50,02/test/ko/0050.png,1,0.4074954092502594,0.8102230697348008
A1_J,51,02/test/ko/0051.png,1,0.4195276200771332,0.6377328470331515
A1_J,52,02/test/ko/0052.png,1,0.45307213068008423,0.8349010923784685
A1_J,53,02/test/ko/0053.png,1,0.3177541494369507,0.8734629898598087
A1_J,54,02/test/ko/0054.png,1,0.28511926531791687,0.2744789525774085
A1_J,55,02/test/ko/0055.png,1,0.3313387930393219,0.541576047477249
A1_J,56,02/test/ko/0056.png,1,0.3432653248310089,0.8006219556001403
A1_J,57,02/test/ko/0057.png,1,0.3473386764526367,0.2727886764091027
A1_J,58,02/test/ko/0058.png,1,0.42937251925468445,0.6891442759259807
A1_J,59,02/test/ko/0059.png,1,0.4196453392505646,0.5294309085363178
A1_J,60,02/test/ko/0060.png,1,0.3622143566608429,0.5687395704095807
A1_J,61,02/test/ko/0061.png,1,0.4385085105895996,0.6281236461306405
A1_J,62,02/test/ko/0062.png,1,0.4783315062522888,0.8249605024514095
A1_J,63,02/test/ko/0063.png,1,0.452046275138855,0.6638356990517338
A1_J,64,02/test/ko/0064.png,1,0.3429268002510071,0.6888836776991775
A1_J,65,02/test/ko/0065.png,1,0.34690719842910767,0.35823494541641354
A1_J,66,02/test/ko/0066.png,1,0.40122392773628235,0.41780446273637833
A1_J,67,02/test/ko/0067.png,1,0.3978847861289978,0.2359836944434942
A1_J,68,02/test/ko/0068.png,1,0.3884689211845398,0.27949415736831923
A1_J,69,02/test/ko/0069.png,1,0.5004693865776062,0.8665224756119161
A1_J,70,02/test/ko/0070.png,1,0.3393966555595398,0.02192564248879135
A1_J,71,02/test/ko/0071.png,1,0.36465609073638916,0.02758603992639292
A1_J,72,02/test/ko/0072.png,1,0.43095529079437256,0.31325859416502666
A1_J,73,02/test/ko/0073.png,1,0.30548107624053955,0.047678904282352344
A1_J,74,02/test/ko/0074.png,1,0.2751029133796692,0.03936449267843351
A1_J,75,02/test/ko/0075.png,1,0.41851407289505005,0.541304618682537
A1_J,76,02/test/ko/0076.png,1,0.41675281524658203,0.5912649568685245
A1_J,77,02/test/ko/0077.png,1,0.45121604204177856,0.5544426572845368
A1_J,78,02/test/ko/0078.png,1,0.40358492732048035,0.7629943091319942
A1_J,79,02/test/ko/0079.png,1,0.38829129934310913,0.7762411975110005
A1_J,80,02/test/ko/0080.png,1,0.1916676163673401,0.566281018446768
A1_J,81,02/test/ko/0081.png,1,0.14759966731071472,0.2280694056997509
A1_J,82,02/test/ko/0082.png,1,0.11172933131456375,0.20357003660221776
A1_J,83,02/test/ko/0083.png,1,0.16542336344718933,0.01843917209298359
A1_J,84,02/test/ko/0084.png,1,0.16735437512397766,0.8422619047619048
A1_J,85,02/test/ko/0085.png,1,0.17392849922180176,0.33427275368264897
A1_J,86,02/test/ko/0086.png,1,0.18300461769104004,0.24412878787878786
A1_J,87,02/test/ko/0087.png,1,0.15145914256572723,0.38535505948495463
A1_J,88,02/test/ko/0088.png,1,0.13253150880336761,
A1_J,89,02/test/ko/0089.png,1,0.10766059905290604,0.06696428571428571
A1_J,90,02/test/ko/0090.png,1,0.1278560757637024,0.051790850440057316
A1_J,91,02/test/ko/0091.png,1,0.19272328913211823,0.5709695691237939
A1_J,92,02/test/ko/0092.png,1,0.14040407538414001,
A1_J,93,02/test/ko/0093.png,1,0.1315111666917801,0.3778608806489994
A1_J,94,02/test/ko/0094.png,1,0.16818633675575256,0.45010090846629586
A1_J,95,02/test/ko/0095.png,1,0.11707905679941177,0.08675594176170717
A1_J,96,02/test/ko/0096.png,1,0.13501641154289246,0.04318307142223275
A1_J,97,02/test/ko/0097.png,1,0.1293102353811264,0.038032842731322306
A1_J,98,02/test/ko/0098.png,1,0.18301519751548767,0.07262976032546485
A1_J,99,02/test/ko/0099.png,1,0.14174504578113556,0.6239658025372311
A1_J,100,02/test/ko/0100.png,1,0.13409440219402313,0.7158333333333333
A1_J,101,02/test/ko/0101.png,1,0.1384965479373932,0.2848336304218657
A1_J,102,02/test/ko/0102.png,1,0.14887158572673798,0.06491729756418696
A1_J,103,02/test/ko/0103.png,1,0.11639799922704697,0.06542510156846121
A1_J,104,02/test/ko/0104.png,1,0.15194565057754517,0.16945501847462632
A1_J,105,02/test/ko/0105.png,1,0.1265859156847,0.043359159162512435
A1_J,106,02/test/ko/0106.png,1,0.14974437654018402,0.17010889387144848
A1_J,107,02/test/ko/0107.png,1,0.17228680849075317,0.4710151781293423
A1_J,108,02/test/ko/0108.png,1,0.13715848326683044,0.005615659805158818
A1_J,109,02/test/ko/0109.png,1,0.124344602227211,
A1_J,110,02/test/ko/0110.png,1,0.16324885189533234,0.16569014934741508
A1_J,111,02/test/ko/0111.png,1,0.1297323852777481,0.28968253968253965
A1_J,112,02/test/ko/0112.png,1,0.14490635693073273,
A1_J,113,02/test/ko/0113.png,1,0.1204034835100174,0.28499533146591965
A1_J,114,02/test/ko/0114.png,1,0.1585105061531067,0.23049978319224212
A1_J,115,02/test/ko/0115.png,1,0.1590699553489685,0.09475161875161876
A1_J,116,02/test/ko/0116.png,1,0.13256233930587769,
A1_J,117,02/test/ko/0117.png,1,0.16316334903240204,0.05968337218337218
A1_J,118,02/test/ko/0118.png,1,0.14443793892860413,
A1_J,119,02/test/ko/0119.png,1,0.12133889645338058,
A1_J,120,02/test/ko/0120.png,1,0.11784905940294266,
A1_J,121,02/test/ko/0121.png,1,0.1305590122938156,0.06084648952345147
A1_J,122,02/test/ko/0122.png,1,0.10898750275373459,
A1_J,123,02/test/ko/0123.png,1,0.12844517827033997,
A1_J,124,02/test/ko/0124.png,1,0.15519537031650543,0.3709468980050434
A1_J,125,02/test/ko/0125.png,1,0.12222900986671448,0.18012284701114487
A1_J,126,02/test/ko/0126.png,1,0.17923520505428314,0.11591124153624154
A1_J,127,02/test/ko/0127.png,1,0.12098132073879242,
A1_J,128,02/test/ko/0128.png,1,0.1797151267528534,0.23720153323922308
A1_J,129,02/test/ko/0129.png,1,0.1356891393661499,
A1_J,130,02/test/ko/0130.png,1,0.12359187752008438,0.026907801701084894
A1_J,131,02/test/ko/0131.png,1,0.1476823091506958,0.02946942810502337
A1_J,132,02/test/ko/0132.png,1,0.1455066204071045,0.0964032181611435
A1_J,133,02/test/ko/0133.png,1,0.1452295035123825,
A1_J,134,02/test/ko/0134.png,1,0.1432967334985733,0.3163752913752914
A1_J,135,02/test/ko/0135.png,1,0.1468920260667801,0.49722222222222223
A1_J,136,02/test/ko/0136.png,1,0.1086023598909378,
A1_J,137,02/test/ko/0137.png,1,0.11135369539260864,
A1_J,138,02/test/ko/0138.png,1,0.1261584758758545,
A1_J,139,02/test/ko/0139.png,1,0.1270163655281067,
A1_J,140,02/test/ko/0140.png,1,0.12215762585401535,0.7980845543345543
A1_J,141,02/test/ko/0141.png,1,0.1365305632352829,
A1_J,142,02/test/ko/0142.png,1,0.12897677719593048,0.03293083628059612
A1_J,143,02/test/ko/0143.png,1,0.15460935235023499,0.47470238095238093
A1_J,144,02/test/ko/0144.png,1,0.1280173659324646,
A1_J,145,02/test/ko/0145.png,0,0.151964008808136,
A1_J,146,02/test/ko/0146.png,1,0.11964991688728333,
A1_J,147,02/test/ko/0147.png,1,0.13541698455810547,0.30975834193326457
A1_J,148,02/test/ko/0148.png,1,0.1453382968902588,
A1_J,149,02/test/ko/0149.png,1,0.1328914612531662,
A1_J,150,02/test/ko/0150.png,1,0.11663641035556793,
A1_J,151,02/test/ko/0151.png,1,0.10697272419929504,0.009214004117906804
A1_J,152,02/test/ko/0152.png,1,0.1295386105775833,0.45099057297641476
A1_J,153,02/test/ko/0153.png,1,0.16223829984664917,0.7071964130028646
A1_J,154,02/test/ko/0154.png,1,0.12838391959667206,
A1_J,155,02/test/ko/0155.png,1,0.13727793097496033,0.04370213448279497
A1_J,156,02/test/ko/0156.png,1,0.10387550294399261,
A1_J,157,02/test/ko/0157.png,1,0.1494717001914978,
A1_J,158,02/test/ko/0158.png,1,0.15312722325325012,0.004860555450117614
A1_J,159,02/test/ko/0159.png,1,0.13965219259262085,
A1_J,160,02/test/ko/0160.png,1,0.134384885430336,
A1_J,161,02/test/ko/0161.png,1,0.10478844493627548,0.019067918889096633
A1_J,162,02/test/ko/0162.png,1,0.10887807607650757,0.005713767593303782
A1_J,163,02/test/ko/0163.png,1,0.14811651408672333,
A1_J,164,02/test/ko/0164.png,1,0.1460091471672058,0.16142697881828316
A1_J,165,02/test/ko/0165.png,1,0.12812064588069916,0.34745024289488285
A1_J,166,02/test/ko/0166.png,1,0.11505445092916489,0.1497261335156072
A1_J,167,02/test/ko/0167.png,1,0.13748766481876373,0.06797283258012571
A1_J,168,02/test/ko/0168.png,1,0.12629660964012146,
A1_J,169,02/test/ko/0169.png,1,0.12952375411987305,0.18113553113553113
A1_J,170,02/test/ko/0170.png,1,0.1423650085926056,0.06378524214218265
A1_J,171,02/test/ko/0171.png,1,0.1232893243432045,
A1_J,172,02/test/ko/0172.png,1,0.13212233781814575,
A1_J,173,02/test/ko/0173.png,1,0.1309078186750412,
A1_J,174,02/test/ko/0174.png,1,0.15071547031402588,0.32281710207045416
A1_J,175,02/test/ko/0175.png,1,0.11110448092222214,0.05977317450277602
A1_J,176,02/test/ko/0176.png,1,0.10857022553682327,
A1_J,177,02/test/ko/0177.png,1,0.13753332197666168,0.0005413336663336664
A1_J,178,02/test/ko/0178.png,1,0.12929947674274445,0.3533333333333334
A1_J,179,02/test/ko/0179.png,1,0.13665537536144257,0.009010467367407878
A1_J,180,02/test/ko/0180.png,1,0.12131068855524063,
A1_J,181,02/test/ko/0181.png,1,0.11698245257139206,0.09654633140367946
A1_J,182,02/test/ko/0182.png,1,0.14623188972473145,
A1_J,183,02/test/ko/0183.png,1,0.16191013157367706,0.32767857142857143
A1_J,184,02/test/ko/0184.png,1,0.11133350431919098,
A1_J,185,02/test/ko/0185.png,1,0.13182203471660614,0.43875172446601013
A1_J,186,02/test/ko/0186.png,1,0.16819149255752563,0.019355151880588846
A1_J,187,02/test/ko/0187.png,1,0.17074765264987946,0.664175110603682
A1_J,188,02/test/ko/0188.png,1,0.259921669960022,0.5145107219683203
A1_J,189,02/test/ko/0189.png,1,0.4258732795715332,0.706660344731941
A1_J,190,02/test/ko/0190.png,1,0.3879431486129761,0.5712885430454906
A1_J,191,02/test/ko/0191.png,1,0.43330273032188416,0.7861903011815625
A1_J,192,02/test/ko/0192.png,1,0.3292589485645294,0.05860031626951317
A1_J,193,02/test/ko/0193.png,1,0.3837311267852783,0.6908937647656186
A1_J,194,02/test/ko/0194.png,1,0.3590661585330963,0.5576112760463215
A1_J,195,02/test/ko/0195.png,1,0.20750302076339722,0.3926983073317564
A1_J,196,02/test/ko/0196.png,1,0.3460299074649811,0.01880346375807098
A1_J,197,02/test/ko/0197.png,1,0.4251213073730469,0.5671590844607126
A1_J,198,02/test/ko/0198.png,1,0.4855862259864807,0.8406830529268837
A1_J,199,02/test/ko/0199.png,1,0.4463053345680237,0.5668116519245766
A1_J,200,02/test/ok/0000.png,0,0.10487551987171173,
A1_J,201,02/test/ok/0001.png,0,0.12209991365671158,
A1_J,202,02/test/ok/0002.png,0,0.11719053238630295,
A1_J,203,02/test/ok/0003.png,0,0.10861857980489731,
A1_J,204,02/test/ok/0004.png,0,0.13342921435832977,
A1_J,205,02/test/ok/0005.png,0,0.11062183231115341,
A1_J,206,02/test/ok/0006.png,0,0.13382680714130402,
A1_J,207,02/test/ok/0007.png,0,0.1114855632185936,
A1_J,208,02/test/ok/0008.png,0,0.13860441744327545,
A1_J,209,02/test/ok/0009.png,0,0.12584710121154785,
A1_J,210,02/test/ok/0010.png,0,0.12639465928077698,
A1_J,211,02/test/ok/0011.png,0,0.11624505370855331,
A1_J,212,02/test/ok/0012.png,0,0.1118573248386383,
A1_J,213,02/test/ok/0013.png,0,0.10826734453439713,
A1_J,214,02/test/ok/0014.png,0,0.12752164900302887,
A1_J,215,02/test/ok/0015.png,0,0.11113706976175308,
A1_J,216,02/test/ok/0016.png,0,0.1068737804889679,
A1_J,217,02/test/ok/0017.png,0,0.11221019178628922,
A1_J,218,02/test/ok/0018.png,0,0.1255541741847992,
A1_J,219,02/test/ok/0019.png,0,0.10719344764947891,
A1_J,220,02/test/ok/0020.png,0,0.11144737154245377,
A1_J,221,02/test/ok/0021.png,0,0.11866208165884018,
A1_J,222,02/test/ok/0022.png,0,0.10993286222219467,
A1_J,223,02/test/ok/0023.png,0,0.13479334115982056,
A1_J,224,02/test/ok/0024.png,0,0.1270214468240738,
A1_J,225,02/test/ok/0025.png,0,0.11802320927381516,
A1_J,226,02/test/ok/0026.png,0,0.15385323762893677,
A1_J,227,02/test/ok/0027.png,0,0.10120708495378494,
A1_J,228,02/test/ok/0028.png,0,0.11718259006738663,
A1_J,229,02/test/ok/0029.png,0,0.13068556785583496,
A1_L,0,02/test/ko/0000.png,1,0.4383341073989868,0.7830702027146105
A1_L,1,02/test/ko/0001.png,1,0.44151461124420166,0.8984616407223852
A1_L,2,02/test/ko/0002.png,1,0.3563673198223114,0.8238474942964322
A1_L,3,02/test/ko/0003.png,1,0.3307839035987854,0.49817872222887655
A1_L,4,02/test/ko/0004.png,1,0.4120175838470459,0.5687381844050439
A1_L,5,02/test/ko/0005.png,1,0.4100818336009979,0.6158698930653937
A1_L,6,02/test/ko/0006.png,1,0.4490656554698944,0.858064496480549
A1_L,7,02/test/ko/0007.png,1,0.3583633601665497,0.8483494244696643
A1_L,8,02/test/ko/0008.png,1,0.363690584897995,0.7560879354837299
A1_L,9,02/test/ko/0009.png,1,0.38981905579566956,0.85114980679283
A1_L,10,02/test/ko/0010.png,1,0.43993833661079407,0.916405314429985
A1_L,11,02/test/ko/0011.png,1,0.24712415039539337,0.25261953506139795
A1_L,12,02/test/ko/0012.png,1,0.3549650013446808,0.30293720252659967
A1_L,13,02/test/ko/0013.png,1,0.32329899072647095,0.4923144734225057
A1_L,14,02/test/ko/0014.png,1,0.36861786246299744,0.5981558730709047
A1_L,15,02/test/ko/0015.png,1,0.36548668146133423,0.7628305465748613
A1_L,16,02/test/ko/0016.png,1,0.3661898672580719,0.7142850945310071
A1_L,17,02/test/ko/0017.png,1,0.41444921493530273,0.49192342420567176
A1_L,18,02/test/ko/0018.png,1,0.376529335975647,0.8336843828356714
A1_L,19,02/test/ko/0019.png,1,0.3121525049209595,0.450761276993918
A1_L,20,02/test/ko/0020.png,1,0.3633226454257965,0.308731383575408
A1_L,21,02/test/ko/0021.png,1,0.30102044343948364,0.6310874375386686
A1_L,22,02/test/ko/0022.png,1,0.3413485586643219,0.5607068180875732
A1_L,23,02/test/ko/0023.png,1,0.36708834767341614,0.7903755181751286
A1_L,24,02/test/ko/0024.png,1,0.4174138605594635,0.5342291640423493
A1_L,25,02/test/ko/0025.png,1,0.40268200635910034,0.7520073789003764
A1_L,26,02/test/ko/0026.png,1,0.42386528849601746,0.16708643717801044
A1_L,27,02/test/ko/0027.png,1,0.22362592816352844,0.03505030036443316
A1_L,28,02/test/ko/0028.png,1,0.40977180004119873,0.6370942417487274
A1_L,29,02/test/ko/0029.png,1,0.37604156136512756,0.7487329618563571
A1_L,30,02/test/ko/0030.png,1,0.35527414083480835,0.8258842858550135
A1_L,31,02/test/ko/0031.png,1,0.36455631256103516,0.07856316670755864
A1_L,32,02/test/ko/0032.png,1,0.408366858959198,0.4613428624323397
A1_L,33,02/test/ko/0033.png,1,0.28754815459251404,0.3082331715073842
A1_L,34,02/test/ko/0034.png,1,0.3109947741031647,0.6885939239314435
A1_L,35,02/test/ko/0035.png,1,0.3954598903656006,0.6366643855557464
A1_L,36,02/test/ko/0036.png,1,0.4300227463245392,0.5250295982818382
A1_L,37,02/test/ko/0037.png,1,0.4083123803138733,0.8273267967278273
A1_L,38,02/test/ko/0038.png,1,0.35798048973083496,0.6553661372154462
A1_L,39,02/test/ko/0039.png,1,0.3717879354953766,0.7550598652078713
A1_L,40,02/test/ko/0040.png,1,0.42111146450042725,0.8412954145818349
A1_L,41,02/test/ko/0041.png,1,0.450838178396225,0.8932457471229472
A1_L,42,02/test/ko/0042.png,1,0.32063648104667664,0.0043492490009645855
A1_L,43,02/test/ko/0043.png,1,0.36706653237342834,0.6429808164794412
A1_L,44,02/test/ko/0044.png,1,0.41029369831085205,0.780427300720004
A1_L,45,02/test/ko/0045.png,1,0.4364345073699951,0.5990146232001952
A1_L,46,02/test/ko/0046.png,1,0.42477667331695557,0.5792209009790497
A1_L,47,02/test/ko/0047.png,1,0.4049209654331207,0.669694243832994
A1_L,48,02/test/ko/0048.png,1,0.3420279622077942,0.36964922517064386
A1_L,49,02/test/ko/0049.png,1,0.4435298442840576,0.7968719399600811
A1_L,50,02/test/ko/0050.png,1,0.39441782236099243,0.813566333256145
A1_L,51,02/test/ko/0051.png,1,0.4070340096950531,0.6676988416552458
A1_L,52,02/test/ko/0052.png,1,0.4422619938850403,0.8395911552778729
A1_L,53,02/test/ko/0053.png,1,0.31047019362449646,0.9012485406858304
A1_L,54,02/test/ko/0054.png,1,0.2657913565635681,0.27659660309034434
A1_L,55,02/test/ko/0055.png,1,0.3182924687862396,0.5874602841897285
A1_L,56,02/test/ko/0056.png,1,0.33314159512519836,0.8205628342336196
A1_L,57,02/test/ko/0057.png,1,0.32982346415519714,0.28913113597571605
A1_L,58,02/test/ko/0058.png,1,0.410963773727417,0.7093669560458921
A1_L,59,02/test/ko/0059.png,1,0.4061453640460968,0.5114149417541759
A1_L,60,02/test/ko/0060.png,1,0.3542989492416382,0.5997787122220948
A1_L,61,02/test/ko/0061.png,1,0.4244146943092346,0.6332864143204013
A1_L,62,02/test/ko/0062.png,1,0.4763084650039673,0.8295121823114802
A1_L,63,02/test/ko/0063.png,1,0.44430842995643616,0.6726099906572369
A1_L,64,02/test/ko/0064.png,1,0.3293723464012146,0.6910924235323308
A1_L,65,02/test/ko/0065.png,1,0.3402036130428314,0.3954865748147412
A1_L,66,02/test/ko/0066.png,1,0.39238882064819336,0.5116488815125366
A1_L,67,02/test/ko/0067.png,1,0.3842872381210327,0.25281799061716725
A1_L,68,02/test/ko/0068.png,1,0.3773546814918518,0.3140357569905172
A1_L,69,02/test/ko/0069.png,1,0.48991626501083374,0.8674009934084822
A1_L,70,02/test/ko/0070.png,1,0.3230575919151306,0.02246072703802113
A1_L,71,02/test/ko/0071.png,1,0.3477444648742676,0.02907504603258649
A1_L,72,02/test/ko/0072.png,1,0.4161936938762665,0.32644250747582754
A1_L,73,02/test/ko/0073.png,1,0.2895139753818512,0.04883826561081074
A1_L,74,02/test/ko/0074.png,1,0.2638779878616333,0.04097682231511435
A1_L,75,02/test/ko/0075.png,1,0.4054716229438782,0.5509118889401571
A1_L,76,02/test/ko/0076.png,1,0.4032764732837677,0.5383069445981706
A1_L,77,02/test/ko/0077.png,1,0.4344574809074402,0.5615393287117425
A1_L,78,02/test/ko/0078.png,1,0.3919912874698639,0.7718672924438182
A1_L,79,02/test/ko/0079.png,1,0.3728545606136322,0.8021604189175711
A1_L,80,02/test/ko/0080.png,1,0.1842830628156662,0.5957088968135476
A1_L,81,02/test/ko/0081.png,1,0.1376602053642273,0.24721795202090768
A1_L,82,02/test/ko/0082.png,1,0.10735172778367996,0.14267412932156398
A1_L,83,02/test/ko/0083.png,1,0.12309042364358902,0.031464932291631616
A1_L,84,02/test/ko/0084.png,1,0.15850672125816345,0.8061868686868686
A1_L,85,02/test/ko/0085.png,1,0.16339190304279327,0.3418027261679033
A1_L,86,02/test/ko/0086.png,1,0.17399868369102478,0.25643939393939397
A1_L,87,02/test/ko/0087.png,1,0.12924467027187347,0.38567537644600036
A1_L,88,02/test/ko/0088.png,1,0.11543428152799606,
A1_L,89,02/test/ko/0089.png,1,0.10484454780817032,0.10049019607843138
A1_L,90,02/test/ko/0090.png,1,0.11319625377655029,0.089567095547209
A1_L,91,02/test/ko/0091.png,1,0.18041835725307465,0.5834883531002442
A1_L,92,02/test/ko/0092.png,1,0.12961404025554657,
A1_L,93,02/test/ko/0093.png,1,0.12293022125959396,0.4600369497488237
A1_L,94,02/test/ko/0094.png,1,0.1629246324300766,0.5482944725660659
A1_L,95,02/test/ko/0095.png,1,0.10565561056137085,0.12432365527193114
A1_L,96,02/test/ko/0096.png,1,0.10747312009334564,0.1115206870473875
A1_L,97,02/test/ko/0097.png,1,0.11176435649394989,0.11655427769468028
A1_L,98,02/test/ko/0098.png,1,0.15861137211322784,0.08324499816919853
A1_L,99,02/test/ko/0099.png,1,0.1254531443119049,0.6912626589097177
A1_L,100,02/test/ko/0100.png,1,0.1274125576019287,0.72
A1_L,101,02/test/ko/0101.png,1,0.125596821308136,0.3845238095238095
A1_L,102,02/test/ko/0102.png,1,0.12700892984867096,0.08314905814905815
A1_L,103,02/test/ko/0103.png,1,0.10328641533851624,0.07277190127178795
A1_L,104,02/test/ko/0104.png,1,0.14084666967391968,0.20777370777370777
A1_L,105,02/test/ko/0105.png,1,0.11404573917388916,0.05770927081652149
A1_L,106,02/test/ko/0106.png,1,0.13622498512268066,0.21483777500512252
A1_L,107,02/test/ko/0107.png,1,0.16415181756019592,0.42600994251484153
A1_L,108,02/test/ko/0108.png,1,0.12665197253227234,0.006876734582445773
A1_L,109,02/test/ko/0109.png,1,0.11117848753929138,
A1_L,110,02/test/ko/0110.png,1,0.15094338357448578,0.18701375697821443
A1_L,111,02/test/ko/0111.png,1,0.11324820667505264,0.37777777777777777
A1_L,112,02/test/ko/0112.png,1,0.12022481113672256,
A1_L,113,02/test/ko/0113.png,1,0.11099326610565186,0.3649612403100775
A1_L,114,02/test/ko/0114.png,1,0.14276205003261566,0.27715915361769594
A1_L,115,02/test/ko/0115.png,1,0.14585141837596893,0.1007516339869281
A1_L,116,02/test/ko/0116.png,1,0.1201508566737175,
A1_L,117,02/test/ko/0117.png,1,0.14634519815444946,0.06767676767676768
A1_L,118,02/test/ko/0118.png,1,0.1342296451330185,
A1_L,119,02/test/ko/0119.png,1,0.10138001292943954,
A1_L,120,02/test/ko/0120.png,1,0.10841237008571625,
A1_L,121,02/test/ko/0121.png,1,0.11802814900875092,0.06098909190931155
A1_L,122,02/test/ko/0122.png,1,0.08634020388126373,
A1_L,123,02/test/ko/0123.png,1,0.10986971110105515,
A1_L,124,02/test/ko/0124.png,1,0.14489993453025818,0.3858956007461015
A1_L,125,02/test/ko/0125.png,1,0.11225548386573792,0.24968434343434343
A1_L,126,02/test/ko/0126.png,1,0.16435858607292175,0.13698985193550411
A1_L,127,02/test/ko/0127.png,1,0.09319352358579636,
A1_L,128,02/test/ko/0128.png,1,0.16566595435142517,0.2573322553353682
A1_L,129,02/test/ko/0129.png,1,0.1199808418750763,
A1_L,130,02/test/ko/0130.png,1,0.10818585008382797,0.06764483919656333
A1_L,131,02/test/ko/0131.png,1,0.14767833054065704,0.034221905372810335
A1_L,132,02/test/ko/0132.png,1,0.13116131722927094,0.055079420454723985
A1_L,133,02/test/ko/0133.png,1,0.13371796905994415,
A1_L,134,02/test/ko/0134.png,1,0.1301625818014145,0.2123820086615005
A1_L,135,02/test/ko/0135.png,1,0.13222065567970276,0.7644230769230769
A1_L,136,02/test/ko/0136.png,1,0.09752850979566574,
A1_L,137,02/test/ko/0137.png,1,0.10038150101900101,
A1_L,138,02/test/ko/0138.png,1,0.113759845495224,
A1_L,139,02/test/ko/0139.png,1,0.12124869972467422,
A1_L,140,02/test/ko/0140.png,1,0.11463455110788345,0.7710572923808219
A1_L,141,02/test/ko/0141.png,1,0.1250959038734436,
A1_L,142,02/test/ko/0142.png,1,0.1168438270688057,0.06614379732895811
A1_L,143,02/test/ko/0143.png,1,0.13987880945205688,0.4898989898989899
A1_L,144,02/test/ko/0144.png,1,0.1073540523648262,
A1_L,145,02/test/ko/0145.png,0,0.12872424721717834,
A1_L,146,02/test/ko/0146.png,1,0.10365249961614609,
A1_L,147,02/test/ko/0147.png,1,0.12309058010578156,0.35694558831603795
A1_L,148,02/test/ko/0148.png,1,0.13264957070350647,
A1_L,149,02/test/ko/0149.png,1,0.1145813837647438,
A1_L,150,02/test/ko/0150.png,1,0.09544610977172852,
A1_L,151,02/test/ko/0151.png,1,0.09670824557542801,0.021219949732142033
A1_L,152,02/test/ko/0152.png,1,0.11748965829610825,0.45178267110813175
A1_L,153,02/test/ko/0153.png,1,0.1479419320821762,0.725838010068288
A1_L,154,02/test/ko/0154.png,1,0.10080742835998535,
A1_L,155,02/test/ko/0155.png,1,0.11582425981760025,0.08052904970554986
A1_L,156,02/test/ko/0156.png,1,0.0957183912396431,
A1_L,157,02/test/ko/0157.png,1,0.12958374619483948,
A1_L,158,02/test/ko/0158.png,1,0.14202865958213806,0.008248948924987133
A1_L,159,02/test/ko/0159.png,1,0.12652884423732758,
A1_L,160,02/test/ko/0160.png,1,0.11427538841962814,
A1_L,161,02/test/ko/0161.png,1,0.08912751823663712,0.030580248845783344
A1_L,162,02/test/ko/0162.png,1,0.09999709576368332,0.004143672361404212
A1_L,163,02/test/ko/0163.png,1,0.1450577676296234,
A1_L,164,02/test/ko/0164.png,1,0.1189541295170784,0.21329365079365079
A1_L,165,02/test/ko/0165.png,1,0.10951339453458786,0.20510547019247768
A1_L,166,02/test/ko/0166.png,1,0.0985005646944046,0.2671864548494983
A1_L,167,02/test/ko/0167.png,1,0.12569381296634674,0.23224386724386725
A1_L,168,02/test/ko/0168.png,1,0.1111769899725914,
A1_L,169,02/test/ko/0169.png,1,0.10815561562776566,0.041258462763839106
A1_L,170,02/test/ko/0170.png,1,0.12837909162044525,0.11292665214233841
A1_L,171,02/test/ko/0171.png,1,0.10700192302465439,
A1_L,172,02/test/ko/0172.png,1,0.11457360535860062,
A1_L,173,02/test/ko/0173.png,1,0.11795450747013092,
A1_L,174,02/test/ko/0174.png,1,0.12472590059041977,0.4844600768394989
A1_L,175,02/test/ko/0175.png,1,0.09867369383573532,0.05690457090061197
A1_L,176,02/test/ko/0176.png,1,0.08261153101921082,
A1_L,177,02/test/ko/0177.png,1,0.11753233522176743,0.0005200824673786228
A1_L,178,02/test/ko/0178.png,1,0.11608463525772095,0.4632034632034632
A1_L,179,02/test/ko/0179.png,1,0.11830426752567291,0.014740715189145683
A1_L,180,02/test/ko/0180.png,1,0.11068491637706757,
A1_L,181,02/test/ko/0181.png,1,0.09979243576526642,0.17075534094282838
A1_L,182,02/test/ko/0182.png,1,0.12229117006063461,
A1_L,183,02/test/ko/0183.png,1,0.14382119476795197,0.43214285714285716
A1_L,184,02/test/ko/0184.png,1,0.09662577509880066,
A1_L,185,02/test/ko/0185.png,1,0.12160048633813858,0.5590277777777777
A1_L,186,02/test/ko/0186.png,1,0.15671856701374054,0.024858809101279366
A1_L,187,02/test/ko/0187.png,1,0.16042931377887726,0.67723149866007
A1_L,188,02/test/ko/0188.png,1,0.2532309591770172,0.5160922759884286
A1_L,189,02/test/ko/0189.png,1,0.406739741563797,0.7363069553553904
A1_L,190,02/test/ko/0190.png,1,0.3732645809650421,0.5777234380963323
A1_L,191,02/test/ko/0191.png,1,0.42517292499542236,0.803390156499464
A1_L,192,02/test/ko/0192.png,1,0.31167930364608765,0.05948972020248557
A1_L,193,02/test/ko/0193.png,1,0.3745119571685791,0.6809876219611132
A1_L,194,02/test/ko/0194.png,1,0.3492554724216461,0.5879856129587068
A1_L,195,02/test/ko/0195.png,1,0.20222324132919312,0.4300168952283716
A1_L,196,02/test/ko/0196.png,1,0.32894355058670044,0.019609750542548276
A1_L,197,02/test/ko/0197.png,1,0.41098982095718384,0.6057029141524466
A1_L,198,02/test/ko/0198.png,1,0.4678242802619934,0.8549785474917783
A1_L,199,02/test/ko/0199.png,1,0.4272876977920532,0.5766902060489807
A1_L,200,02/test/ok/0000.png,0,0.09822025150060654,
A1_L,201,02/test/ok/0001.png,0,0.11599776893854141,
A1_L,202,02/test/ok/0002.png,0,0.0992717444896698,
A1_L,203,02/test/ok/0003.png,0,0.0912366658449173,
A1_L,204,02/test/ok/0004.png,0,0.12064740806818008,
A1_L,205,02/test/ok/0005.png,0,0.08913811296224594,
A1_L,206,02/test/ok/0006.png,0,0.11580245196819305,
A1_L,207,02/test/ok/0007.png,0,0.10780840367078781,
A1_L,208,02/test/ok/0008.png,0,0.1172696053981781,
A1_L,209,02/test/ok/0009.png,0,0.10414188355207443,
A1_L,210,02/test/ok/0010.png,0,0.11526917666196823,
A1_L,211,02/test/ok/0011.png,0,0.11126326024532318,
A1_L,212,02/test/ok/0012.png,0,0.0850050300359726,
A1_L,213,02/test/ok/0013.png,0,0.09435718506574631,
A1_L,214,02/test/ok/0014.png,0,0.11899296939373016,
A1_L,215,02/test/ok/0015.png,0,0.09187837690114975,
A1_L,216,02/test/ok/0016.png,0,0.09628491848707199,
A1_L,217,02/test/ok/0017.png,0,0.10115356743335724,
A1_L,218,02/test/ok/0018.png,0,0.11232855170965195,
A1_L,219,02/test/ok/0019.png,0,0.09748637676239014,
A1_L,220,02/test/ok/0020.png,0,0.10025285929441452,
A1_L,221,02/test/ok/0021.png,0,0.10861090570688248,
A1_L,222,02/test/ok/0022.png,0,0.09636753052473068,
A1_L,223,02/test/ok/0023.png,0,0.11201918870210648,
A1_L,224,02/test/ok/0024.png,0,0.11374162137508392,
A1_L,225,02/test/ok/0025.png,0,0.09331420063972473,
A1_L,226,02/test/ok/0026.png,0,0.13319046795368195,
A1_L,227,02/test/ok/0027.png,0,0.09078145027160645,
A1_L,228,02/test/ok/0028.png,0,0.10123792290687561,
A1_L,229,02/test/ok/0029.png,0,0.11745656281709671,
DUP_J,0,02/test/ko/0000.png,1,0.5427383780479431,0.7767506380228423
DUP_J,1,02/test/ko/0001.png,1,0.54252028465271,0.892043765894046
DUP_J,2,02/test/ko/0002.png,1,0.43864038586616516,0.821891009725687
DUP_J,3,02/test/ko/0003.png,1,0.41671133041381836,0.4540351148194899
DUP_J,4,02/test/ko/0004.png,1,0.4921332001686096,0.5021100979081992
DUP_J,5,02/test/ko/0005.png,1,0.5272226333618164,0.5981400782240461
DUP_J,6,02/test/ko/0006.png,1,0.5554865002632141,0.8641172691563714
DUP_J,7,02/test/ko/0007.png,1,0.4366576075553894,0.8143881304454437
DUP_J,8,02/test/ko/0008.png,1,0.45878615975379944,0.7451968362443654
DUP_J,9,02/test/ko/0009.png,1,0.48861396312713623,0.8327428045938795
DUP_J,10,02/test/ko/0010.png,1,0.5418494939804077,0.9123225255236918
DUP_J,11,02/test/ko/0011.png,1,0.3329877257347107,0.2409819638899532
DUP_J,12,02/test/ko/0012.png,1,0.4548875689506531,0.3408158871020742
DUP_J,13,02/test/ko/0013.png,1,0.4156034588813782,0.349394847550226
DUP_J,14,02/test/ko/0014.png,1,0.4692862331867218,0.6169637132993222
DUP_J,15,02/test/ko/0015.png,1,0.45456352829933167,0.770441646755277
DUP_J,16,02/test/ko/0016.png,1,0.4561654031276703,0.7252708336127845
DUP_J,17,02/test/ko/0017.png,1,0.5209490060806274,0.47775929501915626
DUP_J,18,02/test/ko/0018.png,1,0.4580255448818207,0.806684104498552
DUP_J,19,02/test/ko/0019.png,1,0.37464970350265503,0.2691084255470135
DUP_J,20,02/test/ko/0020.png,1,0.45952004194259644,0.2762541932185663
DUP_J,21,02/test/ko/0021.png,1,0.3694596588611603,0.6282114960184354
DUP_J,22,02/test/ko/0022.png,1,0.42052221298217773,0.48769680573251656
DUP_J,23,02/test/ko/0023.png,1,0.46190541982650757,0.7860698118188323
DUP_J,24,02/test/ko/0024.png,1,0.5296832323074341,0.5195607442009504
DUP_J,25,02/test/ko/0025.png,1,0.5055391192436218,0.7425187247564338
DUP_J,26,02/test/ko/0026.png,1,0.5104215145111084,0.14026442697135388
DUP_J,27,02/test/ko/0027.png,1,0.29278436303138733,0.033531894354699415
DUP_J,28,02/test/ko/0028.png,1,0.4900171160697937,0.6367940221063356
DUP_J,29,02/test/ko/0029.png,1,0.45104876160621643,0.745618007913521
DUP_J,30,02/test/ko/0030.png,1,0.41510507464408875,0.8077220405302847
DUP_J,31,02/test/ko/0031.png,1,0.45402970910072327,0.07631306415835347
DUP_J,32,02/test/ko/0032.png,1,0.5118542909622192,0.46221435923106324
DUP_J,33,02/test/ko/0033.png,1,0.3737547695636749,0.21388494681432496
DUP_J,34,02/test/ko/0034.png,1,0.3653331696987152,0.5964075898330666
DUP_J,35,02/test/ko/0035.png,1,0.476300984621048,0.5428516052973537
DUP_J,36,02/test/ko/0036.png,1,0.5367031693458557,0.507548359803768
DUP_J,37,02/test/ko/0037.png,1,0.4903026223182678,0.8141974662191321
DUP_J,38,02/test/ko/0038.png,1,0.4266431927680969,0.6524493397173133
DUP_J,39,02/test/ko/0039.png,1,0.46789607405662537,0.7677737841700593
DUP_J,40,02/test/ko/0040.png,1,0.5152283906936646,0.8457088155595042
DUP_J,41,02/test/ko/0041.png,1,0.5412079095840454,0.8649525103725179
DUP_J,42,02/test/ko/0042.png,1,0.4160761833190918,0.004169060385548321
DUP_J,43,02/test/ko/0043.png,1,0.4520711302757263,0.6080650018844727
DUP_J,44,02/test/ko/0044.png,1,0.49029287695884705,0.7120559856864488
DUP_J,45,02/test/ko/0045.png,1,0.5305903553962708,0.5587407681169884
DUP_J,46,02/test/ko/0046.png,1,0.5361214876174927,0.5897122406823634
DUP_J,47,02/test/ko/0047.png,1,0.4976108968257904,0.6317553856701481
DUP_J,48,02/test/ko/0048.png,1,0.4374348223209381,0.346164711789688
DUP_J,49,02/test/ko/0049.png,1,0.528174638748169,0.7665174140533271
DUP_J,50,02/test/ko/0050.png,1,0.46875953674316406,0.7985706905768011
DUP_J,51,02/test/ko/0051.png,1,0.4763023555278778,0.6293232577873555
DUP_J,52,02/test/ko/0052.png,1,0.5426213145256042,0.8202349382107068
DUP_J,53,02/test/ko/0053.png,1,0.3786587715148926,0.8804077981636675
DUP_J,54,02/test/ko/0054.png,1,0.3472241163253784,0.24962412732413677
DUP_J,55,02/test/ko/0055.png,1,0.38354191184043884,0.4736332592505587
DUP_J,56,02/test/ko/0056.png,1,0.4041889011859894,0.791705585610845
DUP_J,57,02/test/ko/0057.png,1,0.4232492446899414,0.26880815853340345
DUP_J,58,02/test/ko/0058.png,1,0.520554780960083,0.7010811874806078
DUP_J,59,02/test/ko/0059.png,1,0.4900658428668976,0.5026346288617217
DUP_J,60,02/test/ko/0060.png,1,0.4191955029964447,0.555124200154138
DUP_J,61,02/test/ko/0061.png,1,0.5122758150100708,0.5903713239128922
DUP_J,62,02/test/ko/0062.png,1,0.5143852233886719,0.8246442174983215
DUP_J,63,02/test/ko/0063.png,1,0.5456721782684326,0.666377507281856
DUP_J,64,02/test/ko/0064.png,1,0.4243052899837494,0.6892299821591019
DUP_J,65,02/test/ko/0065.png,1,0.4199973940849304,0.31074416428132706
DUP_J,66,02/test/ko/0066.png,1,0.47470349073410034,0.4563470342295718
DUP_J,67,02/test/ko/0067.png,1,0.4857509732246399,0.23452487765175467
DUP_J,68,02/test/ko/0068.png,1,0.4847548007965088,0.2700212944419506
DUP_J,69,02/test/ko/0069.png,1,0.6097189784049988,0.8741309669574037
DUP_J,70,02/test/ko/0070.png,1,0.4278584122657776,0.021812990192450712
DUP_J,71,02/test/ko/0071.png,1,0.44364142417907715,0.027459046865486596
DUP_J,72,02/test/ko/0072.png,1,0.5341001152992249,0.2843173402863481
DUP_J,73,02/test/ko/0073.png,1,0.383348286151886,0.04715124635716129
DUP_J,74,02/test/ko/0074.png,1,0.344038724899292,0.03916193910510077
DUP_J,75,02/test/ko/0075.png,1,0.5120681524276733,0.5397521707221348
DUP_J,76,02/test/ko/0076.png,1,0.48340386152267456,0.5091383358978433
DUP_J,77,02/test/ko/0077.png,1,0.5160028338432312,0.5407718132094992
DUP_J,78,02/test/ko/0078.png,1,0.4786750376224518,0.7571707379437019
DUP_J,79,02/test/ko/0079.png,1,0.4505525827407837,0.7688015358918074
DUP_J,80,02/test/ko/0080.png,1,0.23577028512954712,0.5350258592392265
DUP_J,81,02/test/ko/0081.png,1,0.1764223426580429,0.20399787614296822
DUP_J,82,02/test/ko/0082.png,1,0.13644671440124512,0.12861119219162453
DUP_J,83,02/test/ko/0083.png,1,0.18064145743846893,0.03143067175285737
DUP_J,84,02/test/ko/0084.png,1,0.2096579372882843,0.8491452991452992
DUP_J,85,02/test/ko/0085.png,1,0.200630784034729,0.30518952093861507
DUP_J,86,02/test/ko/0086.png,1,0.22599288821220398,0.26390770142892384
DUP_J,87,02/test/ko/0087.png,1,0.17378993332386017,0.3819023206505724
DUP_J,88,02/test/ko/0088.png,1,0.15129078924655914,
DUP_J,89,02/test/ko/0089.png,1,0.1322353482246399,0.07125000000000001
DUP_J,90,02/test/ko/0090.png,1,0.14964114129543304,0.05373086138383217
DUP_J,91,02/test/ko/0091.png,1,0.23123475909233093,0.551817023556154
DUP_J,92,02/test/ko/0092.png,1,0.1728375107049942,
DUP_J,93,02/test/ko/0093.png,1,0.1590012013912201,0.41667092963842145
DUP_J,94,02/test/ko/0094.png,1,0.20778439939022064,0.4716847709251319
DUP_J,95,02/test/ko/0095.png,1,0.1435328871011734,0.1000866250866251
DUP_J,96,02/test/ko/0096.png,1,0.15734846889972687,0.08717878718189297
DUP_J,97,02/test/ko/0097.png,1,0.14622831344604492,0.03928775875351189
DUP_J,98,02/test/ko/0098.png,1,0.20604348182678223,0.06668593270997134
DUP_J,99,02/test/ko/0099.png,1,0.17103470861911774,0.6976190476190476
DUP_J,100,02/test/ko/0100.png,1,0.16060999035835266,0.28702774377804974
DUP_J,101,02/test/ko/0101.png,1,0.165131613612175,0.37169312169312174
DUP_J,102,02/test/ko/0102.png,1,0.16914574801921844,0.06758391881342701
DUP_J,103,02/test/ko/0103.png,1,0.13729962706565857,0.05331342354317021
DUP_J,104,02/test/ko/0104.png,1,0.18618527054786682,0.16349624354842573
DUP_J,105,02/test/ko/0105.png,1,0.1520238071680069,0.03995295685498769
DUP_J,106,02/test/ko/0106.png,1,0.182773157954216,0.18337070939367128
DUP_J,107,02/test/ko/0107.png,1,0.20952005684375763,0.43761490028235334
DUP_J,108,02/test/ko/0108.png,1,0.17040333151817322,0.006243335162610013
DUP_J,109,02/test/ko/0109.png,1,0.1489294022321701,
DUP_J,110,02/test/ko/0110.png,1,0.20358696579933167,0.1701874735023601
DUP_J,111,02/test/ko/0111.png,1,0.15420053899288177,0.3611111111111111
DUP_J,112,02/test/ko/0112.png,1,0.16740082204341888,
DUP_J,113,02/test/ko/0113.png,1,0.14240790903568268,0.6944444444444444
DUP_J,114,02/test/ko/0114.png,1,0.1922120898962021,0.24651821733071735
DUP_J,115,02/test/ko/0115.png,1,0.1929427981376648,0.10977792233606187
DUP_J,116,02/test/ko/0116.png,1,0.15984338521957397,
DUP_J,117,02/test/ko/0117.png,1,0.19197478890419006,0.06844405594405595
DUP_J,118,02/test/ko/0118.png,1,0.17824918031692505,
DUP_J,119,02/test/ko/0119.png,1,0.13996754586696625,
DUP_J,120,02/test/ko/0120.png,1,0.14329080283641815,
DUP_J,121,02/test/ko/0121.png,1,0.15412068367004395,0.07603335649614609
DUP_J,122,02/test/ko/0122.png,1,0.13072285056114197,
DUP_J,123,02/test/ko/0123.png,1,0.15508471429347992,
DUP_J,124,02/test/ko/0124.png,1,0.1871386468410492,0.36325755747112953
DUP_J,125,02/test/ko/0125.png,1,0.14909371733665466,0.2096311475409836
DUP_J,126,02/test/ko/0126.png,1,0.2128627896308899,0.12337357450102548
DUP_J,127,02/test/ko/0127.png,1,0.1413818895816803,
DUP_J,128,02/test/ko/0128.png,1,0.21869759261608124,0.24409547980706742
DUP_J,129,02/test/ko/0129.png,1,0.1655939519405365,
DUP_J,130,02/test/ko/0130.png,1,0.1474875509738922,0.0371900775605819
DUP_J,131,02/test/ko/0131.png,1,0.18496960401535034,0.030718737605530056
DUP_J,132,02/test/ko/0132.png,1,0.16978879272937775,0.06300493931149447
DUP_J,133,02/test/ko/0133.png,1,0.17944014072418213,
DUP_J,134,02/test/ko/0134.png,1,0.1758342981338501,0.28898770311813793
DUP_J,135,02/test/ko/0135.png,1,0.1851271688938141,0.4769230769230769
DUP_J,136,02/test/ko/0136.png,1,0.131696417927742,
DUP_J,137,02/test/ko/0137.png,1,0.13384662568569183,
DUP_J,138,02/test/ko/0138.png,1,0.15275098383426666,
DUP_J,139,02/test/ko/0139.png,1,0.15840336680412292,
DUP_J,140,02/test/ko/0140.png,1,0.14847421646118164,0.7389849733599734
DUP_J,141,02/test/ko/0141.png,1,0.17071561515331268,
DUP_J,142,02/test/ko/0142.png,1,0.1574224978685379,0.052684702596354036
DUP_J,143,02/test/ko/0143.png,1,0.18440961837768555,0.44680134680134675
DUP_J,144,02/test/ko/0144.png,1,0.15498891472816467,
DUP_J,145,02/test/ko/0145.png,0,0.17934423685073853,
DUP_J,146,02/test/ko/0146.png,1,0.14545276761054993,
DUP_J,147,02/test/ko/0147.png,1,0.1672830432653427,0.32710232638265196
DUP_J,148,02/test/ko/0148.png,1,0.1783788800239563,
DUP_J,149,02/test/ko/0149.png,1,0.1629263013601303,
DUP_J,150,02/test/ko/0150.png,1,0.13324154913425446,
DUP_J,151,02/test/ko/0151.png,1,0.13090556859970093,0.01118365084270269
DUP_J,152,02/test/ko/0152.png,1,0.1542080044746399,0.4493361437831124
DUP_J,153,02/test/ko/0153.png,1,0.20140422880649567,0.7083333333333333
DUP_J,154,02/test/ko/0154.png,1,0.15444637835025787,
DUP_J,155,02/test/ko/0155.png,1,0.1627894788980484,0.06327413916067882
DUP_J,156,02/test/ko/0156.png,1,0.12763342261314392,
DUP_J,157,02/test/ko/0157.png,1,0.17179331183433533,
DUP_J,158,02/test/ko/0158.png,1,0.18522751331329346,0.005397772450504436
DUP_J,159,02/test/ko/0159.png,1,0.17323312163352966,
DUP_J,160,02/test/ko/0160.png,1,0.16269291937351227,
DUP_J,161,02/test/ko/0161.png,1,0.12279012799263,0.019176230873559845
DUP_J,162,02/test/ko/0162.png,1,0.12880592048168182,0.005252900719445535
DUP_J,163,02/test/ko/0163.png,1,0.1739831566810608,
DUP_J,164,02/test/ko/0164.png,1,0.17134308815002441,0.19074074074074074
DUP_J,165,02/test/ko/0165.png,1,0.14692166447639465,0.2337081006707102
DUP_J,166,02/test/ko/0166.png,1,0.13616541028022766,0.18162393162393162
DUP_J,167,02/test/ko/0167.png,1,0.16388395428657532,0.040597502158758236
DUP_J,168,02/test/ko/0168.png,1,0.1551908552646637,
DUP_J,169,02/test/ko/0169.png,1,0.14916466176509857,0.12215973003374578
DUP_J,170,02/test/ko/0170.png,1,0.16527985036373138,0.09717729762366842
DUP_J,171,02/test/ko/0171.png,1,0.1511775702238083,
DUP_J,172,02/test/ko/0172.png,1,0.15531136095523834,
DUP_J,173,02/test/ko/0173.png,1,0.16137206554412842,
DUP_J,174,02/test/ko/0174.png,1,0.1725124567747116,0.339108422689066
DUP_J,175,02/test/ko/0175.png,1,0.13589054346084595,0.05913627521974533
DUP_J,176,02/test/ko/0176.png,1,0.1271618902683258,
DUP_J,177,02/test/ko/0177.png,1,0.1644251048564911,0.0005239932619816362
DUP_J,178,02/test/ko/0178.png,1,0.14966639876365662,0.5279365079365079
DUP_J,179,02/test/ko/0179.png,1,0.1659589558839798,0.00977134801095787
DUP_J,180,02/test/ko/0180.png,1,0.15008221566677094,
DUP_J,181,02/test/ko/0181.png,1,0.12937550246715546,0.11452808160564691
DUP_J,182,02/test/ko/0182.png,1,0.17615319788455963,
DUP_J,183,02/test/ko/0183.png,1,0.19399885833263397,0.39017857142857143
DUP_J,184,02/test/ko/0184.png,1,0.13786959648132324,
DUP_J,185,02/test/ko/0185.png,1,0.16231124103069305,0.4420068027210884
DUP_J,186,02/test/ko/0186.png,1,0.20790652930736542,0.02005273889937827
DUP_J,187,02/test/ko/0187.png,1,0.20984795689582825,0.6921245421245421
DUP_J,188,02/test/ko/0188.png,1,0.31407180428504944,0.5021477938270635
DUP_J,189,02/test/ko/0189.png,1,0.49761009216308594,0.6780060658243205
DUP_J,190,02/test/ko/0190.png,1,0.47923630475997925,0.5371189297224658
DUP_J,191,02/test/ko/0191.png,1,0.5144327282905579,0.8377685221556368
DUP_J,192,02/test/ko/0192.png,1,0.4094623625278473,0.055754338894470054
DUP_J,193,02/test/ko/0193.png,1,0.4586167633533478,0.6970999961639193
DUP_J,194,02/test/ko/0194.png,1,0.4342048168182373,0.5238139956234765
DUP_J,195,02/test/ko/0195.png,1,0.24156439304351807,0.3862423185790703
DUP_J,196,02/test/ko/0196.png,1,0.42911410331726074,0.017914516751930745
DUP_J,197,02/test/ko/0197.png,1,0.5098342299461365,0.5952043962225152
DUP_J,198,02/test/ko/0198.png,1,0.5636254549026489,0.8372155916636653
DUP_J,199,02/test/ko/0199.png,1,0.519534707069397,0.5360190073560563
DUP_J,200,02/test/ok/0000.png,0,0.12586209177970886,
DUP_J,201,02/test/ok/0001.png,0,0.15156769752502441,
DUP_J,202,02/test/ok/0002.png,0,0.13463518023490906,
DUP_J,203,02/test/ok/0003.png,0,0.13023489713668823,
DUP_J,204,02/test/ok/0004.png,0,0.15994274616241455,
DUP_J,205,02/test/ok/0005.png,0,0.12776543200016022,
DUP_J,206,02/test/ok/0006.png,0,0.1571764349937439,
DUP_J,207,02/test/ok/0007.png,0,0.13801537454128265,
DUP_J,208,02/test/ok/0008.png,0,0.1666634976863861,
DUP_J,209,02/test/ok/0009.png,0,0.14388509094715118,
DUP_J,210,02/test/ok/0010.png,0,0.1577351987361908,
DUP_J,211,02/test/ok/0011.png,0,0.14537681639194489,
DUP_J,212,02/test/ok/0012.png,0,0.12790024280548096,
DUP_J,213,02/test/ok/0013.png,0,0.1252981573343277,
DUP_J,214,02/test/ok/0014.png,0,0.15773995220661163,
DUP_J,215,02/test/ok/0015.png,0,0.12546293437480927,
DUP_J,216,02/test/ok/0016.png,0,0.12968534231185913,
DUP_J,217,02/test/ok/0017.png,0,0.1359301209449768,
DUP_J,218,02/test/ok/0018.png,0,0.1502888947725296,
DUP_J,219,02/test/ok/0019.png,0,0.12899047136306763,
DUP_J,220,02/test/ok/0020.png,0,0.13682274520397186,
DUP_J,221,02/test/ok/0021.png,0,0.14463278651237488,
DUP_J,222,02/test/ok/0022.png,0,0.13327468931674957,
DUP_J,223,02/test/ok/0023.png,0,0.16031590104103088,
DUP_J,224,02/test/ok/0024.png,0,0.15349525213241577,
DUP_J,225,02/test/ok/0025.png,0,0.1337888538837433,
DUP_J,226,02/test/ok/0026.png,0,0.18172551691532135,
DUP_J,227,02/test/ok/0027.png,0,0.12556521594524384,
DUP_J,228,02/test/ok/0028.png,0,0.13705141842365265,
DUP_J,229,02/test/ok/0029.png,0,0.16501620411872864,
DUP_L,0,02/test/ko/0000.png,1,0.5290147662162781,0.78256820152722
DUP_L,1,02/test/ko/0001.png,1,0.5343519449234009,0.8939122770758511
DUP_L,2,02/test/ko/0002.png,1,0.42670148611068726,0.830086604708214
DUP_L,3,02/test/ko/0003.png,1,0.40996620059013367,0.4826750334978734
DUP_L,4,02/test/ko/0004.png,1,0.4751133322715759,0.5085373785032428
DUP_L,5,02/test/ko/0005.png,1,0.5096359252929688,0.5980378505350983
DUP_L,6,02/test/ko/0006.png,1,0.5483521223068237,0.8650865170136025
DUP_L,7,02/test/ko/0007.png,1,0.43035444617271423,0.8311524994117506
DUP_L,8,02/test/ko/0008.png,1,0.44721508026123047,0.7408696244322177
DUP_L,9,02/test/ko/0009.png,1,0.4649512767791748,0.8440454484651201
DUP_L,10,02/test/ko/0010.png,1,0.5331403613090515,0.9180493595754695
DUP_L,11,02/test/ko/0011.png,1,0.31272807717323303,0.24239425490671818
DUP_L,12,02/test/ko/0012.png,1,0.44144055247306824,0.34762578477417777
DUP_L,13,02/test/ko/0013.png,1,0.3956417739391327,0.3764887102051659
DUP_L,14,02/test/ko/0014.png,1,0.4559270739555359,0.6091068543308915
DUP_L,15,02/test/ko/0015.png,1,0.44227805733680725,0.7691497066469164
DUP_L,16,02/test/ko/0016.png,1,0.44734495878219604,0.7278847211655487
DUP_L,17,02/test/ko/0017.png,1,0.5123989582061768,0.4792393968365446
DUP_L,18,02/test/ko/0018.png,1,0.4462827444076538,0.8231687915848603
DUP_L,19,02/test/ko/0019.png,1,0.3678660988807678,0.28321632543794906
DUP_L,20,02/test/ko/0020.png,1,0.44761353731155396,0.2906646175014616
DUP_L,21,02/test/ko/0021.png,1,0.36446118354797363,0.6330149592044967
DUP_L,22,02/test/ko/0022.png,1,0.4126391112804413,0.5429251615268065
DUP_L,23,02/test/ko/0023.png,1,0.4455050230026245,0.7841822423306808
DUP_L,24,02/test/ko/0024.png,1,0.5228980183601379,0.5238757811558478
DUP_L,25,02/test/ko/0025.png,1,0.48275086283683777,0.7410506576386536
DUP_L,26,02/test/ko/0026.png,1,0.5048347115516663,0.14921605987966766
DUP_L,27,02/test/ko/0027.png,1,0.2853816747665405,0.03510654838119627
DUP_L,28,02/test/ko/0028.png,1,0.4770851135253906,0.6498264401494296
DUP_L,29,02/test/ko/0029.png,1,0.4450616240501404,0.7535367847693235
DUP_L,30,02/test/ko/0030.png,1,0.4073486030101776,0.8156988638240937
DUP_L,31,02/test/ko/0031.png,1,0.44485050439834595,0.07754315207755111
DUP_L,32,02/test/ko/0032.png,1,0.500907301902771,0.45135855814350506
DUP_L,33,02/test/ko/0033.png,1,0.36043092608451843,0.2939369978948741
DUP_L,34,02/test/ko/0034.png,1,0.36065274477005005,0.6217659024756276
DUP_L,35,02/test/ko/0035.png,1,0.4693366289138794,0.5511501427452667
DUP_L,36,02/test/ko/0036.png,1,0.5252704620361328,0.5205675881041689
DUP_L,37,02/test/ko/0037.png,1,0.4831359386444092,0.8270832577759177
DUP_L,38,02/test/ko/0038.png,1,0.41840413212776184,0.6637886511176397
DUP_L,39,02/test/ko/0039.png,1,0.4541490077972412,0.7696896367184423
DUP_L,40,02/test/ko/0040.png,1,0.5023661255836487,0.8493422553838105
DUP_L,41,02/test/ko/0041.png,1,0.5196511149406433,0.8741084522167333
DUP_L,42,02/test/ko/0042.png,1,0.40128082036972046,0.004245750123782803
DUP_L,43,02/test/ko/0043.png,1,0.4462333023548126,0.6695813655591121
DUP_L,44,02/test/ko/0044.png,1,0.48494014143943787,0.7287504172744783
DUP_L,45,02/test/ko/0045.png,1,0.5234789252281189,0.5700210136134122
DUP_L,46,02/test/ko/0046.png,1,0.5233719348907471,0.5858045163988513
DUP_L,47,02/test/ko/0047.png,1,0.48396170139312744,0.6464887495265415
DUP_L,48,02/test/ko/0048.png,1,0.43085265159606934,0.3511402591371702
DUP_L,49,02/test/ko/0049.png,1,0.514872133731842,0.776805259536355
DUP_L,50,02/test/ko/0050.png,1,0.46381300687789917,0.7988518490456928
DUP_L,51,02/test/ko/0051.png,1,0.46930184960365295,0.6524973036612864
DUP_L,52,02/test/ko/0052.png,1,0.5336636900901794,0.8248503708526739
DUP_L,53,02/test/ko/0053.png,1,0.3691070079803467,0.8930914951596464
DUP_L,54,02/test/ko/0054.png,1,0.33293309807777405,0.2624921090693814
DUP_L,55,02/test/ko/0055.png,1,0.37389132380485535,0.4999230645680887
DUP_L,56,02/test/ko/0056.png,1,0.39451512694358826,0.8059764899775489
DUP_L,57,02/test/ko/0057.png,1,0.4086560904979706,0.2784195071625686
DUP_L,58,02/test/ko/0058.png,1,0.5028527975082397,0.7156285550822195
DUP_L,59,02/test/ko/0059.png,1,0.48044830560684204,0.4855457987177593
DUP_L,60,02/test/ko/0060.png,1,0.4132523238658905,0.572964660375206
DUP_L,61,02/test/ko/0061.png,1,0.4981003403663635,0.5947775400563149
DUP_L,62,02/test/ko/0062.png,1,0.5130142569541931,0.8289464534893158
DUP_L,63,02/test/ko/0063.png,1,0.539934515953064,0.676915041220366
DUP_L,64,02/test/ko/0064.png,1,0.41257739067077637,0.6967150835993543
DUP_L,65,02/test/ko/0065.png,1,0.4137538969516754,0.3341670077578556
DUP_L,66,02/test/ko/0066.png,1,0.47020411491394043,0.5349403370452388
DUP_L,67,02/test/ko/0067.png,1,0.4757974147796631,0.2474027035479736
DUP_L,68,02/test/ko/0068.png,1,0.4754902720451355,0.29337780655080364
DUP_L,69,02/test/ko/0069.png,1,0.6016055941581726,0.8773001587092074
DUP_L,70,02/test/ko/0070.png,1,0.4156560003757477,0.02225186339743697
DUP_L,71,02/test/ko/0071.png,1,0.43167299032211304,0.02850894524557884
DUP_L,72,02/test/ko/0072.png,1,0.5199766755104065,0.2885752053478585
DUP_L,73,02/test/ko/0073.png,1,0.37172940373420715,0.047865520284289746
DUP_L,74,02/test/ko/0074.png,1,0.3340606689453125,0.04053161250427832
DUP_L,75,02/test/ko/0075.png,1,0.5015902519226074,0.5470729345919708
DUP_L,76,02/test/ko/0076.png,1,0.4759773313999176,0.4887346659425215
DUP_L,77,02/test/ko/0077.png,1,0.5047621130943298,0.5453058430489356
DUP_L,78,02/test/ko/0078.png,1,0.4709042012691498,0.7623830250941516
DUP_L,79,02/test/ko/0079.png,1,0.4424228072166443,0.7842757547195982
DUP_L,80,02/test/ko/0080.png,1,0.22963660955429077,0.558562394443833
DUP_L,81,02/test/ko/0081.png,1,0.16799141466617584,0.21968306604053803
DUP_L,82,02/test/ko/0082.png,1,0.13286253809928894,0.1275033466166125
DUP_L,83,02/test/ko/0083.png,1,0.1461372822523117,0.03601251756708174
DUP_L,84,02/test/ko/0084.png,1,0.2035064399242401,0.8210678210678211
DUP_L,85,02/test/ko/0085.png,1,0.19214101135730743,0.31288786698510807
DUP_L,86,02/test/ko/0086.png,1,0.21872062981128693,0.27808621933621935
DUP_L,87,02/test/ko/0087.png,1,0.15582282841205597,0.38024908982380906
DUP_L,88,02/test/ko/0088.png,1,0.14004607498645782,
DUP_L,89,02/test/ko/0089.png,1,0.13015000522136688,0.08928571428571427
DUP_L,90,02/test/ko/0090.png,1,0.140764057636261,0.08296926254648429
DUP_L,91,02/test/ko/0091.png,1,0.21987174451351166,0.5918481931779804
DUP_L,92,02/test/ko/0092.png,1,0.1649334579706192,
DUP_L,93,02/test/ko/0093.png,1,0.15343911945819855,0.4509460961828953
DUP_L,94,02/test/ko/0094.png,1,0.20298734307289124,0.4992049903851142
DUP_L,95,02/test/ko/0095.png,1,0.13429145514965057,0.12284883302765491
DUP_L,96,02/test/ko/0096.png,1,0.13142140209674835,0.11018600629925292
DUP_L,97,02/test/ko/0097.png,1,0.13840708136558533,0.09370018794224542
DUP_L,98,02/test/ko/0098.png,1,0.19296672940254211,0.07266563374268073
DUP_L,99,02/test/ko/0099.png,1,0.15794439613819122,0.701917130488559
DUP_L,100,02/test/ko/0100.png,1,0.15662235021591187,0.3047619047619048
DUP_L,101,02/test/ko/0101.png,1,0.15641508996486664,0.3928571428571429
DUP_L,102,02/test/ko/0102.png,1,0.15947462618350983,0.07861175755011371
DUP_L,103,02/test/ko/0103.png,1,0.1277713030576706,0.061318865433409385
DUP_L,104,02/test/ko/0104.png,1,0.17615944147109985,0.19901497909913057
DUP_L,105,02/test/ko/0105.png,1,0.14697498083114624,0.051270643443818695
DUP_L,106,02/test/ko/0106.png,1,0.1725240796804428,0.20101435161745973
DUP_L,107,02/test/ko/0107.png,1,0.20264266431331635,0.4145529771617243
DUP_L,108,02/test/ko/0108.png,1,0.1633051186800003,0.007454656535161326
DUP_L,109,02/test/ko/0109.png,1,0.13988149166107178,
DUP_L,110,02/test/ko/0110.png,1,0.19349826872348785,0.18008901185900333
DUP_L,111,02/test/ko/0111.png,1,0.14279930293560028,0.37777777777777777
DUP_L,112,02/test/ko/0112.png,1,0.15119048953056335,
DUP_L,113,02/test/ko/0113.png,1,0.13599823415279388,0.6966666666666668
DUP_L,114,02/test/ko/0114.png,1,0.17777270078659058,0.25928250767595246
DUP_L,115,02/test/ko/0115.png,1,0.1825014352798462,0.10647859471388883
DUP_L,116,02/test/ko/0116.png,1,0.15081341564655304,
DUP_L,117,02/test/ko/0117.png,1,0.17746512591838837,0.0753678015973098
DUP_L,118,02/test/ko/0118.png,1,0.17033357918262482,
DUP_L,119,02/test/ko/0119.png,1,0.13045386970043182,
DUP_L,120,02/test/ko/0120.png,1,0.13762439787387848,
DUP_L,121,02/test/ko/0121.png,1,0.14628762006759644,0.07184699759992608
DUP_L,122,02/test/ko/0122.png,1,0.10863936692476273,
DUP_L,123,02/test/ko/0123.png,1,0.14261087775230408,
DUP_L,124,02/test/ko/0124.png,1,0.17523540556430817,0.38444751792185505
DUP_L,125,02/test/ko/0125.png,1,0.14221589267253876,0.2572055137844611
DUP_L,126,02/test/ko/0126.png,1,0.20418649911880493,0.13006542028471854
DUP_L,127,02/test/ko/0127.png,1,0.11863577365875244,
DUP_L,128,02/test/ko/0128.png,1,0.20501720905303955,0.25790026354409556
DUP_L,129,02/test/ko/0129.png,1,0.15349401533603668,
DUP_L,130,02/test/ko/0130.png,1,0.1348751038312912,0.06509281678773204
DUP_L,131,02/test/ko/0131.png,1,0.18496695160865784,0.030081375085618065
DUP_L,132,02/test/ko/0132.png,1,0.16328759491443634,0.04774061766905342
DUP_L,133,02/test/ko/0133.png,1,0.1688196212053299,
DUP_L,134,02/test/ko/0134.png,1,0.16626203060150146,0.24081483314695654
DUP_L,135,02/test/ko/0135.png,1,0.17020396888256073,0.5325757575757576
DUP_L,136,02/test/ko/0136.png,1,0.12316876649856567,
DUP_L,137,02/test/ko/0137.png,1,0.12617987394332886,
DUP_L,138,02/test/ko/0138.png,1,0.14107783138751984,
DUP_L,139,02/test/ko/0139.png,1,0.1534460335969925,
DUP_L,140,02/test/ko/0140.png,1,0.14273732900619507,0.7220904095904096
DUP_L,141,02/test/ko/0141.png,1,0.1626058965921402,
DUP_L,142,02/test/ko/0142.png,1,0.14741982519626617,0.07485966578078056
DUP_L,143,02/test/ko/0143.png,1,0.17188875377178192,0.3902777777777777
DUP_L,144,02/test/ko/0144.png,1,0.1361193060874939,
DUP_L,145,02/test/ko/0145.png,0,0.16466638445854187,
DUP_L,146,02/test/ko/0146.png,1,0.13154898583889008,
DUP_L,147,02/test/ko/0147.png,1,0.15712672472000122,0.3578194411971008
DUP_L,148,02/test/ko/0148.png,1,0.16848787665367126,
DUP_L,149,02/test/ko/0149.png,1,0.14834141731262207,
DUP_L,150,02/test/ko/0150.png,1,0.11825260519981384,
DUP_L,151,02/test/ko/0151.png,1,0.1233210638165474,0.020137639427083073
DUP_L,152,02/test/ko/0152.png,1,0.1455596685409546,0.44869850907867165
DUP_L,153,02/test/ko/0153.png,1,0.19010260701179504,0.7218879196765253
DUP_L,154,02/test/ko/0154.png,1,0.12656135857105255,
DUP_L,155,02/test/ko/0155.png,1,0.1484389752149582,0.0803622077136559
DUP_L,156,02/test/ko/0156.png,1,0.1223936676979065,
DUP_L,157,02/test/ko/0157.png,1,0.15915407240390778,
DUP_L,158,02/test/ko/0158.png,1,0.1757206916809082,0.007899364837791627
DUP_L,159,02/test/ko/0159.png,1,0.1626247614622116,
DUP_L,160,02/test/ko/0160.png,1,0.14696772396564484,
DUP_L,161,02/test/ko/0161.png,1,0.110928975045681,0.02965669328971478
DUP_L,162,02/test/ko/0162.png,1,0.12215273082256317,0.004773110343602342
DUP_L,163,02/test/ko/0163.png,1,0.17191869020462036,
DUP_L,164,02/test/ko/0164.png,1,0.14914631843566895,0.22440476190476188
DUP_L,165,02/test/ko/0165.png,1,0.13901658356189728,0.1441091331795916
DUP_L,166,02/test/ko/0166.png,1,0.12235245853662491,0.29709219858156033
DUP_L,167,02/test/ko/0167.png,1,0.155720517039299,0.06775035410310226
DUP_L,168,02/test/ko/0168.png,1,0.14353616535663605,
DUP_L,169,02/test/ko/0169.png,1,0.13406123220920563,0.03581382385730211
DUP_L,170,02/test/ko/0170.png,1,0.15473464131355286,0.12969191015702644
DUP_L,171,02/test/ko/0171.png,1,0.1371881514787674,
DUP_L,172,02/test/ko/0172.png,1,0.14320926368236542,
DUP_L,173,02/test/ko/0173.png,1,0.15057381987571716,
DUP_L,174,02/test/ko/0174.png,1,0.15731540322303772,0.4605134201180078
DUP_L,175,02/test/ko/0175.png,1,0.12479608505964279,0.05383391695564471
DUP_L,176,02/test/ko/0176.png,1,0.10417798906564713,
DUP_L,177,02/test/ko/0177.png,1,0.1447390466928482,0.0005094143601450838
DUP_L,178,02/test/ko/0178.png,1,0.14044912159442902,0.46869796869796865
DUP_L,179,02/test/ko/0179.png,1,0.14774756133556366,0.01467831892351392
DUP_L,180,02/test/ko/0180.png,1,0.14143042266368866,
DUP_L,181,02/test/ko/0181.png,1,0.1257457286119461,0.16153511890730674
DUP_L,182,02/test/ko/0182.png,1,0.15132014453411102,
DUP_L,183,02/test/ko/0183.png,1,0.18135635554790497,0.45714285714285713
DUP_L,184,02/test/ko/0184.png,1,0.11909335106611252,
DUP_L,185,02/test/ko/0185.png,1,0.15418943762779236,0.5538429406850459
DUP_L,186,02/test/ko/0186.png,1,0.19917388260364532,0.02493184719692635
DUP_L,187,02/test/ko/0187.png,1,0.2002781629562378,0.7129457843743559
DUP_L,188,02/test/ko/0188.png,1,0.30839720368385315,0.501097683646679
DUP_L,189,02/test/ko/0189.png,1,0.4801826477050781,0.7035273801068208
DUP_L,190,02/test/ko/0190.png,1,0.46937820315361023,0.538593156709606
DUP_L,191,02/test/ko/0191.png,1,0.5082911252975464,0.8459815224332632
DUP_L,192,02/test/ko/0192.png,1,0.39337438344955444,0.05634602191338589
DUP_L,193,02/test/ko/0193.png,1,0.4519970417022705,0.6881795928367338
DUP_L,194,02/test/ko/0194.png,1,0.4179424047470093,0.5421727609138396
DUP_L,195,02/test/ko/0195.png,1,0.23902903497219086,0.39191644419050425
DUP_L,196,02/test/ko/0196.png,1,0.4163558781147003,0.018598027623094784
DUP_L,197,02/test/ko/0197.png,1,0.4979490339756012,0.6135750826529723
DUP_L,198,02/test/ko/0198.png,1,0.5480589270591736,0.8547338397085471
DUP_L,199,02/test/ko/0199.png,1,0.5059906840324402,0.5398903394393285
DUP_L,200,02/test/ok/0000.png,0,0.11868283897638321,
DUP_L,201,02/test/ok/0001.png,0,0.14725267887115479,
DUP_L,202,02/test/ok/0002.png,0,0.12569977343082428,
DUP_L,203,02/test/ok/0003.png,0,0.11583410948514938,
DUP_L,204,02/test/ok/0004.png,0,0.1512531340122223,
DUP_L,205,02/test/ok/0005.png,0,0.11407540738582611,
DUP_L,206,02/test/ok/0006.png,0,0.145235076546669,
DUP_L,207,02/test/ok/0007.png,0,0.13551835715770721,
DUP_L,208,02/test/ok/0008.png,0,0.15209755301475525,
DUP_L,209,02/test/ok/0009.png,0,0.13103240728378296,
DUP_L,210,02/test/ok/0010.png,0,0.14818495512008667,
DUP_L,211,02/test/ok/0011.png,0,0.14102061092853546,
DUP_L,212,02/test/ok/0012.png,0,0.10468486696481705,
DUP_L,213,02/test/ok/0013.png,0,0.11870763450860977,
DUP_L,214,02/test/ok/0014.png,0,0.15141141414642334,
DUP_L,215,02/test/ok/0015.png,0,0.11766032874584198,
DUP_L,216,02/test/ok/0016.png,0,0.12283818423748016,
DUP_L,217,02/test/ok/0017.png,0,0.12837301194667816,
DUP_L,218,02/test/ok/0018.png,0,0.14118699729442596,
DUP_L,219,02/test/ok/0019.png,0,0.12386994063854218,
DUP_L,220,02/test/ok/0020.png,0,0.12837965786457062,
DUP_L,221,02/test/ok/0021.png,0,0.13760392367839813,
DUP_L,222,02/test/ok/0022.png,0,0.11928670853376389,
DUP_L,223,02/test/ok/0023.png,0,0.13807564973831177,
DUP_L,224,02/test/ok/0024.png,0,0.14228183031082153,
DUP_L,225,02/test/ok/0025.png,0,0.11094791442155838,
DUP_L,226,02/test/ok/0026.png,0,0.15923571586608887,
DUP_L,227,02/test/ok/0027.png,0,0.11651812493801117,
DUP_L,228,02/test/ok/0028.png,0,0.12573613226413727,
DUP_L,229,02/test/ok/0029.png,0,0.1508931964635849,
TRI_E_J,0,02/test/ko/0000.png,1,0.3065349757671356,0.7592692576875965
TRI_E_J,1,02/test/ko/0001.png,1,0.3053096532821655,0.8949817955362684
TRI_E_J,2,02/test/ko/0002.png,1,0.2522791028022766,0.8062914086379178
TRI_E_J,3,02/test/ko/0003.png,1,0.2334456443786621,0.4750501582864555
TRI_E_J,4,02/test/ko/0004.png,1,0.2943136394023895,0.551675246792796
TRI_E_J,5,02/test/ko/0005.png,1,0.29076457023620605,0.6191894483012216
TRI_E_J,6,02/test/ko/0006.png,1,0.3121611773967743,0.8450972797385509
TRI_E_J,7,02/test/ko/0007.png,1,0.256049245595932,0.8328043948006857
TRI_E_J,8,02/test/ko/0008.png,1,0.2575613856315613,0.7650005948066079
TRI_E_J,9,02/test/ko/0009.png,1,0.28325292468070984,0.83500631490762
TRI_E_J,10,02/test/ko/0010.png,1,0.3074655830860138,0.9086341906981446
TRI_E_J,11,02/test/ko/0011.png,1,0.1871740072965622,0.2520198652603534
TRI_E_J,12,02/test/ko/0012.png,1,0.252408891916275,0.32204820020008595
TRI_E_J,13,02/test/ko/0013.png,1,0.24061255156993866,0.38607135521304325
TRI_E_J,14,02/test/ko/0014.png,1,0.2641966938972473,0.6093100317334043
TRI_E_J,15,02/test/ko/0015.png,1,0.2596234679222107,0.7616921878514361
TRI_E_J,16,02/test/ko/0016.png,1,0.25929445028305054,0.6937427873297994
TRI_E_J,17,02/test/ko/0017.png,1,0.28867307305336,0.50920922827615
TRI_E_J,18,02/test/ko/0018.png,1,0.26184317469596863,0.8204865455769881
TRI_E_J,19,02/test/ko/0019.png,1,0.22989022731781006,0.4969195078982221
TRI_E_J,20,02/test/ko/0020.png,1,0.25676020979881287,0.29734818385614936
TRI_E_J,21,02/test/ko/0021.png,1,0.2101694643497467,0.6245152753594972
TRI_E_J,22,02/test/ko/0022.png,1,0.2452658861875534,0.5382734229949218
TRI_E_J,23,02/test/ko/0023.png,1,0.26496389508247375,0.7896060420282001
TRI_E_J,24,02/test/ko/0024.png,1,0.2930358946323395,0.5282602734415491
TRI_E_J,25,02/test/ko/0025.png,1,0.29037633538246155,0.751652075335518
TRI_E_J,26,02/test/ko/0026.png,1,0.29011136293411255,0.16502044551708267
TRI_E_J,27,02/test/ko/0027.png,1,0.16251838207244873,0.031176788124156543
TRI_E_J,28,02/test/ko/0028.png,1,0.29205578565597534,0.6208816608055123
TRI_E_J,29,02/test/ko/0029.png,1,0.2611912786960602,0.7372293617268638
TRI_E_J,30,02/test/ko/0030.png,1,0.24686530232429504,0.8122958445197803
TRI_E_J,31,02/test/ko/0031.png,1,0.2589459717273712,0.07989981151043375
TRI_E_J,32,02/test/ko/0032.png,1,0.290164053440094,0.4690402002014959
TRI_E_J,33,02/test/ko/0033.png,1,0.21322433650493622,0.27613207963707465
TRI_E_J,34,02/test/ko/0034.png,1,0.22285309433937073,0.6835128324331329
TRI_E_J,35,02/test/ko/0035.png,1,0.2738182544708252,0.6381822812406766
TRI_E_J,36,02/test/ko/0036.png,1,0.29837414622306824,0.5104775737379195
TRI_E_J,37,02/test/ko/0037.png,1,0.2920191287994385,0.8157768355996154
TRI_E_J,38,02/test/ko/0038.png,1,0.24915169179439545,0.6286965907913304
TRI_E_J,39,02/test/ko/0039.png,1,0.25883084535598755,0.7335913073068242
TRI_E_J,40,02/test/ko/0040.png,1,0.2957359552383423,0.8352541108566046
TRI_E_J,41,02/test/ko/0041.png,1,0.3187256455421448,0.8894746711753427
TRI_E_J,42,02/test/ko/0042.png,1,0.23800960183143616,0.004294797590886976
TRI_E_J,43,02/test/ko/0043.png,1,0.2566099762916565,0.5855038928366334
TRI_E_J,44,02/test/ko/0044.png,1,0.28488415479660034,0.7652422375588617
TRI_E_J,45,02/test/ko/0045.png,1,0.3027786314487457,0.5881697841467335
TRI_E_J,46,02/test/ko/0046.png,1,0.29801368713378906,0.5846832486524387
TRI_E_J,47,02/test/ko/0047.png,1,0.2862258851528168,0.6456530760473297
TRI_E_J,48,02/test/ko/0048.png,1,0.24040524661540985,0.36276907622699733
TRI_E_J,49,02/test/ko/0049.png,1,0.30744418501853943,0.7823818024942778
TRI_E_J,50,02/test/ko/0050.png,1,0.276786744594574,0.811704216477845
TRI_E_J,51,02/test/ko/0051.png,1,0.2825748324394226,0.6267349928450521
TRI_E_J,52,02/test/ko/0052.png,1,0.3055517077445984,0.8435202654926255
TRI_E_J,53,02/test/ko/0053.png,1,0.2172926813364029,0.8830305152773366
TRI_E_J,54,02/test/ko/0054.png,1,0.19475646317005157,0.2875824793251064
TRI_E_J,55,02/test/ko/0055.png,1,0.22555764019489288,0.5449951056036015
TRI_E_J,56,02/test/ko/0056.png,1,0.23572491109371185,0.7914623848166579
TRI_E_J,57,02/test/ko/0057.png,1,0.2354583442211151,0.27307085599768915
TRI_E_J,58,02/test/ko/0058.png,1,0.29161688685417175,0.6886982361506254
TRI_E_J,59,02/test/ko/0059.png,1,0.2876376509666443,0.530434511039077
TRI_E_J,60,02/test/ko/0060.png,1,0.2463473230600357,0.5742890405346063
TRI_E_J,61,02/test/ko/0061.png,1,0.2957106828689575,0.6296469347626258
TRI_E_J,62,02/test/ko/0062.png,1,0.32484862208366394,0.8262541242389949
TRI_E_J,63,02/test/ko/0063.png,1,0.31042295694351196,0.6572599413302117
TRI_E_J,64,02/test/ko/0064.png,1,0.2324696034193039,0.6803809565890759
TRI_E_J,65,02/test/ko/0065.png,1,0.24165357649326324,0.3607405944039286
TRI_E_J,66,02/test/ko/0066.png,1,0.2739991843700409,0.48071280334267524
TRI_E_J,67,02/test/ko/0067.png,1,0.2677622139453888,0.2378688548705743
TRI_E_J,68,02/test/ko/0068.png,1,0.26318156719207764,0.27006327546885606
TRI_E_J,69,02/test/ko/0069.png,1,0.33809077739715576,0.8627137777603578
TRI_E_J,70,02/test/ko/0070.png,1,0.23206137120723724,0.022078892394819208
TRI_E_J,71,02/test/ko/0071.png,1,0.24624226987361908,0.029056125350734874
TRI_E_J,72,02/test/ko/0072.png,1,0.2893902659416199,0.327153912203114
TRI_E_J,73,02/test/ko/0073.png,1,0.20811153948307037,0.049250381055465746
TRI_E_J,74,02/test/ko/0074.png,1,0.18542814254760742,0.04216559126935636
TRI_E_J,75,02/test/ko/0075.png,1,0.28220587968826294,0.5439938735321223
TRI_E_J,76,02/test/ko/0076.png,1,0.2812909781932831,0.6200885796731979
TRI_E_J,77,02/test/ko/0077.png,1,0.3049546480178833,0.548315850953584
TRI_E_J,78,02/test/ko/0078.png,1,0.27327901124954224,0.7731270065992054
TRI_E_J,79,02/test/ko/0079.png,1,0.26171576976776123,0.7410190850934905
TRI_E_J,80,02/test/ko/0080.png,1,0.13236671686172485,0.5570781799093639
TRI_E_J,81,02/test/ko/0081.png,1,0.10093770176172256,0.2740734466561099
TRI_E_J,82,02/test/ko/0082.png,1,0.07733792066574097,0.24486035572731904
TRI_E_J,83,02/test/ko/0083.png,1,0.11532614380121231,0.018500183041874348
TRI_E_J,84,02/test/ko/0084.png,1,0.117025226354599,0.8523809523809524
TRI_E_J,85,02/test/ko/0085.png,1,0.11962392181158066,0.34244740595243245
TRI_E_J,86,02/test/ko/0086.png,1,0.12341084331274033,0.2538690476190476
TRI_E_J,87,02/test/ko/0087.png,1,0.10228181630373001,0.3813420979216491
TRI_E_J,88,02/test/ko/0088.png,1,0.09378093481063843,
TRI_E_J,89,02/test/ko/0089.png,1,0.07274588942527771,0.09722222222222221
TRI_E_J,90,02/test/ko/0090.png,1,0.08725254982709885,0.07032829774765259
TRI_E_J,91,02/test/ko/0091.png,1,0.1344582587480545,0.5637468198288489
TRI_E_J,92,02/test/ko/0092.png,1,0.09904437512159348,
TRI_E_J,93,02/test/ko/0093.png,1,0.10352744162082672,0.5342708240511915
TRI_E_J,94,02/test/ko/0094.png,1,0.11753437668085098,0.5059819201878955
TRI_E_J,95,02/test/ko/0095.png,1,0.08084403723478317,0.08772674106209583
TRI_E_J,96,02/test/ko/0096.png,1,0.09098643809556961,0.06797928220023605
TRI_E_J,97,02/test/ko/0097.png,1,0.08756069093942642,0.048574324098672815
TRI_E_J,98,02/test/ko/0098.png,1,0.1626519411802292,0.07425991584019308
TRI_E_J,99,02/test/ko/0099.png,1,0.09795080125331879,0.6199004479840716
TRI_E_J,100,02/test/ko/0100.png,1,0.09681671857833862,0.8242424242424242
TRI_E_J,101,02/test/ko/0101.png,1,0.09475915133953094,0.29267676767676765
TRI_E_J,102,02/test/ko/0102.png,1,0.10100217163562775,0.06993338008415147
TRI_E_J,103,02/test/ko/0103.png,1,0.08348625153303146,0.07899167779401763
TRI_E_J,104,02/test/ko/0104.png,1,0.10533202439546585,0.16568408443408444
TRI_E_J,105,02/test/ko/0105.png,1,0.08572690188884735,0.04602671317021401
TRI_E_J,106,02/test/ko/0106.png,1,0.10416994243860245,0.17989715762327083
TRI_E_J,107,02/test/ko/0107.png,1,0.11861792206764221,0.47295446123173346
TRI_E_J,108,02/test/ko/0108.png,1,0.092220239341259,0.005509926834290649
TRI_E_J,109,02/test/ko/0109.png,1,0.08522950112819672,
TRI_E_J,110,02/test/ko/0110.png,1,0.11212864518165588,0.16328742774739802
TRI_E_J,111,02/test/ko/0111.png,1,0.08896464109420776,0.3547008547008547
TRI_E_J,112,02/test/ko/0112.png,1,0.09930063784122467,
TRI_E_J,113,02/test/ko/0113.png,1,0.08319336175918579,0.28345345345345346
TRI_E_J,114,02/test/ko/0114.png,1,0.10842590034008026,0.24090575485063048
TRI_E_J,115,02/test/ko/0115.png,1,0.10727127641439438,0.1515891472868217
TRI_E_J,116,02/test/ko/0116.png,1,0.09035355597734451,
TRI_E_J,117,02/test/ko/0117.png,1,0.11363140493631363,0.05859077040427155
TRI_E_J,118,02/test/ko/0118.png,1,0.09986674040555954,
TRI_E_J,119,02/test/ko/0119.png,1,0.08250467479228973,
TRI_E_J,120,02/test/ko/0120.png,1,0.08025457710027695,
TRI_E_J,121,02/test/ko/0121.png,1,0.08833593130111694,0.0553794721790614
TRI_E_J,122,02/test/ko/0122.png,1,0.0756259560585022,
TRI_E_J,123,02/test/ko/0123.png,1,0.08674152195453644,
TRI_E_J,124,02/test/ko/0124.png,1,0.10699743032455444,0.39472668721660653
TRI_E_J,125,02/test/ko/0125.png,1,0.08467396348714828,0.1871918842027538
TRI_E_J,126,02/test/ko/0126.png,1,0.12325620651245117,0.1175175788245866
TRI_E_J,127,02/test/ko/0127.png,1,0.08136048913002014,
TRI_E_J,128,02/test/ko/0128.png,1,0.12315593659877777,0.2345507758864366
TRI_E_J,129,02/test/ko/0129.png,1,0.09603223949670792,
TRI_E_J,130,02/test/ko/0130.png,1,0.09110131859779358,0.028079879679144385
TRI_E_J,131,02/test/ko/0131.png,1,0.10448110103607178,0.030612747449984122
TRI_E_J,132,02/test/ko/0132.png,1,0.09795486181974411,0.10378212051263043
TRI_E_J,133,02/test/ko/0133.png,1,0.09930183738470078,
TRI_E_J,134,02/test/ko/0134.png,1,0.10105134546756744,0.41944444444444445
TRI_E_J,135,02/test/ko/0135.png,1,0.10017924755811691,0.33214285714285713
TRI_E_J,136,02/test/ko/0136.png,1,0.07328905165195465,
TRI_E_J,137,02/test/ko/0137.png,1,0.07488347589969635,
TRI_E_J,138,02/test/ko/0138.png,1,0.08485940843820572,
TRI_E_J,139,02/test/ko/0139.png,1,0.0891365334391594,
TRI_E_J,140,02/test/ko/0140.png,1,0.08420544117689133,0.8239310397205134
TRI_E_J,141,02/test/ko/0141.png,1,0.09281573444604874,
TRI_E_J,142,02/test/ko/0142.png,1,0.08744125813245773,0.03070319187306387
TRI_E_J,143,02/test/ko/0143.png,1,0.10982146114110947,0.6839646464646464
TRI_E_J,144,02/test/ko/0144.png,1,0.08735425770282745,
TRI_E_J,145,02/test/ko/0145.png,0,0.10501323640346527,
TRI_E_J,146,02/test/ko/0146.png,1,0.08120029419660568,
TRI_E_J,147,02/test/ko/0147.png,1,0.09304625540971756,0.3093705065166374
TRI_E_J,148,02/test/ko/0148.png,1,0.09816920012235641,
TRI_E_J,149,02/test/ko/0149.png,1,0.09056979417800903,
TRI_E_J,150,02/test/ko/0150.png,1,0.07887065410614014,
TRI_E_J,151,02/test/ko/0151.png,1,0.0723009929060936,0.0121816754094279
TRI_E_J,152,02/test/ko/0152.png,1,0.08844815194606781,0.44891910387468587
TRI_E_J,153,02/test/ko/0153.png,1,0.11376301199197769,0.7004485645933014
TRI_E_J,154,02/test/ko/0154.png,1,0.08735273778438568,
TRI_E_J,155,02/test/ko/0155.png,1,0.09227441996335983,0.0539240374399091
TRI_E_J,156,02/test/ko/0156.png,1,0.07154973596334457,
TRI_E_J,157,02/test/ko/0157.png,1,0.10261598974466324,
TRI_E_J,158,02/test/ko/0158.png,1,0.105699822306633,0.005646232220499594
TRI_E_J,159,02/test/ko/0159.png,1,0.10372830182313919,
TRI_E_J,160,02/test/ko/0160.png,1,0.09302199631929398,
TRI_E_J,161,02/test/ko/0161.png,1,0.07186199724674225,0.0317181004851031
TRI_E_J,162,02/test/ko/0162.png,1,0.07821905612945557,0.005429173854825496
TRI_E_J,163,02/test/ko/0163.png,1,0.10209202021360397,
TRI_E_J,164,02/test/ko/0164.png,1,0.10003481060266495,0.16984126984126985
TRI_E_J,165,02/test/ko/0165.png,1,0.08838573843240738,0.33543225902481627
TRI_E_J,166,02/test/ko/0166.png,1,0.07751315832138062,0.14737520128824477
TRI_E_J,167,02/test/ko/0167.png,1,0.09366714209318161,0.14145795089731017
TRI_E_J,168,02/test/ko/0168.png,1,0.08732496947050095,
TRI_E_J,169,02/test/ko/0169.png,1,0.08704877644777298,0.29365079365079366
TRI_E_J,170,02/test/ko/0170.png,1,0.09763677418231964,0.0708240130584608
TRI_E_J,171,02/test/ko/0171.png,1,0.08330532908439636,
TRI_E_J,172,02/test/ko/0172.png,1,0.0894046276807785,
TRI_E_J,173,02/test/ko/0173.png,1,0.08832692354917526,
TRI_E_J,174,02/test/ko/0174.png,1,0.10492268204689026,0.3318522781335463
TRI_E_J,175,02/test/ko/0175.png,1,0.07541441172361374,0.20407239819004525
TRI_E_J,176,02/test/ko/0176.png,1,0.07334873080253601,
TRI_E_J,177,02/test/ko/0177.png,1,0.09759656339883804,0.000540186329780304
TRI_E_J,178,02/test/ko/0178.png,1,0.09329142421483994,0.5245388669301714
TRI_E_J,179,02/test/ko/0179.png,1,0.09227704256772995,0.009672232090133093
TRI_E_J,180,02/test/ko/0180.png,1,0.0835757851600647,
TRI_E_J,181,02/test/ko/0181.png,1,0.07926365733146667,0.10982840337758847
TRI_E_J,182,02/test/ko/0182.png,1,0.09987824410200119,
TRI_E_J,183,02/test/ko/0183.png,1,0.11169461160898209,0.36041666666666666
TRI_E_J,184,02/test/ko/0184.png,1,0.07629020512104034,
TRI_E_J,185,02/test/ko/0185.png,1,0.09252753853797913,0.5036172161172161
TRI_E_J,186,02/test/ko/0186.png,1,0.11805259436368942,0.022845624084004708
TRI_E_J,187,02/test/ko/0187.png,1,0.12536601722240448,0.7001133786848073
TRI_E_J,188,02/test/ko/0188.png,1,0.1792508363723755,0.49295578011773966
TRI_E_J,189,02/test/ko/0189.png,1,0.286311537027359,0.6846947918283467
TRI_E_J,190,02/test/ko/0190.png,1,0.26112625002861023,0.5659028900575809
TRI_E_J,191,02/test/ko/0191.png,1,0.29317936301231384,0.7831257272238277
TRI_E_J,192,02/test/ko/0192.png,1,0.22416630387306213,0.05923404053318641
TRI_E_J,193,02/test/ko/0193.png,1,0.2624363601207733,0.6861160101625453
TRI_E_J,194,02/test/ko/0194.png,1,0.2531425356864929,0.5650818871159717
TRI_E_J,195,02/test/ko/0195.png,1,0.1467869132757187,0.41471078813604906
TRI_E_J,196,02/test/ko/0196.png,1,0.23880748450756073,0.019627284392524643
TRI_E_J,197,02/test/ko/0197.png,1,0.2861822247505188,0.5741731068913956
TRI_E_J,198,02/test/ko/0198.png,1,0.32803875207901,0.839468048858528
TRI_E_J,199,02/test/ko/0199.png,1,0.30114486813545227,0.5626188901309743
TRI_E_J,200,02/test/ok/0000.png,0,0.07117965072393417,
TRI_E_J,201,02/test/ok/0001.png,0,0.0845932736992836,
TRI_E_J,202,02/test/ok/0002.png,0,0.07877251505851746,
TRI_E_J,203,02/test/ok/0003.png,0,0.07260473817586899,
TRI_E_J,204,02/test/ok/0004.png,0,0.0914035215973854,
TRI_E_J,205,02/test/ok/0005.png,0,0.07556906342506409,
TRI_E_J,206,02/test/ok/0006.png,0,0.09071100503206253,
TRI_E_J,207,02/test/ok/0007.png,0,0.09131696820259094,
TRI_E_J,208,02/test/ok/0008.png,0,0.09667563438415527,
TRI_E_J,209,02/test/ok/0009.png,0,0.0874292328953743,
TRI_E_J,210,02/test/ok/0010.png,0,0.08467444777488708,
TRI_E_J,211,02/test/ok/0011.png,0,0.07844798266887665,
TRI_E_J,212,02/test/ok/0012.png,0,0.07634980976581573,
TRI_E_J,213,02/test/ok/0013.png,0,0.07245685905218124,
TRI_E_J,214,02/test/ok/0014.png,0,0.08797424286603928,
TRI_E_J,215,02/test/ok/0015.png,0,0.07474536448717117,
TRI_E_J,216,02/test/ok/0016.png,0,0.07214386016130447,
TRI_E_J,217,02/test/ok/0017.png,0,0.0761779174208641,
TRI_E_J,218,02/test/ok/0018.png,0,0.095971018075943,
TRI_E_J,219,02/test/ok/0019.png,0,0.07479500770568848,
TRI_E_J,220,02/test/ok/0020.png,0,0.076976478099823,
TRI_E_J,221,02/test/ok/0021.png,0,0.0803883895277977,
TRI_E_J,222,02/test/ok/0022.png,0,0.07535641640424728,
TRI_E_J,223,02/test/ok/0023.png,0,0.09267304092645645,
TRI_E_J,224,02/test/ok/0024.png,0,0.09052486717700958,
TRI_E_J,225,02/test/ok/0025.png,0,0.07968407869338989,
TRI_E_J,226,02/test/ok/0026.png,0,0.10386431962251663,
TRI_E_J,227,02/test/ok/0027.png,0,0.06934629380702972,
TRI_E_J,228,02/test/ok/0028.png,0,0.079805389046669,
TRI_E_J,229,02/test/ok/0029.png,0,0.08905785530805588,
TRI_E_L,0,02/test/ko/0000.png,1,0.29593104124069214,0.7749090803242934
TRI_E_L,1,02/test/ko/0001.png,1,0.2967331111431122,0.8975617748117555
TRI_E_L,2,02/test/ko/0002.png,1,0.24090242385864258,0.8241628162696677
TRI_E_L,3,02/test/ko/0003.png,1,0.22386448085308075,0.5072107028965251
TRI_E_L,4,02/test/ko/0004.png,1,0.2816004455089569,0.5677468648022851
TRI_E_L,5,02/test/ko/0005.png,1,0.27527177333831787,0.6195437206114568
TRI_E_L,6,02/test/ko/0006.png,1,0.3032715618610382,0.8518100377389961
TRI_E_L,7,02/test/ko/0007.png,1,0.2436269223690033,0.8462795790104394
TRI_E_L,8,02/test/ko/0008.png,1,0.2457730770111084,0.7599756111653923
TRI_E_L,9,02/test/ko/0009.png,1,0.2612054646015167,0.8532155765350138
TRI_E_L,10,02/test/ko/0010.png,1,0.2980016767978668,0.9151552256582094
TRI_E_L,11,02/test/ko/0011.png,1,0.1695179045200348,0.2503996785146594
TRI_E_L,12,02/test/ko/0012.png,1,0.24047258496284485,0.31444121299129774
TRI_E_L,13,02/test/ko/0013.png,1,0.2207123041152954,0.45152280050716137
TRI_E_L,14,02/test/ko/0014.png,1,0.24950876832008362,0.6030007962184414
TRI_E_L,15,02/test/ko/0015.png,1,0.2506532371044159,0.7612395009702608
TRI_E_L,16,02/test/ko/0016.png,1,0.24605156481266022,0.7087557761174491
TRI_E_L,17,02/test/ko/0017.png,1,0.27856630086898804,0.4965020476203771
TRI_E_L,18,02/test/ko/0018.png,1,0.25358736515045166,0.837974865982286
TRI_E_L,19,02/test/ko/0019.png,1,0.21810509264469147,0.513386182136196
TRI_E_L,20,02/test/ko/0020.png,1,0.2453726977109909,0.31376158605572774
TRI_E_L,21,02/test/ko/0021.png,1,0.20281828939914703,0.6359696088305029
TRI_E_L,22,02/test/ko/0022.png,1,0.23709888756275177,0.5713088997764555
TRI_E_L,23,02/test/ko/0023.png,1,0.2492423951625824,0.7862725924090475
TRI_E_L,24,02/test/ko/0024.png,1,0.28220388293266296,0.5329820224519451
TRI_E_L,25,02/test/ko/0025.png,1,0.2711963355541229,0.7525457455504534
TRI_E_L,26,02/test/ko/0026.png,1,0.28424978256225586,0.18145183281252494
TRI_E_L,27,02/test/ko/0027.png,1,0.15159355103969574,0.03446585538150066
TRI_E_L,28,02/test/ko/0028.png,1,0.2761141061782837,0.6359178362663854
TRI_E_L,29,02/test/ko/0029.png,1,0.2533506453037262,0.7482863735682481
TRI_E_L,30,02/test/ko/0030.png,1,0.23904109001159668,0.8213280229622886
TRI_E_L,31,02/test/ko/0031.png,1,0.24835142493247986,0.08155499916976788
TRI_E_L,32,02/test/ko/0032.png,1,0.27725592255592346,0.46303201111643505
TRI_E_L,33,02/test/ko/0033.png,1,0.20097032189369202,0.3522422890925635
TRI_E_L,34,02/test/ko/0034.png,1,0.2150058150291443,0.7018926895972503
TRI_E_L,35,02/test/ko/0035.png,1,0.2662287950515747,0.6441190133575847
TRI_E_L,36,02/test/ko/0036.png,1,0.2899118661880493,0.5255038782040885
TRI_E_L,37,02/test/ko/0037.png,1,0.28401970863342285,0.829020217552586
TRI_E_L,38,02/test/ko/0038.png,1,0.24104361236095428,0.6515527332725216
TRI_E_L,39,02/test/ko/0039.png,1,0.250182569026947,0.7470508473727269
TRI_E_L,40,02/test/ko/0040.png,1,0.2861875593662262,0.8398608979906912
TRI_E_L,41,02/test/ko/0041.png,1,0.3037046790122986,0.8913162573094751
TRI_E_L,42,02/test/ko/0042.png,1,0.22322829067707062,0.004340010272213662
TRI_E_L,43,02/test/ko/0043.png,1,0.24668502807617188,0.6538942150145092
TRI_E_L,44,02/test/ko/0044.png,1,0.27575576305389404,0.776388831297751
TRI_E_L,45,02/test/ko/0045.png,1,0.2947283387184143,0.5964469745789828
TRI_E_L,46,02/test/ko/0046.png,1,0.2855575978755951,0.5826261367650627
TRI_E_L,47,02/test/ko/0047.png,1,0.27392011880874634,0.6690948496229546
TRI_E_L,48,02/test/ko/0048.png,1,0.2325543761253357,0.3707175162627395
TRI_E_L,49,02/test/ko/0049.png,1,0.2970270812511444,0.7949312857124429
TRI_E_L,50,02/test/ko/0050.png,1,0.26548030972480774,0.8126466141423163
TRI_E_L,51,02/test/ko/0051.png,1,0.27322110533714294,0.6588808582452318
TRI_E_L,52,02/test/ko/0052.png,1,0.29587897658348083,0.841875532585271
TRI_E_L,53,02/test/ko/0053.png,1,0.20964376628398895,0.9034812141973106
TRI_E_L,54,02/test/ko/0054.png,1,0.18159230053424835,0.2877024154280887
TRI_E_L,55,02/test/ko/0055.png,1,0.21427485346794128,0.5741687747278988
TRI_E_L,56,02/test/ko/0056.png,1,0.22652865946292877,0.8138462489168264
TRI_E_L,57,02/test/ko/0057.png,1,0.2214534431695938,0.2888586966857909
TRI_E_L,58,02/test/ko/0058.png,1,0.2765132784843445,0.7067126844528238
TRI_E_L,59,02/test/ko/0059.png,1,0.27558308839797974,0.5152695295378185
TRI_E_L,60,02/test/ko/0060.png,1,0.23942174017429352,0.5950905094101617
TRI_E_L,61,02/test/ko/0061.png,1,0.2851434648036957,0.6352657039539914
TRI_E_L,62,02/test/ko/0062.png,1,0.32114946842193604,0.829224113853874
TRI_E_L,63,02/test/ko/0063.png,1,0.299660861492157,0.6663943398632965
TRI_E_L,64,02/test/ko/0064.png,1,0.2228277027606964,0.68966446357947
TRI_E_L,65,02/test/ko/0065.png,1,0.23435887694358826,0.3936409578755392
TRI_E_L,66,02/test/ko/0066.png,1,0.2680991291999817,0.5423834196950366
TRI_E_L,67,02/test/ko/0067.png,1,0.2578105628490448,0.2539483392931695
TRI_E_L,68,02/test/ko/0068.png,1,0.2539083957672119,0.30669869856157106
TRI_E_L,69,02/test/ko/0069.png,1,0.32935380935668945,0.8673171494826294
TRI_E_L,70,02/test/ko/0070.png,1,0.21762917935848236,0.022659511928801678
TRI_E_L,71,02/test/ko/0071.png,1,0.23611785471439362,0.030340881778629585
TRI_E_L,72,02/test/ko/0072.png,1,0.27851131558418274,0.3340098412761917
TRI_E_L,73,02/test/ko/0073.png,1,0.19423574209213257,0.050011561857712966
TRI_E_L,74,02/test/ko/0074.png,1,0.17705418169498444,0.044933350982583956
TRI_E_L,75,02/test/ko/0075.png,1,0.2721881866455078,0.5517820484268723
TRI_E_L,76,02/test/ko/0076.png,1,0.2709323763847351,0.5637869635550009
TRI_E_L,77,02/test/ko/0077.png,1,0.2926047146320343,0.5579358639534894
TRI_E_L,78,02/test/ko/0078.png,1,0.26427340507507324,0.7811958041334971
TRI_E_L,79,02/test/ko/0079.png,1,0.25094377994537354,0.7851879045250334
TRI_E_L,80,02/test/ko/0080.png,1,0.12605057656764984,0.5961375516245992
TRI_E_L,81,02/test/ko/0081.png,1,0.0930086150765419,0.3020928473686356
TRI_E_L,82,02/test/ko/0082.png,1,0.07230013608932495,0.1430333550249909
TRI_E_L,83,02/test/ko/0083.png,1,0.08293041586875916,0.030285648694739604
TRI_E_L,84,02/test/ko/0084.png,1,0.10816248506307602,0.8061868686868686
TRI_E_L,85,02/test/ko/0085.png,1,0.10996291041374207,0.3447701615521749
TRI_E_L,86,02/test/ko/0086.png,1,0.11685043573379517,0.26047222929575875
TRI_E_L,87,02/test/ko/0087.png,1,0.08682306855916977,0.3815517511880043
TRI_E_L,88,02/test/ko/0088.png,1,0.07903303951025009,
TRI_E_L,89,02/test/ko/0089.png,1,0.0699738934636116,0.10833333333333334
TRI_E_L,90,02/test/ko/0090.png,1,0.07617957890033722,0.11116707366707365
TRI_E_L,91,02/test/ko/0091.png,1,0.1251535415649414,0.576980172773151
TRI_E_L,92,02/test/ko/0092.png,1,0.0891004353761673,
TRI_E_L,93,02/test/ko/0093.png,1,0.09308112412691116,0.5787829594647776
TRI_E_L,94,02/test/ko/0094.png,1,0.11162364482879639,0.541168823390001
TRI_E_L,95,02/test/ko/0095.png,1,0.07242294400930405,0.1250171532250005
TRI_E_L,96,02/test/ko/0096.png,1,0.07291949540376663,0.14123909118769287
TRI_E_L,97,02/test/ko/0097.png,1,0.07616011798381805,0.12979207836407963
TRI_E_L,98,02/test/ko/0098.png,1,0.15076196193695068,0.07737931641172976
TRI_E_L,99,02/test/ko/0099.png,1,0.08536068350076675,0.6872838790688689
TRI_E_L,100,02/test/ko/0100.png,1,0.09202488511800766,0.885
TRI_E_L,101,02/test/ko/0101.png,1,0.08612002432346344,0.3791819291819292
TRI_E_L,102,02/test/ko/0102.png,1,0.08516107499599457,0.0800629290617849
TRI_E_L,103,02/test/ko/0103.png,1,0.07340966910123825,0.07881924354043551
TRI_E_L,104,02/test/ko/0104.png,1,0.09633642435073853,0.21663799163799166
TRI_E_L,105,02/test/ko/0105.png,1,0.07654363662004471,0.062465098208173774
TRI_E_L,106,02/test/ko/0106.png,1,0.09417904913425446,0.22480291355694723
TRI_E_L,107,02/test/ko/0107.png,1,0.11133433878421783,0.4081979341505563
TRI_E_L,108,02/test/ko/0108.png,1,0.08498485386371613,0.006786337101640939
TRI_E_L,109,02/test/ko/0109.png,1,0.07639120519161224,
TRI_E_L,110,02/test/ko/0110.png,1,0.10108321905136108,0.1971378597472256
TRI_E_L,111,02/test/ko/0111.png,1,0.0772593691945076,0.3888888888888889
TRI_E_L,112,02/test/ko/0112.png,1,0.08202651888132095,
TRI_E_L,113,02/test/ko/0113.png,1,0.07667122036218643,0.3715890613451589
TRI_E_L,114,02/test/ko/0114.png,1,0.09697619825601578,0.2854080546626016
TRI_E_L,115,02/test/ko/0115.png,1,0.09820356220006943,0.13211118349387752
TRI_E_L,116,02/test/ko/0116.png,1,0.0809960663318634,
TRI_E_L,117,02/test/ko/0117.png,1,0.09845761954784393,0.06867413632119515
TRI_E_L,118,02/test/ko/0118.png,1,0.09029588848352432,
TRI_E_L,119,02/test/ko/0119.png,1,0.0689651295542717,
TRI_E_L,120,02/test/ko/0120.png,1,0.07496059685945511,
TRI_E_L,121,02/test/ko/0121.png,1,0.08028312027454376,0.05604593053141575
TRI_E_L,122,02/test/ko/0122.png,1,0.05941242724657059,
TRI_E_L,123,02/test/ko/0123.png,1,0.07340798527002335,
TRI_E_L,124,02/test/ko/0124.png,1,0.0995502844452858,0.46559607982022005
TRI_E_L,125,02/test/ko/0125.png,1,0.07687067985534668,0.2702020202020202
TRI_E_L,126,02/test/ko/0126.png,1,0.11147656291723251,0.14547306380746278
TRI_E_L,127,02/test/ko/0127.png,1,0.06230201944708824,
TRI_E_L,128,02/test/ko/0128.png,1,0.11174881458282471,0.25633114096067894
TRI_E_L,129,02/test/ko/0129.png,1,0.08306138217449188,
TRI_E_L,130,02/test/ko/0130.png,1,0.07724941521883011,0.06523491798721157
TRI_E_L,131,02/test/ko/0131.png,1,0.09944578260183334,0.036473528896051814
TRI_E_L,132,02/test/ko/0132.png,1,0.09122342616319656,0.05986659828979672
TRI_E_L,133,02/test/ko/0133.png,1,0.090435691177845,
TRI_E_L,134,02/test/ko/0134.png,1,0.08750510960817337,0.23840579710144924
TRI_E_L,135,02/test/ko/0135.png,1,0.09044960886240005,0.7166666666666667
TRI_E_L,136,02/test/ko/0136.png,1,0.0657317042350769,
TRI_E_L,137,02/test/ko/0137.png,1,0.06708972901105881,
TRI_E_L,138,02/test/ko/0138.png,1,0.07616836577653885,
TRI_E_L,139,02/test/ko/0139.png,1,0.08468462526798248,
TRI_E_L,140,02/test/ko/0140.png,1,0.07809281349182129,0.7793875732111027
TRI_E_L,141,02/test/ko/0141.png,1,0.08382970094680786,
TRI_E_L,142,02/test/ko/0142.png,1,0.07879891246557236,0.06570641021530371
TRI_E_L,143,02/test/ko/0143.png,1,0.103247731924057,0.5896825396825396
TRI_E_L,144,02/test/ko/0144.png,1,0.07266967743635178,
TRI_E_L,145,02/test/ko/0145.png,0,0.08651173114776611,
TRI_E_L,146,02/test/ko/0146.png,1,0.06950239092111588,
TRI_E_L,147,02/test/ko/0147.png,1,0.08294067531824112,0.35648260364591217
TRI_E_L,148,02/test/ko/0148.png,1,0.08875370770692825,
TRI_E_L,149,02/test/ko/0149.png,1,0.07722193002700806,
TRI_E_L,150,02/test/ko/0150.png,1,0.06470878422260284,
TRI_E_L,151,02/test/ko/0151.png,1,0.06499960273504257,0.025741954254500102
TRI_E_L,152,02/test/ko/0152.png,1,0.07953589409589767,0.45028848659574106
TRI_E_L,153,02/test/ko/0153.png,1,0.10352469235658646,0.718441742081448
TRI_E_L,154,02/test/ko/0154.png,1,0.06829185783863068,
TRI_E_L,155,02/test/ko/0155.png,1,0.078220896422863,0.08366213151927439
TRI_E_L,156,02/test/ko/0156.png,1,0.06458014249801636,
TRI_E_L,157,02/test/ko/0157.png,1,0.08868525922298431,
TRI_E_L,158,02/test/ko/0158.png,1,0.09716489166021347,0.010048940685180266
TRI_E_L,159,02/test/ko/0159.png,1,0.09010851383209229,
TRI_E_L,160,02/test/ko/0160.png,1,0.07755061239004135,
TRI_E_L,161,02/test/ko/0161.png,1,0.05986944958567619,0.04101403526236326
TRI_E_L,162,02/test/ko/0162.png,1,0.0698183923959732,0.004085803119286141
TRI_E_L,163,02/test/ko/0163.png,1,0.09842219948768616,
TRI_E_L,164,02/test/ko/0164.png,1,0.08062952756881714,0.22771672771672774
TRI_E_L,165,02/test/ko/0165.png,1,0.07330384105443954,0.2637690651755988
TRI_E_L,166,02/test/ko/0166.png,1,0.06766954809427261,0.2725381635907952
TRI_E_L,167,02/test/ko/0167.png,1,0.08432067930698395,0.361547619047619
TRI_E_L,168,02/test/ko/0168.png,1,0.07646656036376953,
TRI_E_L,169,02/test/ko/0169.png,1,0.07266504317522049,0.08585858585858586
TRI_E_L,170,02/test/ko/0170.png,1,0.0875825583934784,0.11546448087431693
TRI_E_L,171,02/test/ko/0171.png,1,0.07145366072654724,
TRI_E_L,172,02/test/ko/0172.png,1,0.07666564732789993,
TRI_E_L,173,02/test/ko/0173.png,1,0.07928761839866638,
TRI_E_L,174,02/test/ko/0174.png,1,0.08360470086336136,0.472933798666334
TRI_E_L,175,02/test/ko/0175.png,1,0.06630457192659378,0.23237122205012112
TRI_E_L,176,02/test/ko/0176.png,1,0.05796367675065994,
TRI_E_L,177,02/test/ko/0177.png,1,0.08287625014781952,0.0005193159945986684
TRI_E_L,178,02/test/ko/0178.png,1,0.08173191547393799,0.6347619047619047
TRI_E_L,179,02/test/ko/0179.png,1,0.0792963057756424,0.014862977114918442
TRI_E_L,180,02/test/ko/0180.png,1,0.07415745407342911,
TRI_E_L,181,02/test/ko/0181.png,1,0.06781932711601257,0.1850409628187406
TRI_E_L,182,02/test/ko/0182.png,1,0.08294519782066345,
TRI_E_L,183,02/test/ko/0183.png,1,0.09692918509244919,0.48971861471861466
TRI_E_L,184,02/test/ko/0184.png,1,0.0652412697672844,
TRI_E_L,185,02/test/ko/0185.png,1,0.0834360420703888,0.5599906629318394
TRI_E_L,186,02/test/ko/0186.png,1,0.10921838134527206,0.027569453286158858
TRI_E_L,187,02/test/ko/0187.png,1,0.11382028460502625,0.6741393527107813
TRI_E_L,188,02/test/ko/0188.png,1,0.17299357056617737,0.493205986184062
TRI_E_L,189,02/test/ko/0189.png,1,0.27333757281303406,0.7225702333830931
TRI_E_L,190,02/test/ko/0190.png,1,0.2518041729927063,0.5719498016492428
TRI_E_L,191,02/test/ko/0191.png,1,0.28679192066192627,0.7995227398368655
TRI_E_L,192,02/test/ko/0192.png,1,0.21076327562332153,0.05984847800306858
TRI_E_L,193,02/test/ko/0193.png,1,0.25408944487571716,0.6793281430171173
TRI_E_L,194,02/test/ko/0194.png,1,0.23897092044353485,0.5845374552642961
TRI_E_L,195,02/test/ko/0195.png,1,0.13763707876205444,0.432429427441833
TRI_E_L,196,02/test/ko/0196.png,1,0.22364753484725952,0.020057389743126094
TRI_E_L,197,02/test/ko/0197.png,1,0.2754374146461487,0.6061292200629529
TRI_E_L,198,02/test/ko/0198.png,1,0.31529027223587036,0.8532383057123646
TRI_E_L,199,02/test/ko/0199.png,1,0.2881048321723938,0.5753261202220785
TRI_E_L,200,02/test/ok/0000.png,0,0.06611523777246475,
TRI_E_L,201,02/test/ok/0001.png,0,0.07858217507600784,
TRI_E_L,202,02/test/ok/0002.png,0,0.06674506515264511,
TRI_E_L,203,02/test/ok/0003.png,0,0.061407431960105896,
TRI_E_L,204,02/test/ok/0004.png,0,0.08148454129695892,
TRI_E_L,205,02/test/ok/0005.png,0,0.05970630422234535,
TRI_E_L,206,02/test/ok/0006.png,0,0.07828794419765472,
TRI_E_L,207,02/test/ok/0007.png,0,0.08488713204860687,
TRI_E_L,208,02/test/ok/0008.png,0,0.08819014579057693,
TRI_E_L,209,02/test/ok/0009.png,0,0.07122594118118286,
TRI_E_L,210,02/test/ok/0010.png,0,0.07732141762971878,
TRI_E_L,211,02/test/ok/0011.png,0,0.07443682104349136,
TRI_E_L,212,02/test/ok/0012.png,0,0.057858169078826904,
TRI_E_L,213,02/test/ok/0013.png,0,0.06341353058815002,
TRI_E_L,214,02/test/ok/0014.png,0,0.0811791867017746,
TRI_E_L,215,02/test/ok/0015.png,0,0.0615326464176178,
TRI_E_L,216,02/test/ok/0016.png,0,0.06561814248561859,
TRI_E_L,217,02/test/ok/0017.png,0,0.0682244598865509,
TRI_E_L,218,02/test/ok/0018.png,0,0.08218424767255783,
TRI_E_L,219,02/test/ok/0019.png,0,0.06550103425979614,
TRI_E_L,220,02/test/ok/0020.png,0,0.06749247759580612,
TRI_E_L,221,02/test/ok/0021.png,0,0.07308544963598251,
TRI_E_L,222,02/test/ok/0022.png,0,0.06557129323482513,
TRI_E_L,223,02/test/ok/0023.png,0,0.07621674239635468,
TRI_E_L,224,02/test/ok/0024.png,0,0.08018551766872406,
TRI_E_L,225,02/test/ok/0025.png,0,0.06296241283416748,
TRI_E_L,226,02/test/ok/0026.png,0,0.0894780308008194,
TRI_E_L,227,02/test/ok/0027.png,0,0.06092468649148941,
TRI_E_L,228,02/test/ok/0028.png,0,0.06854457408189774,
TRI_E_L,229,02/test/ok/0029.png,0,0.07924523949623108,
BAL_E_J,0,02/test/ko/0000.png,1,0.27605992555618286,0.762147663061298
BAL_E_J,1,02/test/ko/0001.png,1,0.2750638425350189,0.8953659389113059
BAL_E_J,2,02/test/ko/0002.png,1,0.23040328919887543,0.7740240184876505
BAL_E_J,3,02/test/ko/0003.png,1,0.20474854111671448,0.48222043829155975
BAL_E_J,4,02/test/ko/0004.png,1,0.280707448720932,0.600376732513525
BAL_E_J,5,02/test/ko/0005.png,1,0.25439006090164185,0.6385496486531649
BAL_E_J,6,02/test/ko/0006.png,1,0.2797802686691284,0.8164110191163232
BAL_E_J,7,02/test/ko/0007.png,1,0.237324059009552,0.8436613013137766
BAL_E_J,8,02/test/ko/0008.png,1,0.22888483107089996,0.7589901673114933
BAL_E_J,9,02/test/ko/0009.png,1,0.25848495960235596,0.8376858812030128
BAL_E_J,10,02/test/ko/0010.png,1,0.2920185923576355,0.9003895735945464
BAL_E_J,11,02/test/ko/0011.png,1,0.1560930460691452,0.27972834718684914
BAL_E_J,12,02/test/ko/0012.png,1,0.2200908213853836,0.26500639530017156
BAL_E_J,13,02/test/ko/0013.png,1,0.22268687188625336,0.5180200420498415
BAL_E_J,14,02/test/ko/0014.png,1,0.2341863363981247,0.584309702277662
BAL_E_J,15,02/test/ko/0015.png,1,0.22989581525325775,0.7343083870014107
BAL_E_J,16,02/test/ko/0016.png,1,0.23894470930099487,0.6608662240791814
BAL_E_J,17,02/test/ko/0017.png,1,0.25311851501464844,0.5233323168701219
BAL_E_J,18,02/test/ko/0018.png,1,0.24332670867443085,0.825740358477139
BAL_E_J,19,02/test/ko/0019.png,1,0.22198092937469482,0.7044266213516509
BAL_E_J,20,02/test/ko/0020.png,1,0.2296791523694992,0.3216966765771261
BAL_E_J,21,02/test/ko/0021.png,1,0.18658536672592163,0.5603189560179528
BAL_E_J,22,02/test/ko/0022.png,1,0.21641086041927338,0.5376733809378992
BAL_E_J,23,02/test/ko/0023.png,1,0.24049347639083862,0.793316169102651
BAL_E_J,24,02/test/ko/0024.png,1,0.2512027621269226,0.5472191921570951
BAL_E_J,25,02/test/ko/0025.png,1,0.26058995723724365,0.7635577781718764
BAL_E_J,26,02/test/ko/0026.png,1,0.26789283752441406,0.1841619858370983
BAL_E_J,27,02/test/ko/0027.png,1,0.13694602251052856,0.027103665692897995
BAL_E_J,28,02/test/ko/0028.png,1,0.28504595160484314,0.6001825544230618
BAL_E_J,29,02/test/ko/0029.png,1,0.2412412315607071,0.7064671295427323
BAL_E_J,30,02/test/ko/0030.png,1,0.24226300418376923,0.8207605392786144
BAL_E_J,31,02/test/ko/0031.png,1,0.2330087572336197,0.07988109849526998
BAL_E_J,32,02/test/ko/0032.png,1,0.2600931227207184,0.4640713399734001
BAL_E_J,33,02/test/ko/0033.png,1,0.18063686788082123,0.31330881918855435
BAL_E_J,34,02/test/ko/0034.png,1,0.21015572547912598,0.7081534650275648
BAL_E_J,35,02/test/ko/0035.png,1,0.27333542704582214,0.675790432024655
BAL_E_J,36,02/test/ko/0036.png,1,0.2623778283596039,0.5126895175671599
BAL_E_J,37,02/test/ko/0037.png,1,0.267954021692276,0.8041161016686176
BAL_E_J,38,02/test/ko/0038.png,1,0.24448592960834503,0.6112290084897168
BAL_E_J,39,02/test/ko/0039.png,1,0.22935880720615387,0.671772553218104
BAL_E_J,40,02/test/ko/0040.png,1,0.27798470854759216,0.812790467660573
BAL_E_J,41,02/test/ko/0041.png,1,0.3064644932746887,0.9028042202158281
BAL_E_J,42,02/test/ko/0042.png,1,0.2033538967370987,0.004631058968817536
BAL_E_J,43,02/test/ko/0043.png,1,0.23560504615306854,0.5222871577131093
BAL_E_J,44,02/test/ko/0044.png,1,0.2623511850833893,0.8100984798545565
BAL_E_J,45,02/test/ko/0045.png,1,0.27471181750297546,0.6098606076469105
BAL_E_J,46,02/test/ko/0046.png,1,0.2655380964279175,0.569388349802451
BAL_E_J,47,02/test/ko/0047.png,1,0.26942768692970276,0.6578491257082805
BAL_E_J,48,02/test/ko/0048.png,1,0.2032378762960434,0.40595856398551317
BAL_E_J,49,02/test/ko/0049.png,1,0.2934177815914154,0.798537712979545
BAL_E_J,50,02/test/ko/0050.png,1,0.26383933424949646,0.8185603904781468
BAL_E_J,51,02/test/ko/0051.png,1,0.2747282087802887,0.6431073831333411
BAL_E_J,52,02/test/ko/0052.png,1,0.2759411931037903,0.8579777342950291
BAL_E_J,53,02/test/ko/0053.png,1,0.20018847286701202,0.8144494127312442
BAL_E_J,54,02/test/ko/0054.png,1,0.17151476442813873,0.32204889899845274
BAL_E_J,55,02/test/ko/0055.png,1,0.21250779926776886,0.6186590137044158
BAL_E_J,56,02/test/ko/0056.png,1,0.21689385175704956,0.7869165264237654
BAL_E_J,57,02/test/ko/0057.png,1,0.2171526998281479,0.2874143768545519
BAL_E_J,58,02/test/ko/0058.png,1,0.26462435722351074,0.6827243518427082
BAL_E_J,59,02/test/ko/0059.png,1,0.2693668007850647,0.538040348580391
BAL_E_J,60,02/test/ko/0060.png,1,0.23173771798610687,0.5927190570970474
BAL_E_J,61,02/test/ko/0061.png,1,0.2770586311817169,0.6528671285063364
BAL_E_J,62,02/test/ko/0062.png,1,0.3362451493740082,0.8196968620741375
BAL_E_J,63,02/test/ko/0063.png,1,0.27953511476516724,0.6513545574425577
BAL_E_J,64,02/test/ko/0064.png,1,0.20005479454994202,0.5697122806699095
BAL_E_J,65,02/test/ko/0065.png,1,0.2205875813961029,0.48955834641203055
BAL_E_J,66,02/test/ko/0066.png,1,0.2561601400375366,0.39115660389435064
BAL_E_J,67,02/test/ko/0067.png,1,0.23551706969738007,0.24409029296429485
BAL_E_J,68,02/test/ko/0068.png,1,0.2259654849767685,0.29077699019248815
BAL_E_J,69,02/test/ko/0069.png,1,0.3047439455986023,0.8352346247785498
BAL_E_J,70,02/test/ko/0070.png,1,0.18829771876335144,0.02251596839039729
BAL_E_J,71,02/test/ko/0071.png,1,0.214924156665802,0.029828111148632007
BAL_E_J,72,02/test/ko/0072.png,1,0.26108232140541077,0.3917143535992184
BAL_E_J,73,02/test/ko/0073.png,1,0.17588424682617188,0.04996321963749721
BAL_E_J,74,02/test/ko/0074.png,1,0.15630871057510376,0.04089388729881951
BAL_E_J,75,02/test/ko/0075.png,1,0.25827911496162415,0.5430084070378042
BAL_E_J,76,02/test/ko/0076.png,1,0.26508650183677673,0.6552121419653557
BAL_E_J,77,02/test/ko/0077.png,1,0.28884661197662354,0.5559045366271108
BAL_E_J,78,02/test/ko/0078.png,1,0.24931500852108002,0.7568259743196835
BAL_E_J,79,02/test/ko/0079.png,1,0.24891062080860138,0.7595109278937019
BAL_E_J,80,02/test/ko/0080.png,1,0.11272821575403214,0.6114583917574816
BAL_E_J,81,02/test/ko/0081.png,1,0.09638689458370209,0.3425675337289984
BAL_E_J,82,02/test/ko/0082.png,1,0.06760555505752563,0.27864526266600076
BAL_E_J,83,02/test/ko/0083.png,1,0.10951521247625351,0.008766042730375904
BAL_E_J,84,02/test/ko/0084.png,1,0.09726100414991379,0.7484649122807017
BAL_E_J,85,02/test/ko/0085.png,1,0.1115792766213417,0.3566369290504204
BAL_E_J,86,02/test/ko/0086.png,1,0.10386199504137039,0.22281215516509634
BAL_E_J,87,02/test/ko/0087.png,1,0.09135783463716507,0.3806424172499342
BAL_E_J,88,02/test/ko/0088.png,1,0.089016854763031,
BAL_E_J,89,02/test/ko/0089.png,1,0.07705994695425034,0.07125000000000001
BAL_E_J,90,02/test/ko/0090.png,1,0.08327282965183258,0.06420566997290719
BAL_E_J,91,02/test/ko/0091.png,1,0.1225423812866211,0.5482991768348463
BAL_E_J,92,02/test/ko/0092.png,1,0.08280700445175171,
BAL_E_J,93,02/test/ko/0093.png,1,0.09036669135093689,0.5553616465864194
BAL_E_J,94,02/test/ko/0094.png,1,0.10327746719121933,0.4974804880109454
BAL_E_J,95,02/test/ko/0095.png,1,0.06722044199705124,0.07406845802837263
BAL_E_J,96,02/test/ko/0096.png,1,0.09195610880851746,0.02493735940838844
BAL_E_J,97,02/test/ko/0097.png,1,0.08503750711679459,0.044563124538040545
BAL_E_J,98,02/test/ko/0098.png,1,0.14425843954086304,0.08117475252222174
BAL_E_J,99,02/test/ko/0099.png,1,0.08422212302684784,0.508543568168081
BAL_E_J,100,02/test/ko/0100.png,1,0.09645385295152664,0.8111111111111111
BAL_E_J,101,02/test/ko/0101.png,1,0.09244145452976227,0.2210602263233842
BAL_E_J,102,02/test/ko/0102.png,1,0.10335240513086319,0.061678415923698944
BAL_E_J,103,02/test/ko/0103.png,1,0.07849687337875366,0.09719284498565561
BAL_E_J,104,02/test/ko/0104.png,1,0.09136223793029785,0.13735522336318207
BAL_E_J,105,02/test/ko/0105.png,1,0.07317996025085449,0.04115723352218604
BAL_E_J,106,02/test/ko/0106.png,1,0.08926470577716827,0.16868417605983638
BAL_E_J,107,02/test/ko/0107.png,1,0.10408107191324234,0.5137649833287343
BAL_E_J,108,02/test/ko/0108.png,1,0.07847046107053757,0.004893233778753468
BAL_E_J,109,02/test/ko/0109.png,1,0.07459759712219238,
BAL_E_J,110,02/test/ko/0110.png,1,0.10469318926334381,0.16076129636449676
BAL_E_J,111,02/test/ko/0111.png,1,0.07919707149267197,0.25
BAL_E_J,112,02/test/ko/0112.png,1,0.08279561251401901,
BAL_E_J,113,02/test/ko/0113.png,1,0.07771585881710052,0.09456306851043693
BAL_E_J,114,02/test/ko/0114.png,1,0.09579945355653763,0.21459970486375188
BAL_E_J,115,02/test/ko/0115.png,1,0.09069077670574188,0.10024701393122445
BAL_E_J,116,02/test/ko/0116.png,1,0.0902756005525589,
BAL_E_J,117,02/test/ko/0117.png,1,0.09847614169120789,0.042345770938473845
BAL_E_J,118,02/test/ko/0118.png,1,0.0853271484375,
BAL_E_J,119,02/test/ko/0119.png,1,0.07463148236274719,
BAL_E_J,120,02/test/ko/0120.png,1,0.07057096809148788,
BAL_E_J,121,02/test/ko/0121.png,1,0.08103238046169281,0.04089870882950837
BAL_E_J,122,02/test/ko/0122.png,1,0.0655706599354744,
BAL_E_J,123,02/test/ko/0123.png,1,0.07299978286027908,
BAL_E_J,124,02/test/ko/0124.png,1,0.09496310353279114,0.40373932119265654
BAL_E_J,125,02/test/ko/0125.png,1,0.07579860091209412,0.07987332435006853
BAL_E_J,126,02/test/ko/0126.png,1,0.11256014555692673,0.11660766764168692
BAL_E_J,127,02/test/ko/0127.png,1,0.08069489896297455,
BAL_E_J,128,02/test/ko/0128.png,1,0.10869235545396805,0.22296163744833428
BAL_E_J,129,02/test/ko/0129.png,1,0.08477310836315155,
BAL_E_J,130,02/test/ko/0130.png,1,0.07753624022006989,0.015727797627753747
BAL_E_J,131,02/test/ko/0131.png,1,0.08731592446565628,0.029758168660607685
BAL_E_J,132,02/test/ko/0132.png,1,0.08992698788642883,0.18107674204271346
BAL_E_J,133,02/test/ko/0133.png,1,0.08626504242420197,
BAL_E_J,134,02/test/ko/0134.png,1,0.0857904925942421,0.34631185807656395
BAL_E_J,135,02/test/ko/0135.png,1,0.0844995379447937,0.2636494252873563
BAL_E_J,136,02/test/ko/0136.png,1,0.0736689567565918,
BAL_E_J,137,02/test/ko/0137.png,1,0.06631927192211151,
BAL_E_J,138,02/test/ko/0138.png,1,0.0745965838432312,
BAL_E_J,139,02/test/ko/0139.png,1,0.08225025981664658,
BAL_E_J,140,02/test/ko/0140.png,1,0.07376234978437424,0.8517059601618424
BAL_E_J,141,02/test/ko/0141.png,1,0.0768466368317604,
BAL_E_J,142,02/test/ko/0142.png,1,0.08199626207351685,0.016109988886839666
BAL_E_J,143,02/test/ko/0143.png,1,0.09850864112377167,0.7305555555555556
BAL_E_J,144,02/test/ko/0144.png,1,0.0764409750699997,
BAL_E_J,145,02/test/ko/0145.png,0,0.10067664086818695,
BAL_E_J,146,02/test/ko/0146.png,1,0.07179876416921616,
BAL_E_J,147,02/test/ko/0147.png,1,0.07802047580480576,0.30275243422030623
BAL_E_J,148,02/test/ko/0148.png,1,0.08303432911634445,
BAL_E_J,149,02/test/ko/0149.png,1,0.07696080952882767,
BAL_E_J,150,02/test/ko/0150.png,1,0.07353831827640533,
BAL_E_J,151,02/test/ko/0151.png,1,0.07423117756843567,0.011243899971674885
BAL_E_J,152,02/test/ko/0152.png,1,0.08049121499061584,0.32367745513961904
BAL_E_J,153,02/test/ko/0153.png,1,0.09638248383998871,0.6423331219280165
BAL_E_J,154,02/test/ko/0154.png,1,0.07764188200235367,
BAL_E_J,155,02/test/ko/0155.png,1,0.08344008773565292,0.03461217657897907
BAL_E_J,156,02/test/ko/0156.png,1,0.06327614188194275,
BAL_E_J,157,02/test/ko/0157.png,1,0.09607354551553726,
BAL_E_J,158,02/test/ko/0158.png,1,0.09453872591257095,0.005030899370073075
BAL_E_J,159,02/test/ko/0159.png,1,0.08761878311634064,
BAL_E_J,160,02/test/ko/0160.png,1,0.07956697046756744,
BAL_E_J,161,02/test/ko/0161.png,1,0.06675747036933899,0.026402185163546206
BAL_E_J,162,02/test/ko/0162.png,1,0.07703196257352829,0.006967754812583841
BAL_E_J,163,02/test/ko/0163.png,1,0.09665694087743759,
BAL_E_J,164,02/test/ko/0164.png,1,0.08423831313848495,0.1393097643097643
BAL_E_J,165,02/test/ko/0165.png,1,0.08572401851415634,0.327515804370976
BAL_E_J,166,02/test/ko/0166.png,1,0.06948252767324448,0.10241463874740615
BAL_E_J,167,02/test/ko/0167.png,1,0.0838286429643631,0.45151515151515154
BAL_E_J,168,02/test/ko/0168.png,1,0.08394696563482285,
BAL_E_J,169,02/test/ko/0169.png,1,0.08721981197595596,0.2777777777777778
BAL_E_J,170,02/test/ko/0170.png,1,0.09208071231842041,0.055809260832625315
BAL_E_J,171,02/test/ko/0171.png,1,0.07205092906951904,
BAL_E_J,172,02/test/ko/0172.png,1,0.07796099781990051,
BAL_E_J,173,02/test/ko/0173.png,1,0.07880552113056183,
BAL_E_J,174,02/test/ko/0174.png,1,0.0956304594874382,0.3279002286103145
BAL_E_J,175,02/test/ko/0175.png,1,0.06871026009321213,0.18441771672826038
BAL_E_J,176,02/test/ko/0176.png,1,0.06296423822641373,
BAL_E_J,177,02/test/ko/0177.png,1,0.08630302548408508,0.0005883510562496182
BAL_E_J,178,02/test/ko/0178.png,1,0.08508680760860443,0.5407004830917874
BAL_E_J,179,02/test/ko/0179.png,1,0.07915876060724258,0.010057636925800906
BAL_E_J,180,02/test/ko/0180.png,1,0.07379860430955887,
BAL_E_J,181,02/test/ko/0181.png,1,0.08793503046035767,0.07072467519652746
BAL_E_J,182,02/test/ko/0182.png,1,0.08875701576471329,
BAL_E_J,183,02/test/ko/0183.png,1,0.09580892324447632,0.33049242424242425
BAL_E_J,184,02/test/ko/0184.png,1,0.06713411957025528,
BAL_E_J,185,02/test/ko/0185.png,1,0.07890047878026962,0.4479124983326664
BAL_E_J,186,02/test/ko/0186.png,1,0.09919772297143936,0.0194113535755522
BAL_E_J,187,02/test/ko/0187.png,1,0.10723429173231125,0.5745564892623717
BAL_E_J,188,02/test/ko/0188.png,1,0.1576804369688034,0.5135890014604658
BAL_E_J,189,02/test/ko/0189.png,1,0.2677335739135742,0.708100867819534
BAL_E_J,190,02/test/ko/0190.png,1,0.23405882716178894,0.6413552793815831
BAL_E_J,191,02/test/ko/0191.png,1,0.2676021456718445,0.690599232448964
BAL_E_J,192,02/test/ko/0192.png,1,0.19099752604961395,0.06937654529944179
BAL_E_J,193,02/test/ko/0193.png,1,0.2424103319644928,0.6546727878934244
BAL_E_J,194,02/test/ko/0194.png,1,0.23118974268436432,0.6013694437367512
BAL_E_J,195,02/test/ko/0195.png,1,0.1422499716281891,0.4030834119604131
BAL_E_J,196,02/test/ko/0196.png,1,0.19869360327720642,0.021124908872883808
BAL_E_J,197,02/test/ko/0197.png,1,0.25493302941322327,0.5359244784683044
BAL_E_J,198,02/test/ko/0198.png,1,0.30844369530677795,0.8404836476542444
BAL_E_J,199,02/test/ko/0199.png,1,0.28184741735458374,0.5956078345169571
BAL_E_J,200,02/test/ok/0000.png,0,0.06564844399690628,
BAL_E_J,201,02/test/ok/0001.png,0,0.0964263454079628,
BAL_E_J,202,02/test/ok/0002.png,0,0.08960510045289993,
BAL_E_J,203,02/test/ok/0003.png,0,0.06309671700000763,
BAL_E_J,204,02/test/ok/0004.png,0,0.08056147396564484,
BAL_E_J,205,02/test/ok/0005.png,0,0.0756101980805397,
BAL_E_J,206,02/test/ok/0006.png,0,0.0824856087565422,
BAL_E_J,207,02/test/ok/0007.png,0,0.07597954571247101,
BAL_E_J,208,02/test/ok/0008.png,0,0.0802113339304924,
BAL_E_J,209,02/test/ok/0009.png,0,0.08049719780683517,
BAL_E_J,210,02/test/ok/0010.png,0,0.07419569045305252,
BAL_E_J,211,02/test/ok/0011.png,0,0.06514159590005875,
BAL_E_J,212,02/test/ok/0012.png,0,0.0701109915971756,
BAL_E_J,213,02/test/ok/0013.png,0,0.07463165372610092,
BAL_E_J,214,02/test/ok/0014.png,0,0.07989514619112015,
BAL_E_J,215,02/test/ok/0015.png,0,0.07865352928638458,
BAL_E_J,216,02/test/ok/0016.png,0,0.06768471002578735,
BAL_E_J,217,02/test/ok/0017.png,0,0.0791701003909111,
BAL_E_J,218,02/test/ok/0018.png,0,0.08441795408725739,
BAL_E_J,219,02/test/ok/0019.png,0,0.07358457893133163,
BAL_E_J,220,02/test/ok/0020.png,0,0.06729509681463242,
BAL_E_J,221,02/test/ok/0021.png,0,0.08288656175136566,
BAL_E_J,222,02/test/ok/0022.png,0,0.06775791198015213,
BAL_E_J,223,02/test/ok/0023.png,0,0.08319991081953049,
BAL_E_J,224,02/test/ok/0024.png,0,0.07838276028633118,
BAL_E_J,225,02/test/ok/0025.png,0,0.0735129565000534,
BAL_E_J,226,02/test/ok/0026.png,0,0.09485523402690887,
BAL_E_J,227,02/test/ok/0027.png,0,0.06509934365749359,
BAL_E_J,228,02/test/ok/0028.png,0,0.07284707576036453,
BAL_E_J,229,02/test/ok/0029.png,0,0.07178235054016113,
BAL_E_L,0,02/test/ko/0000.png,1,0.26398766040802,0.7736474710319596
BAL_E_L,1,02/test/ko/0001.png,1,0.26340338587760925,0.8993754392235905
BAL_E_L,2,02/test/ko/0002.png,1,0.21815815567970276,0.8082241518861847
BAL_E_L,3,02/test/ko/0003.png,1,0.19177749752998352,0.5200371308389671
BAL_E_L,4,02/test/ko/0004.png,1,0.26689112186431885,0.6234370388885049
BAL_E_L,5,02/test/ko/0005.png,1,0.24218080937862396,0.6444643393434464
BAL_E_L,6,02/test/ko/0006.png,1,0.27010542154312134,0.8271118436376609
BAL_E_L,7,02/test/ko/0007.png,1,0.22598713636398315,0.8568603158488826
BAL_E_L,8,02/test/ko/0008.png,1,0.2160639613866806,0.7617880101163917
BAL_E_L,9,02/test/ko/0009.png,1,0.23723162710666656,0.8564484807633085
BAL_E_L,10,02/test/ko/0010.png,1,0.274407297372818,0.9080108606080657
BAL_E_L,11,02/test/ko/0011.png,1,0.13971224427223206,0.2801704652678276
BAL_E_L,12,02/test/ko/0012.png,1,0.20546983182430267,0.2622301616181379
BAL_E_L,13,02/test/ko/0013.png,1,0.20820483565330505,0.5969716251255482
BAL_E_L,14,02/test/ko/0014.png,1,0.21622228622436523,0.581635494880619
BAL_E_L,15,02/test/ko/0015.png,1,0.2220630794763565,0.7351843453808744
BAL_E_L,16,02/test/ko/0016.png,1,0.2223702073097229,0.6777938380381915
BAL_E_L,17,02/test/ko/0017.png,1,0.23916199803352356,0.510815871675678
BAL_E_L,18,02/test/ko/0018.png,1,0.23349639773368835,0.8419515085856093
BAL_E_L,19,02/test/ko/0019.png,1,0.20855890214443207,0.7152082551992747
BAL_E_L,20,02/test/ko/0020.png,1,0.21653901040554047,0.3439873828889665
BAL_E_L,21,02/test/ko/0021.png,1,0.17982010543346405,0.6058679839683015
BAL_E_L,22,02/test/ko/0022.png,1,0.2095310389995575,0.5806867681111157
BAL_E_L,23,02/test/ko/0023.png,1,0.2266995757818222,0.7924516510817334
BAL_E_L,24,02/test/ko/0024.png,1,0.23981203138828278,0.5546341697030819
BAL_E_L,25,02/test/ko/0025.png,1,0.24401609599590302,0.7646801385742217
BAL_E_L,26,02/test/ko/0026.png,1,0.2596539258956909,0.19966384622135466
BAL_E_L,27,02/test/ko/0027.png,1,0.12357465922832489,0.03261334659290325
BAL_E_L,28,02/test/ko/0028.png,1,0.2654915750026703,0.6130975820578268
BAL_E_L,29,02/test/ko/0029.png,1,0.232282355427742,0.7202400500220634
BAL_E_L,30,02/test/ko/0030.png,1,0.235300213098526,0.8326123403512853
BAL_E_L,31,02/test/ko/0031.png,1,0.2236926108598709,0.08280302082605707
BAL_E_L,32,02/test/ko/0032.png,1,0.2419174164533615,0.46579773629271304
BAL_E_L,33,02/test/ko/0033.png,1,0.17051416635513306,0.41793300621870266
BAL_E_L,34,02/test/ko/0034.png,1,0.20183789730072021,0.7282384786660225
BAL_E_L,35,02/test/ko/0035.png,1,0.255757600069046,0.6870568660378538
BAL_E_L,36,02/test/ko/0036.png,1,0.25348636507987976,0.5308016233119897
BAL_E_L,37,02/test/ko/0037.png,1,0.2596370577812195,0.8222218031557759
BAL_E_L,38,02/test/ko/0038.png,1,0.2360909879207611,0.6293002462066242
BAL_E_L,39,02/test/ko/0039.png,1,0.2206907421350479,0.6926696932158467
BAL_E_L,40,02/test/ko/0040.png,1,0.26726844906806946,0.8193230019721726
BAL_E_L,41,02/test/ko/0041.png,1,0.28910818696022034,0.9035564199469762
BAL_E_L,42,02/test/ko/0042.png,1,0.1871398389339447,0.004677917106136959
BAL_E_L,43,02/test/ko/0043.png,1,0.22440952062606812,0.5813355765964703
BAL_E_L,44,02/test/ko/0044.png,1,0.25382000207901,0.8176193013688106
BAL_E_L,45,02/test/ko/0045.png,1,0.2652917802333832,0.6183546402414452
BAL_E_L,46,02/test/ko/0046.png,1,0.25432926416397095,0.5667698142928125
BAL_E_L,47,02/test/ko/0047.png,1,0.25759798288345337,0.6885283896896996
BAL_E_L,48,02/test/ko/0048.png,1,0.19455233216285706,0.4104435965336506
BAL_E_L,49,02/test/ko/0049.png,1,0.2809787094593048,0.8070724626448972
BAL_E_L,50,02/test/ko/0050.png,1,0.2497769296169281,0.8265642169234949
BAL_E_L,51,02/test/ko/0051.png,1,0.2631356716156006,0.6736474232137422
BAL_E_L,52,02/test/ko/0052.png,1,0.2679955065250397,0.8566515691100268
BAL_E_L,53,02/test/ko/0053.png,1,0.1930447518825531,0.8811141405508837
BAL_E_L,54,02/test/ko/0054.png,1,0.1527920812368393,0.31228793309101643
BAL_E_L,55,02/test/ko/0055.png,1,0.20037192106246948,0.6782833830270384
BAL_E_L,56,02/test/ko/0056.png,1,0.20897258818149567,0.8161632038471559
BAL_E_L,57,02/test/ko/0057.png,1,0.19896681606769562,0.3131984553902569
BAL_E_L,58,02/test/ko/0058.png,1,0.25554952025413513,0.6956325933450617
BAL_E_L,59,02/test/ko/0059.png,1,0.25535061955451965,0.5309179479685603
BAL_E_L,60,02/test/ko/0060.png,1,0.22429098188877106,0.613772488837937
BAL_E_L,61,02/test/ko/0061.png,1,0.2655819058418274,0.6619631770219012
BAL_E_L,62,02/test/ko/0062.png,1,0.3324803113937378,0.8268140708224822
BAL_E_L,63,02/test/ko/0063.png,1,0.2667771279811859,0.6581050141773075
BAL_E_L,64,02/test/ko/0064.png,1,0.1934984177350998,0.5816571830903824
BAL_E_L,65,02/test/ko/0065.png,1,0.21653155982494354,0.5297763684160265
BAL_E_L,66,02/test/ko/0066.png,1,0.24999172985553741,0.45928273955829674
BAL_E_L,67,02/test/ko/0067.png,1,0.22254811227321625,0.2650024474225025
BAL_E_L,68,02/test/ko/0068.png,1,0.21795712411403656,0.37054188625044804
BAL_E_L,69,02/test/ko/0069.png,1,0.28969672322273254,0.8413801456693276
BAL_E_L,70,02/test/ko/0070.png,1,0.1746819019317627,0.023168195744800862
BAL_E_L,71,02/test/ko/0071.png,1,0.2001274675130844,0.03156773626447071
BAL_E_L,72,02/test/ko/0072.png,1,0.2514636516571045,0.41974964543466187
BAL_E_L,73,02/test/ko/0073.png,1,0.15954279899597168,0.05170039567207723
BAL_E_L,74,02/test/ko/0074.png,1,0.1463935375213623,0.048261988494922636
BAL_E_L,75,02/test/ko/0075.png,1,0.24518580734729767,0.554602861767151
BAL_E_L,76,02/test/ko/0076.png,1,0.25333371758461,0.6323797323734104
BAL_E_L,77,02/test/ko/0077.png,1,0.27534884214401245,0.5664010081361386
BAL_E_L,78,02/test/ko/0078.png,1,0.2380056083202362,0.7594272936601019
BAL_E_L,79,02/test/ko/0079.png,1,0.23832574486732483,0.7966242348286051
BAL_E_L,80,02/test/ko/0080.png,1,0.1067042350769043,0.6589613033418518
BAL_E_L,81,02/test/ko/0081.png,1,0.0865248367190361,0.4419334761886847
BAL_E_L,82,02/test/ko/0082.png,1,0.061929915100336075,0.24385462846484063
BAL_E_L,83,02/test/ko/0083.png,1,0.07650618255138397,0.021754925624497295
BAL_E_L,84,02/test/ko/0084.png,1,0.08699141442775726,0.7486471861471862
BAL_E_L,85,02/test/ko/0085.png,1,0.10187356173992157,0.36251435121343867
BAL_E_L,86,02/test/ko/0086.png,1,0.09759953618049622,0.25643939393939397
BAL_E_L,87,02/test/ko/0087.png,1,0.0776602029800415,0.3739300597763522
BAL_E_L,88,02/test/ko/0088.png,1,0.06977389752864838,
BAL_E_L,89,02/test/ko/0089.png,1,0.05971246585249901,0.13247863247863248
BAL_E_L,90,02/test/ko/0090.png,1,0.0689016580581665,0.12390697190446877
BAL_E_L,91,02/test/ko/0091.png,1,0.11272980272769928,0.5665474523142591
BAL_E_L,92,02/test/ko/0092.png,1,0.07273928821086884,
BAL_E_L,93,02/test/ko/0093.png,1,0.07816987484693527,0.6033398241202235
BAL_E_L,94,02/test/ko/0094.png,1,0.09609782695770264,0.5891560409156372
BAL_E_L,95,02/test/ko/0095.png,1,0.05937724933028221,0.11991533694432244
BAL_E_L,96,02/test/ko/0096.png,1,0.06464476883411407,0.10858869747371358
BAL_E_L,97,02/test/ko/0097.png,1,0.06507914513349533,0.13625872660774424
BAL_E_L,98,02/test/ko/0098.png,1,0.12966759502887726,0.08227505872488128
BAL_E_L,99,02/test/ko/0099.png,1,0.0712062194943428,0.6447198191879042
BAL_E_L,100,02/test/ko/0100.png,1,0.08961186558008194,0.8444444444444443
BAL_E_L,101,02/test/ko/0101.png,1,0.07293728739023209,0.3791819291819292
BAL_E_L,102,02/test/ko/0102.png,1,0.0713135227560997,0.09380570409982175
BAL_E_L,103,02/test/ko/0103.png,1,0.06267973780632019,0.10172438521029117
BAL_E_L,104,02/test/ko/0104.png,1,0.0811244547367096,0.21207264957264957
BAL_E_L,105,02/test/ko/0105.png,1,0.06653779000043869,0.07514630348409747
BAL_E_L,106,02/test/ko/0106.png,1,0.0778258740901947,0.22597867501645671
BAL_E_L,107,02/test/ko/0107.png,1,0.0960482731461525,0.49019504385753626
BAL_E_L,108,02/test/ko/0108.png,1,0.06820090115070343,0.005977640927329615
BAL_E_L,109,02/test/ko/0109.png,1,0.06362185627222061,
BAL_E_L,110,02/test/ko/0110.png,1,0.081632100045681,0.2138736240303292
BAL_E_L,111,02/test/ko/0111.png,1,0.06412694603204727,0.2972582972582972
BAL_E_L,112,02/test/ko/0112.png,1,0.0683281347155571,
BAL_E_L,113,02/test/ko/0113.png,1,0.06855117529630661,0.14081313131313133
BAL_E_L,114,02/test/ko/0114.png,1,0.0821646898984909,0.2837583362399379
BAL_E_L,115,02/test/ko/0115.png,1,0.08266313374042511,0.11390217969165337
BAL_E_L,116,02/test/ko/0116.png,1,0.06781135499477386,
BAL_E_L,117,02/test/ko/0117.png,1,0.08708957582712173,0.058061002178649235
BAL_E_L,118,02/test/ko/0118.png,1,0.07428345084190369,
BAL_E_L,119,02/test/ko/0119.png,1,0.05912625789642334,
BAL_E_L,120,02/test/ko/0120.png,1,0.06147278845310211,
BAL_E_L,121,02/test/ko/0121.png,1,0.06856679916381836,0.04324127999305951
BAL_E_L,122,02/test/ko/0122.png,1,0.04941999912261963,
BAL_E_L,123,02/test/ko/0123.png,1,0.059470709413290024,
BAL_E_L,124,02/test/ko/0124.png,1,0.08837717771530151,0.4395347258249819
BAL_E_L,125,02/test/ko/0125.png,1,0.06324657797813416,0.22060360729657716
BAL_E_L,126,02/test/ko/0126.png,1,0.0963234230875969,0.1518598471959543
BAL_E_L,127,02/test/ko/0127.png,1,0.05229054018855095,
BAL_E_L,128,02/test/ko/0128.png,1,0.09641299396753311,0.25425751233941735
BAL_E_L,129,02/test/ko/0129.png,1,0.06719227135181427,
BAL_E_L,130,02/test/ko/0130.png,1,0.0649665892124176,0.06196481971975393
BAL_E_L,131,02/test/ko/0131.png,1,0.08353745192289352,0.047574594353870577
BAL_E_L,132,02/test/ko/0132.png,1,0.07726625353097916,0.07924502161457951
BAL_E_L,133,02/test/ko/0133.png,1,0.07562543451786041,
BAL_E_L,134,02/test/ko/0134.png,1,0.07109489291906357,0.18503373232790438
BAL_E_L,135,02/test/ko/0135.png,1,0.07389385998249054,0.5041666666666667
BAL_E_L,136,02/test/ko/0136.png,1,0.05632701888680458,
BAL_E_L,137,02/test/ko/0137.png,1,0.05606389418244362,
BAL_E_L,138,02/test/ko/0138.png,1,0.06509511917829514,
BAL_E_L,139,02/test/ko/0139.png,1,0.06967764347791672,
BAL_E_L,140,02/test/ko/0140.png,1,0.06616702675819397,0.8243173278389998
BAL_E_L,141,02/test/ko/0141.png,1,0.06601724773645401,
BAL_E_L,142,02/test/ko/0142.png,1,0.06921842694282532,0.04339327190354042
BAL_E_L,143,02/test/ko/0143.png,1,0.08937761932611465,0.6898148148148148
BAL_E_L,144,02/test/ko/0144.png,1,0.06078116223216057,
BAL_E_L,145,02/test/ko/0145.png,0,0.073605976998806,
BAL_E_L,146,02/test/ko/0146.png,1,0.05725742131471634,
BAL_E_L,147,02/test/ko/0147.png,1,0.0676313042640686,0.35395552952478865
BAL_E_L,148,02/test/ko/0148.png,1,0.07284895330667496,
BAL_E_L,149,02/test/ko/0149.png,1,0.0612964928150177,
BAL_E_L,150,02/test/ko/0150.png,1,0.055288247764110565,
BAL_E_L,151,02/test/ko/0151.png,1,0.052967142313718796,0.027516138392755744
BAL_E_L,152,02/test/ko/0152.png,1,0.06799639761447906,0.44940666360650405
BAL_E_L,153,02/test/ko/0153.png,1,0.08310840278863907,0.725472592797401
BAL_E_L,154,02/test/ko/0154.png,1,0.05906565114855766,
BAL_E_L,155,02/test/ko/0155.png,1,0.06375698000192642,0.0806441609073188
BAL_E_L,156,02/test/ko/0156.png,1,0.05367009714245796,
BAL_E_L,157,02/test/ko/0157.png,1,0.07678773254156113,
BAL_E_L,158,02/test/ko/0158.png,1,0.08321989327669144,0.00823138906568729
BAL_E_L,159,02/test/ko/0159.png,1,0.07334647327661514,
BAL_E_L,160,02/test/ko/0160.png,1,0.062212567776441574,
BAL_E_L,161,02/test/ko/0161.png,1,0.05088849365711212,0.03963940145909402
BAL_E_L,162,02/test/ko/0162.png,1,0.06077273562550545,0.0030703175249696952
BAL_E_L,163,02/test/ko/0163.png,1,0.08993539959192276,
BAL_E_L,164,02/test/ko/0164.png,1,0.06775125116109848,0.20555555555555557
BAL_E_L,165,02/test/ko/0165.png,1,0.06405628472566605,0.3148447520667135
BAL_E_L,166,02/test/ko/0166.png,1,0.057843804359436035,0.24231601731601732
BAL_E_L,167,02/test/ko/0167.png,1,0.07214394956827164,0.4945221445221445
BAL_E_L,168,02/test/ko/0168.png,1,0.06098775565624237,
BAL_E_L,169,02/test/ko/0169.png,1,0.062134500592947006,0.10059139784946236
BAL_E_L,170,02/test/ko/0170.png,1,0.07923045009374619,0.08541666666666667
BAL_E_L,171,02/test/ko/0171.png,1,0.05971355736255646,
BAL_E_L,172,02/test/ko/0172.png,1,0.06647048145532608,
BAL_E_L,173,02/test/ko/0173.png,1,0.06438252329826355,
BAL_E_L,174,02/test/ko/0174.png,1,0.07308206707239151,0.47054598822872123
BAL_E_L,175,02/test/ko/0175.png,1,0.054812755435705185,0.22915831472042456
BAL_E_L,176,02/test/ko/0176.png,1,0.047950804233551025,
BAL_E_L,177,02/test/ko/0177.png,1,0.07140972465276718,0.0005492537262573949
BAL_E_L,178,02/test/ko/0178.png,1,0.07224970310926437,0.6000000000000001
BAL_E_L,179,02/test/ko/0179.png,1,0.067031130194664,0.015122825445967861
BAL_E_L,180,02/test/ko/0180.png,1,0.06122218817472458,
BAL_E_L,181,02/test/ko/0181.png,1,0.05634763836860657,0.22406819388632584
BAL_E_L,182,02/test/ko/0182.png,1,0.07100997120141983,
BAL_E_L,183,02/test/ko/0183.png,1,0.08125967532396317,0.36442307692307696
BAL_E_L,184,02/test/ko/0184.png,1,0.056334905326366425,
BAL_E_L,185,02/test/ko/0185.png,1,0.06854678690433502,0.5502260502260502
BAL_E_L,186,02/test/ko/0186.png,1,0.08924441039562225,0.026180081128828005
BAL_E_L,187,02/test/ko/0187.png,1,0.09593533724546432,0.6304112554112553
BAL_E_L,188,02/test/ko/0188.png,1,0.15182732045650482,0.5106630014269028
BAL_E_L,189,02/test/ko/0189.png,1,0.252806693315506,0.7426201609249679
BAL_E_L,190,02/test/ko/0190.png,1,0.2252398133277893,0.6501825501724193
BAL_E_L,191,02/test/ko/0191.png,1,0.2597147524356842,0.7170301693248026
BAL_E_L,192,02/test/ko/0192.png,1,0.17499692738056183,0.07021832960407401
BAL_E_L,193,02/test/ko/0193.png,1,0.2316599190235138,0.6471916116368535
BAL_E_L,194,02/test/ko/0194.png,1,0.219645693898201,0.6187542754149176
BAL_E_L,195,02/test/ko/0195.png,1,0.1308920681476593,0.42506387481574864
BAL_E_L,196,02/test/ko/0196.png,1,0.18441228568553925,0.02156994474803223
BAL_E_L,197,02/test/ko/0197.png,1,0.24412038922309875,0.5770374647111157
BAL_E_L,198,02/test/ko/0198.png,1,0.293247789144516,0.8512875540874835
BAL_E_L,199,02/test/ko/0199.png,1,0.26745688915252686,0.6105946511766891
BAL_E_L,200,02/test/ok/0000.png,0,0.05879455432295799,
BAL_E_L,201,02/test/ok/0001.png,0,0.06455323845148087,
BAL_E_L,202,02/test/ok/0002.png,0,0.05505572259426117,
BAL_E_L,203,02/test/ok/0003.png,0,0.05041665956377983,
BAL_E_L,204,02/test/ok/0004.png,0,0.06832096725702286,
BAL_E_L,205,02/test/ok/0005.png,0,0.056162625551223755,
BAL_E_L,206,02/test/ok/0006.png,0,0.06572601199150085,
BAL_E_L,207,02/test/ok/0007.png,0,0.0702592208981514,
BAL_E_L,208,02/test/ok/0008.png,0,0.0713244080543518,
BAL_E_L,209,02/test/ok/0009.png,0,0.06420104205608368,
BAL_E_L,210,02/test/ok/0010.png,0,0.0623575784265995,
BAL_E_L,211,02/test/ok/0011.png,0,0.06139076128602028,
BAL_E_L,212,02/test/ok/0012.png,0,0.05482666566967964,
BAL_E_L,213,02/test/ok/0013.png,0,0.05392739549279213,
BAL_E_L,214,02/test/ok/0014.png,0,0.0663188099861145,
BAL_E_L,215,02/test/ok/0015.png,0,0.05101357400417328,
BAL_E_L,216,02/test/ok/0016.png,0,0.05344091355800629,
BAL_E_L,217,02/test/ok/0017.png,0,0.05622940510511398,
BAL_E_L,218,02/test/ok/0018.png,0,0.06809212267398834,
BAL_E_L,219,02/test/ok/0019.png,0,0.056932784616947174,
BAL_E_L,220,02/test/ok/0020.png,0,0.054587472230196,
BAL_E_L,221,02/test/ok/0021.png,0,0.06026192381978035,
BAL_E_L,222,02/test/ok/0022.png,0,0.05617896467447281,
BAL_E_L,223,02/test/ok/0023.png,0,0.06562500447034836,
BAL_E_L,224,02/test/ok/0024.png,0,0.0671728178858757,
BAL_E_L,225,02/test/ok/0025.png,0,0.05734310671687126,
BAL_E_L,226,02/test/ok/0026.png,0,0.08097684383392334,
BAL_E_L,227,02/test/ok/0027.png,0,0.0513252392411232,
BAL_E_L,228,02/test/ok/0028.png,0,0.05841263011097908,
BAL_E_L,229,02/test/ok/0029.png,0,0.06377247720956802,
