method,image_index,sample_id,label,image_max,pixel_ap
B,0,cashew/Data/Images/Normal/023.JPG,0,0.21039465069770813,
B,1,cashew/Data/Images/Normal/352.JPG,0,0.21690788865089417,
B,2,cashew/Data/Images/Normal/104.JPG,0,0.29305562376976013,
B,3,cashew/Data/Images/Normal/337.JPG,0,0.20755667984485626,
B,4,cashew/Data/Images/Normal/213.JPG,0,0.28601276874542236,
B,5,cashew/Data/Images/Normal/276.JPG,0,0.28490862250328064,
B,6,cashew/Data/Images/Normal/402.JPG,0,0.24400518834590912,
B,7,cashew/Data/Images/Normal/166.JPG,0,0.22755743563175201,
B,8,cashew/Data/Images/Normal/013.JPG,0,0.1969062238931656,
B,9,cashew/Data/Images/Normal/050.JPG,0,0.4275422990322113,
B,10,cashew/Data/Images/Normal/400.JPG,0,0.20585897564888,
B,11,cashew/Data/Images/Normal/461.JPG,0,0.21233312785625458,
B,12,cashew/Data/Images/Normal/377.JPG,0,0.25314581394195557,
B,13,cashew/Data/Images/Normal/006.JPG,0,0.19998840987682343,
B,14,cashew/Data/Images/Normal/148.JPG,0,0.2751504182815552,
B,15,cashew/Data/Images/Normal/384.JPG,0,0.2710527777671814,
B,16,cashew/Data/Images/Normal/228.JPG,0,0.2664329707622528,
B,17,cashew/Data/Images/Normal/260.JPG,0,0.21008679270744324,
B,18,cashew/Data/Images/Normal/435.JPG,0,0.19838914275169373,
B,19,cashew/Data/Images/Normal/405.JPG,0,0.34548863768577576,
B,20,cashew/Data/Images/Normal/087.JPG,0,0.20434898138046265,
B,21,cashew/Data/Images/Normal/324.JPG,0,0.20300248265266418,
B,22,cashew/Data/Images/Normal/130.JPG,0,0.19839565455913544,
B,23,cashew/Data/Images/Normal/392.JPG,0,0.18275007605552673,
B,24,cashew/Data/Images/Normal/467.JPG,0,0.19496779143810272,
B,25,cashew/Data/Images/Normal/143.JPG,0,0.2808380126953125,
B,26,cashew/Data/Images/Normal/389.JPG,0,0.21057049930095673,
B,27,cashew/Data/Images/Normal/181.JPG,0,0.23852109909057617,
B,28,cashew/Data/Images/Normal/309.JPG,0,0.17875756323337555,
B,29,cashew/Data/Images/Normal/012.JPG,0,0.1861109435558319,
B,30,cashew/Data/Images/Normal/367.JPG,0,0.35167965292930603,
B,31,cashew/Data/Images/Normal/344.JPG,0,0.23210030794143677,
B,32,cashew/Data/Images/Normal/484.JPG,0,0.24021588265895844,
B,33,cashew/Data/Images/Normal/089.JPG,0,0.2091958224773407,
B,34,cashew/Data/Images/Normal/398.JPG,0,0.20711953938007355,
B,35,cashew/Data/Images/Normal/460.JPG,0,0.18178790807724,
B,36,cashew/Data/Images/Normal/239.JPG,0,0.22078672051429749,
B,37,cashew/Data/Images/Normal/342.JPG,0,0.23394227027893066,
B,38,cashew/Data/Images/Normal/369.JPG,0,0.19060981273651123,
B,39,cashew/Data/Images/Normal/284.JPG,0,0.22663111984729767,
B,40,cashew/Data/Images/Normal/098.JPG,0,0.2993960976600647,
B,41,cashew/Data/Images/Normal/446.JPG,0,0.22739972174167633,
B,42,cashew/Data/Images/Normal/482.JPG,0,0.25056371092796326,
B,43,cashew/Data/Images/Normal/093.JPG,0,0.23967349529266357,
B,44,cashew/Data/Images/Normal/244.JPG,0,0.2866479456424713,
B,45,cashew/Data/Images/Normal/272.JPG,0,0.30861443281173706,
B,46,cashew/Data/Images/Normal/307.JPG,0,0.1983778029680252,
B,47,cashew/Data/Images/Normal/487.JPG,0,0.3037673234939575,
B,48,cashew/Data/Images/Normal/245.JPG,0,0.20277926325798035,
B,49,cashew/Data/Images/Normal/084.JPG,0,0.30918794870376587,
B,50,cashew/Data/Images/Anomaly/000.JPG,1,0.3363405466079712,0.0977575719219172
B,51,cashew/Data/Images/Anomaly/001.JPG,1,0.2757556438446045,0.37743589743589745
B,52,cashew/Data/Images/Anomaly/002.JPG,1,0.4594436287879944,0.051511864307934044
B,53,cashew/Data/Images/Anomaly/003.JPG,1,0.2559203803539276,0.6976190476190476
B,54,cashew/Data/Images/Anomaly/004.JPG,1,0.3716740012168884,0.06977350483284175
B,55,cashew/Data/Images/Anomaly/005.JPG,1,0.33106285333633423,0.07829626558549083
B,56,cashew/Data/Images/Anomaly/006.JPG,1,0.35383448004722595,0.06041889096012808
B,57,cashew/Data/Images/Anomaly/007.JPG,1,0.30732962489128113,0.6111111111111112
B,58,cashew/Data/Images/Anomaly/008.JPG,1,0.35556527972221375,0.02020983832129343
B,59,cashew/Data/Images/Anomaly/009.JPG,1,0.32613399624824524,0.12182882219272534
B,60,cashew/Data/Images/Anomaly/010.JPG,1,0.29896655678749084,0.6239130434782609
B,61,cashew/Data/Images/Anomaly/011.JPG,1,0.3880029320716858,0.5714902210746053
B,62,cashew/Data/Images/Anomaly/012.JPG,1,0.46042129397392273,0.9280464905464905
B,63,cashew/Data/Images/Anomaly/013.JPG,1,0.4370206594467163,0.8776785714285714
B,64,cashew/Data/Images/Anomaly/014.JPG,1,0.4120616018772125,0.6292684837092731
B,65,cashew/Data/Images/Anomaly/015.JPG,1,0.3979463577270508,0.5977777777777777
B,66,cashew/Data/Images/Anomaly/016.JPG,1,0.4378640353679657,0.7662037037037037
B,67,cashew/Data/Images/Anomaly/017.JPG,1,0.4919535219669342,0.6245421245421245
B,68,cashew/Data/Images/Anomaly/018.JPG,1,0.37263748049736023,0.557217978100331
B,69,cashew/Data/Images/Anomaly/019.JPG,1,0.43167799711227417,0.8388278388278387
B,70,cashew/Data/Images/Anomaly/020.JPG,1,0.48117074370384216,0.9
B,71,cashew/Data/Images/Anomaly/021.JPG,1,0.2512262165546417,0.0802805346840676
B,72,cashew/Data/Images/Anomaly/022.JPG,1,0.4499482214450836,0.09349633955277312
B,73,cashew/Data/Images/Anomaly/023.JPG,1,0.3730758726596832,0.1237342373283803
B,74,cashew/Data/Images/Anomaly/024.JPG,1,0.3395279049873352,0.21120413722099463
B,75,cashew/Data/Images/Anomaly/025.JPG,1,0.5177297592163086,0.75
B,76,cashew/Data/Images/Anomaly/026.JPG,1,0.5248202681541443,1.0
B,77,cashew/Data/Images/Anomaly/027.JPG,1,0.563286304473877,0.4537037037037036
B,78,cashew/Data/Images/Anomaly/028.JPG,1,0.5556498169898987,0.6111111111111112
B,79,cashew/Data/Images/Anomaly/029.JPG,1,0.5707682371139526,1.0
B,80,cashew/Data/Images/Anomaly/030.JPG,1,0.5685566067695618,0.7928571428571428
B,81,cashew/Data/Images/Anomaly/031.JPG,1,0.5921497941017151,0.8666666666666667
B,82,cashew/Data/Images/Anomaly/032.JPG,1,0.485214501619339,0.8198524386496107
B,83,cashew/Data/Images/Anomaly/033.JPG,1,0.474348247051239,0.8353727993315445
B,84,cashew/Data/Images/Anomaly/034.JPG,1,0.5163824558258057,0.9220558427080165
B,85,cashew/Data/Images/Anomaly/035.JPG,1,0.5666394233703613,0.932871535586403
B,86,cashew/Data/Images/Anomaly/036.JPG,1,0.4921655058860779,0.8985817409001015
B,87,cashew/Data/Images/Anomaly/037.JPG,1,0.5208204984664917,0.623307347329444
B,88,cashew/Data/Images/Anomaly/038.JPG,1,0.5895785689353943,0.75
B,89,cashew/Data/Images/Anomaly/039.JPG,1,0.5798514485359192,0.4969230769230769
B,90,cashew/Data/Images/Anomaly/040.JPG,1,0.5712315440177917,0.6333333333333333
B,91,cashew/Data/Images/Anomaly/041.JPG,1,0.5110345482826233,0.7362754533251428
B,92,cashew/Data/Images/Anomaly/042.JPG,1,0.5085039138793945,0.48867880485527543
B,93,cashew/Data/Images/Anomaly/043.JPG,1,0.48070427775382996,0.25
B,94,cashew/Data/Images/Anomaly/044.JPG,1,0.3467860221862793,0.6388888888888888
B,95,cashew/Data/Images/Anomaly/045.JPG,1,0.3592315912246704,0.8333333333333333
B,96,cashew/Data/Images/Anomaly/046.JPG,1,0.3789352774620056,0.6522661085792059
B,97,cashew/Data/Images/Anomaly/047.JPG,1,0.3655068576335907,0.9761904761904762
B,98,cashew/Data/Images/Anomaly/048.JPG,1,0.31879040598869324,0.23740476391998488
B,99,cashew/Data/Images/Anomaly/049.JPG,1,0.3567459285259247,0.45444444444444443
B,100,cashew/Data/Images/Anomaly/050.JPG,1,0.43555188179016113,1.0
B,101,cashew/Data/Images/Anomaly/051.JPG,1,0.28175851702690125,0.039502164502164504
B,102,cashew/Data/Images/Anomaly/052.JPG,1,0.30019617080688477,0.29914529914529914
B,103,cashew/Data/Images/Anomaly/053.JPG,1,0.3849159777164459,0.034482758620689655
B,104,cashew/Data/Images/Anomaly/054.JPG,1,0.2996792197227478,0.41666666666666663
B,105,cashew/Data/Images/Anomaly/055.JPG,1,0.24785611033439636,
B,106,cashew/Data/Images/Anomaly/056.JPG,1,0.2572801411151886,0.5210990984008886
B,107,cashew/Data/Images/Anomaly/057.JPG,1,0.31957125663757324,0.014925373134328358
B,108,cashew/Data/Images/Anomaly/058.JPG,1,0.3431561589241028,0.0007488833614164594
B,109,cashew/Data/Images/Anomaly/059.JPG,1,0.31439653038978577,0.06203007518796992
B,110,cashew/Data/Images/Anomaly/060.JPG,1,0.3806186020374298,0.6818783068783069
B,111,cashew/Data/Images/Anomaly/061.JPG,1,0.2509463429450989,
B,112,cashew/Data/Images/Anomaly/062.JPG,1,0.37452954053878784,0.03571428571428571
B,113,cashew/Data/Images/Anomaly/063.JPG,1,0.24944789707660675,0.045454545454545456
B,114,cashew/Data/Images/Anomaly/064.JPG,1,0.3308217227458954,0.005376344086021506
B,115,cashew/Data/Images/Anomaly/065.JPG,1,0.4664784073829651,
B,116,cashew/Data/Images/Anomaly/066.JPG,1,0.311861127614975,
B,117,cashew/Data/Images/Anomaly/067.JPG,1,0.26278743147850037,
B,118,cashew/Data/Images/Anomaly/068.JPG,1,0.35473597049713135,0.07142857142857142
B,119,cashew/Data/Images/Anomaly/069.JPG,1,0.2651970386505127,
B,120,cashew/Data/Images/Anomaly/070.JPG,1,0.25185710191726685,0.0136986301369863
B,121,cashew/Data/Images/Anomaly/071.JPG,1,0.2898978590965271,0.35
B,122,cashew/Data/Images/Anomaly/072.JPG,1,0.41545918583869934,0.03125
B,123,cashew/Data/Images/Anomaly/073.JPG,1,0.24166500568389893,
B,124,cashew/Data/Images/Anomaly/074.JPG,1,0.3258284032344818,0.29166666666666663
B,125,cashew/Data/Images/Anomaly/075.JPG,1,0.2397185117006302,
B,126,cashew/Data/Images/Anomaly/076.JPG,1,0.44102177023887634,1.0
B,127,cashew/Data/Images/Anomaly/077.JPG,1,0.29646822810173035,
B,128,cashew/Data/Images/Anomaly/078.JPG,1,0.3746718466281891,1.0
B,129,cashew/Data/Images/Anomaly/079.JPG,1,0.49856507778167725,0.530392156862745
B,130,cashew/Data/Images/Anomaly/080.JPG,1,0.3463858962059021,0.5588235294117647
B,131,cashew/Data/Images/Anomaly/081.JPG,1,0.42927995324134827,0.3571428571428571
B,132,cashew/Data/Images/Anomaly/082.JPG,1,0.37176448106765747,0.1860441924419902
B,133,cashew/Data/Images/Anomaly/083.JPG,1,0.4243459701538086,0.4207826724931988
B,134,cashew/Data/Images/Anomaly/084.JPG,1,0.40216562151908875,0.37803263403263404
B,135,cashew/Data/Images/Anomaly/085.JPG,1,0.39796802401542664,0.07813561178661407
B,136,cashew/Data/Images/Anomaly/086.JPG,1,0.40725797414779663,0.6164299242424243
B,137,cashew/Data/Images/Anomaly/087.JPG,1,0.3669753074645996,0.44046726636681655
B,138,cashew/Data/Images/Anomaly/088.JPG,1,0.33750051259994507,0.4747779453661807
B,139,cashew/Data/Images/Anomaly/089.JPG,1,0.4255357086658478,0.10787636373229342
B,140,cashew/Data/Images/Anomaly/090.JPG,1,0.39731311798095703,0.6064140145170296
B,141,cashew/Data/Images/Anomaly/091.JPG,1,0.37096062302589417,0.5833333333333333
B,142,cashew/Data/Images/Anomaly/092.JPG,1,0.4358111023902893,0.4849828473140929
B,143,cashew/Data/Images/Anomaly/093.JPG,1,0.34880661964416504,0.4345368916797488
B,144,cashew/Data/Images/Anomaly/094.JPG,1,0.5477402210235596,0.9100055734168907
B,145,cashew/Data/Images/Anomaly/095.JPG,1,0.5799785852432251,0.8310719274206538
B,146,cashew/Data/Images/Anomaly/096.JPG,1,0.41266918182373047,0.8711518019292098
B,147,cashew/Data/Images/Anomaly/097.JPG,1,0.5994513630867004,0.8374614343711071
B,148,cashew/Data/Images/Anomaly/098.JPG,1,0.512346088886261,0.8077395146253808
B,149,cashew/Data/Images/Anomaly/099.JPG,1,0.494646281003952,0.8619096126660527
S,0,cashew/Data/Images/Normal/023.JPG,0,0.14181683957576752,
S,1,cashew/Data/Images/Normal/352.JPG,0,0.17777888476848602,
S,2,cashew/Data/Images/Normal/104.JPG,0,0.18945984542369843,
S,3,cashew/Data/Images/Normal/337.JPG,0,0.1559787094593048,
S,4,cashew/Data/Images/Normal/213.JPG,0,0.2781987488269806,
S,5,cashew/Data/Images/Normal/276.JPG,0,0.18393196165561676,
S,6,cashew/Data/Images/Normal/402.JPG,0,0.1304861456155777,
S,7,cashew/Data/Images/Normal/166.JPG,0,0.14637912809848785,
S,8,cashew/Data/Images/Normal/013.JPG,0,0.16408777236938477,
S,9,cashew/Data/Images/Normal/050.JPG,0,0.2507520914077759,
S,10,cashew/Data/Images/Normal/400.JPG,0,0.18490131199359894,
S,11,cashew/Data/Images/Normal/461.JPG,0,0.1316693276166916,
S,12,cashew/Data/Images/Normal/377.JPG,0,0.14733336865901947,
S,13,cashew/Data/Images/Normal/006.JPG,0,0.16488555073738098,
S,14,cashew/Data/Images/Normal/148.JPG,0,0.18227343261241913,
S,15,cashew/Data/Images/Normal/384.JPG,0,0.19376493990421295,
S,16,cashew/Data/Images/Normal/228.JPG,0,0.14435039460659027,
S,17,cashew/Data/Images/Normal/260.JPG,0,0.11871018260717392,
S,18,cashew/Data/Images/Normal/435.JPG,0,0.16516971588134766,
S,19,cashew/Data/Images/Normal/405.JPG,0,0.19614814221858978,
S,20,cashew/Data/Images/Normal/087.JPG,0,0.16542048752307892,
S,21,cashew/Data/Images/Normal/324.JPG,0,0.13612808287143707,
S,22,cashew/Data/Images/Normal/130.JPG,0,0.20535218715667725,
S,23,cashew/Data/Images/Normal/392.JPG,0,0.1775817573070526,
S,24,cashew/Data/Images/Normal/467.JPG,0,0.16782718896865845,
S,25,cashew/Data/Images/Normal/143.JPG,0,0.18544821441173553,
S,26,cashew/Data/Images/Normal/389.JPG,0,0.2052440345287323,
S,27,cashew/Data/Images/Normal/181.JPG,0,0.1737101823091507,
S,28,cashew/Data/Images/Normal/309.JPG,0,0.17302046716213226,
S,29,cashew/Data/Images/Normal/012.JPG,0,0.16312453150749207,
S,30,cashew/Data/Images/Normal/367.JPG,0,0.23713116347789764,
S,31,cashew/Data/Images/Normal/344.JPG,0,0.2403801679611206,
S,32,cashew/Data/Images/Normal/484.JPG,0,0.1729152649641037,
S,33,cashew/Data/Images/Normal/089.JPG,0,0.167349711060524,
S,34,cashew/Data/Images/Normal/398.JPG,0,0.15771502256393433,
S,35,cashew/Data/Images/Normal/460.JPG,0,0.17676715552806854,
S,36,cashew/Data/Images/Normal/239.JPG,0,0.14406973123550415,
S,37,cashew/Data/Images/Normal/342.JPG,0,0.15411391854286194,
S,38,cashew/Data/Images/Normal/369.JPG,0,0.20875243842601776,
S,39,cashew/Data/Images/Normal/284.JPG,0,0.19288286566734314,
S,40,cashew/Data/Images/Normal/098.JPG,0,0.1875685453414917,
S,41,cashew/Data/Images/Normal/446.JPG,0,0.14465461671352386,
S,42,cashew/Data/Images/Normal/482.JPG,0,0.17959314584732056,
S,43,cashew/Data/Images/Normal/093.JPG,0,0.2024555206298828,
S,44,cashew/Data/Images/Normal/244.JPG,0,0.2122671753168106,
S,45,cashew/Data/Images/Normal/272.JPG,0,0.21935297548770905,
S,46,cashew/Data/Images/Normal/307.JPG,0,0.14805130660533905,
S,47,cashew/Data/Images/Normal/487.JPG,0,0.2375088781118393,
S,48,cashew/Data/Images/Normal/245.JPG,0,0.12765012681484222,
S,49,cashew/Data/Images/Normal/084.JPG,0,0.15408991277217865,
S,50,cashew/Data/Images/Anomaly/000.JPG,1,0.2828406095504761,0.2870587994694053
S,51,cashew/Data/Images/Anomaly/001.JPG,1,0.3054027259349823,0.2440660474716202
S,52,cashew/Data/Images/Anomaly/002.JPG,1,0.296081006526947,0.6207163532223623
S,53,cashew/Data/Images/Anomaly/003.JPG,1,0.2415258288383484,0.7892857142857144
S,54,cashew/Data/Images/Anomaly/004.JPG,1,0.33122435212135315,0.4896915584415585
S,55,cashew/Data/Images/Anomaly/005.JPG,1,0.32609063386917114,0.20103870280703506
S,56,cashew/Data/Images/Anomaly/006.JPG,1,0.30194124579429626,0.35780423280423285
S,57,cashew/Data/Images/Anomaly/007.JPG,1,0.28937599062919617,0.8333333333333333
S,58,cashew/Data/Images/Anomaly/008.JPG,1,0.2491908222436905,0.167989417989418
S,59,cashew/Data/Images/Anomaly/009.JPG,1,0.32687750458717346,0.5102384388098673
S,60,cashew/Data/Images/Anomaly/010.JPG,1,0.2749808728694916,0.6404761904761904
S,61,cashew/Data/Images/Anomaly/011.JPG,1,0.35188424587249756,0.5768437760355863
S,62,cashew/Data/Images/Anomaly/012.JPG,1,0.3225800096988678,0.5471647504542241
S,63,cashew/Data/Images/Anomaly/013.JPG,1,0.3150954842567444,0.9415178571428571
S,64,cashew/Data/Images/Anomaly/014.JPG,1,0.32157039642333984,0.7392857142857142
S,65,cashew/Data/Images/Anomaly/015.JPG,1,0.3139966130256653,0.5109090909090909
S,66,cashew/Data/Images/Anomaly/016.JPG,1,0.28154367208480835,0.48028761362094696
S,67,cashew/Data/Images/Anomaly/017.JPG,1,0.34570586681365967,0.27484848484848484
S,68,cashew/Data/Images/Anomaly/018.JPG,1,0.29498472809791565,0.47369143609414155
S,69,cashew/Data/Images/Anomaly/019.JPG,1,0.2793005406856537,0.5889631486122714
S,70,cashew/Data/Images/Anomaly/020.JPG,1,0.3750842809677124,0.612156862745098
S,71,cashew/Data/Images/Anomaly/021.JPG,1,0.2995415925979614,0.23616145759002904
S,72,cashew/Data/Images/Anomaly/022.JPG,1,0.2776244282722473,0.6521855382294385
S,73,cashew/Data/Images/Anomaly/023.JPG,1,0.3595055639743805,0.1518481365381444
S,74,cashew/Data/Images/Anomaly/024.JPG,1,0.22441938519477844,0.0961541540755081
S,75,cashew/Data/Images/Anomaly/025.JPG,1,0.4824858009815216,0.7916666666666666
S,76,cashew/Data/Images/Anomaly/026.JPG,1,0.38006311655044556,1.0
S,77,cashew/Data/Images/Anomaly/027.JPG,1,0.48169177770614624,0.5631313131313131
S,78,cashew/Data/Images/Anomaly/028.JPG,1,0.44319412112236023,0.6428571428571428
S,79,cashew/Data/Images/Anomaly/029.JPG,1,0.4231967628002167,0.8541666666666666
S,80,cashew/Data/Images/Anomaly/030.JPG,1,0.4383494555950165,0.6238095238095238
S,81,cashew/Data/Images/Anomaly/031.JPG,1,0.47185587882995605,0.9166666666666666
S,82,cashew/Data/Images/Anomaly/032.JPG,1,0.34024855494499207,0.8111349906107634
S,83,cashew/Data/Images/Anomaly/033.JPG,1,0.31692829728126526,0.719789120006172
S,84,cashew/Data/Images/Anomaly/034.JPG,1,0.3995606601238251,0.9539459815546771
S,85,cashew/Data/Images/Anomaly/035.JPG,1,0.3983100354671478,0.9050839760498443
S,86,cashew/Data/Images/Anomaly/036.JPG,1,0.3528466522693634,0.8864615044238852
S,87,cashew/Data/Images/Anomaly/037.JPG,1,0.4070841073989868,0.6172923795375783
S,88,cashew/Data/Images/Anomaly/038.JPG,1,0.4058550298213959,0.41666666666666663
S,89,cashew/Data/Images/Anomaly/039.JPG,1,0.4200438857078552,0.7412087912087912
S,90,cashew/Data/Images/Anomaly/040.JPG,1,0.405468612909317,0.8055555555555556
S,91,cashew/Data/Images/Anomaly/041.JPG,1,0.42307648062705994,0.7914562567758056
S,92,cashew/Data/Images/Anomaly/042.JPG,1,0.3636478781700134,0.47600806451612904
S,93,cashew/Data/Images/Anomaly/043.JPG,1,0.37489527463912964,0.25
S,94,cashew/Data/Images/Anomaly/044.JPG,1,0.2885509133338928,0.5333333333333333
S,95,cashew/Data/Images/Anomaly/045.JPG,1,0.2134494036436081,0.14317460317460318
S,96,cashew/Data/Images/Anomaly/046.JPG,1,0.2971842586994171,0.56333974667308
S,97,cashew/Data/Images/Anomaly/047.JPG,1,0.2868957817554474,1.0
S,98,cashew/Data/Images/Anomaly/048.JPG,1,0.2579334080219269,0.11944071247923223
S,99,cashew/Data/Images/Anomaly/049.JPG,1,0.3250049948692322,0.5166666666666666
S,100,cashew/Data/Images/Anomaly/050.JPG,1,0.33950966596603394,1.0
S,101,cashew/Data/Images/Anomaly/051.JPG,1,0.21169476211071014,0.9166666666666666
S,102,cashew/Data/Images/Anomaly/052.JPG,1,0.23898153007030487,1.0
S,103,cashew/Data/Images/Anomaly/053.JPG,1,0.20854689180850983,0.14285714285714285
S,104,cashew/Data/Images/Anomaly/054.JPG,1,0.20711858570575714,0.45
S,105,cashew/Data/Images/Anomaly/055.JPG,1,0.22067850828170776,
S,106,cashew/Data/Images/Anomaly/056.JPG,1,0.22891852259635925,0.2074926965841491
S,107,cashew/Data/Images/Anomaly/057.JPG,1,0.2697690427303314,0.012195121951219513
S,108,cashew/Data/Images/Anomaly/058.JPG,1,0.24823231995105743,0.000875385413804683
S,109,cashew/Data/Images/Anomaly/059.JPG,1,0.2942405939102173,0.7
S,110,cashew/Data/Images/Anomaly/060.JPG,1,0.3374934494495392,0.6241582491582491
S,111,cashew/Data/Images/Anomaly/061.JPG,1,0.16254892945289612,
S,112,cashew/Data/Images/Anomaly/062.JPG,1,0.2724016606807709,0.018518518518518517
S,113,cashew/Data/Images/Anomaly/063.JPG,1,0.19551964104175568,0.06666666666666667
S,114,cashew/Data/Images/Anomaly/064.JPG,1,0.28925296664237976,0.011904761904761904
S,115,cashew/Data/Images/Anomaly/065.JPG,1,0.24753642082214355,
S,116,cashew/Data/Images/Anomaly/066.JPG,1,0.23537279665470123,
S,117,cashew/Data/Images/Anomaly/067.JPG,1,0.19234827160835266,
S,118,cashew/Data/Images/Anomaly/068.JPG,1,0.18597911298274994,0.030303030303030304
S,119,cashew/Data/Images/Anomaly/069.JPG,1,0.17900225520133972,
S,120,cashew/Data/Images/Anomaly/070.JPG,1,0.24659700691699982,0.043478260869565216
S,121,cashew/Data/Images/Anomaly/071.JPG,1,0.15164759755134583,0.10795454545454546
S,122,cashew/Data/Images/Anomaly/072.JPG,1,0.24677518010139465,0.038461538461538464
S,123,cashew/Data/Images/Anomaly/073.JPG,1,0.20654858648777008,
S,124,cashew/Data/Images/Anomaly/074.JPG,1,0.2336156666278839,0.016993087557603686
S,125,cashew/Data/Images/Anomaly/075.JPG,1,0.16509367525577545,
S,126,cashew/Data/Images/Anomaly/076.JPG,1,0.29506000876426697,0.5
S,127,cashew/Data/Images/Anomaly/077.JPG,1,0.20389096438884735,
S,128,cashew/Data/Images/Anomaly/078.JPG,1,0.41469523310661316,1.0
S,129,cashew/Data/Images/Anomaly/079.JPG,1,0.4353218376636505,0.5497243107769423
S,130,cashew/Data/Images/Anomaly/080.JPG,1,0.24754439294338226,0.625
S,131,cashew/Data/Images/Anomaly/081.JPG,1,0.32397279143333435,0.3410894660894661
S,132,cashew/Data/Images/Anomaly/082.JPG,1,0.31189557909965515,0.5517006802721088
S,133,cashew/Data/Images/Anomaly/083.JPG,1,0.3522299528121948,0.4180856663510154
S,134,cashew/Data/Images/Anomaly/084.JPG,1,0.3062863051891327,0.2868253968253968
S,135,cashew/Data/Images/Anomaly/085.JPG,1,0.3577653467655182,0.2436936936936937
S,136,cashew/Data/Images/Anomaly/086.JPG,1,0.2889540195465088,0.590146038172354
S,137,cashew/Data/Images/Anomaly/087.JPG,1,0.27982014417648315,0.24162433478471212
S,138,cashew/Data/Images/Anomaly/088.JPG,1,0.24113725125789642,0.5907407407407407
S,139,cashew/Data/Images/Anomaly/089.JPG,1,0.293375164270401,0.09441373056374544
S,140,cashew/Data/Images/Anomaly/090.JPG,1,0.2554904818534851,0.7082125603864735
S,141,cashew/Data/Images/Anomaly/091.JPG,1,0.31918075680732727,0.8333333333333333
S,142,cashew/Data/Images/Anomaly/092.JPG,1,0.29319384694099426,0.5729327576891732
S,143,cashew/Data/Images/Anomaly/093.JPG,1,0.2355668842792511,0.502125850340136
S,144,cashew/Data/Images/Anomaly/094.JPG,1,0.40155214071273804,0.9336445394717554
S,145,cashew/Data/Images/Anomaly/095.JPG,1,0.45570507645606995,0.8964999202016392
S,146,cashew/Data/Images/Anomaly/096.JPG,1,0.3240090608596802,0.9205879662902919
S,147,cashew/Data/Images/Anomaly/097.JPG,1,0.3969704806804657,0.8017879979733731
S,148,cashew/Data/Images/Anomaly/098.JPG,1,0.4216807782649994,0.8338418617715412
S,149,cashew/Data/Images/Anomaly/099.JPG,1,0.383238822221756,0.8454348492008464
C,0,cashew/Data/Images/Normal/023.JPG,0,0.08405381441116333,
C,1,cashew/Data/Images/Normal/352.JPG,0,0.05256645008921623,
C,2,cashew/Data/Images/Normal/104.JPG,0,0.03977418318390846,
C,3,cashew/Data/Images/Normal/337.JPG,0,0.0516417995095253,
C,4,cashew/Data/Images/Normal/213.JPG,0,0.05114030838012695,
C,5,cashew/Data/Images/Normal/276.JPG,0,0.04530567675828934,
C,6,cashew/Data/Images/Normal/402.JPG,0,0.06252690404653549,
C,7,cashew/Data/Images/Normal/166.JPG,0,0.061446305364370346,
C,8,cashew/Data/Images/Normal/013.JPG,0,0.04841283708810806,
C,9,cashew/Data/Images/Normal/050.JPG,0,0.046384088695049286,
C,10,cashew/Data/Images/Normal/400.JPG,0,0.04825136810541153,
C,11,cashew/Data/Images/Normal/461.JPG,0,0.05187569558620453,
C,12,cashew/Data/Images/Normal/377.JPG,0,0.050338562577962875,
C,13,cashew/Data/Images/Normal/006.JPG,0,0.05011177435517311,
C,14,cashew/Data/Images/Normal/148.JPG,0,0.049966175109148026,
C,15,cashew/Data/Images/Normal/384.JPG,0,0.0395965576171875,
C,16,cashew/Data/Images/Normal/228.JPG,0,0.04561866819858551,
C,17,cashew/Data/Images/Normal/260.JPG,0,0.04060421511530876,
C,18,cashew/Data/Images/Normal/435.JPG,0,0.05548427253961563,
C,19,cashew/Data/Images/Normal/405.JPG,0,0.06251470744609833,
C,20,cashew/Data/Images/Normal/087.JPG,0,0.049536433070898056,
C,21,cashew/Data/Images/Normal/324.JPG,0,0.0743662565946579,
C,22,cashew/Data/Images/Normal/130.JPG,0,0.04715058207511902,
C,23,cashew/Data/Images/Normal/392.JPG,0,0.04227636009454727,
C,24,cashew/Data/Images/Normal/467.JPG,0,0.04686920344829559,
C,25,cashew/Data/Images/Normal/143.JPG,0,0.051039233803749084,
C,26,cashew/Data/Images/Normal/389.JPG,0,0.05910297855734825,
C,27,cashew/Data/Images/Normal/181.JPG,0,0.04299399256706238,
C,28,cashew/Data/Images/Normal/309.JPG,0,0.06440676748752594,
C,29,cashew/Data/Images/Normal/012.JPG,0,0.05338430032134056,
C,30,cashew/Data/Images/Normal/367.JPG,0,0.06466502696275711,
C,31,cashew/Data/Images/Normal/344.JPG,0,0.07481691241264343,
C,32,cashew/Data/Images/Normal/484.JPG,0,0.060436710715293884,
C,33,cashew/Data/Images/Normal/089.JPG,0,0.04510859027504921,
C,34,cashew/Data/Images/Normal/398.JPG,0,0.04602472111582756,
C,35,cashew/Data/Images/Normal/460.JPG,0,0.04637201502919197,
C,36,cashew/Data/Images/Normal/239.JPG,0,0.06758180260658264,
C,37,cashew/Data/Images/Normal/342.JPG,0,0.056905634701251984,
C,38,cashew/Data/Images/Normal/369.JPG,0,0.039377741515636444,
C,39,cashew/Data/Images/Normal/284.JPG,0,0.038913093507289886,
C,40,cashew/Data/Images/Normal/098.JPG,0,0.05673161521553993,
C,41,cashew/Data/Images/Normal/446.JPG,0,0.06422164291143417,
C,42,cashew/Data/Images/Normal/482.JPG,0,0.0738818496465683,
C,43,cashew/Data/Images/Normal/093.JPG,0,0.046671390533447266,
C,44,cashew/Data/Images/Normal/244.JPG,0,0.04762650281190872,
C,45,cashew/Data/Images/Normal/272.JPG,0,0.03994632512331009,
C,46,cashew/Data/Images/Normal/307.JPG,0,0.04047144204378128,
C,47,cashew/Data/Images/Normal/487.JPG,0,0.05347089841961861,
C,48,cashew/Data/Images/Normal/245.JPG,0,0.04095245525240898,
C,49,cashew/Data/Images/Normal/084.JPG,0,0.06248294189572334,
C,50,cashew/Data/Images/Anomaly/000.JPG,1,0.1284617781639099,0.25116629318375844
C,51,cashew/Data/Images/Anomaly/001.JPG,1,0.08780631422996521,0.2772329472329472
C,52,cashew/Data/Images/Anomaly/002.JPG,1,0.07899920642375946,0.6859897066579094
C,53,cashew/Data/Images/Anomaly/003.JPG,1,0.08185441792011261,0.925
C,54,cashew/Data/Images/Anomaly/004.JPG,1,0.09832744300365448,0.81
C,55,cashew/Data/Images/Anomaly/005.JPG,1,0.1879948377609253,0.8501683501683501
C,56,cashew/Data/Images/Anomaly/006.JPG,1,0.10029321163892746,0.3275233538391433
C,57,cashew/Data/Images/Anomaly/007.JPG,1,0.10724897682666779,1.0
C,58,cashew/Data/Images/Anomaly/008.JPG,1,0.10901974141597748,0.4027777777777778
C,59,cashew/Data/Images/Anomaly/009.JPG,1,0.09706860780715942,0.7806122448979592
C,60,cashew/Data/Images/Anomaly/010.JPG,1,0.07400207966566086,0.25126984126984125
C,61,cashew/Data/Images/Anomaly/011.JPG,1,0.1511317789554596,0.658032209019051
C,62,cashew/Data/Images/Anomaly/012.JPG,1,0.1264122575521469,0.7671268448900028
C,63,cashew/Data/Images/Anomaly/013.JPG,1,0.11185600608587265,0.034639252726059055
C,64,cashew/Data/Images/Anomaly/014.JPG,1,0.09228856861591339,0.39072128851540616
C,65,cashew/Data/Images/Anomaly/015.JPG,1,0.09726326167583466,0.560952380952381
C,66,cashew/Data/Images/Anomaly/016.JPG,1,0.09103447198867798,0.8327339327339327
C,67,cashew/Data/Images/Anomaly/017.JPG,1,0.1648656129837036,0.3638888888888888
C,68,cashew/Data/Images/Anomaly/018.JPG,1,0.09950781613588333,0.7748588368153585
C,69,cashew/Data/Images/Anomaly/019.JPG,1,0.13801909983158112,0.8095959595959596
C,70,cashew/Data/Images/Anomaly/020.JPG,1,0.10539604723453522,0.7302564102564102
C,71,cashew/Data/Images/Anomaly/021.JPG,1,0.07981136441230774,0.8019710087891907
C,72,cashew/Data/Images/Anomaly/022.JPG,1,0.13126781582832336,0.10723340325800453
C,73,cashew/Data/Images/Anomaly/023.JPG,1,0.1196555644273758,0.8638736263736263
C,74,cashew/Data/Images/Anomaly/024.JPG,1,0.09522894024848938,0.7719246031746032
C,75,cashew/Data/Images/Anomaly/025.JPG,1,0.19679635763168335,0.4444444444444445
C,76,cashew/Data/Images/Anomaly/026.JPG,1,0.19743216037750244,1.0
C,77,cashew/Data/Images/Anomaly/027.JPG,1,0.20428918302059174,0.8583333333333332
C,78,cashew/Data/Images/Anomaly/028.JPG,1,0.1411556899547577,0.7
C,79,cashew/Data/Images/Anomaly/029.JPG,1,0.25560280680656433,1.0
C,80,cashew/Data/Images/Anomaly/030.JPG,1,0.2089540958404541,0.31401515151515147
C,81,cashew/Data/Images/Anomaly/031.JPG,1,0.21357257664203644,0.6388888888888888
C,82,cashew/Data/Images/Anomaly/032.JPG,1,0.19433662295341492,0.6671909763672511
C,83,cashew/Data/Images/Anomaly/033.JPG,1,0.20162758231163025,0.8650300786098731
C,84,cashew/Data/Images/Anomaly/034.JPG,1,0.21546320617198944,0.9417740320887213
C,85,cashew/Data/Images/Anomaly/035.JPG,1,0.21943196654319763,0.8942470420219781
C,86,cashew/Data/Images/Anomaly/036.JPG,1,0.21212226152420044,0.9473362673849022
C,87,cashew/Data/Images/Anomaly/037.JPG,1,0.2314743995666504,0.8656578085370655
C,88,cashew/Data/Images/Anomaly/038.JPG,1,0.18819700181484222,1.0
C,89,cashew/Data/Images/Anomaly/039.JPG,1,0.20950692892074585,0.6116666666666666
C,90,cashew/Data/Images/Anomaly/040.JPG,1,0.16941751539707184,0.9166666666666666
C,91,cashew/Data/Images/Anomaly/041.JPG,1,0.23142319917678833,0.9562702003878475
C,92,cashew/Data/Images/Anomaly/042.JPG,1,0.2094215750694275,0.7275
C,93,cashew/Data/Images/Anomaly/043.JPG,1,0.08117646723985672,0.25
C,94,cashew/Data/Images/Anomaly/044.JPG,1,0.06690613180398941,0.8666666666666667
C,95,cashew/Data/Images/Anomaly/045.JPG,1,0.07190196216106415,0.6388888888888888
C,96,cashew/Data/Images/Anomaly/046.JPG,1,0.08284953981637955,0.7976692940079668
C,97,cashew/Data/Images/Anomaly/047.JPG,1,0.09021502733230591,0.26521164021164023
C,98,cashew/Data/Images/Anomaly/048.JPG,1,0.0704774409532547,0.5308376850710946
C,99,cashew/Data/Images/Anomaly/049.JPG,1,0.08153971284627914,0.8666666666666667
C,100,cashew/Data/Images/Anomaly/050.JPG,1,0.1553625762462616,0.06666666666666667
C,101,cashew/Data/Images/Anomaly/051.JPG,1,0.04945771396160126,0.15420819490586932
C,102,cashew/Data/Images/Anomaly/052.JPG,1,0.07481908053159714,0.4
C,103,cashew/Data/Images/Anomaly/053.JPG,1,0.06441684067249298,0.019230769230769232
C,104,cashew/Data/Images/Anomaly/054.JPG,1,0.08689548075199127,0.175
C,105,cashew/Data/Images/Anomaly/055.JPG,1,0.07741223275661469,
C,106,cashew/Data/Images/Anomaly/056.JPG,1,0.06656602025032043,0.9583333333333334
C,107,cashew/Data/Images/Anomaly/057.JPG,1,0.13368521630764008,0.5
C,108,cashew/Data/Images/Anomaly/058.JPG,1,0.14097246527671814,0.047031963470319633
C,109,cashew/Data/Images/Anomaly/059.JPG,1,0.08292663097381592,1.0
C,110,cashew/Data/Images/Anomaly/060.JPG,1,0.09981653839349747,0.8477564102564102
C,111,cashew/Data/Images/Anomaly/061.JPG,1,0.07745717465877533,
C,112,cashew/Data/Images/Anomaly/062.JPG,1,0.09493593126535416,0.3333333333333333
C,113,cashew/Data/Images/Anomaly/063.JPG,1,0.06704840809106827,0.5
C,114,cashew/Data/Images/Anomaly/064.JPG,1,0.0933588296175003,0.03125
C,115,cashew/Data/Images/Anomaly/065.JPG,1,0.12252690643072128,
C,116,cashew/Data/Images/Anomaly/066.JPG,1,0.05956432223320007,
C,117,cashew/Data/Images/Anomaly/067.JPG,1,0.05001964792609215,
C,118,cashew/Data/Images/Anomaly/068.JPG,1,0.09897936135530472,0.02040816326530612
C,119,cashew/Data/Images/Anomaly/069.JPG,1,0.06633295118808746,
C,120,cashew/Data/Images/Anomaly/070.JPG,1,0.1038397029042244,0.5
C,121,cashew/Data/Images/Anomaly/071.JPG,1,0.08362504094839096,0.1358695652173913
C,122,cashew/Data/Images/Anomaly/072.JPG,1,0.12263744324445724,0.001834862385321101
C,123,cashew/Data/Images/Anomaly/073.JPG,1,0.06674860417842865,
C,124,cashew/Data/Images/Anomaly/074.JPG,1,0.11867427080869675,0.020396270396270396
C,125,cashew/Data/Images/Anomaly/075.JPG,1,0.07151317596435547,
C,126,cashew/Data/Images/Anomaly/076.JPG,1,0.11779109388589859,1.0
C,127,cashew/Data/Images/Anomaly/077.JPG,1,0.11466089636087418,
C,128,cashew/Data/Images/Anomaly/078.JPG,1,0.06289497017860413,0.07142857142857142
C,129,cashew/Data/Images/Anomaly/079.JPG,1,0.08604739606380463,0.14842334913763486
C,130,cashew/Data/Images/Anomaly/080.JPG,1,0.05411764979362488,0.2677005012531328
C,131,cashew/Data/Images/Anomaly/081.JPG,1,0.07473502308130264,0.014212091218338774
C,132,cashew/Data/Images/Anomaly/082.JPG,1,0.06677723675966263,0.039478161533528
C,133,cashew/Data/Images/Anomaly/083.JPG,1,0.09827832132577896,0.14273710801500678
C,134,cashew/Data/Images/Anomaly/084.JPG,1,0.0660654827952385,0.05140799524431238
C,135,cashew/Data/Images/Anomaly/085.JPG,1,0.06824308633804321,0.2134920634920635
C,136,cashew/Data/Images/Anomaly/086.JPG,1,0.04941440746188164,0.057524243435099834
C,137,cashew/Data/Images/Anomaly/087.JPG,1,0.13806211948394775,0.006290277853607787
C,138,cashew/Data/Images/Anomaly/088.JPG,1,0.06280972063541412,0.03154694987101951
C,139,cashew/Data/Images/Anomaly/089.JPG,1,0.05504634976387024,0.568748264832666
C,140,cashew/Data/Images/Anomaly/090.JPG,1,0.06473655253648758,0.09910492474643304
C,141,cashew/Data/Images/Anomaly/091.JPG,1,0.06262854486703873,0.6428571428571428
C,142,cashew/Data/Images/Anomaly/092.JPG,1,0.0625072568655014,0.018086502329605993
C,143,cashew/Data/Images/Anomaly/093.JPG,1,0.048377424478530884,0.08300396214212903
C,144,cashew/Data/Images/Anomaly/094.JPG,1,0.18419581651687622,0.9064341821923603
C,145,cashew/Data/Images/Anomaly/095.JPG,1,0.1696690320968628,0.9033880802086431
C,146,cashew/Data/Images/Anomaly/096.JPG,1,0.13670983910560608,0.8735956394302578
C,147,cashew/Data/Images/Anomaly/097.JPG,1,0.14056728780269623,0.8827432666651315
C,148,cashew/Data/Images/Anomaly/098.JPG,1,0.15029701590538025,0.888622764633466
C,149,cashew/Data/Images/Anomaly/099.JPG,1,0.1880662590265274,0.8739327768131696
A1_J,0,cashew/Data/Images/Normal/023.JPG,0,0.15378551185131073,
A1_J,1,cashew/Data/Images/Normal/352.JPG,0,0.13071604073047638,
A1_J,2,cashew/Data/Images/Normal/104.JPG,0,0.16001929342746735,
A1_J,3,cashew/Data/Images/Normal/337.JPG,0,0.13063913583755493,
A1_J,4,cashew/Data/Images/Normal/213.JPG,0,0.18766310811042786,
A1_J,5,cashew/Data/Images/Normal/276.JPG,0,0.1781112551689148,
A1_J,6,cashew/Data/Images/Normal/402.JPG,0,0.14359024167060852,
A1_J,7,cashew/Data/Images/Normal/166.JPG,0,0.13869592547416687,
A1_J,8,cashew/Data/Images/Normal/013.JPG,0,0.11725381761789322,
A1_J,9,cashew/Data/Images/Normal/050.JPG,0,0.22524510324001312,
A1_J,10,cashew/Data/Images/Normal/400.JPG,0,0.15511368215084076,
A1_J,11,cashew/Data/Images/Normal/461.JPG,0,0.1299227625131607,
A1_J,12,cashew/Data/Images/Normal/377.JPG,0,0.14039461314678192,
A1_J,13,cashew/Data/Images/Normal/006.JPG,0,0.1287672519683838,
A1_J,14,cashew/Data/Images/Normal/148.JPG,0,0.16193145513534546,
A1_J,15,cashew/Data/Images/Normal/384.JPG,0,0.1550215482711792,
A1_J,16,cashew/Data/Images/Normal/228.JPG,0,0.15667624771595,
A1_J,17,cashew/Data/Images/Normal/260.JPG,0,0.13540799915790558,
A1_J,18,cashew/Data/Images/Normal/435.JPG,0,0.11784359067678452,
A1_J,19,cashew/Data/Images/Normal/405.JPG,0,0.18828549981117249,
A1_J,20,cashew/Data/Images/Normal/087.JPG,0,0.13987448811531067,
A1_J,21,cashew/Data/Images/Normal/324.JPG,0,0.1331249624490738,
A1_J,22,cashew/Data/Images/Normal/130.JPG,0,0.13585151731967926,
A1_J,23,cashew/Data/Images/Normal/392.JPG,0,0.12587220966815948,
A1_J,24,cashew/Data/Images/Normal/467.JPG,0,0.13306231796741486,
A1_J,25,cashew/Data/Images/Normal/143.JPG,0,0.15132172405719757,
A1_J,26,cashew/Data/Images/Normal/389.JPG,0,0.15914933383464813,
A1_J,27,cashew/Data/Images/Normal/181.JPG,0,0.1608632504940033,
A1_J,28,cashew/Data/Images/Normal/309.JPG,0,0.13446752727031708,
A1_J,29,cashew/Data/Images/Normal/012.JPG,0,0.14609891176223755,
A1_J,30,cashew/Data/Images/Normal/367.JPG,0,0.20436395704746246,
A1_J,31,cashew/Data/Images/Normal/344.JPG,0,0.14309129118919373,
A1_J,32,cashew/Data/Images/Normal/484.JPG,0,0.14854572713375092,
A1_J,33,cashew/Data/Images/Normal/089.JPG,0,0.1261177659034729,
A1_J,34,cashew/Data/Images/Normal/398.JPG,0,0.1304979920387268,
A1_J,35,cashew/Data/Images/Normal/460.JPG,0,0.11931004375219345,
A1_J,36,cashew/Data/Images/Normal/239.JPG,0,0.209119513630867,
A1_J,37,cashew/Data/Images/Normal/342.JPG,0,0.13209857046604156,
A1_J,38,cashew/Data/Images/Normal/369.JPG,0,0.142434224486351,
A1_J,39,cashew/Data/Images/Normal/284.JPG,0,0.12941540777683258,
A1_J,40,cashew/Data/Images/Normal/098.JPG,0,0.1658347249031067,
A1_J,41,cashew/Data/Images/Normal/446.JPG,0,0.15255244076251984,
A1_J,42,cashew/Data/Images/Normal/482.JPG,0,0.1405218094587326,
A1_J,43,cashew/Data/Images/Normal/093.JPG,0,0.16053391993045807,
A1_J,44,cashew/Data/Images/Normal/244.JPG,0,0.166548952460289,
A1_J,45,cashew/Data/Images/Normal/272.JPG,0,0.18399205803871155,
A1_J,46,cashew/Data/Images/Normal/307.JPG,0,0.1334168016910553,
A1_J,47,cashew/Data/Images/Normal/487.JPG,0,0.17666617035865784,
A1_J,48,cashew/Data/Images/Normal/245.JPG,0,0.12963683903217316,
A1_J,49,cashew/Data/Images/Normal/084.JPG,0,0.18386423587799072,
A1_J,50,cashew/Data/Images/Anomaly/000.JPG,1,0.22011242806911469,0.2096657548991489
A1_J,51,cashew/Data/Images/Anomaly/001.JPG,1,0.20505744218826294,0.406863711001642
A1_J,52,cashew/Data/Images/Anomaly/002.JPG,1,0.238284170627594,0.06834341527885913
A1_J,53,cashew/Data/Images/Anomaly/003.JPG,1,0.20187075436115265,0.9
A1_J,54,cashew/Data/Images/Anomaly/004.JPG,1,0.2362019419670105,0.4370940170940171
A1_J,55,cashew/Data/Images/Anomaly/005.JPG,1,0.24671094119548798,0.4805054858934169
A1_J,56,cashew/Data/Images/Anomaly/006.JPG,1,0.23936432600021362,0.2546667384902679
A1_J,57,cashew/Data/Images/Anomaly/007.JPG,1,0.22571763396263123,0.8333333333333333
A1_J,58,cashew/Data/Images/Anomaly/008.JPG,1,0.19177226722240448,0.10286935286935286
A1_J,59,cashew/Data/Images/Anomaly/009.JPG,1,0.20368348062038422,0.5997603586889301
A1_J,60,cashew/Data/Images/Anomaly/010.JPG,1,0.20629392564296722,0.6683333333333334
A1_J,61,cashew/Data/Images/Anomaly/011.JPG,1,0.2776849865913391,0.613485628356318
A1_J,62,cashew/Data/Images/Anomaly/012.JPG,1,0.3096935451030731,0.8984219484219484
A1_J,63,cashew/Data/Images/Anomaly/013.JPG,1,0.2705635130405426,0.9502840909090909
A1_J,64,cashew/Data/Images/Anomaly/014.JPG,1,0.2671586573123932,0.5667104341736695
A1_J,65,cashew/Data/Images/Anomaly/015.JPG,1,0.272519588470459,0.8253968253968254
A1_J,66,cashew/Data/Images/Anomaly/016.JPG,1,0.2864580452442169,0.8261201761201761
A1_J,67,cashew/Data/Images/Anomaly/017.JPG,1,0.35282596945762634,0.4713888888888889
A1_J,68,cashew/Data/Images/Anomaly/018.JPG,1,0.2694680094718933,0.5787500102680367
A1_J,69,cashew/Data/Images/Anomaly/019.JPG,1,0.2860002815723419,0.8354818021484689
A1_J,70,cashew/Data/Images/Anomaly/020.JPG,1,0.31838563084602356,0.8909090909090909
A1_J,71,cashew/Data/Images/Anomaly/021.JPG,1,0.17892348766326904,0.487687203186215
A1_J,72,cashew/Data/Images/Anomaly/022.JPG,1,0.2529909610748291,0.3673446988896847
A1_J,73,cashew/Data/Images/Anomaly/023.JPG,1,0.24856795370578766,0.30502765752765754
A1_J,74,cashew/Data/Images/Anomaly/024.JPG,1,0.22428780794143677,0.3802432216905901
A1_J,75,cashew/Data/Images/Anomaly/025.JPG,1,0.35159483551979065,0.7777777777777777
A1_J,76,cashew/Data/Images/Anomaly/026.JPG,1,0.3773256540298462,1.0
A1_J,77,cashew/Data/Images/Anomaly/027.JPG,1,0.3883937895298004,0.7087301587301588
A1_J,78,cashew/Data/Images/Anomaly/028.JPG,1,0.3496396839618683,0.6428571428571428
A1_J,79,cashew/Data/Images/Anomaly/029.JPG,1,0.42082419991493225,1.0
A1_J,80,cashew/Data/Images/Anomaly/030.JPG,1,0.40394237637519836,0.6458333333333333
A1_J,81,cashew/Data/Images/Anomaly/031.JPG,1,0.4026387631893158,1.0
A1_J,82,cashew/Data/Images/Anomaly/032.JPG,1,0.3310547173023224,0.7583261573846213
A1_J,83,cashew/Data/Images/Anomaly/033.JPG,1,0.3456229567527771,0.8018731676135096
A1_J,84,cashew/Data/Images/Anomaly/034.JPG,1,0.40632566809654236,0.9472164938611061
A1_J,85,cashew/Data/Images/Anomaly/035.JPG,1,0.414346307516098,0.9252706389226365
A1_J,86,cashew/Data/Images/Anomaly/036.JPG,1,0.3704674243927002,0.9425150708324219
A1_J,87,cashew/Data/Images/Anomaly/037.JPG,1,0.3825223445892334,0.7352903518153299
A1_J,88,cashew/Data/Images/Anomaly/038.JPG,1,0.4041134715080261,1.0
A1_J,89,cashew/Data/Images/Anomaly/039.JPG,1,0.411714643239975,0.7297979797979798
A1_J,90,cashew/Data/Images/Anomaly/040.JPG,1,0.3787584900856018,0.8666666666666667
A1_J,91,cashew/Data/Images/Anomaly/041.JPG,1,0.40490761399269104,0.8863354037267079
A1_J,92,cashew/Data/Images/Anomaly/042.JPG,1,0.37187331914901733,0.6591743119266055
A1_J,93,cashew/Data/Images/Anomaly/043.JPG,1,0.2884558141231537,0.25
A1_J,94,cashew/Data/Images/Anomaly/044.JPG,1,0.2125217467546463,0.6388888888888888
A1_J,95,cashew/Data/Images/Anomaly/045.JPG,1,0.2295645773410797,0.8333333333333333
A1_J,96,cashew/Data/Images/Anomaly/046.JPG,1,0.25126272439956665,0.6782828282828283
A1_J,97,cashew/Data/Images/Anomaly/047.JPG,1,0.2392180860042572,0.9583333333333334
A1_J,98,cashew/Data/Images/Anomaly/048.JPG,1,0.21147333085536957,0.3731660231660232
A1_J,99,cashew/Data/Images/Anomaly/049.JPG,1,0.23485004901885986,0.537037037037037
A1_J,100,cashew/Data/Images/Anomaly/050.JPG,1,0.27810344099998474,0.5
A1_J,101,cashew/Data/Images/Anomaly/051.JPG,1,0.1544201374053955,0.1365079365079365
A1_J,102,cashew/Data/Images/Anomaly/052.JPG,1,0.171139657497406,0.8666666666666667
A1_J,103,cashew/Data/Images/Anomaly/053.JPG,1,0.2238481044769287,0.0625
A1_J,104,cashew/Data/Images/Anomaly/054.JPG,1,0.208970844745636,0.41666666666666663
A1_J,105,cashew/Data/Images/Anomaly/055.JPG,1,0.14525264501571655,
A1_J,106,cashew/Data/Images/Anomaly/056.JPG,1,0.17330437898635864,0.7599206349206349
A1_J,107,cashew/Data/Images/Anomaly/057.JPG,1,0.21184971928596497,0.14285714285714285
A1_J,108,cashew/Data/Images/Anomaly/058.JPG,1,0.24772101640701294,0.006689242861323634
A1_J,109,cashew/Data/Images/Anomaly/059.JPG,1,0.20687025785446167,0.31666666666666665
A1_J,110,cashew/Data/Images/Anomaly/060.JPG,1,0.2543087899684906,0.7592592592592593
A1_J,111,cashew/Data/Images/Anomaly/061.JPG,1,0.18511520326137543,
A1_J,112,cashew/Data/Images/Anomaly/062.JPG,1,0.2467729151248932,0.05263157894736842
A1_J,113,cashew/Data/Images/Anomaly/063.JPG,1,0.14135994017124176,0.2
A1_J,114,cashew/Data/Images/Anomaly/064.JPG,1,0.20518244802951813,0.017543859649122806
A1_J,115,cashew/Data/Images/Anomaly/065.JPG,1,0.2908250391483307,
A1_J,116,cashew/Data/Images/Anomaly/066.JPG,1,0.20516838133335114,
A1_J,117,cashew/Data/Images/Anomaly/067.JPG,1,0.143724724650383,
A1_J,118,cashew/Data/Images/Anomaly/068.JPG,1,0.23989762365818024,0.07692307692307693
A1_J,119,cashew/Data/Images/Anomaly/069.JPG,1,0.16267897188663483,
A1_J,120,cashew/Data/Images/Anomaly/070.JPG,1,0.15495868027210236,0.07692307692307693
A1_J,121,cashew/Data/Images/Anomaly/071.JPG,1,0.19640614092350006,0.6
A1_J,122,cashew/Data/Images/Anomaly/072.JPG,1,0.26311272382736206,0.03333333333333333
A1_J,123,cashew/Data/Images/Anomaly/073.JPG,1,0.15340496599674225,
A1_J,124,cashew/Data/Images/Anomaly/074.JPG,1,0.241463765501976,0.19642857142857142
A1_J,125,cashew/Data/Images/Anomaly/075.JPG,1,0.161356121301651,
A1_J,126,cashew/Data/Images/Anomaly/076.JPG,1,0.28756240010261536,1.0
A1_J,127,cashew/Data/Images/Anomaly/077.JPG,1,0.2251305729150772,
A1_J,128,cashew/Data/Images/Anomaly/078.JPG,1,0.22644400596618652,1.0
A1_J,129,cashew/Data/Images/Anomaly/079.JPG,1,0.29148733615875244,0.35212121212121206
A1_J,130,cashew/Data/Images/Anomaly/080.JPG,1,0.21001189947128296,0.5714285714285714
A1_J,131,cashew/Data/Images/Anomaly/081.JPG,1,0.24150945246219635,0.46320387129210655
A1_J,132,cashew/Data/Images/Anomaly/082.JPG,1,0.22259598970413208,0.40224900876529945
A1_J,133,cashew/Data/Images/Anomaly/083.JPG,1,0.2522885501384735,0.39041145506077635
A1_J,134,cashew/Data/Images/Anomaly/084.JPG,1,0.2368965744972229,0.3676075077215491
A1_J,135,cashew/Data/Images/Anomaly/085.JPG,1,0.22320105135440826,0.23091787439613526
A1_J,136,cashew/Data/Images/Anomaly/086.JPG,1,0.24013768136501312,0.5879960317460318
A1_J,137,cashew/Data/Images/Anomaly/087.JPG,1,0.2049950659275055,0.44228963524738174
A1_J,138,cashew/Data/Images/Anomaly/088.JPG,1,0.20284754037857056,0.5442401960784313
A1_J,139,cashew/Data/Images/Anomaly/089.JPG,1,0.24873656034469604,0.13894955682630936
A1_J,140,cashew/Data/Images/Anomaly/090.JPG,1,0.23154228925704956,0.6740981240981241
A1_J,141,cashew/Data/Images/Anomaly/091.JPG,1,0.22239059209823608,0.8333333333333333
A1_J,142,cashew/Data/Images/Anomaly/092.JPG,1,0.24761727452278137,0.5104945166955083
A1_J,143,cashew/Data/Images/Anomaly/093.JPG,1,0.19699209928512573,0.46790114647257497
A1_J,144,cashew/Data/Images/Anomaly/094.JPG,1,0.39944595098495483,0.9167541595102222
A1_J,145,cashew/Data/Images/Anomaly/095.JPG,1,0.37809985876083374,0.8892689665977137
A1_J,146,cashew/Data/Images/Anomaly/096.JPG,1,0.2730167508125305,0.9177601124374694
A1_J,147,cashew/Data/Images/Anomaly/097.JPG,1,0.3806615173816681,0.8740386700492331
A1_J,148,cashew/Data/Images/Anomaly/098.JPG,1,0.3100369870662689,0.8743367012342681
A1_J,149,cashew/Data/Images/Anomaly/099.JPG,1,0.3561873435974121,0.8929839023718638
TRI_J,0,cashew/Data/Images/Normal/023.JPG,0,0.16528907418251038,
TRI_J,1,cashew/Data/Images/Normal/352.JPG,0,0.15850475430488586,
TRI_J,2,cashew/Data/Images/Normal/104.JPG,0,0.16014492511749268,
TRI_J,3,cashew/Data/Images/Normal/337.JPG,0,0.1413576751947403,
TRI_J,4,cashew/Data/Images/Normal/213.JPG,0,0.21534152328968048,
TRI_J,5,cashew/Data/Images/Normal/276.JPG,0,0.19111944735050201,
TRI_J,6,cashew/Data/Images/Normal/402.JPG,0,0.1486794352531433,
TRI_J,7,cashew/Data/Images/Normal/166.JPG,0,0.14972424507141113,
TRI_J,8,cashew/Data/Images/Normal/013.JPG,0,0.14410535991191864,
TRI_J,9,cashew/Data/Images/Normal/050.JPG,0,0.23514726758003235,
TRI_J,10,cashew/Data/Images/Normal/400.JPG,0,0.15928402543067932,
TRI_J,11,cashew/Data/Images/Normal/461.JPG,0,0.13669425249099731,
TRI_J,12,cashew/Data/Images/Normal/377.JPG,0,0.12392446398735046,
TRI_J,13,cashew/Data/Images/Normal/006.JPG,0,0.1426202356815338,
TRI_J,14,cashew/Data/Images/Normal/148.JPG,0,0.16661646962165833,
TRI_J,15,cashew/Data/Images/Normal/384.JPG,0,0.1810097098350525,
TRI_J,16,cashew/Data/Images/Normal/228.JPG,0,0.1433843970298767,
TRI_J,17,cashew/Data/Images/Normal/260.JPG,0,0.13437600433826447,
TRI_J,18,cashew/Data/Images/Normal/435.JPG,0,0.14308981597423553,
TRI_J,19,cashew/Data/Images/Normal/405.JPG,0,0.20799821615219116,
TRI_J,20,cashew/Data/Images/Normal/087.JPG,0,0.15679527819156647,
TRI_J,21,cashew/Data/Images/Normal/324.JPG,0,0.17002740502357483,
TRI_J,22,cashew/Data/Images/Normal/130.JPG,0,0.16420070827007294,
TRI_J,23,cashew/Data/Images/Normal/392.JPG,0,0.13246633112430573,
TRI_J,24,cashew/Data/Images/Normal/467.JPG,0,0.16114269196987152,
TRI_J,25,cashew/Data/Images/Normal/143.JPG,0,0.16607408225536346,
TRI_J,26,cashew/Data/Images/Normal/389.JPG,0,0.19155316054821014,
TRI_J,27,cashew/Data/Images/Normal/181.JPG,0,0.168862447142601,
TRI_J,28,cashew/Data/Images/Normal/309.JPG,0,0.13297057151794434,
TRI_J,29,cashew/Data/Images/Normal/012.JPG,0,0.15229542553424835,
TRI_J,30,cashew/Data/Images/Normal/367.JPG,0,0.22084884345531464,
TRI_J,31,cashew/Data/Images/Normal/344.JPG,0,0.18197467923164368,
TRI_J,32,cashew/Data/Images/Normal/484.JPG,0,0.168014794588089,
TRI_J,33,cashew/Data/Images/Normal/089.JPG,0,0.16050244867801666,
TRI_J,34,cashew/Data/Images/Normal/398.JPG,0,0.13482366502285004,
TRI_J,35,cashew/Data/Images/Normal/460.JPG,0,0.13951532542705536,
TRI_J,36,cashew/Data/Images/Normal/239.JPG,0,0.19032227993011475,
TRI_J,37,cashew/Data/Images/Normal/342.JPG,0,0.1338680386543274,
TRI_J,38,cashew/Data/Images/Normal/369.JPG,0,0.1653742641210556,
TRI_J,39,cashew/Data/Images/Normal/284.JPG,0,0.15736187994480133,
TRI_J,40,cashew/Data/Images/Normal/098.JPG,0,0.16531947255134583,
TRI_J,41,cashew/Data/Images/Normal/446.JPG,0,0.1539241224527359,
TRI_J,42,cashew/Data/Images/Normal/482.JPG,0,0.16707450151443481,
TRI_J,43,cashew/Data/Images/Normal/093.JPG,0,0.17539237439632416,
TRI_J,44,cashew/Data/Images/Normal/244.JPG,0,0.18351055681705475,
TRI_J,45,cashew/Data/Images/Normal/272.JPG,0,0.2065768539905548,
TRI_J,46,cashew/Data/Images/Normal/307.JPG,0,0.1385687291622162,
TRI_J,47,cashew/Data/Images/Normal/487.JPG,0,0.2068684846162796,
TRI_J,48,cashew/Data/Images/Normal/245.JPG,0,0.1327841728925705,
TRI_J,49,cashew/Data/Images/Normal/084.JPG,0,0.18189647793769836,
TRI_J,50,cashew/Data/Images/Anomaly/000.JPG,1,0.24188707768917084,0.26121003339604365
TRI_J,51,cashew/Data/Images/Anomaly/001.JPG,1,0.23962116241455078,0.2749417249417249
TRI_J,52,cashew/Data/Images/Anomaly/002.JPG,1,0.2517947554588318,0.13151070846439003
TRI_J,53,cashew/Data/Images/Anomaly/003.JPG,1,0.215039923787117,0.8583333333333333
TRI_J,54,cashew/Data/Images/Anomaly/004.JPG,1,0.27073630690574646,0.6543434343434343
TRI_J,55,cashew/Data/Images/Anomaly/005.JPG,1,0.2718783915042877,0.3103066288550159
TRI_J,56,cashew/Data/Images/Anomaly/006.JPG,1,0.2604714035987854,0.3080988455988456
TRI_J,57,cashew/Data/Images/Anomaly/007.JPG,1,0.24650941789150238,0.8333333333333333
TRI_J,58,cashew/Data/Images/Anomaly/008.JPG,1,0.2135259509086609,0.09003496503496503
TRI_J,59,cashew/Data/Images/Anomaly/009.JPG,1,0.24998395144939423,0.49529593213803735
TRI_J,60,cashew/Data/Images/Anomaly/010.JPG,1,0.22918373346328735,0.6615151515151516
TRI_J,61,cashew/Data/Images/Anomaly/011.JPG,1,0.2998736500740051,0.5880534997991895
TRI_J,62,cashew/Data/Images/Anomaly/012.JPG,1,0.31222599744796753,0.8143713040771865
TRI_J,63,cashew/Data/Images/Anomaly/013.JPG,1,0.2930706739425659,0.9704861111111112
TRI_J,64,cashew/Data/Images/Anomaly/014.JPG,1,0.2936123013496399,0.5759424603174603
TRI_J,65,cashew/Data/Images/Anomaly/015.JPG,1,0.291922926902771,0.7277777777777779
TRI_J,66,cashew/Data/Images/Anomaly/016.JPG,1,0.27910393476486206,0.8144240019240019
TRI_J,67,cashew/Data/Images/Anomaly/017.JPG,1,0.3516507148742676,0.3577398040555935
TRI_J,68,cashew/Data/Images/Anomaly/018.JPG,1,0.28724420070648193,0.559103780905783
TRI_J,69,cashew/Data/Images/Anomaly/019.JPG,1,0.2862124741077423,0.6991360491360491
TRI_J,70,cashew/Data/Images/Anomaly/020.JPG,1,0.336010605096817,0.8833333333333333
TRI_J,71,cashew/Data/Images/Anomaly/021.JPG,1,0.2216179370880127,0.3013253290036736
TRI_J,72,cashew/Data/Images/Anomaly/022.JPG,1,0.2624239921569824,0.4604814434413015
TRI_J,73,cashew/Data/Images/Anomaly/023.JPG,1,0.2893485128879547,0.2571581554055642
TRI_J,74,cashew/Data/Images/Anomaly/024.JPG,1,0.23312729597091675,0.24537716024084677
TRI_J,75,cashew/Data/Images/Anomaly/025.JPG,1,0.40550029277801514,0.7777777777777777
TRI_J,76,cashew/Data/Images/Anomaly/026.JPG,1,0.3904048800468445,1.0
TRI_J,77,cashew/Data/Images/Anomaly/027.JPG,1,0.4215959906578064,0.6833333333333333
TRI_J,78,cashew/Data/Images/Anomaly/028.JPG,1,0.3979800045490265,0.6428571428571428
TRI_J,79,cashew/Data/Images/Anomaly/029.JPG,1,0.43578073382377625,1.0
TRI_J,80,cashew/Data/Images/Anomaly/030.JPG,1,0.40803155303001404,0.8166666666666667
TRI_J,81,cashew/Data/Images/Anomaly/031.JPG,1,0.4270074963569641,1.0
TRI_J,82,cashew/Data/Images/Anomaly/032.JPG,1,0.3372596502304077,0.7888443485116241
TRI_J,83,cashew/Data/Images/Anomaly/033.JPG,1,0.32899561524391174,0.7880387305663685
TRI_J,84,cashew/Data/Images/Anomaly/034.JPG,1,0.42359206080436707,0.9481222909625555
TRI_J,85,cashew/Data/Images/Anomaly/035.JPG,1,0.4171752631664276,0.9202564793357633
TRI_J,86,cashew/Data/Images/Anomaly/036.JPG,1,0.35200604796409607,0.9285746633431728
TRI_J,87,cashew/Data/Images/Anomaly/037.JPG,1,0.4181683361530304,0.7248876903944549
TRI_J,88,cashew/Data/Images/Anomaly/038.JPG,1,0.4187942445278168,0.75
TRI_J,89,cashew/Data/Images/Anomaly/039.JPG,1,0.42938658595085144,0.7333333333333334
TRI_J,90,cashew/Data/Images/Anomaly/040.JPG,1,0.40028294920921326,0.8055555555555556
TRI_J,91,cashew/Data/Images/Anomaly/041.JPG,1,0.4315185546875,0.8670676691729323
TRI_J,92,cashew/Data/Images/Anomaly/042.JPG,1,0.3691312372684479,0.555365296803653
TRI_J,93,cashew/Data/Images/Anomaly/043.JPG,1,0.3226156234741211,0.3333333333333333
TRI_J,94,cashew/Data/Images/Anomaly/044.JPG,1,0.24374012649059296,0.6388888888888888
TRI_J,95,cashew/Data/Images/Anomaly/045.JPG,1,0.21966078877449036,0.6333333333333333
TRI_J,96,cashew/Data/Images/Anomaly/046.JPG,1,0.2756181061267853,0.6848503871102742
TRI_J,97,cashew/Data/Images/Anomaly/047.JPG,1,0.2686257064342499,1.0
TRI_J,98,cashew/Data/Images/Anomaly/048.JPG,1,0.23548999428749084,0.172388609123303
TRI_J,99,cashew/Data/Images/Anomaly/049.JPG,1,0.2683524787425995,0.5454545454545454
TRI_J,100,cashew/Data/Images/Anomaly/050.JPG,1,0.3166819214820862,1.0
TRI_J,101,cashew/Data/Images/Anomaly/051.JPG,1,0.17147381603717804,0.7916666666666666
TRI_J,102,cashew/Data/Images/Anomaly/052.JPG,1,0.19306688010692596,0.9166666666666665
TRI_J,103,cashew/Data/Images/Anomaly/053.JPG,1,0.2055179476737976,0.05
TRI_J,104,cashew/Data/Images/Anomaly/054.JPG,1,0.21223117411136627,0.41666666666666663
TRI_J,105,cashew/Data/Images/Anomaly/055.JPG,1,0.17752844095230103,
TRI_J,106,cashew/Data/Images/Anomaly/056.JPG,1,0.19160228967666626,0.5546296296296296
TRI_J,107,cashew/Data/Images/Anomaly/057.JPG,1,0.2174636274576187,0.045454545454545456
TRI_J,108,cashew/Data/Images/Anomaly/058.JPG,1,0.2497936338186264,0.0030701754385964912
TRI_J,109,cashew/Data/Images/Anomaly/059.JPG,1,0.23801551759243011,0.7
TRI_J,110,cashew/Data/Images/Anomaly/060.JPG,1,0.2833421528339386,0.6861640211640211
TRI_J,111,cashew/Data/Images/Anomaly/061.JPG,1,0.178505077958107,
TRI_J,112,cashew/Data/Images/Anomaly/062.JPG,1,0.23714978992938995,0.037037037037037035
TRI_J,113,cashew/Data/Images/Anomaly/063.JPG,1,0.16138921678066254,0.16666666666666666
TRI_J,114,cashew/Data/Images/Anomaly/064.JPG,1,0.2363143116235733,0.011235955056179775
TRI_J,115,cashew/Data/Images/Anomaly/065.JPG,1,0.2801072299480438,
TRI_J,116,cashew/Data/Images/Anomaly/066.JPG,1,0.21857672929763794,
TRI_J,117,cashew/Data/Images/Anomaly/067.JPG,1,0.16447177529335022,
TRI_J,118,cashew/Data/Images/Anomaly/068.JPG,1,0.219829723238945,0.05
TRI_J,119,cashew/Data/Images/Anomaly/069.JPG,1,0.17220979928970337,
TRI_J,120,cashew/Data/Images/Anomaly/070.JPG,1,0.18636471033096313,0.125
TRI_J,121,cashew/Data/Images/Anomaly/071.JPG,1,0.18764393031597137,0.5833333333333334
TRI_J,122,cashew/Data/Images/Anomaly/072.JPG,1,0.24673910439014435,0.038461538461538464
TRI_J,123,cashew/Data/Images/Anomaly/073.JPG,1,0.17485851049423218,
TRI_J,124,cashew/Data/Images/Anomaly/074.JPG,1,0.22804513573646545,0.09545454545454546
TRI_J,125,cashew/Data/Images/Anomaly/075.JPG,1,0.1554005742073059,
TRI_J,126,cashew/Data/Images/Anomaly/076.JPG,1,0.2988431751728058,1.0
TRI_J,127,cashew/Data/Images/Anomaly/077.JPG,1,0.21056045591831207,
TRI_J,128,cashew/Data/Images/Anomaly/078.JPG,1,0.31605860590934753,1.0
TRI_J,129,cashew/Data/Images/Anomaly/079.JPG,1,0.35986000299453735,0.3654545454545455
TRI_J,130,cashew/Data/Images/Anomaly/080.JPG,1,0.22536244988441467,0.6083333333333333
TRI_J,131,cashew/Data/Images/Anomaly/081.JPG,1,0.29368463158607483,0.316215217531007
TRI_J,132,cashew/Data/Images/Anomaly/082.JPG,1,0.2631337642669678,0.5394517762938815
TRI_J,133,cashew/Data/Images/Anomaly/083.JPG,1,0.3066307008266449,0.4286973452706785
TRI_J,134,cashew/Data/Images/Anomaly/084.JPG,1,0.27603697776794434,0.3412693389592124
TRI_J,135,cashew/Data/Images/Anomaly/085.JPG,1,0.28594744205474854,0.23159203980099502
TRI_J,136,cashew/Data/Images/Anomaly/086.JPG,1,0.2644427418708801,0.6125091374269006
TRI_J,137,cashew/Data/Images/Anomaly/087.JPG,1,0.24257232248783112,0.27978629976580793
TRI_J,138,cashew/Data/Images/Anomaly/088.JPG,1,0.22425423562526703,0.5484126984126984
TRI_J,139,cashew/Data/Images/Anomaly/089.JPG,1,0.2702541649341583,0.1192854028110497
TRI_J,140,cashew/Data/Images/Anomaly/090.JPG,1,0.2522639036178589,0.6608217592592592
TRI_J,141,cashew/Data/Images/Anomaly/091.JPG,1,0.2728399932384491,0.5833333333333333
TRI_J,142,cashew/Data/Images/Anomaly/092.JPG,1,0.293518990278244,0.5018971684450959
TRI_J,143,cashew/Data/Images/Anomaly/093.JPG,1,0.2238978147506714,0.481927120498549
TRI_J,144,cashew/Data/Images/Anomaly/094.JPG,1,0.41421565413475037,0.9264669419235734
TRI_J,145,cashew/Data/Images/Anomaly/095.JPG,1,0.4046582281589508,0.8979741670700003
TRI_J,146,cashew/Data/Images/Anomaly/096.JPG,1,0.2867118716239929,0.9241568600560071
TRI_J,147,cashew/Data/Images/Anomaly/097.JPG,1,0.39471033215522766,0.8511454101753814
TRI_J,148,cashew/Data/Images/Anomaly/098.JPG,1,0.3623048663139343,0.8658629147481366
TRI_J,149,cashew/Data/Images/Anomaly/099.JPG,1,0.3746410608291626,0.8813999594822471
BAL_J,0,cashew/Data/Images/Normal/023.JPG,0,0.14422035217285156,
BAL_J,1,cashew/Data/Images/Normal/352.JPG,0,0.13009686768054962,
BAL_J,2,cashew/Data/Images/Normal/104.JPG,0,0.13591940701007843,
BAL_J,3,cashew/Data/Images/Normal/337.JPG,0,0.11265463382005692,
BAL_J,4,cashew/Data/Images/Normal/213.JPG,0,0.1861821711063385,
BAL_J,5,cashew/Data/Images/Normal/276.JPG,0,0.1560526043176651,
BAL_J,6,cashew/Data/Images/Normal/402.JPG,0,0.12263775616884232,
BAL_J,7,cashew/Data/Images/Normal/166.JPG,0,0.12497199326753616,
BAL_J,8,cashew/Data/Images/Normal/013.JPG,0,0.12070617824792862,
BAL_J,9,cashew/Data/Images/Normal/050.JPG,0,0.182092547416687,
BAL_J,10,cashew/Data/Images/Normal/400.JPG,0,0.14603084325790405,
BAL_J,11,cashew/Data/Images/Normal/461.JPG,0,0.12682369351387024,
BAL_J,12,cashew/Data/Images/Normal/377.JPG,0,0.10246729105710983,
BAL_J,13,cashew/Data/Images/Normal/006.JPG,0,0.11672166734933853,
BAL_J,14,cashew/Data/Images/Normal/148.JPG,0,0.14011792838573456,
BAL_J,15,cashew/Data/Images/Normal/384.JPG,0,0.14167854189872742,
BAL_J,16,cashew/Data/Images/Normal/228.JPG,0,0.11496276408433914,
BAL_J,17,cashew/Data/Images/Normal/260.JPG,0,0.11265446990728378,
BAL_J,18,cashew/Data/Images/Normal/435.JPG,0,0.11976246535778046,
BAL_J,19,cashew/Data/Images/Normal/405.JPG,0,0.1646675318479538,
BAL_J,20,cashew/Data/Images/Normal/087.JPG,0,0.12346508353948593,
BAL_J,21,cashew/Data/Images/Normal/324.JPG,0,0.16322213411331177,
BAL_J,22,cashew/Data/Images/Normal/130.JPG,0,0.13488131761550903,
BAL_J,23,cashew/Data/Images/Normal/392.JPG,0,0.11840137839317322,
BAL_J,24,cashew/Data/Images/Normal/467.JPG,0,0.13274472951889038,
BAL_J,25,cashew/Data/Images/Normal/143.JPG,0,0.1384393870830536,
BAL_J,26,cashew/Data/Images/Normal/389.JPG,0,0.16340500116348267,
BAL_J,27,cashew/Data/Images/Normal/181.JPG,0,0.14191991090774536,
BAL_J,28,cashew/Data/Images/Normal/309.JPG,0,0.11667313426733017,
BAL_J,29,cashew/Data/Images/Normal/012.JPG,0,0.13756828010082245,
BAL_J,30,cashew/Data/Images/Normal/367.JPG,0,0.18123067915439606,
BAL_J,31,cashew/Data/Images/Normal/344.JPG,0,0.1494208574295044,
BAL_J,32,cashew/Data/Images/Normal/484.JPG,0,0.13410398364067078,
BAL_J,33,cashew/Data/Images/Normal/089.JPG,0,0.1314862072467804,
BAL_J,34,cashew/Data/Images/Normal/398.JPG,0,0.11107797920703888,
BAL_J,35,cashew/Data/Images/Normal/460.JPG,0,0.11791808158159256,
BAL_J,36,cashew/Data/Images/Normal/239.JPG,0,0.15339119732379913,
BAL_J,37,cashew/Data/Images/Normal/342.JPG,0,0.11922822892665863,
BAL_J,38,cashew/Data/Images/Normal/369.JPG,0,0.1441955417394638,
BAL_J,39,cashew/Data/Images/Normal/284.JPG,0,0.1307879090309143,
BAL_J,40,cashew/Data/Images/Normal/098.JPG,0,0.13620397448539734,
BAL_J,41,cashew/Data/Images/Normal/446.JPG,0,0.12886926531791687,
BAL_J,42,cashew/Data/Images/Normal/482.JPG,0,0.13178984820842743,
BAL_J,43,cashew/Data/Images/Normal/093.JPG,0,0.13906611502170563,
BAL_J,44,cashew/Data/Images/Normal/244.JPG,0,0.14922243356704712,
BAL_J,45,cashew/Data/Images/Normal/272.JPG,0,0.17035672068595886,
BAL_J,46,cashew/Data/Images/Normal/307.JPG,0,0.12003757059574127,
BAL_J,47,cashew/Data/Images/Normal/487.JPG,0,0.16504937410354614,
BAL_J,48,cashew/Data/Images/Normal/245.JPG,0,0.11904722452163696,
BAL_J,49,cashew/Data/Images/Normal/084.JPG,0,0.15094676613807678,
BAL_J,50,cashew/Data/Images/Anomaly/000.JPG,1,0.21549414098262787,0.2204019280865598
BAL_J,51,cashew/Data/Images/Anomaly/001.JPG,1,0.200425922870636,0.3087878787878788
BAL_J,52,cashew/Data/Images/Anomaly/002.JPG,1,0.211854949593544,0.3390771145925416
BAL_J,53,cashew/Data/Images/Anomaly/003.JPG,1,0.19282697141170502,0.885
BAL_J,54,cashew/Data/Images/Anomaly/004.JPG,1,0.23356860876083374,0.8
BAL_J,55,cashew/Data/Images/Anomaly/005.JPG,1,0.25340068340301514,0.5266381766381766
BAL_J,56,cashew/Data/Images/Anomaly/006.JPG,1,0.22415480017662048,0.3462301587301587
BAL_J,57,cashew/Data/Images/Anomaly/007.JPG,1,0.21838641166687012,1.0
BAL_J,58,cashew/Data/Images/Anomaly/008.JPG,1,0.1930680274963379,0.1531986531986532
BAL_J,59,cashew/Data/Images/Anomaly/009.JPG,1,0.21638523042201996,0.5945142159427874
BAL_J,60,cashew/Data/Images/Anomaly/010.JPG,1,0.19963958859443665,0.6727450980392157
BAL_J,61,cashew/Data/Images/Anomaly/011.JPG,1,0.2664310932159424,0.6217361995894604
BAL_J,62,cashew/Data/Images/Anomaly/012.JPG,1,0.2681412100791931,0.7855362230362232
BAL_J,63,cashew/Data/Images/Anomaly/013.JPG,1,0.24232037365436554,0.9861111111111112
BAL_J,64,cashew/Data/Images/Anomaly/014.JPG,1,0.24482707679271698,0.5605184837092732
BAL_J,65,cashew/Data/Images/Anomaly/015.JPG,1,0.2445726841688156,0.7944444444444443
BAL_J,66,cashew/Data/Images/Anomaly/016.JPG,1,0.2420516461133957,0.8894500561167229
BAL_J,67,cashew/Data/Images/Anomaly/017.JPG,1,0.3066309094429016,0.3577398040555935
BAL_J,68,cashew/Data/Images/Anomaly/018.JPG,1,0.24089384078979492,0.643154041334941
BAL_J,69,cashew/Data/Images/Anomaly/019.JPG,1,0.24863892793655396,0.7518857685524354
BAL_J,70,cashew/Data/Images/Anomaly/020.JPG,1,0.27993887662887573,0.8833333333333333
BAL_J,71,cashew/Data/Images/Anomaly/021.JPG,1,0.1863808035850525,0.4623744502426796
BAL_J,72,cashew/Data/Images/Anomaly/022.JPG,1,0.2274198681116104,0.6583123365144238
BAL_J,73,cashew/Data/Images/Anomaly/023.JPG,1,0.23936983942985535,0.27983009732673214
BAL_J,74,cashew/Data/Images/Anomaly/024.JPG,1,0.1928819715976715,0.3771304456268706
BAL_J,75,cashew/Data/Images/Anomaly/025.JPG,1,0.3509760797023773,0.7916666666666666
BAL_J,76,cashew/Data/Images/Anomaly/026.JPG,1,0.34293848276138306,1.0
BAL_J,77,cashew/Data/Images/Anomaly/027.JPG,1,0.3671976923942566,0.7087301587301588
BAL_J,78,cashew/Data/Images/Anomaly/028.JPG,1,0.3362642824649811,0.6428571428571428
BAL_J,79,cashew/Data/Images/Anomaly/029.JPG,1,0.3965083360671997,1.0
BAL_J,80,cashew/Data/Images/Anomaly/030.JPG,1,0.36477839946746826,0.8541666666666666
BAL_J,81,cashew/Data/Images/Anomaly/031.JPG,1,0.3748916685581207,1.0
BAL_J,82,cashew/Data/Images/Anomaly/032.JPG,1,0.2984052300453186,0.7628629581012978
BAL_J,83,cashew/Data/Images/Anomaly/033.JPG,1,0.29915496706962585,0.7737963489206978
BAL_J,84,cashew/Data/Images/Anomaly/034.JPG,1,0.37705904245376587,0.9506200950907946
BAL_J,85,cashew/Data/Images/Anomaly/035.JPG,1,0.3737306594848633,0.919628018977957
BAL_J,86,cashew/Data/Images/Anomaly/036.JPG,1,0.3279418349266052,0.9410880543151598
BAL_J,87,cashew/Data/Images/Anomaly/037.JPG,1,0.37559011578559875,0.7715456379920389
BAL_J,88,cashew/Data/Images/Anomaly/038.JPG,1,0.36959555745124817,0.8333333333333333
BAL_J,89,cashew/Data/Images/Anomaly/039.JPG,1,0.3808065354824066,0.7888888888888888
BAL_J,90,cashew/Data/Images/Anomaly/040.JPG,1,0.34828269481658936,0.9166666666666666
BAL_J,91,cashew/Data/Images/Anomaly/041.JPG,1,0.3890446722507477,0.8840274387266867
BAL_J,92,cashew/Data/Images/Anomaly/042.JPG,1,0.3362281620502472,0.5929824561403508
BAL_J,93,cashew/Data/Images/Anomaly/043.JPG,1,0.26451611518859863,0.3333333333333333
BAL_J,94,cashew/Data/Images/Anomaly/044.JPG,1,0.20207640528678894,0.6388888888888888
BAL_J,95,cashew/Data/Images/Anomaly/045.JPG,1,0.1828400045633316,0.6333333333333333
BAL_J,96,cashew/Data/Images/Anomaly/046.JPG,1,0.2354530692100525,0.718694885361552
BAL_J,97,cashew/Data/Images/Anomaly/047.JPG,1,0.2247544229030609,0.9761904761904762
BAL_J,98,cashew/Data/Images/Anomaly/048.JPG,1,0.1958286017179489,0.29499555919928944
BAL_J,99,cashew/Data/Images/Anomaly/049.JPG,1,0.22924715280532837,0.55
BAL_J,100,cashew/Data/Images/Anomaly/050.JPG,1,0.2673652470111847,1.0
BAL_J,101,cashew/Data/Images/Anomaly/051.JPG,1,0.14272263646125793,0.6666666666666666
BAL_J,102,cashew/Data/Images/Anomaly/052.JPG,1,0.16433817148208618,0.9166666666666666
BAL_J,103,cashew/Data/Images/Anomaly/053.JPG,1,0.1602683961391449,0.0625
BAL_J,104,cashew/Data/Images/Anomaly/054.JPG,1,0.18454252183437347,0.5
BAL_J,105,cashew/Data/Images/Anomaly/055.JPG,1,0.15072254836559296,
BAL_J,106,cashew/Data/Images/Anomaly/056.JPG,1,0.1620117425918579,0.6174242424242424
BAL_J,107,cashew/Data/Images/Anomaly/057.JPG,1,0.1993202567100525,0.08333333333333333
BAL_J,108,cashew/Data/Images/Anomaly/058.JPG,1,0.22403287887573242,0.007276138322685326
BAL_J,109,cashew/Data/Images/Anomaly/059.JPG,1,0.20518073439598083,0.75
BAL_J,110,cashew/Data/Images/Anomaly/060.JPG,1,0.24400010704994202,0.731308948700253
BAL_J,111,cashew/Data/Images/Anomaly/061.JPG,1,0.16006094217300415,
BAL_J,112,cashew/Data/Images/Anomaly/062.JPG,1,0.20503847301006317,0.045454545454545456
BAL_J,113,cashew/Data/Images/Anomaly/063.JPG,1,0.14476872980594635,0.3333333333333333
BAL_J,114,cashew/Data/Images/Anomaly/064.JPG,1,0.1973828822374344,0.03125
BAL_J,115,cashew/Data/Images/Anomaly/065.JPG,1,0.23989902436733246,
BAL_J,116,cashew/Data/Images/Anomaly/066.JPG,1,0.18904896080493927,
BAL_J,117,cashew/Data/Images/Anomaly/067.JPG,1,0.135288268327713,
BAL_J,118,cashew/Data/Images/Anomaly/068.JPG,1,0.19632014632225037,0.06666666666666667
BAL_J,119,cashew/Data/Images/Anomaly/069.JPG,1,0.14309760928153992,
BAL_J,120,cashew/Data/Images/Anomaly/070.JPG,1,0.15131986141204834,0.16666666666666666
BAL_J,121,cashew/Data/Images/Anomaly/071.JPG,1,0.16567625105381012,0.5833333333333334
BAL_J,122,cashew/Data/Images/Anomaly/072.JPG,1,0.22038742899894714,0.034482758620689655
BAL_J,123,cashew/Data/Images/Anomaly/073.JPG,1,0.1670880913734436,
BAL_J,124,cashew/Data/Images/Anomaly/074.JPG,1,0.21803253889083862,0.09429824561403508
BAL_J,125,cashew/Data/Images/Anomaly/075.JPG,1,0.1389298290014267,
BAL_J,126,cashew/Data/Images/Anomaly/076.JPG,1,0.25480929017066956,1.0
BAL_J,127,cashew/Data/Images/Anomaly/077.JPG,1,0.19253602623939514,
BAL_J,128,cashew/Data/Images/Anomaly/078.JPG,1,0.2521391212940216,1.0
BAL_J,129,cashew/Data/Images/Anomaly/079.JPG,1,0.28954142332077026,0.34824016563147
BAL_J,130,cashew/Data/Images/Anomaly/080.JPG,1,0.1880902200937271,0.5714285714285714
BAL_J,131,cashew/Data/Images/Anomaly/081.JPG,1,0.23271547257900238,0.32216759848338794
BAL_J,132,cashew/Data/Images/Anomaly/082.JPG,1,0.21510636806488037,0.5657916157916159
BAL_J,133,cashew/Data/Images/Anomaly/083.JPG,1,0.2529526650905609,0.41399319221608377
BAL_J,134,cashew/Data/Images/Anomaly/084.JPG,1,0.22403524816036224,0.3230059327620303
BAL_J,135,cashew/Data/Images/Anomaly/085.JPG,1,0.22476860880851746,0.26262626262626265
BAL_J,136,cashew/Data/Images/Anomaly/086.JPG,1,0.2166486233472824,0.600219298245614
BAL_J,137,cashew/Data/Images/Anomaly/087.JPG,1,0.19269543886184692,0.4390304847576212
BAL_J,138,cashew/Data/Images/Anomaly/088.JPG,1,0.18505223095417023,0.5854970193205487
BAL_J,139,cashew/Data/Images/Anomaly/089.JPG,1,0.21265006065368652,0.13812988890628836
BAL_J,140,cashew/Data/Images/Anomaly/090.JPG,1,0.21291647851467133,0.7641534867002157
BAL_J,141,cashew/Data/Images/Anomaly/091.JPG,1,0.222932368516922,0.5833333333333333
BAL_J,142,cashew/Data/Images/Anomaly/092.JPG,1,0.22881236672401428,0.5267455086523493
BAL_J,143,cashew/Data/Images/Anomaly/093.JPG,1,0.17894525825977325,0.4548784548784548
BAL_J,144,cashew/Data/Images/Anomaly/094.JPG,1,0.3675093352794647,0.9231910538392438
BAL_J,145,cashew/Data/Images/Anomaly/095.JPG,1,0.3453608751296997,0.9131059963365885
BAL_J,146,cashew/Data/Images/Anomaly/096.JPG,1,0.24675652384757996,0.9249581961843526
BAL_J,147,cashew/Data/Images/Anomaly/097.JPG,1,0.3335910141468048,0.8619066024428934
BAL_J,148,cashew/Data/Images/Anomaly/098.JPG,1,0.29716041684150696,0.8829894111668359
BAL_J,149,cashew/Data/Images/Anomaly/099.JPG,1,0.3349183201789856,0.8899800262151951
DUP_J,0,cashew/Data/Images/Normal/023.JPG,0,0.18233393132686615,
DUP_J,1,cashew/Data/Images/Normal/352.JPG,0,0.15850421786308289,
DUP_J,2,cashew/Data/Images/Normal/104.JPG,0,0.20427921414375305,
DUP_J,3,cashew/Data/Images/Normal/337.JPG,0,0.1596350520849228,
DUP_J,4,cashew/Data/Images/Normal/213.JPG,0,0.21643061935901642,
DUP_J,5,cashew/Data/Images/Normal/276.JPG,0,0.21855692565441132,
DUP_J,6,cashew/Data/Images/Normal/402.JPG,0,0.1789804846048355,
DUP_J,7,cashew/Data/Images/Normal/166.JPG,0,0.17283129692077637,
DUP_J,8,cashew/Data/Images/Normal/013.JPG,0,0.14271418750286102,
DUP_J,9,cashew/Data/Images/Normal/050.JPG,0,0.2928934097290039,
DUP_J,10,cashew/Data/Images/Normal/400.JPG,0,0.16855911910533905,
DUP_J,11,cashew/Data/Images/Normal/461.JPG,0,0.16349145770072937,
DUP_J,12,cashew/Data/Images/Normal/377.JPG,0,0.17947375774383545,
DUP_J,13,cashew/Data/Images/Normal/006.JPG,0,0.1587125062942505,
DUP_J,14,cashew/Data/Images/Normal/148.JPG,0,0.20151203870773315,
DUP_J,15,cashew/Data/Images/Normal/384.JPG,0,0.19572849571704865,
DUP_J,16,cashew/Data/Images/Normal/228.JPG,0,0.1932029128074646,
DUP_J,17,cashew/Data/Images/Normal/260.JPG,0,0.16092291474342346,
DUP_J,18,cashew/Data/Images/Normal/435.JPG,0,0.1397055685520172,
DUP_J,19,cashew/Data/Images/Normal/405.JPG,0,0.24064980447292328,
DUP_J,20,cashew/Data/Images/Normal/087.JPG,0,0.1480693221092224,
DUP_J,21,cashew/Data/Images/Normal/324.JPG,0,0.14521238207817078,
DUP_J,22,cashew/Data/Images/Normal/130.JPG,0,0.15986253321170807,
DUP_J,23,cashew/Data/Images/Normal/392.JPG,0,0.15751443803310394,
DUP_J,24,cashew/Data/Images/Normal/467.JPG,0,0.1606357842683792,
DUP_J,25,cashew/Data/Images/Normal/143.JPG,0,0.19515882432460785,
DUP_J,26,cashew/Data/Images/Normal/389.JPG,0,0.18107196688652039,
DUP_J,27,cashew/Data/Images/Normal/181.JPG,0,0.189580500125885,
DUP_J,28,cashew/Data/Images/Normal/309.JPG,0,0.15441937744617462,
DUP_J,29,cashew/Data/Images/Normal/012.JPG,0,0.1642264723777771,
DUP_J,30,cashew/Data/Images/Normal/367.JPG,0,0.25359389185905457,
DUP_J,31,cashew/Data/Images/Normal/344.JPG,0,0.1730683147907257,
DUP_J,32,cashew/Data/Images/Normal/484.JPG,0,0.18164682388305664,
DUP_J,33,cashew/Data/Images/Normal/089.JPG,0,0.15401771664619446,
DUP_J,34,cashew/Data/Images/Normal/398.JPG,0,0.15756970643997192,
DUP_J,35,cashew/Data/Images/Normal/460.JPG,0,0.13812564313411713,
DUP_J,36,cashew/Data/Images/Normal/239.JPG,0,0.18932394683361053,
DUP_J,37,cashew/Data/Images/Normal/342.JPG,0,0.16420374810695648,
DUP_J,38,cashew/Data/Images/Normal/369.JPG,0,0.161210298538208,
DUP_J,39,cashew/Data/Images/Normal/284.JPG,0,0.16126160323619843,
DUP_J,40,cashew/Data/Images/Normal/098.JPG,0,0.21114541590213776,
DUP_J,41,cashew/Data/Images/Normal/446.JPG,0,0.1882871836423874,
DUP_J,42,cashew/Data/Images/Normal/482.JPG,0,0.17786905169487,
DUP_J,43,cashew/Data/Images/Normal/093.JPG,0,0.19015587866306305,
DUP_J,44,cashew/Data/Images/Normal/244.JPG,0,0.20762933790683746,
DUP_J,45,cashew/Data/Images/Normal/272.JPG,0,0.2292318493127823,
DUP_J,46,cashew/Data/Images/Normal/307.JPG,0,0.14645279943943024,
DUP_J,47,cashew/Data/Images/Normal/487.JPG,0,0.21991640329360962,
DUP_J,48,cashew/Data/Images/Normal/245.JPG,0,0.14231553673744202,
DUP_J,49,cashew/Data/Images/Normal/084.JPG,0,0.21998798847198486,
DUP_J,50,cashew/Data/Images/Anomaly/000.JPG,1,0.24679583311080933,0.2244821422280188
DUP_J,51,cashew/Data/Images/Anomaly/001.JPG,1,0.22965361177921295,0.33124796350602803
DUP_J,52,cashew/Data/Images/Anomaly/002.JPG,1,0.3122067153453827,0.05848898540730503
DUP_J,53,cashew/Data/Images/Anomaly/003.JPG,1,0.2174285501241684,0.9111111111111111
DUP_J,54,cashew/Data/Images/Anomaly/004.JPG,1,0.28648877143859863,0.17689329640549153
DUP_J,55,cashew/Data/Images/Anomaly/005.JPG,1,0.2631385624408722,0.22955298284594483
DUP_J,56,cashew/Data/Images/Anomaly/006.JPG,1,0.27961429953575134,0.11851408370395713
DUP_J,57,cashew/Data/Images/Anomaly/007.JPG,1,0.25294309854507446,0.8333333333333333
DUP_J,58,cashew/Data/Images/Anomaly/008.JPG,1,0.24644310772418976,0.053817648137956337
DUP_J,59,cashew/Data/Images/Anomaly/009.JPG,1,0.2314719557762146,0.4339572192513369
DUP_J,60,cashew/Data/Images/Anomaly/010.JPG,1,0.23736637830734253,0.6578260869565218
DUP_J,61,cashew/Data/Images/Anomaly/011.JPG,1,0.31440287828445435,0.6214168576236805
DUP_J,62,cashew/Data/Images/Anomaly/012.JPG,1,0.3639378845691681,0.9034344797502692
DUP_J,63,cashew/Data/Images/Anomaly/013.JPG,1,0.33204036951065063,0.928409090909091
DUP_J,64,cashew/Data/Images/Anomaly/014.JPG,1,0.3167102038860321,0.5105332779965133
DUP_J,65,cashew/Data/Images/Anomaly/015.JPG,1,0.324439138174057,0.7611111111111111
DUP_J,66,cashew/Data/Images/Anomaly/016.JPG,1,0.3461742103099823,0.8109686609686609
DUP_J,67,cashew/Data/Images/Anomaly/017.JPG,1,0.409377783536911,0.6445421245421246
DUP_J,68,cashew/Data/Images/Anomaly/018.JPG,1,0.3241029679775238,0.5691376415346667
DUP_J,69,cashew/Data/Images/Anomaly/019.JPG,1,0.33596980571746826,0.7749879749879749
DUP_J,70,cashew/Data/Images/Anomaly/020.JPG,1,0.38359737396240234,0.8909090909090909
DUP_J,71,cashew/Data/Images/Anomaly/021.JPG,1,0.19563499093055725,0.2867697320126646
DUP_J,72,cashew/Data/Images/Anomaly/022.JPG,1,0.32441943883895874,0.14250605756609974
DUP_J,73,cashew/Data/Images/Anomaly/023.JPG,1,0.2936323881149292,0.26567313157146916
DUP_J,74,cashew/Data/Images/Anomaly/024.JPG,1,0.274155855178833,0.2828327922077922
DUP_J,75,cashew/Data/Images/Anomaly/025.JPG,1,0.4058816432952881,0.7777777777777777
DUP_J,76,cashew/Data/Images/Anomaly/026.JPG,1,0.4336124360561371,1.0
DUP_J,77,cashew/Data/Images/Anomaly/027.JPG,1,0.4493322968482971,0.6602564102564104
DUP_J,78,cashew/Data/Images/Anomaly/028.JPG,1,0.41848698258399963,0.6428571428571428
DUP_J,79,cashew/Data/Images/Anomaly/029.JPG,1,0.47228100895881653,1.0
DUP_J,80,cashew/Data/Images/Anomaly/030.JPG,1,0.4582998752593994,0.7333333333333333
DUP_J,81,cashew/Data/Images/Anomaly/031.JPG,1,0.4645872712135315,1.0
DUP_J,82,cashew/Data/Images/Anomaly/032.JPG,1,0.38232266902923584,0.7833755744707463
DUP_J,83,cashew/Data/Images/Anomaly/033.JPG,1,0.38953468203544617,0.8180208726296424
DUP_J,84,cashew/Data/Images/Anomaly/034.JPG,1,0.4516845643520355,0.9389427837442959
DUP_J,85,cashew/Data/Images/Anomaly/035.JPG,1,0.4746777415275574,0.9238439807612029
DUP_J,86,cashew/Data/Images/Anomaly/036.JPG,1,0.4084431827068329,0.9356240816652568
DUP_J,87,cashew/Data/Images/Anomaly/037.JPG,1,0.42919349670410156,0.7039518783794296
DUP_J,88,cashew/Data/Images/Anomaly/038.JPG,1,0.46982789039611816,0.8333333333333333
DUP_J,89,cashew/Data/Images/Anomaly/039.JPG,1,0.47209882736206055,0.6555555555555554
DUP_J,90,cashew/Data/Images/Anomaly/040.JPG,1,0.44855746626853943,0.7555555555555555
DUP_J,91,cashew/Data/Images/Anomaly/041.JPG,1,0.4436240494251251,0.8413825405673232
DUP_J,92,cashew/Data/Images/Anomaly/042.JPG,1,0.4176490604877472,0.5495406824146981
DUP_J,93,cashew/Data/Images/Anomaly/043.JPG,1,0.35387763381004333,0.25
DUP_J,94,cashew/Data/Images/Anomaly/044.JPG,1,0.2574203908443451,0.6388888888888888
DUP_J,95,cashew/Data/Images/Anomaly/045.JPG,1,0.27708178758621216,0.8095238095238095
DUP_J,96,cashew/Data/Images/Anomaly/046.JPG,1,0.2955545485019684,0.6776045814844313
DUP_J,97,cashew/Data/Images/Anomaly/047.JPG,1,0.2837076783180237,0.976190476190476
DUP_J,98,cashew/Data/Images/Anomaly/048.JPG,1,0.24616916477680206,0.2959467120181406
DUP_J,99,cashew/Data/Images/Anomaly/049.JPG,1,0.27584096789360046,0.5227272727272727
DUP_J,100,cashew/Data/Images/Anomaly/050.JPG,1,0.3345547616481781,0.5
DUP_J,101,cashew/Data/Images/Anomaly/051.JPG,1,0.19705988466739655,0.15782828282828282
DUP_J,102,cashew/Data/Images/Anomaly/052.JPG,1,0.21360312402248383,0.6805555555555556
DUP_J,103,cashew/Data/Images/Anomaly/053.JPG,1,0.28025490045547485,0.045454545454545456
DUP_J,104,cashew/Data/Images/Anomaly/054.JPG,1,0.24421772360801697,0.41666666666666663
DUP_J,105,cashew/Data/Images/Anomaly/055.JPG,1,0.17793968319892883,
DUP_J,106,cashew/Data/Images/Anomaly/056.JPG,1,0.20217201113700867,0.6313352826510721
DUP_J,107,cashew/Data/Images/Anomaly/057.JPG,1,0.23376193642616272,0.058823529411764705
DUP_J,108,cashew/Data/Images/Anomaly/058.JPG,1,0.28026044368743896,0.0030487403368759302
DUP_J,109,cashew/Data/Images/Anomaly/059.JPG,1,0.2434275895357132,0.11142857142857143
DUP_J,110,cashew/Data/Images/Anomaly/060.JPG,1,0.2970137298107147,0.7332852332852332
DUP_J,111,cashew/Data/Images/Anomaly/061.JPG,1,0.21141810715198517,
DUP_J,112,cashew/Data/Images/Anomaly/062.JPG,1,0.29549187421798706,0.043478260869565216
DUP_J,113,cashew/Data/Images/Anomaly/063.JPG,1,0.17759141325950623,0.09090909090909091
DUP_J,114,cashew/Data/Images/Anomaly/064.JPG,1,0.24689269065856934,0.009523809523809525
DUP_J,115,cashew/Data/Images/Anomaly/065.JPG,1,0.3516596555709839,
DUP_J,116,cashew/Data/Images/Anomaly/066.JPG,1,0.2407234162092209,
DUP_J,117,cashew/Data/Images/Anomaly/067.JPG,1,0.18434827029705048,
DUP_J,118,cashew/Data/Images/Anomaly/068.JPG,1,0.2777000963687897,0.08333333333333333
DUP_J,119,cashew/Data/Images/Anomaly/069.JPG,1,0.19739922881126404,
DUP_J,120,cashew/Data/Images/Anomaly/070.JPG,1,0.19076773524284363,0.03125
DUP_J,121,cashew/Data/Images/Anomaly/071.JPG,1,0.23185157775878906,0.35
DUP_J,122,cashew/Data/Images/Anomaly/072.JPG,1,0.30486705899238586,0.030303030303030304
DUP_J,123,cashew/Data/Images/Anomaly/073.JPG,1,0.1829995959997177,
DUP_J,124,cashew/Data/Images/Anomaly/074.JPG,1,0.26233959197998047,0.24285714285714285
DUP_J,125,cashew/Data/Images/Anomaly/075.JPG,1,0.19278252124786377,
DUP_J,126,cashew/Data/Images/Anomaly/076.JPG,1,0.3395479619503021,1.0
DUP_J,127,cashew/Data/Images/Anomaly/077.JPG,1,0.2519097328186035,
DUP_J,128,cashew/Data/Images/Anomaly/078.JPG,1,0.2793947458267212,1.0
DUP_J,129,cashew/Data/Images/Anomaly/079.JPG,1,0.36398330330848694,0.4697243107769424
DUP_J,130,cashew/Data/Images/Anomaly/080.JPG,1,0.25675010681152344,0.5535714285714286
DUP_J,131,cashew/Data/Images/Anomaly/081.JPG,1,0.3081323504447937,0.37660256410256404
DUP_J,132,cashew/Data/Images/Anomaly/082.JPG,1,0.27234187722206116,0.32588522588522584
DUP_J,133,cashew/Data/Images/Anomaly/083.JPG,1,0.3111213445663452,0.42341765708994694
DUP_J,134,cashew/Data/Images/Anomaly/084.JPG,1,0.2933298349380493,0.37607598186018654
DUP_J,135,cashew/Data/Images/Anomaly/085.JPG,1,0.2803174555301666,0.12888736629743824
DUP_J,136,cashew/Data/Images/Anomaly/086.JPG,1,0.2970171868801117,0.5913537851037851
DUP_J,137,cashew/Data/Images/Anomaly/087.JPG,1,0.25936412811279297,0.4421196433707219
DUP_J,138,cashew/Data/Images/Anomaly/088.JPG,1,0.2456490844488144,0.496125116713352
DUP_J,139,cashew/Data/Images/Anomaly/089.JPG,1,0.30683302879333496,0.12569571288752093
DUP_J,140,cashew/Data/Images/Anomaly/090.JPG,1,0.2894771993160248,0.6721001221001222
DUP_J,141,cashew/Data/Images/Anomaly/091.JPG,1,0.2716793119907379,0.8333333333333333
DUP_J,142,cashew/Data/Images/Anomaly/092.JPG,1,0.31014707684516907,0.496828903844927
DUP_J,143,cashew/Data/Images/Anomaly/093.JPG,1,0.24938368797302246,0.4625981161695447
DUP_J,144,cashew/Data/Images/Anomaly/094.JPG,1,0.4535399079322815,0.9165814312609848
DUP_J,145,cashew/Data/Images/Anomaly/095.JPG,1,0.4433469772338867,0.8703195978170104
DUP_J,146,cashew/Data/Images/Anomaly/096.JPG,1,0.3215029537677765,0.9104566615163989
DUP_J,147,cashew/Data/Images/Anomaly/097.JPG,1,0.45858076214790344,0.8634990076936756
DUP_J,148,cashew/Data/Images/Anomaly/098.JPG,1,0.3824329376220703,0.856306746318152
DUP_J,149,cashew/Data/Images/Anomaly/099.JPG,1,0.40275079011917114,0.8860274987960564
DUP_BAL_J,0,cashew/Data/Images/Normal/023.JPG,0,0.15378551185131073,
DUP_BAL_J,1,cashew/Data/Images/Normal/352.JPG,0,0.13071604073047638,
DUP_BAL_J,2,cashew/Data/Images/Normal/104.JPG,0,0.16001929342746735,
DUP_BAL_J,3,cashew/Data/Images/Normal/337.JPG,0,0.13063913583755493,
DUP_BAL_J,4,cashew/Data/Images/Normal/213.JPG,0,0.18766310811042786,
DUP_BAL_J,5,cashew/Data/Images/Normal/276.JPG,0,0.1781112551689148,
DUP_BAL_J,6,cashew/Data/Images/Normal/402.JPG,0,0.14359024167060852,
DUP_BAL_J,7,cashew/Data/Images/Normal/166.JPG,0,0.13869592547416687,
DUP_BAL_J,8,cashew/Data/Images/Normal/013.JPG,0,0.11725381761789322,
DUP_BAL_J,9,cashew/Data/Images/Normal/050.JPG,0,0.22524510324001312,
DUP_BAL_J,10,cashew/Data/Images/Normal/400.JPG,0,0.15511368215084076,
DUP_BAL_J,11,cashew/Data/Images/Normal/461.JPG,0,0.1299227625131607,
DUP_BAL_J,12,cashew/Data/Images/Normal/377.JPG,0,0.14039461314678192,
DUP_BAL_J,13,cashew/Data/Images/Normal/006.JPG,0,0.1287672519683838,
DUP_BAL_J,14,cashew/Data/Images/Normal/148.JPG,0,0.16193145513534546,
DUP_BAL_J,15,cashew/Data/Images/Normal/384.JPG,0,0.1550215482711792,
DUP_BAL_J,16,cashew/Data/Images/Normal/228.JPG,0,0.15667624771595,
DUP_BAL_J,17,cashew/Data/Images/Normal/260.JPG,0,0.13540799915790558,
DUP_BAL_J,18,cashew/Data/Images/Normal/435.JPG,0,0.11784359067678452,
DUP_BAL_J,19,cashew/Data/Images/Normal/405.JPG,0,0.18828549981117249,
DUP_BAL_J,20,cashew/Data/Images/Normal/087.JPG,0,0.13987448811531067,
DUP_BAL_J,21,cashew/Data/Images/Normal/324.JPG,0,0.1331249624490738,
DUP_BAL_J,22,cashew/Data/Images/Normal/130.JPG,0,0.13585151731967926,
DUP_BAL_J,23,cashew/Data/Images/Normal/392.JPG,0,0.12587220966815948,
DUP_BAL_J,24,cashew/Data/Images/Normal/467.JPG,0,0.13306231796741486,
DUP_BAL_J,25,cashew/Data/Images/Normal/143.JPG,0,0.15132172405719757,
DUP_BAL_J,26,cashew/Data/Images/Normal/389.JPG,0,0.15914933383464813,
DUP_BAL_J,27,cashew/Data/Images/Normal/181.JPG,0,0.1608632504940033,
DUP_BAL_J,28,cashew/Data/Images/Normal/309.JPG,0,0.13446752727031708,
DUP_BAL_J,29,cashew/Data/Images/Normal/012.JPG,0,0.14609891176223755,
DUP_BAL_J,30,cashew/Data/Images/Normal/367.JPG,0,0.20436395704746246,
DUP_BAL_J,31,cashew/Data/Images/Normal/344.JPG,0,0.14309129118919373,
DUP_BAL_J,32,cashew/Data/Images/Normal/484.JPG,0,0.14854572713375092,
DUP_BAL_J,33,cashew/Data/Images/Normal/089.JPG,0,0.1261177659034729,
DUP_BAL_J,34,cashew/Data/Images/Normal/398.JPG,0,0.1304979920387268,
DUP_BAL_J,35,cashew/Data/Images/Normal/460.JPG,0,0.11931004375219345,
DUP_BAL_J,36,cashew/Data/Images/Normal/239.JPG,0,0.209119513630867,
DUP_BAL_J,37,cashew/Data/Images/Normal/342.JPG,0,0.13209857046604156,
DUP_BAL_J,38,cashew/Data/Images/Normal/369.JPG,0,0.142434224486351,
DUP_BAL_J,39,cashew/Data/Images/Normal/284.JPG,0,0.12941540777683258,
DUP_BAL_J,40,cashew/Data/Images/Normal/098.JPG,0,0.1658347249031067,
DUP_BAL_J,41,cashew/Data/Images/Normal/446.JPG,0,0.15255244076251984,
DUP_BAL_J,42,cashew/Data/Images/Normal/482.JPG,0,0.1405218094587326,
DUP_BAL_J,43,cashew/Data/Images/Normal/093.JPG,0,0.16053391993045807,
DUP_BAL_J,44,cashew/Data/Images/Normal/244.JPG,0,0.166548952460289,
DUP_BAL_J,45,cashew/Data/Images/Normal/272.JPG,0,0.18399205803871155,
DUP_BAL_J,46,cashew/Data/Images/Normal/307.JPG,0,0.1334168016910553,
DUP_BAL_J,47,cashew/Data/Images/Normal/487.JPG,0,0.17666617035865784,
DUP_BAL_J,48,cashew/Data/Images/Normal/245.JPG,0,0.12963683903217316,
DUP_BAL_J,49,cashew/Data/Images/Normal/084.JPG,0,0.18386423587799072,
DUP_BAL_J,50,cashew/Data/Images/Anomaly/000.JPG,1,0.22011242806911469,0.2096657548991489
DUP_BAL_J,51,cashew/Data/Images/Anomaly/001.JPG,1,0.20505744218826294,0.406863711001642
DUP_BAL_J,52,cashew/Data/Images/Anomaly/002.JPG,1,0.238284170627594,0.06834341527885913
DUP_BAL_J,53,cashew/Data/Images/Anomaly/003.JPG,1,0.20187075436115265,0.9
DUP_BAL_J,54,cashew/Data/Images/Anomaly/004.JPG,1,0.2362019419670105,0.4370940170940171
DUP_BAL_J,55,cashew/Data/Images/Anomaly/005.JPG,1,0.24671094119548798,0.4805054858934169
DUP_BAL_J,56,cashew/Data/Images/Anomaly/006.JPG,1,0.23936432600021362,0.2546667384902679
DUP_BAL_J,57,cashew/Data/Images/Anomaly/007.JPG,1,0.22571763396263123,0.8333333333333333
DUP_BAL_J,58,cashew/Data/Images/Anomaly/008.JPG,1,0.19177226722240448,0.10286935286935286
DUP_BAL_J,59,cashew/Data/Images/Anomaly/009.JPG,1,0.20368348062038422,0.5997603586889301
DUP_BAL_J,60,cashew/Data/Images/Anomaly/010.JPG,1,0.20629392564296722,0.6683333333333334
DUP_BAL_J,61,cashew/Data/Images/Anomaly/011.JPG,1,0.2776849865913391,0.613485628356318
DUP_BAL_J,62,cashew/Data/Images/Anomaly/012.JPG,1,0.3096935451030731,0.8984219484219484
DUP_BAL_J,63,cashew/Data/Images/Anomaly/013.JPG,1,0.2705635130405426,0.9502840909090909
DUP_BAL_J,64,cashew/Data/Images/Anomaly/014.JPG,1,0.2671586573123932,0.5667104341736695
DUP_BAL_J,65,cashew/Data/Images/Anomaly/015.JPG,1,0.272519588470459,0.8253968253968254
DUP_BAL_J,66,cashew/Data/Images/Anomaly/016.JPG,1,0.2864580452442169,0.8261201761201761
DUP_BAL_J,67,cashew/Data/Images/Anomaly/017.JPG,1,0.35282596945762634,0.4713888888888889
DUP_BAL_J,68,cashew/Data/Images/Anomaly/018.JPG,1,0.2694680094718933,0.5787500102680367
DUP_BAL_J,69,cashew/Data/Images/Anomaly/019.JPG,1,0.2860002815723419,0.8354818021484689
DUP_BAL_J,70,cashew/Data/Images/Anomaly/020.JPG,1,0.31838563084602356,0.8909090909090909
DUP_BAL_J,71,cashew/Data/Images/Anomaly/021.JPG,1,0.17892348766326904,0.487687203186215
DUP_BAL_J,72,cashew/Data/Images/Anomaly/022.JPG,1,0.2529909610748291,0.3673446988896847
DUP_BAL_J,73,cashew/Data/Images/Anomaly/023.JPG,1,0.24856795370578766,0.30502765752765754
DUP_BAL_J,74,cashew/Data/Images/Anomaly/024.JPG,1,0.22428780794143677,0.3802432216905901
DUP_BAL_J,75,cashew/Data/Images/Anomaly/025.JPG,1,0.35159483551979065,0.7777777777777777
DUP_BAL_J,76,cashew/Data/Images/Anomaly/026.JPG,1,0.3773256540298462,1.0
DUP_BAL_J,77,cashew/Data/Images/Anomaly/027.JPG,1,0.3883937895298004,0.7087301587301588
DUP_BAL_J,78,cashew/Data/Images/Anomaly/028.JPG,1,0.3496396839618683,0.6428571428571428
DUP_BAL_J,79,cashew/Data/Images/Anomaly/029.JPG,1,0.42082419991493225,1.0
DUP_BAL_J,80,cashew/Data/Images/Anomaly/030.JPG,1,0.40394237637519836,0.6458333333333333
DUP_BAL_J,81,cashew/Data/Images/Anomaly/031.JPG,1,0.4026387631893158,1.0
DUP_BAL_J,82,cashew/Data/Images/Anomaly/032.JPG,1,0.3310547173023224,0.7583261573846213
DUP_BAL_J,83,cashew/Data/Images/Anomaly/033.JPG,1,0.3456229567527771,0.8018731676135096
DUP_BAL_J,84,cashew/Data/Images/Anomaly/034.JPG,1,0.40632566809654236,0.9472164938611061
DUP_BAL_J,85,cashew/Data/Images/Anomaly/035.JPG,1,0.414346307516098,0.9252706389226365
DUP_BAL_J,86,cashew/Data/Images/Anomaly/036.JPG,1,0.3704674243927002,0.9425150708324219
DUP_BAL_J,87,cashew/Data/Images/Anomaly/037.JPG,1,0.3825223445892334,0.7352903518153299
DUP_BAL_J,88,cashew/Data/Images/Anomaly/038.JPG,1,0.4041134715080261,1.0
DUP_BAL_J,89,cashew/Data/Images/Anomaly/039.JPG,1,0.411714643239975,0.7297979797979798
DUP_BAL_J,90,cashew/Data/Images/Anomaly/040.JPG,1,0.3787584900856018,0.8666666666666667
DUP_BAL_J,91,cashew/Data/Images/Anomaly/041.JPG,1,0.40490761399269104,0.8863354037267079
DUP_BAL_J,92,cashew/Data/Images/Anomaly/042.JPG,1,0.37187331914901733,0.6591743119266055
DUP_BAL_J,93,cashew/Data/Images/Anomaly/043.JPG,1,0.2884558141231537,0.25
DUP_BAL_J,94,cashew/Data/Images/Anomaly/044.JPG,1,0.2125217467546463,0.6388888888888888
DUP_BAL_J,95,cashew/Data/Images/Anomaly/045.JPG,1,0.2295645773410797,0.8333333333333333
DUP_BAL_J,96,cashew/Data/Images/Anomaly/046.JPG,1,0.25126272439956665,0.6782828282828283
DUP_BAL_J,97,cashew/Data/Images/Anomaly/047.JPG,1,0.2392180860042572,0.9583333333333334
DUP_BAL_J,98,cashew/Data/Images/Anomaly/048.JPG,1,0.21147333085536957,0.3731660231660232
DUP_BAL_J,99,cashew/Data/Images/Anomaly/049.JPG,1,0.23485004901885986,0.537037037037037
DUP_BAL_J,100,cashew/Data/Images/Anomaly/050.JPG,1,0.27810344099998474,0.5
DUP_BAL_J,101,cashew/Data/Images/Anomaly/051.JPG,1,0.1544201374053955,0.1365079365079365
DUP_BAL_J,102,cashew/Data/Images/Anomaly/052.JPG,1,0.171139657497406,0.8666666666666667
DUP_BAL_J,103,cashew/Data/Images/Anomaly/053.JPG,1,0.2238481044769287,0.0625
DUP_BAL_J,104,cashew/Data/Images/Anomaly/054.JPG,1,0.208970844745636,0.41666666666666663
DUP_BAL_J,105,cashew/Data/Images/Anomaly/055.JPG,1,0.14525264501571655,
DUP_BAL_J,106,cashew/Data/Images/Anomaly/056.JPG,1,0.17330437898635864,0.7599206349206349
DUP_BAL_J,107,cashew/Data/Images/Anomaly/057.JPG,1,0.21184971928596497,0.14285714285714285
DUP_BAL_J,108,cashew/Data/Images/Anomaly/058.JPG,1,0.24772101640701294,0.006689242861323634
DUP_BAL_J,109,cashew/Data/Images/Anomaly/059.JPG,1,0.20687025785446167,0.31666666666666665
DUP_BAL_J,110,cashew/Data/Images/Anomaly/060.JPG,1,0.2543087899684906,0.7592592592592593
DUP_BAL_J,111,cashew/Data/Images/Anomaly/061.JPG,1,0.18511520326137543,
DUP_BAL_J,112,cashew/Data/Images/Anomaly/062.JPG,1,0.2467729151248932,0.05263157894736842
DUP_BAL_J,113,cashew/Data/Images/Anomaly/063.JPG,1,0.14135994017124176,0.2
DUP_BAL_J,114,cashew/Data/Images/Anomaly/064.JPG,1,0.20518244802951813,0.017543859649122806
DUP_BAL_J,115,cashew/Data/Images/Anomaly/065.JPG,1,0.2908250391483307,
DUP_BAL_J,116,cashew/Data/Images/Anomaly/066.JPG,1,0.20516838133335114,
DUP_BAL_J,117,cashew/Data/Images/Anomaly/067.JPG,1,0.143724724650383,
DUP_BAL_J,118,cashew/Data/Images/Anomaly/068.JPG,1,0.23989762365818024,0.07692307692307693
DUP_BAL_J,119,cashew/Data/Images/Anomaly/069.JPG,1,0.16267897188663483,
DUP_BAL_J,120,cashew/Data/Images/Anomaly/070.JPG,1,0.15495868027210236,0.07692307692307693
DUP_BAL_J,121,cashew/Data/Images/Anomaly/071.JPG,1,0.19640614092350006,0.6
DUP_BAL_J,122,cashew/Data/Images/Anomaly/072.JPG,1,0.26311272382736206,0.03333333333333333
DUP_BAL_J,123,cashew/Data/Images/Anomaly/073.JPG,1,0.15340496599674225,
DUP_BAL_J,124,cashew/Data/Images/Anomaly/074.JPG,1,0.241463765501976,0.19642857142857142
DUP_BAL_J,125,cashew/Data/Images/Anomaly/075.JPG,1,0.161356121301651,
DUP_BAL_J,126,cashew/Data/Images/Anomaly/076.JPG,1,0.28756240010261536,1.0
DUP_BAL_J,127,cashew/Data/Images/Anomaly/077.JPG,1,0.2251305729150772,
DUP_BAL_J,128,cashew/Data/Images/Anomaly/078.JPG,1,0.22644400596618652,1.0
DUP_BAL_J,129,cashew/Data/Images/Anomaly/079.JPG,1,0.29148733615875244,0.35212121212121206
DUP_BAL_J,130,cashew/Data/Images/Anomaly/080.JPG,1,0.21001189947128296,0.5714285714285714
DUP_BAL_J,131,cashew/Data/Images/Anomaly/081.JPG,1,0.24150945246219635,0.46320387129210655
DUP_BAL_J,132,cashew/Data/Images/Anomaly/082.JPG,1,0.22259598970413208,0.40224900876529945
DUP_BAL_J,133,cashew/Data/Images/Anomaly/083.JPG,1,0.2522885501384735,0.39041145506077635
DUP_BAL_J,134,cashew/Data/Images/Anomaly/084.JPG,1,0.2368965744972229,0.3676075077215491
DUP_BAL_J,135,cashew/Data/Images/Anomaly/085.JPG,1,0.22320105135440826,0.23091787439613526
DUP_BAL_J,136,cashew/Data/Images/Anomaly/086.JPG,1,0.24013768136501312,0.5879960317460318
DUP_BAL_J,137,cashew/Data/Images/Anomaly/087.JPG,1,0.2049950659275055,0.44228963524738174
DUP_BAL_J,138,cashew/Data/Images/Anomaly/088.JPG,1,0.20284754037857056,0.5442401960784313
DUP_BAL_J,139,cashew/Data/Images/Anomaly/089.JPG,1,0.24873656034469604,0.13894955682630936
DUP_BAL_J,140,cashew/Data/Images/Anomaly/090.JPG,1,0.23154228925704956,0.6740981240981241
DUP_BAL_J,141,cashew/Data/Images/Anomaly/091.JPG,1,0.22239059209823608,0.8333333333333333
DUP_BAL_J,142,cashew/Data/Images/Anomaly/092.JPG,1,0.24761727452278137,0.5104945166955083
DUP_BAL_J,143,cashew/Data/Images/Anomaly/093.JPG,1,0.19699209928512573,0.46790114647257497
DUP_BAL_J,144,cashew/Data/Images/Anomaly/094.JPG,1,0.39944595098495483,0.9167541595102222
DUP_BAL_J,145,cashew/Data/Images/Anomaly/095.JPG,1,0.37809985876083374,0.8892689665977137
DUP_BAL_J,146,cashew/Data/Images/Anomaly/096.JPG,1,0.2730167508125305,0.9177601124374694
DUP_BAL_J,147,cashew/Data/Images/Anomaly/097.JPG,1,0.3806615173816681,0.8740386700492331
DUP_BAL_J,148,cashew/Data/Images/Anomaly/098.JPG,1,0.3100369870662689,0.8743367012342681
DUP_BAL_J,149,cashew/Data/Images/Anomaly/099.JPG,1,0.3561873435974121,0.8929839023718638
DUP_EXPECTED_J,0,cashew/Data/Images/Normal/023.JPG,0,0.18233393132686615,
DUP_EXPECTED_J,1,cashew/Data/Images/Normal/352.JPG,0,0.15850421786308289,
DUP_EXPECTED_J,2,cashew/Data/Images/Normal/104.JPG,0,0.20427921414375305,
DUP_EXPECTED_J,3,cashew/Data/Images/Normal/337.JPG,0,0.1596350520849228,
DUP_EXPECTED_J,4,cashew/Data/Images/Normal/213.JPG,0,0.21643061935901642,
DUP_EXPECTED_J,5,cashew/Data/Images/Normal/276.JPG,0,0.21855692565441132,
DUP_EXPECTED_J,6,cashew/Data/Images/Normal/402.JPG,0,0.1789804846048355,
DUP_EXPECTED_J,7,cashew/Data/Images/Normal/166.JPG,0,0.17283129692077637,
DUP_EXPECTED_J,8,cashew/Data/Images/Normal/013.JPG,0,0.14271418750286102,
DUP_EXPECTED_J,9,cashew/Data/Images/Normal/050.JPG,0,0.2928934097290039,
DUP_EXPECTED_J,10,cashew/Data/Images/Normal/400.JPG,0,0.16855911910533905,
DUP_EXPECTED_J,11,cashew/Data/Images/Normal/461.JPG,0,0.16349145770072937,
DUP_EXPECTED_J,12,cashew/Data/Images/Normal/377.JPG,0,0.17947375774383545,
DUP_EXPECTED_J,13,cashew/Data/Images/Normal/006.JPG,0,0.1587125062942505,
DUP_EXPECTED_J,14,cashew/Data/Images/Normal/148.JPG,0,0.20151203870773315,
DUP_EXPECTED_J,15,cashew/Data/Images/Normal/384.JPG,0,0.19572849571704865,
DUP_EXPECTED_J,16,cashew/Data/Images/Normal/228.JPG,0,0.1932029128074646,
DUP_EXPECTED_J,17,cashew/Data/Images/Normal/260.JPG,0,0.16092291474342346,
DUP_EXPECTED_J,18,cashew/Data/Images/Normal/435.JPG,0,0.1397055685520172,
DUP_EXPECTED_J,19,cashew/Data/Images/Normal/405.JPG,0,0.24064980447292328,
DUP_EXPECTED_J,20,cashew/Data/Images/Normal/087.JPG,0,0.1480693221092224,
DUP_EXPECTED_J,21,cashew/Data/Images/Normal/324.JPG,0,0.14521238207817078,
DUP_EXPECTED_J,22,cashew/Data/Images/Normal/130.JPG,0,0.15986253321170807,
DUP_EXPECTED_J,23,cashew/Data/Images/Normal/392.JPG,0,0.15751443803310394,
DUP_EXPECTED_J,24,cashew/Data/Images/Normal/467.JPG,0,0.1606357842683792,
DUP_EXPECTED_J,25,cashew/Data/Images/Normal/143.JPG,0,0.19515882432460785,
DUP_EXPECTED_J,26,cashew/Data/Images/Normal/389.JPG,0,0.18107196688652039,
DUP_EXPECTED_J,27,cashew/Data/Images/Normal/181.JPG,0,0.189580500125885,
DUP_EXPECTED_J,28,cashew/Data/Images/Normal/309.JPG,0,0.15441937744617462,
DUP_EXPECTED_J,29,cashew/Data/Images/Normal/012.JPG,0,0.1642264723777771,
DUP_EXPECTED_J,30,cashew/Data/Images/Normal/367.JPG,0,0.25359389185905457,
DUP_EXPECTED_J,31,cashew/Data/Images/Normal/344.JPG,0,0.1730683147907257,
DUP_EXPECTED_J,32,cashew/Data/Images/Normal/484.JPG,0,0.18164682388305664,
DUP_EXPECTED_J,33,cashew/Data/Images/Normal/089.JPG,0,0.15401771664619446,
DUP_EXPECTED_J,34,cashew/Data/Images/Normal/398.JPG,0,0.15756970643997192,
DUP_EXPECTED_J,35,cashew/Data/Images/Normal/460.JPG,0,0.13812564313411713,
DUP_EXPECTED_J,36,cashew/Data/Images/Normal/239.JPG,0,0.18932394683361053,
DUP_EXPECTED_J,37,cashew/Data/Images/Normal/342.JPG,0,0.16420374810695648,
DUP_EXPECTED_J,38,cashew/Data/Images/Normal/369.JPG,0,0.161210298538208,
DUP_EXPECTED_J,39,cashew/Data/Images/Normal/284.JPG,0,0.16126160323619843,
DUP_EXPECTED_J,40,cashew/Data/Images/Normal/098.JPG,0,0.21114541590213776,
DUP_EXPECTED_J,41,cashew/Data/Images/Normal/446.JPG,0,0.1882871836423874,
DUP_EXPECTED_J,42,cashew/Data/Images/Normal/482.JPG,0,0.17786905169487,
DUP_EXPECTED_J,43,cashew/Data/Images/Normal/093.JPG,0,0.19015587866306305,
DUP_EXPECTED_J,44,cashew/Data/Images/Normal/244.JPG,0,0.20762933790683746,
DUP_EXPECTED_J,45,cashew/Data/Images/Normal/272.JPG,0,0.2292318493127823,
DUP_EXPECTED_J,46,cashew/Data/Images/Normal/307.JPG,0,0.14645279943943024,
DUP_EXPECTED_J,47,cashew/Data/Images/Normal/487.JPG,0,0.21991640329360962,
DUP_EXPECTED_J,48,cashew/Data/Images/Normal/245.JPG,0,0.14231553673744202,
DUP_EXPECTED_J,49,cashew/Data/Images/Normal/084.JPG,0,0.21998798847198486,
DUP_EXPECTED_J,50,cashew/Data/Images/Anomaly/000.JPG,1,0.24679583311080933,0.2244821422280188
DUP_EXPECTED_J,51,cashew/Data/Images/Anomaly/001.JPG,1,0.22965361177921295,0.33124796350602803
DUP_EXPECTED_J,52,cashew/Data/Images/Anomaly/002.JPG,1,0.3122067153453827,0.05848898540730503
DUP_EXPECTED_J,53,cashew/Data/Images/Anomaly/003.JPG,1,0.2174285501241684,0.9111111111111111
DUP_EXPECTED_J,54,cashew/Data/Images/Anomaly/004.JPG,1,0.28648877143859863,0.17689329640549153
DUP_EXPECTED_J,55,cashew/Data/Images/Anomaly/005.JPG,1,0.2631385624408722,0.22955298284594483
DUP_EXPECTED_J,56,cashew/Data/Images/Anomaly/006.JPG,1,0.27961429953575134,0.11851408370395713
DUP_EXPECTED_J,57,cashew/Data/Images/Anomaly/007.JPG,1,0.25294309854507446,0.8333333333333333
DUP_EXPECTED_J,58,cashew/Data/Images/Anomaly/008.JPG,1,0.24644310772418976,0.053817648137956337
DUP_EXPECTED_J,59,cashew/Data/Images/Anomaly/009.JPG,1,0.2314719557762146,0.4339572192513369
DUP_EXPECTED_J,60,cashew/Data/Images/Anomaly/010.JPG,1,0.23736637830734253,0.6578260869565218
DUP_EXPECTED_J,61,cashew/Data/Images/Anomaly/011.JPG,1,0.31440287828445435,0.6214168576236805
DUP_EXPECTED_J,62,cashew/Data/Images/Anomaly/012.JPG,1,0.3639378845691681,0.9034344797502692
DUP_EXPECTED_J,63,cashew/Data/Images/Anomaly/013.JPG,1,0.33204036951065063,0.928409090909091
DUP_EXPECTED_J,64,cashew/Data/Images/Anomaly/014.JPG,1,0.3167102038860321,0.5105332779965133
DUP_EXPECTED_J,65,cashew/Data/Images/Anomaly/015.JPG,1,0.324439138174057,0.7611111111111111
DUP_EXPECTED_J,66,cashew/Data/Images/Anomaly/016.JPG,1,0.3461742103099823,0.8109686609686609
DUP_EXPECTED_J,67,cashew/Data/Images/Anomaly/017.JPG,1,0.409377783536911,0.6445421245421246
DUP_EXPECTED_J,68,cashew/Data/Images/Anomaly/018.JPG,1,0.3241029679775238,0.5691376415346667
DUP_EXPECTED_J,69,cashew/Data/Images/Anomaly/019.JPG,1,0.33596980571746826,0.7749879749879749
DUP_EXPECTED_J,70,cashew/Data/Images/Anomaly/020.JPG,1,0.38359737396240234,0.8909090909090909
DUP_EXPECTED_J,71,cashew/Data/Images/Anomaly/021.JPG,1,0.19563499093055725,0.2867697320126646
DUP_EXPECTED_J,72,cashew/Data/Images/Anomaly/022.JPG,1,0.32441943883895874,0.14250605756609974
DUP_EXPECTED_J,73,cashew/Data/Images/Anomaly/023.JPG,1,0.2936323881149292,0.26567313157146916
DUP_EXPECTED_J,74,cashew/Data/Images/Anomaly/024.JPG,1,0.274155855178833,0.2828327922077922
DUP_EXPECTED_J,75,cashew/Data/Images/Anomaly/025.JPG,1,0.4058816432952881,0.7777777777777777
DUP_EXPECTED_J,76,cashew/Data/Images/Anomaly/026.JPG,1,0.4336124360561371,1.0
DUP_EXPECTED_J,77,cashew/Data/Images/Anomaly/027.JPG,1,0.4493322968482971,0.6602564102564104
DUP_EXPECTED_J,78,cashew/Data/Images/Anomaly/028.JPG,1,0.41848698258399963,0.6428571428571428
DUP_EXPECTED_J,79,cashew/Data/Images/Anomaly/029.JPG,1,0.47228100895881653,1.0
DUP_EXPECTED_J,80,cashew/Data/Images/Anomaly/030.JPG,1,0.4582998752593994,0.7333333333333333
DUP_EXPECTED_J,81,cashew/Data/Images/Anomaly/031.JPG,1,0.4645872712135315,1.0
DUP_EXPECTED_J,82,cashew/Data/Images/Anomaly/032.JPG,1,0.38232266902923584,0.7833755744707463
DUP_EXPECTED_J,83,cashew/Data/Images/Anomaly/033.JPG,1,0.38953468203544617,0.8180208726296424
DUP_EXPECTED_J,84,cashew/Data/Images/Anomaly/034.JPG,1,0.4516845643520355,0.9389427837442959
DUP_EXPECTED_J,85,cashew/Data/Images/Anomaly/035.JPG,1,0.4746777415275574,0.9238439807612029
DUP_EXPECTED_J,86,cashew/Data/Images/Anomaly/036.JPG,1,0.4084431827068329,0.9356240816652568
DUP_EXPECTED_J,87,cashew/Data/Images/Anomaly/037.JPG,1,0.42919349670410156,0.7039518783794296
DUP_EXPECTED_J,88,cashew/Data/Images/Anomaly/038.JPG,1,0.46982789039611816,0.8333333333333333
DUP_EXPECTED_J,89,cashew/Data/Images/Anomaly/039.JPG,1,0.47209882736206055,0.6555555555555554
DUP_EXPECTED_J,90,cashew/Data/Images/Anomaly/040.JPG,1,0.44855746626853943,0.7555555555555555
DUP_EXPECTED_J,91,cashew/Data/Images/Anomaly/041.JPG,1,0.4436240494251251,0.8413825405673232
DUP_EXPECTED_J,92,cashew/Data/Images/Anomaly/042.JPG,1,0.4176490604877472,0.5495406824146981
DUP_EXPECTED_J,93,cashew/Data/Images/Anomaly/043.JPG,1,0.35387763381004333,0.25
DUP_EXPECTED_J,94,cashew/Data/Images/Anomaly/044.JPG,1,0.2574203908443451,0.6388888888888888
DUP_EXPECTED_J,95,cashew/Data/Images/Anomaly/045.JPG,1,0.27708178758621216,0.8095238095238095
DUP_EXPECTED_J,96,cashew/Data/Images/Anomaly/046.JPG,1,0.2955545485019684,0.6776045814844313
DUP_EXPECTED_J,97,cashew/Data/Images/Anomaly/047.JPG,1,0.2837076783180237,0.976190476190476
DUP_EXPECTED_J,98,cashew/Data/Images/Anomaly/048.JPG,1,0.24616916477680206,0.2959467120181406
DUP_EXPECTED_J,99,cashew/Data/Images/Anomaly/049.JPG,1,0.27584096789360046,0.5227272727272727
DUP_EXPECTED_J,100,cashew/Data/Images/Anomaly/050.JPG,1,0.3345547616481781,0.5
DUP_EXPECTED_J,101,cashew/Data/Images/Anomaly/051.JPG,1,0.19705988466739655,0.15782828282828282
DUP_EXPECTED_J,102,cashew/Data/Images/Anomaly/052.JPG,1,0.21360312402248383,0.6805555555555556
DUP_EXPECTED_J,103,cashew/Data/Images/Anomaly/053.JPG,1,0.28025490045547485,0.045454545454545456
DUP_EXPECTED_J,104,cashew/Data/Images/Anomaly/054.JPG,1,0.24421772360801697,0.41666666666666663
DUP_EXPECTED_J,105,cashew/Data/Images/Anomaly/055.JPG,1,0.17793968319892883,
DUP_EXPECTED_J,106,cashew/Data/Images/Anomaly/056.JPG,1,0.20217201113700867,0.6313352826510721
DUP_EXPECTED_J,107,cashew/Data/Images/Anomaly/057.JPG,1,0.23376193642616272,0.058823529411764705
DUP_EXPECTED_J,108,cashew/Data/Images/Anomaly/058.JPG,1,0.28026044368743896,0.0030487403368759302
DUP_EXPECTED_J,109,cashew/Data/Images/Anomaly/059.JPG,1,0.2434275895357132,0.11142857142857143
DUP_EXPECTED_J,110,cashew/Data/Images/Anomaly/060.JPG,1,0.2970137298107147,0.7332852332852332
DUP_EXPECTED_J,111,cashew/Data/Images/Anomaly/061.JPG,1,0.21141810715198517,
DUP_EXPECTED_J,112,cashew/Data/Images/Anomaly/062.JPG,1,0.29549187421798706,0.043478260869565216
DUP_EXPECTED_J,113,cashew/Data/Images/Anomaly/063.JPG,1,0.17759141325950623,0.09090909090909091
DUP_EXPECTED_J,114,cashew/Data/Images/Anomaly/064.JPG,1,0.24689269065856934,0.009523809523809525
DUP_EXPECTED_J,115,cashew/Data/Images/Anomaly/065.JPG,1,0.3516596555709839,
DUP_EXPECTED_J,116,cashew/Data/Images/Anomaly/066.JPG,1,0.2407234162092209,
DUP_EXPECTED_J,117,cashew/Data/Images/Anomaly/067.JPG,1,0.18434827029705048,
DUP_EXPECTED_J,118,cashew/Data/Images/Anomaly/068.JPG,1,0.2777000963687897,0.08333333333333333
DUP_EXPECTED_J,119,cashew/Data/Images/Anomaly/069.JPG,1,0.19739922881126404,
DUP_EXPECTED_J,120,cashew/Data/Images/Anomaly/070.JPG,1,0.19076773524284363,0.03125
DUP_EXPECTED_J,121,cashew/Data/Images/Anomaly/071.JPG,1,0.23185157775878906,0.35
DUP_EXPECTED_J,122,cashew/Data/Images/Anomaly/072.JPG,1,0.30486705899238586,0.030303030303030304
DUP_EXPECTED_J,123,cashew/Data/Images/Anomaly/073.JPG,1,0.1829995959997177,
DUP_EXPECTED_J,124,cashew/Data/Images/Anomaly/074.JPG,1,0.26233959197998047,0.24285714285714285
DUP_EXPECTED_J,125,cashew/Data/Images/Anomaly/075.JPG,1,0.19278252124786377,
DUP_EXPECTED_J,126,cashew/Data/Images/Anomaly/076.JPG,1,0.3395479619503021,1.0
DUP_EXPECTED_J,127,cashew/Data/Images/Anomaly/077.JPG,1,0.2519097328186035,
DUP_EXPECTED_J,128,cashew/Data/Images/Anomaly/078.JPG,1,0.2793947458267212,1.0
DUP_EXPECTED_J,129,cashew/Data/Images/Anomaly/079.JPG,1,0.36398330330848694,0.4697243107769424
DUP_EXPECTED_J,130,cashew/Data/Images/Anomaly/080.JPG,1,0.25675010681152344,0.5535714285714286
DUP_EXPECTED_J,131,cashew/Data/Images/Anomaly/081.JPG,1,0.3081323504447937,0.37660256410256404
DUP_EXPECTED_J,132,cashew/Data/Images/Anomaly/082.JPG,1,0.27234187722206116,0.32588522588522584
DUP_EXPECTED_J,133,cashew/Data/Images/Anomaly/083.JPG,1,0.3111213445663452,0.42341765708994694
DUP_EXPECTED_J,134,cashew/Data/Images/Anomaly/084.JPG,1,0.2933298349380493,0.37607598186018654
DUP_EXPECTED_J,135,cashew/Data/Images/Anomaly/085.JPG,1,0.2803174555301666,0.12888736629743824
DUP_EXPECTED_J,136,cashew/Data/Images/Anomaly/086.JPG,1,0.2970171868801117,0.5913537851037851
DUP_EXPECTED_J,137,cashew/Data/Images/Anomaly/087.JPG,1,0.25936412811279297,0.4421196433707219
DUP_EXPECTED_J,138,cashew/Data/Images/Anomaly/088.JPG,1,0.2456490844488144,0.496125116713352
DUP_EXPECTED_J,139,cashew/Data/Images/Anomaly/089.JPG,1,0.30683302879333496,0.12569571288752093
DUP_EXPECTED_J,140,cashew/Data/Images/Anomaly/090.JPG,1,0.2894771993160248,0.6721001221001222
DUP_EXPECTED_J,141,cashew/Data/Images/Anomaly/091.JPG,1,0.2716793119907379,0.8333333333333333
DUP_EXPECTED_J,142,cashew/Data/Images/Anomaly/092.JPG,1,0.31014707684516907,0.496828903844927
DUP_EXPECTED_J,143,cashew/Data/Images/Anomaly/093.JPG,1,0.24938368797302246,0.4625981161695447
DUP_EXPECTED_J,144,cashew/Data/Images/Anomaly/094.JPG,1,0.4535399079322815,0.9165814312609848
DUP_EXPECTED_J,145,cashew/Data/Images/Anomaly/095.JPG,1,0.4433469772338867,0.8703195978170104
DUP_EXPECTED_J,146,cashew/Data/Images/Anomaly/096.JPG,1,0.3215029537677765,0.9104566615163989
DUP_EXPECTED_J,147,cashew/Data/Images/Anomaly/097.JPG,1,0.45858076214790344,0.8634990076936756
DUP_EXPECTED_J,148,cashew/Data/Images/Anomaly/098.JPG,1,0.3824329376220703,0.856306746318152
DUP_EXPECTED_J,149,cashew/Data/Images/Anomaly/099.JPG,1,0.40275079011917114,0.8860274987960564
A1_L,0,cashew/Data/Images/Normal/023.JPG,0,0.1334276795387268,
A1_L,1,cashew/Data/Images/Normal/352.JPG,0,0.1218748390674591,
A1_L,2,cashew/Data/Images/Normal/104.JPG,0,0.15193317830562592,
A1_L,3,cashew/Data/Images/Normal/337.JPG,0,0.1133892610669136,
A1_L,4,cashew/Data/Images/Normal/213.JPG,0,0.1564825028181076,
A1_L,5,cashew/Data/Images/Normal/276.JPG,0,0.15323488414287567,
A1_L,6,cashew/Data/Images/Normal/402.JPG,0,0.1273663491010666,
A1_L,7,cashew/Data/Images/Normal/166.JPG,0,0.12091763317584991,
A1_L,8,cashew/Data/Images/Normal/013.JPG,0,0.10213624686002731,
A1_L,9,cashew/Data/Images/Normal/050.JPG,0,0.2222484052181244,
A1_L,10,cashew/Data/Images/Normal/400.JPG,0,0.11483835428953171,
A1_L,11,cashew/Data/Images/Normal/461.JPG,0,0.11449724435806274,
A1_L,12,cashew/Data/Images/Normal/377.JPG,0,0.13293544948101044,
A1_L,13,cashew/Data/Images/Normal/006.JPG,0,0.11297569423913956,
A1_L,14,cashew/Data/Images/Normal/148.JPG,0,0.14839181303977966,
A1_L,15,cashew/Data/Images/Normal/384.JPG,0,0.1439940482378006,
A1_L,16,cashew/Data/Images/Normal/228.JPG,0,0.13680768013000488,
A1_L,17,cashew/Data/Images/Normal/260.JPG,0,0.11141589283943176,
A1_L,18,cashew/Data/Images/Normal/435.JPG,0,0.10517097264528275,
A1_L,19,cashew/Data/Images/Normal/405.JPG,0,0.1845966875553131,
A1_L,20,cashew/Data/Images/Normal/087.JPG,0,0.10829856246709824,
A1_L,21,cashew/Data/Images/Normal/324.JPG,0,0.10773847997188568,
A1_L,22,cashew/Data/Images/Normal/130.JPG,0,0.11162001639604568,
A1_L,23,cashew/Data/Images/Normal/392.JPG,0,0.10467889159917831,
A1_L,24,cashew/Data/Images/Normal/467.JPG,0,0.11102863401174545,
A1_L,25,cashew/Data/Images/Normal/143.JPG,0,0.1455613523721695,
A1_L,26,cashew/Data/Images/Normal/389.JPG,0,0.1300031542778015,
A1_L,27,cashew/Data/Images/Normal/181.JPG,0,0.1322082281112671,
A1_L,28,cashew/Data/Images/Normal/309.JPG,0,0.10635700821876526,
A1_L,29,cashew/Data/Images/Normal/012.JPG,0,0.10531388968229294,
A1_L,30,cashew/Data/Images/Normal/367.JPG,0,0.1901569962501526,
A1_L,31,cashew/Data/Images/Normal/344.JPG,0,0.13325203955173492,
A1_L,32,cashew/Data/Images/Normal/484.JPG,0,0.1323186606168747,
A1_L,33,cashew/Data/Images/Normal/089.JPG,0,0.11592837423086166,
A1_L,34,cashew/Data/Images/Normal/398.JPG,0,0.11901874840259552,
A1_L,35,cashew/Data/Images/Normal/460.JPG,0,0.10176396369934082,
A1_L,36,cashew/Data/Images/Normal/239.JPG,0,0.12089791148900986,
A1_L,37,cashew/Data/Images/Normal/342.JPG,0,0.12311849743127823,
A1_L,38,cashew/Data/Images/Normal/369.JPG,0,0.10693113505840302,
A1_L,39,cashew/Data/Images/Normal/284.JPG,0,0.1214202344417572,
A1_L,40,cashew/Data/Images/Normal/098.JPG,0,0.15506817400455475,
A1_L,41,cashew/Data/Images/Normal/446.JPG,0,0.128427654504776,
A1_L,42,cashew/Data/Images/Normal/482.JPG,0,0.13153858482837677,
A1_L,43,cashew/Data/Images/Normal/093.JPG,0,0.1316973865032196,
A1_L,44,cashew/Data/Images/Normal/244.JPG,0,0.1537592113018036,
A1_L,45,cashew/Data/Images/Normal/272.JPG,0,0.16746433079242706,
A1_L,46,cashew/Data/Images/Normal/307.JPG,0,0.10435178875923157,
A1_L,47,cashew/Data/Images/Normal/487.JPG,0,0.1644706130027771,
A1_L,48,cashew/Data/Images/Normal/245.JPG,0,0.10544370859861374,
A1_L,49,cashew/Data/Images/Normal/084.JPG,0,0.16277286410331726,
A1_L,50,cashew/Data/Images/Anomaly/000.JPG,1,0.21400204300880432,0.2620303555343721
A1_L,51,cashew/Data/Images/Anomaly/001.JPG,1,0.17681805789470673,0.4067206477732794
A1_L,52,cashew/Data/Images/Anomaly/002.JPG,1,0.23412150144577026,0.06641684821663381
A1_L,53,cashew/Data/Images/Anomaly/003.JPG,1,0.1644052267074585,0.8392857142857143
A1_L,54,cashew/Data/Images/Anomaly/004.JPG,1,0.20778630673885345,0.19144927536231884
A1_L,55,cashew/Data/Images/Anomaly/005.JPG,1,0.23277369141578674,0.39388227513227514
A1_L,56,cashew/Data/Images/Anomaly/006.JPG,1,0.22410167753696442,0.18637159137159137
A1_L,57,cashew/Data/Images/Anomaly/007.JPG,1,0.20514948666095734,0.8333333333333333
A1_L,58,cashew/Data/Images/Anomaly/008.JPG,1,0.1848963052034378,0.08104575163398692
A1_L,59,cashew/Data/Images/Anomaly/009.JPG,1,0.185078963637352,0.4794131794131794
A1_L,60,cashew/Data/Images/Anomaly/010.JPG,1,0.1764625459909439,0.6611904761904761
A1_L,61,cashew/Data/Images/Anomaly/011.JPG,1,0.26841768622398376,0.6154176717132193
A1_L,62,cashew/Data/Images/Anomaly/012.JPG,1,0.2916754484176636,0.8872176434676434
A1_L,63,cashew/Data/Images/Anomaly/013.JPG,1,0.24025866389274597,0.8672619047619048
A1_L,64,cashew/Data/Images/Anomaly/014.JPG,1,0.2515431046485901,0.5962076118326118
A1_L,65,cashew/Data/Images/Anomaly/015.JPG,1,0.22795654833316803,0.8261904761904763
A1_L,66,cashew/Data/Images/Anomaly/016.JPG,1,0.26406237483024597,0.8196174196174195
A1_L,67,cashew/Data/Images/Anomaly/017.JPG,1,0.32544589042663574,0.4825
A1_L,68,cashew/Data/Images/Anomaly/018.JPG,1,0.22933213412761688,0.657502500341375
A1_L,69,cashew/Data/Images/Anomaly/019.JPG,1,0.28295502066612244,0.8511383678050345
A1_L,70,cashew/Data/Images/Anomaly/020.JPG,1,0.2915586233139038,0.8999999999999999
A1_L,71,cashew/Data/Images/Anomaly/021.JPG,1,0.152189239859581,0.25430196977279523
A1_L,72,cashew/Data/Images/Anomaly/022.JPG,1,0.24266056716442108,0.3546843067055152
A1_L,73,cashew/Data/Images/Anomaly/023.JPG,1,0.22289413213729858,0.26467156574250394
A1_L,74,cashew/Data/Images/Anomaly/024.JPG,1,0.20433683693408966,0.3353072271162079
A1_L,75,cashew/Data/Images/Anomaly/025.JPG,1,0.340832382440567,0.7916666666666666
A1_L,76,cashew/Data/Images/Anomaly/026.JPG,1,0.3593803942203522,1.0
A1_L,77,cashew/Data/Images/Anomaly/027.JPG,1,0.3793332576751709,0.6976190476190476
A1_L,78,cashew/Data/Images/Anomaly/028.JPG,1,0.3425043523311615,0.6428571428571428
A1_L,79,cashew/Data/Images/Anomaly/029.JPG,1,0.40997251868247986,1.0
A1_L,80,cashew/Data/Images/Anomaly/030.JPG,1,0.3837793171405792,0.7333333333333333
A1_L,81,cashew/Data/Images/Anomaly/031.JPG,1,0.3984604775905609,1.0
A1_L,82,cashew/Data/Images/Anomaly/032.JPG,1,0.3291577100753784,0.7934854827582516
A1_L,83,cashew/Data/Images/Anomaly/033.JPG,1,0.33047935366630554,0.8635989194776161
A1_L,84,cashew/Data/Images/Anomaly/034.JPG,1,0.3624259829521179,0.9473975706733613
A1_L,85,cashew/Data/Images/Anomaly/035.JPG,1,0.3929065763950348,0.9323931212049653
A1_L,86,cashew/Data/Images/Anomaly/036.JPG,1,0.3442627191543579,0.9406435317701619
A1_L,87,cashew/Data/Images/Anomaly/037.JPG,1,0.37224507331848145,0.7565490397330568
A1_L,88,cashew/Data/Images/Anomaly/038.JPG,1,0.3852594792842865,1.0
A1_L,89,cashew/Data/Images/Anomaly/039.JPG,1,0.3877882957458496,0.7888888888888889
A1_L,90,cashew/Data/Images/Anomaly/040.JPG,1,0.36281847953796387,0.8666666666666667
A1_L,91,cashew/Data/Images/Anomaly/041.JPG,1,0.3704769015312195,0.8925324675324676
A1_L,92,cashew/Data/Images/Anomaly/042.JPG,1,0.3572796881198883,0.5752136752136752
A1_L,93,cashew/Data/Images/Anomaly/043.JPG,1,0.28089189529418945,0.3333333333333333
A1_L,94,cashew/Data/Images/Anomaly/044.JPG,1,0.20398209989070892,0.6388888888888888
A1_L,95,cashew/Data/Images/Anomaly/045.JPG,1,0.2135383039712906,0.8333333333333333
A1_L,96,cashew/Data/Images/Anomaly/046.JPG,1,0.22475658357143402,0.7396825396825397
A1_L,97,cashew/Data/Images/Anomaly/047.JPG,1,0.2173287719488144,1.0
A1_L,98,cashew/Data/Images/Anomaly/048.JPG,1,0.1945086121559143,0.28629263762242485
A1_L,99,cashew/Data/Images/Anomaly/049.JPG,1,0.2174730747938156,0.537037037037037
A1_L,100,cashew/Data/Images/Anomaly/050.JPG,1,0.2633435130119324,0.5
A1_L,101,cashew/Data/Images/Anomaly/051.JPG,1,0.1450026035308838,0.10648148148148148
A1_L,102,cashew/Data/Images/Anomaly/052.JPG,1,0.1670950949192047,0.8055555555555556
A1_L,103,cashew/Data/Images/Anomaly/053.JPG,1,0.19913333654403687,0.043478260869565216
A1_L,104,cashew/Data/Images/Anomaly/054.JPG,1,0.1776641607284546,0.5
A1_L,105,cashew/Data/Images/Anomaly/055.JPG,1,0.1339225023984909,
A1_L,106,cashew/Data/Images/Anomaly/056.JPG,1,0.16052165627479553,0.6967592592592593
A1_L,107,cashew/Data/Images/Anomaly/057.JPG,1,0.18997542560100555,0.08333333333333333
A1_L,108,cashew/Data/Images/Anomaly/058.JPG,1,0.23245424032211304,0.006083579881656805
A1_L,109,cashew/Data/Images/Anomaly/059.JPG,1,0.19321753084659576,0.6666666666666666
A1_L,110,cashew/Data/Images/Anomaly/060.JPG,1,0.23845165967941284,0.7544973544973544
A1_L,111,cashew/Data/Images/Anomaly/061.JPG,1,0.16335242986679077,
A1_L,112,cashew/Data/Images/Anomaly/062.JPG,1,0.23218519985675812,0.09090909090909091
A1_L,113,cashew/Data/Images/Anomaly/063.JPG,1,0.132238507270813,0.25
A1_L,114,cashew/Data/Images/Anomaly/064.JPG,1,0.19695094227790833,0.00980392156862745
A1_L,115,cashew/Data/Images/Anomaly/065.JPG,1,0.2720251679420471,
A1_L,116,cashew/Data/Images/Anomaly/066.JPG,1,0.18525992333889008,
A1_L,117,cashew/Data/Images/Anomaly/067.JPG,1,0.13597483932971954,
A1_L,118,cashew/Data/Images/Anomaly/068.JPG,1,0.22318032383918762,0.08333333333333333
A1_L,119,cashew/Data/Images/Anomaly/069.JPG,1,0.15280781686306,
A1_L,120,cashew/Data/Images/Anomaly/070.JPG,1,0.13963019847869873,0.14285714285714285
A1_L,121,cashew/Data/Images/Anomaly/071.JPG,1,0.1805841028690338,0.5909090909090909
A1_L,122,cashew/Data/Images/Anomaly/072.JPG,1,0.2477828562259674,0.029411764705882353
A1_L,123,cashew/Data/Images/Anomaly/073.JPG,1,0.14387930929660797,
A1_L,124,cashew/Data/Images/Anomaly/074.JPG,1,0.20168353617191315,0.41666666666666663
A1_L,125,cashew/Data/Images/Anomaly/075.JPG,1,0.13801425695419312,
A1_L,126,cashew/Data/Images/Anomaly/076.JPG,1,0.27824336290359497,1.0
A1_L,127,cashew/Data/Images/Anomaly/077.JPG,1,0.20210164785385132,
A1_L,128,cashew/Data/Images/Anomaly/078.JPG,1,0.21040071547031403,1.0
A1_L,129,cashew/Data/Images/Anomaly/079.JPG,1,0.28204619884490967,0.331390977443609
A1_L,130,cashew/Data/Images/Anomaly/080.JPG,1,0.1985863745212555,0.5729166666666666
A1_L,131,cashew/Data/Images/Anomaly/081.JPG,1,0.23180609941482544,0.3408882783882784
A1_L,132,cashew/Data/Images/Anomaly/082.JPG,1,0.2050335854291916,0.5028563791194104
A1_L,133,cashew/Data/Images/Anomaly/083.JPG,1,0.2391684204339981,0.45437891053735824
A1_L,134,cashew/Data/Images/Anomaly/084.JPG,1,0.22756361961364746,0.3539799331103679
A1_L,135,cashew/Data/Images/Anomaly/085.JPG,1,0.20618687570095062,0.3408521303258145
A1_L,136,cashew/Data/Images/Anomaly/086.JPG,1,0.2234426736831665,0.600803200067906
A1_L,137,cashew/Data/Images/Anomaly/087.JPG,1,0.19922968745231628,0.4431235431235431
A1_L,138,cashew/Data/Images/Anomaly/088.JPG,1,0.1848216950893402,0.5692982456140351
A1_L,139,cashew/Data/Images/Anomaly/089.JPG,1,0.2285483181476593,0.13276568091364271
A1_L,140,cashew/Data/Images/Anomaly/090.JPG,1,0.21309645473957062,0.6127229422842584
A1_L,141,cashew/Data/Images/Anomaly/091.JPG,1,0.21519502997398376,0.5833333333333333
A1_L,142,cashew/Data/Images/Anomaly/092.JPG,1,0.22675740718841553,0.48533218537382017
A1_L,143,cashew/Data/Images/Anomaly/093.JPG,1,0.18544518947601318,0.4735164835164835
A1_L,144,cashew/Data/Images/Anomaly/094.JPG,1,0.3618786334991455,0.9254032995449595
A1_L,145,cashew/Data/Images/Anomaly/095.JPG,1,0.3598458170890808,0.875951799100337
A1_L,146,cashew/Data/Images/Anomaly/096.JPG,1,0.2611227035522461,0.9146400294342025
A1_L,147,cashew/Data/Images/Anomaly/097.JPG,1,0.3630984127521515,0.8694086083736532
A1_L,148,cashew/Data/Images/Anomaly/098.JPG,1,0.2976009249687195,0.8623923232013554
A1_L,149,cashew/Data/Images/Anomaly/099.JPG,1,0.33509066700935364,0.8858840173493979
DUP_L,0,cashew/Data/Images/Normal/023.JPG,0,0.15167327225208282,
DUP_L,1,cashew/Data/Images/Normal/352.JPG,0,0.15326815843582153,
DUP_L,2,cashew/Data/Images/Normal/104.JPG,0,0.19897399842739105,
DUP_L,3,cashew/Data/Images/Normal/337.JPG,0,0.14477840065956116,
DUP_L,4,cashew/Data/Images/Normal/213.JPG,0,0.19949816167354584,
DUP_L,5,cashew/Data/Images/Normal/276.JPG,0,0.1971261352300644,
DUP_L,6,cashew/Data/Images/Normal/402.JPG,0,0.1662459671497345,
DUP_L,7,cashew/Data/Images/Normal/166.JPG,0,0.15646375715732574,
DUP_L,8,cashew/Data/Images/Normal/013.JPG,0,0.13372623920440674,
DUP_L,9,cashew/Data/Images/Normal/050.JPG,0,0.2906797230243683,
DUP_L,10,cashew/Data/Images/Normal/400.JPG,0,0.14510886371135712,
DUP_L,11,cashew/Data/Images/Normal/461.JPG,0,0.14710921049118042,
DUP_L,12,cashew/Data/Images/Normal/377.JPG,0,0.1730055809020996,
DUP_L,13,cashew/Data/Images/Normal/006.JPG,0,0.14195981621742249,
DUP_L,14,cashew/Data/Images/Normal/148.JPG,0,0.19064469635486603,
DUP_L,15,cashew/Data/Images/Normal/384.JPG,0,0.18634696304798126,
DUP_L,16,cashew/Data/Images/Normal/228.JPG,0,0.1799902319908142,
DUP_L,17,cashew/Data/Images/Normal/260.JPG,0,0.14430619776248932,
DUP_L,18,cashew/Data/Images/Normal/435.JPG,0,0.13624370098114014,
DUP_L,19,cashew/Data/Images/Normal/405.JPG,0,0.23811744153499603,
DUP_L,20,cashew/Data/Images/Normal/087.JPG,0,0.14031536877155304,
DUP_L,21,cashew/Data/Images/Normal/324.JPG,0,0.13947631418704987,
DUP_L,22,cashew/Data/Images/Normal/130.JPG,0,0.14037856459617615,
DUP_L,23,cashew/Data/Images/Normal/392.JPG,0,0.13070259988307953,
DUP_L,24,cashew/Data/Images/Normal/467.JPG,0,0.13896167278289795,
DUP_L,25,cashew/Data/Images/Normal/143.JPG,0,0.19065359234809875,
DUP_L,26,cashew/Data/Images/Normal/389.JPG,0,0.15368685126304626,
DUP_L,27,cashew/Data/Images/Normal/181.JPG,0,0.16764585673809052,
DUP_L,28,cashew/Data/Images/Normal/309.JPG,0,0.12755867838859558,
DUP_L,29,cashew/Data/Images/Normal/012.JPG,0,0.1322462409734726,
DUP_L,30,cashew/Data/Images/Normal/367.JPG,0,0.24399788677692413,
DUP_L,31,cashew/Data/Images/Normal/344.JPG,0,0.16620147228240967,
DUP_L,32,cashew/Data/Images/Normal/484.JPG,0,0.16508319973945618,
DUP_L,33,cashew/Data/Images/Normal/089.JPG,0,0.14701753854751587,
DUP_L,34,cashew/Data/Images/Normal/398.JPG,0,0.148385688662529,
DUP_L,35,cashew/Data/Images/Normal/460.JPG,0,0.12839245796203613,
DUP_L,36,cashew/Data/Images/Normal/239.JPG,0,0.1541941910982132,
DUP_L,37,cashew/Data/Images/Normal/342.JPG,0,0.16005975008010864,
DUP_L,38,cashew/Data/Images/Normal/369.JPG,0,0.13482287526130676,
DUP_L,39,cashew/Data/Images/Normal/284.JPG,0,0.15528416633605957,
DUP_L,40,cashew/Data/Images/Normal/098.JPG,0,0.20317748188972473,
DUP_L,41,cashew/Data/Images/Normal/446.JPG,0,0.16131669282913208,
DUP_L,42,cashew/Data/Images/Normal/482.JPG,0,0.17121362686157227,
DUP_L,43,cashew/Data/Images/Normal/093.JPG,0,0.16768942773342133,
DUP_L,44,cashew/Data/Images/Normal/244.JPG,0,0.19803544878959656,
DUP_L,45,cashew/Data/Images/Normal/272.JPG,0,0.21440382301807404,
DUP_L,46,cashew/Data/Images/Normal/307.JPG,0,0.13569380342960358,
DUP_L,47,cashew/Data/Images/Normal/487.JPG,0,0.2108411341905594,
DUP_L,48,cashew/Data/Images/Normal/245.JPG,0,0.13788890838623047,
DUP_L,49,cashew/Data/Images/Normal/084.JPG,0,0.211577907204628,
DUP_L,50,cashew/Data/Images/Anomaly/000.JPG,1,0.24351394176483154,0.26269473599085646
DUP_L,51,cashew/Data/Images/Anomaly/001.JPG,1,0.2096186876296997,0.3944827586206897
DUP_L,52,cashew/Data/Images/Anomaly/002.JPG,1,0.30922889709472656,0.05859929507424741
DUP_L,53,cashew/Data/Images/Anomaly/003.JPG,1,0.19457805156707764,0.8142857142857143
DUP_L,54,cashew/Data/Images/Anomaly/004.JPG,1,0.2623246908187866,0.12045739348370926
DUP_L,55,cashew/Data/Images/Anomaly/005.JPG,1,0.25393146276474,0.23306554556554557
DUP_L,56,cashew/Data/Images/Anomaly/006.JPG,1,0.2662545442581177,0.09323874712032607
DUP_L,57,cashew/Data/Images/Anomaly/007.JPG,1,0.23888717591762543,0.75
DUP_L,58,cashew/Data/Images/Anomaly/008.JPG,1,0.2417738139629364,0.04910656270305393
DUP_L,59,cashew/Data/Images/Anomaly/009.JPG,1,0.2199503779411316,0.2716455113854863
DUP_L,60,cashew/Data/Images/Anomaly/010.JPG,1,0.21729722619056702,0.655528455284553
DUP_L,61,cashew/Data/Images/Anomaly/011.JPG,1,0.30811581015586853,0.5936699863059524
DUP_L,62,cashew/Data/Images/Anomaly/012.JPG,1,0.3476620316505432,0.898241341991342
DUP_L,63,cashew/Data/Images/Anomaly/013.JPG,1,0.3055412769317627,0.8727564102564103
DUP_L,64,cashew/Data/Images/Anomaly/014.JPG,1,0.30497241020202637,0.5932836352244247
DUP_L,65,cashew/Data/Images/Anomaly/015.JPG,1,0.28422844409942627,0.5977777777777777
DUP_L,66,cashew/Data/Images/Anomaly/016.JPG,1,0.32198405265808105,0.7969322344322345
DUP_L,67,cashew/Data/Images/Anomaly/017.JPG,1,0.38035115599632263,0.519047619047619
DUP_L,68,cashew/Data/Images/Anomaly/018.JPG,1,0.2766222655773163,0.6208983637372384
DUP_L,69,cashew/Data/Images/Anomaly/019.JPG,1,0.3322259485721588,0.807704024370691
DUP_L,70,cashew/Data/Images/Anomaly/020.JPG,1,0.35410547256469727,0.8999999999999999
DUP_L,71,cashew/Data/Images/Anomaly/021.JPG,1,0.1851998120546341,0.1606081225257853
DUP_L,72,cashew/Data/Images/Anomaly/022.JPG,1,0.30616360902786255,0.1449057120860287
DUP_L,73,cashew/Data/Images/Anomaly/023.JPG,1,0.2729293406009674,0.2194490455724939
DUP_L,74,cashew/Data/Images/Anomaly/024.JPG,1,0.24734696745872498,0.26012192890674785
DUP_L,75,cashew/Data/Images/Anomaly/025.JPG,1,0.39854589104652405,0.7777777777777777
DUP_L,76,cashew/Data/Images/Anomaly/026.JPG,1,0.4143097698688507,1.0
DUP_L,77,cashew/Data/Images/Anomaly/027.JPG,1,0.440000981092453,0.6547619047619048
DUP_L,78,cashew/Data/Images/Anomaly/028.JPG,1,0.4129221439361572,0.625
DUP_L,79,cashew/Data/Images/Anomaly/029.JPG,1,0.46318504214286804,1.0
DUP_L,80,cashew/Data/Images/Anomaly/030.JPG,1,0.44499775767326355,0.8166666666666667
DUP_L,81,cashew/Data/Images/Anomaly/031.JPG,1,0.46180886030197144,1.0
DUP_L,82,cashew/Data/Images/Anomaly/032.JPG,1,0.37968724966049194,0.8123282275858392
DUP_L,83,cashew/Data/Images/Anomaly/033.JPG,1,0.37706103920936584,0.8495366206970677
DUP_L,84,cashew/Data/Images/Anomaly/034.JPG,1,0.41270139813423157,0.9391717817993811
DUP_L,85,cashew/Data/Images/Anomaly/035.JPG,1,0.45073145627975464,0.9324722524857716
DUP_L,86,cashew/Data/Images/Anomaly/036.JPG,1,0.38873085379600525,0.9341273890117232
DUP_L,87,cashew/Data/Images/Anomaly/037.JPG,1,0.42130178213119507,0.7166203409481442
DUP_L,88,cashew/Data/Images/Anomaly/038.JPG,1,0.4525851905345917,1.0
DUP_L,89,cashew/Data/Images/Anomaly/039.JPG,1,0.451397567987442,0.6393939393939394
DUP_L,90,cashew/Data/Images/Anomaly/040.JPG,1,0.43068310618400574,0.7555555555555555
DUP_L,91,cashew/Data/Images/Anomaly/041.JPG,1,0.4170914888381958,0.8506766051408909
DUP_L,92,cashew/Data/Images/Anomaly/042.JPG,1,0.4072031080722809,0.5489659367396593
DUP_L,93,cashew/Data/Images/Anomaly/043.JPG,1,0.34749606251716614,0.25
DUP_L,94,cashew/Data/Images/Anomaly/044.JPG,1,0.2512972056865692,0.6388888888888888
DUP_L,95,cashew/Data/Images/Anomaly/045.JPG,1,0.26129239797592163,0.8333333333333333
DUP_L,96,cashew/Data/Images/Anomaly/046.JPG,1,0.2760649621486664,0.6906084656084657
DUP_L,97,cashew/Data/Images/Anomaly/047.JPG,1,0.2667214572429657,1.0
DUP_L,98,cashew/Data/Images/Anomaly/048.JPG,1,0.23593588173389435,0.26159227327294554
DUP_L,99,cashew/Data/Images/Anomaly/049.JPG,1,0.2638973593711853,0.5222222222222221
DUP_L,100,cashew/Data/Images/Anomaly/050.JPG,1,0.32068705558776855,0.5
DUP_L,101,cashew/Data/Images/Anomaly/051.JPG,1,0.19058790802955627,0.06373626373626373
DUP_L,102,cashew/Data/Images/Anomaly/052.JPG,1,0.20770278573036194,0.8666666666666667
DUP_L,103,cashew/Data/Images/Anomaly/053.JPG,1,0.2610536813735962,0.037037037037037035
DUP_L,104,cashew/Data/Images/Anomaly/054.JPG,1,0.21821796894073486,0.41666666666666663
DUP_L,105,cashew/Data/Images/Anomaly/055.JPG,1,0.16871041059494019,
DUP_L,106,cashew/Data/Images/Anomaly/056.JPG,1,0.1926220953464508,0.5927002583979328
DUP_L,107,cashew/Data/Images/Anomaly/057.JPG,1,0.225882425904274,0.038461538461538464
DUP_L,108,cashew/Data/Images/Anomaly/058.JPG,1,0.26899611949920654,0.002645003448589982
DUP_L,109,cashew/Data/Images/Anomaly/059.JPG,1,0.2315020114183426,0.537037037037037
DUP_L,110,cashew/Data/Images/Anomaly/060.JPG,1,0.28584063053131104,0.7378306878306878
DUP_L,111,cashew/Data/Images/Anomaly/061.JPG,1,0.19226932525634766,
DUP_L,112,cashew/Data/Images/Anomaly/062.JPG,1,0.27963247895240784,0.05263157894736842
DUP_L,113,cashew/Data/Images/Anomaly/063.JPG,1,0.17130832374095917,0.125
DUP_L,114,cashew/Data/Images/Anomaly/064.JPG,1,0.2413039654493332,0.007462686567164179
DUP_L,115,cashew/Data/Images/Anomaly/065.JPG,1,0.3363566994667053,
DUP_L,116,cashew/Data/Images/Anomaly/066.JPG,1,0.2274603247642517,
DUP_L,117,cashew/Data/Images/Anomaly/067.JPG,1,0.17824570834636688,
DUP_L,118,cashew/Data/Images/Anomaly/068.JPG,1,0.26573446393013,0.09090909090909091
DUP_L,119,cashew/Data/Images/Anomaly/069.JPG,1,0.19027090072631836,
DUP_L,120,cashew/Data/Images/Anomaly/070.JPG,1,0.17620377242565155,0.037037037037037035
DUP_L,121,cashew/Data/Images/Anomaly/071.JPG,1,0.21672043204307556,0.35
DUP_L,122,cashew/Data/Images/Anomaly/072.JPG,1,0.28976574540138245,0.03125
DUP_L,123,cashew/Data/Images/Anomaly/073.JPG,1,0.17640048265457153,
DUP_L,124,cashew/Data/Images/Anomaly/074.JPG,1,0.2361856997013092,0.29166666666666663
DUP_L,125,cashew/Data/Images/Anomaly/075.JPG,1,0.1672595888376236,
DUP_L,126,cashew/Data/Images/Anomaly/076.JPG,1,0.3324812352657318,1.0
DUP_L,127,cashew/Data/Images/Anomaly/077.JPG,1,0.2329135239124298,
DUP_L,128,cashew/Data/Images/Anomaly/078.JPG,1,0.26510393619537354,1.0
DUP_L,129,cashew/Data/Images/Anomaly/079.JPG,1,0.3520662188529968,0.49206349206349204
DUP_L,130,cashew/Data/Images/Anomaly/080.JPG,1,0.2478528916835785,0.5588235294117647
DUP_L,131,cashew/Data/Images/Anomaly/081.JPG,1,0.2975515127182007,0.35714285714285715
DUP_L,132,cashew/Data/Images/Anomaly/082.JPG,1,0.2597484886646271,0.4093857749518126
DUP_L,133,cashew/Data/Images/Anomaly/083.JPG,1,0.30066096782684326,0.41762067893137117
DUP_L,134,cashew/Data/Images/Anomaly/084.JPG,1,0.28576430678367615,0.37510771641206425
DUP_L,135,cashew/Data/Images/Anomaly/085.JPG,1,0.2695501744747162,0.1397027600849257
DUP_L,136,cashew/Data/Images/Anomaly/086.JPG,1,0.2847144603729248,0.6067978896103896
DUP_L,137,cashew/Data/Images/Anomaly/087.JPG,1,0.2551240622997284,0.4422546457607433
DUP_L,138,cashew/Data/Images/Anomaly/088.JPG,1,0.23278377950191498,0.5778452541610436
DUP_L,139,cashew/Data/Images/Anomaly/089.JPG,1,0.29414102435112,0.12170116584562209
DUP_L,140,cashew/Data/Images/Anomaly/090.JPG,1,0.27447381615638733,0.6111449177372099
DUP_L,141,cashew/Data/Images/Anomaly/091.JPG,1,0.2663549780845642,0.5833333333333333
DUP_L,142,cashew/Data/Images/Anomaly/092.JPG,1,0.2964420020580292,0.48529211274822437
DUP_L,143,cashew/Data/Images/Anomaly/093.JPG,1,0.23989899456501007,0.45590762620837805
DUP_L,144,cashew/Data/Images/Anomaly/094.JPG,1,0.4237319827079773,0.9202847547078429
DUP_L,145,cashew/Data/Images/Anomaly/095.JPG,1,0.428854376077652,0.858217322576831
DUP_L,146,cashew/Data/Images/Anomaly/096.JPG,1,0.311638206243515,0.9031786159485625
DUP_L,147,cashew/Data/Images/Anomaly/097.JPG,1,0.43951216340065,0.8563725966825132
DUP_L,148,cashew/Data/Images/Anomaly/098.JPG,1,0.36906808614730835,0.8417246532152762
DUP_L,149,cashew/Data/Images/Anomaly/099.JPG,1,0.3882639706134796,0.8777906790078972
TRI_L,0,cashew/Data/Images/Normal/023.JPG,0,0.1334652602672577,
TRI_L,1,cashew/Data/Images/Normal/352.JPG,0,0.12159116566181183,
TRI_L,2,cashew/Data/Images/Normal/104.JPG,0,0.13789184391498566,
TRI_L,3,cashew/Data/Images/Normal/337.JPG,0,0.11195485293865204,
TRI_L,4,cashew/Data/Images/Normal/213.JPG,0,0.1875702142715454,
TRI_L,5,cashew/Data/Images/Normal/276.JPG,0,0.16146671772003174,
TRI_L,6,cashew/Data/Images/Normal/402.JPG,0,0.12778741121292114,
TRI_L,7,cashew/Data/Images/Normal/166.JPG,0,0.12457700818777084,
TRI_L,8,cashew/Data/Images/Normal/013.JPG,0,0.11115933209657669,
TRI_L,9,cashew/Data/Images/Normal/050.JPG,0,0.2316724807024002,
TRI_L,10,cashew/Data/Images/Normal/400.JPG,0,0.12708847224712372,
TRI_L,11,cashew/Data/Images/Normal/461.JPG,0,0.1131167784333229,
TRI_L,12,cashew/Data/Images/Normal/377.JPG,0,0.11108698695898056,
TRI_L,13,cashew/Data/Images/Normal/006.JPG,0,0.12492747604846954,
TRI_L,14,cashew/Data/Images/Normal/148.JPG,0,0.15063594281673431,
TRI_L,15,cashew/Data/Images/Normal/384.JPG,0,0.16058434545993805,
TRI_L,16,cashew/Data/Images/Normal/228.JPG,0,0.12278985977172852,
TRI_L,17,cashew/Data/Images/Normal/260.JPG,0,0.10451285541057587,
TRI_L,18,cashew/Data/Images/Normal/435.JPG,0,0.11057969927787781,
TRI_L,19,cashew/Data/Images/Normal/405.JPG,0,0.18744570016860962,
TRI_L,20,cashew/Data/Images/Normal/087.JPG,0,0.11471652239561081,
TRI_L,21,cashew/Data/Images/Normal/324.JPG,0,0.10707185417413712,
TRI_L,22,cashew/Data/Images/Normal/130.JPG,0,0.1360214650630951,
TRI_L,23,cashew/Data/Images/Normal/392.JPG,0,0.11290710419416428,
TRI_L,24,cashew/Data/Images/Normal/467.JPG,0,0.12176106125116348,
TRI_L,25,cashew/Data/Images/Normal/143.JPG,0,0.14498016238212585,
TRI_L,26,cashew/Data/Images/Normal/389.JPG,0,0.14867566525936127,
TRI_L,27,cashew/Data/Images/Normal/181.JPG,0,0.13674412667751312,
TRI_L,28,cashew/Data/Images/Normal/309.JPG,0,0.11239486932754517,
TRI_L,29,cashew/Data/Images/Normal/012.JPG,0,0.11923517286777496,
TRI_L,30,cashew/Data/Images/Normal/367.JPG,0,0.194507896900177,
TRI_L,31,cashew/Data/Images/Normal/344.JPG,0,0.1687493622303009,
TRI_L,32,cashew/Data/Images/Normal/484.JPG,0,0.13371536135673523,
TRI_L,33,cashew/Data/Images/Normal/089.JPG,0,0.12044183909893036,
TRI_L,34,cashew/Data/Images/Normal/398.JPG,0,0.1149560958147049,
TRI_L,35,cashew/Data/Images/Normal/460.JPG,0,0.12456165254116058,
TRI_L,36,cashew/Data/Images/Normal/239.JPG,0,0.1147502064704895,
TRI_L,37,cashew/Data/Images/Normal/342.JPG,0,0.11229171603918076,
TRI_L,38,cashew/Data/Images/Normal/369.JPG,0,0.13135550916194916,
TRI_L,39,cashew/Data/Images/Normal/284.JPG,0,0.14452427625656128,
TRI_L,40,cashew/Data/Images/Normal/098.JPG,0,0.14911119639873505,
TRI_L,41,cashew/Data/Images/Normal/446.JPG,0,0.12111037969589233,
TRI_L,42,cashew/Data/Images/Normal/482.JPG,0,0.14103125035762787,
TRI_L,43,cashew/Data/Images/Normal/093.JPG,0,0.1536916345357895,
TRI_L,44,cashew/Data/Images/Normal/244.JPG,0,0.17305099964141846,
TRI_L,45,cashew/Data/Images/Normal/272.JPG,0,0.18017995357513428,
TRI_L,46,cashew/Data/Images/Normal/307.JPG,0,0.11812589317560196,
TRI_L,47,cashew/Data/Images/Normal/487.JPG,0,0.18881669640541077,
TRI_L,48,cashew/Data/Images/Normal/245.JPG,0,0.10279666632413864,
TRI_L,49,cashew/Data/Images/Normal/084.JPG,0,0.15916259586811066,
TRI_L,50,cashew/Data/Images/Anomaly/000.JPG,1,0.2367803007364273,0.285044572072397
TRI_L,51,cashew/Data/Images/Anomaly/001.JPG,1,0.2163131982088089,0.2868671679197995
TRI_L,52,cashew/Data/Images/Anomaly/002.JPG,1,0.2317667454481125,0.12687728410373328
TRI_L,53,cashew/Data/Images/Anomaly/003.JPG,1,0.18967410922050476,0.8392857142857142
TRI_L,54,cashew/Data/Images/Anomaly/004.JPG,1,0.24268361926078796,0.5412698412698413
TRI_L,55,cashew/Data/Images/Anomaly/005.JPG,1,0.2619468569755554,0.2945584881068752
TRI_L,56,cashew/Data/Images/Anomaly/006.JPG,1,0.24989548325538635,0.31803150553150555
TRI_L,57,cashew/Data/Images/Anomaly/007.JPG,1,0.23264820873737335,0.8333333333333333
TRI_L,58,cashew/Data/Images/Anomaly/008.JPG,1,0.19564366340637207,0.10242385242385242
TRI_L,59,cashew/Data/Images/Anomaly/009.JPG,1,0.23161861300468445,0.5091575091575091
TRI_L,60,cashew/Data/Images/Anomaly/010.JPG,1,0.20913824439048767,0.6665891472868216
TRI_L,61,cashew/Data/Images/Anomaly/011.JPG,1,0.293117880821228,0.6044470829531805
TRI_L,62,cashew/Data/Images/Anomaly/012.JPG,1,0.29373326897621155,0.864481534547324
TRI_L,63,cashew/Data/Images/Anomaly/013.JPG,1,0.2646831274032593,0.9068813131313131
TRI_L,64,cashew/Data/Images/Anomaly/014.JPG,1,0.2723912298679352,0.5813518170426065
TRI_L,65,cashew/Data/Images/Anomaly/015.JPG,1,0.25467419624328613,0.5783333333333333
TRI_L,66,cashew/Data/Images/Anomaly/016.JPG,1,0.2603193521499634,0.7995642701525054
TRI_L,67,cashew/Data/Images/Anomaly/017.JPG,1,0.330377459526062,0.42444444444444446
TRI_L,68,cashew/Data/Images/Anomaly/018.JPG,1,0.2499121129512787,0.6035534859876965
TRI_L,69,cashew/Data/Images/Anomaly/019.JPG,1,0.280800998210907,0.7723985890652557
TRI_L,70,cashew/Data/Images/Anomaly/020.JPG,1,0.31616437435150146,0.8833333333333333
TRI_L,71,cashew/Data/Images/Anomaly/021.JPG,1,0.1814873218536377,0.270407490464481
TRI_L,72,cashew/Data/Images/Anomaly/022.JPG,1,0.2542158365249634,0.4975868884819249
TRI_L,73,cashew/Data/Images/Anomaly/023.JPG,1,0.26076436042785645,0.225552482302936
TRI_L,74,cashew/Data/Images/Anomaly/024.JPG,1,0.20594534277915955,0.24146973830898316
TRI_L,75,cashew/Data/Images/Anomaly/025.JPG,1,0.38687244057655334,0.7916666666666666
TRI_L,76,cashew/Data/Images/Anomaly/026.JPG,1,0.3659682273864746,1.0
TRI_L,77,cashew/Data/Images/Anomaly/027.JPG,1,0.4128003418445587,0.6833333333333333
TRI_L,78,cashew/Data/Images/Anomaly/028.JPG,1,0.37565532326698303,0.6428571428571428
TRI_L,79,cashew/Data/Images/Anomaly/029.JPG,1,0.4126458466053009,1.0
TRI_L,80,cashew/Data/Images/Anomaly/030.JPG,1,0.3944284915924072,0.8166666666666667
TRI_L,81,cashew/Data/Images/Anomaly/031.JPG,1,0.4207945764064789,1.0
TRI_L,82,cashew/Data/Images/Anomaly/032.JPG,1,0.33103322982788086,0.8160511126855017
TRI_L,83,cashew/Data/Images/Anomaly/033.JPG,1,0.3210846185684204,0.839106124054973
TRI_L,84,cashew/Data/Images/Anomaly/034.JPG,1,0.37264153361320496,0.9488037954484076
TRI_L,85,cashew/Data/Images/Anomaly/035.JPG,1,0.3895244896411896,0.9386044186176014
TRI_L,86,cashew/Data/Images/Anomaly/036.JPG,1,0.3393764793872833,0.9375808054920025
TRI_L,87,cashew/Data/Images/Anomaly/037.JPG,1,0.3798411786556244,0.7310045711015756
TRI_L,88,cashew/Data/Images/Anomaly/038.JPG,1,0.3853123188018799,0.8333333333333333
TRI_L,89,cashew/Data/Images/Anomaly/039.JPG,1,0.3984290361404419,0.7333333333333334
TRI_L,90,cashew/Data/Images/Anomaly/040.JPG,1,0.3767930567264557,0.8055555555555556
TRI_L,91,cashew/Data/Images/Anomaly/041.JPG,1,0.38656049966812134,0.8628077227701288
TRI_L,92,cashew/Data/Images/Anomaly/042.JPG,1,0.3583742082118988,0.5527777777777778
TRI_L,93,cashew/Data/Images/Anomaly/043.JPG,1,0.3119986355304718,0.3333333333333333
TRI_L,94,cashew/Data/Images/Anomaly/044.JPG,1,0.23160985112190247,0.6388888888888888
TRI_L,95,cashew/Data/Images/Anomaly/045.JPG,1,0.20862025022506714,0.6333333333333333
TRI_L,96,cashew/Data/Images/Anomaly/046.JPG,1,0.2478688806295395,0.7032135076252723
TRI_L,97,cashew/Data/Images/Anomaly/047.JPG,1,0.2405177801847458,1.0
TRI_L,98,cashew/Data/Images/Anomaly/048.JPG,1,0.2095251977443695,0.26198121531036567
TRI_L,99,cashew/Data/Images/Anomaly/049.JPG,1,0.2527482211589813,0.55
TRI_L,100,cashew/Data/Images/Anomaly/050.JPG,1,0.28758078813552856,1.0
TRI_L,101,cashew/Data/Images/Anomaly/051.JPG,1,0.15362799167633057,0.41111111111111115
TRI_L,102,cashew/Data/Images/Anomaly/052.JPG,1,0.1900811791419983,0.9166666666666666
TRI_L,103,cashew/Data/Images/Anomaly/053.JPG,1,0.18359491229057312,0.05555555555555555
TRI_L,104,cashew/Data/Images/Anomaly/054.JPG,1,0.18735148012638092,0.5833333333333333
TRI_L,105,cashew/Data/Images/Anomaly/055.JPG,1,0.16096046566963196,
TRI_L,106,cashew/Data/Images/Anomaly/056.JPG,1,0.169641375541687,0.5423611111111111
TRI_L,107,cashew/Data/Images/Anomaly/057.JPG,1,0.20250144600868225,0.03333333333333333
TRI_L,108,cashew/Data/Images/Anomaly/058.JPG,1,0.23711998760700226,0.0034890365180050447
TRI_L,109,cashew/Data/Images/Anomaly/059.JPG,1,0.22590360045433044,0.75
TRI_L,110,cashew/Data/Images/Anomaly/060.JPG,1,0.2708309292793274,0.7017195767195766
TRI_L,111,cashew/Data/Images/Anomaly/061.JPG,1,0.16152997314929962,
TRI_L,112,cashew/Data/Images/Anomaly/062.JPG,1,0.22113201022148132,0.045454545454545456
TRI_L,113,cashew/Data/Images/Anomaly/063.JPG,1,0.13548357784748077,0.3333333333333333
TRI_L,114,cashew/Data/Images/Anomaly/064.JPG,1,0.22741147875785828,0.011111111111111112
TRI_L,115,cashew/Data/Images/Anomaly/065.JPG,1,0.26383858919143677,
TRI_L,116,cashew/Data/Images/Anomaly/066.JPG,1,0.20046669244766235,
TRI_L,117,cashew/Data/Images/Anomaly/067.JPG,1,0.13740584254264832,
TRI_L,118,cashew/Data/Images/Anomaly/068.JPG,1,0.20172233879566193,0.07142857142857142
TRI_L,119,cashew/Data/Images/Anomaly/069.JPG,1,0.1526619791984558,
TRI_L,120,cashew/Data/Images/Anomaly/070.JPG,1,0.1734999567270279,0.14285714285714285
TRI_L,121,cashew/Data/Images/Anomaly/071.JPG,1,0.16390058398246765,0.5909090909090909
TRI_L,122,cashew/Data/Images/Anomaly/072.JPG,1,0.23191171884536743,0.03125
TRI_L,123,cashew/Data/Images/Anomaly/073.JPG,1,0.1518040895462036,
TRI_L,124,cashew/Data/Images/Anomaly/074.JPG,1,0.19694079458713531,0.1534090909090909
TRI_L,125,cashew/Data/Images/Anomaly/075.JPG,1,0.12774048745632172,
TRI_L,126,cashew/Data/Images/Anomaly/076.JPG,1,0.281582236289978,1.0
TRI_L,127,cashew/Data/Images/Anomaly/077.JPG,1,0.18952645361423492,
TRI_L,128,cashew/Data/Images/Anomaly/078.JPG,1,0.27564701437950134,1.0
TRI_L,129,cashew/Data/Images/Anomaly/079.JPG,1,0.3278352618217468,0.5208931419457735
TRI_L,130,cashew/Data/Images/Anomaly/080.JPG,1,0.21403062343597412,0.581845238095238
TRI_L,131,cashew/Data/Images/Anomaly/081.JPG,1,0.2624228894710541,0.35158730158730156
TRI_L,132,cashew/Data/Images/Anomaly/082.JPG,1,0.24010825157165527,0.5580913216350369
TRI_L,133,cashew/Data/Images/Anomaly/083.JPG,1,0.2757549285888672,0.4477389451298073
TRI_L,134,cashew/Data/Images/Anomaly/084.JPG,1,0.2529323697090149,0.3280219048570192
TRI_L,135,cashew/Data/Images/Anomaly/085.JPG,1,0.2540763318538666,0.512987012987013
TRI_L,136,cashew/Data/Images/Anomaly/086.JPG,1,0.2452324777841568,0.6200184409888357
TRI_L,137,cashew/Data/Images/Anomaly/087.JPG,1,0.22494956851005554,0.44921416842599105
TRI_L,138,cashew/Data/Images/Anomaly/088.JPG,1,0.2030612677335739,0.6248538011695907
TRI_L,139,cashew/Data/Images/Anomaly/089.JPG,1,0.243245467543602,0.12268177000564413
TRI_L,140,cashew/Data/Images/Anomaly/090.JPG,1,0.2231973558664322,0.6664742867867868
TRI_L,141,cashew/Data/Images/Anomaly/091.JPG,1,0.24964959919452667,0.5833333333333333
TRI_L,142,cashew/Data/Images/Anomaly/092.JPG,1,0.24889014661312103,0.5210183912185269
TRI_L,143,cashew/Data/Images/Anomaly/093.JPG,1,0.20167258381843567,0.4854645354645354
TRI_L,144,cashew/Data/Images/Anomaly/094.JPG,1,0.3750476539134979,0.9317905029874122
TRI_L,145,cashew/Data/Images/Anomaly/095.JPG,1,0.38241416215896606,0.8915439730305201
TRI_L,146,cashew/Data/Images/Anomaly/096.JPG,1,0.2774325907230377,0.9311298368010554
TRI_L,147,cashew/Data/Images/Anomaly/097.JPG,1,0.3608202636241913,0.8503503413247461
TRI_L,148,cashew/Data/Images/Anomaly/098.JPG,1,0.33882957696914673,0.8559952093467382
TRI_L,149,cashew/Data/Images/Anomaly/099.JPG,1,0.35103172063827515,0.8764505494570951
BAL_L,0,cashew/Data/Images/Normal/023.JPG,0,0.1200394555926323,
BAL_L,1,cashew/Data/Images/Normal/352.JPG,0,0.09623199701309204,
BAL_L,2,cashew/Data/Images/Normal/104.JPG,0,0.10991000384092331,
BAL_L,3,cashew/Data/Images/Normal/337.JPG,0,0.08877160400152206,
BAL_L,4,cashew/Data/Images/Normal/213.JPG,0,0.14723539352416992,
BAL_L,5,cashew/Data/Images/Normal/276.JPG,0,0.12649032473564148,
BAL_L,6,cashew/Data/Images/Normal/402.JPG,0,0.10291522741317749,
BAL_L,7,cashew/Data/Images/Normal/166.JPG,0,0.09963308274745941,
BAL_L,8,cashew/Data/Images/Normal/013.JPG,0,0.08752968907356262,
BAL_L,9,cashew/Data/Images/Normal/050.JPG,0,0.17799298465251923,
BAL_L,10,cashew/Data/Images/Normal/400.JPG,0,0.10348045080900192,
BAL_L,11,cashew/Data/Images/Normal/461.JPG,0,0.08900292217731476,
BAL_L,12,cashew/Data/Images/Normal/377.JPG,0,0.0885397419333458,
BAL_L,13,cashew/Data/Images/Normal/006.JPG,0,0.09957189857959747,
BAL_L,14,cashew/Data/Images/Normal/148.JPG,0,0.125229611992836,
BAL_L,15,cashew/Data/Images/Normal/384.JPG,0,0.12467208504676819,
BAL_L,16,cashew/Data/Images/Normal/228.JPG,0,0.09409931302070618,
BAL_L,17,cashew/Data/Images/Normal/260.JPG,0,0.08157089352607727,
BAL_L,18,cashew/Data/Images/Normal/435.JPG,0,0.09192253649234772,
BAL_L,19,cashew/Data/Images/Normal/405.JPG,0,0.14691248536109924,
BAL_L,20,cashew/Data/Images/Normal/087.JPG,0,0.0911826342344284,
BAL_L,21,cashew/Data/Images/Normal/324.JPG,0,0.0866408720612526,
BAL_L,22,cashew/Data/Images/Normal/130.JPG,0,0.11036944389343262,
BAL_L,23,cashew/Data/Images/Normal/392.JPG,0,0.09182635694742203,
BAL_L,24,cashew/Data/Images/Normal/467.JPG,0,0.09812705963850021,
BAL_L,25,cashew/Data/Images/Normal/143.JPG,0,0.11430004984140396,
BAL_L,26,cashew/Data/Images/Normal/389.JPG,0,0.12354686111211777,
BAL_L,27,cashew/Data/Images/Normal/181.JPG,0,0.10902218520641327,
BAL_L,28,cashew/Data/Images/Normal/309.JPG,0,0.0898890569806099,
BAL_L,29,cashew/Data/Images/Normal/012.JPG,0,0.09552213549613953,
BAL_L,30,cashew/Data/Images/Normal/367.JPG,0,0.15133485198020935,
BAL_L,31,cashew/Data/Images/Normal/344.JPG,0,0.13514886796474457,
BAL_L,32,cashew/Data/Images/Normal/484.JPG,0,0.10468396544456482,
BAL_L,33,cashew/Data/Images/Normal/089.JPG,0,0.09599661827087402,
BAL_L,34,cashew/Data/Images/Normal/398.JPG,0,0.09394656121730804,
BAL_L,35,cashew/Data/Images/Normal/460.JPG,0,0.09886901825666428,
BAL_L,36,cashew/Data/Images/Normal/239.JPG,0,0.0913872942328453,
BAL_L,37,cashew/Data/Images/Normal/342.JPG,0,0.09141193330287933,
BAL_L,38,cashew/Data/Images/Normal/369.JPG,0,0.10372690856456757,
BAL_L,39,cashew/Data/Images/Normal/284.JPG,0,0.11789125949144363,
BAL_L,40,cashew/Data/Images/Normal/098.JPG,0,0.11833683401346207,
BAL_L,41,cashew/Data/Images/Normal/446.JPG,0,0.09827291965484619,
BAL_L,42,cashew/Data/Images/Normal/482.JPG,0,0.10836077481508255,
BAL_L,43,cashew/Data/Images/Normal/093.JPG,0,0.12101654708385468,
BAL_L,44,cashew/Data/Images/Normal/244.JPG,0,0.13497622311115265,
BAL_L,45,cashew/Data/Images/Normal/272.JPG,0,0.14331673085689545,
BAL_L,46,cashew/Data/Images/Normal/307.JPG,0,0.09409806877374649,
BAL_L,47,cashew/Data/Images/Normal/487.JPG,0,0.14803029596805573,
BAL_L,48,cashew/Data/Images/Normal/245.JPG,0,0.08484309166669846,
BAL_L,49,cashew/Data/Images/Normal/084.JPG,0,0.12345587462186813,
BAL_L,50,cashew/Data/Images/Anomaly/000.JPG,1,0.20915056765079498,0.2879407669723988
BAL_L,51,cashew/Data/Images/Anomaly/001.JPG,1,0.18096265196800232,0.2970836181362497
BAL_L,52,cashew/Data/Images/Anomaly/002.JPG,1,0.17690904438495636,0.25250038803393576
BAL_L,53,cashew/Data/Images/Anomaly/003.JPG,1,0.16107189655303955,0.8392857142857143
BAL_L,54,cashew/Data/Images/Anomaly/004.JPG,1,0.2038038820028305,0.6533333333333333
BAL_L,55,cashew/Data/Images/Anomaly/005.JPG,1,0.23863807320594788,0.4435045948203843
BAL_L,56,cashew/Data/Images/Anomaly/006.JPG,1,0.21207085251808167,0.3583384208384209
BAL_L,57,cashew/Data/Images/Anomaly/007.JPG,1,0.20034947991371155,1.0
BAL_L,58,cashew/Data/Images/Anomaly/008.JPG,1,0.17303353548049927,0.2
BAL_L,59,cashew/Data/Images/Anomaly/009.JPG,1,0.19540463387966156,0.6309523809523809
BAL_L,60,cashew/Data/Images/Anomaly/010.JPG,1,0.17031830549240112,0.6755913978494624
BAL_L,61,cashew/Data/Images/Anomaly/011.JPG,1,0.25678694248199463,0.6207528033005919
BAL_L,62,cashew/Data/Images/Anomaly/012.JPG,1,0.251712441444397,0.8648351648351649
BAL_L,63,cashew/Data/Images/Anomaly/013.JPG,1,0.2095474749803543,0.914423076923077
BAL_L,64,cashew/Data/Images/Anomaly/014.JPG,1,0.22732871770858765,0.5504225553857907
BAL_L,65,cashew/Data/Images/Anomaly/015.JPG,1,0.20489704608917236,0.6295238095238094
BAL_L,66,cashew/Data/Images/Anomaly/016.JPG,1,0.21781109273433685,0.8135327635327635
BAL_L,67,cashew/Data/Images/Anomaly/017.JPG,1,0.288560152053833,0.4254901960784314
BAL_L,68,cashew/Data/Images/Anomaly/018.JPG,1,0.2094285935163498,0.6266137590479696
BAL_L,69,cashew/Data/Images/Anomaly/019.JPG,1,0.24458111822605133,0.8206669873336541
BAL_L,70,cashew/Data/Images/Anomaly/020.JPG,1,0.26193633675575256,0.8999999999999999
BAL_L,71,cashew/Data/Images/Anomaly/021.JPG,1,0.1462443321943283,0.402576645648285
BAL_L,72,cashew/Data/Images/Anomaly/022.JPG,1,0.21811014413833618,0.7033674516401974
BAL_L,73,cashew/Data/Images/Anomaly/023.JPG,1,0.21431873738765717,0.2582200456789149
BAL_L,74,cashew/Data/Images/Anomaly/024.JPG,1,0.1714361608028412,0.34082633053221284
BAL_L,75,cashew/Data/Images/Anomaly/025.JPG,1,0.33230769634246826,0.8333333333333333
BAL_L,76,cashew/Data/Images/Anomaly/026.JPG,1,0.3231242299079895,1.0
BAL_L,77,cashew/Data/Images/Anomaly/027.JPG,1,0.35886284708976746,0.6976190476190476
BAL_L,78,cashew/Data/Images/Anomaly/028.JPG,1,0.31563499569892883,0.6428571428571428
BAL_L,79,cashew/Data/Images/Anomaly/029.JPG,1,0.3720310926437378,1.0
BAL_L,80,cashew/Data/Images/Anomaly/030.JPG,1,0.3453935980796814,0.8166666666666667
BAL_L,81,cashew/Data/Images/Anomaly/031.JPG,1,0.36747127771377563,1.0
BAL_L,82,cashew/Data/Images/Anomaly/032.JPG,1,0.29282304644584656,0.7966010613150076
BAL_L,83,cashew/Data/Images/Anomaly/033.JPG,1,0.2901780903339386,0.8520872845401005
BAL_L,84,cashew/Data/Images/Anomaly/034.JPG,1,0.33315032720565796,0.9494140166535947
BAL_L,85,cashew/Data/Images/Anomaly/035.JPG,1,0.34696701169013977,0.9369586834680299
BAL_L,86,cashew/Data/Images/Anomaly/036.JPG,1,0.303573340177536,0.9486154020978195
BAL_L,87,cashew/Data/Images/Anomaly/037.JPG,1,0.34108781814575195,0.7699566351465704
BAL_L,88,cashew/Data/Images/Anomaly/038.JPG,1,0.33382153511047363,1.0
BAL_L,89,cashew/Data/Images/Anomaly/039.JPG,1,0.3486289381980896,0.7797979797979797
BAL_L,90,cashew/Data/Images/Anomaly/040.JPG,1,0.3230673372745514,0.9166666666666665
BAL_L,91,cashew/Data/Images/Anomaly/041.JPG,1,0.347185879945755,0.8878153175145655
BAL_L,92,cashew/Data/Images/Anomaly/042.JPG,1,0.32065802812576294,0.5833333333333334
BAL_L,93,cashew/Data/Images/Anomaly/043.JPG,1,0.2542931139469147,0.3333333333333333
BAL_L,94,cashew/Data/Images/Anomaly/044.JPG,1,0.18901094794273376,0.6388888888888888
BAL_L,95,cashew/Data/Images/Anomaly/045.JPG,1,0.17261704802513123,0.6333333333333333
BAL_L,96,cashew/Data/Images/Anomaly/046.JPG,1,0.20382428169250488,0.726936026936027
BAL_L,97,cashew/Data/Images/Anomaly/047.JPG,1,0.19767600297927856,1.0
BAL_L,98,cashew/Data/Images/Anomaly/048.JPG,1,0.1746634691953659,0.28302380240633807
BAL_L,99,cashew/Data/Images/Anomaly/049.JPG,1,0.20905432105064392,0.5625
BAL_L,100,cashew/Data/Images/Anomaly/050.JPG,1,0.23839499056339264,0.5
BAL_L,101,cashew/Data/Images/Anomaly/051.JPG,1,0.12117069959640503,0.7
BAL_L,102,cashew/Data/Images/Anomaly/052.JPG,1,0.1603836864233017,0.8055555555555556
BAL_L,103,cashew/Data/Images/Anomaly/053.JPG,1,0.14122749865055084,0.0625
BAL_L,104,cashew/Data/Images/Anomaly/054.JPG,1,0.15509003400802612,0.5833333333333333
BAL_L,105,cashew/Data/Images/Anomaly/055.JPG,1,0.12885038554668427,
BAL_L,106,cashew/Data/Images/Anomaly/056.JPG,1,0.14301210641860962,0.6129227053140096
BAL_L,107,cashew/Data/Images/Anomaly/057.JPG,1,0.1774081438779831,0.0625
BAL_L,108,cashew/Data/Images/Anomaly/058.JPG,1,0.20855973660945892,0.00789171757263791
BAL_L,109,cashew/Data/Images/Anomaly/059.JPG,1,0.1889221966266632,0.8333333333333333
BAL_L,110,cashew/Data/Images/Anomaly/060.JPG,1,0.22714275121688843,0.7592592592592592
BAL_L,111,cashew/Data/Images/Anomaly/061.JPG,1,0.140234112739563,
BAL_L,112,cashew/Data/Images/Anomaly/062.JPG,1,0.18830984830856323,0.058823529411764705
BAL_L,113,cashew/Data/Images/Anomaly/063.JPG,1,0.11013644933700562,0.5
BAL_L,114,cashew/Data/Images/Anomaly/064.JPG,1,0.18681392073631287,0.01639344262295082
BAL_L,115,cashew/Data/Images/Anomaly/065.JPG,1,0.21767553687095642,
BAL_L,116,cashew/Data/Images/Anomaly/066.JPG,1,0.16503581404685974,
BAL_L,117,cashew/Data/Images/Anomaly/067.JPG,1,0.10666728019714355,
BAL_L,118,cashew/Data/Images/Anomaly/068.JPG,1,0.17531269788742065,0.08333333333333333
BAL_L,119,cashew/Data/Images/Anomaly/069.JPG,1,0.12465406209230423,
BAL_L,120,cashew/Data/Images/Anomaly/070.JPG,1,0.13609305024147034,0.25
BAL_L,121,cashew/Data/Images/Anomaly/071.JPG,1,0.14180076122283936,0.5833333333333334
BAL_L,122,cashew/Data/Images/Anomaly/072.JPG,1,0.20216235518455505,0.02631578947368421
BAL_L,123,cashew/Data/Images/Anomaly/073.JPG,1,0.12554477155208588,
BAL_L,124,cashew/Data/Images/Anomaly/074.JPG,1,0.17606636881828308,0.20833333333333331
BAL_L,125,cashew/Data/Images/Anomaly/075.JPG,1,0.10916776210069656,
BAL_L,126,cashew/Data/Images/Anomaly/076.JPG,1,0.2404087483882904,1.0
BAL_L,127,cashew/Data/Images/Anomaly/077.JPG,1,0.16982850432395935,
BAL_L,128,cashew/Data/Images/Anomaly/078.JPG,1,0.21809060871601105,1.0
BAL_L,129,cashew/Data/Images/Anomaly/079.JPG,1,0.2634042501449585,0.3742264752791068
BAL_L,130,cashew/Data/Images/Anomaly/080.JPG,1,0.17355561256408691,0.5818452380952381
BAL_L,131,cashew/Data/Images/Anomaly/081.JPG,1,0.20554119348526,0.32936507936507936
BAL_L,132,cashew/Data/Images/Anomaly/082.JPG,1,0.1919955313205719,0.5787545787545787
BAL_L,133,cashew/Data/Images/Anomaly/083.JPG,1,0.22124098241329193,0.43950655825655827
BAL_L,134,cashew/Data/Images/Anomaly/084.JPG,1,0.2029706835746765,0.32695099818511797
BAL_L,135,cashew/Data/Images/Anomaly/085.JPG,1,0.20498347282409668,0.6836158192090396
BAL_L,136,cashew/Data/Images/Anomaly/086.JPG,1,0.19401128590106964,0.5697691197691197
BAL_L,137,cashew/Data/Images/Anomaly/087.JPG,1,0.1764894276857376,0.4439484126984127
BAL_L,138,cashew/Data/Images/Anomaly/088.JPG,1,0.1626843810081482,0.5658260233918129
BAL_L,139,cashew/Data/Images/Anomaly/089.JPG,1,0.18891319632530212,0.14067431536471786
BAL_L,140,cashew/Data/Images/Anomaly/090.JPG,1,0.17813946306705475,0.7091319444444444
BAL_L,141,cashew/Data/Images/Anomaly/091.JPG,1,0.20266234874725342,0.8333333333333333
BAL_L,142,cashew/Data/Images/Anomaly/092.JPG,1,0.19116629660129547,0.5240770329676084
BAL_L,143,cashew/Data/Images/Anomaly/093.JPG,1,0.15675267577171326,0.4906593406593407
BAL_L,144,cashew/Data/Images/Anomaly/094.JPG,1,0.3253653943538666,0.9331606903766951
BAL_L,145,cashew/Data/Images/Anomaly/095.JPG,1,0.32501569390296936,0.9054124031240856
BAL_L,146,cashew/Data/Images/Anomaly/096.JPG,1,0.23526310920715332,0.9318269033877302
BAL_L,147,cashew/Data/Images/Anomaly/097.JPG,1,0.30540335178375244,0.8632758692121745
BAL_L,148,cashew/Data/Images/Anomaly/098.JPG,1,0.27490293979644775,0.8726593688016888
BAL_L,149,cashew/Data/Images/Anomaly/099.JPG,1,0.30735254287719727,0.8841111720485268
